[16:57:53 INF] Executed DbCommand (24ms) [Parameters=[], CommandType='Text', CommandTimeout='30']
SELECT COUNT(*) FROM "sqlite_master" WHERE "name" = '__EFMigrationsHistory' AND "type" = 'table';
[16:57:53 INF] Executed DbCommand (0ms) [Parameters=[], CommandType='Text', CommandTimeout='30']
SELECT COUNT(*) FROM "sqlite_master" WHERE "name" = '__EFMigrationsHistory' AND "type" = 'table';
[16:57:53 INF] Executed DbCommand (2ms) [Parameters=[], CommandType='Text', CommandTimeout='30']
SELECT "MigrationId", "ProductVersion"
FROM "__EFMigrationsHistory"
ORDER BY "MigrationId";
[16:57:53 INF] No migrations were applied. The database is already up to date.
[16:57:53 INF] Executed DbCommand (0ms) [Parameters=[], CommandType='Text', CommandTimeout='30']
SELECT "a"."AuditRecordId", "a"."Action", "a"."ActorAttribution", "a"."ActorIdentity", "a"."ClaimedAdministratorRole", "a"."DetailJson", "a"."ObjectId", "a"."ObjectKind", "a"."Outcome", "a"."RecordedAt", "a"."RecordedAtUtcTicks", "a"."SnapshotId", "a"."Version"
FROM "AdministratorAuditRecords" AS "a"
WHERE "a"."Action" = 'AUDIT_RETENTION_POLICY_CONFIGURED'
ORDER BY "a"."RecordedAtUtcTicks" DESC, "a"."AuditRecordId" DESC
LIMIT 1
[16:57:53 INF] Executed DbCommand (1ms) [Parameters=[], CommandType='Text', CommandTimeout='30']
SELECT MAX("d"."Version")
FROM "DispatchZoneAreaAssignmentVersions" AS "d"
[16:57:53 WRN] JourneyRuntime:gateStationId (¹Ø¿¨) / gateStationRiotId (210) are still configured but are ignored since control-server#160: the WIRE_TO_GATE end station is the Map's binding in the task type station preset. Remove the two keys, and check that binding if the gate here is not the preset's.
[16:57:54 INF] Executed DbCommand (0ms) [Parameters=[], CommandType='Text', CommandTimeout='30']
SELECT "t"."Version", "t"."ContentSha256", "t"."LoadedAt", "t"."SnapshotId", "t"."Source"
FROM "TaskTypeStationRuleVersions" AS "t"
ORDER BY "t"."Version" DESC
LIMIT 1
[16:57:54 INF] Executed DbCommand (6ms) [Parameters=[@__objectKind_0='?' (Size = 19), @__objectId_1='?' (Size = 23), @__version_2='?' (DbType = Int64)], CommandType='Text', CommandTimeout='30']
SELECT "g"."SnapshotId", "g"."ContentJson", "g"."ContentSha256", "g"."FrozenAt", "g"."ObjectId", "g"."ObjectKind", "g"."Version"
FROM "GovernedConfigurationSnapshots" AS "g"
WHERE "g"."ObjectKind" = @__objectKind_0 AND "g"."ObjectId" = @__objectId_1 AND "g"."Version" = @__version_2
LIMIT 2
[16:57:54 INF] Executed DbCommand (5ms) [Parameters=[@p0='?' (Size = 32), @p1='?' (Size = 340), @p2='?' (Size = 64), @p3='?' (DbType = DateTimeOffset), @p4='?' (Size = 23), @p5='?' (Size = 19), @p6='?' (DbType = Int64)], CommandType='Text', CommandTimeout='30']
INSERT INTO "GovernedConfigurationSnapshots" ("SnapshotId", "ContentJson", "ContentSha256", "FrozenAt", "ObjectId", "ObjectKind", "Version")
VALUES (@p0, @p1, @p2, @p3, @p4, @p5, @p6);
[16:57:54 INF] Executed DbCommand (1ms) [Parameters=[@p0='?' (Size = 32), @p1='?' (Size = 37), @p2='?' (Size = 34), @p3='?' (Size = 40), @p4='?' (Size = 131), @p5='?' (Size = 23), @p6='?' (Size = 19), @p7='?' (Size = 9), @p8='?' (DbType = DateTimeOffset), @p9='?' (DbType = Int64), @p10='?' (Size = 32), @p11='?' (DbType = Int64)], CommandType='Text', CommandTimeout='30']
INSERT INTO "BusinessAuditRecords" ("AuditRecordId", "Action", "ActorAttribution", "ActorIdentity", "DetailJson", "ObjectId", "ObjectKind", "Outcome", "RecordedAt", "RecordedAtUtcTicks", "SnapshotId", "Version")
VALUES (@p0, @p1, @p2, @p3, @p4, @p5, @p6, @p7, @p8, @p9, @p10, @p11);
[16:57:54 INF] Executed DbCommand (0ms) [Parameters=[@p0='?' (DbType = Int64), @p1='?' (Size = 64), @p2='?' (DbType = DateTimeOffset), @p3='?' (Size = 32), @p4='?' (Size = 94)], CommandType='Text', CommandTimeout='30']
INSERT INTO "TaskTypeStationRuleVersions" ("Version", "ContentSha256", "LoadedAt", "SnapshotId", "Source")
VALUES (@p0, @p1, @p2, @p3, @p4);
[16:57:54 INF] Executed DbCommand (0ms) [Parameters=[@p0='?' (Size = 11), @p1='?' (DbType = Int64), @p2='?' (Size = 11)], CommandType='Text', CommandTimeout='30']
INSERT INTO "TaskTypeStationRules" ("TaskType", "Version", "FixedEnd")
VALUES (@p0, @p1, @p2);
[16:57:54 INF] Executed DbCommand (0ms) [Parameters=[@p0='?' (Size = 19), @p1='?' (DbType = Int64), @p2='?' (Size = 11)], CommandType='Text', CommandTimeout='30']
INSERT INTO "TaskTypeStationRules" ("TaskType", "Version", "FixedEnd")
VALUES (@p0, @p1, @p2);
[16:57:54 INF] Executed DbCommand (0ms) [Parameters=[@p0='?' (Size = 15), @p1='?' (DbType = Int64), @p2='?' (Size = 6)], CommandType='Text', CommandTimeout='30']
INSERT INTO "TaskTypeStationRules" ("TaskType", "Version", "FixedEnd")
VALUES (@p0, @p1, @p2);
[16:57:54 INF] Executed DbCommand (0ms) [Parameters=[@p0='?' (Size = 12), @p1='?' (DbType = Int64), @p2='?' (Size = 11)], CommandType='Text', CommandTimeout='30']
INSERT INTO "TaskTypeStationRules" ("TaskType", "Version", "FixedEnd")
VALUES (@p0, @p1, @p2);
[16:57:54 INF] Executed DbCommand (0ms) [Parameters=[@p0='?' (Size = 16), @p1='?' (DbType = Int64), @p2='?' (Size = 11)], CommandType='Text', CommandTimeout='30']
INSERT INTO "TaskTypeStationRules" ("TaskType", "Version", "FixedEnd")
VALUES (@p0, @p1, @p2);
[16:57:54 INF] Executed DbCommand (0ms) [Parameters=[@p0='?' (Size = 15), @p1='?' (DbType = Int64), @p2='?' (Size = 11)], CommandType='Text', CommandTimeout='30']
INSERT INTO "TaskTypeStationRules" ("TaskType", "Version", "FixedEnd")
VALUES (@p0, @p1, @p2);
[16:57:54 INF] Executed DbCommand (1ms) [Parameters=[@__mapId_0='?' (DbType = Int32)], CommandType='Text', CommandTimeout='30']
SELECT "t"."MapId", "t"."ActiveVersion", "t"."PendingVersion", "t"."State", "t"."UpdatedAt"
FROM "TaskTypeStationActiveBindingSets" AS "t"
WHERE "t"."MapId" = @__mapId_0
LIMIT 2
[16:57:54 INF] Executed DbCommand (0ms) [Parameters=[@__ruleVersion_0='?' (DbType = Int64)], CommandType='Text', CommandTimeout='30']
SELECT EXISTS (
    SELECT 1
    FROM "TaskTypeStationRuleVersions" AS "t"
    WHERE "t"."Version" = @__ruleVersion_0)
[16:57:54 INF] Executed DbCommand (0ms) [Parameters=[@__ruleVersion_0='?' (DbType = Int64)], CommandType='Text', CommandTimeout='30']
SELECT "t"."TaskType", "t"."FixedEnd"
FROM "TaskTypeStationRules" AS "t"
WHERE "t"."Version" = @__ruleVersion_0
[16:57:54 INF] Executed DbCommand (0ms) [Parameters=[@__mapId_0='?' (DbType = Int32)], CommandType='Text', CommandTimeout='30']
SELECT "t"."MapId", "t"."Version", "t"."CatalogRevision", "t"."ContentSha256", "t"."LoadedAt", "t"."RuleVersion", "t"."SnapshotId", "t"."Source"
FROM "TaskTypeStationBindingSetVersions" AS "t"
WHERE "t"."MapId" = @__mapId_0
ORDER BY "t"."Version" DESC
LIMIT 1
[16:57:54 INF] Executed DbCommand (0ms) [Parameters=[@__objectKind_0='?' (Size = 20), @__objectId_1='?' (Size = 6), @__version_2='?' (DbType = Int64)], CommandType='Text', CommandTimeout='30']
SELECT "g"."SnapshotId", "g"."ContentJson", "g"."ContentSha256", "g"."FrozenAt", "g"."ObjectId", "g"."ObjectKind", "g"."Version"
FROM "GovernedConfigurationSnapshots" AS "g"
WHERE "g"."ObjectKind" = @__objectKind_0 AND "g"."ObjectId" = @__objectId_1 AND "g"."Version" = @__version_2
LIMIT 2
[16:57:54 INF] Executed DbCommand (0ms) [Parameters=[@p0='?' (Size = 32), @p1='?' (Size = 193), @p2='?' (Size = 64), @p3='?' (DbType = DateTimeOffset), @p4='?' (Size = 6), @p5='?' (Size = 20), @p6='?' (DbType = Int64)], CommandType='Text', CommandTimeout='30']
INSERT INTO "GovernedConfigurationSnapshots" ("SnapshotId", "ContentJson", "ContentSha256", "FrozenAt", "ObjectId", "ObjectKind", "Version")
VALUES (@p0, @p1, @p2, @p3, @p4, @p5, @p6);
[16:57:54 INF] Executed DbCommand (0ms) [Parameters=[@p0='?' (Size = 32), @p1='?' (Size = 44), @p2='?' (Size = 34), @p3='?' (Size = 40), @p4='?' (Size = 131), @p5='?' (Size = 6), @p6='?' (Size = 20), @p7='?' (Size = 9), @p8='?' (DbType = DateTimeOffset), @p9='?' (DbType = Int64), @p10='?' (Size = 32), @p11='?' (DbType = Int64)], CommandType='Text', CommandTimeout='30']
INSERT INTO "BusinessAuditRecords" ("AuditRecordId", "Action", "ActorAttribution", "ActorIdentity", "DetailJson", "ObjectId", "ObjectKind", "Outcome", "RecordedAt", "RecordedAtUtcTicks", "SnapshotId", "Version")
VALUES (@p0, @p1, @p2, @p3, @p4, @p5, @p6, @p7, @p8, @p9, @p10, @p11);
[16:57:54 INF] Executed DbCommand (1ms) [Parameters=[@p0='?' (DbType = Int32), @p1='?' (DbType = Int64), @p2='?' (DbType = Int64), @p3='?' (Size = 64), @p4='?' (DbType = DateTimeOffset), @p5='?' (DbType = Int64), @p6='?' (Size = 32), @p7='?' (Size = 94)], CommandType='Text', CommandTimeout='30']
INSERT INTO "TaskTypeStationBindingSetVersions" ("MapId", "Version", "CatalogRevision", "ContentSha256", "LoadedAt", "RuleVersion", "SnapshotId", "Source")
VALUES (@p0, @p1, @p2, @p3, @p4, @p5, @p6, @p7);
[16:57:54 INF] Executed DbCommand (0ms) [Parameters=[@p0='?' (DbType = Int32), @p1='?' (Size = 12), @p2='?' (DbType = Int64), @p3='?' (Size = 23), @p4='?' (Size = 2), @p5='?' (DbType = Int32)], CommandType='Text', CommandTimeout='30']
INSERT INTO "TaskTypeStationBindings" ("MapId", "TaskType", "Version", "SiteVerificationRef", "StationName", "StationRiotId")
VALUES (@p0, @p1, @p2, @p3, @p4, @p5);
[16:57:54 INF] Executed DbCommand (0ms) [Parameters=[@p0='?' (DbType = Int32), @p1='?' (Size = 12), @p2='?' (DbType = Int64)], CommandType='Text', CommandTimeout='30']
INSERT INTO "TaskTypeStationRequirements" ("MapId", "TaskType", "Version")
VALUES (@p0, @p1, @p2);
[16:57:54 INF] Executed DbCommand (0ms) [Parameters=[@__mapId_0='?' (DbType = Int32), @__version_1='?' (DbType = Int64)], CommandType='Text', CommandTimeout='30']
SELECT EXISTS (
    SELECT 1
    FROM "TaskTypeStationBindingSetVersions" AS "t"
    WHERE "t"."MapId" = @__mapId_0 AND "t"."Version" = @__version_1)
[16:57:54 INF] Executed DbCommand (0ms) [Parameters=[@__mapId_0='?' (DbType = Int32)], CommandType='Text', CommandTimeout='30']
SELECT "t"."MapId", "t"."ActiveVersion", "t"."PendingVersion", "t"."State", "t"."UpdatedAt"
FROM "TaskTypeStationActiveBindingSets" AS "t"
WHERE "t"."MapId" = @__mapId_0
LIMIT 2
[16:57:54 INF] Executed DbCommand (0ms) [Parameters=[@p0='?' (DbType = Int32), @p1='?' (DbType = Int64), @p2='?' (DbType = Int64), @p3='?' (Size = 6), @p4='?' (DbType = DateTimeOffset)], CommandType='Text', CommandTimeout='30']
INSERT INTO "TaskTypeStationActiveBindingSets" ("MapId", "ActiveVersion", "PendingVersion", "State", "UpdatedAt")
VALUES (@p0, @p1, @p2, @p3, @p4);
[16:57:54 INF] Task type station preset C:\Users\szy\AppData\Local\Temp\l2-20260919T085721618Z\task-type-stations.settings.json loaded: rule version 1 (new), Map 25 binding set version 1 (new) active.
[16:57:54 INF] Onboard NDJSON listener started on 127.0.0.1:48405; transport=plaintext
[16:57:55 INF] Start processing HTTP request GET http://127.0.0.1:48408/api/imap/v1/mapInfo/stations/25
[16:57:55 INF] Sending HTTP request GET http://127.0.0.1:48408/api/imap/v1/mapInfo/stations/25
[16:57:55 INF] Now listening on: http://127.0.0.1:48407
[16:57:55 INF] Application started. Press Ctrl+C to shut down.
[16:57:55 INF] Hosting environment: Production
[16:57:55 INF] Content root path: C:\Users\szy\Desktop\8005-workspace-v2\worktrees\rig-hmi119-8005-agv-control-server\src\ControlServer.Host\bin\Release\net8.0\win-x64
[16:57:55 INF] Received HTTP response headers after 97.7728ms - 200
[16:57:55 INF] End processing HTTP request after 112.4469ms - 200
[16:57:55 INF] Executed DbCommand (0ms) [Parameters=[@__mapId_0='?' (DbType = Int32)], CommandType='Text', CommandTimeout='30']
SELECT "t"."MapId", "t"."ActiveVersion", "t"."PendingVersion", "t"."State", "t"."UpdatedAt"
FROM "TaskTypeStationActiveBindingSets" AS "t"
WHERE "t"."MapId" = @__mapId_0
LIMIT 2
[16:57:55 INF] Executed DbCommand (0ms) [Parameters=[@__mapId_0='?' (DbType = Int32), @__version_1='?' (DbType = Int64)], CommandType='Text', CommandTimeout='30']
SELECT "t"."MapId", "t"."Version", "t"."CatalogRevision", "t"."ContentSha256", "t"."LoadedAt", "t"."RuleVersion", "t"."SnapshotId", "t"."Source"
FROM "TaskTypeStationBindingSetVersions" AS "t"
WHERE "t"."MapId" = @__mapId_0 AND "t"."Version" = @__version_1
LIMIT 2
[16:57:55 INF] Executed DbCommand (0ms) [Parameters=[@__mapId_0='?' (DbType = Int32), @__version_1='?' (DbType = Int64)], CommandType='Text', CommandTimeout='30']
SELECT "t"."TaskType"
FROM "TaskTypeStationRequirements" AS "t"
WHERE "t"."MapId" = @__mapId_0 AND "t"."Version" = @__version_1
[16:57:55 INF] Executed DbCommand (0ms) [Parameters=[@__mapId_0='?' (DbType = Int32), @__version_1='?' (DbType = Int64)], CommandType='Text', CommandTimeout='30']
SELECT "t"."MapId", "t"."Version", "t"."TaskType", "t"."SiteVerificationRef", "t"."StationName", "t"."StationRiotId"
FROM "TaskTypeStationBindings" AS "t"
WHERE "t"."MapId" = @__mapId_0 AND "t"."Version" = @__version_1
[16:57:55 INF] Executed DbCommand (0ms) [Parameters=[@__version_0='?' (DbType = Int64)], CommandType='Text', CommandTimeout='30']
SELECT "t"."Version", "t"."ContentSha256", "t"."LoadedAt", "t"."SnapshotId", "t"."Source"
FROM "TaskTypeStationRuleVersions" AS "t"
WHERE "t"."Version" = @__version_0
LIMIT 2
[16:57:55 INF] Executed DbCommand (0ms) [Parameters=[@__version_0='?' (DbType = Int64)], CommandType='Text', CommandTimeout='30']
SELECT "t"."Version", "t"."TaskType", "t"."FixedEnd"
FROM "TaskTypeStationRules" AS "t"
WHERE "t"."Version" = @__version_0
[16:57:55 INF] Executed DbCommand (0ms) [Parameters=[@__mapId_0='?' (DbType = Int32)], CommandType='Text', CommandTimeout='30']
SELECT "t"."MapId", "t"."ActiveVersion", "t"."PendingVersion", "t"."State", "t"."UpdatedAt"
FROM "TaskTypeStationActiveBindingSets" AS "t"
WHERE "t"."MapId" = @__mapId_0
LIMIT 2
[16:57:55 INF] Executed DbCommand (0ms) [Parameters=[@__mapId_0='?' (DbType = Int32)], CommandType='Text', CommandTimeout='30']
SELECT "t"."HoldId", "t"."DetailJson", "t"."MapId", "t"."RaisedAt", "t"."RaisedBy", "t"."ReasonCode", "t"."ReleasedAt", "t"."ReleasedBy", "t"."Source", "t"."TaskType"
FROM "TaskTypeStationHolds" AS "t"
WHERE "t"."MapId" = @__mapId_0 AND "t"."ReleasedAt" IS NULL
[16:57:55 INF] Executed DbCommand (0ms) [Parameters=[@__mapId_0='?' (DbType = Int32)], CommandType='Text', CommandTimeout='30']
SELECT "m"."MapId", "m"."ApprovedMaxUnconfirmedSeconds", "m"."ApprovedSyncPeriodSeconds", "m"."CatalogRevision", "m"."LastAttemptAt", "m"."LastCompleteConfirmationAt", "m"."LastFailureReason", "m"."State", "m"."UpdatedAt"
FROM "MapStationCatalogStates" AS "m"
WHERE "m"."MapId" = @__mapId_0
LIMIT 2
[16:57:55 INF] Executed DbCommand (1ms) [Parameters=[@p0='?' (DbType = Int32), @p1='?' (DbType = Int32), @p2='?' (DbType = Int32), @p3='?' (DbType = Int64), @p4='?' (DbType = DateTimeOffset), @p5='?' (DbType = DateTimeOffset), @p6='?', @p7='?' (Size = 5), @p8='?' (DbType = DateTimeOffset)], CommandType='Text', CommandTimeout='30']
INSERT INTO "MapStationCatalogStates" ("MapId", "ApprovedMaxUnconfirmedSeconds", "ApprovedSyncPeriodSeconds", "CatalogRevision", "LastAttemptAt", "LastCompleteConfirmationAt", "LastFailureReason", "State", "UpdatedAt")
VALUES (@p0, @p1, @p2, @p3, @p4, @p5, @p6, @p7, @p8);
[16:57:55 INF] Executed DbCommand (0ms) [Parameters=[@__mapId_0='?' (DbType = Int32)], CommandType='Text', CommandTimeout='30']
SELECT "t"."MapId", "t"."ActiveVersion", "t"."PendingVersion", "t"."State", "t"."UpdatedAt"
FROM "TaskTypeStationActiveBindingSets" AS "t"
WHERE "t"."MapId" = @__mapId_0
LIMIT 2
[16:57:55 INF] Executed DbCommand (0ms) [Parameters=[@__mapId_0='?' (DbType = Int32), @__version_1='?' (DbType = Int64)], CommandType='Text', CommandTimeout='30']
SELECT "t"."MapId", "t"."Version", "t"."CatalogRevision", "t"."ContentSha256", "t"."LoadedAt", "t"."RuleVersion", "t"."SnapshotId", "t"."Source"
FROM "TaskTypeStationBindingSetVersions" AS "t"
WHERE "t"."MapId" = @__mapId_0 AND "t"."Version" = @__version_1
LIMIT 2
[16:57:55 INF] Executed DbCommand (0ms) [Parameters=[@__mapId_0='?' (DbType = Int32), @__version_1='?' (DbType = Int64)], CommandType='Text', CommandTimeout='30']
SELECT "t"."TaskType"
FROM "TaskTypeStationRequirements" AS "t"
WHERE "t"."MapId" = @__mapId_0 AND "t"."Version" = @__version_1
[16:57:55 INF] Executed DbCommand (0ms) [Parameters=[@__mapId_0='?' (DbType = Int32), @__version_1='?' (DbType = Int64)], CommandType='Text', CommandTimeout='30']
SELECT "t"."MapId", "t"."Version", "t"."TaskType", "t"."SiteVerificationRef", "t"."StationName", "t"."StationRiotId"
FROM "TaskTypeStationBindings" AS "t"
WHERE "t"."MapId" = @__mapId_0 AND "t"."Version" = @__version_1
[16:57:55 INF] Executed DbCommand (0ms) [Parameters=[@__version_0='?' (DbType = Int64)], CommandType='Text', CommandTimeout='30']
SELECT "t"."Version", "t"."ContentSha256", "t"."LoadedAt", "t"."SnapshotId", "t"."Source"
FROM "TaskTypeStationRuleVersions" AS "t"
WHERE "t"."Version" = @__version_0
LIMIT 2
[16:57:55 INF] Executed DbCommand (0ms) [Parameters=[@__version_0='?' (DbType = Int64)], CommandType='Text', CommandTimeout='30']
SELECT "t"."Version", "t"."TaskType", "t"."FixedEnd"
FROM "TaskTypeStationRules" AS "t"
WHERE "t"."Version" = @__version_0
[16:57:55 INF] Executed DbCommand (0ms) [Parameters=[], CommandType='Text', CommandTimeout='30']
SELECT "a"."Id", "a"."ContentHash", "a"."DeploymentId", "a"."ImportedAt", "a"."Version"
FROM "AdmissionPolicyState" AS "a"
WHERE "a"."Id" = 1
LIMIT 2
[16:57:55 INF] Executed DbCommand (0ms) [Parameters=[@p0='?' (DbType = Int64), @p1='?' (Size = 64), @p2='?' (Size = 22), @p3='?' (DbType = DateTimeOffset), @p4='?', @p5='?' (Size = 102)], CommandType='Text', CommandTimeout='30']
INSERT INTO "AdmissionPolicyAudit" ("Version", "ContentHash", "DeploymentId", "ImportedAt", "PreviousContentHash", "RelationsJson")
VALUES (@p0, @p1, @p2, @p3, @p4, @p5);
[16:57:55 INF] Executed DbCommand (0ms) [Parameters=[@p0='?' (DbType = Int32), @p1='?' (Size = 64), @p2='?' (Size = 22), @p3='?' (DbType = DateTimeOffset), @p4='?' (DbType = Int64)], CommandType='Text', CommandTimeout='30']
INSERT INTO "AdmissionPolicyState" ("Id", "ContentHash", "DeploymentId", "ImportedAt", "Version")
VALUES (@p0, @p1, @p2, @p3, @p4);
[16:57:55 INF] Executed DbCommand (0ms) [Parameters=[@p0='?' (Size = 6), @p1='?' (Size = 12), @p2='?' (DbType = Int64)], CommandType='Text', CommandTimeout='30']
INSERT INTO "StationTaskTypeAdmissions" ("StationId", "TaskType", "PolicyVersion")
VALUES (@p0, @p1, @p2);
[16:57:55 INF] Executed DbCommand (0ms) [Parameters=[@p0='?' (Size = 9), @p1='?' (Size = 12), @p2='?' (DbType = Int64)], CommandType='Text', CommandTimeout='30']
INSERT INTO "StationTaskTypeAdmissions" ("StationId", "TaskType", "PolicyVersion")
VALUES (@p0, @p1, @p2);
[16:57:55 INF] Executed DbCommand (0ms) [Parameters=[], CommandType='Text', CommandTimeout='30']
SELECT "j"."DemandId", "j"."AgvId", "j"."AgvLifecycleGeneration", "j"."BlockReasonCode", "j"."BlockReasonSince", "j"."ConsumedSafetyResultMessageId", "j"."ConsumedSublotMessageId", "j"."CreatedAt", "j"."DispatchGeneration", "j"."DispatchZone", "j"."ExpectedBasketCount", "j"."GateMovementLegId", "j"."GatePlanMessageId", "j"."GateStationId", "j"."GateStationRiotId", "j"."GateUpperId", "j"."GateVehicleBusinessMessageId", "j"."GateWorklistMessageId", "j"."LoadCommandMessageId", "j"."LoadSlotOperationAttemptId", "j"."MapId", "j"."MapIdentity", "j"."OperationSessionId", "j"."PickupMovementLegId", "j"."PickupStationId", "j"."PickupStationRiotId", "j"."PickupUpperId", "j"."PlanMessageId", "j"."PlanRevision", "j"."PreDepartureSafetyCheckId", "j"."PreDepartureSafetyCheckMessageId", "j"."RouteEvidenceId", "j"."Stage", "j"."StationDepartureWaitStartedAt", "j"."SublotRequestMessageId", "j"."TargetSlotsJson", "j"."UnloadCommandMessageId", "j"."UnloadSlotOperationAttemptId", "j"."UpdatedAt", "j"."VehicleBusinessMessageId", "j"."VehicleBusinessRevision", "j"."VehicleKey", "j"."WorklistMessageId", "j"."WorklistRevision"
FROM "JourneyRuntimes" AS "j"
WHERE "j"."Stage" <> 'Completed'
[16:57:55 INF] Executed DbCommand (1ms) [Parameters=[], CommandType='Text', CommandTimeout='30']
SELECT "a"."DemandId"
FROM "AcceptedDemands" AS "a"
WHERE "a"."Status" NOT IN ('Succeeded', 'Cancelled')
[16:57:55 INF] Executed DbCommand (0ms) [Parameters=[], CommandType='Text', CommandTimeout='30']
SELECT "j"."DemandId"
FROM "JourneyRuntimes" AS "j"
[16:57:55 INF] Start processing HTTP request GET http://127.0.0.1:48409/api/v2/contract
[16:57:55 INF] Sending HTTP request GET http://127.0.0.1:48409/api/v2/contract
[16:57:55 INF] Received HTTP response headers after 51.6643ms - 200
[16:57:55 INF] End processing HTTP request after 53.5463ms - 200
[16:57:55 INF] Start processing HTTP request GET http://127.0.0.1:48409/api/v2/externally-readable-demand-catalog
[16:57:55 INF] Sending HTTP request GET http://127.0.0.1:48409/api/v2/externally-readable-demand-catalog
[16:57:55 INF] Received HTTP response headers after 20.4459ms - 200
[16:57:55 INF] End processing HTTP request after 22.7525ms - 200
[16:57:55 INF] HTTP GET /health/live responded 200 in 17.1401 ms
[16:57:55 INF] Executed DbCommand (0ms) [Parameters=[], CommandType='Text', CommandTimeout='30']
SELECT "j"."DemandId", "j"."AcceptedAt", "j"."DecisionFingerprint", "j"."DemandCreatedAt", "j"."FirstSeenAt", "j"."LastSeenAt", "j"."ReasonCode", "j"."TransportDemandKey"
FROM "JourneyBacklog" AS "j"
[16:57:55 INF] Executed DbCommand (0ms) [Parameters=[], CommandType='Text', CommandTimeout='30']
SELECT "a"."DemandId"
FROM "AcceptedDemands" AS "a"
[16:57:55 INF] Executed DbCommand (0ms) [Parameters=[], CommandType='Text', CommandTimeout='30']
SELECT "v"."AgvId", "v"."TaskType", "v"."Allowed", "v"."ConfigurationVersion", "v"."UpdatedAt"
FROM "VehicleTaskTypeAdmissions" AS "v"
[16:57:55 INF] Executed DbCommand (0ms) [Parameters=[], CommandType='Text', CommandTimeout='30']
SELECT "v"."AgvId", "v"."ConfigurationVersion", "v"."RoundTimeoutMilliseconds", "v"."UpdatedAt"
FROM "VehicleDispatchBudgets" AS "v"
[16:57:55 INF] Executed DbCommand (0ms) [Parameters=[], CommandType='Text', CommandTimeout='30']
SELECT "d"."Zone", "d"."AgvId", "d"."ConfigurationVersion", "d"."UpdatedAt"
FROM "DispatchZoneVehicles" AS "d"
[16:57:55 INF] Executed DbCommand (1ms) [Parameters=[], CommandType='Text', CommandTimeout='30']
SELECT "v"."AgvId", "v"."TaskType", "v"."Allowed", "v"."ConfigurationVersion", "v"."UpdatedAt"
FROM "VehicleTaskTypeAdmissions" AS "v"
[16:57:55 INF] Executed DbCommand (0ms) [Parameters=[], CommandType='Text', CommandTimeout='30']
SELECT "v"."AgvId", "v"."ConfigurationVersion", "v"."RoundTimeoutMilliseconds", "v"."UpdatedAt"
FROM "VehicleDispatchBudgets" AS "v"
[16:57:55 INF] Executed DbCommand (0ms) [Parameters=[], CommandType='Text', CommandTimeout='30']
SELECT "d"."Zone", "d"."AgvId", "d"."ConfigurationVersion", "d"."UpdatedAt"
FROM "DispatchZoneVehicles" AS "d"
[16:57:55 INF] Executed DbCommand (0ms) [Parameters=[@p0='?' (Size = 10), @p1='?' (Size = 19), @p2='?' (Size = 64), @p3='?' (DbType = DateTimeOffset)], CommandType='Text', CommandTimeout='30']
INSERT INTO "DispatchZoneVehicles" ("AgvId", "Zone", "ConfigurationVersion", "UpdatedAt")
VALUES (@p0, @p1, @p2, @p3);
[16:57:55 INF] Executed DbCommand (0ms) [Parameters=[@p0='?' (Size = 10), @p1='?' (Size = 64), @p2='?' (DbType = Int32), @p3='?' (DbType = DateTimeOffset)], CommandType='Text', CommandTimeout='30']
INSERT INTO "VehicleDispatchBudgets" ("AgvId", "ConfigurationVersion", "RoundTimeoutMilliseconds", "UpdatedAt")
VALUES (@p0, @p1, @p2, @p3);
[16:57:55 INF] Executed DbCommand (0ms) [Parameters=[@p0='?' (Size = 10), @p1='?' (Size = 11), @p2='?' (DbType = Boolean), @p3='?' (Size = 64), @p4='?' (DbType = DateTimeOffset)], CommandType='Text', CommandTimeout='30']
INSERT INTO "VehicleTaskTypeAdmissions" ("AgvId", "TaskType", "Allowed", "ConfigurationVersion", "UpdatedAt")
VALUES (@p0, @p1, @p2, @p3, @p4);
[16:57:55 INF] Executed DbCommand (0ms) [Parameters=[@p0='?' (Size = 10), @p1='?' (Size = 19), @p2='?' (DbType = Boolean), @p3='?' (Size = 64), @p4='?' (DbType = DateTimeOffset)], CommandType='Text', CommandTimeout='30']
INSERT INTO "VehicleTaskTypeAdmissions" ("AgvId", "TaskType", "Allowed", "ConfigurationVersion", "UpdatedAt")
VALUES (@p0, @p1, @p2, @p3, @p4);
[16:57:55 INF] Executed DbCommand (0ms) [Parameters=[@p0='?' (Size = 10), @p1='?' (Size = 15), @p2='?' (DbType = Boolean), @p3='?' (Size = 64), @p4='?' (DbType = DateTimeOffset)], CommandType='Text', CommandTimeout='30']
INSERT INTO "VehicleTaskTypeAdmissions" ("AgvId", "TaskType", "Allowed", "ConfigurationVersion", "UpdatedAt")
VALUES (@p0, @p1, @p2, @p3, @p4);
[16:57:55 INF] Executed DbCommand (0ms) [Parameters=[@p0='?' (Size = 10), @p1='?' (Size = 12), @p2='?' (DbType = Boolean), @p3='?' (Size = 64), @p4='?' (DbType = DateTimeOffset)], CommandType='Text', CommandTimeout='30']
INSERT INTO "VehicleTaskTypeAdmissions" ("AgvId", "TaskType", "Allowed", "ConfigurationVersion", "UpdatedAt")
VALUES (@p0, @p1, @p2, @p3, @p4);
[16:57:55 INF] Executed DbCommand (0ms) [Parameters=[@p0='?' (Size = 10), @p1='?' (Size = 16), @p2='?' (DbType = Boolean), @p3='?' (Size = 64), @p4='?' (DbType = DateTimeOffset)], CommandType='Text', CommandTimeout='30']
INSERT INTO "VehicleTaskTypeAdmissions" ("AgvId", "TaskType", "Allowed", "ConfigurationVersion", "UpdatedAt")
VALUES (@p0, @p1, @p2, @p3, @p4);
[16:57:55 INF] Executed DbCommand (0ms) [Parameters=[@p0='?' (Size = 10), @p1='?' (Size = 15), @p2='?' (DbType = Boolean), @p3='?' (Size = 64), @p4='?' (DbType = DateTimeOffset)], CommandType='Text', CommandTimeout='30']
INSERT INTO "VehicleTaskTypeAdmissions" ("AgvId", "TaskType", "Allowed", "ConfigurationVersion", "UpdatedAt")
VALUES (@p0, @p1, @p2, @p3, @p4);
[16:57:55 INF] Executed DbCommand (0ms) [Parameters=[], CommandType='Text', CommandTimeout='30']
SELECT MAX("d"."Version")
FROM "DispatchZoneAreaAssignmentVersions" AS "d"
[16:57:56 INF] Executed DbCommand (0ms) [Parameters=[@__agvId_0='?' (Size = 10)], CommandType='Text', CommandTimeout='30']
SELECT "a"."SlotModelVersionId", "a"."SnapshotId"
FROM "ActiveSlotConfigurations" AS "a"
WHERE "a"."AgvId" = @__agvId_0
LIMIT 2
[16:57:56 INF] Executed DbCommand (0ms) [Parameters=[@__agvId_0='?' (Size = 10)], CommandType='Text', CommandTimeout='30']
SELECT "s"."SlotModelVersionId", "s"."CreatedAt"
FROM "SlotIoBindings" AS "s"
WHERE "s"."AgvId" = @__agvId_0 AND "s"."Status" = 'PUBLISHED'
[16:57:56 INF] Executed DbCommand (1ms) [Parameters=[@__agvId_0='?' (Size = 10)], CommandType='Text', CommandTimeout='30']
SELECT "s"."AgvId", "s"."ActiveUnlockSlotsJson", "s"."CapabilityHash", "s"."CapabilityRevision", "s"."DepartureSafe", "s"."ForcedRecoveryGeneration", "s"."ManifestSha256", "s"."PendingAttemptIdsJson", "s"."PendingResultIdsJson", "s"."ProfileId", "s"."ProtocolCommit", "s"."ProtocolVersion", "s"."ProvenRecoveryCheckpoint", "s"."Readiness", "s"."ReasonCode", "s"."RecoveryReportId", "s"."ReportedForcedRecoveryGeneration", "s"."ReportedSlotConfigurationFingerprint", "s"."SafetyHash", "s"."SafetyReasonCodesJson", "s"."SafetyRevision", "s"."SafetyUnknownPresent", "s"."SessionGeneration", "s"."UnsettledSlotOperationAttemptId", "s"."UpdatedAt"
FROM "SessionRecoveries" AS "s"
WHERE "s"."AgvId" = @__agvId_0 AND "s"."Readiness" = 'Ready'
LIMIT 2
[16:57:56 INF] Start processing HTTP request GET http://127.0.0.1:48408/api/task/vehicles/getVehicleInfoByDeviceKey?key=BROKERX-L2-0001
[16:57:56 INF] Sending HTTP request GET http://127.0.0.1:48408/api/task/vehicles/getVehicleInfoByDeviceKey?key=BROKERX-L2-0001
[16:57:56 INF] Received HTTP response headers after 34.2883ms - 200
[16:57:56 INF] End processing HTTP request after 41.5726ms - 200
[16:57:56 INF] Executed DbCommand (0ms) [Parameters=[], CommandType='Text', CommandTimeout='30']
SELECT "s"."DemandId", "s"."ReasonCode", "s"."ClearedAt", "s"."DetailJson", "s"."FirstRaisedAt", "s"."LastSeenAt", "s"."TransportDemandKey"
FROM "StructuralDispatchBlocks" AS "s"
WHERE "s"."ClearedAt" IS NULL
[16:57:56 INF] Start processing HTTP request GET http://127.0.0.1:48408/api/imap/v1/mapInfo/stations/25
[16:57:56 INF] Sending HTTP request GET http://127.0.0.1:48408/api/imap/v1/mapInfo/stations/25
[16:57:56 INF] Received HTTP response headers after 5.4096ms - 200
[16:57:56 INF] End processing HTTP request after 8.0753ms - 200
[16:57:56 INF] Executed DbCommand (0ms) [Parameters=[@__mapId_0='?' (DbType = Int32)], CommandType='Text', CommandTimeout='30']
SELECT "t"."MapId", "t"."ActiveVersion", "t"."PendingVersion", "t"."State", "t"."UpdatedAt"
FROM "TaskTypeStationActiveBindingSets" AS "t"
WHERE "t"."MapId" = @__mapId_0
LIMIT 2
[16:57:56 INF] Executed DbCommand (0ms) [Parameters=[@__mapId_0='?' (DbType = Int32), @__version_1='?' (DbType = Int64)], CommandType='Text', CommandTimeout='30']
SELECT "t"."MapId", "t"."Version", "t"."CatalogRevision", "t"."ContentSha256", "t"."LoadedAt", "t"."RuleVersion", "t"."SnapshotId", "t"."Source"
FROM "TaskTypeStationBindingSetVersions" AS "t"
WHERE "t"."MapId" = @__mapId_0 AND "t"."Version" = @__version_1
LIMIT 2
[16:57:56 INF] Executed DbCommand (0ms) [Parameters=[@__mapId_0='?' (DbType = Int32), @__version_1='?' (DbType = Int64)], CommandType='Text', CommandTimeout='30']
SELECT "t"."TaskType"
FROM "TaskTypeStationRequirements" AS "t"
WHERE "t"."MapId" = @__mapId_0 AND "t"."Version" = @__version_1
[16:57:56 INF] Executed DbCommand (0ms) [Parameters=[@__mapId_0='?' (DbType = Int32), @__version_1='?' (DbType = Int64)], CommandType='Text', CommandTimeout='30']
SELECT "t"."MapId", "t"."Version", "t"."TaskType", "t"."SiteVerificationRef", "t"."StationName", "t"."StationRiotId"
FROM "TaskTypeStationBindings" AS "t"
WHERE "t"."MapId" = @__mapId_0 AND "t"."Version" = @__version_1
[16:57:56 INF] Executed DbCommand (0ms) [Parameters=[@__version_0='?' (DbType = Int64)], CommandType='Text', CommandTimeout='30']
SELECT "t"."Version", "t"."ContentSha256", "t"."LoadedAt", "t"."SnapshotId", "t"."Source"
FROM "TaskTypeStationRuleVersions" AS "t"
WHERE "t"."Version" = @__version_0
LIMIT 2
[16:57:56 INF] Executed DbCommand (0ms) [Parameters=[@__version_0='?' (DbType = Int64)], CommandType='Text', CommandTimeout='30']
SELECT "t"."Version", "t"."TaskType", "t"."FixedEnd"
FROM "TaskTypeStationRules" AS "t"
WHERE "t"."Version" = @__version_0
[16:57:56 INF] Executed DbCommand (0ms) [Parameters=[@__mapId_0='?' (DbType = Int32)], CommandType='Text', CommandTimeout='30']
SELECT "t"."MapId", "t"."ActiveVersion", "t"."PendingVersion", "t"."State", "t"."UpdatedAt"
FROM "TaskTypeStationActiveBindingSets" AS "t"
WHERE "t"."MapId" = @__mapId_0
LIMIT 2
[16:57:56 INF] Executed DbCommand (0ms) [Parameters=[@__mapId_0='?' (DbType = Int32)], CommandType='Text', CommandTimeout='30']
SELECT "t"."HoldId", "t"."DetailJson", "t"."MapId", "t"."RaisedAt", "t"."RaisedBy", "t"."ReasonCode", "t"."ReleasedAt", "t"."ReleasedBy", "t"."Source", "t"."TaskType"
FROM "TaskTypeStationHolds" AS "t"
WHERE "t"."MapId" = @__mapId_0 AND "t"."ReleasedAt" IS NULL
[16:57:56 INF] Executed DbCommand (0ms) [Parameters=[@__mapId_0='?' (DbType = Int32)], CommandType='Text', CommandTimeout='30']
SELECT "m"."MapId", "m"."ApprovedMaxUnconfirmedSeconds", "m"."ApprovedSyncPeriodSeconds", "m"."CatalogRevision", "m"."LastAttemptAt", "m"."LastCompleteConfirmationAt", "m"."LastFailureReason", "m"."State", "m"."UpdatedAt"
FROM "MapStationCatalogStates" AS "m"
WHERE "m"."MapId" = @__mapId_0
LIMIT 2
[16:57:56 INF] Executed DbCommand (1ms) [Parameters=[@p3='?' (DbType = Int32), @p0='?' (DbType = DateTimeOffset), @p1='?' (DbType = DateTimeOffset), @p2='?' (DbType = DateTimeOffset)], CommandType='Text', CommandTimeout='30']
UPDATE "MapStationCatalogStates" SET "LastAttemptAt" = @p0, "LastCompleteConfirmationAt" = @p1, "UpdatedAt" = @p2
WHERE "MapId" = @p3
RETURNING 1;
[16:57:56 INF] HTTP GET /version responded 200 in 5.4569 ms
[16:57:56 INF] Executed DbCommand (0ms) [Parameters=[@__mapId_0='?' (DbType = Int32)], CommandType='Text', CommandTimeout='30']
SELECT "t"."MapId", "t"."ActiveVersion", "t"."PendingVersion", "t"."State", "t"."UpdatedAt"
FROM "TaskTypeStationActiveBindingSets" AS "t"
WHERE "t"."MapId" = @__mapId_0
LIMIT 2
[16:57:56 INF] Executed DbCommand (0ms) [Parameters=[@__mapId_0='?' (DbType = Int32), @__version_1='?' (DbType = Int64)], CommandType='Text', CommandTimeout='30']
SELECT "t"."MapId", "t"."Version", "t"."CatalogRevision", "t"."ContentSha256", "t"."LoadedAt", "t"."RuleVersion", "t"."SnapshotId", "t"."Source"
FROM "TaskTypeStationBindingSetVersions" AS "t"
WHERE "t"."MapId" = @__mapId_0 AND "t"."Version" = @__version_1
LIMIT 2
[16:57:56 INF] Executed DbCommand (0ms) [Parameters=[@__mapId_0='?' (DbType = Int32), @__version_1='?' (DbType = Int64)], CommandType='Text', CommandTimeout='30']
SELECT "t"."TaskType"
FROM "TaskTypeStationRequirements" AS "t"
WHERE "t"."MapId" = @__mapId_0 AND "t"."Version" = @__version_1
[16:57:56 INF] Executed DbCommand (0ms) [Parameters=[@__mapId_0='?' (DbType = Int32), @__version_1='?' (DbType = Int64)], CommandType='Text', CommandTimeout='30']
SELECT "t"."MapId", "t"."Version", "t"."TaskType", "t"."SiteVerificationRef", "t"."StationName", "t"."StationRiotId"
FROM "TaskTypeStationBindings" AS "t"
WHERE "t"."MapId" = @__mapId_0 AND "t"."Version" = @__version_1
[16:57:56 INF] Executed DbCommand (0ms) [Parameters=[@__version_0='?' (DbType = Int64)], CommandType='Text', CommandTimeout='30']
SELECT "t"."Version", "t"."ContentSha256", "t"."LoadedAt", "t"."SnapshotId", "t"."Source"
FROM "TaskTypeStationRuleVersions" AS "t"
WHERE "t"."Version" = @__version_0
LIMIT 2
[16:57:56 INF] Executed DbCommand (0ms) [Parameters=[@__version_0='?' (DbType = Int64)], CommandType='Text', CommandTimeout='30']
SELECT "t"."Version", "t"."TaskType", "t"."FixedEnd"
FROM "TaskTypeStationRules" AS "t"
WHERE "t"."Version" = @__version_0
[16:57:56 INF] Executed DbCommand (0ms) [Parameters=[], CommandType='Text', CommandTimeout='30']
SELECT "a"."Id", "a"."ContentHash", "a"."DeploymentId", "a"."ImportedAt", "a"."Version"
FROM "AdmissionPolicyState" AS "a"
WHERE "a"."Id" = 1
LIMIT 2
[16:57:56 INF] Executed DbCommand (0ms) [Parameters=[], CommandType='Text', CommandTimeout='30']
SELECT "j"."DemandId", "j"."AgvId", "j"."AgvLifecycleGeneration", "j"."BlockReasonCode", "j"."BlockReasonSince", "j"."ConsumedSafetyResultMessageId", "j"."ConsumedSublotMessageId", "j"."CreatedAt", "j"."DispatchGeneration", "j"."DispatchZone", "j"."ExpectedBasketCount", "j"."GateMovementLegId", "j"."GatePlanMessageId", "j"."GateStationId", "j"."GateStationRiotId", "j"."GateUpperId", "j"."GateVehicleBusinessMessageId", "j"."GateWorklistMessageId", "j"."LoadCommandMessageId", "j"."LoadSlotOperationAttemptId", "j"."MapId", "j"."MapIdentity", "j"."OperationSessionId", "j"."PickupMovementLegId", "j"."PickupStationId", "j"."PickupStationRiotId", "j"."PickupUpperId", "j"."PlanMessageId", "j"."PlanRevision", "j"."PreDepartureSafetyCheckId", "j"."PreDepartureSafetyCheckMessageId", "j"."RouteEvidenceId", "j"."Stage", "j"."StationDepartureWaitStartedAt", "j"."SublotRequestMessageId", "j"."TargetSlotsJson", "j"."UnloadCommandMessageId", "j"."UnloadSlotOperationAttemptId", "j"."UpdatedAt", "j"."VehicleBusinessMessageId", "j"."VehicleBusinessRevision", "j"."VehicleKey", "j"."WorklistMessageId", "j"."WorklistRevision"
FROM "JourneyRuntimes" AS "j"
WHERE "j"."Stage" <> 'Completed'
[16:57:56 INF] Executed DbCommand (0ms) [Parameters=[], CommandType='Text', CommandTimeout='30']
SELECT "a"."DemandId"
FROM "AcceptedDemands" AS "a"
WHERE "a"."Status" NOT IN ('Succeeded', 'Cancelled')
[16:57:56 INF] Executed DbCommand (0ms) [Parameters=[], CommandType='Text', CommandTimeout='30']
SELECT "j"."DemandId"
FROM "JourneyRuntimes" AS "j"
[16:57:56 INF] Start processing HTTP request GET http://127.0.0.1:48409/api/v2/contract
[16:57:56 INF] Sending HTTP request GET http://127.0.0.1:48409/api/v2/contract
[16:57:56 INF] Received HTTP response headers after 15.2243ms - 200
[16:57:56 INF] End processing HTTP request after 17.2331ms - 200
[16:57:56 INF] Start processing HTTP request GET http://127.0.0.1:48409/api/v2/externally-readable-demand-catalog
[16:57:56 INF] Sending HTTP request GET http://127.0.0.1:48409/api/v2/externally-readable-demand-catalog
[16:57:56 INF] Received HTTP response headers after 6.201ms - 200
[16:57:56 INF] End processing HTTP request after 7.8592ms - 200
[16:57:56 INF] Executed DbCommand (0ms) [Parameters=[], CommandType='Text', CommandTimeout='30']
SELECT "j"."DemandId", "j"."AcceptedAt", "j"."DecisionFingerprint", "j"."DemandCreatedAt", "j"."FirstSeenAt", "j"."LastSeenAt", "j"."ReasonCode", "j"."TransportDemandKey"
FROM "JourneyBacklog" AS "j"
[16:57:56 INF] Executed DbCommand (0ms) [Parameters=[], CommandType='Text', CommandTimeout='30']
SELECT "a"."DemandId"
FROM "AcceptedDemands" AS "a"
[16:57:56 INF] Executed DbCommand (0ms) [Parameters=[], CommandType='Text', CommandTimeout='30']
SELECT "v"."AgvId", "v"."TaskType", "v"."Allowed", "v"."ConfigurationVersion", "v"."UpdatedAt"
FROM "VehicleTaskTypeAdmissions" AS "v"
[16:57:56 INF] Executed DbCommand (0ms) [Parameters=[], CommandType='Text', CommandTimeout='30']
SELECT "v"."AgvId", "v"."ConfigurationVersion", "v"."RoundTimeoutMilliseconds", "v"."UpdatedAt"
FROM "VehicleDispatchBudgets" AS "v"
[16:57:56 INF] Executed DbCommand (0ms) [Parameters=[], CommandType='Text', CommandTimeout='30']
SELECT "d"."Zone", "d"."AgvId", "d"."ConfigurationVersion", "d"."UpdatedAt"
FROM "DispatchZoneVehicles" AS "d"
[16:57:56 INF] Executed DbCommand (0ms) [Parameters=[], CommandType='Text', CommandTimeout='30']
SELECT MAX("d"."Version")
FROM "DispatchZoneAreaAssignmentVersions" AS "d"
[16:57:56 INF] Executed DbCommand (0ms) [Parameters=[@__agvId_0='?' (Size = 10)], CommandType='Text', CommandTimeout='30']
SELECT "a"."SlotModelVersionId", "a"."SnapshotId"
FROM "ActiveSlotConfigurations" AS "a"
WHERE "a"."AgvId" = @__agvId_0
LIMIT 2
[16:57:56 INF] Executed DbCommand (0ms) [Parameters=[@__agvId_0='?' (Size = 10)], CommandType='Text', CommandTimeout='30']
SELECT "s"."SlotModelVersionId", "s"."CreatedAt"
FROM "SlotIoBindings" AS "s"
WHERE "s"."AgvId" = @__agvId_0 AND "s"."Status" = 'PUBLISHED'
[16:57:56 INF] Executed DbCommand (0ms) [Parameters=[@__agvId_0='?' (Size = 10)], CommandType='Text', CommandTimeout='30']
SELECT "s"."AgvId", "s"."ActiveUnlockSlotsJson", "s"."CapabilityHash", "s"."CapabilityRevision", "s"."DepartureSafe", "s"."ForcedRecoveryGeneration", "s"."ManifestSha256", "s"."PendingAttemptIdsJson", "s"."PendingResultIdsJson", "s"."ProfileId", "s"."ProtocolCommit", "s"."ProtocolVersion", "s"."ProvenRecoveryCheckpoint", "s"."Readiness", "s"."ReasonCode", "s"."RecoveryReportId", "s"."ReportedForcedRecoveryGeneration", "s"."ReportedSlotConfigurationFingerprint", "s"."SafetyHash", "s"."SafetyReasonCodesJson", "s"."SafetyRevision", "s"."SafetyUnknownPresent", "s"."SessionGeneration", "s"."UnsettledSlotOperationAttemptId", "s"."UpdatedAt"
FROM "SessionRecoveries" AS "s"
WHERE "s"."AgvId" = @__agvId_0 AND "s"."Readiness" = 'Ready'
LIMIT 2
[16:57:56 INF] Start processing HTTP request GET http://127.0.0.1:48408/api/task/vehicles/getVehicleInfoByDeviceKey?key=BROKERX-L2-0001
[16:57:56 INF] Sending HTTP request GET http://127.0.0.1:48408/api/task/vehicles/getVehicleInfoByDeviceKey?key=BROKERX-L2-0001
[16:57:56 INF] Received HTTP response headers after 7.2004ms - 200
[16:57:56 INF] End processing HTTP request after 9.6382ms - 200
[16:57:56 INF] Executed DbCommand (0ms) [Parameters=[], CommandType='Text', CommandTimeout='30']
SELECT "s"."DemandId", "s"."ReasonCode", "s"."ClearedAt", "s"."DetailJson", "s"."FirstRaisedAt", "s"."LastSeenAt", "s"."TransportDemandKey"
FROM "StructuralDispatchBlocks" AS "s"
WHERE "s"."ClearedAt" IS NULL
[16:57:57 INF] Start processing HTTP request GET http://127.0.0.1:48408/api/imap/v1/mapInfo/stations/25
[16:57:57 INF] Sending HTTP request GET http://127.0.0.1:48408/api/imap/v1/mapInfo/stations/25
[16:57:57 INF] Received HTTP response headers after 11.3373ms - 200
[16:57:57 INF] End processing HTTP request after 18.2907ms - 200
[16:57:57 INF] Executed DbCommand (0ms) [Parameters=[@__mapId_0='?' (DbType = Int32)], CommandType='Text', CommandTimeout='30']
SELECT "t"."MapId", "t"."ActiveVersion", "t"."PendingVersion", "t"."State", "t"."UpdatedAt"
FROM "TaskTypeStationActiveBindingSets" AS "t"
WHERE "t"."MapId" = @__mapId_0
LIMIT 2
[16:57:57 INF] Executed DbCommand (0ms) [Parameters=[@__mapId_0='?' (DbType = Int32), @__version_1='?' (DbType = Int64)], CommandType='Text', CommandTimeout='30']
SELECT "t"."MapId", "t"."Version", "t"."CatalogRevision", "t"."ContentSha256", "t"."LoadedAt", "t"."RuleVersion", "t"."SnapshotId", "t"."Source"
FROM "TaskTypeStationBindingSetVersions" AS "t"
WHERE "t"."MapId" = @__mapId_0 AND "t"."Version" = @__version_1
LIMIT 2
[16:57:57 INF] Executed DbCommand (0ms) [Parameters=[@__mapId_0='?' (DbType = Int32), @__version_1='?' (DbType = Int64)], CommandType='Text', CommandTimeout='30']
SELECT "t"."TaskType"
FROM "TaskTypeStationRequirements" AS "t"
WHERE "t"."MapId" = @__mapId_0 AND "t"."Version" = @__version_1
[16:57:57 INF] Executed DbCommand (0ms) [Parameters=[@__mapId_0='?' (DbType = Int32), @__version_1='?' (DbType = Int64)], CommandType='Text', CommandTimeout='30']
SELECT "t"."MapId", "t"."Version", "t"."TaskType", "t"."SiteVerificationRef", "t"."StationName", "t"."StationRiotId"
FROM "TaskTypeStationBindings" AS "t"
WHERE "t"."MapId" = @__mapId_0 AND "t"."Version" = @__version_1
[16:57:57 INF] Executed DbCommand (0ms) [Parameters=[@__version_0='?' (DbType = Int64)], CommandType='Text', CommandTimeout='30']
SELECT "t"."Version", "t"."ContentSha256", "t"."LoadedAt", "t"."SnapshotId", "t"."Source"
FROM "TaskTypeStationRuleVersions" AS "t"
WHERE "t"."Version" = @__version_0
LIMIT 2
[16:57:57 INF] Executed DbCommand (0ms) [Parameters=[@__version_0='?' (DbType = Int64)], CommandType='Text', CommandTimeout='30']
SELECT "t"."Version", "t"."TaskType", "t"."FixedEnd"
FROM "TaskTypeStationRules" AS "t"
WHERE "t"."Version" = @__version_0
[16:57:57 INF] Executed DbCommand (0ms) [Parameters=[@__mapId_0='?' (DbType = Int32)], CommandType='Text', CommandTimeout='30']
SELECT "t"."MapId", "t"."ActiveVersion", "t"."PendingVersion", "t"."State", "t"."UpdatedAt"
FROM "TaskTypeStationActiveBindingSets" AS "t"
WHERE "t"."MapId" = @__mapId_0
LIMIT 2
[16:57:57 INF] Executed DbCommand (1ms) [Parameters=[@__mapId_0='?' (DbType = Int32)], CommandType='Text', CommandTimeout='30']
SELECT "t"."HoldId", "t"."DetailJson", "t"."MapId", "t"."RaisedAt", "t"."RaisedBy", "t"."ReasonCode", "t"."ReleasedAt", "t"."ReleasedBy", "t"."Source", "t"."TaskType"
FROM "TaskTypeStationHolds" AS "t"
WHERE "t"."MapId" = @__mapId_0 AND "t"."ReleasedAt" IS NULL
[16:57:57 INF] Executed DbCommand (0ms) [Parameters=[@__mapId_0='?' (DbType = Int32)], CommandType='Text', CommandTimeout='30']
SELECT "m"."MapId", "m"."ApprovedMaxUnconfirmedSeconds", "m"."ApprovedSyncPeriodSeconds", "m"."CatalogRevision", "m"."LastAttemptAt", "m"."LastCompleteConfirmationAt", "m"."LastFailureReason", "m"."State", "m"."UpdatedAt"
FROM "MapStationCatalogStates" AS "m"
WHERE "m"."MapId" = @__mapId_0
LIMIT 2
[16:57:57 INF] Executed DbCommand (0ms) [Parameters=[@p3='?' (DbType = Int32), @p0='?' (DbType = DateTimeOffset), @p1='?' (DbType = DateTimeOffset), @p2='?' (DbType = DateTimeOffset)], CommandType='Text', CommandTimeout='30']
UPDATE "MapStationCatalogStates" SET "LastAttemptAt" = @p0, "LastCompleteConfirmationAt" = @p1, "UpdatedAt" = @p2
WHERE "MapId" = @p3
RETURNING 1;
[16:57:57 INF] Executed DbCommand (0ms) [Parameters=[@__mapId_0='?' (DbType = Int32)], CommandType='Text', CommandTimeout='30']
SELECT "t"."MapId", "t"."ActiveVersion", "t"."PendingVersion", "t"."State", "t"."UpdatedAt"
FROM "TaskTypeStationActiveBindingSets" AS "t"
WHERE "t"."MapId" = @__mapId_0
LIMIT 2
[16:57:57 INF] Executed DbCommand (0ms) [Parameters=[@__mapId_0='?' (DbType = Int32), @__version_1='?' (DbType = Int64)], CommandType='Text', CommandTimeout='30']
SELECT "t"."MapId", "t"."Version", "t"."CatalogRevision", "t"."ContentSha256", "t"."LoadedAt", "t"."RuleVersion", "t"."SnapshotId", "t"."Source"
FROM "TaskTypeStationBindingSetVersions" AS "t"
WHERE "t"."MapId" = @__mapId_0 AND "t"."Version" = @__version_1
LIMIT 2
[16:57:57 INF] Executed DbCommand (0ms) [Parameters=[@__mapId_0='?' (DbType = Int32), @__version_1='?' (DbType = Int64)], CommandType='Text', CommandTimeout='30']
SELECT "t"."TaskType"
FROM "TaskTypeStationRequirements" AS "t"
WHERE "t"."MapId" = @__mapId_0 AND "t"."Version" = @__version_1
[16:57:57 INF] Executed DbCommand (0ms) [Parameters=[@__mapId_0='?' (DbType = Int32), @__version_1='?' (DbType = Int64)], CommandType='Text', CommandTimeout='30']
SELECT "t"."MapId", "t"."Version", "t"."TaskType", "t"."SiteVerificationRef", "t"."StationName", "t"."StationRiotId"
FROM "TaskTypeStationBindings" AS "t"
WHERE "t"."MapId" = @__mapId_0 AND "t"."Version" = @__version_1
[16:57:57 INF] Executed DbCommand (0ms) [Parameters=[@__version_0='?' (DbType = Int64)], CommandType='Text', CommandTimeout='30']
SELECT "t"."Version", "t"."ContentSha256", "t"."LoadedAt", "t"."SnapshotId", "t"."Source"
FROM "TaskTypeStationRuleVersions" AS "t"
WHERE "t"."Version" = @__version_0
LIMIT 2
[16:57:57 INF] Executed DbCommand (0ms) [Parameters=[@__version_0='?' (DbType = Int64)], CommandType='Text', CommandTimeout='30']
SELECT "t"."Version", "t"."TaskType", "t"."FixedEnd"
FROM "TaskTypeStationRules" AS "t"
WHERE "t"."Version" = @__version_0
[16:57:57 INF] Executed DbCommand (0ms) [Parameters=[], CommandType='Text', CommandTimeout='30']
SELECT "a"."Id", "a"."ContentHash", "a"."DeploymentId", "a"."ImportedAt", "a"."Version"
FROM "AdmissionPolicyState" AS "a"
WHERE "a"."Id" = 1
LIMIT 2
[16:57:57 INF] Executed DbCommand (0ms) [Parameters=[], CommandType='Text', CommandTimeout='30']
SELECT "j"."DemandId", "j"."AgvId", "j"."AgvLifecycleGeneration", "j"."BlockReasonCode", "j"."BlockReasonSince", "j"."ConsumedSafetyResultMessageId", "j"."ConsumedSublotMessageId", "j"."CreatedAt", "j"."DispatchGeneration", "j"."DispatchZone", "j"."ExpectedBasketCount", "j"."GateMovementLegId", "j"."GatePlanMessageId", "j"."GateStationId", "j"."GateStationRiotId", "j"."GateUpperId", "j"."GateVehicleBusinessMessageId", "j"."GateWorklistMessageId", "j"."LoadCommandMessageId", "j"."LoadSlotOperationAttemptId", "j"."MapId", "j"."MapIdentity", "j"."OperationSessionId", "j"."PickupMovementLegId", "j"."PickupStationId", "j"."PickupStationRiotId", "j"."PickupUpperId", "j"."PlanMessageId", "j"."PlanRevision", "j"."PreDepartureSafetyCheckId", "j"."PreDepartureSafetyCheckMessageId", "j"."RouteEvidenceId", "j"."Stage", "j"."StationDepartureWaitStartedAt", "j"."SublotRequestMessageId", "j"."TargetSlotsJson", "j"."UnloadCommandMessageId", "j"."UnloadSlotOperationAttemptId", "j"."UpdatedAt", "j"."VehicleBusinessMessageId", "j"."VehicleBusinessRevision", "j"."VehicleKey", "j"."WorklistMessageId", "j"."WorklistRevision"
FROM "JourneyRuntimes" AS "j"
WHERE "j"."Stage" <> 'Completed'
[16:57:57 INF] Executed DbCommand (0ms) [Parameters=[], CommandType='Text', CommandTimeout='30']
SELECT "a"."DemandId"
FROM "AcceptedDemands" AS "a"
WHERE "a"."Status" NOT IN ('Succeeded', 'Cancelled')
[16:57:57 INF] Executed DbCommand (0ms) [Parameters=[], CommandType='Text', CommandTimeout='30']
SELECT "j"."DemandId"
FROM "JourneyRuntimes" AS "j"
[16:57:57 INF] Start processing HTTP request GET http://127.0.0.1:48409/api/v2/contract
[16:57:57 INF] Sending HTTP request GET http://127.0.0.1:48409/api/v2/contract
[16:57:57 INF] Received HTTP response headers after 1.9164ms - 200
[16:57:57 INF] End processing HTTP request after 3.8117ms - 200
[16:57:57 INF] Start processing HTTP request GET http://127.0.0.1:48409/api/v2/externally-readable-demand-catalog
[16:57:57 INF] Sending HTTP request GET http://127.0.0.1:48409/api/v2/externally-readable-demand-catalog
[16:57:57 INF] Received HTTP response headers after 1.7537ms - 200
[16:57:57 INF] End processing HTTP request after 3.7911ms - 200
[16:57:57 INF] Executed DbCommand (0ms) [Parameters=[], CommandType='Text', CommandTimeout='30']
SELECT "j"."DemandId", "j"."AcceptedAt", "j"."DecisionFingerprint", "j"."DemandCreatedAt", "j"."FirstSeenAt", "j"."LastSeenAt", "j"."ReasonCode", "j"."TransportDemandKey"
FROM "JourneyBacklog" AS "j"
[16:57:57 INF] Executed DbCommand (0ms) [Parameters=[], CommandType='Text', CommandTimeout='30']
SELECT "a"."DemandId"
FROM "AcceptedDemands" AS "a"
[16:57:57 INF] Executed DbCommand (0ms) [Parameters=[], CommandType='Text', CommandTimeout='30']
SELECT "v"."AgvId", "v"."TaskType", "v"."Allowed", "v"."ConfigurationVersion", "v"."UpdatedAt"
FROM "VehicleTaskTypeAdmissions" AS "v"
[16:57:57 INF] Executed DbCommand (0ms) [Parameters=[], CommandType='Text', CommandTimeout='30']
SELECT "v"."AgvId", "v"."ConfigurationVersion", "v"."RoundTimeoutMilliseconds", "v"."UpdatedAt"
FROM "VehicleDispatchBudgets" AS "v"
[16:57:57 INF] Executed DbCommand (0ms) [Parameters=[], CommandType='Text', CommandTimeout='30']
SELECT "d"."Zone", "d"."AgvId", "d"."ConfigurationVersion", "d"."UpdatedAt"
FROM "DispatchZoneVehicles" AS "d"
[16:57:57 INF] Executed DbCommand (0ms) [Parameters=[], CommandType='Text', CommandTimeout='30']
SELECT MAX("d"."Version")
FROM "DispatchZoneAreaAssignmentVersions" AS "d"
[16:57:57 INF] Executed DbCommand (0ms) [Parameters=[@__agvId_0='?' (Size = 10)], CommandType='Text', CommandTimeout='30']
SELECT "a"."SlotModelVersionId", "a"."SnapshotId"
FROM "ActiveSlotConfigurations" AS "a"
WHERE "a"."AgvId" = @__agvId_0
LIMIT 2
[16:57:57 INF] Executed DbCommand (0ms) [Parameters=[@__agvId_0='?' (Size = 10)], CommandType='Text', CommandTimeout='30']
SELECT "s"."SlotModelVersionId", "s"."CreatedAt"
FROM "SlotIoBindings" AS "s"
WHERE "s"."AgvId" = @__agvId_0 AND "s"."Status" = 'PUBLISHED'
[16:57:57 INF] Executed DbCommand (0ms) [Parameters=[@__agvId_0='?' (Size = 10)], CommandType='Text', CommandTimeout='30']
SELECT "s"."AgvId", "s"."ActiveUnlockSlotsJson", "s"."CapabilityHash", "s"."CapabilityRevision", "s"."DepartureSafe", "s"."ForcedRecoveryGeneration", "s"."ManifestSha256", "s"."PendingAttemptIdsJson", "s"."PendingResultIdsJson", "s"."ProfileId", "s"."ProtocolCommit", "s"."ProtocolVersion", "s"."ProvenRecoveryCheckpoint", "s"."Readiness", "s"."ReasonCode", "s"."RecoveryReportId", "s"."ReportedForcedRecoveryGeneration", "s"."ReportedSlotConfigurationFingerprint", "s"."SafetyHash", "s"."SafetyReasonCodesJson", "s"."SafetyRevision", "s"."SafetyUnknownPresent", "s"."SessionGeneration", "s"."UnsettledSlotOperationAttemptId", "s"."UpdatedAt"
FROM "SessionRecoveries" AS "s"
WHERE "s"."AgvId" = @__agvId_0 AND "s"."Readiness" = 'Ready'
LIMIT 2
[16:57:57 INF] Start processing HTTP request GET http://127.0.0.1:48408/api/task/vehicles/getVehicleInfoByDeviceKey?key=BROKERX-L2-0001
[16:57:57 INF] Sending HTTP request GET http://127.0.0.1:48408/api/task/vehicles/getVehicleInfoByDeviceKey?key=BROKERX-L2-0001
[16:57:57 INF] Received HTTP response headers after 2.729ms - 200
[16:57:57 INF] End processing HTTP request after 5.2659ms - 200
[16:57:57 INF] Executed DbCommand (0ms) [Parameters=[], CommandType='Text', CommandTimeout='30']
SELECT "s"."DemandId", "s"."ReasonCode", "s"."ClearedAt", "s"."DetailJson", "s"."FirstRaisedAt", "s"."LastSeenAt", "s"."TransportDemandKey"
FROM "StructuralDispatchBlocks" AS "s"
WHERE "s"."ClearedAt" IS NULL
[16:57:57 INF] Start processing HTTP request GET http://127.0.0.1:48408/api/imap/v1/mapInfo/stations/25
[16:57:57 INF] Sending HTTP request GET http://127.0.0.1:48408/api/imap/v1/mapInfo/stations/25
[16:57:57 INF] Received HTTP response headers after 1.2316ms - 200
[16:57:57 INF] End processing HTTP request after 3.7208ms - 200
[16:57:57 INF] Executed DbCommand (0ms) [Parameters=[@__mapId_0='?' (DbType = Int32)], CommandType='Text', CommandTimeout='30']
SELECT "t"."MapId", "t"."ActiveVersion", "t"."PendingVersion", "t"."State", "t"."UpdatedAt"
FROM "TaskTypeStationActiveBindingSets" AS "t"
WHERE "t"."MapId" = @__mapId_0
LIMIT 2
[16:57:57 INF] Executed DbCommand (0ms) [Parameters=[@__mapId_0='?' (DbType = Int32), @__version_1='?' (DbType = Int64)], CommandType='Text', CommandTimeout='30']
SELECT "t"."MapId", "t"."Version", "t"."CatalogRevision", "t"."ContentSha256", "t"."LoadedAt", "t"."RuleVersion", "t"."SnapshotId", "t"."Source"
FROM "TaskTypeStationBindingSetVersions" AS "t"
WHERE "t"."MapId" = @__mapId_0 AND "t"."Version" = @__version_1
LIMIT 2
[16:57:57 INF] Executed DbCommand (0ms) [Parameters=[@__mapId_0='?' (DbType = Int32), @__version_1='?' (DbType = Int64)], CommandType='Text', CommandTimeout='30']
SELECT "t"."TaskType"
FROM "TaskTypeStationRequirements" AS "t"
WHERE "t"."MapId" = @__mapId_0 AND "t"."Version" = @__version_1
[16:57:57 INF] Executed DbCommand (0ms) [Parameters=[@__mapId_0='?' (DbType = Int32), @__version_1='?' (DbType = Int64)], CommandType='Text', CommandTimeout='30']
SELECT "t"."MapId", "t"."Version", "t"."TaskType", "t"."SiteVerificationRef", "t"."StationName", "t"."StationRiotId"
FROM "TaskTypeStationBindings" AS "t"
WHERE "t"."MapId" = @__mapId_0 AND "t"."Version" = @__version_1
[16:57:57 INF] Executed DbCommand (0ms) [Parameters=[@__version_0='?' (DbType = Int64)], CommandType='Text', CommandTimeout='30']
SELECT "t"."Version", "t"."ContentSha256", "t"."LoadedAt", "t"."SnapshotId", "t"."Source"
FROM "TaskTypeStationRuleVersions" AS "t"
WHERE "t"."Version" = @__version_0
LIMIT 2
[16:57:57 INF] Executed DbCommand (0ms) [Parameters=[@__version_0='?' (DbType = Int64)], CommandType='Text', CommandTimeout='30']
SELECT "t"."Version", "t"."TaskType", "t"."FixedEnd"
FROM "TaskTypeStationRules" AS "t"
WHERE "t"."Version" = @__version_0
[16:57:57 INF] Executed DbCommand (0ms) [Parameters=[@__mapId_0='?' (DbType = Int32)], CommandType='Text', CommandTimeout='30']
SELECT "t"."MapId", "t"."ActiveVersion", "t"."PendingVersion", "t"."State", "t"."UpdatedAt"
FROM "TaskTypeStationActiveBindingSets" AS "t"
WHERE "t"."MapId" = @__mapId_0
LIMIT 2
[16:57:57 INF] Executed DbCommand (0ms) [Parameters=[@__mapId_0='?' (DbType = Int32)], CommandType='Text', CommandTimeout='30']
SELECT "t"."HoldId", "t"."DetailJson", "t"."MapId", "t"."RaisedAt", "t"."RaisedBy", "t"."ReasonCode", "t"."ReleasedAt", "t"."ReleasedBy", "t"."Source", "t"."TaskType"
FROM "TaskTypeStationHolds" AS "t"
WHERE "t"."MapId" = @__mapId_0 AND "t"."ReleasedAt" IS NULL
[16:57:57 INF] Executed DbCommand (0ms) [Parameters=[@__mapId_0='?' (DbType = Int32)], CommandType='Text', CommandTimeout='30']
SELECT "m"."MapId", "m"."ApprovedMaxUnconfirmedSeconds", "m"."ApprovedSyncPeriodSeconds", "m"."CatalogRevision", "m"."LastAttemptAt", "m"."LastCompleteConfirmationAt", "m"."LastFailureReason", "m"."State", "m"."UpdatedAt"
FROM "MapStationCatalogStates" AS "m"
WHERE "m"."MapId" = @__mapId_0
LIMIT 2
[16:57:57 INF] Executed DbCommand (0ms) [Parameters=[@p3='?' (DbType = Int32), @p0='?' (DbType = DateTimeOffset), @p1='?' (DbType = DateTimeOffset), @p2='?' (DbType = DateTimeOffset)], CommandType='Text', CommandTimeout='30']
UPDATE "MapStationCatalogStates" SET "LastAttemptAt" = @p0, "LastCompleteConfirmationAt" = @p1, "UpdatedAt" = @p2
WHERE "MapId" = @p3
RETURNING 1;
[16:57:57 INF] Executed DbCommand (0ms) [Parameters=[@__mapId_0='?' (DbType = Int32)], CommandType='Text', CommandTimeout='30']
SELECT "t"."MapId", "t"."ActiveVersion", "t"."PendingVersion", "t"."State", "t"."UpdatedAt"
FROM "TaskTypeStationActiveBindingSets" AS "t"
WHERE "t"."MapId" = @__mapId_0
LIMIT 2
[16:57:57 INF] Executed DbCommand (0ms) [Parameters=[@__mapId_0='?' (DbType = Int32), @__version_1='?' (DbType = Int64)], CommandType='Text', CommandTimeout='30']
SELECT "t"."MapId", "t"."Version", "t"."CatalogRevision", "t"."ContentSha256", "t"."LoadedAt", "t"."RuleVersion", "t"."SnapshotId", "t"."Source"
FROM "TaskTypeStationBindingSetVersions" AS "t"
WHERE "t"."MapId" = @__mapId_0 AND "t"."Version" = @__version_1
LIMIT 2
[16:57:57 INF] Executed DbCommand (0ms) [Parameters=[@__mapId_0='?' (DbType = Int32), @__version_1='?' (DbType = Int64)], CommandType='Text', CommandTimeout='30']
SELECT "t"."TaskType"
FROM "TaskTypeStationRequirements" AS "t"
WHERE "t"."MapId" = @__mapId_0 AND "t"."Version" = @__version_1
[16:57:57 INF] Executed DbCommand (0ms) [Parameters=[@__mapId_0='?' (DbType = Int32), @__version_1='?' (DbType = Int64)], CommandType='Text', CommandTimeout='30']
SELECT "t"."MapId", "t"."Version", "t"."TaskType", "t"."SiteVerificationRef", "t"."StationName", "t"."StationRiotId"
FROM "TaskTypeStationBindings" AS "t"
WHERE "t"."MapId" = @__mapId_0 AND "t"."Version" = @__version_1
[16:57:57 INF] Executed DbCommand (0ms) [Parameters=[@__version_0='?' (DbType = Int64)], CommandType='Text', CommandTimeout='30']
SELECT "t"."Version", "t"."ContentSha256", "t"."LoadedAt", "t"."SnapshotId", "t"."Source"
FROM "TaskTypeStationRuleVersions" AS "t"
WHERE "t"."Version" = @__version_0
LIMIT 2
[16:57:57 INF] Executed DbCommand (0ms) [Parameters=[@__version_0='?' (DbType = Int64)], CommandType='Text', CommandTimeout='30']
SELECT "t"."Version", "t"."TaskType", "t"."FixedEnd"
FROM "TaskTypeStationRules" AS "t"
WHERE "t"."Version" = @__version_0
[16:57:57 INF] Executed DbCommand (0ms) [Parameters=[], CommandType='Text', CommandTimeout='30']
SELECT "a"."Id", "a"."ContentHash", "a"."DeploymentId", "a"."ImportedAt", "a"."Version"
FROM "AdmissionPolicyState" AS "a"
WHERE "a"."Id" = 1
LIMIT 2
[16:57:57 INF] Executed DbCommand (0ms) [Parameters=[], CommandType='Text', CommandTimeout='30']
SELECT "j"."DemandId", "j"."AgvId", "j"."AgvLifecycleGeneration", "j"."BlockReasonCode", "j"."BlockReasonSince", "j"."ConsumedSafetyResultMessageId", "j"."ConsumedSublotMessageId", "j"."CreatedAt", "j"."DispatchGeneration", "j"."DispatchZone", "j"."ExpectedBasketCount", "j"."GateMovementLegId", "j"."GatePlanMessageId", "j"."GateStationId", "j"."GateStationRiotId", "j"."GateUpperId", "j"."GateVehicleBusinessMessageId", "j"."GateWorklistMessageId", "j"."LoadCommandMessageId", "j"."LoadSlotOperationAttemptId", "j"."MapId", "j"."MapIdentity", "j"."OperationSessionId", "j"."PickupMovementLegId", "j"."PickupStationId", "j"."PickupStationRiotId", "j"."PickupUpperId", "j"."PlanMessageId", "j"."PlanRevision", "j"."PreDepartureSafetyCheckId", "j"."PreDepartureSafetyCheckMessageId", "j"."RouteEvidenceId", "j"."Stage", "j"."StationDepartureWaitStartedAt", "j"."SublotRequestMessageId", "j"."TargetSlotsJson", "j"."UnloadCommandMessageId", "j"."UnloadSlotOperationAttemptId", "j"."UpdatedAt", "j"."VehicleBusinessMessageId", "j"."VehicleBusinessRevision", "j"."VehicleKey", "j"."WorklistMessageId", "j"."WorklistRevision"
FROM "JourneyRuntimes" AS "j"
WHERE "j"."Stage" <> 'Completed'
[16:57:57 INF] Executed DbCommand (0ms) [Parameters=[], CommandType='Text', CommandTimeout='30']
SELECT "a"."DemandId"
FROM "AcceptedDemands" AS "a"
WHERE "a"."Status" NOT IN ('Succeeded', 'Cancelled')
[16:57:57 INF] Executed DbCommand (0ms) [Parameters=[], CommandType='Text', CommandTimeout='30']
SELECT "j"."DemandId"
FROM "JourneyRuntimes" AS "j"
[16:57:57 INF] Start processing HTTP request GET http://127.0.0.1:48409/api/v2/contract
[16:57:57 INF] Sending HTTP request GET http://127.0.0.1:48409/api/v2/contract
[16:57:57 INF] Received HTTP response headers after 1.5162ms - 200
[16:57:57 INF] End processing HTTP request after 3.1297ms - 200
[16:57:57 INF] Start processing HTTP request GET http://127.0.0.1:48409/api/v2/externally-readable-demand-catalog
[16:57:57 INF] Sending HTTP request GET http://127.0.0.1:48409/api/v2/externally-readable-demand-catalog
[16:57:57 INF] Received HTTP response headers after 1.4395ms - 200
[16:57:57 INF] End processing HTTP request after 2.8605ms - 200
[16:57:58 INF] Executed DbCommand (0ms) [Parameters=[], CommandType='Text', CommandTimeout='30']
SELECT "j"."DemandId", "j"."AcceptedAt", "j"."DecisionFingerprint", "j"."DemandCreatedAt", "j"."FirstSeenAt", "j"."LastSeenAt", "j"."ReasonCode", "j"."TransportDemandKey"
FROM "JourneyBacklog" AS "j"
[16:57:58 INF] Executed DbCommand (0ms) [Parameters=[], CommandType='Text', CommandTimeout='30']
SELECT "a"."DemandId"
FROM "AcceptedDemands" AS "a"
[16:57:58 INF] Executed DbCommand (0ms) [Parameters=[], CommandType='Text', CommandTimeout='30']
SELECT "v"."AgvId", "v"."TaskType", "v"."Allowed", "v"."ConfigurationVersion", "v"."UpdatedAt"
FROM "VehicleTaskTypeAdmissions" AS "v"
[16:57:58 INF] Executed DbCommand (0ms) [Parameters=[], CommandType='Text', CommandTimeout='30']
SELECT "v"."AgvId", "v"."ConfigurationVersion", "v"."RoundTimeoutMilliseconds", "v"."UpdatedAt"
FROM "VehicleDispatchBudgets" AS "v"
[16:57:58 INF] Executed DbCommand (0ms) [Parameters=[], CommandType='Text', CommandTimeout='30']
SELECT "d"."Zone", "d"."AgvId", "d"."ConfigurationVersion", "d"."UpdatedAt"
FROM "DispatchZoneVehicles" AS "d"
[16:57:58 INF] Executed DbCommand (0ms) [Parameters=[], CommandType='Text', CommandTimeout='30']
SELECT MAX("d"."Version")
FROM "DispatchZoneAreaAssignmentVersions" AS "d"
[16:57:58 INF] Executed DbCommand (0ms) [Parameters=[@__agvId_0='?' (Size = 10)], CommandType='Text', CommandTimeout='30']
SELECT "a"."SlotModelVersionId", "a"."SnapshotId"
FROM "ActiveSlotConfigurations" AS "a"
WHERE "a"."AgvId" = @__agvId_0
LIMIT 2
[16:57:58 INF] Executed DbCommand (0ms) [Parameters=[@__agvId_0='?' (Size = 10)], CommandType='Text', CommandTimeout='30']
SELECT "s"."SlotModelVersionId", "s"."CreatedAt"
FROM "SlotIoBindings" AS "s"
WHERE "s"."AgvId" = @__agvId_0 AND "s"."Status" = 'PUBLISHED'
[16:57:58 INF] Executed DbCommand (0ms) [Parameters=[@__agvId_0='?' (Size = 10)], CommandType='Text', CommandTimeout='30']
SELECT "s"."AgvId", "s"."ActiveUnlockSlotsJson", "s"."CapabilityHash", "s"."CapabilityRevision", "s"."DepartureSafe", "s"."ForcedRecoveryGeneration", "s"."ManifestSha256", "s"."PendingAttemptIdsJson", "s"."PendingResultIdsJson", "s"."ProfileId", "s"."ProtocolCommit", "s"."ProtocolVersion", "s"."ProvenRecoveryCheckpoint", "s"."Readiness", "s"."ReasonCode", "s"."RecoveryReportId", "s"."ReportedForcedRecoveryGeneration", "s"."ReportedSlotConfigurationFingerprint", "s"."SafetyHash", "s"."SafetyReasonCodesJson", "s"."SafetyRevision", "s"."SafetyUnknownPresent", "s"."SessionGeneration", "s"."UnsettledSlotOperationAttemptId", "s"."UpdatedAt"
FROM "SessionRecoveries" AS "s"
WHERE "s"."AgvId" = @__agvId_0 AND "s"."Readiness" = 'Ready'
LIMIT 2
[16:57:58 INF] Start processing HTTP request GET http://127.0.0.1:48408/api/task/vehicles/getVehicleInfoByDeviceKey?key=BROKERX-L2-0001
[16:57:58 INF] Sending HTTP request GET http://127.0.0.1:48408/api/task/vehicles/getVehicleInfoByDeviceKey?key=BROKERX-L2-0001
[16:57:58 INF] Received HTTP response headers after 1.801ms - 200
[16:57:58 INF] End processing HTTP request after 3.4011ms - 200
[16:57:58 INF] Executed DbCommand (0ms) [Parameters=[], CommandType='Text', CommandTimeout='30']
SELECT "s"."DemandId", "s"."ReasonCode", "s"."ClearedAt", "s"."DetailJson", "s"."FirstRaisedAt", "s"."LastSeenAt", "s"."TransportDemandKey"
FROM "StructuralDispatchBlocks" AS "s"
WHERE "s"."ClearedAt" IS NULL
[16:57:58 INF] Start processing HTTP request GET http://127.0.0.1:48408/api/imap/v1/mapInfo/stations/25
[16:57:58 INF] Sending HTTP request GET http://127.0.0.1:48408/api/imap/v1/mapInfo/stations/25
[16:57:58 INF] Received HTTP response headers after 1.753ms - 200
[16:57:58 INF] End processing HTTP request after 2.988ms - 200
[16:57:58 INF] Executed DbCommand (1ms) [Parameters=[@__mapId_0='?' (DbType = Int32)], CommandType='Text', CommandTimeout='30']
SELECT "t"."MapId", "t"."ActiveVersion", "t"."PendingVersion", "t"."State", "t"."UpdatedAt"
FROM "TaskTypeStationActiveBindingSets" AS "t"
WHERE "t"."MapId" = @__mapId_0
LIMIT 2
[16:57:58 INF] Executed DbCommand (0ms) [Parameters=[@__mapId_0='?' (DbType = Int32), @__version_1='?' (DbType = Int64)], CommandType='Text', CommandTimeout='30']
SELECT "t"."MapId", "t"."Version", "t"."CatalogRevision", "t"."ContentSha256", "t"."LoadedAt", "t"."RuleVersion", "t"."SnapshotId", "t"."Source"
FROM "TaskTypeStationBindingSetVersions" AS "t"
WHERE "t"."MapId" = @__mapId_0 AND "t"."Version" = @__version_1
LIMIT 2
[16:57:58 INF] Executed DbCommand (0ms) [Parameters=[@__mapId_0='?' (DbType = Int32), @__version_1='?' (DbType = Int64)], CommandType='Text', CommandTimeout='30']
SELECT "t"."TaskType"
FROM "TaskTypeStationRequirements" AS "t"
WHERE "t"."MapId" = @__mapId_0 AND "t"."Version" = @__version_1
[16:57:58 INF] Executed DbCommand (0ms) [Parameters=[@__mapId_0='?' (DbType = Int32), @__version_1='?' (DbType = Int64)], CommandType='Text', CommandTimeout='30']
SELECT "t"."MapId", "t"."Version", "t"."TaskType", "t"."SiteVerificationRef", "t"."StationName", "t"."StationRiotId"
FROM "TaskTypeStationBindings" AS "t"
WHERE "t"."MapId" = @__mapId_0 AND "t"."Version" = @__version_1
[16:57:58 INF] Executed DbCommand (0ms) [Parameters=[@__version_0='?' (DbType = Int64)], CommandType='Text', CommandTimeout='30']
SELECT "t"."Version", "t"."ContentSha256", "t"."LoadedAt", "t"."SnapshotId", "t"."Source"
FROM "TaskTypeStationRuleVersions" AS "t"
WHERE "t"."Version" = @__version_0
LIMIT 2
[16:57:58 INF] Executed DbCommand (0ms) [Parameters=[@__version_0='?' (DbType = Int64)], CommandType='Text', CommandTimeout='30']
SELECT "t"."Version", "t"."TaskType", "t"."FixedEnd"
FROM "TaskTypeStationRules" AS "t"
WHERE "t"."Version" = @__version_0
[16:57:58 INF] Executed DbCommand (0ms) [Parameters=[@__mapId_0='?' (DbType = Int32)], CommandType='Text', CommandTimeout='30']
SELECT "t"."MapId", "t"."ActiveVersion", "t"."PendingVersion", "t"."State", "t"."UpdatedAt"
FROM "TaskTypeStationActiveBindingSets" AS "t"
WHERE "t"."MapId" = @__mapId_0
LIMIT 2
[16:57:58 INF] Executed DbCommand (0ms) [Parameters=[@__mapId_0='?' (DbType = Int32)], CommandType='Text', CommandTimeout='30']
SELECT "t"."HoldId", "t"."DetailJson", "t"."MapId", "t"."RaisedAt", "t"."RaisedBy", "t"."ReasonCode", "t"."ReleasedAt", "t"."ReleasedBy", "t"."Source", "t"."TaskType"
FROM "TaskTypeStationHolds" AS "t"
WHERE "t"."MapId" = @__mapId_0 AND "t"."ReleasedAt" IS NULL
[16:57:58 INF] Executed DbCommand (0ms) [Parameters=[@__mapId_0='?' (DbType = Int32)], CommandType='Text', CommandTimeout='30']
SELECT "m"."MapId", "m"."ApprovedMaxUnconfirmedSeconds", "m"."ApprovedSyncPeriodSeconds", "m"."CatalogRevision", "m"."LastAttemptAt", "m"."LastCompleteConfirmationAt", "m"."LastFailureReason", "m"."State", "m"."UpdatedAt"
FROM "MapStationCatalogStates" AS "m"
WHERE "m"."MapId" = @__mapId_0
LIMIT 2
[16:57:58 INF] Executed DbCommand (0ms) [Parameters=[@p3='?' (DbType = Int32), @p0='?' (DbType = DateTimeOffset), @p1='?' (DbType = DateTimeOffset), @p2='?' (DbType = DateTimeOffset)], CommandType='Text', CommandTimeout='30']
UPDATE "MapStationCatalogStates" SET "LastAttemptAt" = @p0, "LastCompleteConfirmationAt" = @p1, "UpdatedAt" = @p2
WHERE "MapId" = @p3
RETURNING 1;
[16:57:58 INF] Executed DbCommand (0ms) [Parameters=[@__mapId_0='?' (DbType = Int32)], CommandType='Text', CommandTimeout='30']
SELECT "t"."MapId", "t"."ActiveVersion", "t"."PendingVersion", "t"."State", "t"."UpdatedAt"
FROM "TaskTypeStationActiveBindingSets" AS "t"
WHERE "t"."MapId" = @__mapId_0
LIMIT 2
[16:57:58 INF] Executed DbCommand (0ms) [Parameters=[@__mapId_0='?' (DbType = Int32), @__version_1='?' (DbType = Int64)], CommandType='Text', CommandTimeout='30']
SELECT "t"."MapId", "t"."Version", "t"."CatalogRevision", "t"."ContentSha256", "t"."LoadedAt", "t"."RuleVersion", "t"."SnapshotId", "t"."Source"
FROM "TaskTypeStationBindingSetVersions" AS "t"
WHERE "t"."MapId" = @__mapId_0 AND "t"."Version" = @__version_1
LIMIT 2
[16:57:58 INF] Executed DbCommand (0ms) [Parameters=[@__mapId_0='?' (DbType = Int32), @__version_1='?' (DbType = Int64)], CommandType='Text', CommandTimeout='30']
SELECT "t"."TaskType"
FROM "TaskTypeStationRequirements" AS "t"
WHERE "t"."MapId" = @__mapId_0 AND "t"."Version" = @__version_1
[16:57:58 INF] Executed DbCommand (0ms) [Parameters=[@__mapId_0='?' (DbType = Int32), @__version_1='?' (DbType = Int64)], CommandType='Text', CommandTimeout='30']
SELECT "t"."MapId", "t"."Version", "t"."TaskType", "t"."SiteVerificationRef", "t"."StationName", "t"."StationRiotId"
FROM "TaskTypeStationBindings" AS "t"
WHERE "t"."MapId" = @__mapId_0 AND "t"."Version" = @__version_1
[16:57:58 INF] Executed DbCommand (0ms) [Parameters=[@__version_0='?' (DbType = Int64)], CommandType='Text', CommandTimeout='30']
SELECT "t"."Version", "t"."ContentSha256", "t"."LoadedAt", "t"."SnapshotId", "t"."Source"
FROM "TaskTypeStationRuleVersions" AS "t"
WHERE "t"."Version" = @__version_0
LIMIT 2
[16:57:58 INF] Executed DbCommand (0ms) [Parameters=[@__version_0='?' (DbType = Int64)], CommandType='Text', CommandTimeout='30']
SELECT "t"."Version", "t"."TaskType", "t"."FixedEnd"
FROM "TaskTypeStationRules" AS "t"
WHERE "t"."Version" = @__version_0
[16:57:58 INF] Executed DbCommand (0ms) [Parameters=[], CommandType='Text', CommandTimeout='30']
SELECT "a"."Id", "a"."ContentHash", "a"."DeploymentId", "a"."ImportedAt", "a"."Version"
FROM "AdmissionPolicyState" AS "a"
WHERE "a"."Id" = 1
LIMIT 2
[16:57:58 INF] Executed DbCommand (0ms) [Parameters=[], CommandType='Text', CommandTimeout='30']
SELECT "j"."DemandId", "j"."AgvId", "j"."AgvLifecycleGeneration", "j"."BlockReasonCode", "j"."BlockReasonSince", "j"."ConsumedSafetyResultMessageId", "j"."ConsumedSublotMessageId", "j"."CreatedAt", "j"."DispatchGeneration", "j"."DispatchZone", "j"."ExpectedBasketCount", "j"."GateMovementLegId", "j"."GatePlanMessageId", "j"."GateStationId", "j"."GateStationRiotId", "j"."GateUpperId", "j"."GateVehicleBusinessMessageId", "j"."GateWorklistMessageId", "j"."LoadCommandMessageId", "j"."LoadSlotOperationAttemptId", "j"."MapId", "j"."MapIdentity", "j"."OperationSessionId", "j"."PickupMovementLegId", "j"."PickupStationId", "j"."PickupStationRiotId", "j"."PickupUpperId", "j"."PlanMessageId", "j"."PlanRevision", "j"."PreDepartureSafetyCheckId", "j"."PreDepartureSafetyCheckMessageId", "j"."RouteEvidenceId", "j"."Stage", "j"."StationDepartureWaitStartedAt", "j"."SublotRequestMessageId", "j"."TargetSlotsJson", "j"."UnloadCommandMessageId", "j"."UnloadSlotOperationAttemptId", "j"."UpdatedAt", "j"."VehicleBusinessMessageId", "j"."VehicleBusinessRevision", "j"."VehicleKey", "j"."WorklistMessageId", "j"."WorklistRevision"
FROM "JourneyRuntimes" AS "j"
WHERE "j"."Stage" <> 'Completed'
[16:57:58 INF] Executed DbCommand (0ms) [Parameters=[], CommandType='Text', CommandTimeout='30']
SELECT "a"."DemandId"
FROM "AcceptedDemands" AS "a"
WHERE "a"."Status" NOT IN ('Succeeded', 'Cancelled')
[16:57:58 INF] Executed DbCommand (0ms) [Parameters=[], CommandType='Text', CommandTimeout='30']
SELECT "j"."DemandId"
FROM "JourneyRuntimes" AS "j"
[16:57:58 INF] Start processing HTTP request GET http://127.0.0.1:48409/api/v2/contract
[16:57:58 INF] Sending HTTP request GET http://127.0.0.1:48409/api/v2/contract
[16:57:58 INF] Received HTTP response headers after 2.1004ms - 200
[16:57:58 INF] End processing HTTP request after 3.9153ms - 200
[16:57:58 INF] Start processing HTTP request GET http://127.0.0.1:48409/api/v2/externally-readable-demand-catalog
[16:57:58 INF] Sending HTTP request GET http://127.0.0.1:48409/api/v2/externally-readable-demand-catalog
[16:57:58 INF] Received HTTP response headers after 1.5968ms - 200
[16:57:58 INF] End processing HTTP request after 3.3918ms - 200
[16:57:58 INF] Executed DbCommand (0ms) [Parameters=[], CommandType='Text', CommandTimeout='30']
SELECT "j"."DemandId", "j"."AcceptedAt", "j"."DecisionFingerprint", "j"."DemandCreatedAt", "j"."FirstSeenAt", "j"."LastSeenAt", "j"."ReasonCode", "j"."TransportDemandKey"
FROM "JourneyBacklog" AS "j"
[16:57:58 INF] Executed DbCommand (0ms) [Parameters=[], CommandType='Text', CommandTimeout='30']
SELECT "a"."DemandId"
FROM "AcceptedDemands" AS "a"
[16:57:59 INF] Executed DbCommand (0ms) [Parameters=[], CommandType='Text', CommandTimeout='30']
SELECT "v"."AgvId", "v"."TaskType", "v"."Allowed", "v"."ConfigurationVersion", "v"."UpdatedAt"
FROM "VehicleTaskTypeAdmissions" AS "v"
[16:57:59 INF] Executed DbCommand (0ms) [Parameters=[], CommandType='Text', CommandTimeout='30']
SELECT "v"."AgvId", "v"."ConfigurationVersion", "v"."RoundTimeoutMilliseconds", "v"."UpdatedAt"
FROM "VehicleDispatchBudgets" AS "v"
[16:57:59 INF] Executed DbCommand (0ms) [Parameters=[], CommandType='Text', CommandTimeout='30']
SELECT "d"."Zone", "d"."AgvId", "d"."ConfigurationVersion", "d"."UpdatedAt"
FROM "DispatchZoneVehicles" AS "d"
[16:57:59 INF] Executed DbCommand (0ms) [Parameters=[], CommandType='Text', CommandTimeout='30']
SELECT MAX("d"."Version")
FROM "DispatchZoneAreaAssignmentVersions" AS "d"
[16:57:59 INF] Executed DbCommand (0ms) [Parameters=[@__agvId_0='?' (Size = 10)], CommandType='Text', CommandTimeout='30']
SELECT "a"."SlotModelVersionId", "a"."SnapshotId"
FROM "ActiveSlotConfigurations" AS "a"
WHERE "a"."AgvId" = @__agvId_0
LIMIT 2
[16:57:59 INF] Executed DbCommand (0ms) [Parameters=[@__agvId_0='?' (Size = 10)], CommandType='Text', CommandTimeout='30']
SELECT "s"."SlotModelVersionId", "s"."CreatedAt"
FROM "SlotIoBindings" AS "s"
WHERE "s"."AgvId" = @__agvId_0 AND "s"."Status" = 'PUBLISHED'
[16:57:59 INF] Executed DbCommand (0ms) [Parameters=[@__agvId_0='?' (Size = 10)], CommandType='Text', CommandTimeout='30']
SELECT "s"."AgvId", "s"."ActiveUnlockSlotsJson", "s"."CapabilityHash", "s"."CapabilityRevision", "s"."DepartureSafe", "s"."ForcedRecoveryGeneration", "s"."ManifestSha256", "s"."PendingAttemptIdsJson", "s"."PendingResultIdsJson", "s"."ProfileId", "s"."ProtocolCommit", "s"."ProtocolVersion", "s"."ProvenRecoveryCheckpoint", "s"."Readiness", "s"."ReasonCode", "s"."RecoveryReportId", "s"."ReportedForcedRecoveryGeneration", "s"."ReportedSlotConfigurationFingerprint", "s"."SafetyHash", "s"."SafetyReasonCodesJson", "s"."SafetyRevision", "s"."SafetyUnknownPresent", "s"."SessionGeneration", "s"."UnsettledSlotOperationAttemptId", "s"."UpdatedAt"
FROM "SessionRecoveries" AS "s"
WHERE "s"."AgvId" = @__agvId_0 AND "s"."Readiness" = 'Ready'
LIMIT 2
[16:57:59 INF] Start processing HTTP request GET http://127.0.0.1:48408/api/task/vehicles/getVehicleInfoByDeviceKey?key=BROKERX-L2-0001
[16:57:59 INF] Sending HTTP request GET http://127.0.0.1:48408/api/task/vehicles/getVehicleInfoByDeviceKey?key=BROKERX-L2-0001
[16:57:59 INF] Received HTTP response headers after 2.0649ms - 200
[16:57:59 INF] End processing HTTP request after 3.451ms - 200
[16:57:59 INF] Executed DbCommand (0ms) [Parameters=[], CommandType='Text', CommandTimeout='30']
SELECT "s"."DemandId", "s"."ReasonCode", "s"."ClearedAt", "s"."DetailJson", "s"."FirstRaisedAt", "s"."LastSeenAt", "s"."TransportDemandKey"
FROM "StructuralDispatchBlocks" AS "s"
WHERE "s"."ClearedAt" IS NULL
[16:57:59 INF] Start processing HTTP request GET http://127.0.0.1:48408/api/imap/v1/mapInfo/stations/25
[16:57:59 INF] Sending HTTP request GET http://127.0.0.1:48408/api/imap/v1/mapInfo/stations/25
[16:57:59 INF] Received HTTP response headers after 7.475ms - 200
[16:57:59 INF] End processing HTTP request after 9.1387ms - 200
[16:57:59 INF] Executed DbCommand (0ms) [Parameters=[@__mapId_0='?' (DbType = Int32)], CommandType='Text', CommandTimeout='30']
SELECT "t"."MapId", "t"."ActiveVersion", "t"."PendingVersion", "t"."State", "t"."UpdatedAt"
FROM "TaskTypeStationActiveBindingSets" AS "t"
WHERE "t"."MapId" = @__mapId_0
LIMIT 2
[16:57:59 INF] Executed DbCommand (0ms) [Parameters=[@__mapId_0='?' (DbType = Int32), @__version_1='?' (DbType = Int64)], CommandType='Text', CommandTimeout='30']
SELECT "t"."MapId", "t"."Version", "t"."CatalogRevision", "t"."ContentSha256", "t"."LoadedAt", "t"."RuleVersion", "t"."SnapshotId", "t"."Source"
FROM "TaskTypeStationBindingSetVersions" AS "t"
WHERE "t"."MapId" = @__mapId_0 AND "t"."Version" = @__version_1
LIMIT 2
[16:57:59 INF] Executed DbCommand (0ms) [Parameters=[@__mapId_0='?' (DbType = Int32), @__version_1='?' (DbType = Int64)], CommandType='Text', CommandTimeout='30']
SELECT "t"."TaskType"
FROM "TaskTypeStationRequirements" AS "t"
WHERE "t"."MapId" = @__mapId_0 AND "t"."Version" = @__version_1
[16:57:59 INF] Executed DbCommand (0ms) [Parameters=[@__mapId_0='?' (DbType = Int32), @__version_1='?' (DbType = Int64)], CommandType='Text', CommandTimeout='30']
SELECT "t"."MapId", "t"."Version", "t"."TaskType", "t"."SiteVerificationRef", "t"."StationName", "t"."StationRiotId"
FROM "TaskTypeStationBindings" AS "t"
WHERE "t"."MapId" = @__mapId_0 AND "t"."Version" = @__version_1
[16:57:59 INF] Executed DbCommand (0ms) [Parameters=[@__version_0='?' (DbType = Int64)], CommandType='Text', CommandTimeout='30']
SELECT "t"."Version", "t"."ContentSha256", "t"."LoadedAt", "t"."SnapshotId", "t"."Source"
FROM "TaskTypeStationRuleVersions" AS "t"
WHERE "t"."Version" = @__version_0
LIMIT 2
[16:57:59 INF] Executed DbCommand (0ms) [Parameters=[@__version_0='?' (DbType = Int64)], CommandType='Text', CommandTimeout='30']
SELECT "t"."Version", "t"."TaskType", "t"."FixedEnd"
FROM "TaskTypeStationRules" AS "t"
WHERE "t"."Version" = @__version_0
[16:57:59 INF] Executed DbCommand (0ms) [Parameters=[@__mapId_0='?' (DbType = Int32)], CommandType='Text', CommandTimeout='30']
SELECT "t"."MapId", "t"."ActiveVersion", "t"."PendingVersion", "t"."State", "t"."UpdatedAt"
FROM "TaskTypeStationActiveBindingSets" AS "t"
WHERE "t"."MapId" = @__mapId_0
LIMIT 2
[16:57:59 INF] Executed DbCommand (0ms) [Parameters=[@__mapId_0='?' (DbType = Int32)], CommandType='Text', CommandTimeout='30']
SELECT "t"."HoldId", "t"."DetailJson", "t"."MapId", "t"."RaisedAt", "t"."RaisedBy", "t"."ReasonCode", "t"."ReleasedAt", "t"."ReleasedBy", "t"."Source", "t"."TaskType"
FROM "TaskTypeStationHolds" AS "t"
WHERE "t"."MapId" = @__mapId_0 AND "t"."ReleasedAt" IS NULL
[16:57:59 INF] Executed DbCommand (0ms) [Parameters=[@__mapId_0='?' (DbType = Int32)], CommandType='Text', CommandTimeout='30']
SELECT "m"."MapId", "m"."ApprovedMaxUnconfirmedSeconds", "m"."ApprovedSyncPeriodSeconds", "m"."CatalogRevision", "m"."LastAttemptAt", "m"."LastCompleteConfirmationAt", "m"."LastFailureReason", "m"."State", "m"."UpdatedAt"
FROM "MapStationCatalogStates" AS "m"
WHERE "m"."MapId" = @__mapId_0
LIMIT 2
[16:57:59 INF] Executed DbCommand (0ms) [Parameters=[@p3='?' (DbType = Int32), @p0='?' (DbType = DateTimeOffset), @p1='?' (DbType = DateTimeOffset), @p2='?' (DbType = DateTimeOffset)], CommandType='Text', CommandTimeout='30']
UPDATE "MapStationCatalogStates" SET "LastAttemptAt" = @p0, "LastCompleteConfirmationAt" = @p1, "UpdatedAt" = @p2
WHERE "MapId" = @p3
RETURNING 1;
[16:57:59 INF] Executed DbCommand (0ms) [Parameters=[@__mapId_0='?' (DbType = Int32)], CommandType='Text', CommandTimeout='30']
SELECT "t"."MapId", "t"."ActiveVersion", "t"."PendingVersion", "t"."State", "t"."UpdatedAt"
FROM "TaskTypeStationActiveBindingSets" AS "t"
WHERE "t"."MapId" = @__mapId_0
LIMIT 2
[16:57:59 INF] Executed DbCommand (0ms) [Parameters=[@__mapId_0='?' (DbType = Int32), @__version_1='?' (DbType = Int64)], CommandType='Text', CommandTimeout='30']
SELECT "t"."MapId", "t"."Version", "t"."CatalogRevision", "t"."ContentSha256", "t"."LoadedAt", "t"."RuleVersion", "t"."SnapshotId", "t"."Source"
FROM "TaskTypeStationBindingSetVersions" AS "t"
WHERE "t"."MapId" = @__mapId_0 AND "t"."Version" = @__version_1
LIMIT 2
[16:57:59 INF] Executed DbCommand (0ms) [Parameters=[@__mapId_0='?' (DbType = Int32), @__version_1='?' (DbType = Int64)], CommandType='Text', CommandTimeout='30']
SELECT "t"."TaskType"
FROM "TaskTypeStationRequirements" AS "t"
WHERE "t"."MapId" = @__mapId_0 AND "t"."Version" = @__version_1
[16:57:59 INF] Executed DbCommand (0ms) [Parameters=[@__mapId_0='?' (DbType = Int32), @__version_1='?' (DbType = Int64)], CommandType='Text', CommandTimeout='30']
SELECT "t"."MapId", "t"."Version", "t"."TaskType", "t"."SiteVerificationRef", "t"."StationName", "t"."StationRiotId"
FROM "TaskTypeStationBindings" AS "t"
WHERE "t"."MapId" = @__mapId_0 AND "t"."Version" = @__version_1
[16:57:59 INF] Executed DbCommand (0ms) [Parameters=[@__version_0='?' (DbType = Int64)], CommandType='Text', CommandTimeout='30']
SELECT "t"."Version", "t"."ContentSha256", "t"."LoadedAt", "t"."SnapshotId", "t"."Source"
FROM "TaskTypeStationRuleVersions" AS "t"
WHERE "t"."Version" = @__version_0
LIMIT 2
[16:57:59 INF] Executed DbCommand (0ms) [Parameters=[@__version_0='?' (DbType = Int64)], CommandType='Text', CommandTimeout='30']
SELECT "t"."Version", "t"."TaskType", "t"."FixedEnd"
FROM "TaskTypeStationRules" AS "t"
WHERE "t"."Version" = @__version_0
[16:57:59 INF] Executed DbCommand (0ms) [Parameters=[], CommandType='Text', CommandTimeout='30']
SELECT "a"."Id", "a"."ContentHash", "a"."DeploymentId", "a"."ImportedAt", "a"."Version"
FROM "AdmissionPolicyState" AS "a"
WHERE "a"."Id" = 1
LIMIT 2
[16:57:59 INF] Executed DbCommand (0ms) [Parameters=[], CommandType='Text', CommandTimeout='30']
SELECT "j"."DemandId", "j"."AgvId", "j"."AgvLifecycleGeneration", "j"."BlockReasonCode", "j"."BlockReasonSince", "j"."ConsumedSafetyResultMessageId", "j"."ConsumedSublotMessageId", "j"."CreatedAt", "j"."DispatchGeneration", "j"."DispatchZone", "j"."ExpectedBasketCount", "j"."GateMovementLegId", "j"."GatePlanMessageId", "j"."GateStationId", "j"."GateStationRiotId", "j"."GateUpperId", "j"."GateVehicleBusinessMessageId", "j"."GateWorklistMessageId", "j"."LoadCommandMessageId", "j"."LoadSlotOperationAttemptId", "j"."MapId", "j"."MapIdentity", "j"."OperationSessionId", "j"."PickupMovementLegId", "j"."PickupStationId", "j"."PickupStationRiotId", "j"."PickupUpperId", "j"."PlanMessageId", "j"."PlanRevision", "j"."PreDepartureSafetyCheckId", "j"."PreDepartureSafetyCheckMessageId", "j"."RouteEvidenceId", "j"."Stage", "j"."StationDepartureWaitStartedAt", "j"."SublotRequestMessageId", "j"."TargetSlotsJson", "j"."UnloadCommandMessageId", "j"."UnloadSlotOperationAttemptId", "j"."UpdatedAt", "j"."VehicleBusinessMessageId", "j"."VehicleBusinessRevision", "j"."VehicleKey", "j"."WorklistMessageId", "j"."WorklistRevision"
FROM "JourneyRuntimes" AS "j"
WHERE "j"."Stage" <> 'Completed'
[16:57:59 INF] Executed DbCommand (0ms) [Parameters=[], CommandType='Text', CommandTimeout='30']
SELECT "a"."DemandId"
FROM "AcceptedDemands" AS "a"
WHERE "a"."Status" NOT IN ('Succeeded', 'Cancelled')
[16:57:59 INF] Executed DbCommand (0ms) [Parameters=[], CommandType='Text', CommandTimeout='30']
SELECT "j"."DemandId"
FROM "JourneyRuntimes" AS "j"
[16:57:59 INF] Start processing HTTP request GET http://127.0.0.1:48409/api/v2/contract
[16:57:59 INF] Sending HTTP request GET http://127.0.0.1:48409/api/v2/contract
[16:57:59 INF] Received HTTP response headers after 1.7859ms - 200
[16:57:59 INF] End processing HTTP request after 3.0482ms - 200
[16:58:00 INF] Start processing HTTP request GET http://127.0.0.1:48409/api/v2/externally-readable-demand-catalog
[16:58:00 INF] Sending HTTP request GET http://127.0.0.1:48409/api/v2/externally-readable-demand-catalog
[16:58:00 INF] Received HTTP response headers after 1.5386ms - 200
[16:58:00 INF] End processing HTTP request after 3.2114ms - 200
[16:58:00 INF] Executed DbCommand (0ms) [Parameters=[], CommandType='Text', CommandTimeout='30']
SELECT "j"."DemandId", "j"."AcceptedAt", "j"."DecisionFingerprint", "j"."DemandCreatedAt", "j"."FirstSeenAt", "j"."LastSeenAt", "j"."ReasonCode", "j"."TransportDemandKey"
FROM "JourneyBacklog" AS "j"
[16:58:00 INF] Executed DbCommand (0ms) [Parameters=[], CommandType='Text', CommandTimeout='30']
SELECT "a"."DemandId"
FROM "AcceptedDemands" AS "a"
[16:58:00 INF] Executed DbCommand (0ms) [Parameters=[], CommandType='Text', CommandTimeout='30']
SELECT "v"."AgvId", "v"."TaskType", "v"."Allowed", "v"."ConfigurationVersion", "v"."UpdatedAt"
FROM "VehicleTaskTypeAdmissions" AS "v"
[16:58:00 INF] Executed DbCommand (0ms) [Parameters=[], CommandType='Text', CommandTimeout='30']
SELECT "v"."AgvId", "v"."ConfigurationVersion", "v"."RoundTimeoutMilliseconds", "v"."UpdatedAt"
FROM "VehicleDispatchBudgets" AS "v"
[16:58:00 INF] Executed DbCommand (0ms) [Parameters=[], CommandType='Text', CommandTimeout='30']
SELECT "d"."Zone", "d"."AgvId", "d"."ConfigurationVersion", "d"."UpdatedAt"
FROM "DispatchZoneVehicles" AS "d"
[16:58:00 INF] Executed DbCommand (0ms) [Parameters=[], CommandType='Text', CommandTimeout='30']
SELECT MAX("d"."Version")
FROM "DispatchZoneAreaAssignmentVersions" AS "d"
[16:58:00 INF] Executed DbCommand (0ms) [Parameters=[@__agvId_0='?' (Size = 10)], CommandType='Text', CommandTimeout='30']
SELECT "a"."SlotModelVersionId", "a"."SnapshotId"
FROM "ActiveSlotConfigurations" AS "a"
WHERE "a"."AgvId" = @__agvId_0
LIMIT 2
[16:58:00 INF] Executed DbCommand (0ms) [Parameters=[@__agvId_0='?' (Size = 10)], CommandType='Text', CommandTimeout='30']
SELECT "s"."SlotModelVersionId", "s"."CreatedAt"
FROM "SlotIoBindings" AS "s"
WHERE "s"."AgvId" = @__agvId_0 AND "s"."Status" = 'PUBLISHED'
[16:58:00 INF] Executed DbCommand (0ms) [Parameters=[@__agvId_0='?' (Size = 10)], CommandType='Text', CommandTimeout='30']
SELECT "s"."AgvId", "s"."ActiveUnlockSlotsJson", "s"."CapabilityHash", "s"."CapabilityRevision", "s"."DepartureSafe", "s"."ForcedRecoveryGeneration", "s"."ManifestSha256", "s"."PendingAttemptIdsJson", "s"."PendingResultIdsJson", "s"."ProfileId", "s"."ProtocolCommit", "s"."ProtocolVersion", "s"."ProvenRecoveryCheckpoint", "s"."Readiness", "s"."ReasonCode", "s"."RecoveryReportId", "s"."ReportedForcedRecoveryGeneration", "s"."ReportedSlotConfigurationFingerprint", "s"."SafetyHash", "s"."SafetyReasonCodesJson", "s"."SafetyRevision", "s"."SafetyUnknownPresent", "s"."SessionGeneration", "s"."UnsettledSlotOperationAttemptId", "s"."UpdatedAt"
FROM "SessionRecoveries" AS "s"
WHERE "s"."AgvId" = @__agvId_0 AND "s"."Readiness" = 'Ready'
LIMIT 2
[16:58:00 INF] Start processing HTTP request GET http://127.0.0.1:48408/api/task/vehicles/getVehicleInfoByDeviceKey?key=BROKERX-L2-0001
[16:58:00 INF] Sending HTTP request GET http://127.0.0.1:48408/api/task/vehicles/getVehicleInfoByDeviceKey?key=BROKERX-L2-0001
[16:58:00 INF] Received HTTP response headers after 4.3258ms - 200
[16:58:00 INF] End processing HTTP request after 5.9811ms - 200
[16:58:00 INF] Executed DbCommand (0ms) [Parameters=[], CommandType='Text', CommandTimeout='30']
SELECT "s"."DemandId", "s"."ReasonCode", "s"."ClearedAt", "s"."DetailJson", "s"."FirstRaisedAt", "s"."LastSeenAt", "s"."TransportDemandKey"
FROM "StructuralDispatchBlocks" AS "s"
WHERE "s"."ClearedAt" IS NULL
[16:58:00 INF] Start processing HTTP request GET http://127.0.0.1:48408/api/task/v1/task/getVehicleInfo/BROKERX-L2-0001
[16:58:00 INF] Sending HTTP request GET http://127.0.0.1:48408/api/task/v1/task/getVehicleInfo/BROKERX-L2-0001
[16:58:00 INF] Received HTTP response headers after 11.8566ms - 200
[16:58:00 INF] End processing HTTP request after 13.7023ms - 200
[16:58:00 INF] Start processing HTTP request GET http://127.0.0.1:48408/api/order/v1/orderRecord?pageNum=1&pageSize=100&filterByState=1&filterByState=3&filterByState=7&filterByState=9
[16:58:00 INF] Sending HTTP request GET http://127.0.0.1:48408/api/order/v1/orderRecord?pageNum=1&pageSize=100&filterByState=1&filterByState=3&filterByState=7&filterByState=9
[16:58:00 INF] Received HTTP response headers after 15.893ms - 200
[16:58:00 INF] End processing HTTP request after 17.5868ms - 200
[16:58:00 INF] HTTP GET /api/onboard/v1/vehicle-safety responded 200 in 115.3291 ms
[16:58:00 INF] Start processing HTTP request GET http://127.0.0.1:48408/api/imap/v1/mapInfo/stations/25
[16:58:00 INF] Sending HTTP request GET http://127.0.0.1:48408/api/imap/v1/mapInfo/stations/25
[16:58:00 INF] Received HTTP response headers after 2.1628ms - 200
[16:58:00 INF] End processing HTTP request after 3.9088ms - 200
[16:58:00 INF] Executed DbCommand (0ms) [Parameters=[@__mapId_0='?' (DbType = Int32)], CommandType='Text', CommandTimeout='30']
SELECT "t"."MapId", "t"."ActiveVersion", "t"."PendingVersion", "t"."State", "t"."UpdatedAt"
FROM "TaskTypeStationActiveBindingSets" AS "t"
WHERE "t"."MapId" = @__mapId_0
LIMIT 2
[16:58:00 INF] Executed DbCommand (0ms) [Parameters=[@__mapId_0='?' (DbType = Int32), @__version_1='?' (DbType = Int64)], CommandType='Text', CommandTimeout='30']
SELECT "t"."MapId", "t"."Version", "t"."CatalogRevision", "t"."ContentSha256", "t"."LoadedAt", "t"."RuleVersion", "t"."SnapshotId", "t"."Source"
FROM "TaskTypeStationBindingSetVersions" AS "t"
WHERE "t"."MapId" = @__mapId_0 AND "t"."Version" = @__version_1
LIMIT 2
[16:58:00 INF] Executed DbCommand (0ms) [Parameters=[@__mapId_0='?' (DbType = Int32), @__version_1='?' (DbType = Int64)], CommandType='Text', CommandTimeout='30']
SELECT "t"."TaskType"
FROM "TaskTypeStationRequirements" AS "t"
WHERE "t"."MapId" = @__mapId_0 AND "t"."Version" = @__version_1
[16:58:00 INF] Executed DbCommand (0ms) [Parameters=[@__mapId_0='?' (DbType = Int32), @__version_1='?' (DbType = Int64)], CommandType='Text', CommandTimeout='30']
SELECT "t"."MapId", "t"."Version", "t"."TaskType", "t"."SiteVerificationRef", "t"."StationName", "t"."StationRiotId"
FROM "TaskTypeStationBindings" AS "t"
WHERE "t"."MapId" = @__mapId_0 AND "t"."Version" = @__version_1
[16:58:00 INF] Executed DbCommand (0ms) [Parameters=[@__version_0='?' (DbType = Int64)], CommandType='Text', CommandTimeout='30']
SELECT "t"."Version", "t"."ContentSha256", "t"."LoadedAt", "t"."SnapshotId", "t"."Source"
FROM "TaskTypeStationRuleVersions" AS "t"
WHERE "t"."Version" = @__version_0
LIMIT 2
[16:58:00 INF] Executed DbCommand (0ms) [Parameters=[@__version_0='?' (DbType = Int64)], CommandType='Text', CommandTimeout='30']
SELECT "t"."Version", "t"."TaskType", "t"."FixedEnd"
FROM "TaskTypeStationRules" AS "t"
WHERE "t"."Version" = @__version_0
[16:58:00 INF] Executed DbCommand (0ms) [Parameters=[@__mapId_0='?' (DbType = Int32)], CommandType='Text', CommandTimeout='30']
SELECT "t"."MapId", "t"."ActiveVersion", "t"."PendingVersion", "t"."State", "t"."UpdatedAt"
FROM "TaskTypeStationActiveBindingSets" AS "t"
WHERE "t"."MapId" = @__mapId_0
LIMIT 2
[16:58:00 INF] Executed DbCommand (0ms) [Parameters=[@__mapId_0='?' (DbType = Int32)], CommandType='Text', CommandTimeout='30']
SELECT "t"."HoldId", "t"."DetailJson", "t"."MapId", "t"."RaisedAt", "t"."RaisedBy", "t"."ReasonCode", "t"."ReleasedAt", "t"."ReleasedBy", "t"."Source", "t"."TaskType"
FROM "TaskTypeStationHolds" AS "t"
WHERE "t"."MapId" = @__mapId_0 AND "t"."ReleasedAt" IS NULL
[16:58:00 INF] Executed DbCommand (0ms) [Parameters=[@__mapId_0='?' (DbType = Int32)], CommandType='Text', CommandTimeout='30']
SELECT "m"."MapId", "m"."ApprovedMaxUnconfirmedSeconds", "m"."ApprovedSyncPeriodSeconds", "m"."CatalogRevision", "m"."LastAttemptAt", "m"."LastCompleteConfirmationAt", "m"."LastFailureReason", "m"."State", "m"."UpdatedAt"
FROM "MapStationCatalogStates" AS "m"
WHERE "m"."MapId" = @__mapId_0
LIMIT 2
[16:58:00 INF] Executed DbCommand (0ms) [Parameters=[@p3='?' (DbType = Int32), @p0='?' (DbType = DateTimeOffset), @p1='?' (DbType = DateTimeOffset), @p2='?' (DbType = DateTimeOffset)], CommandType='Text', CommandTimeout='30']
UPDATE "MapStationCatalogStates" SET "LastAttemptAt" = @p0, "LastCompleteConfirmationAt" = @p1, "UpdatedAt" = @p2
WHERE "MapId" = @p3
RETURNING 1;
[16:58:00 INF] Executed DbCommand (0ms) [Parameters=[@__mapId_0='?' (DbType = Int32)], CommandType='Text', CommandTimeout='30']
SELECT "t"."MapId", "t"."ActiveVersion", "t"."PendingVersion", "t"."State", "t"."UpdatedAt"
FROM "TaskTypeStationActiveBindingSets" AS "t"
WHERE "t"."MapId" = @__mapId_0
LIMIT 2
[16:58:00 INF] Executed DbCommand (0ms) [Parameters=[@__mapId_0='?' (DbType = Int32), @__version_1='?' (DbType = Int64)], CommandType='Text', CommandTimeout='30']
SELECT "t"."MapId", "t"."Version", "t"."CatalogRevision", "t"."ContentSha256", "t"."LoadedAt", "t"."RuleVersion", "t"."SnapshotId", "t"."Source"
FROM "TaskTypeStationBindingSetVersions" AS "t"
WHERE "t"."MapId" = @__mapId_0 AND "t"."Version" = @__version_1
LIMIT 2
[16:58:00 INF] Executed DbCommand (0ms) [Parameters=[@__mapId_0='?' (DbType = Int32), @__version_1='?' (DbType = Int64)], CommandType='Text', CommandTimeout='30']
SELECT "t"."TaskType"
FROM "TaskTypeStationRequirements" AS "t"
WHERE "t"."MapId" = @__mapId_0 AND "t"."Version" = @__version_1
[16:58:00 INF] Executed DbCommand (0ms) [Parameters=[@__mapId_0='?' (DbType = Int32), @__version_1='?' (DbType = Int64)], CommandType='Text', CommandTimeout='30']
SELECT "t"."MapId", "t"."Version", "t"."TaskType", "t"."SiteVerificationRef", "t"."StationName", "t"."StationRiotId"
FROM "TaskTypeStationBindings" AS "t"
WHERE "t"."MapId" = @__mapId_0 AND "t"."Version" = @__version_1
[16:58:00 INF] Executed DbCommand (0ms) [Parameters=[@__version_0='?' (DbType = Int64)], CommandType='Text', CommandTimeout='30']
SELECT "t"."Version", "t"."ContentSha256", "t"."LoadedAt", "t"."SnapshotId", "t"."Source"
FROM "TaskTypeStationRuleVersions" AS "t"
WHERE "t"."Version" = @__version_0
LIMIT 2
[16:58:00 INF] Executed DbCommand (0ms) [Parameters=[@__version_0='?' (DbType = Int64)], CommandType='Text', CommandTimeout='30']
SELECT "t"."Version", "t"."TaskType", "t"."FixedEnd"
FROM "TaskTypeStationRules" AS "t"
WHERE "t"."Version" = @__version_0
[16:58:00 INF] Executed DbCommand (0ms) [Parameters=[], CommandType='Text', CommandTimeout='30']
SELECT "a"."Id", "a"."ContentHash", "a"."DeploymentId", "a"."ImportedAt", "a"."Version"
FROM "AdmissionPolicyState" AS "a"
WHERE "a"."Id" = 1
LIMIT 2
[16:58:00 INF] Executed DbCommand (0ms) [Parameters=[], CommandType='Text', CommandTimeout='30']
SELECT "j"."DemandId", "j"."AgvId", "j"."AgvLifecycleGeneration", "j"."BlockReasonCode", "j"."BlockReasonSince", "j"."ConsumedSafetyResultMessageId", "j"."ConsumedSublotMessageId", "j"."CreatedAt", "j"."DispatchGeneration", "j"."DispatchZone", "j"."ExpectedBasketCount", "j"."GateMovementLegId", "j"."GatePlanMessageId", "j"."GateStationId", "j"."GateStationRiotId", "j"."GateUpperId", "j"."GateVehicleBusinessMessageId", "j"."GateWorklistMessageId", "j"."LoadCommandMessageId", "j"."LoadSlotOperationAttemptId", "j"."MapId", "j"."MapIdentity", "j"."OperationSessionId", "j"."PickupMovementLegId", "j"."PickupStationId", "j"."PickupStationRiotId", "j"."PickupUpperId", "j"."PlanMessageId", "j"."PlanRevision", "j"."PreDepartureSafetyCheckId", "j"."PreDepartureSafetyCheckMessageId", "j"."RouteEvidenceId", "j"."Stage", "j"."StationDepartureWaitStartedAt", "j"."SublotRequestMessageId", "j"."TargetSlotsJson", "j"."UnloadCommandMessageId", "j"."UnloadSlotOperationAttemptId", "j"."UpdatedAt", "j"."VehicleBusinessMessageId", "j"."VehicleBusinessRevision", "j"."VehicleKey", "j"."WorklistMessageId", "j"."WorklistRevision"
FROM "JourneyRuntimes" AS "j"
WHERE "j"."Stage" <> 'Completed'
[16:58:00 INF] Executed DbCommand (0ms) [Parameters=[], CommandType='Text', CommandTimeout='30']
SELECT "a"."DemandId"
FROM "AcceptedDemands" AS "a"
WHERE "a"."Status" NOT IN ('Succeeded', 'Cancelled')
[16:58:00 INF] Executed DbCommand (0ms) [Parameters=[], CommandType='Text', CommandTimeout='30']
SELECT "j"."DemandId"
FROM "JourneyRuntimes" AS "j"
[16:58:00 INF] Start processing HTTP request GET http://127.0.0.1:48409/api/v2/contract
[16:58:00 INF] Sending HTTP request GET http://127.0.0.1:48409/api/v2/contract
[16:58:00 INF] Received HTTP response headers after 1.3417ms - 200
[16:58:00 INF] End processing HTTP request after 2.3189ms - 200
[16:58:00 INF] Start processing HTTP request GET http://127.0.0.1:48409/api/v2/externally-readable-demand-catalog
[16:58:00 INF] Sending HTTP request GET http://127.0.0.1:48409/api/v2/externally-readable-demand-catalog
[16:58:00 INF] Received HTTP response headers after 1.5843ms - 200
[16:58:00 INF] End processing HTTP request after 2.8893ms - 200
[16:58:00 INF] Executed DbCommand (0ms) [Parameters=[], CommandType='Text', CommandTimeout='30']
SELECT "j"."DemandId", "j"."AcceptedAt", "j"."DecisionFingerprint", "j"."DemandCreatedAt", "j"."FirstSeenAt", "j"."LastSeenAt", "j"."ReasonCode", "j"."TransportDemandKey"
FROM "JourneyBacklog" AS "j"
[16:58:00 INF] Executed DbCommand (0ms) [Parameters=[], CommandType='Text', CommandTimeout='30']
SELECT "a"."DemandId"
FROM "AcceptedDemands" AS "a"
[16:58:00 INF] Executed DbCommand (0ms) [Parameters=[], CommandType='Text', CommandTimeout='30']
SELECT "v"."AgvId", "v"."TaskType", "v"."Allowed", "v"."ConfigurationVersion", "v"."UpdatedAt"
FROM "VehicleTaskTypeAdmissions" AS "v"
[16:58:00 INF] Executed DbCommand (0ms) [Parameters=[], CommandType='Text', CommandTimeout='30']
SELECT "v"."AgvId", "v"."ConfigurationVersion", "v"."RoundTimeoutMilliseconds", "v"."UpdatedAt"
FROM "VehicleDispatchBudgets" AS "v"
[16:58:00 INF] Executed DbCommand (0ms) [Parameters=[], CommandType='Text', CommandTimeout='30']
SELECT "d"."Zone", "d"."AgvId", "d"."ConfigurationVersion", "d"."UpdatedAt"
FROM "DispatchZoneVehicles" AS "d"
[16:58:00 INF] Executed DbCommand (0ms) [Parameters=[], CommandType='Text', CommandTimeout='30']
SELECT MAX("d"."Version")
FROM "DispatchZoneAreaAssignmentVersions" AS "d"
[16:58:00 INF] Executed DbCommand (0ms) [Parameters=[@__agvId_0='?' (Size = 10)], CommandType='Text', CommandTimeout='30']
SELECT "a"."SlotModelVersionId", "a"."SnapshotId"
FROM "ActiveSlotConfigurations" AS "a"
WHERE "a"."AgvId" = @__agvId_0
LIMIT 2
[16:58:00 INF] Executed DbCommand (0ms) [Parameters=[@__agvId_0='?' (Size = 10)], CommandType='Text', CommandTimeout='30']
SELECT "s"."SlotModelVersionId", "s"."CreatedAt"
FROM "SlotIoBindings" AS "s"
WHERE "s"."AgvId" = @__agvId_0 AND "s"."Status" = 'PUBLISHED'
[16:58:00 INF] Executed DbCommand (0ms) [Parameters=[@__agvId_0='?' (Size = 10)], CommandType='Text', CommandTimeout='30']
SELECT "s"."AgvId", "s"."ActiveUnlockSlotsJson", "s"."CapabilityHash", "s"."CapabilityRevision", "s"."DepartureSafe", "s"."ForcedRecoveryGeneration", "s"."ManifestSha256", "s"."PendingAttemptIdsJson", "s"."PendingResultIdsJson", "s"."ProfileId", "s"."ProtocolCommit", "s"."ProtocolVersion", "s"."ProvenRecoveryCheckpoint", "s"."Readiness", "s"."ReasonCode", "s"."RecoveryReportId", "s"."ReportedForcedRecoveryGeneration", "s"."ReportedSlotConfigurationFingerprint", "s"."SafetyHash", "s"."SafetyReasonCodesJson", "s"."SafetyRevision", "s"."SafetyUnknownPresent", "s"."SessionGeneration", "s"."UnsettledSlotOperationAttemptId", "s"."UpdatedAt"
FROM "SessionRecoveries" AS "s"
WHERE "s"."AgvId" = @__agvId_0 AND "s"."Readiness" = 'Ready'
LIMIT 2
[16:58:00 INF] Start processing HTTP request GET http://127.0.0.1:48408/api/task/vehicles/getVehicleInfoByDeviceKey?key=BROKERX-L2-0001
[16:58:00 INF] Sending HTTP request GET http://127.0.0.1:48408/api/task/vehicles/getVehicleInfoByDeviceKey?key=BROKERX-L2-0001
[16:58:01 INF] Received HTTP response headers after 1.287ms - 200
[16:58:01 INF] End processing HTTP request after 2.3359ms - 200
[16:58:01 INF] Executed DbCommand (0ms) [Parameters=[], CommandType='Text', CommandTimeout='30']
SELECT "s"."DemandId", "s"."ReasonCode", "s"."ClearedAt", "s"."DetailJson", "s"."FirstRaisedAt", "s"."LastSeenAt", "s"."TransportDemandKey"
FROM "StructuralDispatchBlocks" AS "s"
WHERE "s"."ClearedAt" IS NULL
[16:58:01 INF] Start processing HTTP request GET http://127.0.0.1:48408/api/task/v1/task/getVehicleInfo/BROKERX-L2-0001
[16:58:01 INF] Sending HTTP request GET http://127.0.0.1:48408/api/task/v1/task/getVehicleInfo/BROKERX-L2-0001
[16:58:01 INF] Received HTTP response headers after 3.9362ms - 200
[16:58:01 INF] End processing HTTP request after 5.8004ms - 200
[16:58:01 INF] Start processing HTTP request GET http://127.0.0.1:48408/api/order/v1/orderRecord?pageNum=1&pageSize=100&filterByState=1&filterByState=3&filterByState=7&filterByState=9
[16:58:01 INF] Sending HTTP request GET http://127.0.0.1:48408/api/order/v1/orderRecord?pageNum=1&pageSize=100&filterByState=1&filterByState=3&filterByState=7&filterByState=9
[16:58:01 INF] Received HTTP response headers after 4.2585ms - 200
[16:58:01 INF] End processing HTTP request after 5.6404ms - 200
[16:58:01 INF] HTTP GET /api/onboard/v1/vehicle-safety responded 200 in 15.8246 ms
[16:58:01 INF] Start processing HTTP request GET http://127.0.0.1:48408/api/imap/v1/mapInfo/stations/25
[16:58:01 INF] Sending HTTP request GET http://127.0.0.1:48408/api/imap/v1/mapInfo/stations/25
[16:58:01 INF] Received HTTP response headers after 2.006ms - 200
[16:58:01 INF] End processing HTTP request after 4.2166ms - 200
[16:58:01 INF] Executed DbCommand (0ms) [Parameters=[@__mapId_0='?' (DbType = Int32)], CommandType='Text', CommandTimeout='30']
SELECT "t"."MapId", "t"."ActiveVersion", "t"."PendingVersion", "t"."State", "t"."UpdatedAt"
FROM "TaskTypeStationActiveBindingSets" AS "t"
WHERE "t"."MapId" = @__mapId_0
LIMIT 2
[16:58:01 INF] Executed DbCommand (0ms) [Parameters=[@__mapId_0='?' (DbType = Int32), @__version_1='?' (DbType = Int64)], CommandType='Text', CommandTimeout='30']
SELECT "t"."MapId", "t"."Version", "t"."CatalogRevision", "t"."ContentSha256", "t"."LoadedAt", "t"."RuleVersion", "t"."SnapshotId", "t"."Source"
FROM "TaskTypeStationBindingSetVersions" AS "t"
WHERE "t"."MapId" = @__mapId_0 AND "t"."Version" = @__version_1
LIMIT 2
[16:58:01 INF] Executed DbCommand (0ms) [Parameters=[@__mapId_0='?' (DbType = Int32), @__version_1='?' (DbType = Int64)], CommandType='Text', CommandTimeout='30']
SELECT "t"."TaskType"
FROM "TaskTypeStationRequirements" AS "t"
WHERE "t"."MapId" = @__mapId_0 AND "t"."Version" = @__version_1
[16:58:01 INF] Executed DbCommand (0ms) [Parameters=[@__mapId_0='?' (DbType = Int32), @__version_1='?' (DbType = Int64)], CommandType='Text', CommandTimeout='30']
SELECT "t"."MapId", "t"."Version", "t"."TaskType", "t"."SiteVerificationRef", "t"."StationName", "t"."StationRiotId"
FROM "TaskTypeStationBindings" AS "t"
WHERE "t"."MapId" = @__mapId_0 AND "t"."Version" = @__version_1
[16:58:01 INF] Executed DbCommand (0ms) [Parameters=[@__version_0='?' (DbType = Int64)], CommandType='Text', CommandTimeout='30']
SELECT "t"."Version", "t"."ContentSha256", "t"."LoadedAt", "t"."SnapshotId", "t"."Source"
FROM "TaskTypeStationRuleVersions" AS "t"
WHERE "t"."Version" = @__version_0
LIMIT 2
[16:58:01 INF] Executed DbCommand (0ms) [Parameters=[@__version_0='?' (DbType = Int64)], CommandType='Text', CommandTimeout='30']
SELECT "t"."Version", "t"."TaskType", "t"."FixedEnd"
FROM "TaskTypeStationRules" AS "t"
WHERE "t"."Version" = @__version_0
[16:58:01 INF] Executed DbCommand (0ms) [Parameters=[@__mapId_0='?' (DbType = Int32)], CommandType='Text', CommandTimeout='30']
SELECT "t"."MapId", "t"."ActiveVersion", "t"."PendingVersion", "t"."State", "t"."UpdatedAt"
FROM "TaskTypeStationActiveBindingSets" AS "t"
WHERE "t"."MapId" = @__mapId_0
LIMIT 2
[16:58:01 INF] Executed DbCommand (0ms) [Parameters=[@__mapId_0='?' (DbType = Int32)], CommandType='Text', CommandTimeout='30']
SELECT "t"."HoldId", "t"."DetailJson", "t"."MapId", "t"."RaisedAt", "t"."RaisedBy", "t"."ReasonCode", "t"."ReleasedAt", "t"."ReleasedBy", "t"."Source", "t"."TaskType"
FROM "TaskTypeStationHolds" AS "t"
WHERE "t"."MapId" = @__mapId_0 AND "t"."ReleasedAt" IS NULL
[16:58:01 INF] Executed DbCommand (0ms) [Parameters=[@__mapId_0='?' (DbType = Int32)], CommandType='Text', CommandTimeout='30']
SELECT "m"."MapId", "m"."ApprovedMaxUnconfirmedSeconds", "m"."ApprovedSyncPeriodSeconds", "m"."CatalogRevision", "m"."LastAttemptAt", "m"."LastCompleteConfirmationAt", "m"."LastFailureReason", "m"."State", "m"."UpdatedAt"
FROM "MapStationCatalogStates" AS "m"
WHERE "m"."MapId" = @__mapId_0
LIMIT 2
[16:58:01 INF] Executed DbCommand (0ms) [Parameters=[@p3='?' (DbType = Int32), @p0='?' (DbType = DateTimeOffset), @p1='?' (DbType = DateTimeOffset), @p2='?' (DbType = DateTimeOffset)], CommandType='Text', CommandTimeout='30']
UPDATE "MapStationCatalogStates" SET "LastAttemptAt" = @p0, "LastCompleteConfirmationAt" = @p1, "UpdatedAt" = @p2
WHERE "MapId" = @p3
RETURNING 1;
[16:58:01 INF] Executed DbCommand (0ms) [Parameters=[@__mapId_0='?' (DbType = Int32)], CommandType='Text', CommandTimeout='30']
SELECT "t"."MapId", "t"."ActiveVersion", "t"."PendingVersion", "t"."State", "t"."UpdatedAt"
FROM "TaskTypeStationActiveBindingSets" AS "t"
WHERE "t"."MapId" = @__mapId_0
LIMIT 2
[16:58:01 INF] Executed DbCommand (0ms) [Parameters=[@__mapId_0='?' (DbType = Int32), @__version_1='?' (DbType = Int64)], CommandType='Text', CommandTimeout='30']
SELECT "t"."MapId", "t"."Version", "t"."CatalogRevision", "t"."ContentSha256", "t"."LoadedAt", "t"."RuleVersion", "t"."SnapshotId", "t"."Source"
FROM "TaskTypeStationBindingSetVersions" AS "t"
WHERE "t"."MapId" = @__mapId_0 AND "t"."Version" = @__version_1
LIMIT 2
[16:58:01 INF] Executed DbCommand (0ms) [Parameters=[@__mapId_0='?' (DbType = Int32), @__version_1='?' (DbType = Int64)], CommandType='Text', CommandTimeout='30']
SELECT "t"."TaskType"
FROM "TaskTypeStationRequirements" AS "t"
WHERE "t"."MapId" = @__mapId_0 AND "t"."Version" = @__version_1
[16:58:01 INF] Executed DbCommand (0ms) [Parameters=[@__mapId_0='?' (DbType = Int32), @__version_1='?' (DbType = Int64)], CommandType='Text', CommandTimeout='30']
SELECT "t"."MapId", "t"."Version", "t"."TaskType", "t"."SiteVerificationRef", "t"."StationName", "t"."StationRiotId"
FROM "TaskTypeStationBindings" AS "t"
WHERE "t"."MapId" = @__mapId_0 AND "t"."Version" = @__version_1
[16:58:01 INF] Executed DbCommand (0ms) [Parameters=[@__version_0='?' (DbType = Int64)], CommandType='Text', CommandTimeout='30']
SELECT "t"."Version", "t"."ContentSha256", "t"."LoadedAt", "t"."SnapshotId", "t"."Source"
FROM "TaskTypeStationRuleVersions" AS "t"
WHERE "t"."Version" = @__version_0
LIMIT 2
[16:58:01 INF] Executed DbCommand (0ms) [Parameters=[@__version_0='?' (DbType = Int64)], CommandType='Text', CommandTimeout='30']
SELECT "t"."Version", "t"."TaskType", "t"."FixedEnd"
FROM "TaskTypeStationRules" AS "t"
WHERE "t"."Version" = @__version_0
[16:58:01 INF] Executed DbCommand (0ms) [Parameters=[], CommandType='Text', CommandTimeout='30']
SELECT "a"."Id", "a"."ContentHash", "a"."DeploymentId", "a"."ImportedAt", "a"."Version"
FROM "AdmissionPolicyState" AS "a"
WHERE "a"."Id" = 1
LIMIT 2
[16:58:01 INF] Executed DbCommand (0ms) [Parameters=[], CommandType='Text', CommandTimeout='30']
SELECT "j"."DemandId", "j"."AgvId", "j"."AgvLifecycleGeneration", "j"."BlockReasonCode", "j"."BlockReasonSince", "j"."ConsumedSafetyResultMessageId", "j"."ConsumedSublotMessageId", "j"."CreatedAt", "j"."DispatchGeneration", "j"."DispatchZone", "j"."ExpectedBasketCount", "j"."GateMovementLegId", "j"."GatePlanMessageId", "j"."GateStationId", "j"."GateStationRiotId", "j"."GateUpperId", "j"."GateVehicleBusinessMessageId", "j"."GateWorklistMessageId", "j"."LoadCommandMessageId", "j"."LoadSlotOperationAttemptId", "j"."MapId", "j"."MapIdentity", "j"."OperationSessionId", "j"."PickupMovementLegId", "j"."PickupStationId", "j"."PickupStationRiotId", "j"."PickupUpperId", "j"."PlanMessageId", "j"."PlanRevision", "j"."PreDepartureSafetyCheckId", "j"."PreDepartureSafetyCheckMessageId", "j"."RouteEvidenceId", "j"."Stage", "j"."StationDepartureWaitStartedAt", "j"."SublotRequestMessageId", "j"."TargetSlotsJson", "j"."UnloadCommandMessageId", "j"."UnloadSlotOperationAttemptId", "j"."UpdatedAt", "j"."VehicleBusinessMessageId", "j"."VehicleBusinessRevision", "j"."VehicleKey", "j"."WorklistMessageId", "j"."WorklistRevision"
FROM "JourneyRuntimes" AS "j"
WHERE "j"."Stage" <> 'Completed'
[16:58:01 INF] Executed DbCommand (0ms) [Parameters=[], CommandType='Text', CommandTimeout='30']
SELECT "a"."DemandId"
FROM "AcceptedDemands" AS "a"
WHERE "a"."Status" NOT IN ('Succeeded', 'Cancelled')
[16:58:01 INF] Executed DbCommand (0ms) [Parameters=[], CommandType='Text', CommandTimeout='30']
SELECT "j"."DemandId"
FROM "JourneyRuntimes" AS "j"
[16:58:01 INF] Start processing HTTP request GET http://127.0.0.1:48409/api/v2/contract
[16:58:01 INF] Sending HTTP request GET http://127.0.0.1:48409/api/v2/contract
[16:58:01 INF] Received HTTP response headers after 5.6644ms - 200
[16:58:01 INF] End processing HTTP request after 7.8725ms - 200
[16:58:01 INF] Start processing HTTP request GET http://127.0.0.1:48409/api/v2/externally-readable-demand-catalog
[16:58:01 INF] Sending HTTP request GET http://127.0.0.1:48409/api/v2/externally-readable-demand-catalog
[16:58:01 INF] Received HTTP response headers after 1.5995ms - 200
[16:58:01 INF] End processing HTTP request after 2.8333ms - 200
[16:58:01 INF] Executed DbCommand (0ms) [Parameters=[], CommandType='Text', CommandTimeout='30']
SELECT "j"."DemandId", "j"."AcceptedAt", "j"."DecisionFingerprint", "j"."DemandCreatedAt", "j"."FirstSeenAt", "j"."LastSeenAt", "j"."ReasonCode", "j"."TransportDemandKey"
FROM "JourneyBacklog" AS "j"
[16:58:01 INF] Executed DbCommand (0ms) [Parameters=[], CommandType='Text', CommandTimeout='30']
SELECT "a"."DemandId"
FROM "AcceptedDemands" AS "a"
[16:58:01 INF] Executed DbCommand (0ms) [Parameters=[], CommandType='Text', CommandTimeout='30']
SELECT "v"."AgvId", "v"."TaskType", "v"."Allowed", "v"."ConfigurationVersion", "v"."UpdatedAt"
FROM "VehicleTaskTypeAdmissions" AS "v"
[16:58:02 INF] Executed DbCommand (0ms) [Parameters=[], CommandType='Text', CommandTimeout='30']
SELECT "v"."AgvId", "v"."ConfigurationVersion", "v"."RoundTimeoutMilliseconds", "v"."UpdatedAt"
FROM "VehicleDispatchBudgets" AS "v"
[16:58:02 INF] Executed DbCommand (0ms) [Parameters=[], CommandType='Text', CommandTimeout='30']
SELECT "d"."Zone", "d"."AgvId", "d"."ConfigurationVersion", "d"."UpdatedAt"
FROM "DispatchZoneVehicles" AS "d"
[16:58:02 INF] Executed DbCommand (0ms) [Parameters=[], CommandType='Text', CommandTimeout='30']
SELECT MAX("d"."Version")
FROM "DispatchZoneAreaAssignmentVersions" AS "d"
[16:58:02 INF] Executed DbCommand (0ms) [Parameters=[@__agvId_0='?' (Size = 10)], CommandType='Text', CommandTimeout='30']
SELECT "a"."SlotModelVersionId", "a"."SnapshotId"
FROM "ActiveSlotConfigurations" AS "a"
WHERE "a"."AgvId" = @__agvId_0
LIMIT 2
[16:58:02 INF] Executed DbCommand (0ms) [Parameters=[@__agvId_0='?' (Size = 10)], CommandType='Text', CommandTimeout='30']
SELECT "s"."SlotModelVersionId", "s"."CreatedAt"
FROM "SlotIoBindings" AS "s"
WHERE "s"."AgvId" = @__agvId_0 AND "s"."Status" = 'PUBLISHED'
[16:58:02 INF] Executed DbCommand (0ms) [Parameters=[@__agvId_0='?' (Size = 10)], CommandType='Text', CommandTimeout='30']
SELECT "s"."AgvId", "s"."ActiveUnlockSlotsJson", "s"."CapabilityHash", "s"."CapabilityRevision", "s"."DepartureSafe", "s"."ForcedRecoveryGeneration", "s"."ManifestSha256", "s"."PendingAttemptIdsJson", "s"."PendingResultIdsJson", "s"."ProfileId", "s"."ProtocolCommit", "s"."ProtocolVersion", "s"."ProvenRecoveryCheckpoint", "s"."Readiness", "s"."ReasonCode", "s"."RecoveryReportId", "s"."ReportedForcedRecoveryGeneration", "s"."ReportedSlotConfigurationFingerprint", "s"."SafetyHash", "s"."SafetyReasonCodesJson", "s"."SafetyRevision", "s"."SafetyUnknownPresent", "s"."SessionGeneration", "s"."UnsettledSlotOperationAttemptId", "s"."UpdatedAt"
FROM "SessionRecoveries" AS "s"
WHERE "s"."AgvId" = @__agvId_0 AND "s"."Readiness" = 'Ready'
LIMIT 2
[16:58:02 INF] Start processing HTTP request GET http://127.0.0.1:48408/api/task/vehicles/getVehicleInfoByDeviceKey?key=BROKERX-L2-0001
[16:58:02 INF] Sending HTTP request GET http://127.0.0.1:48408/api/task/vehicles/getVehicleInfoByDeviceKey?key=BROKERX-L2-0001
[16:58:02 INF] Received HTTP response headers after 1.7434ms - 200
[16:58:02 INF] End processing HTTP request after 2.9079ms - 200
[16:58:02 INF] Executed DbCommand (0ms) [Parameters=[], CommandType='Text', CommandTimeout='30']
SELECT "s"."DemandId", "s"."ReasonCode", "s"."ClearedAt", "s"."DetailJson", "s"."FirstRaisedAt", "s"."LastSeenAt", "s"."TransportDemandKey"
FROM "StructuralDispatchBlocks" AS "s"
WHERE "s"."ClearedAt" IS NULL
[16:58:02 INF] Executed DbCommand (0ms) [Parameters=[@__messageId_0='?' (Size = 36)], CommandType='Text', CommandTimeout='30']
SELECT "p"."MessageId", "p"."ContentHash", "p"."FirstResponseJson", "p"."MessageType", "p"."ReceivedAt", "p"."RequestJson"
FROM "ProtocolInbox" AS "p"
WHERE "p"."MessageId" = @__messageId_0
LIMIT 2
[16:58:02 INF] Executed DbCommand (0ms) [Parameters=[@__agvId_0='?' (Size = 10)], CommandType='Text', CommandTimeout='30']
SELECT "s"."SessionGeneration"
FROM "SessionRecoveries" AS "s"
WHERE "s"."AgvId" = @__agvId_0
LIMIT 2
[16:58:02 INF] Executed DbCommand (0ms) [Parameters=[@__identity_AgvId_0='?' (Size = 10)], CommandType='Text', CommandTimeout='30']
SELECT "s"."AgvId", "s"."ActiveUnlockSlotsJson", "s"."CapabilityHash", "s"."CapabilityRevision", "s"."DepartureSafe", "s"."ForcedRecoveryGeneration", "s"."ManifestSha256", "s"."PendingAttemptIdsJson", "s"."PendingResultIdsJson", "s"."ProfileId", "s"."ProtocolCommit", "s"."ProtocolVersion", "s"."ProvenRecoveryCheckpoint", "s"."Readiness", "s"."ReasonCode", "s"."RecoveryReportId", "s"."ReportedForcedRecoveryGeneration", "s"."ReportedSlotConfigurationFingerprint", "s"."SafetyHash", "s"."SafetyReasonCodesJson", "s"."SafetyRevision", "s"."SafetyUnknownPresent", "s"."SessionGeneration", "s"."UnsettledSlotOperationAttemptId", "s"."UpdatedAt"
FROM "SessionRecoveries" AS "s"
WHERE "s"."AgvId" = @__identity_AgvId_0
LIMIT 2
[16:58:02 INF] Start processing HTTP request GET http://127.0.0.1:48408/api/task/v1/task/getVehicleInfo/BROKERX-L2-0001
[16:58:02 INF] Sending HTTP request GET http://127.0.0.1:48408/api/task/v1/task/getVehicleInfo/BROKERX-L2-0001
[16:58:02 INF] Received HTTP response headers after 1.6891ms - 200
[16:58:02 INF] End processing HTTP request after 3.2234ms - 200
[16:58:02 INF] Start processing HTTP request GET http://127.0.0.1:48408/api/order/v1/orderRecord?pageNum=1&pageSize=100&filterByState=1&filterByState=3&filterByState=7&filterByState=9
[16:58:02 INF] Sending HTTP request GET http://127.0.0.1:48408/api/order/v1/orderRecord?pageNum=1&pageSize=100&filterByState=1&filterByState=3&filterByState=7&filterByState=9
[16:58:02 INF] Received HTTP response headers after 1.6879ms - 200
[16:58:02 INF] End processing HTTP request after 3.0246ms - 200
[16:58:02 INF] HTTP GET /api/onboard/v1/vehicle-safety responded 200 in 9.9568 ms
[16:58:02 INF] Start processing HTTP request GET http://127.0.0.1:48408/api/imap/v1/mapInfo/stations/25
[16:58:02 INF] Sending HTTP request GET http://127.0.0.1:48408/api/imap/v1/mapInfo/stations/25
[16:58:02 INF] Received HTTP response headers after 1.266ms - 200
[16:58:02 INF] End processing HTTP request after 2.66ms - 200
[16:58:02 INF] Executed DbCommand (0ms) [Parameters=[@__identity_AgvId_0='?' (Size = 10)], CommandType='Text', CommandTimeout='30']
SELECT "j"."DemandId", "j"."AgvId", "j"."AgvLifecycleGeneration", "j"."BlockReasonCode", "j"."BlockReasonSince", "j"."ConsumedSafetyResultMessageId", "j"."ConsumedSublotMessageId", "j"."CreatedAt", "j"."DispatchGeneration", "j"."DispatchZone", "j"."ExpectedBasketCount", "j"."GateMovementLegId", "j"."GatePlanMessageId", "j"."GateStationId", "j"."GateStationRiotId", "j"."GateUpperId", "j"."GateVehicleBusinessMessageId", "j"."GateWorklistMessageId", "j"."LoadCommandMessageId", "j"."LoadSlotOperationAttemptId", "j"."MapId", "j"."MapIdentity", "j"."OperationSessionId", "j"."PickupMovementLegId", "j"."PickupStationId", "j"."PickupStationRiotId", "j"."PickupUpperId", "j"."PlanMessageId", "j"."PlanRevision", "j"."PreDepartureSafetyCheckId", "j"."PreDepartureSafetyCheckMessageId", "j"."RouteEvidenceId", "j"."Stage", "j"."StationDepartureWaitStartedAt", "j"."SublotRequestMessageId", "j"."TargetSlotsJson", "j"."UnloadCommandMessageId", "j"."UnloadSlotOperationAttemptId", "j"."UpdatedAt", "j"."VehicleBusinessMessageId", "j"."VehicleBusinessRevision", "j"."VehicleKey", "j"."WorklistMessageId", "j"."WorklistRevision"
FROM "JourneyRuntimes" AS "j"
WHERE "j"."AgvId" = @__identity_AgvId_0 AND "j"."StationDepartureWaitStartedAt" IS NOT NULL
[16:58:02 INF] Executed DbCommand (30ms) [Parameters=[@__mapId_0='?' (DbType = Int32)], CommandType='Text', CommandTimeout='30']
SELECT "t"."MapId", "t"."ActiveVersion", "t"."PendingVersion", "t"."State", "t"."UpdatedAt"
FROM "TaskTypeStationActiveBindingSets" AS "t"
WHERE "t"."MapId" = @__mapId_0
LIMIT 2
[16:58:02 INF] Executed DbCommand (0ms) [Parameters=[@__mapId_0='?' (DbType = Int32), @__version_1='?' (DbType = Int64)], CommandType='Text', CommandTimeout='30']
SELECT "t"."MapId", "t"."Version", "t"."CatalogRevision", "t"."ContentSha256", "t"."LoadedAt", "t"."RuleVersion", "t"."SnapshotId", "t"."Source"
FROM "TaskTypeStationBindingSetVersions" AS "t"
WHERE "t"."MapId" = @__mapId_0 AND "t"."Version" = @__version_1
LIMIT 2
[16:58:02 INF] Executed DbCommand (0ms) [Parameters=[@__mapId_0='?' (DbType = Int32), @__version_1='?' (DbType = Int64)], CommandType='Text', CommandTimeout='30']
SELECT "t"."TaskType"
FROM "TaskTypeStationRequirements" AS "t"
WHERE "t"."MapId" = @__mapId_0 AND "t"."Version" = @__version_1
[16:58:02 INF] Executed DbCommand (0ms) [Parameters=[@__mapId_0='?' (DbType = Int32), @__version_1='?' (DbType = Int64)], CommandType='Text', CommandTimeout='30']
SELECT "t"."MapId", "t"."Version", "t"."TaskType", "t"."SiteVerificationRef", "t"."StationName", "t"."StationRiotId"
FROM "TaskTypeStationBindings" AS "t"
WHERE "t"."MapId" = @__mapId_0 AND "t"."Version" = @__version_1
[16:58:02 INF] Executed DbCommand (0ms) [Parameters=[@p0='?' (Size = 10), @p1='?' (Size = 2), @p2='?', @p3='?' (DbType = Int64), @p4='?' (DbType = Boolean), @p5='?' (DbType = Int64), @p6='?' (Size = 64), @p7='?' (Size = 2), @p8='?' (Size = 2), @p9='?' (Size = 16), @p10='?' (Size = 40), @p11='?' (DbType = Int32), @p12='?', @p13='?' (Size = 16), @p14='?' (Size = 20), @p15='?', @p16='?' (DbType = Int64), @p17='?', @p18='?', @p19='?', @p20='?' (DbType = Int64), @p21='?' (DbType = Boolean), @p22='?' (DbType = Int64), @p23='?', @p24='?' (DbType = DateTimeOffset)], CommandType='Text', CommandTimeout='30']
INSERT INTO "SessionRecoveries" ("AgvId", "ActiveUnlockSlotsJson", "CapabilityHash", "CapabilityRevision", "DepartureSafe", "ForcedRecoveryGeneration", "ManifestSha256", "PendingAttemptIdsJson", "PendingResultIdsJson", "ProfileId", "ProtocolCommit", "ProtocolVersion", "ProvenRecoveryCheckpoint", "Readiness", "ReasonCode", "RecoveryReportId", "ReportedForcedRecoveryGeneration", "ReportedSlotConfigurationFingerprint", "SafetyHash", "SafetyReasonCodesJson", "SafetyRevision", "SafetyUnknownPresent", "SessionGeneration", "UnsettledSlotOperationAttemptId", "UpdatedAt")
VALUES (@p0, @p1, @p2, @p3, @p4, @p5, @p6, @p7, @p8, @p9, @p10, @p11, @p12, @p13, @p14, @p15, @p16, @p17, @p18, @p19, @p20, @p21, @p22, @p23, @p24);
[16:58:02 INF] Executed DbCommand (0ms) [Parameters=[@__version_0='?' (DbType = Int64)], CommandType='Text', CommandTimeout='30']
SELECT "t"."Version", "t"."ContentSha256", "t"."LoadedAt", "t"."SnapshotId", "t"."Source"
FROM "TaskTypeStationRuleVersions" AS "t"
WHERE "t"."Version" = @__version_0
LIMIT 2
[16:58:02 INF] Executed DbCommand (0ms) [Parameters=[@__version_0='?' (DbType = Int64)], CommandType='Text', CommandTimeout='30']
SELECT "t"."Version", "t"."TaskType", "t"."FixedEnd"
FROM "TaskTypeStationRules" AS "t"
WHERE "t"."Version" = @__version_0
[16:58:02 INF] Executed DbCommand (0ms) [Parameters=[@__mapId_0='?' (DbType = Int32)], CommandType='Text', CommandTimeout='30']
SELECT "t"."MapId", "t"."ActiveVersion", "t"."PendingVersion", "t"."State", "t"."UpdatedAt"
FROM "TaskTypeStationActiveBindingSets" AS "t"
WHERE "t"."MapId" = @__mapId_0
LIMIT 2
[16:58:02 INF] Executed DbCommand (0ms) [Parameters=[@__mapId_0='?' (DbType = Int32)], CommandType='Text', CommandTimeout='30']
SELECT "t"."HoldId", "t"."DetailJson", "t"."MapId", "t"."RaisedAt", "t"."RaisedBy", "t"."ReasonCode", "t"."ReleasedAt", "t"."ReleasedBy", "t"."Source", "t"."TaskType"
FROM "TaskTypeStationHolds" AS "t"
WHERE "t"."MapId" = @__mapId_0 AND "t"."ReleasedAt" IS NULL
[16:58:02 INF] Executed DbCommand (0ms) [Parameters=[@__mapId_0='?' (DbType = Int32)], CommandType='Text', CommandTimeout='30']
SELECT "m"."MapId", "m"."ApprovedMaxUnconfirmedSeconds", "m"."ApprovedSyncPeriodSeconds", "m"."CatalogRevision", "m"."LastAttemptAt", "m"."LastCompleteConfirmationAt", "m"."LastFailureReason", "m"."State", "m"."UpdatedAt"
FROM "MapStationCatalogStates" AS "m"
WHERE "m"."MapId" = @__mapId_0
LIMIT 2
[16:58:02 INF] Executed DbCommand (3ms) [Parameters=[], CommandType='Text', CommandTimeout='30']
SELECT EXISTS (
    SELECT 1
    FROM "SessionRecoveries" AS "s"
    WHERE "s"."Readiness" = 'Ready')
[16:58:03 ERR] HTTP GET /health/ready responded 503 in 16.9312 ms
[16:58:03 INF] Executed DbCommand (0ms) [Parameters=[@p0='?' (Size = 36), @p1='?' (Size = 64), @p2='?' (Size = 1064), @p3='?' (Size = 12), @p4='?' (DbType = DateTimeOffset), @p5='?' (Size = 1075)], CommandType='Text', CommandTimeout='30']
INSERT INTO "ProtocolInbox" ("MessageId", "ContentHash", "FirstResponseJson", "MessageType", "ReceivedAt", "RequestJson")
VALUES (@p0, @p1, @p2, @p3, @p4, @p5);
[16:58:03 INF] Executed DbCommand (0ms) [Parameters=[@__messageId_0='?' (Size = 36)], CommandType='Text', CommandTimeout='30']
SELECT "p"."MessageId", "p"."ContentHash", "p"."FirstResponseJson", "p"."MessageType", "p"."ReceivedAt", "p"."RequestJson"
FROM "ProtocolInbox" AS "p"
WHERE "p"."MessageId" = @__messageId_0
LIMIT 2
[16:58:03 INF] Executed DbCommand (0ms) [Parameters=[@__agvId_0='?' (Size = 10)], CommandType='Text', CommandTimeout='30']
SELECT "a"."AgvId", "a"."ActivatedAt", "a"."ActivationId", "a"."ConfigurationVersion", "a"."Fingerprint", "a"."SlotModelVersionId", "a"."SnapshotId"
FROM "ActiveSlotConfigurations" AS "a"
WHERE "a"."AgvId" = @__agvId_0
LIMIT 1
[16:58:03 INF] Executed DbCommand (0ms) [Parameters=[@__agvId_0='?' (Size = 10)], CommandType='Text', CommandTimeout='30']
SELECT "a"."AgvId", "a"."ArchiveReason", "a"."ArchivedActiveSlotConfigurationFingerprint", "a"."ArchivedAt", "a"."ArchivedLifecycleGeneration"
FROM "AgvArchives" AS "a"
WHERE "a"."AgvId" = @__agvId_0
LIMIT 1
[16:58:03 INF] Executed DbCommand (0ms) [Parameters=[@__agvId_0='?' (Size = 10)], CommandType='Text', CommandTimeout='30']
SELECT "s"."AgvId", "s"."ActiveUnlockSlotsJson", "s"."CapabilityHash", "s"."CapabilityRevision", "s"."DepartureSafe", "s"."ForcedRecoveryGeneration", "s"."ManifestSha256", "s"."PendingAttemptIdsJson", "s"."PendingResultIdsJson", "s"."ProfileId", "s"."ProtocolCommit", "s"."ProtocolVersion", "s"."ProvenRecoveryCheckpoint", "s"."Readiness", "s"."ReasonCode", "s"."RecoveryReportId", "s"."ReportedForcedRecoveryGeneration", "s"."ReportedSlotConfigurationFingerprint", "s"."SafetyHash", "s"."SafetyReasonCodesJson", "s"."SafetyRevision", "s"."SafetyUnknownPresent", "s"."SessionGeneration", "s"."UnsettledSlotOperationAttemptId", "s"."UpdatedAt"
FROM "SessionRecoveries" AS "s"
WHERE "s"."AgvId" = @__agvId_0
LIMIT 2
[16:58:03 INF] Executed DbCommand (0ms) [Parameters=[@p4='?' (Size = 10), @p0='?' (Size = 64), @p1='?' (DbType = Int64), @p2='?' (Size = 64), @p3='?' (DbType = DateTimeOffset)], CommandType='Text', CommandTimeout='30']
UPDATE "SessionRecoveries" SET "CapabilityHash" = @p0, "CapabilityRevision" = @p1, "ReportedSlotConfigurationFingerprint" = @p2, "UpdatedAt" = @p3
WHERE "AgvId" = @p4
RETURNING 1;
[16:58:03 INF] Executed DbCommand (0ms) [Parameters=[@p0='?' (Size = 36), @p1='?' (Size = 64), @p2='?' (Size = 622), @p3='?' (Size = 18), @p4='?' (DbType = DateTimeOffset), @p5='?' (Size = 2073)], CommandType='Text', CommandTimeout='30']
INSERT INTO "ProtocolInbox" ("MessageId", "ContentHash", "FirstResponseJson", "MessageType", "ReceivedAt", "RequestJson")
VALUES (@p0, @p1, @p2, @p3, @p4, @p5);
[16:58:03 INF] Executed DbCommand (0ms) [Parameters=[@__messageId_0='?' (Size = 36)], CommandType='Text', CommandTimeout='30']
SELECT "p"."MessageId", "p"."ContentHash", "p"."FirstResponseJson", "p"."MessageType", "p"."ReceivedAt", "p"."RequestJson"
FROM "ProtocolInbox" AS "p"
WHERE "p"."MessageId" = @__messageId_0
LIMIT 2
[16:58:03 INF] Executed DbCommand (0ms) [Parameters=[@__agvId_0='?' (Size = 10)], CommandType='Text', CommandTimeout='30']
SELECT "s"."AgvId", "s"."ActiveUnlockSlotsJson", "s"."CapabilityHash", "s"."CapabilityRevision", "s"."DepartureSafe", "s"."ForcedRecoveryGeneration", "s"."ManifestSha256", "s"."PendingAttemptIdsJson", "s"."PendingResultIdsJson", "s"."ProfileId", "s"."ProtocolCommit", "s"."ProtocolVersion", "s"."ProvenRecoveryCheckpoint", "s"."Readiness", "s"."ReasonCode", "s"."RecoveryReportId", "s"."ReportedForcedRecoveryGeneration", "s"."ReportedSlotConfigurationFingerprint", "s"."SafetyHash", "s"."SafetyReasonCodesJson", "s"."SafetyRevision", "s"."SafetyUnknownPresent", "s"."SessionGeneration", "s"."UnsettledSlotOperationAttemptId", "s"."UpdatedAt"
FROM "SessionRecoveries" AS "s"
WHERE "s"."AgvId" = @__agvId_0
LIMIT 2
[16:58:03 INF] Executed DbCommand (0ms) [Parameters=[@p6='?' (Size = 10), @p0='?' (DbType = Boolean), @p1='?' (Size = 64), @p2='?' (Size = 2), @p3='?' (DbType = Int64), @p4='?' (DbType = Boolean), @p5='?' (DbType = DateTimeOffset)], CommandType='Text', CommandTimeout='30']
UPDATE "SessionRecoveries" SET "DepartureSafe" = @p0, "SafetyHash" = @p1, "SafetyReasonCodesJson" = @p2, "SafetyRevision" = @p3, "SafetyUnknownPresent" = @p4, "UpdatedAt" = @p5
WHERE "AgvId" = @p6
RETURNING 1;
[16:58:03 INF] Executed DbCommand (0ms) [Parameters=[@p0='?' (Size = 36), @p1='?' (Size = 64), @p2='?' (Size = 624), @p3='?' (Size = 19), @p4='?' (DbType = DateTimeOffset), @p5='?' (Size = 1971)], CommandType='Text', CommandTimeout='30']
INSERT INTO "ProtocolInbox" ("MessageId", "ContentHash", "FirstResponseJson", "MessageType", "ReceivedAt", "RequestJson")
VALUES (@p0, @p1, @p2, @p3, @p4, @p5);
[16:58:03 INF] Executed DbCommand (0ms) [Parameters=[@__messageId_0='?' (Size = 36)], CommandType='Text', CommandTimeout='30']
SELECT "p"."MessageId", "p"."ContentHash", "p"."FirstResponseJson", "p"."MessageType", "p"."ReceivedAt", "p"."RequestJson"
FROM "ProtocolInbox" AS "p"
WHERE "p"."MessageId" = @__messageId_0
LIMIT 2
[16:58:03 INF] Executed DbCommand (0ms) [Parameters=[@__agvId_0='?' (Size = 10)], CommandType='Text', CommandTimeout='30']
SELECT "o"."AlarmsJson"
FROM "OnboardAlarmSnapshots" AS "o"
WHERE "o"."AgvId" = @__agvId_0
LIMIT 1
[16:58:03 INF] Executed DbCommand (0ms) [Parameters=[@__snapshot_AgvId_0='?' (Size = 10)], CommandType='Text', CommandTimeout='30']
SELECT "o"."AgvId", "o"."AlarmsJson", "o"."CapturedAt", "o"."ReceivedAt", "o"."SessionGeneration", "o"."SnapshotSequence"
FROM "OnboardAlarmSnapshots" AS "o"
WHERE "o"."AgvId" = @__snapshot_AgvId_0
LIMIT 1
[16:58:03 INF] Executed DbCommand (0ms) [Parameters=[@p0='?' (Size = 10), @p1='?' (Size = 2), @p2='?' (DbType = DateTimeOffset), @p3='?' (DbType = DateTimeOffset), @p4='?' (DbType = Int64), @p5='?' (DbType = Int64)], CommandType='Text', CommandTimeout='30']
INSERT INTO "OnboardAlarmSnapshots" ("AgvId", "AlarmsJson", "CapturedAt", "ReceivedAt", "SessionGeneration", "SnapshotSequence")
VALUES (@p0, @p1, @p2, @p3, @p4, @p5);
[16:58:03 INF] Executed DbCommand (0ms) [Parameters=[@__agvId_0='?' (Size = 10)], CommandType='Text', CommandTimeout='30']
SELECT "o"."AlarmsJson"
FROM "OnboardAlarmSnapshots" AS "o"
WHERE "o"."AgvId" = @__agvId_0
LIMIT 1
[16:58:03 INF] Executed DbCommand (0ms) [Parameters=[@p0='?' (Size = 36), @p1='?' (Size = 64), @p2='?' (Size = 625), @p3='?' (Size = 20), @p4='?' (DbType = DateTimeOffset), @p5='?' (Size = 485)], CommandType='Text', CommandTimeout='30']
INSERT INTO "ProtocolInbox" ("MessageId", "ContentHash", "FirstResponseJson", "MessageType", "ReceivedAt", "RequestJson")
VALUES (@p0, @p1, @p2, @p3, @p4, @p5);
[16:58:03 INF] Executed DbCommand (308ms) [Parameters=[@p3='?' (DbType = Int32), @p0='?' (DbType = DateTimeOffset), @p1='?' (DbType = DateTimeOffset), @p2='?' (DbType = DateTimeOffset)], CommandType='Text', CommandTimeout='30']
UPDATE "MapStationCatalogStates" SET "LastAttemptAt" = @p0, "LastCompleteConfirmationAt" = @p1, "UpdatedAt" = @p2
WHERE "MapId" = @p3
RETURNING 1;
[16:58:03 INF] Executed DbCommand (0ms) [Parameters=[@__mapId_0='?' (DbType = Int32)], CommandType='Text', CommandTimeout='30']
SELECT "t"."MapId", "t"."ActiveVersion", "t"."PendingVersion", "t"."State", "t"."UpdatedAt"
FROM "TaskTypeStationActiveBindingSets" AS "t"
WHERE "t"."MapId" = @__mapId_0
LIMIT 2
[16:58:03 INF] Executed DbCommand (0ms) [Parameters=[@__mapId_0='?' (DbType = Int32), @__version_1='?' (DbType = Int64)], CommandType='Text', CommandTimeout='30']
SELECT "t"."MapId", "t"."Version", "t"."CatalogRevision", "t"."ContentSha256", "t"."LoadedAt", "t"."RuleVersion", "t"."SnapshotId", "t"."Source"
FROM "TaskTypeStationBindingSetVersions" AS "t"
WHERE "t"."MapId" = @__mapId_0 AND "t"."Version" = @__version_1
LIMIT 2
[16:58:03 INF] Executed DbCommand (0ms) [Parameters=[@__mapId_0='?' (DbType = Int32), @__version_1='?' (DbType = Int64)], CommandType='Text', CommandTimeout='30']
SELECT "t"."TaskType"
FROM "TaskTypeStationRequirements" AS "t"
WHERE "t"."MapId" = @__mapId_0 AND "t"."Version" = @__version_1
[16:58:03 INF] Executed DbCommand (0ms) [Parameters=[@__mapId_0='?' (DbType = Int32), @__version_1='?' (DbType = Int64)], CommandType='Text', CommandTimeout='30']
SELECT "t"."MapId", "t"."Version", "t"."TaskType", "t"."SiteVerificationRef", "t"."StationName", "t"."StationRiotId"
FROM "TaskTypeStationBindings" AS "t"
WHERE "t"."MapId" = @__mapId_0 AND "t"."Version" = @__version_1
[16:58:03 INF] Executed DbCommand (0ms) [Parameters=[@__version_0='?' (DbType = Int64)], CommandType='Text', CommandTimeout='30']
SELECT "t"."Version", "t"."ContentSha256", "t"."LoadedAt", "t"."SnapshotId", "t"."Source"
FROM "TaskTypeStationRuleVersions" AS "t"
WHERE "t"."Version" = @__version_0
LIMIT 2
[16:58:03 INF] Executed DbCommand (0ms) [Parameters=[@__version_0='?' (DbType = Int64)], CommandType='Text', CommandTimeout='30']
SELECT "t"."Version", "t"."TaskType", "t"."FixedEnd"
FROM "TaskTypeStationRules" AS "t"
WHERE "t"."Version" = @__version_0
[16:58:03 INF] Executed DbCommand (0ms) [Parameters=[], CommandType='Text', CommandTimeout='30']
SELECT "a"."Id", "a"."ContentHash", "a"."DeploymentId", "a"."ImportedAt", "a"."Version"
FROM "AdmissionPolicyState" AS "a"
WHERE "a"."Id" = 1
LIMIT 2
[16:58:03 INF] Executed DbCommand (0ms) [Parameters=[], CommandType='Text', CommandTimeout='30']
SELECT "j"."DemandId", "j"."AgvId", "j"."AgvLifecycleGeneration", "j"."BlockReasonCode", "j"."BlockReasonSince", "j"."ConsumedSafetyResultMessageId", "j"."ConsumedSublotMessageId", "j"."CreatedAt", "j"."DispatchGeneration", "j"."DispatchZone", "j"."ExpectedBasketCount", "j"."GateMovementLegId", "j"."GatePlanMessageId", "j"."GateStationId", "j"."GateStationRiotId", "j"."GateUpperId", "j"."GateVehicleBusinessMessageId", "j"."GateWorklistMessageId", "j"."LoadCommandMessageId", "j"."LoadSlotOperationAttemptId", "j"."MapId", "j"."MapIdentity", "j"."OperationSessionId", "j"."PickupMovementLegId", "j"."PickupStationId", "j"."PickupStationRiotId", "j"."PickupUpperId", "j"."PlanMessageId", "j"."PlanRevision", "j"."PreDepartureSafetyCheckId", "j"."PreDepartureSafetyCheckMessageId", "j"."RouteEvidenceId", "j"."Stage", "j"."StationDepartureWaitStartedAt", "j"."SublotRequestMessageId", "j"."TargetSlotsJson", "j"."UnloadCommandMessageId", "j"."UnloadSlotOperationAttemptId", "j"."UpdatedAt", "j"."VehicleBusinessMessageId", "j"."VehicleBusinessRevision", "j"."VehicleKey", "j"."WorklistMessageId", "j"."WorklistRevision"
FROM "JourneyRuntimes" AS "j"
WHERE "j"."Stage" <> 'Completed'
[16:58:03 INF] Executed DbCommand (0ms) [Parameters=[], CommandType='Text', CommandTimeout='30']
SELECT "a"."DemandId"
FROM "AcceptedDemands" AS "a"
WHERE "a"."Status" NOT IN ('Succeeded', 'Cancelled')
[16:58:03 INF] Executed DbCommand (0ms) [Parameters=[], CommandType='Text', CommandTimeout='30']
SELECT "j"."DemandId"
FROM "JourneyRuntimes" AS "j"
[16:58:03 INF] Start processing HTTP request GET http://127.0.0.1:48409/api/v2/contract
[16:58:03 INF] Executed DbCommand (0ms) [Parameters=[@__messageId_0='?' (Size = 36)], CommandType='Text', CommandTimeout='30']
SELECT "p"."MessageId", "p"."ContentHash", "p"."FirstResponseJson", "p"."MessageType", "p"."ReceivedAt", "p"."RequestJson"
FROM "ProtocolInbox" AS "p"
WHERE "p"."MessageId" = @__messageId_0
LIMIT 2
[16:58:03 INF] Sending HTTP request GET http://127.0.0.1:48409/api/v2/contract
[16:58:03 INF] Received HTTP response headers after 1.4113ms - 200
[16:58:03 INF] End processing HTTP request after 3.0326ms - 200
[16:58:03 INF] Start processing HTTP request GET http://127.0.0.1:48409/api/v2/externally-readable-demand-catalog
[16:58:03 INF] Sending HTTP request GET http://127.0.0.1:48409/api/v2/externally-readable-demand-catalog
[16:58:03 INF] Received HTTP response headers after 1.6286ms - 200
[16:58:03 INF] End processing HTTP request after 2.7095ms - 200
[16:58:03 INF] Executed DbCommand (0ms) [Parameters=[], CommandType='Text', CommandTimeout='30']
SELECT EXISTS (
    SELECT 1
    FROM "SessionRecoveries" AS "s"
    WHERE "s"."Readiness" = 'Ready')
[16:58:03 INF] Executed DbCommand (0ms) [Parameters=[@__agvId_0='?' (Size = 10)], CommandType='Text', CommandTimeout='30']
SELECT "s"."AgvId", "s"."ActiveUnlockSlotsJson", "s"."CapabilityHash", "s"."CapabilityRevision", "s"."DepartureSafe", "s"."ForcedRecoveryGeneration", "s"."ManifestSha256", "s"."PendingAttemptIdsJson", "s"."PendingResultIdsJson", "s"."ProfileId", "s"."ProtocolCommit", "s"."ProtocolVersion", "s"."ProvenRecoveryCheckpoint", "s"."Readiness", "s"."ReasonCode", "s"."RecoveryReportId", "s"."ReportedForcedRecoveryGeneration", "s"."ReportedSlotConfigurationFingerprint", "s"."SafetyHash", "s"."SafetyReasonCodesJson", "s"."SafetyRevision", "s"."SafetyUnknownPresent", "s"."SessionGeneration", "s"."UnsettledSlotOperationAttemptId", "s"."UpdatedAt"
FROM "SessionRecoveries" AS "s"
WHERE "s"."AgvId" = @__agvId_0
LIMIT 2
[16:58:03 INF] Executed DbCommand (0ms) [Parameters=[], CommandType='Text', CommandTimeout='30']
SELECT "j"."DemandId", "j"."AcceptedAt", "j"."DecisionFingerprint", "j"."DemandCreatedAt", "j"."FirstSeenAt", "j"."LastSeenAt", "j"."ReasonCode", "j"."TransportDemandKey"
FROM "JourneyBacklog" AS "j"
[16:58:03 ERR] HTTP GET /health/ready responded 503 in 3.3028 ms
[16:58:03 INF] Executed DbCommand (0ms) [Parameters=[], CommandType='Text', CommandTimeout='30']
SELECT "a"."DemandId"
FROM "AcceptedDemands" AS "a"
[16:58:03 INF] Executed DbCommand (0ms) [Parameters=[], CommandType='Text', CommandTimeout='30']
SELECT "v"."AgvId", "v"."TaskType", "v"."Allowed", "v"."ConfigurationVersion", "v"."UpdatedAt"
FROM "VehicleTaskTypeAdmissions" AS "v"
[16:58:03 INF] Executed DbCommand (0ms) [Parameters=[], CommandType='Text', CommandTimeout='30']
SELECT "v"."AgvId", "v"."ConfigurationVersion", "v"."RoundTimeoutMilliseconds", "v"."UpdatedAt"
FROM "VehicleDispatchBudgets" AS "v"
[16:58:03 INF] Executed DbCommand (0ms) [Parameters=[], CommandType='Text', CommandTimeout='30']
SELECT "d"."Zone", "d"."AgvId", "d"."ConfigurationVersion", "d"."UpdatedAt"
FROM "DispatchZoneVehicles" AS "d"
[16:58:03 INF] Executed DbCommand (0ms) [Parameters=[], CommandType='Text', CommandTimeout='30']
SELECT MAX("d"."Version")
FROM "DispatchZoneAreaAssignmentVersions" AS "d"
[16:58:03 INF] Executed DbCommand (0ms) [Parameters=[@__agvId_0='?' (Size = 10)], CommandType='Text', CommandTimeout='30']
SELECT "a"."SlotModelVersionId", "a"."SnapshotId"
FROM "ActiveSlotConfigurations" AS "a"
WHERE "a"."AgvId" = @__agvId_0
LIMIT 2
[16:58:03 INF] Executed DbCommand (0ms) [Parameters=[@__agvId_0='?' (Size = 10)], CommandType='Text', CommandTimeout='30']
SELECT "v"."ForcedRecoveryGeneration"
FROM "VehicleRecoveryGenerations" AS "v"
WHERE "v"."AgvId" = @__agvId_0
LIMIT 2
[16:58:03 INF] Executed DbCommand (0ms) [Parameters=[@__agvId_0='?' (Size = 10)], CommandType='Text', CommandTimeout='30']
SELECT "s"."SlotModelVersionId", "s"."CreatedAt"
FROM "SlotIoBindings" AS "s"
WHERE "s"."AgvId" = @__agvId_0 AND "s"."Status" = 'PUBLISHED'
[16:58:03 INF] Executed DbCommand (0ms) [Parameters=[@__agvId_0='?' (Size = 10)], CommandType='Text', CommandTimeout='30']
SELECT "s"."AgvId", "s"."ActiveUnlockSlotsJson", "s"."CapabilityHash", "s"."CapabilityRevision", "s"."DepartureSafe", "s"."ForcedRecoveryGeneration", "s"."ManifestSha256", "s"."PendingAttemptIdsJson", "s"."PendingResultIdsJson", "s"."ProfileId", "s"."ProtocolCommit", "s"."ProtocolVersion", "s"."ProvenRecoveryCheckpoint", "s"."Readiness", "s"."ReasonCode", "s"."RecoveryReportId", "s"."ReportedForcedRecoveryGeneration", "s"."ReportedSlotConfigurationFingerprint", "s"."SafetyHash", "s"."SafetyReasonCodesJson", "s"."SafetyRevision", "s"."SafetyUnknownPresent", "s"."SessionGeneration", "s"."UnsettledSlotOperationAttemptId", "s"."UpdatedAt"
FROM "SessionRecoveries" AS "s"
WHERE "s"."AgvId" = @__agvId_0 AND "s"."Readiness" = 'Ready'
LIMIT 2
[16:58:03 INF] Start processing HTTP request GET http://127.0.0.1:48408/api/task/vehicles/getVehicleInfoByDeviceKey?key=BROKERX-L2-0001
[16:58:03 INF] Sending HTTP request GET http://127.0.0.1:48408/api/task/vehicles/getVehicleInfoByDeviceKey?key=BROKERX-L2-0001
[16:58:03 INF] Received HTTP response headers after 1.5327ms - 200
[16:58:03 INF] End processing HTTP request after 2.6308ms - 200
[16:58:03 INF] Executed DbCommand (0ms) [Parameters=[], CommandType='Text', CommandTimeout='30']
SELECT "s"."DemandId", "s"."ReasonCode", "s"."ClearedAt", "s"."DetailJson", "s"."FirstRaisedAt", "s"."LastSeenAt", "s"."TransportDemandKey"
FROM "StructuralDispatchBlocks" AS "s"
WHERE "s"."ClearedAt" IS NULL
[16:58:03 INF] Executed DbCommand (0ms) [Parameters=[@p4='?' (Size = 10), @p0='?' (Size = 4), @p1='?' (Size = 31), @p2='?' (Size = 36), @p3='?' (DbType = DateTimeOffset)], CommandType='Text', CommandTimeout='30']
UPDATE "SessionRecoveries" SET "ProvenRecoveryCheckpoint" = @p0, "ReasonCode" = @p1, "RecoveryReportId" = @p2, "UpdatedAt" = @p3
WHERE "AgvId" = @p4
RETURNING 1;
[16:58:03 INF] Executed DbCommand (0ms) [Parameters=[@__agvId_0='?' (Size = 10)], CommandType='Text', CommandTimeout='30']
SELECT "s"."AgvId", "s"."ActiveUnlockSlotsJson", "s"."CapabilityHash", "s"."CapabilityRevision", "s"."DepartureSafe", "s"."ForcedRecoveryGeneration", "s"."ManifestSha256", "s"."PendingAttemptIdsJson", "s"."PendingResultIdsJson", "s"."ProfileId", "s"."ProtocolCommit", "s"."ProtocolVersion", "s"."ProvenRecoveryCheckpoint", "s"."Readiness", "s"."ReasonCode", "s"."RecoveryReportId", "s"."ReportedForcedRecoveryGeneration", "s"."ReportedSlotConfigurationFingerprint", "s"."SafetyHash", "s"."SafetyReasonCodesJson", "s"."SafetyRevision", "s"."SafetyUnknownPresent", "s"."SessionGeneration", "s"."UnsettledSlotOperationAttemptId", "s"."UpdatedAt"
FROM "SessionRecoveries" AS "s"
WHERE "s"."AgvId" = @__agvId_0
LIMIT 2
[16:58:03 INF] Executed DbCommand (0ms) [Parameters=[@__agvId_0='?' (Size = 10)], CommandType='Text', CommandTimeout='30']
SELECT EXISTS (
    SELECT 1
    FROM "StationOperations" AS "s"
    INNER JOIN "JourneyRuntimes" AS "j" ON "s"."DemandId" = "j"."DemandId"
    WHERE "j"."AgvId" = @__agvId_0 AND "s"."Status" = 'RecoveryRequired')
[16:58:03 INF] Executed DbCommand (1ms) [Parameters=[@__agvId_0='?' (Size = 10)], CommandType='Text', CommandTimeout='30']
SELECT EXISTS (
    SELECT 1
    FROM "RecoveryWorkflows" AS "r"
    WHERE "r"."AgvId" = @__agvId_0 AND "r"."WorkflowType" = 'FORCED_MECHANICAL_RECOVERY' AND "r"."State" <> 'HistoricalOnly' AND NOT EXISTS (
        SELECT 1
        FROM "HardwareRecoveryRecords" AS "h"
        WHERE "h"."RecoveryActionId" = "r"."WorkflowId"))
[16:58:03 INF] Executed DbCommand (1ms) [Parameters=[@__agvId_0='?' (Size = 10)], CommandType='Text', CommandTimeout='30']
SELECT "a"."AgvId", "a"."ActivatedAt", "a"."ActivationId", "a"."ConfigurationVersion", "a"."Fingerprint", "a"."SlotModelVersionId", "a"."SnapshotId"
FROM "ActiveSlotConfigurations" AS "a"
WHERE "a"."AgvId" = @__agvId_0
LIMIT 1
[16:58:03 INF] Executed DbCommand (0ms) [Parameters=[@p3='?' (Size = 10), @p0='?' (Size = 5), @p1='?' (Size = 5), @p2='?' (DbType = DateTimeOffset)], CommandType='Text', CommandTimeout='30']
UPDATE "SessionRecoveries" SET "Readiness" = @p0, "ReasonCode" = @p1, "UpdatedAt" = @p2
WHERE "AgvId" = @p3
RETURNING 1;
[16:58:03 INF] Executed DbCommand (1ms) [Parameters=[@p0='?' (Size = 36), @p1='?' (Size = 64), @p2='?' (Size = 1235), @p3='?' (Size = 19), @p4='?' (DbType = DateTimeOffset), @p5='?' (Size = 731)], CommandType='Text', CommandTimeout='30']
INSERT INTO "ProtocolInbox" ("MessageId", "ContentHash", "FirstResponseJson", "MessageType", "ReceivedAt", "RequestJson")
VALUES (@p0, @p1, @p2, @p3, @p4, @p5);
[16:58:03 INF] Executed DbCommand (0ms) [Parameters=[@__agvId_0='?' (Size = 10)], CommandType='Text', CommandTimeout='30']
SELECT "r"."CommandMessageId"
FROM "RecoveryWorkflows" AS "r"
WHERE "r"."AgvId" = @__agvId_0 AND "r"."CommandMessageId" IS NOT NULL AND "r"."State" <> 'Reconciled' AND "r"."State" <> 'HistoricalOnly'
[16:58:03 INF] Executed DbCommand (1ms) [Parameters=[], CommandType='Text', CommandTimeout='30']
SELECT "p"."MessageId", "p"."AcknowledgedAt", "p"."CreatedAt", "p"."FencedAt", "p"."MessageType", "p"."PayloadJson"
FROM "ProtocolOutbox" AS "p"
WHERE "p"."MessageType" = 'ExceptionRecoverySessionSnapshot' AND "p"."AcknowledgedAt" IS NULL AND "p"."FencedAt" IS NULL
[16:58:03 INF] Executed DbCommand (0ms) [Parameters=[@__agvId_0='?' (Size = 10)], CommandType='Text', CommandTimeout='30']
SELECT "s"."ActivationId", "s"."AgvId", "s"."CommandMessageId", "s"."ConfigurationVersion", "s"."Fingerprint", "s"."IssuedAt", "s"."Kind", "s"."RecoveryRole", "s"."ResultJson", "s"."ResultReceivedAt", "s"."RolledBackToVersion", "s"."SlotModelVersionId", "s"."SnapshotId", "s"."State"
FROM "SlotConfigurationActivations" AS "s"
WHERE "s"."AgvId" = @__agvId_0 AND "s"."State" = 'PENDING_RESULT' AND "s"."RecoveryRole" = 'SLOT_CONFIGURATION'
[16:58:03 INF] Executed DbCommand (0ms) [Parameters=[@__messageId_0='?' (Size = 36)], CommandType='Text', CommandTimeout='30']
SELECT "p"."MessageId", "p"."ContentHash", "p"."FirstResponseJson", "p"."MessageType", "p"."ReceivedAt", "p"."RequestJson"
FROM "ProtocolInbox" AS "p"
WHERE "p"."MessageId" = @__messageId_0
LIMIT 2
[16:58:03 INF] Executed DbCommand (0ms) [Parameters=[@__agvId_0='?' (Size = 10)], CommandType='Text', CommandTimeout='30']
SELECT "s"."AgvId", "s"."ActiveUnlockSlotsJson", "s"."CapabilityHash", "s"."CapabilityRevision", "s"."DepartureSafe", "s"."ForcedRecoveryGeneration", "s"."ManifestSha256", "s"."PendingAttemptIdsJson", "s"."PendingResultIdsJson", "s"."ProfileId", "s"."ProtocolCommit", "s"."ProtocolVersion", "s"."ProvenRecoveryCheckpoint", "s"."Readiness", "s"."ReasonCode", "s"."RecoveryReportId", "s"."ReportedForcedRecoveryGeneration", "s"."ReportedSlotConfigurationFingerprint", "s"."SafetyHash", "s"."SafetyReasonCodesJson", "s"."SafetyRevision", "s"."SafetyUnknownPresent", "s"."SessionGeneration", "s"."UnsettledSlotOperationAttemptId", "s"."UpdatedAt"
FROM "SessionRecoveries" AS "s"
WHERE "s"."AgvId" = @__agvId_0
LIMIT 2
[16:58:03 INF] Executed DbCommand (0ms) [Parameters=[@p5='?' (Size = 10), @p0='?' (Size = 16), @p1='?' (Size = 20), @p2='?' (Size = 64), @p3='?' (DbType = Int64), @p4='?' (DbType = DateTimeOffset)], CommandType='Text', CommandTimeout='30']
UPDATE "SessionRecoveries" SET "Readiness" = @p0, "ReasonCode" = @p1, "SafetyHash" = @p2, "SafetyRevision" = @p3, "UpdatedAt" = @p4
WHERE "AgvId" = @p5
RETURNING 1;
[16:58:03 INF] Executed DbCommand (0ms) [Parameters=[@__agvId_0='?' (Size = 10)], CommandType='Text', CommandTimeout='30']
SELECT "s"."AgvId", "s"."ActiveUnlockSlotsJson", "s"."CapabilityHash", "s"."CapabilityRevision", "s"."DepartureSafe", "s"."ForcedRecoveryGeneration", "s"."ManifestSha256", "s"."PendingAttemptIdsJson", "s"."PendingResultIdsJson", "s"."ProfileId", "s"."ProtocolCommit", "s"."ProtocolVersion", "s"."ProvenRecoveryCheckpoint", "s"."Readiness", "s"."ReasonCode", "s"."RecoveryReportId", "s"."ReportedForcedRecoveryGeneration", "s"."ReportedSlotConfigurationFingerprint", "s"."SafetyHash", "s"."SafetyReasonCodesJson", "s"."SafetyRevision", "s"."SafetyUnknownPresent", "s"."SessionGeneration", "s"."UnsettledSlotOperationAttemptId", "s"."UpdatedAt"
FROM "SessionRecoveries" AS "s"
WHERE "s"."AgvId" = @__agvId_0
LIMIT 2
[16:58:03 INF] Executed DbCommand (2ms) [Parameters=[@__agvId_0='?' (Size = 10)], CommandType='Text', CommandTimeout='30']
SELECT EXISTS (
    SELECT 1
    FROM "StationOperations" AS "s"
    INNER JOIN "JourneyRuntimes" AS "j" ON "s"."DemandId" = "j"."DemandId"
    WHERE "j"."AgvId" = @__agvId_0 AND "s"."Status" = 'RecoveryRequired')
[16:58:03 INF] Executed DbCommand (0ms) [Parameters=[@__agvId_0='?' (Size = 10)], CommandType='Text', CommandTimeout='30']
SELECT EXISTS (
    SELECT 1
    FROM "RecoveryWorkflows" AS "r"
    WHERE "r"."AgvId" = @__agvId_0 AND "r"."WorkflowType" = 'FORCED_MECHANICAL_RECOVERY' AND "r"."State" <> 'HistoricalOnly' AND NOT EXISTS (
        SELECT 1
        FROM "HardwareRecoveryRecords" AS "h"
        WHERE "h"."RecoveryActionId" = "r"."WorkflowId"))
[16:58:03 INF] Executed DbCommand (0ms) [Parameters=[@__agvId_0='?' (Size = 10)], CommandType='Text', CommandTimeout='30']
SELECT "a"."AgvId", "a"."ActivatedAt", "a"."ActivationId", "a"."ConfigurationVersion", "a"."Fingerprint", "a"."SlotModelVersionId", "a"."SnapshotId"
FROM "ActiveSlotConfigurations" AS "a"
WHERE "a"."AgvId" = @__agvId_0
LIMIT 1
[16:58:03 INF] Executed DbCommand (0ms) [Parameters=[@p3='?' (Size = 10), @p0='?' (Size = 5), @p1='?' (Size = 5), @p2='?' (DbType = DateTimeOffset)], CommandType='Text', CommandTimeout='30']
UPDATE "SessionRecoveries" SET "Readiness" = @p0, "ReasonCode" = @p1, "UpdatedAt" = @p2
WHERE "AgvId" = @p3
RETURNING 1;
[16:58:03 INF] Executed DbCommand (1ms) [Parameters=[@__agvId_0='?' (Size = 10)], CommandType='Text', CommandTimeout='30']
SELECT "o"."AlarmsJson"
FROM "OnboardAlarmSnapshots" AS "o"
WHERE "o"."AgvId" = @__agvId_0
LIMIT 1
[16:58:03 INF] Executed DbCommand (0ms) [Parameters=[], CommandType='Text', CommandTimeout='30']
SELECT EXISTS (
    SELECT 1
    FROM "SessionRecoveries" AS "s"
    WHERE "s"."Readiness" = 'Ready')
[16:58:03 INF] HTTP GET /health/ready responded 200 in 4.1589 ms
[16:58:03 INF] Executed DbCommand (1ms) [Parameters=[@p0='?' (Size = 36), @p1='?' (Size = 64), @p2='?' (Size = 1233), @p3='?' (Size = 18), @p4='?' (DbType = DateTimeOffset), @p5='?' (Size = 653)], CommandType='Text', CommandTimeout='30']
INSERT INTO "ProtocolInbox" ("MessageId", "ContentHash", "FirstResponseJson", "MessageType", "ReceivedAt", "RequestJson")
VALUES (@p0, @p1, @p2, @p3, @p4, @p5);
[16:58:03 INF] Start processing HTTP request GET http://127.0.0.1:48408/api/task/v1/task/getVehicleInfo/BROKERX-L2-0001
[16:58:03 INF] Sending HTTP request GET http://127.0.0.1:48408/api/task/v1/task/getVehicleInfo/BROKERX-L2-0001
[16:58:03 INF] Start processing HTTP request GET http://127.0.0.1:48408/api/imap/v1/mapInfo/stations/25
[16:58:03 INF] Sending HTTP request GET http://127.0.0.1:48408/api/imap/v1/mapInfo/stations/25
[16:58:03 INF] Received HTTP response headers after 1.832ms - 200
[16:58:03 INF] End processing HTTP request after 14.2626ms - 200
[16:58:03 INF] Start processing HTTP request GET http://127.0.0.1:48408/api/order/v1/orderRecord?pageNum=1&pageSize=100&filterByState=1&filterByState=3&filterByState=7&filterByState=9
[16:58:03 INF] Sending HTTP request GET http://127.0.0.1:48408/api/order/v1/orderRecord?pageNum=1&pageSize=100&filterByState=1&filterByState=3&filterByState=7&filterByState=9
[16:58:03 INF] Received HTTP response headers after 3.0112ms - 200
[16:58:03 INF] End processing HTTP request after 4.117ms - 200
[16:58:03 INF] Executed DbCommand (0ms) [Parameters=[@__mapId_0='?' (DbType = Int32)], CommandType='Text', CommandTimeout='30']
SELECT "t"."MapId", "t"."ActiveVersion", "t"."PendingVersion", "t"."State", "t"."UpdatedAt"
FROM "TaskTypeStationActiveBindingSets" AS "t"
WHERE "t"."MapId" = @__mapId_0
LIMIT 2
[16:58:03 INF] Executed DbCommand (0ms) [Parameters=[@__mapId_0='?' (DbType = Int32), @__version_1='?' (DbType = Int64)], CommandType='Text', CommandTimeout='30']
SELECT "t"."MapId", "t"."Version", "t"."CatalogRevision", "t"."ContentSha256", "t"."LoadedAt", "t"."RuleVersion", "t"."SnapshotId", "t"."Source"
FROM "TaskTypeStationBindingSetVersions" AS "t"
WHERE "t"."MapId" = @__mapId_0 AND "t"."Version" = @__version_1
LIMIT 2
[16:58:03 INF] Executed DbCommand (0ms) [Parameters=[@__mapId_0='?' (DbType = Int32), @__version_1='?' (DbType = Int64)], CommandType='Text', CommandTimeout='30']
SELECT "t"."TaskType"
FROM "TaskTypeStationRequirements" AS "t"
WHERE "t"."MapId" = @__mapId_0 AND "t"."Version" = @__version_1
[16:58:03 INF] Executed DbCommand (0ms) [Parameters=[@__mapId_0='?' (DbType = Int32), @__version_1='?' (DbType = Int64)], CommandType='Text', CommandTimeout='30']
SELECT "t"."MapId", "t"."Version", "t"."TaskType", "t"."SiteVerificationRef", "t"."StationName", "t"."StationRiotId"
FROM "TaskTypeStationBindings" AS "t"
WHERE "t"."MapId" = @__mapId_0 AND "t"."Version" = @__version_1
[16:58:03 INF] Executed DbCommand (0ms) [Parameters=[@__version_0='?' (DbType = Int64)], CommandType='Text', CommandTimeout='30']
SELECT "t"."Version", "t"."ContentSha256", "t"."LoadedAt", "t"."SnapshotId", "t"."Source"
FROM "TaskTypeStationRuleVersions" AS "t"
WHERE "t"."Version" = @__version_0
LIMIT 2
[16:58:03 INF] Executed DbCommand (0ms) [Parameters=[@__version_0='?' (DbType = Int64)], CommandType='Text', CommandTimeout='30']
SELECT "t"."Version", "t"."TaskType", "t"."FixedEnd"
FROM "TaskTypeStationRules" AS "t"
WHERE "t"."Version" = @__version_0
[16:58:03 INF] Executed DbCommand (0ms) [Parameters=[@__mapId_0='?' (DbType = Int32)], CommandType='Text', CommandTimeout='30']
SELECT "t"."MapId", "t"."ActiveVersion", "t"."PendingVersion", "t"."State", "t"."UpdatedAt"
FROM "TaskTypeStationActiveBindingSets" AS "t"
WHERE "t"."MapId" = @__mapId_0
LIMIT 2
[16:58:03 INF] Executed DbCommand (0ms) [Parameters=[@__mapId_0='?' (DbType = Int32)], CommandType='Text', CommandTimeout='30']
SELECT "t"."HoldId", "t"."DetailJson", "t"."MapId", "t"."RaisedAt", "t"."RaisedBy", "t"."ReasonCode", "t"."ReleasedAt", "t"."ReleasedBy", "t"."Source", "t"."TaskType"
FROM "TaskTypeStationHolds" AS "t"
WHERE "t"."MapId" = @__mapId_0 AND "t"."ReleasedAt" IS NULL
[16:58:03 INF] Executed DbCommand (0ms) [Parameters=[@__mapId_0='?' (DbType = Int32)], CommandType='Text', CommandTimeout='30']
SELECT "m"."MapId", "m"."ApprovedMaxUnconfirmedSeconds", "m"."ApprovedSyncPeriodSeconds", "m"."CatalogRevision", "m"."LastAttemptAt", "m"."LastCompleteConfirmationAt", "m"."LastFailureReason", "m"."State", "m"."UpdatedAt"
FROM "MapStationCatalogStates" AS "m"
WHERE "m"."MapId" = @__mapId_0
LIMIT 2
[16:58:03 INF] Executed DbCommand (0ms) [Parameters=[@p3='?' (DbType = Int32), @p0='?' (DbType = DateTimeOffset), @p1='?' (DbType = DateTimeOffset), @p2='?' (DbType = DateTimeOffset)], CommandType='Text', CommandTimeout='30']
UPDATE "MapStationCatalogStates" SET "LastAttemptAt" = @p0, "LastCompleteConfirmationAt" = @p1, "UpdatedAt" = @p2
WHERE "MapId" = @p3
RETURNING 1;
[16:58:03 INF] Executed DbCommand (0ms) [Parameters=[@__mapId_0='?' (DbType = Int32)], CommandType='Text', CommandTimeout='30']
SELECT "t"."MapId", "t"."ActiveVersion", "t"."PendingVersion", "t"."State", "t"."UpdatedAt"
FROM "TaskTypeStationActiveBindingSets" AS "t"
WHERE "t"."MapId" = @__mapId_0
LIMIT 2
[16:58:03 INF] Executed DbCommand (0ms) [Parameters=[@__mapId_0='?' (DbType = Int32), @__version_1='?' (DbType = Int64)], CommandType='Text', CommandTimeout='30']
SELECT "t"."MapId", "t"."Version", "t"."CatalogRevision", "t"."ContentSha256", "t"."LoadedAt", "t"."RuleVersion", "t"."SnapshotId", "t"."Source"
FROM "TaskTypeStationBindingSetVersions" AS "t"
WHERE "t"."MapId" = @__mapId_0 AND "t"."Version" = @__version_1
LIMIT 2
[16:58:03 INF] Executed DbCommand (0ms) [Parameters=[@__mapId_0='?' (DbType = Int32), @__version_1='?' (DbType = Int64)], CommandType='Text', CommandTimeout='30']
SELECT "t"."TaskType"
FROM "TaskTypeStationRequirements" AS "t"
WHERE "t"."MapId" = @__mapId_0 AND "t"."Version" = @__version_1
[16:58:03 INF] Executed DbCommand (0ms) [Parameters=[@__mapId_0='?' (DbType = Int32), @__version_1='?' (DbType = Int64)], CommandType='Text', CommandTimeout='30']
SELECT "t"."MapId", "t"."Version", "t"."TaskType", "t"."SiteVerificationRef", "t"."StationName", "t"."StationRiotId"
FROM "TaskTypeStationBindings" AS "t"
WHERE "t"."MapId" = @__mapId_0 AND "t"."Version" = @__version_1
[16:58:03 INF] Executed DbCommand (0ms) [Parameters=[@__version_0='?' (DbType = Int64)], CommandType='Text', CommandTimeout='30']
SELECT "t"."Version", "t"."ContentSha256", "t"."LoadedAt", "t"."SnapshotId", "t"."Source"
FROM "TaskTypeStationRuleVersions" AS "t"
WHERE "t"."Version" = @__version_0
LIMIT 2
[16:58:03 INF] Executed DbCommand (0ms) [Parameters=[@__version_0='?' (DbType = Int64)], CommandType='Text', CommandTimeout='30']
SELECT "t"."Version", "t"."TaskType", "t"."FixedEnd"
FROM "TaskTypeStationRules" AS "t"
WHERE "t"."Version" = @__version_0
[16:58:03 INF] Executed DbCommand (0ms) [Parameters=[], CommandType='Text', CommandTimeout='30']
SELECT "a"."Id", "a"."ContentHash", "a"."DeploymentId", "a"."ImportedAt", "a"."Version"
FROM "AdmissionPolicyState" AS "a"
WHERE "a"."Id" = 1
LIMIT 2
[16:58:03 INF] Executed DbCommand (0ms) [Parameters=[], CommandType='Text', CommandTimeout='30']
SELECT "j"."DemandId", "j"."AgvId", "j"."AgvLifecycleGeneration", "j"."BlockReasonCode", "j"."BlockReasonSince", "j"."ConsumedSafetyResultMessageId", "j"."ConsumedSublotMessageId", "j"."CreatedAt", "j"."DispatchGeneration", "j"."DispatchZone", "j"."ExpectedBasketCount", "j"."GateMovementLegId", "j"."GatePlanMessageId", "j"."GateStationId", "j"."GateStationRiotId", "j"."GateUpperId", "j"."GateVehicleBusinessMessageId", "j"."GateWorklistMessageId", "j"."LoadCommandMessageId", "j"."LoadSlotOperationAttemptId", "j"."MapId", "j"."MapIdentity", "j"."OperationSessionId", "j"."PickupMovementLegId", "j"."PickupStationId", "j"."PickupStationRiotId", "j"."PickupUpperId", "j"."PlanMessageId", "j"."PlanRevision", "j"."PreDepartureSafetyCheckId", "j"."PreDepartureSafetyCheckMessageId", "j"."RouteEvidenceId", "j"."Stage", "j"."StationDepartureWaitStartedAt", "j"."SublotRequestMessageId", "j"."TargetSlotsJson", "j"."UnloadCommandMessageId", "j"."UnloadSlotOperationAttemptId", "j"."UpdatedAt", "j"."VehicleBusinessMessageId", "j"."VehicleBusinessRevision", "j"."VehicleKey", "j"."WorklistMessageId", "j"."WorklistRevision"
FROM "JourneyRuntimes" AS "j"
WHERE "j"."Stage" <> 'Completed'
[16:58:03 INF] Executed DbCommand (0ms) [Parameters=[], CommandType='Text', CommandTimeout='30']
SELECT "a"."DemandId"
FROM "AcceptedDemands" AS "a"
WHERE "a"."Status" NOT IN ('Succeeded', 'Cancelled')
[16:58:03 INF] Received HTTP response headers after 23.0788ms - 200
[16:58:03 INF] Executed DbCommand (0ms) [Parameters=[], CommandType='Text', CommandTimeout='30']
SELECT "j"."DemandId"
FROM "JourneyRuntimes" AS "j"
[16:58:03 INF] End processing HTTP request after 24.3746ms - 200
[16:58:03 INF] Start processing HTTP request GET http://127.0.0.1:48409/api/v2/contract
[16:58:03 INF] Sending HTTP request GET http://127.0.0.1:48409/api/v2/contract
[16:58:03 INF] HTTP GET /api/onboard/v1/vehicle-safety responded 200 in 41.2519 ms
[16:58:03 INF] Received HTTP response headers after 1.2998ms - 200
[16:58:03 INF] End processing HTTP request after 2.9814ms - 200
[16:58:03 INF] Start processing HTTP request GET http://127.0.0.1:48409/api/v2/externally-readable-demand-catalog
[16:58:03 INF] Sending HTTP request GET http://127.0.0.1:48409/api/v2/externally-readable-demand-catalog
[16:58:03 INF] Received HTTP response headers after 2.8534ms - 200
[16:58:03 INF] End processing HTTP request after 4.2296ms - 200
[16:58:03 INF] Executed DbCommand (0ms) [Parameters=[], CommandType='Text', CommandTimeout='30']
SELECT "j"."DemandId", "j"."AcceptedAt", "j"."DecisionFingerprint", "j"."DemandCreatedAt", "j"."FirstSeenAt", "j"."LastSeenAt", "j"."ReasonCode", "j"."TransportDemandKey"
FROM "JourneyBacklog" AS "j"
[16:58:03 INF] Executed DbCommand (0ms) [Parameters=[], CommandType='Text', CommandTimeout='30']
SELECT "a"."DemandId"
FROM "AcceptedDemands" AS "a"
[16:58:03 INF] Executed DbCommand (0ms) [Parameters=[], CommandType='Text', CommandTimeout='30']
SELECT "v"."AgvId", "v"."TaskType", "v"."Allowed", "v"."ConfigurationVersion", "v"."UpdatedAt"
FROM "VehicleTaskTypeAdmissions" AS "v"
[16:58:03 INF] Executed DbCommand (0ms) [Parameters=[], CommandType='Text', CommandTimeout='30']
SELECT "v"."AgvId", "v"."ConfigurationVersion", "v"."RoundTimeoutMilliseconds", "v"."UpdatedAt"
FROM "VehicleDispatchBudgets" AS "v"
[16:58:03 INF] Executed DbCommand (0ms) [Parameters=[], CommandType='Text', CommandTimeout='30']
SELECT "d"."Zone", "d"."AgvId", "d"."ConfigurationVersion", "d"."UpdatedAt"
FROM "DispatchZoneVehicles" AS "d"
[16:58:03 INF] Executed DbCommand (0ms) [Parameters=[], CommandType='Text', CommandTimeout='30']
SELECT MAX("d"."Version")
FROM "DispatchZoneAreaAssignmentVersions" AS "d"
[16:58:03 INF] Executed DbCommand (0ms) [Parameters=[@__agvId_0='?' (Size = 10)], CommandType='Text', CommandTimeout='30']
SELECT "a"."SlotModelVersionId", "a"."SnapshotId"
FROM "ActiveSlotConfigurations" AS "a"
WHERE "a"."AgvId" = @__agvId_0
LIMIT 2
[16:58:03 INF] Executed DbCommand (0ms) [Parameters=[@__agvId_0='?' (Size = 10)], CommandType='Text', CommandTimeout='30']
SELECT "s"."SlotModelVersionId", "s"."CreatedAt"
FROM "SlotIoBindings" AS "s"
WHERE "s"."AgvId" = @__agvId_0 AND "s"."Status" = 'PUBLISHED'
[16:58:03 INF] Executed DbCommand (0ms) [Parameters=[@__agvId_0='?' (Size = 10)], CommandType='Text', CommandTimeout='30']
SELECT "s"."AgvId", "s"."ActiveUnlockSlotsJson", "s"."CapabilityHash", "s"."CapabilityRevision", "s"."DepartureSafe", "s"."ForcedRecoveryGeneration", "s"."ManifestSha256", "s"."PendingAttemptIdsJson", "s"."PendingResultIdsJson", "s"."ProfileId", "s"."ProtocolCommit", "s"."ProtocolVersion", "s"."ProvenRecoveryCheckpoint", "s"."Readiness", "s"."ReasonCode", "s"."RecoveryReportId", "s"."ReportedForcedRecoveryGeneration", "s"."ReportedSlotConfigurationFingerprint", "s"."SafetyHash", "s"."SafetyReasonCodesJson", "s"."SafetyRevision", "s"."SafetyUnknownPresent", "s"."SessionGeneration", "s"."UnsettledSlotOperationAttemptId", "s"."UpdatedAt"
FROM "SessionRecoveries" AS "s"
WHERE "s"."AgvId" = @__agvId_0 AND "s"."Readiness" = 'Ready'
LIMIT 2
[16:58:04 INF] Executed DbCommand (0ms) [Parameters=[@__messageType_0='?' (Size = 18)], CommandType='Text', CommandTimeout='30']
SELECT "p"."MessageId", "p"."ContentHash", "p"."FirstResponseJson", "p"."MessageType", "p"."ReceivedAt", "p"."RequestJson"
FROM "ProtocolInbox" AS "p"
WHERE "p"."MessageType" = @__messageType_0
[16:58:04 INF] Executed DbCommand (0ms) [Parameters=[], CommandType='Text', CommandTimeout='30']
SELECT "p"."MessageId", "p"."ContentHash", "p"."FirstResponseJson", "p"."MessageType", "p"."ReceivedAt", "p"."RequestJson"
FROM "ProtocolInbox" AS "p"
WHERE "p"."MessageType" = 'SafetyStateSnapshot'
[16:58:04 INF] Executed DbCommand (0ms) [Parameters=[], CommandType='Text', CommandTimeout='30']
SELECT "p"."MessageId", "p"."ContentHash", "p"."FirstResponseJson", "p"."MessageType", "p"."ReceivedAt", "p"."RequestJson"
FROM "ProtocolInbox" AS "p"
WHERE "p"."MessageType" IN ('SafetyStateSnapshot', 'SafetyStateChanged')
[16:58:04 INF] Executed DbCommand (0ms) [Parameters=[], CommandType='Text', CommandTimeout='30']
SELECT "p"."MessageId", "p"."ContentHash", "p"."FirstResponseJson", "p"."MessageType", "p"."ReceivedAt", "p"."RequestJson"
FROM "ProtocolInbox" AS "p"
[16:58:04 INF] Start processing HTTP request GET http://127.0.0.1:48408/api/task/vehicles/getVehicleInfoByDeviceKey?key=BROKERX-L2-0001
[16:58:04 INF] Sending HTTP request GET http://127.0.0.1:48408/api/task/vehicles/getVehicleInfoByDeviceKey?key=BROKERX-L2-0001
[16:58:04 INF] Received HTTP response headers after 1.0704ms - 200
[16:58:04 INF] End processing HTTP request after 2.4148ms - 200
[16:58:04 INF] Executed DbCommand (0ms) [Parameters=[], CommandType='Text', CommandTimeout='30']
SELECT "s"."DemandId", "s"."ReasonCode", "s"."ClearedAt", "s"."DetailJson", "s"."FirstRaisedAt", "s"."LastSeenAt", "s"."TransportDemandKey"
FROM "StructuralDispatchBlocks" AS "s"
WHERE "s"."ClearedAt" IS NULL
[16:58:04 INF] Start processing HTTP request GET http://127.0.0.1:48408/api/imap/v1/mapInfo/stations/25
[16:58:04 INF] Sending HTTP request GET http://127.0.0.1:48408/api/imap/v1/mapInfo/stations/25
[16:58:04 INF] Received HTTP response headers after 2.81ms - 200
[16:58:04 INF] End processing HTTP request after 4.7627ms - 200
[16:58:04 INF] Executed DbCommand (0ms) [Parameters=[@__mapId_0='?' (DbType = Int32)], CommandType='Text', CommandTimeout='30']
SELECT "t"."MapId", "t"."ActiveVersion", "t"."PendingVersion", "t"."State", "t"."UpdatedAt"
FROM "TaskTypeStationActiveBindingSets" AS "t"
WHERE "t"."MapId" = @__mapId_0
LIMIT 2
[16:58:04 INF] Executed DbCommand (0ms) [Parameters=[@__mapId_0='?' (DbType = Int32), @__version_1='?' (DbType = Int64)], CommandType='Text', CommandTimeout='30']
SELECT "t"."MapId", "t"."Version", "t"."CatalogRevision", "t"."ContentSha256", "t"."LoadedAt", "t"."RuleVersion", "t"."SnapshotId", "t"."Source"
FROM "TaskTypeStationBindingSetVersions" AS "t"
WHERE "t"."MapId" = @__mapId_0 AND "t"."Version" = @__version_1
LIMIT 2
[16:58:04 INF] Executed DbCommand (0ms) [Parameters=[@__mapId_0='?' (DbType = Int32), @__version_1='?' (DbType = Int64)], CommandType='Text', CommandTimeout='30']
SELECT "t"."TaskType"
FROM "TaskTypeStationRequirements" AS "t"
WHERE "t"."MapId" = @__mapId_0 AND "t"."Version" = @__version_1
[16:58:04 INF] Executed DbCommand (0ms) [Parameters=[@__mapId_0='?' (DbType = Int32), @__version_1='?' (DbType = Int64)], CommandType='Text', CommandTimeout='30']
SELECT "t"."MapId", "t"."Version", "t"."TaskType", "t"."SiteVerificationRef", "t"."StationName", "t"."StationRiotId"
FROM "TaskTypeStationBindings" AS "t"
WHERE "t"."MapId" = @__mapId_0 AND "t"."Version" = @__version_1
[16:58:04 INF] Executed DbCommand (0ms) [Parameters=[@__version_0='?' (DbType = Int64)], CommandType='Text', CommandTimeout='30']
SELECT "t"."Version", "t"."ContentSha256", "t"."LoadedAt", "t"."SnapshotId", "t"."Source"
FROM "TaskTypeStationRuleVersions" AS "t"
WHERE "t"."Version" = @__version_0
LIMIT 2
[16:58:04 INF] Executed DbCommand (0ms) [Parameters=[@__version_0='?' (DbType = Int64)], CommandType='Text', CommandTimeout='30']
SELECT "t"."Version", "t"."TaskType", "t"."FixedEnd"
FROM "TaskTypeStationRules" AS "t"
WHERE "t"."Version" = @__version_0
[16:58:04 INF] Executed DbCommand (0ms) [Parameters=[@__mapId_0='?' (DbType = Int32)], CommandType='Text', CommandTimeout='30']
SELECT "t"."MapId", "t"."ActiveVersion", "t"."PendingVersion", "t"."State", "t"."UpdatedAt"
FROM "TaskTypeStationActiveBindingSets" AS "t"
WHERE "t"."MapId" = @__mapId_0
LIMIT 2
[16:58:04 INF] Executed DbCommand (0ms) [Parameters=[@__mapId_0='?' (DbType = Int32)], CommandType='Text', CommandTimeout='30']
SELECT "t"."HoldId", "t"."DetailJson", "t"."MapId", "t"."RaisedAt", "t"."RaisedBy", "t"."ReasonCode", "t"."ReleasedAt", "t"."ReleasedBy", "t"."Source", "t"."TaskType"
FROM "TaskTypeStationHolds" AS "t"
WHERE "t"."MapId" = @__mapId_0 AND "t"."ReleasedAt" IS NULL
[16:58:04 INF] Executed DbCommand (0ms) [Parameters=[@__mapId_0='?' (DbType = Int32)], CommandType='Text', CommandTimeout='30']
SELECT "m"."MapId", "m"."ApprovedMaxUnconfirmedSeconds", "m"."ApprovedSyncPeriodSeconds", "m"."CatalogRevision", "m"."LastAttemptAt", "m"."LastCompleteConfirmationAt", "m"."LastFailureReason", "m"."State", "m"."UpdatedAt"
FROM "MapStationCatalogStates" AS "m"
WHERE "m"."MapId" = @__mapId_0
LIMIT 2
[16:58:04 INF] Executed DbCommand (0ms) [Parameters=[@p3='?' (DbType = Int32), @p0='?' (DbType = DateTimeOffset), @p1='?' (DbType = DateTimeOffset), @p2='?' (DbType = DateTimeOffset)], CommandType='Text', CommandTimeout='30']
UPDATE "MapStationCatalogStates" SET "LastAttemptAt" = @p0, "LastCompleteConfirmationAt" = @p1, "UpdatedAt" = @p2
WHERE "MapId" = @p3
RETURNING 1;
[16:58:04 INF] Executed DbCommand (0ms) [Parameters=[@__mapId_0='?' (DbType = Int32)], CommandType='Text', CommandTimeout='30']
SELECT "t"."MapId", "t"."ActiveVersion", "t"."PendingVersion", "t"."State", "t"."UpdatedAt"
FROM "TaskTypeStationActiveBindingSets" AS "t"
WHERE "t"."MapId" = @__mapId_0
LIMIT 2
[16:58:04 INF] Executed DbCommand (0ms) [Parameters=[@__mapId_0='?' (DbType = Int32), @__version_1='?' (DbType = Int64)], CommandType='Text', CommandTimeout='30']
SELECT "t"."MapId", "t"."Version", "t"."CatalogRevision", "t"."ContentSha256", "t"."LoadedAt", "t"."RuleVersion", "t"."SnapshotId", "t"."Source"
FROM "TaskTypeStationBindingSetVersions" AS "t"
WHERE "t"."MapId" = @__mapId_0 AND "t"."Version" = @__version_1
LIMIT 2
[16:58:04 INF] Executed DbCommand (0ms) [Parameters=[@__mapId_0='?' (DbType = Int32), @__version_1='?' (DbType = Int64)], CommandType='Text', CommandTimeout='30']
SELECT "t"."TaskType"
FROM "TaskTypeStationRequirements" AS "t"
WHERE "t"."MapId" = @__mapId_0 AND "t"."Version" = @__version_1
[16:58:04 INF] Executed DbCommand (0ms) [Parameters=[@__mapId_0='?' (DbType = Int32), @__version_1='?' (DbType = Int64)], CommandType='Text', CommandTimeout='30']
SELECT "t"."MapId", "t"."Version", "t"."TaskType", "t"."SiteVerificationRef", "t"."StationName", "t"."StationRiotId"
FROM "TaskTypeStationBindings" AS "t"
WHERE "t"."MapId" = @__mapId_0 AND "t"."Version" = @__version_1
[16:58:04 INF] Executed DbCommand (0ms) [Parameters=[@__version_0='?' (DbType = Int64)], CommandType='Text', CommandTimeout='30']
SELECT "t"."Version", "t"."ContentSha256", "t"."LoadedAt", "t"."SnapshotId", "t"."Source"
FROM "TaskTypeStationRuleVersions" AS "t"
WHERE "t"."Version" = @__version_0
LIMIT 2
[16:58:04 INF] Executed DbCommand (0ms) [Parameters=[@__version_0='?' (DbType = Int64)], CommandType='Text', CommandTimeout='30']
SELECT "t"."Version", "t"."TaskType", "t"."FixedEnd"
FROM "TaskTypeStationRules" AS "t"
WHERE "t"."Version" = @__version_0
[16:58:04 INF] Executed DbCommand (0ms) [Parameters=[], CommandType='Text', CommandTimeout='30']
SELECT "a"."Id", "a"."ContentHash", "a"."DeploymentId", "a"."ImportedAt", "a"."Version"
FROM "AdmissionPolicyState" AS "a"
WHERE "a"."Id" = 1
LIMIT 2
[16:58:04 INF] Executed DbCommand (0ms) [Parameters=[], CommandType='Text', CommandTimeout='30']
SELECT "j"."DemandId", "j"."AgvId", "j"."AgvLifecycleGeneration", "j"."BlockReasonCode", "j"."BlockReasonSince", "j"."ConsumedSafetyResultMessageId", "j"."ConsumedSublotMessageId", "j"."CreatedAt", "j"."DispatchGeneration", "j"."DispatchZone", "j"."ExpectedBasketCount", "j"."GateMovementLegId", "j"."GatePlanMessageId", "j"."GateStationId", "j"."GateStationRiotId", "j"."GateUpperId", "j"."GateVehicleBusinessMessageId", "j"."GateWorklistMessageId", "j"."LoadCommandMessageId", "j"."LoadSlotOperationAttemptId", "j"."MapId", "j"."MapIdentity", "j"."OperationSessionId", "j"."PickupMovementLegId", "j"."PickupStationId", "j"."PickupStationRiotId", "j"."PickupUpperId", "j"."PlanMessageId", "j"."PlanRevision", "j"."PreDepartureSafetyCheckId", "j"."PreDepartureSafetyCheckMessageId", "j"."RouteEvidenceId", "j"."Stage", "j"."StationDepartureWaitStartedAt", "j"."SublotRequestMessageId", "j"."TargetSlotsJson", "j"."UnloadCommandMessageId", "j"."UnloadSlotOperationAttemptId", "j"."UpdatedAt", "j"."VehicleBusinessMessageId", "j"."VehicleBusinessRevision", "j"."VehicleKey", "j"."WorklistMessageId", "j"."WorklistRevision"
FROM "JourneyRuntimes" AS "j"
WHERE "j"."Stage" <> 'Completed'
[16:58:04 INF] Executed DbCommand (0ms) [Parameters=[], CommandType='Text', CommandTimeout='30']
SELECT "a"."DemandId"
FROM "AcceptedDemands" AS "a"
WHERE "a"."Status" NOT IN ('Succeeded', 'Cancelled')
[16:58:04 INF] Executed DbCommand (0ms) [Parameters=[], CommandType='Text', CommandTimeout='30']
SELECT "j"."DemandId"
FROM "JourneyRuntimes" AS "j"
[16:58:04 INF] Start processing HTTP request GET http://127.0.0.1:48409/api/v2/contract
[16:58:04 INF] Sending HTTP request GET http://127.0.0.1:48409/api/v2/contract
[16:58:04 INF] Received HTTP response headers after 0.9784ms - 200
[16:58:04 INF] End processing HTTP request after 1.9988ms - 200
[16:58:04 INF] Start processing HTTP request GET http://127.0.0.1:48409/api/v2/externally-readable-demand-catalog
[16:58:04 INF] Sending HTTP request GET http://127.0.0.1:48409/api/v2/externally-readable-demand-catalog
[16:58:04 INF] Received HTTP response headers after 1.0697ms - 200
[16:58:04 INF] End processing HTTP request after 2.2138ms - 200
[16:58:04 INF] Executed DbCommand (0ms) [Parameters=[], CommandType='Text', CommandTimeout='30']
SELECT "j"."DemandId", "j"."AcceptedAt", "j"."DecisionFingerprint", "j"."DemandCreatedAt", "j"."FirstSeenAt", "j"."LastSeenAt", "j"."ReasonCode", "j"."TransportDemandKey"
FROM "JourneyBacklog" AS "j"
[16:58:04 INF] Executed DbCommand (0ms) [Parameters=[], CommandType='Text', CommandTimeout='30']
SELECT "a"."DemandId"
FROM "AcceptedDemands" AS "a"
[16:58:04 INF] Executed DbCommand (0ms) [Parameters=[], CommandType='Text', CommandTimeout='30']
SELECT "v"."AgvId", "v"."TaskType", "v"."Allowed", "v"."ConfigurationVersion", "v"."UpdatedAt"
FROM "VehicleTaskTypeAdmissions" AS "v"
[16:58:04 INF] Executed DbCommand (0ms) [Parameters=[], CommandType='Text', CommandTimeout='30']
SELECT "v"."AgvId", "v"."ConfigurationVersion", "v"."RoundTimeoutMilliseconds", "v"."UpdatedAt"
FROM "VehicleDispatchBudgets" AS "v"
[16:58:04 INF] Executed DbCommand (0ms) [Parameters=[], CommandType='Text', CommandTimeout='30']
SELECT "d"."Zone", "d"."AgvId", "d"."ConfigurationVersion", "d"."UpdatedAt"
FROM "DispatchZoneVehicles" AS "d"
[16:58:04 INF] Executed DbCommand (0ms) [Parameters=[], CommandType='Text', CommandTimeout='30']
SELECT MAX("d"."Version")
FROM "DispatchZoneAreaAssignmentVersions" AS "d"
[16:58:04 INF] Executed DbCommand (0ms) [Parameters=[@__agvId_0='?' (Size = 10)], CommandType='Text', CommandTimeout='30']
SELECT "a"."SlotModelVersionId", "a"."SnapshotId"
FROM "ActiveSlotConfigurations" AS "a"
WHERE "a"."AgvId" = @__agvId_0
LIMIT 2
[16:58:04 INF] Start processing HTTP request GET http://127.0.0.1:48408/api/task/v1/task/getVehicleInfo/BROKERX-L2-0001
[16:58:04 INF] Executed DbCommand (0ms) [Parameters=[@__agvId_0='?' (Size = 10)], CommandType='Text', CommandTimeout='30']
SELECT "s"."SlotModelVersionId", "s"."CreatedAt"
FROM "SlotIoBindings" AS "s"
WHERE "s"."AgvId" = @__agvId_0 AND "s"."Status" = 'PUBLISHED'
[16:58:04 INF] Sending HTTP request GET http://127.0.0.1:48408/api/task/v1/task/getVehicleInfo/BROKERX-L2-0001
[16:58:04 INF] Executed DbCommand (0ms) [Parameters=[@__agvId_0='?' (Size = 10)], CommandType='Text', CommandTimeout='30']
SELECT "s"."AgvId", "s"."ActiveUnlockSlotsJson", "s"."CapabilityHash", "s"."CapabilityRevision", "s"."DepartureSafe", "s"."ForcedRecoveryGeneration", "s"."ManifestSha256", "s"."PendingAttemptIdsJson", "s"."PendingResultIdsJson", "s"."ProfileId", "s"."ProtocolCommit", "s"."ProtocolVersion", "s"."ProvenRecoveryCheckpoint", "s"."Readiness", "s"."ReasonCode", "s"."RecoveryReportId", "s"."ReportedForcedRecoveryGeneration", "s"."ReportedSlotConfigurationFingerprint", "s"."SafetyHash", "s"."SafetyReasonCodesJson", "s"."SafetyRevision", "s"."SafetyUnknownPresent", "s"."SessionGeneration", "s"."UnsettledSlotOperationAttemptId", "s"."UpdatedAt"
FROM "SessionRecoveries" AS "s"
WHERE "s"."AgvId" = @__agvId_0 AND "s"."Readiness" = 'Ready'
LIMIT 2
[16:58:04 INF] Executed DbCommand (0ms) [Parameters=[@__messageType_0='?' (Size = 18)], CommandType='Text', CommandTimeout='30']
SELECT "p"."MessageId", "p"."ContentHash", "p"."FirstResponseJson", "p"."MessageType", "p"."ReceivedAt", "p"."RequestJson"
FROM "ProtocolInbox" AS "p"
WHERE "p"."MessageType" = @__messageType_0
[16:58:04 INF] Executed DbCommand (0ms) [Parameters=[], CommandType='Text', CommandTimeout='30']
SELECT "p"."MessageId", "p"."ContentHash", "p"."FirstResponseJson", "p"."MessageType", "p"."ReceivedAt", "p"."RequestJson"
FROM "ProtocolInbox" AS "p"
WHERE "p"."MessageType" = 'SafetyStateSnapshot'
[16:58:05 INF] Executed DbCommand (0ms) [Parameters=[], CommandType='Text', CommandTimeout='30']
SELECT "p"."MessageId", "p"."ContentHash", "p"."FirstResponseJson", "p"."MessageType", "p"."ReceivedAt", "p"."RequestJson"
FROM "ProtocolInbox" AS "p"
WHERE "p"."MessageType" IN ('SafetyStateSnapshot', 'SafetyStateChanged')
[16:58:05 INF] Received HTTP response headers after 4.8385ms - 200
[16:58:05 INF] End processing HTTP request after 9.1919ms - 200
[16:58:05 INF] Executed DbCommand (0ms) [Parameters=[], CommandType='Text', CommandTimeout='30']
SELECT "p"."MessageId", "p"."ContentHash", "p"."FirstResponseJson", "p"."MessageType", "p"."ReceivedAt", "p"."RequestJson"
FROM "ProtocolInbox" AS "p"
[16:58:05 INF] Start processing HTTP request GET http://127.0.0.1:48408/api/order/v1/orderRecord?pageNum=1&pageSize=100&filterByState=1&filterByState=3&filterByState=7&filterByState=9
[16:58:05 INF] Sending HTTP request GET http://127.0.0.1:48408/api/order/v1/orderRecord?pageNum=1&pageSize=100&filterByState=1&filterByState=3&filterByState=7&filterByState=9
[16:58:05 INF] Start processing HTTP request GET http://127.0.0.1:48408/api/task/vehicles/getVehicleInfoByDeviceKey?key=BROKERX-L2-0001
[16:58:05 INF] Sending HTTP request GET http://127.0.0.1:48408/api/task/vehicles/getVehicleInfoByDeviceKey?key=BROKERX-L2-0001
[16:58:05 INF] Received HTTP response headers after 1.4893ms - 200
[16:58:05 INF] Received HTTP response headers after 0.7451ms - 200
[16:58:05 INF] End processing HTTP request after 2.6296ms - 200
[16:58:05 INF] End processing HTTP request after 2.0079ms - 200
[16:58:05 INF] HTTP GET /api/onboard/v1/vehicle-safety responded 200 in 14.5714 ms
[16:58:05 INF] Executed DbCommand (0ms) [Parameters=[], CommandType='Text', CommandTimeout='30']
SELECT "s"."DemandId", "s"."ReasonCode", "s"."ClearedAt", "s"."DetailJson", "s"."FirstRaisedAt", "s"."LastSeenAt", "s"."TransportDemandKey"
FROM "StructuralDispatchBlocks" AS "s"
WHERE "s"."ClearedAt" IS NULL
[16:58:05 INF] Start processing HTTP request GET http://127.0.0.1:48408/api/imap/v1/mapInfo/stations/25
[16:58:05 INF] Sending HTTP request GET http://127.0.0.1:48408/api/imap/v1/mapInfo/stations/25
[16:58:05 INF] Received HTTP response headers after 24.5283ms - 200
[16:58:05 INF] End processing HTTP request after 43.8974ms - 200
[16:58:05 INF] Executed DbCommand (0ms) [Parameters=[@__mapId_0='?' (DbType = Int32)], CommandType='Text', CommandTimeout='30']
SELECT "t"."MapId", "t"."ActiveVersion", "t"."PendingVersion", "t"."State", "t"."UpdatedAt"
FROM "TaskTypeStationActiveBindingSets" AS "t"
WHERE "t"."MapId" = @__mapId_0
LIMIT 2
[16:58:05 INF] Executed DbCommand (0ms) [Parameters=[@__mapId_0='?' (DbType = Int32), @__version_1='?' (DbType = Int64)], CommandType='Text', CommandTimeout='30']
SELECT "t"."MapId", "t"."Version", "t"."CatalogRevision", "t"."ContentSha256", "t"."LoadedAt", "t"."RuleVersion", "t"."SnapshotId", "t"."Source"
FROM "TaskTypeStationBindingSetVersions" AS "t"
WHERE "t"."MapId" = @__mapId_0 AND "t"."Version" = @__version_1
LIMIT 2
[16:58:05 INF] Executed DbCommand (0ms) [Parameters=[@__mapId_0='?' (DbType = Int32), @__version_1='?' (DbType = Int64)], CommandType='Text', CommandTimeout='30']
SELECT "t"."TaskType"
FROM "TaskTypeStationRequirements" AS "t"
WHERE "t"."MapId" = @__mapId_0 AND "t"."Version" = @__version_1
[16:58:05 INF] Executed DbCommand (0ms) [Parameters=[@__mapId_0='?' (DbType = Int32), @__version_1='?' (DbType = Int64)], CommandType='Text', CommandTimeout='30']
SELECT "t"."MapId", "t"."Version", "t"."TaskType", "t"."SiteVerificationRef", "t"."StationName", "t"."StationRiotId"
FROM "TaskTypeStationBindings" AS "t"
WHERE "t"."MapId" = @__mapId_0 AND "t"."Version" = @__version_1
[16:58:05 INF] Executed DbCommand (0ms) [Parameters=[@__version_0='?' (DbType = Int64)], CommandType='Text', CommandTimeout='30']
SELECT "t"."Version", "t"."ContentSha256", "t"."LoadedAt", "t"."SnapshotId", "t"."Source"
FROM "TaskTypeStationRuleVersions" AS "t"
WHERE "t"."Version" = @__version_0
LIMIT 2
[16:58:05 INF] Executed DbCommand (0ms) [Parameters=[@__version_0='?' (DbType = Int64)], CommandType='Text', CommandTimeout='30']
SELECT "t"."Version", "t"."TaskType", "t"."FixedEnd"
FROM "TaskTypeStationRules" AS "t"
WHERE "t"."Version" = @__version_0
[16:58:05 INF] Executed DbCommand (0ms) [Parameters=[@__mapId_0='?' (DbType = Int32)], CommandType='Text', CommandTimeout='30']
SELECT "t"."MapId", "t"."ActiveVersion", "t"."PendingVersion", "t"."State", "t"."UpdatedAt"
FROM "TaskTypeStationActiveBindingSets" AS "t"
WHERE "t"."MapId" = @__mapId_0
LIMIT 2
[16:58:05 INF] Executed DbCommand (0ms) [Parameters=[@__mapId_0='?' (DbType = Int32)], CommandType='Text', CommandTimeout='30']
SELECT "t"."HoldId", "t"."DetailJson", "t"."MapId", "t"."RaisedAt", "t"."RaisedBy", "t"."ReasonCode", "t"."ReleasedAt", "t"."ReleasedBy", "t"."Source", "t"."TaskType"
FROM "TaskTypeStationHolds" AS "t"
WHERE "t"."MapId" = @__mapId_0 AND "t"."ReleasedAt" IS NULL
[16:58:05 INF] Executed DbCommand (0ms) [Parameters=[@__mapId_0='?' (DbType = Int32)], CommandType='Text', CommandTimeout='30']
SELECT "m"."MapId", "m"."ApprovedMaxUnconfirmedSeconds", "m"."ApprovedSyncPeriodSeconds", "m"."CatalogRevision", "m"."LastAttemptAt", "m"."LastCompleteConfirmationAt", "m"."LastFailureReason", "m"."State", "m"."UpdatedAt"
FROM "MapStationCatalogStates" AS "m"
WHERE "m"."MapId" = @__mapId_0
LIMIT 2
[16:58:06 INF] Executed DbCommand (0ms) [Parameters=[@p3='?' (DbType = Int32), @p0='?' (DbType = DateTimeOffset), @p1='?' (DbType = DateTimeOffset), @p2='?' (DbType = DateTimeOffset)], CommandType='Text', CommandTimeout='30']
UPDATE "MapStationCatalogStates" SET "LastAttemptAt" = @p0, "LastCompleteConfirmationAt" = @p1, "UpdatedAt" = @p2
WHERE "MapId" = @p3
RETURNING 1;
[16:58:06 INF] Executed DbCommand (0ms) [Parameters=[@__mapId_0='?' (DbType = Int32)], CommandType='Text', CommandTimeout='30']
SELECT "t"."MapId", "t"."ActiveVersion", "t"."PendingVersion", "t"."State", "t"."UpdatedAt"
FROM "TaskTypeStationActiveBindingSets" AS "t"
WHERE "t"."MapId" = @__mapId_0
LIMIT 2
[16:58:06 INF] Executed DbCommand (0ms) [Parameters=[@__mapId_0='?' (DbType = Int32), @__version_1='?' (DbType = Int64)], CommandType='Text', CommandTimeout='30']
SELECT "t"."MapId", "t"."Version", "t"."CatalogRevision", "t"."ContentSha256", "t"."LoadedAt", "t"."RuleVersion", "t"."SnapshotId", "t"."Source"
FROM "TaskTypeStationBindingSetVersions" AS "t"
WHERE "t"."MapId" = @__mapId_0 AND "t"."Version" = @__version_1
LIMIT 2
[16:58:06 INF] Executed DbCommand (0ms) [Parameters=[@__mapId_0='?' (DbType = Int32), @__version_1='?' (DbType = Int64)], CommandType='Text', CommandTimeout='30']
SELECT "t"."TaskType"
FROM "TaskTypeStationRequirements" AS "t"
WHERE "t"."MapId" = @__mapId_0 AND "t"."Version" = @__version_1
[16:58:06 INF] Executed DbCommand (0ms) [Parameters=[@__mapId_0='?' (DbType = Int32), @__version_1='?' (DbType = Int64)], CommandType='Text', CommandTimeout='30']
SELECT "t"."MapId", "t"."Version", "t"."TaskType", "t"."SiteVerificationRef", "t"."StationName", "t"."StationRiotId"
FROM "TaskTypeStationBindings" AS "t"
WHERE "t"."MapId" = @__mapId_0 AND "t"."Version" = @__version_1
[16:58:06 INF] Executed DbCommand (0ms) [Parameters=[@__version_0='?' (DbType = Int64)], CommandType='Text', CommandTimeout='30']
SELECT "t"."Version", "t"."ContentSha256", "t"."LoadedAt", "t"."SnapshotId", "t"."Source"
FROM "TaskTypeStationRuleVersions" AS "t"
WHERE "t"."Version" = @__version_0
LIMIT 2
[16:58:06 INF] Executed DbCommand (0ms) [Parameters=[@__version_0='?' (DbType = Int64)], CommandType='Text', CommandTimeout='30']
SELECT "t"."Version", "t"."TaskType", "t"."FixedEnd"
FROM "TaskTypeStationRules" AS "t"
WHERE "t"."Version" = @__version_0
[16:58:06 INF] Executed DbCommand (0ms) [Parameters=[], CommandType='Text', CommandTimeout='30']
SELECT "a"."Id", "a"."ContentHash", "a"."DeploymentId", "a"."ImportedAt", "a"."Version"
FROM "AdmissionPolicyState" AS "a"
WHERE "a"."Id" = 1
LIMIT 2
[16:58:06 INF] Executed DbCommand (0ms) [Parameters=[], CommandType='Text', CommandTimeout='30']
SELECT "j"."DemandId", "j"."AgvId", "j"."AgvLifecycleGeneration", "j"."BlockReasonCode", "j"."BlockReasonSince", "j"."ConsumedSafetyResultMessageId", "j"."ConsumedSublotMessageId", "j"."CreatedAt", "j"."DispatchGeneration", "j"."DispatchZone", "j"."ExpectedBasketCount", "j"."GateMovementLegId", "j"."GatePlanMessageId", "j"."GateStationId", "j"."GateStationRiotId", "j"."GateUpperId", "j"."GateVehicleBusinessMessageId", "j"."GateWorklistMessageId", "j"."LoadCommandMessageId", "j"."LoadSlotOperationAttemptId", "j"."MapId", "j"."MapIdentity", "j"."OperationSessionId", "j"."PickupMovementLegId", "j"."PickupStationId", "j"."PickupStationRiotId", "j"."PickupUpperId", "j"."PlanMessageId", "j"."PlanRevision", "j"."PreDepartureSafetyCheckId", "j"."PreDepartureSafetyCheckMessageId", "j"."RouteEvidenceId", "j"."Stage", "j"."StationDepartureWaitStartedAt", "j"."SublotRequestMessageId", "j"."TargetSlotsJson", "j"."UnloadCommandMessageId", "j"."UnloadSlotOperationAttemptId", "j"."UpdatedAt", "j"."VehicleBusinessMessageId", "j"."VehicleBusinessRevision", "j"."VehicleKey", "j"."WorklistMessageId", "j"."WorklistRevision"
FROM "JourneyRuntimes" AS "j"
WHERE "j"."Stage" <> 'Completed'
[16:58:06 INF] Executed DbCommand (0ms) [Parameters=[], CommandType='Text', CommandTimeout='30']
SELECT "a"."DemandId"
FROM "AcceptedDemands" AS "a"
WHERE "a"."Status" NOT IN ('Succeeded', 'Cancelled')
[16:58:06 INF] Executed DbCommand (0ms) [Parameters=[], CommandType='Text', CommandTimeout='30']
SELECT "j"."DemandId"
FROM "JourneyRuntimes" AS "j"
[16:58:06 INF] Start processing HTTP request GET http://127.0.0.1:48409/api/v2/contract
[16:58:06 INF] Sending HTTP request GET http://127.0.0.1:48409/api/v2/contract
[16:58:06 INF] Start processing HTTP request GET http://127.0.0.1:48408/api/task/v1/task/getVehicleInfo/BROKERX-L2-0001
[16:58:06 INF] Sending HTTP request GET http://127.0.0.1:48408/api/task/v1/task/getVehicleInfo/BROKERX-L2-0001
[16:58:06 INF] Received HTTP response headers after 13.1888ms - 200
[16:58:06 INF] End processing HTTP request after 36.8823ms - 200
[16:58:06 INF] Received HTTP response headers after 14.6703ms - 200
[16:58:06 INF] Start processing HTTP request GET http://127.0.0.1:48409/api/v2/externally-readable-demand-catalog
[16:58:06 INF] Sending HTTP request GET http://127.0.0.1:48409/api/v2/externally-readable-demand-catalog
[16:58:06 INF] End processing HTTP request after 36.954ms - 200
[16:58:06 INF] Start processing HTTP request GET http://127.0.0.1:48408/api/order/v1/orderRecord?pageNum=1&pageSize=100&filterByState=1&filterByState=3&filterByState=7&filterByState=9
[16:58:06 INF] Sending HTTP request GET http://127.0.0.1:48408/api/order/v1/orderRecord?pageNum=1&pageSize=100&filterByState=1&filterByState=3&filterByState=7&filterByState=9
[16:58:06 INF] Received HTTP response headers after 2.856ms - 200
[16:58:06 INF] End processing HTTP request after 5.5192ms - 200
[16:58:06 INF] Executed DbCommand (0ms) [Parameters=[], CommandType='Text', CommandTimeout='30']
SELECT "j"."DemandId", "j"."AcceptedAt", "j"."DecisionFingerprint", "j"."DemandCreatedAt", "j"."FirstSeenAt", "j"."LastSeenAt", "j"."ReasonCode", "j"."TransportDemandKey"
FROM "JourneyBacklog" AS "j"
[16:58:06 INF] Executed DbCommand (0ms) [Parameters=[], CommandType='Text', CommandTimeout='30']
SELECT "a"."DemandId"
FROM "AcceptedDemands" AS "a"
[16:58:06 INF] Executed DbCommand (0ms) [Parameters=[], CommandType='Text', CommandTimeout='30']
SELECT "v"."AgvId", "v"."TaskType", "v"."Allowed", "v"."ConfigurationVersion", "v"."UpdatedAt"
FROM "VehicleTaskTypeAdmissions" AS "v"
[16:58:06 INF] Executed DbCommand (0ms) [Parameters=[], CommandType='Text', CommandTimeout='30']
SELECT "v"."AgvId", "v"."ConfigurationVersion", "v"."RoundTimeoutMilliseconds", "v"."UpdatedAt"
FROM "VehicleDispatchBudgets" AS "v"
[16:58:06 INF] Executed DbCommand (0ms) [Parameters=[], CommandType='Text', CommandTimeout='30']
SELECT "d"."Zone", "d"."AgvId", "d"."ConfigurationVersion", "d"."UpdatedAt"
FROM "DispatchZoneVehicles" AS "d"
[16:58:06 INF] Executed DbCommand (0ms) [Parameters=[], CommandType='Text', CommandTimeout='30']
SELECT MAX("d"."Version")
FROM "DispatchZoneAreaAssignmentVersions" AS "d"
[16:58:06 INF] Executed DbCommand (0ms) [Parameters=[@__agvId_0='?' (Size = 10)], CommandType='Text', CommandTimeout='30']
SELECT "a"."SlotModelVersionId", "a"."SnapshotId"
FROM "ActiveSlotConfigurations" AS "a"
WHERE "a"."AgvId" = @__agvId_0
LIMIT 2
[16:58:06 INF] Executed DbCommand (0ms) [Parameters=[@__agvId_0='?' (Size = 10)], CommandType='Text', CommandTimeout='30']
SELECT "s"."SlotModelVersionId", "s"."CreatedAt"
FROM "SlotIoBindings" AS "s"
WHERE "s"."AgvId" = @__agvId_0 AND "s"."Status" = 'PUBLISHED'
[16:58:06 INF] Received HTTP response headers after 8.908ms - 200
[16:58:06 INF] End processing HTTP request after 10.983ms - 200
[16:58:06 INF] Executed DbCommand (0ms) [Parameters=[@__agvId_0='?' (Size = 10)], CommandType='Text', CommandTimeout='30']
SELECT "s"."AgvId", "s"."ActiveUnlockSlotsJson", "s"."CapabilityHash", "s"."CapabilityRevision", "s"."DepartureSafe", "s"."ForcedRecoveryGeneration", "s"."ManifestSha256", "s"."PendingAttemptIdsJson", "s"."PendingResultIdsJson", "s"."ProfileId", "s"."ProtocolCommit", "s"."ProtocolVersion", "s"."ProvenRecoveryCheckpoint", "s"."Readiness", "s"."ReasonCode", "s"."RecoveryReportId", "s"."ReportedForcedRecoveryGeneration", "s"."ReportedSlotConfigurationFingerprint", "s"."SafetyHash", "s"."SafetyReasonCodesJson", "s"."SafetyRevision", "s"."SafetyUnknownPresent", "s"."SessionGeneration", "s"."UnsettledSlotOperationAttemptId", "s"."UpdatedAt"
FROM "SessionRecoveries" AS "s"
WHERE "s"."AgvId" = @__agvId_0 AND "s"."Readiness" = 'Ready'
LIMIT 2
[16:58:06 INF] HTTP GET /api/onboard/v1/vehicle-safety responded 200 in 50.9866 ms
[16:58:06 INF] Executed DbCommand (0ms) [Parameters=[@__messageType_0='?' (Size = 18)], CommandType='Text', CommandTimeout='30']
SELECT "p"."MessageId", "p"."ContentHash", "p"."FirstResponseJson", "p"."MessageType", "p"."ReceivedAt", "p"."RequestJson"
FROM "ProtocolInbox" AS "p"
WHERE "p"."MessageType" = @__messageType_0
[16:58:06 INF] Executed DbCommand (0ms) [Parameters=[], CommandType='Text', CommandTimeout='30']
SELECT "p"."MessageId", "p"."ContentHash", "p"."FirstResponseJson", "p"."MessageType", "p"."ReceivedAt", "p"."RequestJson"
FROM "ProtocolInbox" AS "p"
WHERE "p"."MessageType" = 'SafetyStateSnapshot'
[16:58:06 INF] Executed DbCommand (0ms) [Parameters=[], CommandType='Text', CommandTimeout='30']
SELECT "p"."MessageId", "p"."ContentHash", "p"."FirstResponseJson", "p"."MessageType", "p"."ReceivedAt", "p"."RequestJson"
FROM "ProtocolInbox" AS "p"
WHERE "p"."MessageType" IN ('SafetyStateSnapshot', 'SafetyStateChanged')
[16:58:06 INF] Executed DbCommand (0ms) [Parameters=[], CommandType='Text', CommandTimeout='30']
SELECT "p"."MessageId", "p"."ContentHash", "p"."FirstResponseJson", "p"."MessageType", "p"."ReceivedAt", "p"."RequestJson"
FROM "ProtocolInbox" AS "p"
[16:58:06 INF] Start processing HTTP request GET http://127.0.0.1:48408/api/task/vehicles/getVehicleInfoByDeviceKey?key=BROKERX-L2-0001
[16:58:06 INF] Sending HTTP request GET http://127.0.0.1:48408/api/task/vehicles/getVehicleInfoByDeviceKey?key=BROKERX-L2-0001
[16:58:06 INF] Received HTTP response headers after 1.9935ms - 200
[16:58:06 INF] End processing HTTP request after 3.2474ms - 200
[16:58:06 INF] Executed DbCommand (0ms) [Parameters=[], CommandType='Text', CommandTimeout='30']
SELECT "s"."DemandId", "s"."ReasonCode", "s"."ClearedAt", "s"."DetailJson", "s"."FirstRaisedAt", "s"."LastSeenAt", "s"."TransportDemandKey"
FROM "StructuralDispatchBlocks" AS "s"
WHERE "s"."ClearedAt" IS NULL
[16:58:06 INF] Start processing HTTP request GET http://127.0.0.1:48408/api/imap/v1/mapInfo/stations/25
[16:58:06 INF] Sending HTTP request GET http://127.0.0.1:48408/api/imap/v1/mapInfo/stations/25
[16:58:06 INF] Received HTTP response headers after 0.6946ms - 200
[16:58:06 INF] End processing HTTP request after 1.6778ms - 200
[16:58:06 INF] Executed DbCommand (0ms) [Parameters=[@__mapId_0='?' (DbType = Int32)], CommandType='Text', CommandTimeout='30']
SELECT "t"."MapId", "t"."ActiveVersion", "t"."PendingVersion", "t"."State", "t"."UpdatedAt"
FROM "TaskTypeStationActiveBindingSets" AS "t"
WHERE "t"."MapId" = @__mapId_0
LIMIT 2
[16:58:06 INF] Executed DbCommand (0ms) [Parameters=[@__mapId_0='?' (DbType = Int32), @__version_1='?' (DbType = Int64)], CommandType='Text', CommandTimeout='30']
SELECT "t"."MapId", "t"."Version", "t"."CatalogRevision", "t"."ContentSha256", "t"."LoadedAt", "t"."RuleVersion", "t"."SnapshotId", "t"."Source"
FROM "TaskTypeStationBindingSetVersions" AS "t"
WHERE "t"."MapId" = @__mapId_0 AND "t"."Version" = @__version_1
LIMIT 2
[16:58:06 INF] Executed DbCommand (0ms) [Parameters=[@__mapId_0='?' (DbType = Int32), @__version_1='?' (DbType = Int64)], CommandType='Text', CommandTimeout='30']
SELECT "t"."TaskType"
FROM "TaskTypeStationRequirements" AS "t"
WHERE "t"."MapId" = @__mapId_0 AND "t"."Version" = @__version_1
[16:58:06 INF] Executed DbCommand (0ms) [Parameters=[@__mapId_0='?' (DbType = Int32), @__version_1='?' (DbType = Int64)], CommandType='Text', CommandTimeout='30']
SELECT "t"."MapId", "t"."Version", "t"."TaskType", "t"."SiteVerificationRef", "t"."StationName", "t"."StationRiotId"
FROM "TaskTypeStationBindings" AS "t"
WHERE "t"."MapId" = @__mapId_0 AND "t"."Version" = @__version_1
[16:58:06 INF] Executed DbCommand (0ms) [Parameters=[@__version_0='?' (DbType = Int64)], CommandType='Text', CommandTimeout='30']
SELECT "t"."Version", "t"."ContentSha256", "t"."LoadedAt", "t"."SnapshotId", "t"."Source"
FROM "TaskTypeStationRuleVersions" AS "t"
WHERE "t"."Version" = @__version_0
LIMIT 2
[16:58:06 INF] Executed DbCommand (0ms) [Parameters=[@__version_0='?' (DbType = Int64)], CommandType='Text', CommandTimeout='30']
SELECT "t"."Version", "t"."TaskType", "t"."FixedEnd"
FROM "TaskTypeStationRules" AS "t"
WHERE "t"."Version" = @__version_0
[16:58:06 INF] Executed DbCommand (0ms) [Parameters=[@__mapId_0='?' (DbType = Int32)], CommandType='Text', CommandTimeout='30']
SELECT "t"."MapId", "t"."ActiveVersion", "t"."PendingVersion", "t"."State", "t"."UpdatedAt"
FROM "TaskTypeStationActiveBindingSets" AS "t"
WHERE "t"."MapId" = @__mapId_0
LIMIT 2
[16:58:06 INF] Executed DbCommand (0ms) [Parameters=[@__mapId_0='?' (DbType = Int32)], CommandType='Text', CommandTimeout='30']
SELECT "t"."HoldId", "t"."DetailJson", "t"."MapId", "t"."RaisedAt", "t"."RaisedBy", "t"."ReasonCode", "t"."ReleasedAt", "t"."ReleasedBy", "t"."Source", "t"."TaskType"
FROM "TaskTypeStationHolds" AS "t"
WHERE "t"."MapId" = @__mapId_0 AND "t"."ReleasedAt" IS NULL
[16:58:06 INF] Executed DbCommand (0ms) [Parameters=[@__mapId_0='?' (DbType = Int32)], CommandType='Text', CommandTimeout='30']
SELECT "m"."MapId", "m"."ApprovedMaxUnconfirmedSeconds", "m"."ApprovedSyncPeriodSeconds", "m"."CatalogRevision", "m"."LastAttemptAt", "m"."LastCompleteConfirmationAt", "m"."LastFailureReason", "m"."State", "m"."UpdatedAt"
FROM "MapStationCatalogStates" AS "m"
WHERE "m"."MapId" = @__mapId_0
LIMIT 2
[16:58:06 INF] Executed DbCommand (0ms) [Parameters=[@p3='?' (DbType = Int32), @p0='?' (DbType = DateTimeOffset), @p1='?' (DbType = DateTimeOffset), @p2='?' (DbType = DateTimeOffset)], CommandType='Text', CommandTimeout='30']
UPDATE "MapStationCatalogStates" SET "LastAttemptAt" = @p0, "LastCompleteConfirmationAt" = @p1, "UpdatedAt" = @p2
WHERE "MapId" = @p3
RETURNING 1;
[16:58:06 INF] Executed DbCommand (0ms) [Parameters=[@__mapId_0='?' (DbType = Int32)], CommandType='Text', CommandTimeout='30']
SELECT "t"."MapId", "t"."ActiveVersion", "t"."PendingVersion", "t"."State", "t"."UpdatedAt"
FROM "TaskTypeStationActiveBindingSets" AS "t"
WHERE "t"."MapId" = @__mapId_0
LIMIT 2
[16:58:06 INF] Executed DbCommand (0ms) [Parameters=[@__mapId_0='?' (DbType = Int32), @__version_1='?' (DbType = Int64)], CommandType='Text', CommandTimeout='30']
SELECT "t"."MapId", "t"."Version", "t"."CatalogRevision", "t"."ContentSha256", "t"."LoadedAt", "t"."RuleVersion", "t"."SnapshotId", "t"."Source"
FROM "TaskTypeStationBindingSetVersions" AS "t"
WHERE "t"."MapId" = @__mapId_0 AND "t"."Version" = @__version_1
LIMIT 2
[16:58:06 INF] Executed DbCommand (0ms) [Parameters=[@__mapId_0='?' (DbType = Int32), @__version_1='?' (DbType = Int64)], CommandType='Text', CommandTimeout='30']
SELECT "t"."TaskType"
FROM "TaskTypeStationRequirements" AS "t"
WHERE "t"."MapId" = @__mapId_0 AND "t"."Version" = @__version_1
[16:58:06 INF] Executed DbCommand (0ms) [Parameters=[@__mapId_0='?' (DbType = Int32), @__version_1='?' (DbType = Int64)], CommandType='Text', CommandTimeout='30']
SELECT "t"."MapId", "t"."Version", "t"."TaskType", "t"."SiteVerificationRef", "t"."StationName", "t"."StationRiotId"
FROM "TaskTypeStationBindings" AS "t"
WHERE "t"."MapId" = @__mapId_0 AND "t"."Version" = @__version_1
[16:58:06 INF] Executed DbCommand (0ms) [Parameters=[@__version_0='?' (DbType = Int64)], CommandType='Text', CommandTimeout='30']
SELECT "t"."Version", "t"."ContentSha256", "t"."LoadedAt", "t"."SnapshotId", "t"."Source"
FROM "TaskTypeStationRuleVersions" AS "t"
WHERE "t"."Version" = @__version_0
LIMIT 2
[16:58:06 INF] Executed DbCommand (0ms) [Parameters=[@__version_0='?' (DbType = Int64)], CommandType='Text', CommandTimeout='30']
SELECT "t"."Version", "t"."TaskType", "t"."FixedEnd"
FROM "TaskTypeStationRules" AS "t"
WHERE "t"."Version" = @__version_0
[16:58:06 INF] Executed DbCommand (0ms) [Parameters=[], CommandType='Text', CommandTimeout='30']
SELECT "a"."Id", "a"."ContentHash", "a"."DeploymentId", "a"."ImportedAt", "a"."Version"
FROM "AdmissionPolicyState" AS "a"
WHERE "a"."Id" = 1
LIMIT 2
[16:58:06 INF] Executed DbCommand (0ms) [Parameters=[], CommandType='Text', CommandTimeout='30']
SELECT "j"."DemandId", "j"."AgvId", "j"."AgvLifecycleGeneration", "j"."BlockReasonCode", "j"."BlockReasonSince", "j"."ConsumedSafetyResultMessageId", "j"."ConsumedSublotMessageId", "j"."CreatedAt", "j"."DispatchGeneration", "j"."DispatchZone", "j"."ExpectedBasketCount", "j"."GateMovementLegId", "j"."GatePlanMessageId", "j"."GateStationId", "j"."GateStationRiotId", "j"."GateUpperId", "j"."GateVehicleBusinessMessageId", "j"."GateWorklistMessageId", "j"."LoadCommandMessageId", "j"."LoadSlotOperationAttemptId", "j"."MapId", "j"."MapIdentity", "j"."OperationSessionId", "j"."PickupMovementLegId", "j"."PickupStationId", "j"."PickupStationRiotId", "j"."PickupUpperId", "j"."PlanMessageId", "j"."PlanRevision", "j"."PreDepartureSafetyCheckId", "j"."PreDepartureSafetyCheckMessageId", "j"."RouteEvidenceId", "j"."Stage", "j"."StationDepartureWaitStartedAt", "j"."SublotRequestMessageId", "j"."TargetSlotsJson", "j"."UnloadCommandMessageId", "j"."UnloadSlotOperationAttemptId", "j"."UpdatedAt", "j"."VehicleBusinessMessageId", "j"."VehicleBusinessRevision", "j"."VehicleKey", "j"."WorklistMessageId", "j"."WorklistRevision"
FROM "JourneyRuntimes" AS "j"
WHERE "j"."Stage" <> 'Completed'
[16:58:06 INF] Executed DbCommand (0ms) [Parameters=[], CommandType='Text', CommandTimeout='30']
SELECT "a"."DemandId"
FROM "AcceptedDemands" AS "a"
WHERE "a"."Status" NOT IN ('Succeeded', 'Cancelled')
[16:58:06 INF] Executed DbCommand (0ms) [Parameters=[], CommandType='Text', CommandTimeout='30']
SELECT "j"."DemandId"
FROM "JourneyRuntimes" AS "j"
[16:58:06 INF] Start processing HTTP request GET http://127.0.0.1:48409/api/v2/contract
[16:58:06 INF] Sending HTTP request GET http://127.0.0.1:48409/api/v2/contract
[16:58:06 INF] Received HTTP response headers after 0.8189ms - 200
[16:58:06 INF] End processing HTTP request after 1.6513ms - 200
[16:58:06 INF] Start processing HTTP request GET http://127.0.0.1:48409/api/v2/externally-readable-demand-catalog
[16:58:06 INF] Sending HTTP request GET http://127.0.0.1:48409/api/v2/externally-readable-demand-catalog
[16:58:06 INF] Received HTTP response headers after 0.6478ms - 200
[16:58:06 INF] End processing HTTP request after 1.3904ms - 200
[16:58:06 INF] Executed DbCommand (0ms) [Parameters=[], CommandType='Text', CommandTimeout='30']
SELECT "j"."DemandId", "j"."AcceptedAt", "j"."DecisionFingerprint", "j"."DemandCreatedAt", "j"."FirstSeenAt", "j"."LastSeenAt", "j"."ReasonCode", "j"."TransportDemandKey"
FROM "JourneyBacklog" AS "j"
[16:58:06 INF] Executed DbCommand (0ms) [Parameters=[], CommandType='Text', CommandTimeout='30']
SELECT "a"."DemandId"
FROM "AcceptedDemands" AS "a"
[16:58:06 INF] Executed DbCommand (0ms) [Parameters=[], CommandType='Text', CommandTimeout='30']
SELECT "v"."AgvId", "v"."TaskType", "v"."Allowed", "v"."ConfigurationVersion", "v"."UpdatedAt"
FROM "VehicleTaskTypeAdmissions" AS "v"
[16:58:06 INF] Executed DbCommand (0ms) [Parameters=[], CommandType='Text', CommandTimeout='30']
SELECT "v"."AgvId", "v"."ConfigurationVersion", "v"."RoundTimeoutMilliseconds", "v"."UpdatedAt"
FROM "VehicleDispatchBudgets" AS "v"
[16:58:06 INF] Executed DbCommand (0ms) [Parameters=[], CommandType='Text', CommandTimeout='30']
SELECT "d"."Zone", "d"."AgvId", "d"."ConfigurationVersion", "d"."UpdatedAt"
FROM "DispatchZoneVehicles" AS "d"
[16:58:06 INF] Executed DbCommand (0ms) [Parameters=[], CommandType='Text', CommandTimeout='30']
SELECT MAX("d"."Version")
FROM "DispatchZoneAreaAssignmentVersions" AS "d"
[16:58:06 INF] Executed DbCommand (0ms) [Parameters=[@__agvId_0='?' (Size = 10)], CommandType='Text', CommandTimeout='30']
SELECT "a"."SlotModelVersionId", "a"."SnapshotId"
FROM "ActiveSlotConfigurations" AS "a"
WHERE "a"."AgvId" = @__agvId_0
LIMIT 2
[16:58:06 INF] Executed DbCommand (0ms) [Parameters=[@__agvId_0='?' (Size = 10)], CommandType='Text', CommandTimeout='30']
SELECT "s"."SlotModelVersionId", "s"."CreatedAt"
FROM "SlotIoBindings" AS "s"
WHERE "s"."AgvId" = @__agvId_0 AND "s"."Status" = 'PUBLISHED'
[16:58:06 INF] Executed DbCommand (0ms) [Parameters=[@__agvId_0='?' (Size = 10)], CommandType='Text', CommandTimeout='30']
SELECT "s"."AgvId", "s"."ActiveUnlockSlotsJson", "s"."CapabilityHash", "s"."CapabilityRevision", "s"."DepartureSafe", "s"."ForcedRecoveryGeneration", "s"."ManifestSha256", "s"."PendingAttemptIdsJson", "s"."PendingResultIdsJson", "s"."ProfileId", "s"."ProtocolCommit", "s"."ProtocolVersion", "s"."ProvenRecoveryCheckpoint", "s"."Readiness", "s"."ReasonCode", "s"."RecoveryReportId", "s"."ReportedForcedRecoveryGeneration", "s"."ReportedSlotConfigurationFingerprint", "s"."SafetyHash", "s"."SafetyReasonCodesJson", "s"."SafetyRevision", "s"."SafetyUnknownPresent", "s"."SessionGeneration", "s"."UnsettledSlotOperationAttemptId", "s"."UpdatedAt"
FROM "SessionRecoveries" AS "s"
WHERE "s"."AgvId" = @__agvId_0 AND "s"."Readiness" = 'Ready'
LIMIT 2
[16:58:06 INF] Executed DbCommand (0ms) [Parameters=[@__messageType_0='?' (Size = 18)], CommandType='Text', CommandTimeout='30']
SELECT "p"."MessageId", "p"."ContentHash", "p"."FirstResponseJson", "p"."MessageType", "p"."ReceivedAt", "p"."RequestJson"
FROM "ProtocolInbox" AS "p"
WHERE "p"."MessageType" = @__messageType_0
[16:58:06 INF] Executed DbCommand (0ms) [Parameters=[], CommandType='Text', CommandTimeout='30']
SELECT "p"."MessageId", "p"."ContentHash", "p"."FirstResponseJson", "p"."MessageType", "p"."ReceivedAt", "p"."RequestJson"
FROM "ProtocolInbox" AS "p"
WHERE "p"."MessageType" = 'SafetyStateSnapshot'
[16:58:06 INF] Executed DbCommand (0ms) [Parameters=[], CommandType='Text', CommandTimeout='30']
SELECT "p"."MessageId", "p"."ContentHash", "p"."FirstResponseJson", "p"."MessageType", "p"."ReceivedAt", "p"."RequestJson"
FROM "ProtocolInbox" AS "p"
WHERE "p"."MessageType" IN ('SafetyStateSnapshot', 'SafetyStateChanged')
[16:58:06 INF] Executed DbCommand (0ms) [Parameters=[], CommandType='Text', CommandTimeout='30']
SELECT "p"."MessageId", "p"."ContentHash", "p"."FirstResponseJson", "p"."MessageType", "p"."ReceivedAt", "p"."RequestJson"
FROM "ProtocolInbox" AS "p"
[16:58:06 INF] Start processing HTTP request GET http://127.0.0.1:48408/api/task/vehicles/getVehicleInfoByDeviceKey?key=BROKERX-L2-0001
[16:58:06 INF] Sending HTTP request GET http://127.0.0.1:48408/api/task/vehicles/getVehicleInfoByDeviceKey?key=BROKERX-L2-0001
[16:58:06 INF] Received HTTP response headers after 0.6844ms - 200
[16:58:06 INF] End processing HTTP request after 1.5233ms - 200
[16:58:06 INF] Executed DbCommand (0ms) [Parameters=[], CommandType='Text', CommandTimeout='30']
SELECT "s"."DemandId", "s"."ReasonCode", "s"."ClearedAt", "s"."DetailJson", "s"."FirstRaisedAt", "s"."LastSeenAt", "s"."TransportDemandKey"
FROM "StructuralDispatchBlocks" AS "s"
WHERE "s"."ClearedAt" IS NULL
[16:58:07 INF] Start processing HTTP request GET http://127.0.0.1:48408/api/task/v1/task/getVehicleInfo/BROKERX-L2-0001
[16:58:07 INF] Sending HTTP request GET http://127.0.0.1:48408/api/task/v1/task/getVehicleInfo/BROKERX-L2-0001
[16:58:07 INF] Received HTTP response headers after 0.7017ms - 200
[16:58:07 INF] End processing HTTP request after 1.7899ms - 200
[16:58:07 INF] Start processing HTTP request GET http://127.0.0.1:48408/api/order/v1/orderRecord?pageNum=1&pageSize=100&filterByState=1&filterByState=3&filterByState=7&filterByState=9
[16:58:07 INF] Sending HTTP request GET http://127.0.0.1:48408/api/order/v1/orderRecord?pageNum=1&pageSize=100&filterByState=1&filterByState=3&filterByState=7&filterByState=9
[16:58:07 INF] Received HTTP response headers after 0.6911ms - 200
[16:58:07 INF] End processing HTTP request after 1.5225ms - 200
[16:58:07 INF] HTTP GET /api/onboard/v1/vehicle-safety responded 200 in 5.1968 ms
[16:58:07 INF] Start processing HTTP request GET http://127.0.0.1:48408/api/imap/v1/mapInfo/stations/25
[16:58:07 INF] Sending HTTP request GET http://127.0.0.1:48408/api/imap/v1/mapInfo/stations/25
[16:58:07 INF] Received HTTP response headers after 0.7237ms - 200
[16:58:07 INF] End processing HTTP request after 4.434ms - 200
[16:58:07 INF] Executed DbCommand (0ms) [Parameters=[@__mapId_0='?' (DbType = Int32)], CommandType='Text', CommandTimeout='30']
SELECT "t"."MapId", "t"."ActiveVersion", "t"."PendingVersion", "t"."State", "t"."UpdatedAt"
FROM "TaskTypeStationActiveBindingSets" AS "t"
WHERE "t"."MapId" = @__mapId_0
LIMIT 2
[16:58:07 INF] Executed DbCommand (0ms) [Parameters=[@__mapId_0='?' (DbType = Int32), @__version_1='?' (DbType = Int64)], CommandType='Text', CommandTimeout='30']
SELECT "t"."MapId", "t"."Version", "t"."CatalogRevision", "t"."ContentSha256", "t"."LoadedAt", "t"."RuleVersion", "t"."SnapshotId", "t"."Source"
FROM "TaskTypeStationBindingSetVersions" AS "t"
WHERE "t"."MapId" = @__mapId_0 AND "t"."Version" = @__version_1
LIMIT 2
[16:58:07 INF] Executed DbCommand (0ms) [Parameters=[@__mapId_0='?' (DbType = Int32), @__version_1='?' (DbType = Int64)], CommandType='Text', CommandTimeout='30']
SELECT "t"."TaskType"
FROM "TaskTypeStationRequirements" AS "t"
WHERE "t"."MapId" = @__mapId_0 AND "t"."Version" = @__version_1
[16:58:07 INF] Executed DbCommand (0ms) [Parameters=[@__mapId_0='?' (DbType = Int32), @__version_1='?' (DbType = Int64)], CommandType='Text', CommandTimeout='30']
SELECT "t"."MapId", "t"."Version", "t"."TaskType", "t"."SiteVerificationRef", "t"."StationName", "t"."StationRiotId"
FROM "TaskTypeStationBindings" AS "t"
WHERE "t"."MapId" = @__mapId_0 AND "t"."Version" = @__version_1
[16:58:07 INF] Executed DbCommand (0ms) [Parameters=[@__version_0='?' (DbType = Int64)], CommandType='Text', CommandTimeout='30']
SELECT "t"."Version", "t"."ContentSha256", "t"."LoadedAt", "t"."SnapshotId", "t"."Source"
FROM "TaskTypeStationRuleVersions" AS "t"
WHERE "t"."Version" = @__version_0
LIMIT 2
[16:58:07 INF] Executed DbCommand (0ms) [Parameters=[@__version_0='?' (DbType = Int64)], CommandType='Text', CommandTimeout='30']
SELECT "t"."Version", "t"."TaskType", "t"."FixedEnd"
FROM "TaskTypeStationRules" AS "t"
WHERE "t"."Version" = @__version_0
[16:58:07 INF] Executed DbCommand (0ms) [Parameters=[@__mapId_0='?' (DbType = Int32)], CommandType='Text', CommandTimeout='30']
SELECT "t"."MapId", "t"."ActiveVersion", "t"."PendingVersion", "t"."State", "t"."UpdatedAt"
FROM "TaskTypeStationActiveBindingSets" AS "t"
WHERE "t"."MapId" = @__mapId_0
LIMIT 2
[16:58:07 INF] Executed DbCommand (0ms) [Parameters=[@__mapId_0='?' (DbType = Int32)], CommandType='Text', CommandTimeout='30']
SELECT "t"."HoldId", "t"."DetailJson", "t"."MapId", "t"."RaisedAt", "t"."RaisedBy", "t"."ReasonCode", "t"."ReleasedAt", "t"."ReleasedBy", "t"."Source", "t"."TaskType"
FROM "TaskTypeStationHolds" AS "t"
WHERE "t"."MapId" = @__mapId_0 AND "t"."ReleasedAt" IS NULL
[16:58:07 INF] Executed DbCommand (0ms) [Parameters=[@__mapId_0='?' (DbType = Int32)], CommandType='Text', CommandTimeout='30']
SELECT "m"."MapId", "m"."ApprovedMaxUnconfirmedSeconds", "m"."ApprovedSyncPeriodSeconds", "m"."CatalogRevision", "m"."LastAttemptAt", "m"."LastCompleteConfirmationAt", "m"."LastFailureReason", "m"."State", "m"."UpdatedAt"
FROM "MapStationCatalogStates" AS "m"
WHERE "m"."MapId" = @__mapId_0
LIMIT 2
[16:58:07 INF] Executed DbCommand (0ms) [Parameters=[@p3='?' (DbType = Int32), @p0='?' (DbType = DateTimeOffset), @p1='?' (DbType = DateTimeOffset), @p2='?' (DbType = DateTimeOffset)], CommandType='Text', CommandTimeout='30']
UPDATE "MapStationCatalogStates" SET "LastAttemptAt" = @p0, "LastCompleteConfirmationAt" = @p1, "UpdatedAt" = @p2
WHERE "MapId" = @p3
RETURNING 1;
[16:58:07 INF] Executed DbCommand (0ms) [Parameters=[@__mapId_0='?' (DbType = Int32)], CommandType='Text', CommandTimeout='30']
SELECT "t"."MapId", "t"."ActiveVersion", "t"."PendingVersion", "t"."State", "t"."UpdatedAt"
FROM "TaskTypeStationActiveBindingSets" AS "t"
WHERE "t"."MapId" = @__mapId_0
LIMIT 2
[16:58:07 INF] Executed DbCommand (0ms) [Parameters=[@__mapId_0='?' (DbType = Int32), @__version_1='?' (DbType = Int64)], CommandType='Text', CommandTimeout='30']
SELECT "t"."MapId", "t"."Version", "t"."CatalogRevision", "t"."ContentSha256", "t"."LoadedAt", "t"."RuleVersion", "t"."SnapshotId", "t"."Source"
FROM "TaskTypeStationBindingSetVersions" AS "t"
WHERE "t"."MapId" = @__mapId_0 AND "t"."Version" = @__version_1
LIMIT 2
[16:58:07 INF] Executed DbCommand (0ms) [Parameters=[@__mapId_0='?' (DbType = Int32), @__version_1='?' (DbType = Int64)], CommandType='Text', CommandTimeout='30']
SELECT "t"."TaskType"
FROM "TaskTypeStationRequirements" AS "t"
WHERE "t"."MapId" = @__mapId_0 AND "t"."Version" = @__version_1
[16:58:07 INF] Executed DbCommand (0ms) [Parameters=[@__mapId_0='?' (DbType = Int32), @__version_1='?' (DbType = Int64)], CommandType='Text', CommandTimeout='30']
SELECT "t"."MapId", "t"."Version", "t"."TaskType", "t"."SiteVerificationRef", "t"."StationName", "t"."StationRiotId"
FROM "TaskTypeStationBindings" AS "t"
WHERE "t"."MapId" = @__mapId_0 AND "t"."Version" = @__version_1
[16:58:07 INF] Executed DbCommand (0ms) [Parameters=[@__version_0='?' (DbType = Int64)], CommandType='Text', CommandTimeout='30']
SELECT "t"."Version", "t"."ContentSha256", "t"."LoadedAt", "t"."SnapshotId", "t"."Source"
FROM "TaskTypeStationRuleVersions" AS "t"
WHERE "t"."Version" = @__version_0
LIMIT 2
[16:58:07 INF] Executed DbCommand (0ms) [Parameters=[@__version_0='?' (DbType = Int64)], CommandType='Text', CommandTimeout='30']
SELECT "t"."Version", "t"."TaskType", "t"."FixedEnd"
FROM "TaskTypeStationRules" AS "t"
WHERE "t"."Version" = @__version_0
[16:58:07 INF] Executed DbCommand (0ms) [Parameters=[], CommandType='Text', CommandTimeout='30']
SELECT "a"."Id", "a"."ContentHash", "a"."DeploymentId", "a"."ImportedAt", "a"."Version"
FROM "AdmissionPolicyState" AS "a"
WHERE "a"."Id" = 1
LIMIT 2
[16:58:07 INF] Executed DbCommand (0ms) [Parameters=[], CommandType='Text', CommandTimeout='30']
SELECT "j"."DemandId", "j"."AgvId", "j"."AgvLifecycleGeneration", "j"."BlockReasonCode", "j"."BlockReasonSince", "j"."ConsumedSafetyResultMessageId", "j"."ConsumedSublotMessageId", "j"."CreatedAt", "j"."DispatchGeneration", "j"."DispatchZone", "j"."ExpectedBasketCount", "j"."GateMovementLegId", "j"."GatePlanMessageId", "j"."GateStationId", "j"."GateStationRiotId", "j"."GateUpperId", "j"."GateVehicleBusinessMessageId", "j"."GateWorklistMessageId", "j"."LoadCommandMessageId", "j"."LoadSlotOperationAttemptId", "j"."MapId", "j"."MapIdentity", "j"."OperationSessionId", "j"."PickupMovementLegId", "j"."PickupStationId", "j"."PickupStationRiotId", "j"."PickupUpperId", "j"."PlanMessageId", "j"."PlanRevision", "j"."PreDepartureSafetyCheckId", "j"."PreDepartureSafetyCheckMessageId", "j"."RouteEvidenceId", "j"."Stage", "j"."StationDepartureWaitStartedAt", "j"."SublotRequestMessageId", "j"."TargetSlotsJson", "j"."UnloadCommandMessageId", "j"."UnloadSlotOperationAttemptId", "j"."UpdatedAt", "j"."VehicleBusinessMessageId", "j"."VehicleBusinessRevision", "j"."VehicleKey", "j"."WorklistMessageId", "j"."WorklistRevision"
FROM "JourneyRuntimes" AS "j"
WHERE "j"."Stage" <> 'Completed'
[16:58:07 INF] Executed DbCommand (0ms) [Parameters=[], CommandType='Text', CommandTimeout='30']
SELECT "a"."DemandId"
FROM "AcceptedDemands" AS "a"
WHERE "a"."Status" NOT IN ('Succeeded', 'Cancelled')
[16:58:07 INF] Executed DbCommand (0ms) [Parameters=[], CommandType='Text', CommandTimeout='30']
SELECT "j"."DemandId"
FROM "JourneyRuntimes" AS "j"
[16:58:07 INF] Start processing HTTP request GET http://127.0.0.1:48409/api/v2/contract
[16:58:07 INF] Sending HTTP request GET http://127.0.0.1:48409/api/v2/contract
[16:58:07 INF] Received HTTP response headers after 0.7782ms - 200
[16:58:07 INF] End processing HTTP request after 1.5733ms - 200
[16:58:07 INF] Start processing HTTP request GET http://127.0.0.1:48409/api/v2/externally-readable-demand-catalog
[16:58:07 INF] Sending HTTP request GET http://127.0.0.1:48409/api/v2/externally-readable-demand-catalog
[16:58:07 INF] Received HTTP response headers after 0.5956ms - 200
[16:58:07 INF] End processing HTTP request after 1.375ms - 200
[16:58:07 INF] Executed DbCommand (0ms) [Parameters=[], CommandType='Text', CommandTimeout='30']
SELECT "j"."DemandId", "j"."AcceptedAt", "j"."DecisionFingerprint", "j"."DemandCreatedAt", "j"."FirstSeenAt", "j"."LastSeenAt", "j"."ReasonCode", "j"."TransportDemandKey"
FROM "JourneyBacklog" AS "j"
[16:58:07 INF] Executed DbCommand (0ms) [Parameters=[], CommandType='Text', CommandTimeout='30']
SELECT "a"."DemandId"
FROM "AcceptedDemands" AS "a"
[16:58:07 INF] Executed DbCommand (0ms) [Parameters=[], CommandType='Text', CommandTimeout='30']
SELECT "v"."AgvId", "v"."TaskType", "v"."Allowed", "v"."ConfigurationVersion", "v"."UpdatedAt"
FROM "VehicleTaskTypeAdmissions" AS "v"
[16:58:07 INF] Executed DbCommand (0ms) [Parameters=[], CommandType='Text', CommandTimeout='30']
SELECT "v"."AgvId", "v"."ConfigurationVersion", "v"."RoundTimeoutMilliseconds", "v"."UpdatedAt"
FROM "VehicleDispatchBudgets" AS "v"
[16:58:07 INF] Executed DbCommand (0ms) [Parameters=[], CommandType='Text', CommandTimeout='30']
SELECT "d"."Zone", "d"."AgvId", "d"."ConfigurationVersion", "d"."UpdatedAt"
FROM "DispatchZoneVehicles" AS "d"
[16:58:07 INF] Executed DbCommand (0ms) [Parameters=[], CommandType='Text', CommandTimeout='30']
SELECT MAX("d"."Version")
FROM "DispatchZoneAreaAssignmentVersions" AS "d"
[16:58:07 INF] Executed DbCommand (0ms) [Parameters=[@__agvId_0='?' (Size = 10)], CommandType='Text', CommandTimeout='30']
SELECT "a"."SlotModelVersionId", "a"."SnapshotId"
FROM "ActiveSlotConfigurations" AS "a"
WHERE "a"."AgvId" = @__agvId_0
LIMIT 2
[16:58:07 INF] Executed DbCommand (0ms) [Parameters=[@__agvId_0='?' (Size = 10)], CommandType='Text', CommandTimeout='30']
SELECT "s"."SlotModelVersionId", "s"."CreatedAt"
FROM "SlotIoBindings" AS "s"
WHERE "s"."AgvId" = @__agvId_0 AND "s"."Status" = 'PUBLISHED'
[16:58:07 INF] Executed DbCommand (0ms) [Parameters=[@__agvId_0='?' (Size = 10)], CommandType='Text', CommandTimeout='30']
SELECT "s"."AgvId", "s"."ActiveUnlockSlotsJson", "s"."CapabilityHash", "s"."CapabilityRevision", "s"."DepartureSafe", "s"."ForcedRecoveryGeneration", "s"."ManifestSha256", "s"."PendingAttemptIdsJson", "s"."PendingResultIdsJson", "s"."ProfileId", "s"."ProtocolCommit", "s"."ProtocolVersion", "s"."ProvenRecoveryCheckpoint", "s"."Readiness", "s"."ReasonCode", "s"."RecoveryReportId", "s"."ReportedForcedRecoveryGeneration", "s"."ReportedSlotConfigurationFingerprint", "s"."SafetyHash", "s"."SafetyReasonCodesJson", "s"."SafetyRevision", "s"."SafetyUnknownPresent", "s"."SessionGeneration", "s"."UnsettledSlotOperationAttemptId", "s"."UpdatedAt"
FROM "SessionRecoveries" AS "s"
WHERE "s"."AgvId" = @__agvId_0 AND "s"."Readiness" = 'Ready'
LIMIT 2
[16:58:07 INF] Executed DbCommand (0ms) [Parameters=[@__messageType_0='?' (Size = 18)], CommandType='Text', CommandTimeout='30']
SELECT "p"."MessageId", "p"."ContentHash", "p"."FirstResponseJson", "p"."MessageType", "p"."ReceivedAt", "p"."RequestJson"
FROM "ProtocolInbox" AS "p"
WHERE "p"."MessageType" = @__messageType_0
[16:58:07 INF] Executed DbCommand (0ms) [Parameters=[], CommandType='Text', CommandTimeout='30']
SELECT "p"."MessageId", "p"."ContentHash", "p"."FirstResponseJson", "p"."MessageType", "p"."ReceivedAt", "p"."RequestJson"
FROM "ProtocolInbox" AS "p"
WHERE "p"."MessageType" = 'SafetyStateSnapshot'
[16:58:07 INF] Executed DbCommand (0ms) [Parameters=[], CommandType='Text', CommandTimeout='30']
SELECT "p"."MessageId", "p"."ContentHash", "p"."FirstResponseJson", "p"."MessageType", "p"."ReceivedAt", "p"."RequestJson"
FROM "ProtocolInbox" AS "p"
WHERE "p"."MessageType" IN ('SafetyStateSnapshot', 'SafetyStateChanged')
[16:58:07 INF] Executed DbCommand (0ms) [Parameters=[], CommandType='Text', CommandTimeout='30']
SELECT "p"."MessageId", "p"."ContentHash", "p"."FirstResponseJson", "p"."MessageType", "p"."ReceivedAt", "p"."RequestJson"
FROM "ProtocolInbox" AS "p"
[16:58:07 INF] Start processing HTTP request GET http://127.0.0.1:48408/api/task/vehicles/getVehicleInfoByDeviceKey?key=BROKERX-L2-0001
[16:58:07 INF] Sending HTTP request GET http://127.0.0.1:48408/api/task/vehicles/getVehicleInfoByDeviceKey?key=BROKERX-L2-0001
[16:58:07 INF] Received HTTP response headers after 0.9122ms - 200
[16:58:07 INF] End processing HTTP request after 1.8648ms - 200
[16:58:07 INF] Executed DbCommand (0ms) [Parameters=[], CommandType='Text', CommandTimeout='30']
SELECT "s"."DemandId", "s"."ReasonCode", "s"."ClearedAt", "s"."DetailJson", "s"."FirstRaisedAt", "s"."LastSeenAt", "s"."TransportDemandKey"
FROM "StructuralDispatchBlocks" AS "s"
WHERE "s"."ClearedAt" IS NULL
[16:58:08 INF] Start processing HTTP request GET http://127.0.0.1:48408/api/task/v1/task/getVehicleInfo/BROKERX-L2-0001
[16:58:08 INF] Sending HTTP request GET http://127.0.0.1:48408/api/task/v1/task/getVehicleInfo/BROKERX-L2-0001
[16:58:08 INF] Received HTTP response headers after 1.2233ms - 200
[16:58:08 INF] End processing HTTP request after 2.8231ms - 200
[16:58:08 INF] Start processing HTTP request GET http://127.0.0.1:48408/api/order/v1/orderRecord?pageNum=1&pageSize=100&filterByState=1&filterByState=3&filterByState=7&filterByState=9
[16:58:08 INF] Sending HTTP request GET http://127.0.0.1:48408/api/order/v1/orderRecord?pageNum=1&pageSize=100&filterByState=1&filterByState=3&filterByState=7&filterByState=9
[16:58:08 INF] Received HTTP response headers after 2.8205ms - 200
[16:58:08 INF] End processing HTTP request after 3.7682ms - 200
[16:58:08 INF] HTTP GET /api/onboard/v1/vehicle-safety responded 200 in 8.6197 ms
[16:58:08 INF] Executed DbCommand (0ms) [Parameters=[@__messageId_0='?' (Size = 36)], CommandType='Text', CommandTimeout='30']
SELECT "p"."MessageId", "p"."ContentHash", "p"."FirstResponseJson", "p"."MessageType", "p"."ReceivedAt", "p"."RequestJson"
FROM "ProtocolInbox" AS "p"
WHERE "p"."MessageId" = @__messageId_0
LIMIT 2
[16:58:08 INF] Executed DbCommand (0ms) [Parameters=[@p0='?' (Size = 36), @p1='?' (Size = 64), @p2='?' (Size = 536), @p3='?' (Size = 9), @p4='?' (DbType = DateTimeOffset), @p5='?' (Size = 426)], CommandType='Text', CommandTimeout='30']
INSERT INTO "ProtocolInbox" ("MessageId", "ContentHash", "FirstResponseJson", "MessageType", "ReceivedAt", "RequestJson")
VALUES (@p0, @p1, @p2, @p3, @p4, @p5);
[16:58:08 INF] Start processing HTTP request GET http://127.0.0.1:48408/api/imap/v1/mapInfo/stations/25
[16:58:08 INF] Sending HTTP request GET http://127.0.0.1:48408/api/imap/v1/mapInfo/stations/25
[16:58:08 INF] Received HTTP response headers after 0.7585ms - 200
[16:58:08 INF] End processing HTTP request after 1.7355ms - 200
[16:58:08 INF] Executed DbCommand (0ms) [Parameters=[@__mapId_0='?' (DbType = Int32)], CommandType='Text', CommandTimeout='30']
SELECT "t"."MapId", "t"."ActiveVersion", "t"."PendingVersion", "t"."State", "t"."UpdatedAt"
FROM "TaskTypeStationActiveBindingSets" AS "t"
WHERE "t"."MapId" = @__mapId_0
LIMIT 2
[16:58:08 INF] Executed DbCommand (0ms) [Parameters=[@__mapId_0='?' (DbType = Int32), @__version_1='?' (DbType = Int64)], CommandType='Text', CommandTimeout='30']
SELECT "t"."MapId", "t"."Version", "t"."CatalogRevision", "t"."ContentSha256", "t"."LoadedAt", "t"."RuleVersion", "t"."SnapshotId", "t"."Source"
FROM "TaskTypeStationBindingSetVersions" AS "t"
WHERE "t"."MapId" = @__mapId_0 AND "t"."Version" = @__version_1
LIMIT 2
[16:58:08 INF] Executed DbCommand (0ms) [Parameters=[@__mapId_0='?' (DbType = Int32), @__version_1='?' (DbType = Int64)], CommandType='Text', CommandTimeout='30']
SELECT "t"."TaskType"
FROM "TaskTypeStationRequirements" AS "t"
WHERE "t"."MapId" = @__mapId_0 AND "t"."Version" = @__version_1
[16:58:08 INF] Executed DbCommand (0ms) [Parameters=[@__mapId_0='?' (DbType = Int32), @__version_1='?' (DbType = Int64)], CommandType='Text', CommandTimeout='30']
SELECT "t"."MapId", "t"."Version", "t"."TaskType", "t"."SiteVerificationRef", "t"."StationName", "t"."StationRiotId"
FROM "TaskTypeStationBindings" AS "t"
WHERE "t"."MapId" = @__mapId_0 AND "t"."Version" = @__version_1
[16:58:08 INF] Executed DbCommand (0ms) [Parameters=[@__version_0='?' (DbType = Int64)], CommandType='Text', CommandTimeout='30']
SELECT "t"."Version", "t"."ContentSha256", "t"."LoadedAt", "t"."SnapshotId", "t"."Source"
FROM "TaskTypeStationRuleVersions" AS "t"
WHERE "t"."Version" = @__version_0
LIMIT 2
[16:58:08 INF] Executed DbCommand (0ms) [Parameters=[@__version_0='?' (DbType = Int64)], CommandType='Text', CommandTimeout='30']
SELECT "t"."Version", "t"."TaskType", "t"."FixedEnd"
FROM "TaskTypeStationRules" AS "t"
WHERE "t"."Version" = @__version_0
[16:58:08 INF] Executed DbCommand (0ms) [Parameters=[@__mapId_0='?' (DbType = Int32)], CommandType='Text', CommandTimeout='30']
SELECT "t"."MapId", "t"."ActiveVersion", "t"."PendingVersion", "t"."State", "t"."UpdatedAt"
FROM "TaskTypeStationActiveBindingSets" AS "t"
WHERE "t"."MapId" = @__mapId_0
LIMIT 2
[16:58:08 INF] Executed DbCommand (0ms) [Parameters=[@__mapId_0='?' (DbType = Int32)], CommandType='Text', CommandTimeout='30']
SELECT "t"."HoldId", "t"."DetailJson", "t"."MapId", "t"."RaisedAt", "t"."RaisedBy", "t"."ReasonCode", "t"."ReleasedAt", "t"."ReleasedBy", "t"."Source", "t"."TaskType"
FROM "TaskTypeStationHolds" AS "t"
WHERE "t"."MapId" = @__mapId_0 AND "t"."ReleasedAt" IS NULL
[16:58:08 INF] Executed DbCommand (0ms) [Parameters=[@__mapId_0='?' (DbType = Int32)], CommandType='Text', CommandTimeout='30']
SELECT "m"."MapId", "m"."ApprovedMaxUnconfirmedSeconds", "m"."ApprovedSyncPeriodSeconds", "m"."CatalogRevision", "m"."LastAttemptAt", "m"."LastCompleteConfirmationAt", "m"."LastFailureReason", "m"."State", "m"."UpdatedAt"
FROM "MapStationCatalogStates" AS "m"
WHERE "m"."MapId" = @__mapId_0
LIMIT 2
[16:58:08 INF] Executed DbCommand (0ms) [Parameters=[@p3='?' (DbType = Int32), @p0='?' (DbType = DateTimeOffset), @p1='?' (DbType = DateTimeOffset), @p2='?' (DbType = DateTimeOffset)], CommandType='Text', CommandTimeout='30']
UPDATE "MapStationCatalogStates" SET "LastAttemptAt" = @p0, "LastCompleteConfirmationAt" = @p1, "UpdatedAt" = @p2
WHERE "MapId" = @p3
RETURNING 1;
[16:58:08 INF] Executed DbCommand (0ms) [Parameters=[@__mapId_0='?' (DbType = Int32)], CommandType='Text', CommandTimeout='30']
SELECT "t"."MapId", "t"."ActiveVersion", "t"."PendingVersion", "t"."State", "t"."UpdatedAt"
FROM "TaskTypeStationActiveBindingSets" AS "t"
WHERE "t"."MapId" = @__mapId_0
LIMIT 2
[16:58:08 INF] Executed DbCommand (0ms) [Parameters=[@__mapId_0='?' (DbType = Int32), @__version_1='?' (DbType = Int64)], CommandType='Text', CommandTimeout='30']
SELECT "t"."MapId", "t"."Version", "t"."CatalogRevision", "t"."ContentSha256", "t"."LoadedAt", "t"."RuleVersion", "t"."SnapshotId", "t"."Source"
FROM "TaskTypeStationBindingSetVersions" AS "t"
WHERE "t"."MapId" = @__mapId_0 AND "t"."Version" = @__version_1
LIMIT 2
[16:58:08 INF] Executed DbCommand (0ms) [Parameters=[@__mapId_0='?' (DbType = Int32), @__version_1='?' (DbType = Int64)], CommandType='Text', CommandTimeout='30']
SELECT "t"."TaskType"
FROM "TaskTypeStationRequirements" AS "t"
WHERE "t"."MapId" = @__mapId_0 AND "t"."Version" = @__version_1
[16:58:08 INF] Executed DbCommand (0ms) [Parameters=[@__mapId_0='?' (DbType = Int32), @__version_1='?' (DbType = Int64)], CommandType='Text', CommandTimeout='30']
SELECT "t"."MapId", "t"."Version", "t"."TaskType", "t"."SiteVerificationRef", "t"."StationName", "t"."StationRiotId"
FROM "TaskTypeStationBindings" AS "t"
WHERE "t"."MapId" = @__mapId_0 AND "t"."Version" = @__version_1
[16:58:08 INF] Executed DbCommand (0ms) [Parameters=[@__version_0='?' (DbType = Int64)], CommandType='Text', CommandTimeout='30']
SELECT "t"."Version", "t"."ContentSha256", "t"."LoadedAt", "t"."SnapshotId", "t"."Source"
FROM "TaskTypeStationRuleVersions" AS "t"
WHERE "t"."Version" = @__version_0
LIMIT 2
[16:58:08 INF] Executed DbCommand (0ms) [Parameters=[@__version_0='?' (DbType = Int64)], CommandType='Text', CommandTimeout='30']
SELECT "t"."Version", "t"."TaskType", "t"."FixedEnd"
FROM "TaskTypeStationRules" AS "t"
WHERE "t"."Version" = @__version_0
[16:58:08 INF] Executed DbCommand (0ms) [Parameters=[], CommandType='Text', CommandTimeout='30']
SELECT "a"."Id", "a"."ContentHash", "a"."DeploymentId", "a"."ImportedAt", "a"."Version"
FROM "AdmissionPolicyState" AS "a"
WHERE "a"."Id" = 1
LIMIT 2
[16:58:08 INF] Executed DbCommand (0ms) [Parameters=[], CommandType='Text', CommandTimeout='30']
SELECT "j"."DemandId", "j"."AgvId", "j"."AgvLifecycleGeneration", "j"."BlockReasonCode", "j"."BlockReasonSince", "j"."ConsumedSafetyResultMessageId", "j"."ConsumedSublotMessageId", "j"."CreatedAt", "j"."DispatchGeneration", "j"."DispatchZone", "j"."ExpectedBasketCount", "j"."GateMovementLegId", "j"."GatePlanMessageId", "j"."GateStationId", "j"."GateStationRiotId", "j"."GateUpperId", "j"."GateVehicleBusinessMessageId", "j"."GateWorklistMessageId", "j"."LoadCommandMessageId", "j"."LoadSlotOperationAttemptId", "j"."MapId", "j"."MapIdentity", "j"."OperationSessionId", "j"."PickupMovementLegId", "j"."PickupStationId", "j"."PickupStationRiotId", "j"."PickupUpperId", "j"."PlanMessageId", "j"."PlanRevision", "j"."PreDepartureSafetyCheckId", "j"."PreDepartureSafetyCheckMessageId", "j"."RouteEvidenceId", "j"."Stage", "j"."StationDepartureWaitStartedAt", "j"."SublotRequestMessageId", "j"."TargetSlotsJson", "j"."UnloadCommandMessageId", "j"."UnloadSlotOperationAttemptId", "j"."UpdatedAt", "j"."VehicleBusinessMessageId", "j"."VehicleBusinessRevision", "j"."VehicleKey", "j"."WorklistMessageId", "j"."WorklistRevision"
FROM "JourneyRuntimes" AS "j"
WHERE "j"."Stage" <> 'Completed'
[16:58:08 INF] Executed DbCommand (0ms) [Parameters=[], CommandType='Text', CommandTimeout='30']
SELECT "a"."DemandId"
FROM "AcceptedDemands" AS "a"
WHERE "a"."Status" NOT IN ('Succeeded', 'Cancelled')
[16:58:08 INF] Executed DbCommand (0ms) [Parameters=[], CommandType='Text', CommandTimeout='30']
SELECT "j"."DemandId"
FROM "JourneyRuntimes" AS "j"
[16:58:08 INF] Start processing HTTP request GET http://127.0.0.1:48409/api/v2/contract
[16:58:08 INF] Sending HTTP request GET http://127.0.0.1:48409/api/v2/contract
[16:58:08 INF] Received HTTP response headers after 0.8879ms - 200
[16:58:08 INF] End processing HTTP request after 1.7968ms - 200
[16:58:08 INF] Start processing HTTP request GET http://127.0.0.1:48409/api/v2/externally-readable-demand-catalog
[16:58:08 INF] Sending HTTP request GET http://127.0.0.1:48409/api/v2/externally-readable-demand-catalog
[16:58:08 INF] Received HTTP response headers after 0.9453ms - 200
[16:58:08 INF] End processing HTTP request after 1.9019ms - 200
[16:58:08 INF] Executed DbCommand (0ms) [Parameters=[], CommandType='Text', CommandTimeout='30']
SELECT "j"."DemandId", "j"."AcceptedAt", "j"."DecisionFingerprint", "j"."DemandCreatedAt", "j"."FirstSeenAt", "j"."LastSeenAt", "j"."ReasonCode", "j"."TransportDemandKey"
FROM "JourneyBacklog" AS "j"
[16:58:08 INF] Executed DbCommand (0ms) [Parameters=[], CommandType='Text', CommandTimeout='30']
SELECT "a"."DemandId"
FROM "AcceptedDemands" AS "a"
[16:58:08 INF] Executed DbCommand (0ms) [Parameters=[], CommandType='Text', CommandTimeout='30']
SELECT "v"."AgvId", "v"."TaskType", "v"."Allowed", "v"."ConfigurationVersion", "v"."UpdatedAt"
FROM "VehicleTaskTypeAdmissions" AS "v"
[16:58:08 INF] Executed DbCommand (0ms) [Parameters=[], CommandType='Text', CommandTimeout='30']
SELECT "v"."AgvId", "v"."ConfigurationVersion", "v"."RoundTimeoutMilliseconds", "v"."UpdatedAt"
FROM "VehicleDispatchBudgets" AS "v"
[16:58:08 INF] Executed DbCommand (0ms) [Parameters=[], CommandType='Text', CommandTimeout='30']
SELECT "d"."Zone", "d"."AgvId", "d"."ConfigurationVersion", "d"."UpdatedAt"
FROM "DispatchZoneVehicles" AS "d"
[16:58:08 INF] Executed DbCommand (0ms) [Parameters=[], CommandType='Text', CommandTimeout='30']
SELECT MAX("d"."Version")
FROM "DispatchZoneAreaAssignmentVersions" AS "d"
[16:58:08 INF] Executed DbCommand (0ms) [Parameters=[@__agvId_0='?' (Size = 10)], CommandType='Text', CommandTimeout='30']
SELECT "a"."SlotModelVersionId", "a"."SnapshotId"
FROM "ActiveSlotConfigurations" AS "a"
WHERE "a"."AgvId" = @__agvId_0
LIMIT 2
[16:58:08 INF] Executed DbCommand (0ms) [Parameters=[@__agvId_0='?' (Size = 10)], CommandType='Text', CommandTimeout='30']
SELECT "s"."SlotModelVersionId", "s"."CreatedAt"
FROM "SlotIoBindings" AS "s"
WHERE "s"."AgvId" = @__agvId_0 AND "s"."Status" = 'PUBLISHED'
[16:58:08 INF] Executed DbCommand (0ms) [Parameters=[@__slotModelVersionId_0='?' (Size = 32)], CommandType='Text', CommandTimeout='30']
SELECT "s"."SlotModelVersionId", "s"."PhysicalSlotNumber", "s"."SlotPosition", "s"."SlotTemplateId"
FROM "SlotModelSlots" AS "s"
WHERE "s"."SlotModelVersionId" = @__slotModelVersionId_0
[16:58:08 INF] Executed DbCommand (0ms) [Parameters=[@__agvId_0='?' (Size = 10)], CommandType='Text', CommandTimeout='30']
SELECT "s"."AgvId", "s"."ActiveUnlockSlotsJson", "s"."CapabilityHash", "s"."CapabilityRevision", "s"."DepartureSafe", "s"."ForcedRecoveryGeneration", "s"."ManifestSha256", "s"."PendingAttemptIdsJson", "s"."PendingResultIdsJson", "s"."ProfileId", "s"."ProtocolCommit", "s"."ProtocolVersion", "s"."ProvenRecoveryCheckpoint", "s"."Readiness", "s"."ReasonCode", "s"."RecoveryReportId", "s"."ReportedForcedRecoveryGeneration", "s"."ReportedSlotConfigurationFingerprint", "s"."SafetyHash", "s"."SafetyReasonCodesJson", "s"."SafetyRevision", "s"."SafetyUnknownPresent", "s"."SessionGeneration", "s"."UnsettledSlotOperationAttemptId", "s"."UpdatedAt"
FROM "SessionRecoveries" AS "s"
WHERE "s"."AgvId" = @__agvId_0 AND "s"."Readiness" = 'Ready'
LIMIT 2
[16:58:08 INF] Executed DbCommand (0ms) [Parameters=[@__messageType_0='?' (Size = 18)], CommandType='Text', CommandTimeout='30']
SELECT "p"."MessageId", "p"."ContentHash", "p"."FirstResponseJson", "p"."MessageType", "p"."ReceivedAt", "p"."RequestJson"
FROM "ProtocolInbox" AS "p"
WHERE "p"."MessageType" = @__messageType_0
[16:58:08 INF] Executed DbCommand (0ms) [Parameters=[], CommandType='Text', CommandTimeout='30']
SELECT "p"."MessageId", "p"."ContentHash", "p"."FirstResponseJson", "p"."MessageType", "p"."ReceivedAt", "p"."RequestJson"
FROM "ProtocolInbox" AS "p"
WHERE "p"."MessageType" = 'SafetyStateSnapshot'
[16:58:08 INF] Executed DbCommand (0ms) [Parameters=[], CommandType='Text', CommandTimeout='30']
SELECT "p"."MessageId", "p"."ContentHash", "p"."FirstResponseJson", "p"."MessageType", "p"."ReceivedAt", "p"."RequestJson"
FROM "ProtocolInbox" AS "p"
WHERE "p"."MessageType" IN ('SafetyStateSnapshot', 'SafetyStateChanged')
[16:58:08 INF] Executed DbCommand (0ms) [Parameters=[], CommandType='Text', CommandTimeout='30']
SELECT "p"."MessageId", "p"."ContentHash", "p"."FirstResponseJson", "p"."MessageType", "p"."ReceivedAt", "p"."RequestJson"
FROM "ProtocolInbox" AS "p"
[16:58:08 INF] Start processing HTTP request GET http://127.0.0.1:48408/api/task/vehicles/getVehicleInfoByDeviceKey?key=BROKERX-L2-0001
[16:58:08 INF] Sending HTTP request GET http://127.0.0.1:48408/api/task/vehicles/getVehicleInfoByDeviceKey?key=BROKERX-L2-0001
[16:58:08 INF] Received HTTP response headers after 0.6589ms - 200
[16:58:08 INF] End processing HTTP request after 1.5354ms - 200
[16:58:08 INF] Executed DbCommand (0ms) [Parameters=[], CommandType='Text', CommandTimeout='30']
SELECT "s"."DemandId", "s"."ReasonCode", "s"."ClearedAt", "s"."DetailJson", "s"."FirstRaisedAt", "s"."LastSeenAt", "s"."TransportDemandKey"
FROM "StructuralDispatchBlocks" AS "s"
WHERE "s"."ClearedAt" IS NULL
[16:58:09 INF] Start processing HTTP request GET http://127.0.0.1:48408/api/task/v1/task/getVehicleInfo/BROKERX-L2-0001
[16:58:09 INF] Sending HTTP request GET http://127.0.0.1:48408/api/task/v1/task/getVehicleInfo/BROKERX-L2-0001
[16:58:09 INF] Received HTTP response headers after 0.6603ms - 200
[16:58:09 INF] End processing HTTP request after 2.0245ms - 200
[16:58:09 INF] Start processing HTTP request GET http://127.0.0.1:48408/api/order/v1/orderRecord?pageNum=1&pageSize=100&filterByState=1&filterByState=3&filterByState=7&filterByState=9
[16:58:09 INF] Sending HTTP request GET http://127.0.0.1:48408/api/order/v1/orderRecord?pageNum=1&pageSize=100&filterByState=1&filterByState=3&filterByState=7&filterByState=9
[16:58:09 INF] Received HTTP response headers after 1.4568ms - 200
[16:58:09 INF] End processing HTTP request after 2.5491ms - 200
[16:58:09 INF] HTTP GET /api/onboard/v1/vehicle-safety responded 200 in 6.2066 ms
[16:58:09 INF] Start processing HTTP request GET http://127.0.0.1:48408/api/imap/v1/mapInfo/stations/25
[16:58:09 INF] Sending HTTP request GET http://127.0.0.1:48408/api/imap/v1/mapInfo/stations/25
[16:58:09 INF] Received HTTP response headers after 0.6846ms - 200
[16:58:09 INF] End processing HTTP request after 2.2757ms - 200
[16:58:09 INF] Executed DbCommand (0ms) [Parameters=[@__mapId_0='?' (DbType = Int32)], CommandType='Text', CommandTimeout='30']
SELECT "t"."MapId", "t"."ActiveVersion", "t"."PendingVersion", "t"."State", "t"."UpdatedAt"
FROM "TaskTypeStationActiveBindingSets" AS "t"
WHERE "t"."MapId" = @__mapId_0
LIMIT 2
[16:58:09 INF] Executed DbCommand (0ms) [Parameters=[@__mapId_0='?' (DbType = Int32), @__version_1='?' (DbType = Int64)], CommandType='Text', CommandTimeout='30']
SELECT "t"."MapId", "t"."Version", "t"."CatalogRevision", "t"."ContentSha256", "t"."LoadedAt", "t"."RuleVersion", "t"."SnapshotId", "t"."Source"
FROM "TaskTypeStationBindingSetVersions" AS "t"
WHERE "t"."MapId" = @__mapId_0 AND "t"."Version" = @__version_1
LIMIT 2
[16:58:09 INF] Executed DbCommand (0ms) [Parameters=[@__mapId_0='?' (DbType = Int32), @__version_1='?' (DbType = Int64)], CommandType='Text', CommandTimeout='30']
SELECT "t"."TaskType"
FROM "TaskTypeStationRequirements" AS "t"
WHERE "t"."MapId" = @__mapId_0 AND "t"."Version" = @__version_1
[16:58:09 INF] Executed DbCommand (0ms) [Parameters=[@__mapId_0='?' (DbType = Int32), @__version_1='?' (DbType = Int64)], CommandType='Text', CommandTimeout='30']
SELECT "t"."MapId", "t"."Version", "t"."TaskType", "t"."SiteVerificationRef", "t"."StationName", "t"."StationRiotId"
FROM "TaskTypeStationBindings" AS "t"
WHERE "t"."MapId" = @__mapId_0 AND "t"."Version" = @__version_1
[16:58:09 INF] Executed DbCommand (0ms) [Parameters=[@__version_0='?' (DbType = Int64)], CommandType='Text', CommandTimeout='30']
SELECT "t"."Version", "t"."ContentSha256", "t"."LoadedAt", "t"."SnapshotId", "t"."Source"
FROM "TaskTypeStationRuleVersions" AS "t"
WHERE "t"."Version" = @__version_0
LIMIT 2
[16:58:09 INF] Executed DbCommand (0ms) [Parameters=[@__version_0='?' (DbType = Int64)], CommandType='Text', CommandTimeout='30']
SELECT "t"."Version", "t"."TaskType", "t"."FixedEnd"
FROM "TaskTypeStationRules" AS "t"
WHERE "t"."Version" = @__version_0
[16:58:09 INF] Executed DbCommand (0ms) [Parameters=[@__mapId_0='?' (DbType = Int32)], CommandType='Text', CommandTimeout='30']
SELECT "t"."MapId", "t"."ActiveVersion", "t"."PendingVersion", "t"."State", "t"."UpdatedAt"
FROM "TaskTypeStationActiveBindingSets" AS "t"
WHERE "t"."MapId" = @__mapId_0
LIMIT 2
[16:58:09 INF] Executed DbCommand (0ms) [Parameters=[@__mapId_0='?' (DbType = Int32)], CommandType='Text', CommandTimeout='30']
SELECT "t"."HoldId", "t"."DetailJson", "t"."MapId", "t"."RaisedAt", "t"."RaisedBy", "t"."ReasonCode", "t"."ReleasedAt", "t"."ReleasedBy", "t"."Source", "t"."TaskType"
FROM "TaskTypeStationHolds" AS "t"
WHERE "t"."MapId" = @__mapId_0 AND "t"."ReleasedAt" IS NULL
[16:58:09 INF] Executed DbCommand (0ms) [Parameters=[@__mapId_0='?' (DbType = Int32)], CommandType='Text', CommandTimeout='30']
SELECT "m"."MapId", "m"."ApprovedMaxUnconfirmedSeconds", "m"."ApprovedSyncPeriodSeconds", "m"."CatalogRevision", "m"."LastAttemptAt", "m"."LastCompleteConfirmationAt", "m"."LastFailureReason", "m"."State", "m"."UpdatedAt"
FROM "MapStationCatalogStates" AS "m"
WHERE "m"."MapId" = @__mapId_0
LIMIT 2
[16:58:09 INF] Executed DbCommand (0ms) [Parameters=[@p3='?' (DbType = Int32), @p0='?' (DbType = DateTimeOffset), @p1='?' (DbType = DateTimeOffset), @p2='?' (DbType = DateTimeOffset)], CommandType='Text', CommandTimeout='30']
UPDATE "MapStationCatalogStates" SET "LastAttemptAt" = @p0, "LastCompleteConfirmationAt" = @p1, "UpdatedAt" = @p2
WHERE "MapId" = @p3
RETURNING 1;
[16:58:09 INF] Executed DbCommand (0ms) [Parameters=[@__mapId_0='?' (DbType = Int32)], CommandType='Text', CommandTimeout='30']
SELECT "t"."MapId", "t"."ActiveVersion", "t"."PendingVersion", "t"."State", "t"."UpdatedAt"
FROM "TaskTypeStationActiveBindingSets" AS "t"
WHERE "t"."MapId" = @__mapId_0
LIMIT 2
[16:58:09 INF] Executed DbCommand (0ms) [Parameters=[@__mapId_0='?' (DbType = Int32), @__version_1='?' (DbType = Int64)], CommandType='Text', CommandTimeout='30']
SELECT "t"."MapId", "t"."Version", "t"."CatalogRevision", "t"."ContentSha256", "t"."LoadedAt", "t"."RuleVersion", "t"."SnapshotId", "t"."Source"
FROM "TaskTypeStationBindingSetVersions" AS "t"
WHERE "t"."MapId" = @__mapId_0 AND "t"."Version" = @__version_1
LIMIT 2
[16:58:09 INF] Executed DbCommand (0ms) [Parameters=[@__mapId_0='?' (DbType = Int32), @__version_1='?' (DbType = Int64)], CommandType='Text', CommandTimeout='30']
SELECT "t"."TaskType"
FROM "TaskTypeStationRequirements" AS "t"
WHERE "t"."MapId" = @__mapId_0 AND "t"."Version" = @__version_1
[16:58:09 INF] Executed DbCommand (0ms) [Parameters=[@__mapId_0='?' (DbType = Int32), @__version_1='?' (DbType = Int64)], CommandType='Text', CommandTimeout='30']
SELECT "t"."MapId", "t"."Version", "t"."TaskType", "t"."SiteVerificationRef", "t"."StationName", "t"."StationRiotId"
FROM "TaskTypeStationBindings" AS "t"
WHERE "t"."MapId" = @__mapId_0 AND "t"."Version" = @__version_1
[16:58:09 INF] Executed DbCommand (0ms) [Parameters=[@__version_0='?' (DbType = Int64)], CommandType='Text', CommandTimeout='30']
SELECT "t"."Version", "t"."ContentSha256", "t"."LoadedAt", "t"."SnapshotId", "t"."Source"
FROM "TaskTypeStationRuleVersions" AS "t"
WHERE "t"."Version" = @__version_0
LIMIT 2
[16:58:09 INF] Executed DbCommand (0ms) [Parameters=[@__version_0='?' (DbType = Int64)], CommandType='Text', CommandTimeout='30']
SELECT "t"."Version", "t"."TaskType", "t"."FixedEnd"
FROM "TaskTypeStationRules" AS "t"
WHERE "t"."Version" = @__version_0
[16:58:09 INF] Executed DbCommand (0ms) [Parameters=[], CommandType='Text', CommandTimeout='30']
SELECT "a"."Id", "a"."ContentHash", "a"."DeploymentId", "a"."ImportedAt", "a"."Version"
FROM "AdmissionPolicyState" AS "a"
WHERE "a"."Id" = 1
LIMIT 2
[16:58:09 INF] Executed DbCommand (0ms) [Parameters=[], CommandType='Text', CommandTimeout='30']
SELECT "j"."DemandId", "j"."AgvId", "j"."AgvLifecycleGeneration", "j"."BlockReasonCode", "j"."BlockReasonSince", "j"."ConsumedSafetyResultMessageId", "j"."ConsumedSublotMessageId", "j"."CreatedAt", "j"."DispatchGeneration", "j"."DispatchZone", "j"."ExpectedBasketCount", "j"."GateMovementLegId", "j"."GatePlanMessageId", "j"."GateStationId", "j"."GateStationRiotId", "j"."GateUpperId", "j"."GateVehicleBusinessMessageId", "j"."GateWorklistMessageId", "j"."LoadCommandMessageId", "j"."LoadSlotOperationAttemptId", "j"."MapId", "j"."MapIdentity", "j"."OperationSessionId", "j"."PickupMovementLegId", "j"."PickupStationId", "j"."PickupStationRiotId", "j"."PickupUpperId", "j"."PlanMessageId", "j"."PlanRevision", "j"."PreDepartureSafetyCheckId", "j"."PreDepartureSafetyCheckMessageId", "j"."RouteEvidenceId", "j"."Stage", "j"."StationDepartureWaitStartedAt", "j"."SublotRequestMessageId", "j"."TargetSlotsJson", "j"."UnloadCommandMessageId", "j"."UnloadSlotOperationAttemptId", "j"."UpdatedAt", "j"."VehicleBusinessMessageId", "j"."VehicleBusinessRevision", "j"."VehicleKey", "j"."WorklistMessageId", "j"."WorklistRevision"
FROM "JourneyRuntimes" AS "j"
WHERE "j"."Stage" <> 'Completed'
[16:58:09 INF] Executed DbCommand (0ms) [Parameters=[], CommandType='Text', CommandTimeout='30']
SELECT "a"."DemandId"
FROM "AcceptedDemands" AS "a"
WHERE "a"."Status" NOT IN ('Succeeded', 'Cancelled')
[16:58:09 INF] Executed DbCommand (0ms) [Parameters=[], CommandType='Text', CommandTimeout='30']
SELECT "j"."DemandId"
FROM "JourneyRuntimes" AS "j"
[16:58:09 INF] Start processing HTTP request GET http://127.0.0.1:48409/api/v2/contract
[16:58:09 INF] Sending HTTP request GET http://127.0.0.1:48409/api/v2/contract
[16:58:09 INF] Received HTTP response headers after 0.9155ms - 200
[16:58:09 INF] End processing HTTP request after 1.7146ms - 200
[16:58:09 INF] Start processing HTTP request GET http://127.0.0.1:48409/api/v2/externally-readable-demand-catalog
[16:58:09 INF] Sending HTTP request GET http://127.0.0.1:48409/api/v2/externally-readable-demand-catalog
[16:58:09 INF] Received HTTP response headers after 0.4863ms - 200
[16:58:09 INF] End processing HTTP request after 1.198ms - 200
[16:58:09 INF] Executed DbCommand (0ms) [Parameters=[], CommandType='Text', CommandTimeout='30']
SELECT "j"."DemandId", "j"."AcceptedAt", "j"."DecisionFingerprint", "j"."DemandCreatedAt", "j"."FirstSeenAt", "j"."LastSeenAt", "j"."ReasonCode", "j"."TransportDemandKey"
FROM "JourneyBacklog" AS "j"
[16:58:09 INF] Executed DbCommand (0ms) [Parameters=[], CommandType='Text', CommandTimeout='30']
SELECT "a"."DemandId"
FROM "AcceptedDemands" AS "a"
[16:58:09 INF] Executed DbCommand (0ms) [Parameters=[], CommandType='Text', CommandTimeout='30']
SELECT "v"."AgvId", "v"."TaskType", "v"."Allowed", "v"."ConfigurationVersion", "v"."UpdatedAt"
FROM "VehicleTaskTypeAdmissions" AS "v"
[16:58:09 INF] Executed DbCommand (0ms) [Parameters=[], CommandType='Text', CommandTimeout='30']
SELECT "v"."AgvId", "v"."ConfigurationVersion", "v"."RoundTimeoutMilliseconds", "v"."UpdatedAt"
FROM "VehicleDispatchBudgets" AS "v"
[16:58:09 INF] Executed DbCommand (0ms) [Parameters=[], CommandType='Text', CommandTimeout='30']
SELECT "d"."Zone", "d"."AgvId", "d"."ConfigurationVersion", "d"."UpdatedAt"
FROM "DispatchZoneVehicles" AS "d"
[16:58:09 INF] Executed DbCommand (0ms) [Parameters=[], CommandType='Text', CommandTimeout='30']
SELECT MAX("d"."Version")
FROM "DispatchZoneAreaAssignmentVersions" AS "d"
[16:58:09 INF] Executed DbCommand (0ms) [Parameters=[@__agvId_0='?' (Size = 10)], CommandType='Text', CommandTimeout='30']
SELECT "a"."SlotModelVersionId", "a"."SnapshotId"
FROM "ActiveSlotConfigurations" AS "a"
WHERE "a"."AgvId" = @__agvId_0
LIMIT 2
[16:58:09 INF] Executed DbCommand (0ms) [Parameters=[@__agvId_0='?' (Size = 10)], CommandType='Text', CommandTimeout='30']
SELECT "s"."SlotModelVersionId", "s"."CreatedAt"
FROM "SlotIoBindings" AS "s"
WHERE "s"."AgvId" = @__agvId_0 AND "s"."Status" = 'PUBLISHED'
[16:58:09 INF] Executed DbCommand (0ms) [Parameters=[@__slotModelVersionId_0='?' (Size = 32)], CommandType='Text', CommandTimeout='30']
SELECT "s"."SlotModelVersionId", "s"."PhysicalSlotNumber", "s"."SlotPosition", "s"."SlotTemplateId"
FROM "SlotModelSlots" AS "s"
WHERE "s"."SlotModelVersionId" = @__slotModelVersionId_0
[16:58:09 INF] Executed DbCommand (0ms) [Parameters=[@__agvId_0='?' (Size = 10)], CommandType='Text', CommandTimeout='30']
SELECT "s"."AgvId", "s"."ActiveUnlockSlotsJson", "s"."CapabilityHash", "s"."CapabilityRevision", "s"."DepartureSafe", "s"."ForcedRecoveryGeneration", "s"."ManifestSha256", "s"."PendingAttemptIdsJson", "s"."PendingResultIdsJson", "s"."ProfileId", "s"."ProtocolCommit", "s"."ProtocolVersion", "s"."ProvenRecoveryCheckpoint", "s"."Readiness", "s"."ReasonCode", "s"."RecoveryReportId", "s"."ReportedForcedRecoveryGeneration", "s"."ReportedSlotConfigurationFingerprint", "s"."SafetyHash", "s"."SafetyReasonCodesJson", "s"."SafetyRevision", "s"."SafetyUnknownPresent", "s"."SessionGeneration", "s"."UnsettledSlotOperationAttemptId", "s"."UpdatedAt"
FROM "SessionRecoveries" AS "s"
WHERE "s"."AgvId" = @__agvId_0 AND "s"."Readiness" = 'Ready'
LIMIT 2
[16:58:09 INF] Executed DbCommand (0ms) [Parameters=[@__messageType_0='?' (Size = 18)], CommandType='Text', CommandTimeout='30']
SELECT "p"."MessageId", "p"."ContentHash", "p"."FirstResponseJson", "p"."MessageType", "p"."ReceivedAt", "p"."RequestJson"
FROM "ProtocolInbox" AS "p"
WHERE "p"."MessageType" = @__messageType_0
[16:58:09 INF] Executed DbCommand (0ms) [Parameters=[], CommandType='Text', CommandTimeout='30']
SELECT "p"."MessageId", "p"."ContentHash", "p"."FirstResponseJson", "p"."MessageType", "p"."ReceivedAt", "p"."RequestJson"
FROM "ProtocolInbox" AS "p"
WHERE "p"."MessageType" = 'SafetyStateSnapshot'
[16:58:09 INF] Executed DbCommand (0ms) [Parameters=[], CommandType='Text', CommandTimeout='30']
SELECT "p"."MessageId", "p"."ContentHash", "p"."FirstResponseJson", "p"."MessageType", "p"."ReceivedAt", "p"."RequestJson"
FROM "ProtocolInbox" AS "p"
WHERE "p"."MessageType" IN ('SafetyStateSnapshot', 'SafetyStateChanged')
[16:58:09 INF] Executed DbCommand (0ms) [Parameters=[], CommandType='Text', CommandTimeout='30']
SELECT "p"."MessageId", "p"."ContentHash", "p"."FirstResponseJson", "p"."MessageType", "p"."ReceivedAt", "p"."RequestJson"
FROM "ProtocolInbox" AS "p"
[16:58:09 INF] Start processing HTTP request GET http://127.0.0.1:48408/api/task/vehicles/getVehicleInfoByDeviceKey?key=BROKERX-L2-0001
[16:58:09 INF] Sending HTTP request GET http://127.0.0.1:48408/api/task/vehicles/getVehicleInfoByDeviceKey?key=BROKERX-L2-0001
[16:58:09 INF] Received HTTP response headers after 0.6349ms - 200
[16:58:09 INF] End processing HTTP request after 1.4ms - 200
[16:58:09 INF] Executed DbCommand (0ms) [Parameters=[], CommandType='Text', CommandTimeout='30']
SELECT "s"."DemandId", "s"."ReasonCode", "s"."ClearedAt", "s"."DetailJson", "s"."FirstRaisedAt", "s"."LastSeenAt", "s"."TransportDemandKey"
FROM "StructuralDispatchBlocks" AS "s"
WHERE "s"."ClearedAt" IS NULL
[16:58:10 INF] Start processing HTTP request GET http://127.0.0.1:48408/api/task/v1/task/getVehicleInfo/BROKERX-L2-0001
[16:58:10 INF] Sending HTTP request GET http://127.0.0.1:48408/api/task/v1/task/getVehicleInfo/BROKERX-L2-0001
[16:58:10 INF] Received HTTP response headers after 1.0519ms - 200
[16:58:10 INF] End processing HTTP request after 2.3418ms - 200
[16:58:10 INF] Start processing HTTP request GET http://127.0.0.1:48408/api/order/v1/orderRecord?pageNum=1&pageSize=100&filterByState=1&filterByState=3&filterByState=7&filterByState=9
[16:58:10 INF] Sending HTTP request GET http://127.0.0.1:48408/api/order/v1/orderRecord?pageNum=1&pageSize=100&filterByState=1&filterByState=3&filterByState=7&filterByState=9
[16:58:10 INF] Received HTTP response headers after 0.5833ms - 200
[16:58:10 INF] End processing HTTP request after 1.4841ms - 200
[16:58:10 INF] HTTP GET /api/onboard/v1/vehicle-safety responded 200 in 5.1533 ms
[16:58:10 INF] Start processing HTTP request GET http://127.0.0.1:48408/api/imap/v1/mapInfo/stations/25
[16:58:10 INF] Sending HTTP request GET http://127.0.0.1:48408/api/imap/v1/mapInfo/stations/25
[16:58:10 INF] Received HTTP response headers after 1.0952ms - 200
[16:58:10 INF] End processing HTTP request after 2.6277ms - 200
[16:58:10 INF] Executed DbCommand (0ms) [Parameters=[@__mapId_0='?' (DbType = Int32)], CommandType='Text', CommandTimeout='30']
SELECT "t"."MapId", "t"."ActiveVersion", "t"."PendingVersion", "t"."State", "t"."UpdatedAt"
FROM "TaskTypeStationActiveBindingSets" AS "t"
WHERE "t"."MapId" = @__mapId_0
LIMIT 2
[16:58:10 INF] Executed DbCommand (0ms) [Parameters=[@__mapId_0='?' (DbType = Int32), @__version_1='?' (DbType = Int64)], CommandType='Text', CommandTimeout='30']
SELECT "t"."MapId", "t"."Version", "t"."CatalogRevision", "t"."ContentSha256", "t"."LoadedAt", "t"."RuleVersion", "t"."SnapshotId", "t"."Source"
FROM "TaskTypeStationBindingSetVersions" AS "t"
WHERE "t"."MapId" = @__mapId_0 AND "t"."Version" = @__version_1
LIMIT 2
[16:58:10 INF] Executed DbCommand (0ms) [Parameters=[@__mapId_0='?' (DbType = Int32), @__version_1='?' (DbType = Int64)], CommandType='Text', CommandTimeout='30']
SELECT "t"."TaskType"
FROM "TaskTypeStationRequirements" AS "t"
WHERE "t"."MapId" = @__mapId_0 AND "t"."Version" = @__version_1
[16:58:10 INF] Executed DbCommand (0ms) [Parameters=[@__mapId_0='?' (DbType = Int32), @__version_1='?' (DbType = Int64)], CommandType='Text', CommandTimeout='30']
SELECT "t"."MapId", "t"."Version", "t"."TaskType", "t"."SiteVerificationRef", "t"."StationName", "t"."StationRiotId"
FROM "TaskTypeStationBindings" AS "t"
WHERE "t"."MapId" = @__mapId_0 AND "t"."Version" = @__version_1
[16:58:10 INF] Executed DbCommand (0ms) [Parameters=[@__version_0='?' (DbType = Int64)], CommandType='Text', CommandTimeout='30']
SELECT "t"."Version", "t"."ContentSha256", "t"."LoadedAt", "t"."SnapshotId", "t"."Source"
FROM "TaskTypeStationRuleVersions" AS "t"
WHERE "t"."Version" = @__version_0
LIMIT 2
[16:58:10 INF] Executed DbCommand (0ms) [Parameters=[@__version_0='?' (DbType = Int64)], CommandType='Text', CommandTimeout='30']
SELECT "t"."Version", "t"."TaskType", "t"."FixedEnd"
FROM "TaskTypeStationRules" AS "t"
WHERE "t"."Version" = @__version_0
[16:58:10 INF] Executed DbCommand (0ms) [Parameters=[@__mapId_0='?' (DbType = Int32)], CommandType='Text', CommandTimeout='30']
SELECT "t"."MapId", "t"."ActiveVersion", "t"."PendingVersion", "t"."State", "t"."UpdatedAt"
FROM "TaskTypeStationActiveBindingSets" AS "t"
WHERE "t"."MapId" = @__mapId_0
LIMIT 2
[16:58:10 INF] Executed DbCommand (0ms) [Parameters=[@__mapId_0='?' (DbType = Int32)], CommandType='Text', CommandTimeout='30']
SELECT "t"."HoldId", "t"."DetailJson", "t"."MapId", "t"."RaisedAt", "t"."RaisedBy", "t"."ReasonCode", "t"."ReleasedAt", "t"."ReleasedBy", "t"."Source", "t"."TaskType"
FROM "TaskTypeStationHolds" AS "t"
WHERE "t"."MapId" = @__mapId_0 AND "t"."ReleasedAt" IS NULL
[16:58:10 INF] Executed DbCommand (0ms) [Parameters=[@__mapId_0='?' (DbType = Int32)], CommandType='Text', CommandTimeout='30']
SELECT "m"."MapId", "m"."ApprovedMaxUnconfirmedSeconds", "m"."ApprovedSyncPeriodSeconds", "m"."CatalogRevision", "m"."LastAttemptAt", "m"."LastCompleteConfirmationAt", "m"."LastFailureReason", "m"."State", "m"."UpdatedAt"
FROM "MapStationCatalogStates" AS "m"
WHERE "m"."MapId" = @__mapId_0
LIMIT 2
[16:58:10 INF] Executed DbCommand (0ms) [Parameters=[@p3='?' (DbType = Int32), @p0='?' (DbType = DateTimeOffset), @p1='?' (DbType = DateTimeOffset), @p2='?' (DbType = DateTimeOffset)], CommandType='Text', CommandTimeout='30']
UPDATE "MapStationCatalogStates" SET "LastAttemptAt" = @p0, "LastCompleteConfirmationAt" = @p1, "UpdatedAt" = @p2
WHERE "MapId" = @p3
RETURNING 1;
[16:58:10 INF] Executed DbCommand (0ms) [Parameters=[@__mapId_0='?' (DbType = Int32)], CommandType='Text', CommandTimeout='30']
SELECT "t"."MapId", "t"."ActiveVersion", "t"."PendingVersion", "t"."State", "t"."UpdatedAt"
FROM "TaskTypeStationActiveBindingSets" AS "t"
WHERE "t"."MapId" = @__mapId_0
LIMIT 2
[16:58:10 INF] Executed DbCommand (0ms) [Parameters=[@__mapId_0='?' (DbType = Int32), @__version_1='?' (DbType = Int64)], CommandType='Text', CommandTimeout='30']
SELECT "t"."MapId", "t"."Version", "t"."CatalogRevision", "t"."ContentSha256", "t"."LoadedAt", "t"."RuleVersion", "t"."SnapshotId", "t"."Source"
FROM "TaskTypeStationBindingSetVersions" AS "t"
WHERE "t"."MapId" = @__mapId_0 AND "t"."Version" = @__version_1
LIMIT 2
[16:58:10 INF] Executed DbCommand (0ms) [Parameters=[@__mapId_0='?' (DbType = Int32), @__version_1='?' (DbType = Int64)], CommandType='Text', CommandTimeout='30']
SELECT "t"."TaskType"
FROM "TaskTypeStationRequirements" AS "t"
WHERE "t"."MapId" = @__mapId_0 AND "t"."Version" = @__version_1
[16:58:10 INF] Executed DbCommand (0ms) [Parameters=[@__mapId_0='?' (DbType = Int32), @__version_1='?' (DbType = Int64)], CommandType='Text', CommandTimeout='30']
SELECT "t"."MapId", "t"."Version", "t"."TaskType", "t"."SiteVerificationRef", "t"."StationName", "t"."StationRiotId"
FROM "TaskTypeStationBindings" AS "t"
WHERE "t"."MapId" = @__mapId_0 AND "t"."Version" = @__version_1
[16:58:10 INF] Executed DbCommand (0ms) [Parameters=[@__version_0='?' (DbType = Int64)], CommandType='Text', CommandTimeout='30']
SELECT "t"."Version", "t"."ContentSha256", "t"."LoadedAt", "t"."SnapshotId", "t"."Source"
FROM "TaskTypeStationRuleVersions" AS "t"
WHERE "t"."Version" = @__version_0
LIMIT 2
[16:58:10 INF] Executed DbCommand (0ms) [Parameters=[@__version_0='?' (DbType = Int64)], CommandType='Text', CommandTimeout='30']
SELECT "t"."Version", "t"."TaskType", "t"."FixedEnd"
FROM "TaskTypeStationRules" AS "t"
WHERE "t"."Version" = @__version_0
[16:58:10 INF] Executed DbCommand (0ms) [Parameters=[], CommandType='Text', CommandTimeout='30']
SELECT "a"."Id", "a"."ContentHash", "a"."DeploymentId", "a"."ImportedAt", "a"."Version"
FROM "AdmissionPolicyState" AS "a"
WHERE "a"."Id" = 1
LIMIT 2
[16:58:10 INF] Executed DbCommand (0ms) [Parameters=[], CommandType='Text', CommandTimeout='30']
SELECT "j"."DemandId", "j"."AgvId", "j"."AgvLifecycleGeneration", "j"."BlockReasonCode", "j"."BlockReasonSince", "j"."ConsumedSafetyResultMessageId", "j"."ConsumedSublotMessageId", "j"."CreatedAt", "j"."DispatchGeneration", "j"."DispatchZone", "j"."ExpectedBasketCount", "j"."GateMovementLegId", "j"."GatePlanMessageId", "j"."GateStationId", "j"."GateStationRiotId", "j"."GateUpperId", "j"."GateVehicleBusinessMessageId", "j"."GateWorklistMessageId", "j"."LoadCommandMessageId", "j"."LoadSlotOperationAttemptId", "j"."MapId", "j"."MapIdentity", "j"."OperationSessionId", "j"."PickupMovementLegId", "j"."PickupStationId", "j"."PickupStationRiotId", "j"."PickupUpperId", "j"."PlanMessageId", "j"."PlanRevision", "j"."PreDepartureSafetyCheckId", "j"."PreDepartureSafetyCheckMessageId", "j"."RouteEvidenceId", "j"."Stage", "j"."StationDepartureWaitStartedAt", "j"."SublotRequestMessageId", "j"."TargetSlotsJson", "j"."UnloadCommandMessageId", "j"."UnloadSlotOperationAttemptId", "j"."UpdatedAt", "j"."VehicleBusinessMessageId", "j"."VehicleBusinessRevision", "j"."VehicleKey", "j"."WorklistMessageId", "j"."WorklistRevision"
FROM "JourneyRuntimes" AS "j"
WHERE "j"."Stage" <> 'Completed'
[16:58:10 INF] Executed DbCommand (0ms) [Parameters=[], CommandType='Text', CommandTimeout='30']
SELECT "a"."DemandId"
FROM "AcceptedDemands" AS "a"
WHERE "a"."Status" NOT IN ('Succeeded', 'Cancelled')
[16:58:10 INF] Executed DbCommand (0ms) [Parameters=[], CommandType='Text', CommandTimeout='30']
SELECT "j"."DemandId"
FROM "JourneyRuntimes" AS "j"
[16:58:10 INF] Start processing HTTP request GET http://127.0.0.1:48409/api/v2/contract
[16:58:10 INF] Sending HTTP request GET http://127.0.0.1:48409/api/v2/contract
[16:58:10 INF] Received HTTP response headers after 1.0786ms - 200
[16:58:10 INF] End processing HTTP request after 1.9117ms - 200
[16:58:10 INF] Start processing HTTP request GET http://127.0.0.1:48409/api/v2/externally-readable-demand-catalog
[16:58:10 INF] Sending HTTP request GET http://127.0.0.1:48409/api/v2/externally-readable-demand-catalog
[16:58:10 INF] Received HTTP response headers after 0.4801ms - 200
[16:58:10 INF] End processing HTTP request after 1.2617ms - 200
[16:58:10 INF] Executed DbCommand (0ms) [Parameters=[], CommandType='Text', CommandTimeout='30']
SELECT "j"."DemandId", "j"."AcceptedAt", "j"."DecisionFingerprint", "j"."DemandCreatedAt", "j"."FirstSeenAt", "j"."LastSeenAt", "j"."ReasonCode", "j"."TransportDemandKey"
FROM "JourneyBacklog" AS "j"
[16:58:10 INF] Executed DbCommand (0ms) [Parameters=[], CommandType='Text', CommandTimeout='30']
SELECT "a"."DemandId"
FROM "AcceptedDemands" AS "a"
[16:58:10 INF] Executed DbCommand (0ms) [Parameters=[], CommandType='Text', CommandTimeout='30']
SELECT "v"."AgvId", "v"."TaskType", "v"."Allowed", "v"."ConfigurationVersion", "v"."UpdatedAt"
FROM "VehicleTaskTypeAdmissions" AS "v"
[16:58:10 INF] Executed DbCommand (0ms) [Parameters=[], CommandType='Text', CommandTimeout='30']
SELECT "v"."AgvId", "v"."ConfigurationVersion", "v"."RoundTimeoutMilliseconds", "v"."UpdatedAt"
FROM "VehicleDispatchBudgets" AS "v"
[16:58:10 INF] Executed DbCommand (0ms) [Parameters=[], CommandType='Text', CommandTimeout='30']
SELECT "d"."Zone", "d"."AgvId", "d"."ConfigurationVersion", "d"."UpdatedAt"
FROM "DispatchZoneVehicles" AS "d"
[16:58:10 INF] Executed DbCommand (0ms) [Parameters=[], CommandType='Text', CommandTimeout='30']
SELECT MAX("d"."Version")
FROM "DispatchZoneAreaAssignmentVersions" AS "d"
[16:58:10 INF] Executed DbCommand (0ms) [Parameters=[@__version_0='?' (DbType = Int64)], CommandType='Text', CommandTimeout='30']
SELECT "d"."Version", "d"."ContentSha256", "d"."EntryCount", "d"."ImportedAt", "d"."SnapshotId"
FROM "DispatchZoneAreaAssignmentVersions" AS "d"
WHERE "d"."Version" = @__version_0
LIMIT 2
[16:58:10 INF] Executed DbCommand (0ms) [Parameters=[@__version_0='?' (DbType = Int64)], CommandType='Text', CommandTimeout='30']
SELECT "d"."Version", "d"."Area", "d"."DispatchZone", "d"."SlotPosition"
FROM "DispatchZoneAreaAssignments" AS "d"
WHERE "d"."Version" = @__version_0
[16:58:10 INF] Executed DbCommand (0ms) [Parameters=[@__agvId_0='?' (Size = 10)], CommandType='Text', CommandTimeout='30']
SELECT "a"."SlotModelVersionId", "a"."SnapshotId"
FROM "ActiveSlotConfigurations" AS "a"
WHERE "a"."AgvId" = @__agvId_0
LIMIT 2
[16:58:10 INF] Executed DbCommand (0ms) [Parameters=[@__agvId_0='?' (Size = 10)], CommandType='Text', CommandTimeout='30']
SELECT "s"."SlotModelVersionId", "s"."CreatedAt"
FROM "SlotIoBindings" AS "s"
WHERE "s"."AgvId" = @__agvId_0 AND "s"."Status" = 'PUBLISHED'
[16:58:10 INF] Executed DbCommand (0ms) [Parameters=[@__slotModelVersionId_0='?' (Size = 32)], CommandType='Text', CommandTimeout='30']
SELECT "s"."SlotModelVersionId", "s"."PhysicalSlotNumber", "s"."SlotPosition", "s"."SlotTemplateId"
FROM "SlotModelSlots" AS "s"
WHERE "s"."SlotModelVersionId" = @__slotModelVersionId_0
[16:58:11 INF] Executed DbCommand (0ms) [Parameters=[@__agvId_0='?' (Size = 10)], CommandType='Text', CommandTimeout='30']
SELECT "s"."AgvId", "s"."ActiveUnlockSlotsJson", "s"."CapabilityHash", "s"."CapabilityRevision", "s"."DepartureSafe", "s"."ForcedRecoveryGeneration", "s"."ManifestSha256", "s"."PendingAttemptIdsJson", "s"."PendingResultIdsJson", "s"."ProfileId", "s"."ProtocolCommit", "s"."ProtocolVersion", "s"."ProvenRecoveryCheckpoint", "s"."Readiness", "s"."ReasonCode", "s"."RecoveryReportId", "s"."ReportedForcedRecoveryGeneration", "s"."ReportedSlotConfigurationFingerprint", "s"."SafetyHash", "s"."SafetyReasonCodesJson", "s"."SafetyRevision", "s"."SafetyUnknownPresent", "s"."SessionGeneration", "s"."UnsettledSlotOperationAttemptId", "s"."UpdatedAt"
FROM "SessionRecoveries" AS "s"
WHERE "s"."AgvId" = @__agvId_0 AND "s"."Readiness" = 'Ready'
LIMIT 2
[16:58:11 INF] Executed DbCommand (0ms) [Parameters=[@__messageType_0='?' (Size = 18)], CommandType='Text', CommandTimeout='30']
SELECT "p"."MessageId", "p"."ContentHash", "p"."FirstResponseJson", "p"."MessageType", "p"."ReceivedAt", "p"."RequestJson"
FROM "ProtocolInbox" AS "p"
WHERE "p"."MessageType" = @__messageType_0
[16:58:11 INF] Executed DbCommand (0ms) [Parameters=[], CommandType='Text', CommandTimeout='30']
SELECT "p"."MessageId", "p"."ContentHash", "p"."FirstResponseJson", "p"."MessageType", "p"."ReceivedAt", "p"."RequestJson"
FROM "ProtocolInbox" AS "p"
WHERE "p"."MessageType" = 'SafetyStateSnapshot'
[16:58:11 INF] Executed DbCommand (0ms) [Parameters=[], CommandType='Text', CommandTimeout='30']
SELECT "p"."MessageId", "p"."ContentHash", "p"."FirstResponseJson", "p"."MessageType", "p"."ReceivedAt", "p"."RequestJson"
FROM "ProtocolInbox" AS "p"
WHERE "p"."MessageType" IN ('SafetyStateSnapshot', 'SafetyStateChanged')
[16:58:11 INF] Executed DbCommand (0ms) [Parameters=[], CommandType='Text', CommandTimeout='30']
SELECT "p"."MessageId", "p"."ContentHash", "p"."FirstResponseJson", "p"."MessageType", "p"."ReceivedAt", "p"."RequestJson"
FROM "ProtocolInbox" AS "p"
[16:58:11 INF] Start processing HTTP request GET http://127.0.0.1:48408/api/task/vehicles/getVehicleInfoByDeviceKey?key=BROKERX-L2-0001
[16:58:11 INF] Sending HTTP request GET http://127.0.0.1:48408/api/task/vehicles/getVehicleInfoByDeviceKey?key=BROKERX-L2-0001
[16:58:11 INF] Received HTTP response headers after 0.8309ms - 200
[16:58:11 INF] End processing HTTP request after 1.7766ms - 200
[16:58:11 INF] Executed DbCommand (0ms) [Parameters=[], CommandType='Text', CommandTimeout='30']
SELECT "s"."DemandId", "s"."ReasonCode", "s"."ClearedAt", "s"."DetailJson", "s"."FirstRaisedAt", "s"."LastSeenAt", "s"."TransportDemandKey"
FROM "StructuralDispatchBlocks" AS "s"
WHERE "s"."ClearedAt" IS NULL
[16:58:11 INF] Start processing HTTP request GET http://127.0.0.1:48408/api/task/v1/task/getVehicleInfo/BROKERX-L2-0001
[16:58:11 INF] Sending HTTP request GET http://127.0.0.1:48408/api/task/v1/task/getVehicleInfo/BROKERX-L2-0001
[16:58:11 INF] Received HTTP response headers after 0.6431ms - 200
[16:58:11 INF] End processing HTTP request after 1.9863ms - 200
[16:58:11 INF] Start processing HTTP request GET http://127.0.0.1:48408/api/order/v1/orderRecord?pageNum=1&pageSize=100&filterByState=1&filterByState=3&filterByState=7&filterByState=9
[16:58:11 INF] Sending HTTP request GET http://127.0.0.1:48408/api/order/v1/orderRecord?pageNum=1&pageSize=100&filterByState=1&filterByState=3&filterByState=7&filterByState=9
[16:58:11 INF] Received HTTP response headers after 0.6777ms - 200
[16:58:11 INF] End processing HTTP request after 1.5277ms - 200
[16:58:11 INF] HTTP GET /api/onboard/v1/vehicle-safety responded 200 in 5.1431 ms
[16:58:11 INF] Start processing HTTP request GET http://127.0.0.1:48408/api/imap/v1/mapInfo/stations/25
[16:58:11 INF] Sending HTTP request GET http://127.0.0.1:48408/api/imap/v1/mapInfo/stations/25
[16:58:11 INF] Received HTTP response headers after 0.6795ms - 200
[16:58:11 INF] End processing HTTP request after 2.0957ms - 200
[16:58:11 INF] Executed DbCommand (0ms) [Parameters=[@__mapId_0='?' (DbType = Int32)], CommandType='Text', CommandTimeout='30']
SELECT "t"."MapId", "t"."ActiveVersion", "t"."PendingVersion", "t"."State", "t"."UpdatedAt"
FROM "TaskTypeStationActiveBindingSets" AS "t"
WHERE "t"."MapId" = @__mapId_0
LIMIT 2
[16:58:11 INF] Executed DbCommand (0ms) [Parameters=[@__mapId_0='?' (DbType = Int32), @__version_1='?' (DbType = Int64)], CommandType='Text', CommandTimeout='30']
SELECT "t"."MapId", "t"."Version", "t"."CatalogRevision", "t"."ContentSha256", "t"."LoadedAt", "t"."RuleVersion", "t"."SnapshotId", "t"."Source"
FROM "TaskTypeStationBindingSetVersions" AS "t"
WHERE "t"."MapId" = @__mapId_0 AND "t"."Version" = @__version_1
LIMIT 2
[16:58:11 INF] Executed DbCommand (0ms) [Parameters=[@__mapId_0='?' (DbType = Int32), @__version_1='?' (DbType = Int64)], CommandType='Text', CommandTimeout='30']
SELECT "t"."TaskType"
FROM "TaskTypeStationRequirements" AS "t"
WHERE "t"."MapId" = @__mapId_0 AND "t"."Version" = @__version_1
[16:58:11 INF] Executed DbCommand (0ms) [Parameters=[@__mapId_0='?' (DbType = Int32), @__version_1='?' (DbType = Int64)], CommandType='Text', CommandTimeout='30']
SELECT "t"."MapId", "t"."Version", "t"."TaskType", "t"."SiteVerificationRef", "t"."StationName", "t"."StationRiotId"
FROM "TaskTypeStationBindings" AS "t"
WHERE "t"."MapId" = @__mapId_0 AND "t"."Version" = @__version_1
[16:58:11 INF] Executed DbCommand (0ms) [Parameters=[@__version_0='?' (DbType = Int64)], CommandType='Text', CommandTimeout='30']
SELECT "t"."Version", "t"."ContentSha256", "t"."LoadedAt", "t"."SnapshotId", "t"."Source"
FROM "TaskTypeStationRuleVersions" AS "t"
WHERE "t"."Version" = @__version_0
LIMIT 2
[16:58:11 INF] Executed DbCommand (0ms) [Parameters=[@__version_0='?' (DbType = Int64)], CommandType='Text', CommandTimeout='30']
SELECT "t"."Version", "t"."TaskType", "t"."FixedEnd"
FROM "TaskTypeStationRules" AS "t"
WHERE "t"."Version" = @__version_0
[16:58:11 INF] Executed DbCommand (0ms) [Parameters=[@__mapId_0='?' (DbType = Int32)], CommandType='Text', CommandTimeout='30']
SELECT "t"."MapId", "t"."ActiveVersion", "t"."PendingVersion", "t"."State", "t"."UpdatedAt"
FROM "TaskTypeStationActiveBindingSets" AS "t"
WHERE "t"."MapId" = @__mapId_0
LIMIT 2
[16:58:11 INF] Executed DbCommand (0ms) [Parameters=[@__mapId_0='?' (DbType = Int32)], CommandType='Text', CommandTimeout='30']
SELECT "t"."HoldId", "t"."DetailJson", "t"."MapId", "t"."RaisedAt", "t"."RaisedBy", "t"."ReasonCode", "t"."ReleasedAt", "t"."ReleasedBy", "t"."Source", "t"."TaskType"
FROM "TaskTypeStationHolds" AS "t"
WHERE "t"."MapId" = @__mapId_0 AND "t"."ReleasedAt" IS NULL
[16:58:11 INF] Executed DbCommand (0ms) [Parameters=[@__mapId_0='?' (DbType = Int32)], CommandType='Text', CommandTimeout='30']
SELECT "m"."MapId", "m"."ApprovedMaxUnconfirmedSeconds", "m"."ApprovedSyncPeriodSeconds", "m"."CatalogRevision", "m"."LastAttemptAt", "m"."LastCompleteConfirmationAt", "m"."LastFailureReason", "m"."State", "m"."UpdatedAt"
FROM "MapStationCatalogStates" AS "m"
WHERE "m"."MapId" = @__mapId_0
LIMIT 2
[16:58:11 INF] Executed DbCommand (0ms) [Parameters=[@p3='?' (DbType = Int32), @p0='?' (DbType = DateTimeOffset), @p1='?' (DbType = DateTimeOffset), @p2='?' (DbType = DateTimeOffset)], CommandType='Text', CommandTimeout='30']
UPDATE "MapStationCatalogStates" SET "LastAttemptAt" = @p0, "LastCompleteConfirmationAt" = @p1, "UpdatedAt" = @p2
WHERE "MapId" = @p3
RETURNING 1;
[16:58:11 INF] Executed DbCommand (0ms) [Parameters=[@__mapId_0='?' (DbType = Int32)], CommandType='Text', CommandTimeout='30']
SELECT "t"."MapId", "t"."ActiveVersion", "t"."PendingVersion", "t"."State", "t"."UpdatedAt"
FROM "TaskTypeStationActiveBindingSets" AS "t"
WHERE "t"."MapId" = @__mapId_0
LIMIT 2
[16:58:11 INF] Executed DbCommand (0ms) [Parameters=[@__mapId_0='?' (DbType = Int32), @__version_1='?' (DbType = Int64)], CommandType='Text', CommandTimeout='30']
SELECT "t"."MapId", "t"."Version", "t"."CatalogRevision", "t"."ContentSha256", "t"."LoadedAt", "t"."RuleVersion", "t"."SnapshotId", "t"."Source"
FROM "TaskTypeStationBindingSetVersions" AS "t"
WHERE "t"."MapId" = @__mapId_0 AND "t"."Version" = @__version_1
LIMIT 2
[16:58:11 INF] Executed DbCommand (0ms) [Parameters=[@__mapId_0='?' (DbType = Int32), @__version_1='?' (DbType = Int64)], CommandType='Text', CommandTimeout='30']
SELECT "t"."TaskType"
FROM "TaskTypeStationRequirements" AS "t"
WHERE "t"."MapId" = @__mapId_0 AND "t"."Version" = @__version_1
[16:58:11 INF] Executed DbCommand (0ms) [Parameters=[@__mapId_0='?' (DbType = Int32), @__version_1='?' (DbType = Int64)], CommandType='Text', CommandTimeout='30']
SELECT "t"."MapId", "t"."Version", "t"."TaskType", "t"."SiteVerificationRef", "t"."StationName", "t"."StationRiotId"
FROM "TaskTypeStationBindings" AS "t"
WHERE "t"."MapId" = @__mapId_0 AND "t"."Version" = @__version_1
[16:58:11 INF] Executed DbCommand (0ms) [Parameters=[@__version_0='?' (DbType = Int64)], CommandType='Text', CommandTimeout='30']
SELECT "t"."Version", "t"."ContentSha256", "t"."LoadedAt", "t"."SnapshotId", "t"."Source"
FROM "TaskTypeStationRuleVersions" AS "t"
WHERE "t"."Version" = @__version_0
LIMIT 2
[16:58:11 INF] Executed DbCommand (0ms) [Parameters=[@__version_0='?' (DbType = Int64)], CommandType='Text', CommandTimeout='30']
SELECT "t"."Version", "t"."TaskType", "t"."FixedEnd"
FROM "TaskTypeStationRules" AS "t"
WHERE "t"."Version" = @__version_0
[16:58:11 INF] Executed DbCommand (0ms) [Parameters=[], CommandType='Text', CommandTimeout='30']
SELECT "a"."Id", "a"."ContentHash", "a"."DeploymentId", "a"."ImportedAt", "a"."Version"
FROM "AdmissionPolicyState" AS "a"
WHERE "a"."Id" = 1
LIMIT 2
[16:58:11 INF] Executed DbCommand (0ms) [Parameters=[], CommandType='Text', CommandTimeout='30']
SELECT "j"."DemandId", "j"."AgvId", "j"."AgvLifecycleGeneration", "j"."BlockReasonCode", "j"."BlockReasonSince", "j"."ConsumedSafetyResultMessageId", "j"."ConsumedSublotMessageId", "j"."CreatedAt", "j"."DispatchGeneration", "j"."DispatchZone", "j"."ExpectedBasketCount", "j"."GateMovementLegId", "j"."GatePlanMessageId", "j"."GateStationId", "j"."GateStationRiotId", "j"."GateUpperId", "j"."GateVehicleBusinessMessageId", "j"."GateWorklistMessageId", "j"."LoadCommandMessageId", "j"."LoadSlotOperationAttemptId", "j"."MapId", "j"."MapIdentity", "j"."OperationSessionId", "j"."PickupMovementLegId", "j"."PickupStationId", "j"."PickupStationRiotId", "j"."PickupUpperId", "j"."PlanMessageId", "j"."PlanRevision", "j"."PreDepartureSafetyCheckId", "j"."PreDepartureSafetyCheckMessageId", "j"."RouteEvidenceId", "j"."Stage", "j"."StationDepartureWaitStartedAt", "j"."SublotRequestMessageId", "j"."TargetSlotsJson", "j"."UnloadCommandMessageId", "j"."UnloadSlotOperationAttemptId", "j"."UpdatedAt", "j"."VehicleBusinessMessageId", "j"."VehicleBusinessRevision", "j"."VehicleKey", "j"."WorklistMessageId", "j"."WorklistRevision"
FROM "JourneyRuntimes" AS "j"
WHERE "j"."Stage" <> 'Completed'
[16:58:11 INF] Executed DbCommand (0ms) [Parameters=[], CommandType='Text', CommandTimeout='30']
SELECT "a"."DemandId"
FROM "AcceptedDemands" AS "a"
WHERE "a"."Status" NOT IN ('Succeeded', 'Cancelled')
[16:58:11 INF] Executed DbCommand (0ms) [Parameters=[], CommandType='Text', CommandTimeout='30']
SELECT "j"."DemandId"
FROM "JourneyRuntimes" AS "j"
[16:58:11 INF] Start processing HTTP request GET http://127.0.0.1:48409/api/v2/contract
[16:58:11 INF] Sending HTTP request GET http://127.0.0.1:48409/api/v2/contract
[16:58:11 INF] Received HTTP response headers after 0.6425ms - 200
[16:58:11 INF] End processing HTTP request after 1.587ms - 200
[16:58:11 INF] Start processing HTTP request GET http://127.0.0.1:48409/api/v2/externally-readable-demand-catalog
[16:58:11 INF] Sending HTTP request GET http://127.0.0.1:48409/api/v2/externally-readable-demand-catalog
[16:58:11 INF] Received HTTP response headers after 3.7661ms - 200
[16:58:11 INF] End processing HTTP request after 4.5773ms - 200
[16:58:11 INF] Executed DbCommand (0ms) [Parameters=[], CommandType='Text', CommandTimeout='30']
SELECT "j"."DemandId", "j"."AcceptedAt", "j"."DecisionFingerprint", "j"."DemandCreatedAt", "j"."FirstSeenAt", "j"."LastSeenAt", "j"."ReasonCode", "j"."TransportDemandKey"
FROM "JourneyBacklog" AS "j"
[16:58:11 INF] Executed DbCommand (0ms) [Parameters=[], CommandType='Text', CommandTimeout='30']
SELECT "a"."DemandId"
FROM "AcceptedDemands" AS "a"
[16:58:11 INF] Executed DbCommand (0ms) [Parameters=[], CommandType='Text', CommandTimeout='30']
SELECT "v"."AgvId", "v"."TaskType", "v"."Allowed", "v"."ConfigurationVersion", "v"."UpdatedAt"
FROM "VehicleTaskTypeAdmissions" AS "v"
[16:58:11 INF] Executed DbCommand (0ms) [Parameters=[], CommandType='Text', CommandTimeout='30']
SELECT "v"."AgvId", "v"."ConfigurationVersion", "v"."RoundTimeoutMilliseconds", "v"."UpdatedAt"
FROM "VehicleDispatchBudgets" AS "v"
[16:58:11 INF] Executed DbCommand (0ms) [Parameters=[], CommandType='Text', CommandTimeout='30']
SELECT "d"."Zone", "d"."AgvId", "d"."ConfigurationVersion", "d"."UpdatedAt"
FROM "DispatchZoneVehicles" AS "d"
[16:58:11 INF] Executed DbCommand (0ms) [Parameters=[], CommandType='Text', CommandTimeout='30']
SELECT MAX("d"."Version")
FROM "DispatchZoneAreaAssignmentVersions" AS "d"
[16:58:11 INF] Executed DbCommand (0ms) [Parameters=[@__version_0='?' (DbType = Int64)], CommandType='Text', CommandTimeout='30']
SELECT "d"."Version", "d"."ContentSha256", "d"."EntryCount", "d"."ImportedAt", "d"."SnapshotId"
FROM "DispatchZoneAreaAssignmentVersions" AS "d"
WHERE "d"."Version" = @__version_0
LIMIT 2
[16:58:11 INF] Executed DbCommand (0ms) [Parameters=[@__version_0='?' (DbType = Int64)], CommandType='Text', CommandTimeout='30']
SELECT "d"."Version", "d"."Area", "d"."DispatchZone", "d"."SlotPosition"
FROM "DispatchZoneAreaAssignments" AS "d"
WHERE "d"."Version" = @__version_0
[16:58:11 INF] Executed DbCommand (0ms) [Parameters=[@__agvId_0='?' (Size = 10)], CommandType='Text', CommandTimeout='30']
SELECT "a"."SlotModelVersionId", "a"."SnapshotId"
FROM "ActiveSlotConfigurations" AS "a"
WHERE "a"."AgvId" = @__agvId_0
LIMIT 2
[16:58:11 INF] Executed DbCommand (0ms) [Parameters=[@__agvId_0='?' (Size = 10)], CommandType='Text', CommandTimeout='30']
SELECT "s"."SlotModelVersionId", "s"."CreatedAt"
FROM "SlotIoBindings" AS "s"
WHERE "s"."AgvId" = @__agvId_0 AND "s"."Status" = 'PUBLISHED'
[16:58:11 INF] Executed DbCommand (0ms) [Parameters=[@__slotModelVersionId_0='?' (Size = 32)], CommandType='Text', CommandTimeout='30']
SELECT "s"."SlotModelVersionId", "s"."PhysicalSlotNumber", "s"."SlotPosition", "s"."SlotTemplateId"
FROM "SlotModelSlots" AS "s"
WHERE "s"."SlotModelVersionId" = @__slotModelVersionId_0
[16:58:11 INF] Executed DbCommand (0ms) [Parameters=[@__agvId_0='?' (Size = 10)], CommandType='Text', CommandTimeout='30']
SELECT "s"."AgvId", "s"."ActiveUnlockSlotsJson", "s"."CapabilityHash", "s"."CapabilityRevision", "s"."DepartureSafe", "s"."ForcedRecoveryGeneration", "s"."ManifestSha256", "s"."PendingAttemptIdsJson", "s"."PendingResultIdsJson", "s"."ProfileId", "s"."ProtocolCommit", "s"."ProtocolVersion", "s"."ProvenRecoveryCheckpoint", "s"."Readiness", "s"."ReasonCode", "s"."RecoveryReportId", "s"."ReportedForcedRecoveryGeneration", "s"."ReportedSlotConfigurationFingerprint", "s"."SafetyHash", "s"."SafetyReasonCodesJson", "s"."SafetyRevision", "s"."SafetyUnknownPresent", "s"."SessionGeneration", "s"."UnsettledSlotOperationAttemptId", "s"."UpdatedAt"
FROM "SessionRecoveries" AS "s"
WHERE "s"."AgvId" = @__agvId_0 AND "s"."Readiness" = 'Ready'
LIMIT 2
[16:58:11 INF] Executed DbCommand (0ms) [Parameters=[@__messageType_0='?' (Size = 18)], CommandType='Text', CommandTimeout='30']
SELECT "p"."MessageId", "p"."ContentHash", "p"."FirstResponseJson", "p"."MessageType", "p"."ReceivedAt", "p"."RequestJson"
FROM "ProtocolInbox" AS "p"
WHERE "p"."MessageType" = @__messageType_0
[16:58:11 INF] Executed DbCommand (0ms) [Parameters=[], CommandType='Text', CommandTimeout='30']
SELECT "p"."MessageId", "p"."ContentHash", "p"."FirstResponseJson", "p"."MessageType", "p"."ReceivedAt", "p"."RequestJson"
FROM "ProtocolInbox" AS "p"
WHERE "p"."MessageType" = 'SafetyStateSnapshot'
[16:58:11 INF] Executed DbCommand (0ms) [Parameters=[], CommandType='Text', CommandTimeout='30']
SELECT "p"."MessageId", "p"."ContentHash", "p"."FirstResponseJson", "p"."MessageType", "p"."ReceivedAt", "p"."RequestJson"
FROM "ProtocolInbox" AS "p"
WHERE "p"."MessageType" IN ('SafetyStateSnapshot', 'SafetyStateChanged')
[16:58:11 INF] Executed DbCommand (0ms) [Parameters=[], CommandType='Text', CommandTimeout='30']
SELECT "p"."MessageId", "p"."ContentHash", "p"."FirstResponseJson", "p"."MessageType", "p"."ReceivedAt", "p"."RequestJson"
FROM "ProtocolInbox" AS "p"
[16:58:11 INF] Start processing HTTP request GET http://127.0.0.1:48408/api/task/vehicles/getVehicleInfoByDeviceKey?key=BROKERX-L2-0001
[16:58:11 INF] Sending HTTP request GET http://127.0.0.1:48408/api/task/vehicles/getVehicleInfoByDeviceKey?key=BROKERX-L2-0001
[16:58:11 INF] Received HTTP response headers after 0.534ms - 200
[16:58:11 INF] End processing HTTP request after 1.1414ms - 200
[16:58:12 INF] Executed DbCommand (0ms) [Parameters=[@__agvId_0='?' (Size = 10)], CommandType='Text', CommandTimeout='30']
SELECT "v"."AgvId", "v"."ClearedAt", "v"."ClearedReason", "v"."EnteredAt", "v"."EscalatedAt", "v"."EvidenceCode", "v"."EvidenceOnAutoConfirmWhitelist", "v"."FaultGeneration", "v"."LastEvaluatedAt", "v"."Level", "v"."StopProven", "v"."StopProvenAt"
FROM "VehicleFaultStates" AS "v"
WHERE "v"."AgvId" = @__agvId_0
LIMIT 2
[16:58:12 INF] Executed DbCommand (0ms) [Parameters=[@__mapId_0='?' (DbType = Int32)], CommandType='Text', CommandTimeout='30']
SELECT "m"."MapId", "m"."ApprovedMaxUnconfirmedSeconds", "m"."ApprovedSyncPeriodSeconds", "m"."CatalogRevision", "m"."LastAttemptAt", "m"."LastCompleteConfirmationAt", "m"."LastFailureReason", "m"."State", "m"."UpdatedAt"
FROM "MapStationCatalogStates" AS "m"
WHERE "m"."MapId" = @__mapId_0
LIMIT 2
[16:58:12 INF] Executed DbCommand (0ms) [Parameters=[], CommandType='Text', CommandTimeout='30']
SELECT "p"."RuleId", "p"."EffectiveAt", "p"."MatchType", "p"."MaxBoxesPerBasket", "p"."Pattern", "p"."Source", "p"."SupersededAt", "p"."Version"
FROM "PackageCapacityRules" AS "p"
WHERE "p"."SupersededAt" IS NULL
[16:58:12 INF] Executed DbCommand (0ms) [Parameters=[@__package_0='?' (Size = 10)], CommandType='Text', CommandTimeout='30']
SELECT "m"."Package", "m"."FirstSeenAt", "m"."LastSeenAt", "m"."Status"
FROM "MissingPackages" AS "m"
WHERE "m"."Package" = @__package_0
LIMIT 2
[16:58:12 INF] Executed DbCommand (0ms) [Parameters=[@__stationId_0='?' (Size = 9), @__taskType_1='?' (Size = 12)], CommandType='Text', CommandTimeout='30']
SELECT EXISTS (
    SELECT 1
    FROM "StationTaskTypeAdmissions" AS "s"
    WHERE "s"."StationId" = @__stationId_0 AND "s"."TaskType" = @__taskType_1)
[16:58:12 INF] Start processing HTTP request POST http://127.0.0.1:48408/api/task/v1/route/getRouteCostsBy
[16:58:12 INF] Sending HTTP request POST http://127.0.0.1:48408/api/task/v1/route/getRouteCostsBy
[16:58:12 INF] Received HTTP response headers after 13.937ms - 200
[16:58:12 INF] End processing HTTP request after 14.9434ms - 200
[16:58:12 INF] Executed DbCommand (0ms) [Parameters=[@__demandId_0='?' (Size = 36)], CommandType='Text', CommandTimeout='30']
SELECT "c"."GateAuditId", "c"."AgvId", "c"."ConflictDetail", "c"."DemandId", "c"."EvaluatedAt", "c"."GraphReachable", "c"."GraphTraversalCostMm", "c"."MapId", "c"."RiotRouteCostMm", "c"."TargetStationId", "c"."TransportDemandKey", "c"."Verdict"
FROM "CreateGateAudit" AS "c"
WHERE "c"."DemandId" = @__demandId_0
[16:58:12 INF] Start processing HTTP request GET http://127.0.0.1:48408/api/task/v1/task/getVehicleInfo/BROKERX-L2-0001
[16:58:12 INF] Sending HTTP request GET http://127.0.0.1:48408/api/task/v1/task/getVehicleInfo/BROKERX-L2-0001
[16:58:12 INF] Received HTTP response headers after 0.7215ms - 200
[16:58:12 INF] End processing HTTP request after 1.8057ms - 200
[16:58:12 INF] Start processing HTTP request GET http://127.0.0.1:48408/api/order/v1/orderRecord?pageNum=1&pageSize=100&filterByState=1&filterByState=3&filterByState=7&filterByState=9
[16:58:12 INF] Sending HTTP request GET http://127.0.0.1:48408/api/order/v1/orderRecord?pageNum=1&pageSize=100&filterByState=1&filterByState=3&filterByState=7&filterByState=9
[16:58:12 INF] Received HTTP response headers after 1.6902ms - 200
[16:58:12 INF] End processing HTTP request after 2.5662ms - 200
[16:58:12 INF] HTTP GET /api/onboard/v1/vehicle-safety responded 200 in 5.8599 ms
[16:58:12 INF] Executed DbCommand (2ms) [Parameters=[@p0='?' (Size = 36), @p1='?' (Size = 10), @p2='?', @p3='?' (Size = 36), @p4='?' (DbType = DateTimeOffset), @p5='?' (DbType = Boolean), @p6='?' (DbType = Int64), @p7='?' (DbType = Int32), @p8='?' (DbType = Int64), @p9='?' (DbType = Int32), @p10='?' (Size = 37), @p11='?' (Size = 7)], CommandType='Text', CommandTimeout='30']
INSERT INTO "CreateGateAudit" ("GateAuditId", "AgvId", "ConflictDetail", "DemandId", "EvaluatedAt", "GraphReachable", "GraphTraversalCostMm", "MapId", "RiotRouteCostMm", "TargetStationId", "TransportDemandKey", "Verdict")
VALUES (@p0, @p1, @p2, @p3, @p4, @p5, @p6, @p7, @p8, @p9, @p10, @p11);
[16:58:12 INF] Start processing HTTP request GET http://127.0.0.1:48409/api/v2/sublot-box-count?sublot=H119-20260919T085721618Z
[16:58:12 INF] Sending HTTP request GET http://127.0.0.1:48409/api/v2/sublot-box-count?sublot=H119-20260919T085721618Z
[16:58:12 INF] Received HTTP response headers after 10.9406ms - 200
[16:58:12 INF] End processing HTTP request after 12.1382ms - 200
[16:58:12 INF] Executed DbCommand (2ms) [Parameters=[@p0='?' (Size = 36), @p1='?' (DbType = DateTimeOffset), @p2='?' (Size = 64), @p3='?' (DbType = DateTimeOffset), @p4='?' (DbType = DateTimeOffset), @p5='?' (DbType = DateTimeOffset), @p6='?' (Size = 8), @p7='?' (Size = 37)], CommandType='Text', CommandTimeout='30']
INSERT INTO "JourneyBacklog" ("DemandId", "AcceptedAt", "DecisionFingerprint", "DemandCreatedAt", "FirstSeenAt", "LastSeenAt", "ReasonCode", "TransportDemandKey")
VALUES (@p0, @p1, @p2, @p3, @p4, @p5, @p6, @p7);
[16:58:12 INF] Executed DbCommand (0ms) [Parameters=[@__vehicleKey_0='?' (Size = 15)], CommandType='Text', CommandTimeout='30']
SELECT EXISTS (
    SELECT 1
    FROM "VehicleDispatchLeases" AS "v"
    WHERE "v"."VehicleKey" = @__vehicleKey_0 AND "v"."ReleasedAt" IS NULL)
[16:58:12 INF] Executed DbCommand (0ms) [Parameters=[@__agvId_0='?' (Size = 10)], CommandType='Text', CommandTimeout='30']
SELECT "s"."AgvId", "s"."ActiveUnlockSlotsJson", "s"."CapabilityHash", "s"."CapabilityRevision", "s"."DepartureSafe", "s"."ForcedRecoveryGeneration", "s"."ManifestSha256", "s"."PendingAttemptIdsJson", "s"."PendingResultIdsJson", "s"."ProfileId", "s"."ProtocolCommit", "s"."ProtocolVersion", "s"."ProvenRecoveryCheckpoint", "s"."Readiness", "s"."ReasonCode", "s"."RecoveryReportId", "s"."ReportedForcedRecoveryGeneration", "s"."ReportedSlotConfigurationFingerprint", "s"."SafetyHash", "s"."SafetyReasonCodesJson", "s"."SafetyRevision", "s"."SafetyUnknownPresent", "s"."SessionGeneration", "s"."UnsettledSlotOperationAttemptId", "s"."UpdatedAt"
FROM "SessionRecoveries" AS "s"
WHERE "s"."AgvId" = @__agvId_0 AND "s"."Readiness" = 'Ready'
LIMIT 2
[16:58:12 INF] Executed DbCommand (0ms) [Parameters=[@__messageType_0='?' (Size = 18)], CommandType='Text', CommandTimeout='30']
SELECT "p"."MessageId", "p"."ContentHash", "p"."FirstResponseJson", "p"."MessageType", "p"."ReceivedAt", "p"."RequestJson"
FROM "ProtocolInbox" AS "p"
WHERE "p"."MessageType" = @__messageType_0
[16:58:12 INF] Executed DbCommand (0ms) [Parameters=[], CommandType='Text', CommandTimeout='30']
SELECT "p"."MessageId", "p"."ContentHash", "p"."FirstResponseJson", "p"."MessageType", "p"."ReceivedAt", "p"."RequestJson"
FROM "ProtocolInbox" AS "p"
WHERE "p"."MessageType" = 'SafetyStateSnapshot'
[16:58:12 INF] Executed DbCommand (0ms) [Parameters=[], CommandType='Text', CommandTimeout='30']
SELECT "p"."MessageId", "p"."ContentHash", "p"."FirstResponseJson", "p"."MessageType", "p"."ReceivedAt", "p"."RequestJson"
FROM "ProtocolInbox" AS "p"
WHERE "p"."MessageType" IN ('SafetyStateSnapshot', 'SafetyStateChanged')
[16:58:12 INF] Executed DbCommand (0ms) [Parameters=[], CommandType='Text', CommandTimeout='30']
SELECT "p"."MessageId", "p"."ContentHash", "p"."FirstResponseJson", "p"."MessageType", "p"."ReceivedAt", "p"."RequestJson"
FROM "ProtocolInbox" AS "p"
[16:58:12 INF] Start processing HTTP request GET http://127.0.0.1:48408/api/task/vehicles/getVehicleInfoByDeviceKey?key=BROKERX-L2-0001
[16:58:12 INF] Sending HTTP request GET http://127.0.0.1:48408/api/task/vehicles/getVehicleInfoByDeviceKey?key=BROKERX-L2-0001
[16:58:12 INF] Received HTTP response headers after 0.6638ms - 200
[16:58:12 INF] End processing HTTP request after 1.5507ms - 200
[16:58:12 INF] Start processing HTTP request GET http://127.0.0.1:48409/api/v2/contract
[16:58:12 INF] Sending HTTP request GET http://127.0.0.1:48409/api/v2/contract
[16:58:12 INF] Received HTTP response headers after 0.6293ms - 200
[16:58:12 INF] End processing HTTP request after 1.4601ms - 200
[16:58:12 INF] Start processing HTTP request GET http://127.0.0.1:48409/api/v2/externally-readable-demand-catalog
[16:58:12 INF] Sending HTTP request GET http://127.0.0.1:48409/api/v2/externally-readable-demand-catalog
[16:58:12 INF] Received HTTP response headers after 0.4984ms - 200
[16:58:12 INF] End processing HTTP request after 1.249ms - 200
[16:58:12 INF] Executed DbCommand (0ms) [Parameters=[@__agvId_0='?' (Size = 10)], CommandType='Text', CommandTimeout='30']
SELECT "s"."AgvId", "s"."ActiveUnlockSlotsJson", "s"."CapabilityHash", "s"."CapabilityRevision", "s"."DepartureSafe", "s"."ForcedRecoveryGeneration", "s"."ManifestSha256", "s"."PendingAttemptIdsJson", "s"."PendingResultIdsJson", "s"."ProfileId", "s"."ProtocolCommit", "s"."ProtocolVersion", "s"."ProvenRecoveryCheckpoint", "s"."Readiness", "s"."ReasonCode", "s"."RecoveryReportId", "s"."ReportedForcedRecoveryGeneration", "s"."ReportedSlotConfigurationFingerprint", "s"."SafetyHash", "s"."SafetyReasonCodesJson", "s"."SafetyRevision", "s"."SafetyUnknownPresent", "s"."SessionGeneration", "s"."UnsettledSlotOperationAttemptId", "s"."UpdatedAt"
FROM "SessionRecoveries" AS "s"
WHERE "s"."AgvId" = @__agvId_0 AND "s"."Readiness" = 'Ready'
LIMIT 2
[16:58:12 INF] Executed DbCommand (0ms) [Parameters=[@__messageType_0='?' (Size = 18)], CommandType='Text', CommandTimeout='30']
SELECT "p"."MessageId", "p"."ContentHash", "p"."FirstResponseJson", "p"."MessageType", "p"."ReceivedAt", "p"."RequestJson"
FROM "ProtocolInbox" AS "p"
WHERE "p"."MessageType" = @__messageType_0
[16:58:12 INF] Executed DbCommand (0ms) [Parameters=[], CommandType='Text', CommandTimeout='30']
SELECT "p"."MessageId", "p"."ContentHash", "p"."FirstResponseJson", "p"."MessageType", "p"."ReceivedAt", "p"."RequestJson"
FROM "ProtocolInbox" AS "p"
WHERE "p"."MessageType" = 'SafetyStateSnapshot'
[16:58:12 INF] Executed DbCommand (0ms) [Parameters=[], CommandType='Text', CommandTimeout='30']
SELECT "p"."MessageId", "p"."ContentHash", "p"."FirstResponseJson", "p"."MessageType", "p"."ReceivedAt", "p"."RequestJson"
FROM "ProtocolInbox" AS "p"
WHERE "p"."MessageType" IN ('SafetyStateSnapshot', 'SafetyStateChanged')
[16:58:12 INF] Executed DbCommand (0ms) [Parameters=[], CommandType='Text', CommandTimeout='30']
SELECT "p"."MessageId", "p"."ContentHash", "p"."FirstResponseJson", "p"."MessageType", "p"."ReceivedAt", "p"."RequestJson"
FROM "ProtocolInbox" AS "p"
[16:58:12 INF] Start processing HTTP request GET http://127.0.0.1:48408/api/task/vehicles/getVehicleInfoByDeviceKey?key=BROKERX-L2-0001
[16:58:12 INF] Sending HTTP request GET http://127.0.0.1:48408/api/task/vehicles/getVehicleInfoByDeviceKey?key=BROKERX-L2-0001
[16:58:12 INF] Received HTTP response headers after 0.6121ms - 200
[16:58:12 INF] End processing HTTP request after 1.3014ms - 200
[16:58:12 INF] Executed DbCommand (0ms) [Parameters=[@__snapshot_DemandId_0='?' (Size = 36), @__snapshot_TransportDemandKey_1='?' (Size = 37)], CommandType='Text', CommandTimeout='30']
SELECT "a"."DemandId", "a"."AcceptedAt", "a"."CatalogRevision", "a"."CreatedAt", "a"."DemandRevision", "a"."Generation", "a"."HistoryEpoch", "a"."LiveMesFieldsJson", "a"."SeriesId", "a"."Status", "a"."Sublot", "a"."TransportDemandKey", "a"."ValueObservedAt", "a"."ValuePollTraceId", "a"."ValueProjectionCommitId", "a"."WorkType"
FROM "AcceptedDemands" AS "a"
WHERE "a"."DemandId" = @__snapshot_DemandId_0 OR "a"."TransportDemandKey" = @__snapshot_TransportDemandKey_1
LIMIT 2
[16:58:12 INF] Executed DbCommand (0ms) [Parameters=[@__orderIntent_VehicleKey_0='?' (Size = 15)], CommandType='Text', CommandTimeout='30']
SELECT "v"."DemandId", "v"."AcquiredAt", "v"."ReleasedAt", "v"."VehicleKey"
FROM "VehicleDispatchLeases" AS "v"
WHERE "v"."VehicleKey" = @__orderIntent_VehicleKey_0 AND "v"."ReleasedAt" IS NULL
LIMIT 2
[16:58:12 INF] Executed DbCommand (0ms) [Parameters=[], CommandType='Text', CommandTimeout='30']
SELECT MAX("d"."Version")
FROM "DispatchZoneAreaAssignmentVersions" AS "d"
[16:58:12 INF] Executed DbCommand (0ms) [Parameters=[@__demandId_0='?' (Size = 36)], CommandType='Text', CommandTimeout='30']
SELECT "c"."ConsumerKind", "c"."ConsumerId", "c"."ObjectKind", "c"."ObjectId", "c"."FrozenAt", "c"."FrozenVersion", "c"."SnapshotId"
FROM "ConfigurationConsumerBindings" AS "c"
WHERE "c"."ConsumerKind" = 'TransportDemand' AND "c"."ObjectKind" = 'DispatchZoneAreaAssignment' AND "c"."ObjectId" = 'dispatch-zone-area-assignment' AND "c"."ConsumerId" = @__demandId_0
LIMIT 2
[16:58:12 INF] Executed DbCommand (0ms) [Parameters=[@__version_0='?' (DbType = Int64)], CommandType='Text', CommandTimeout='30']
SELECT "d"."Version", "d"."ContentSha256", "d"."EntryCount", "d"."ImportedAt", "d"."SnapshotId"
FROM "DispatchZoneAreaAssignmentVersions" AS "d"
WHERE "d"."Version" = @__version_0
LIMIT 2
[16:58:12 INF] Executed DbCommand (0ms) [Parameters=[@p0='?' (Size = 36), @p1='?' (Size = 15), @p2='?' (Size = 29), @p3='?' (Size = 26), @p4='?' (DbType = DateTimeOffset), @p5='?' (DbType = Int64), @p6='?' (Size = 32)], CommandType='Text', CommandTimeout='30']
INSERT INTO "ConfigurationConsumerBindings" ("ConsumerId", "ConsumerKind", "ObjectId", "ObjectKind", "FrozenAt", "FrozenVersion", "SnapshotId")
VALUES (@p0, @p1, @p2, @p3, @p4, @p5, @p6);
[16:58:12 INF] Executed DbCommand (1ms) [Parameters=[@__snapshot_DemandId_0='?' (Size = 36)], CommandType='Text', CommandTimeout='30']
DELETE FROM "FrozenDemandStations" AS "f"
WHERE "f"."DemandId" = @__snapshot_DemandId_0
[16:58:12 INF] Executed DbCommand (0ms) [Parameters=[@__demandId_0='?' (Size = 36)], CommandType='Text', CommandTimeout='30']
SELECT "f"."DemandId", "f"."Role", "f"."CatalogRevision", "f"."FrozenAt", "f"."MapId", "f"."StationId", "f"."StationName", "f"."TransportDemandKey"
FROM "FrozenDemandStations" AS "f"
WHERE "f"."DemandId" = @__demandId_0
[16:58:12 INF] Executed DbCommand (0ms) [Parameters=[@p0='?' (Size = 36), @p1='?' (Size = 6), @p2='?' (DbType = Int64), @p3='?' (DbType = DateTimeOffset), @p4='?' (DbType = Int32), @p5='?' (DbType = Int32), @p6='?' (Size = 9), @p7='?' (Size = 37)], CommandType='Text', CommandTimeout='30']
INSERT INTO "FrozenDemandStations" ("DemandId", "Role", "CatalogRevision", "FrozenAt", "MapId", "StationId", "StationName", "TransportDemandKey")
VALUES (@p0, @p1, @p2, @p3, @p4, @p5, @p6, @p7);
[16:58:12 INF] Executed DbCommand (0ms) [Parameters=[@p0='?' (Size = 36), @p1='?' (Size = 7), @p2='?' (DbType = Int64), @p3='?' (DbType = DateTimeOffset), @p4='?' (DbType = Int32), @p5='?' (DbType = Int32), @p6='?' (Size = 2), @p7='?' (Size = 37)], CommandType='Text', CommandTimeout='30']
INSERT INTO "FrozenDemandStations" ("DemandId", "Role", "CatalogRevision", "FrozenAt", "MapId", "StationId", "StationName", "TransportDemandKey")
VALUES (@p0, @p1, @p2, @p3, @p4, @p5, @p6, @p7);
[16:58:12 INF] Executed DbCommand (0ms) [Parameters=[@__demandId_0='?' (Size = 36)], CommandType='Text', CommandTimeout='30']
SELECT "c"."ConsumerKind", "c"."ConsumerId", "c"."ObjectKind", "c"."ObjectId", "c"."FrozenAt", "c"."FrozenVersion", "c"."SnapshotId"
FROM "ConfigurationConsumerBindings" AS "c"
WHERE "c"."ConsumerKind" = 'TransportDemand' AND "c"."ConsumerId" = @__demandId_0 AND (("c"."ObjectKind" = 'TaskTypeStationRule' AND "c"."ObjectId" = 'task-type-station-rules') OR ("c"."ObjectKind" = 'PublicStationBinding' AND "c"."ObjectId" LIKE 'map-%'))
[16:58:12 INF] Executed DbCommand (0ms) [Parameters=[@__ruleVersion_0='?' (DbType = Int64)], CommandType='Text', CommandTimeout='30']
SELECT "t"."Version", "t"."ContentSha256", "t"."LoadedAt", "t"."SnapshotId", "t"."Source"
FROM "TaskTypeStationRuleVersions" AS "t"
WHERE "t"."Version" = @__ruleVersion_0
LIMIT 2
[16:58:12 INF] Executed DbCommand (0ms) [Parameters=[@__mapId_0='?' (DbType = Int32), @__bindingSetVersion_1='?' (DbType = Int64)], CommandType='Text', CommandTimeout='30']
SELECT "t"."MapId", "t"."Version", "t"."CatalogRevision", "t"."ContentSha256", "t"."LoadedAt", "t"."RuleVersion", "t"."SnapshotId", "t"."Source"
FROM "TaskTypeStationBindingSetVersions" AS "t"
WHERE "t"."MapId" = @__mapId_0 AND "t"."Version" = @__bindingSetVersion_1
LIMIT 2
[16:58:12 INF] Executed DbCommand (0ms) [Parameters=[@p0='?' (Size = 36), @p1='?' (Size = 15), @p2='?' (Size = 6), @p3='?' (Size = 20), @p4='?' (DbType = DateTimeOffset), @p5='?' (DbType = Int64), @p6='?' (Size = 32)], CommandType='Text', CommandTimeout='30']
INSERT INTO "ConfigurationConsumerBindings" ("ConsumerId", "ConsumerKind", "ObjectId", "ObjectKind", "FrozenAt", "FrozenVersion", "SnapshotId")
VALUES (@p0, @p1, @p2, @p3, @p4, @p5, @p6);
[16:58:12 INF] Executed DbCommand (0ms) [Parameters=[@p0='?' (Size = 36), @p1='?' (Size = 15), @p2='?' (Size = 23), @p3='?' (Size = 19), @p4='?' (DbType = DateTimeOffset), @p5='?' (DbType = Int64), @p6='?' (Size = 32)], CommandType='Text', CommandTimeout='30']
INSERT INTO "ConfigurationConsumerBindings" ("ConsumerId", "ConsumerKind", "ObjectId", "ObjectKind", "FrozenAt", "FrozenVersion", "SnapshotId")
VALUES (@p0, @p1, @p2, @p3, @p4, @p5, @p6);
[16:58:12 INF] Executed DbCommand (0ms) [Parameters=[@__runtime_AgvId_0='?' (Size = 10)], CommandType='Text', CommandTimeout='30']
SELECT MAX("j"."VehicleBusinessRevision") AS "VehicleBusiness", MAX("j"."WorklistRevision") AS "Worklist", MAX("j"."PlanRevision") AS "Plan"
FROM "JourneyRuntimes" AS "j"
WHERE "j"."AgvId" = @__runtime_AgvId_0
GROUP BY "j"."AgvId"
LIMIT 2
[16:58:12 INF] Executed DbCommand (0ms) [Parameters=[@__snapshot_DemandId_0='?' (Size = 36)], CommandType='Text', CommandTimeout='30']
SELECT "j"."DemandId", "j"."AcceptedAt", "j"."DecisionFingerprint", "j"."DemandCreatedAt", "j"."FirstSeenAt", "j"."LastSeenAt", "j"."ReasonCode", "j"."TransportDemandKey"
FROM "JourneyBacklog" AS "j"
WHERE "j"."DemandId" = @__snapshot_DemandId_0
LIMIT 2
[16:58:12 INF] Executed DbCommand (0ms) [Parameters=[@p0='?' (Size = 36), @p1='?' (DbType = DateTimeOffset), @p2='?' (DbType = Int64), @p3='?' (DbType = DateTimeOffset), @p4='?' (DbType = Int64), @p5='?' (DbType = Int32), @p6='?' (Size = 36), @p7='?' (Size = 89), @p8='?' (Size = 39), @p9='?' (Size = 8), @p10='?' (Size = 24), @p11='?' (Size = 37), @p12='?' (DbType = DateTimeOffset), @p13='?' (Size = 38), @p14='?' (Size = 39), @p15='?' (Size = 12)], CommandType='Text', CommandTimeout='30']
INSERT INTO "AcceptedDemands" ("DemandId", "AcceptedAt", "CatalogRevision", "CreatedAt", "DemandRevision", "Generation", "HistoryEpoch", "LiveMesFieldsJson", "SeriesId", "Status", "Sublot", "TransportDemandKey", "ValueObservedAt", "ValuePollTraceId", "ValueProjectionCommitId", "WorkType")
VALUES (@p0, @p1, @p2, @p3, @p4, @p5, @p6, @p7, @p8, @p9, @p10, @p11, @p12, @p13, @p14, @p15);
[16:58:12 INF] Executed DbCommand (0ms) [Parameters=[@p3='?' (Size = 36), @p0='?' (DbType = DateTimeOffset), @p1='?' (DbType = DateTimeOffset), @p2='?' (Size = 8)], CommandType='Text', CommandTimeout='30']
UPDATE "JourneyBacklog" SET "AcceptedAt" = @p0, "LastSeenAt" = @p1, "ReasonCode" = @p2
WHERE "DemandId" = @p3
RETURNING 1;
[16:58:12 INF] Executed DbCommand (0ms) [Parameters=[@p0='?' (Size = 36), @p1='?' (Size = 10), @p2='?' (DbType = Int64), @p3='?', @p4='?' (DbType = DateTimeOffset), @p5='?', @p6='?', @p7='?' (DbType = DateTimeOffset), @p8='?' (DbType = Int64), @p9='?' (Size = 19), @p10='?' (DbType = Int32), @p11='?' (Size = 36), @p12='?' (Size = 36), @p13='?' (Size = 2), @p14='?' (DbType = Int32), @p15='?' (Size = 47), @p16='?' (Size = 36), @p17='?' (Size = 36), @p18='?' (Size = 36), @p19='?' (Size = 36), @p20='?' (DbType = Int32), @p21='?' (Size = 6), @p22='?' (Size = 36), @p23='?' (Size = 36), @p24='?' (Size = 9), @p25='?' (DbType = Int32), @p26='?' (Size = 49), @p27='?' (Size = 36), @p28='?' (DbType = Int64), @p29='?' (Size = 36), @p30='?' (Size = 36), @p31='?' (Size = 71), @p32='?' (Size = 21), @p33='?' (DbType = DateTimeOffset), @p34='?' (Size = 36), @p35='?' (Size = 3), @p36='?' (Size = 36), @p37='?' (Size = 36), @p38='?' (DbType = DateTimeOffset), @p39='?' (Size = 36), @p40='?' (DbType = Int64), @p41='?' (Size = 15), @p42='?' (Size = 36), @p43='?' (DbType = Int64)], CommandType='Text', CommandTimeout='30']
INSERT INTO "JourneyRuntimes" ("DemandId", "AgvId", "AgvLifecycleGeneration", "BlockReasonCode", "BlockReasonSince", "ConsumedSafetyResultMessageId", "ConsumedSublotMessageId", "CreatedAt", "DispatchGeneration", "DispatchZone", "ExpectedBasketCount", "GateMovementLegId", "GatePlanMessageId", "GateStationId", "GateStationRiotId", "GateUpperId", "GateVehicleBusinessMessageId", "GateWorklistMessageId", "LoadCommandMessageId", "LoadSlotOperationAttemptId", "MapId", "MapIdentity", "OperationSessionId", "PickupMovementLegId", "PickupStationId", "PickupStationRiotId", "PickupUpperId", "PlanMessageId", "PlanRevision", "PreDepartureSafetyCheckId", "PreDepartureSafetyCheckMessageId", "RouteEvidenceId", "Stage", "StationDepartureWaitStartedAt", "SublotRequestMessageId", "TargetSlotsJson", "UnloadCommandMessageId", "UnloadSlotOperationAttemptId", "UpdatedAt", "VehicleBusinessMessageId", "VehicleBusinessRevision", "VehicleKey", "WorklistMessageId", "WorklistRevision")
VALUES (@p0, @p1, @p2, @p3, @p4, @p5, @p6, @p7, @p8, @p9, @p10, @p11, @p12, @p13, @p14, @p15, @p16, @p17, @p18, @p19, @p20, @p21, @p22, @p23, @p24, @p25, @p26, @p27, @p28, @p29, @p30, @p31, @p32, @p33, @p34, @p35, @p36, @p37, @p38, @p39, @p40, @p41, @p42, @p43);
[16:58:12 INF] Executed DbCommand (0ms) [Parameters=[@p0='?' (Size = 36), @p1='?' (DbType = Int64), @p2='?' (DbType = Int32), @p3='?', @p4='?' (DbType = DateTimeOffset), @p5='?' (DbType = DateTimeOffset), @p6='?' (Size = 36), @p7='?' (DbType = Int32), @p8='?' (DbType = Int64), @p9='?' (DbType = Int32), @p10='?' (DbType = Int64), @p11='?', @p12='?', @p13='?' (DbType = DateTimeOffset), @p14='?', @p15='?', @p16='?' (DbType = DateTimeOffset), @p17='?', @p18='?' (DbType = Int32), @p19='?', @p20='?' (Size = 9), @p21='?' (Size = 22), @p22='?' (Size = 9), @p23='?' (Size = 49), @p24='?' (Size = 15), @p25='?' (DbType = DateTimeOffset), @p26='?' (DbType = DateTimeOffset)], CommandType='Text', CommandTimeout='30']
INSERT INTO "OrderIntents" ("MovementLegId", "AgvLifecycleGeneration", "CreateAttemptCount", "CreateAttemptId", "CreateDispatchArmedAt", "CreatedAt", "DemandId", "DestinationStationId", "DispatchAuditSequence", "DispatchAuditVersion", "DispatchGeneration", "ExperimentalCreateAuthorizationId", "LastCreateOutcome", "LastCreateOutcomeAt", "LastCreateReceiptJson", "LastReconciliationOutcome", "LastReconciliationOutcomeAt", "LastReconciliationReceiptJson", "MapId", "OrderId", "Purpose", "Status", "TargetStationId", "UpperId", "VehicleKey", "VehicleOccupancyClaimedAt", "VehicleOccupancyReleasedAt")
VALUES (@p0, @p1, @p2, @p3, @p4, @p5, @p6, @p7, @p8, @p9, @p10, @p11, @p12, @p13, @p14, @p15, @p16, @p17, @p18, @p19, @p20, @p21, @p22, @p23, @p24, @p25, @p26);
[16:58:12 INF] Executed DbCommand (0ms) [Parameters=[@p0='?' (Size = 36), @p1='?' (DbType = DateTimeOffset), @p2='?' (DbType = DateTimeOffset), @p3='?' (Size = 15)], CommandType='Text', CommandTimeout='30']
INSERT INTO "VehicleDispatchLeases" ("DemandId", "AcquiredAt", "ReleasedAt", "VehicleKey")
VALUES (@p0, @p1, @p2, @p3);
[16:58:12 INF] Executed DbCommand (0ms) [Parameters=[@__upperId_0='?' (Size = 49)], CommandType='Text', CommandTimeout='30']
SELECT "o"."MovementLegId", "o"."AgvLifecycleGeneration", "o"."CreateAttemptCount", "o"."CreateAttemptId", "o"."CreateDispatchArmedAt", "o"."CreatedAt", "o"."DemandId", "o"."DestinationStationId", "o"."DispatchAuditSequence", "o"."DispatchAuditVersion", "o"."DispatchGeneration", "o"."ExperimentalCreateAuthorizationId", "o"."LastCreateOutcome", "o"."LastCreateOutcomeAt", "o"."LastCreateReceiptJson", "o"."LastReconciliationOutcome", "o"."LastReconciliationOutcomeAt", "o"."LastReconciliationReceiptJson", "o"."MapId", "o"."OrderId", "o"."Purpose", "o"."Status", "o"."TargetStationId", "o"."UpperId", "o"."VehicleKey", "o"."VehicleOccupancyClaimedAt", "o"."VehicleOccupancyReleasedAt"
FROM "OrderIntents" AS "o"
WHERE "o"."UpperId" = @__upperId_0
LIMIT 2
[16:58:12 INF] Executed DbCommand (0ms) [Parameters=[], CommandType='Text', CommandTimeout='30']
SELECT "e"."AuthorizationId", "e"."AgvLifecycleGeneration", "e"."AuthorizationVersion", "e"."ConsumedAt", "e"."ConsumedByAttemptId", "e"."DemandId", "e"."DispatchGeneration", "e"."ExpiresAt", "e"."MovementLegId", "e"."PersistedAt", "e"."UpperId"
FROM "ExperimentalRiotCreateAuthorizations" AS "e"
WHERE 0
LIMIT 2
[16:58:12 INF] Start processing HTTP request GET http://127.0.0.1:48408/api/order/v1/orderRecord/detailByUpperId/W2G-e157ea75-2bfe-44de-9fe9-3653986f2fac-PICKUP-1
[16:58:12 INF] Sending HTTP request GET http://127.0.0.1:48408/api/order/v1/orderRecord/detailByUpperId/W2G-e157ea75-2bfe-44de-9fe9-3653986f2fac-PICKUP-1
[16:58:12 INF] Received HTTP response headers after 6.4844ms - 404
[16:58:12 INF] End processing HTTP request after 7.4989ms - 404
[16:58:12 INF] Executed DbCommand (0ms) [Parameters=[@__upperId_0='?' (Size = 49)], CommandType='Text', CommandTimeout='30']
SELECT "o"."MovementLegId", "o"."AgvLifecycleGeneration", "o"."CreateAttemptCount", "o"."CreateAttemptId", "o"."CreateDispatchArmedAt", "o"."CreatedAt", "o"."DemandId", "o"."DestinationStationId", "o"."DispatchAuditSequence", "o"."DispatchAuditVersion", "o"."DispatchGeneration", "o"."ExperimentalCreateAuthorizationId", "o"."LastCreateOutcome", "o"."LastCreateOutcomeAt", "o"."LastCreateReceiptJson", "o"."LastReconciliationOutcome", "o"."LastReconciliationOutcomeAt", "o"."LastReconciliationReceiptJson", "o"."MapId", "o"."OrderId", "o"."Purpose", "o"."Status", "o"."TargetStationId", "o"."UpperId", "o"."VehicleKey", "o"."VehicleOccupancyClaimedAt", "o"."VehicleOccupancyReleasedAt"
FROM "OrderIntents" AS "o"
WHERE "o"."UpperId" = @__upperId_0
LIMIT 2
[16:58:12 INF] Executed DbCommand (1ms) [Parameters=[@p4='?' (Size = 36), @p5='?' (DbType = Int32), @p0='?' (DbType = Int64), @p6='?' (DbType = Int64), @p8='?', @p1='?' (Size = 31), @p2='?' (DbType = DateTimeOffset), @p3='?' (Size = 188), @p7='?' (Size = 22)], CommandType='Text', CommandTimeout='30']
UPDATE "OrderIntents" SET "DispatchAuditSequence" = @p0, "LastReconciliationOutcome" = @p1, "LastReconciliationOutcomeAt" = @p2, "LastReconciliationReceiptJson" = @p3
WHERE "MovementLegId" = @p4 AND "CreateAttemptCount" = @p5 AND "DispatchAuditSequence" = @p6 AND "ExperimentalCreateAuthorizationId" IS NULL AND "Status" = @p7
RETURNING 1;
[16:58:12 INF] Executed DbCommand (0ms) [Parameters=[@p0='?' (Size = 36), @p1='?', @p2='?' (DbType = Int32), @p3='?', @p4='?' (Size = 36), @p5='?' (DbType = Int64), @p6='?', @p7='?', @p8='?', @p9='?' (DbType = Int32), @p10='?' (Size = 36), @p11='?' (DbType = DateTimeOffset), @p12='?' (Size = 9), @p13='?' (Size = 25), @p14='?' (Size = 8), @p15='?' (DbType = DateTimeOffset), @p16='?' (Size = 9), @p17='?', @p18='?' (DbType = Boolean), @p19='?', @p20='?' (DbType = Int64), @p21='?' (Size = 49)], CommandType='Text', CommandTimeout='30']
INSERT INTO "RiotDispatchAuditEvents" ("AuditEventId", "AttemptId", "AttemptNumber", "BusinessCode", "DemandId", "DispatchGeneration", "EligibilityBasis", "ExperimentalAuthorizationId", "FailureCategory", "HttpStatusCode", "MovementLegId", "OccurredAt", "Outcome", "Phase", "ReceiptClassification", "ReceiptObservedAt", "ReceiptOperation", "RequestSemanticSha256", "ResultPresent", "ReturnedOrderId", "Sequence", "UpperId")
VALUES (@p0, @p1, @p2, @p3, @p4, @p5, @p6, @p7, @p8, @p9, @p10, @p11, @p12, @p13, @p14, @p15, @p16, @p17, @p18, @p19, @p20, @p21);
[16:58:12 INF] Executed DbCommand (0ms) [Parameters=[@__upperId_0='?' (Size = 49)], CommandType='Text', CommandTimeout='30']
SELECT "o"."MovementLegId", "o"."AgvLifecycleGeneration", "o"."CreateAttemptCount", "o"."CreateAttemptId", "o"."CreateDispatchArmedAt", "o"."CreatedAt", "o"."DemandId", "o"."DestinationStationId", "o"."DispatchAuditSequence", "o"."DispatchAuditVersion", "o"."DispatchGeneration", "o"."ExperimentalCreateAuthorizationId", "o"."LastCreateOutcome", "o"."LastCreateOutcomeAt", "o"."LastCreateReceiptJson", "o"."LastReconciliationOutcome", "o"."LastReconciliationOutcomeAt", "o"."LastReconciliationReceiptJson", "o"."MapId", "o"."OrderId", "o"."Purpose", "o"."Status", "o"."TargetStationId", "o"."UpperId", "o"."VehicleKey", "o"."VehicleOccupancyClaimedAt", "o"."VehicleOccupancyReleasedAt"
FROM "OrderIntents" AS "o"
WHERE "o"."UpperId" = @__upperId_0
LIMIT 2
[16:58:12 INF] Executed DbCommand (0ms) [Parameters=[@p7='?' (Size = 36), @p0='?' (DbType = Int32), @p8='?' (DbType = Int32), @p1='?' (Size = 36), @p2='?' (DbType = DateTimeOffset), @p3='?' (DbType = Int64), @p9='?' (DbType = Int64), @p11='?', @p4='?' (Size = 13), @p5='?' (DbType = DateTimeOffset), @p6='?' (Size = 16), @p10='?' (Size = 22)], CommandType='Text', CommandTimeout='30']
UPDATE "OrderIntents" SET "CreateAttemptCount" = @p0, "CreateAttemptId" = @p1, "CreateDispatchArmedAt" = @p2, "DispatchAuditSequence" = @p3, "LastCreateOutcome" = @p4, "LastCreateOutcomeAt" = @p5, "Status" = @p6
WHERE "MovementLegId" = @p7 AND "CreateAttemptCount" = @p8 AND "DispatchAuditSequence" = @p9 AND "ExperimentalCreateAuthorizationId" IS NULL AND "Status" = @p10
RETURNING 1;
[16:58:12 INF] Executed DbCommand (0ms) [Parameters=[@p0='?' (Size = 36), @p1='?' (Size = 36), @p2='?' (DbType = Int32), @p3='?', @p4='?' (Size = 36), @p5='?' (DbType = Int64), @p6='?', @p7='?', @p8='?', @p9='?' (DbType = Int32), @p10='?' (Size = 36), @p11='?' (DbType = DateTimeOffset), @p12='?' (Size = 5), @p13='?' (Size = 15), @p14='?', @p15='?' (DbType = DateTimeOffset), @p16='?', @p17='?' (Size = 64), @p18='?' (DbType = Boolean), @p19='?', @p20='?' (DbType = Int64), @p21='?' (Size = 49)], CommandType='Text', CommandTimeout='30']
INSERT INTO "RiotDispatchAuditEvents" ("AuditEventId", "AttemptId", "AttemptNumber", "BusinessCode", "DemandId", "DispatchGeneration", "EligibilityBasis", "ExperimentalAuthorizationId", "FailureCategory", "HttpStatusCode", "MovementLegId", "OccurredAt", "Outcome", "Phase", "ReceiptClassification", "ReceiptObservedAt", "ReceiptOperation", "RequestSemanticSha256", "ResultPresent", "ReturnedOrderId", "Sequence", "UpperId")
VALUES (@p0, @p1, @p2, @p3, @p4, @p5, @p6, @p7, @p8, @p9, @p10, @p11, @p12, @p13, @p14, @p15, @p16, @p17, @p18, @p19, @p20, @p21);
[16:58:12 INF] Executed DbCommand (0ms) [Parameters=[@__upperId_0='?' (Size = 49)], CommandType='Text', CommandTimeout='30']
SELECT "o"."MovementLegId", "o"."AgvLifecycleGeneration", "o"."CreateAttemptCount", "o"."CreateAttemptId", "o"."CreateDispatchArmedAt", "o"."CreatedAt", "o"."DemandId", "o"."DestinationStationId", "o"."DispatchAuditSequence", "o"."DispatchAuditVersion", "o"."DispatchGeneration", "o"."ExperimentalCreateAuthorizationId", "o"."LastCreateOutcome", "o"."LastCreateOutcomeAt", "o"."LastCreateReceiptJson", "o"."LastReconciliationOutcome", "o"."LastReconciliationOutcomeAt", "o"."LastReconciliationReceiptJson", "o"."MapId", "o"."OrderId", "o"."Purpose", "o"."Status", "o"."TargetStationId", "o"."UpperId", "o"."VehicleKey", "o"."VehicleOccupancyClaimedAt", "o"."VehicleOccupancyReleasedAt"
FROM "OrderIntents" AS "o"
WHERE "o"."UpperId" = @__upperId_0
LIMIT 2
[16:58:12 INF] Executed DbCommand (0ms) [Parameters=[@p3='?' (Size = 36), @p4='?' (DbType = Int32), @p0='?' (DbType = Int64), @p5='?' (DbType = Int64), @p7='?', @p1='?' (Size = 20), @p2='?' (DbType = DateTimeOffset), @p6='?' (Size = 16)], CommandType='Text', CommandTimeout='30']
UPDATE "OrderIntents" SET "DispatchAuditSequence" = @p0, "LastCreateOutcome" = @p1, "LastCreateOutcomeAt" = @p2
WHERE "MovementLegId" = @p3 AND "CreateAttemptCount" = @p4 AND "DispatchAuditSequence" = @p5 AND "ExperimentalCreateAuthorizationId" IS NULL AND "Status" = @p6
RETURNING 1;
[16:58:12 INF] Executed DbCommand (0ms) [Parameters=[@p0='?' (Size = 36), @p1='?' (Size = 36), @p2='?' (DbType = Int32), @p3='?', @p4='?' (Size = 36), @p5='?' (DbType = Int64), @p6='?', @p7='?', @p8='?', @p9='?' (DbType = Int32), @p10='?' (Size = 36), @p11='?' (DbType = DateTimeOffset), @p12='?' (Size = 7), @p13='?' (Size = 14), @p14='?', @p15='?' (DbType = DateTimeOffset), @p16='?', @p17='?' (Size = 64), @p18='?' (DbType = Boolean), @p19='?', @p20='?' (DbType = Int64), @p21='?' (Size = 49)], CommandType='Text', CommandTimeout='30']
INSERT INTO "RiotDispatchAuditEvents" ("AuditEventId", "AttemptId", "AttemptNumber", "BusinessCode", "DemandId", "DispatchGeneration", "EligibilityBasis", "ExperimentalAuthorizationId", "FailureCategory", "HttpStatusCode", "MovementLegId", "OccurredAt", "Outcome", "Phase", "ReceiptClassification", "ReceiptObservedAt", "ReceiptOperation", "RequestSemanticSha256", "ResultPresent", "ReturnedOrderId", "Sequence", "UpperId")
VALUES (@p0, @p1, @p2, @p3, @p4, @p5, @p6, @p7, @p8, @p9, @p10, @p11, @p12, @p13, @p14, @p15, @p16, @p17, @p18, @p19, @p20, @p21);
[16:58:12 INF] Start processing HTTP request POST http://127.0.0.1:48408/api/order/v1/add/byDefaultMissions
[16:58:12 INF] Sending HTTP request POST http://127.0.0.1:48408/api/order/v1/add/byDefaultMissions
[16:58:12 INF] Received HTTP response headers after 6.1064ms - 200
[16:58:12 INF] End processing HTTP request after 7.471ms - 200
[16:58:12 INF] Executed DbCommand (0ms) [Parameters=[@__upperId_0='?' (Size = 49)], CommandType='Text', CommandTimeout='30']
SELECT "o"."MovementLegId", "o"."AgvLifecycleGeneration", "o"."CreateAttemptCount", "o"."CreateAttemptId", "o"."CreateDispatchArmedAt", "o"."CreatedAt", "o"."DemandId", "o"."DestinationStationId", "o"."DispatchAuditSequence", "o"."DispatchAuditVersion", "o"."DispatchGeneration", "o"."ExperimentalCreateAuthorizationId", "o"."LastCreateOutcome", "o"."LastCreateOutcomeAt", "o"."LastCreateReceiptJson", "o"."LastReconciliationOutcome", "o"."LastReconciliationOutcomeAt", "o"."LastReconciliationReceiptJson", "o"."MapId", "o"."OrderId", "o"."Purpose", "o"."Status", "o"."TargetStationId", "o"."UpperId", "o"."VehicleKey", "o"."VehicleOccupancyClaimedAt", "o"."VehicleOccupancyReleasedAt"
FROM "OrderIntents" AS "o"
WHERE "o"."UpperId" = @__upperId_0
LIMIT 2
[16:58:12 INF] Executed DbCommand (0ms) [Parameters=[@p4='?' (Size = 36), @p5='?' (DbType = Int32), @p0='?' (DbType = Int64), @p6='?' (DbType = Int64), @p8='?', @p1='?' (Size = 22), @p2='?' (DbType = DateTimeOffset), @p3='?' (Size = 188), @p7='?' (Size = 16)], CommandType='Text', CommandTimeout='30']
UPDATE "OrderIntents" SET "DispatchAuditSequence" = @p0, "LastCreateOutcome" = @p1, "LastCreateOutcomeAt" = @p2, "LastCreateReceiptJson" = @p3
WHERE "MovementLegId" = @p4 AND "CreateAttemptCount" = @p5 AND "DispatchAuditSequence" = @p6 AND "ExperimentalCreateAuthorizationId" IS NULL AND "Status" = @p7
RETURNING 1;
[16:58:12 INF] Executed DbCommand (0ms) [Parameters=[@p0='?' (Size = 36), @p1='?' (Size = 36), @p2='?' (DbType = Int32), @p3='?', @p4='?' (Size = 36), @p5='?' (DbType = Int64), @p6='?', @p7='?', @p8='?', @p9='?' (DbType = Int32), @p10='?' (Size = 36), @p11='?' (DbType = DateTimeOffset), @p12='?' (Size = 8), @p13='?' (Size = 15), @p14='?' (Size = 11), @p15='?' (DbType = DateTimeOffset), @p16='?' (Size = 6), @p17='?', @p18='?' (DbType = Boolean), @p19='?' (Size = 12), @p20='?' (DbType = Int64), @p21='?' (Size = 49)], CommandType='Text', CommandTimeout='30']
INSERT INTO "RiotDispatchAuditEvents" ("AuditEventId", "AttemptId", "AttemptNumber", "BusinessCode", "DemandId", "DispatchGeneration", "EligibilityBasis", "ExperimentalAuthorizationId", "FailureCategory", "HttpStatusCode", "MovementLegId", "OccurredAt", "Outcome", "Phase", "ReceiptClassification", "ReceiptObservedAt", "ReceiptOperation", "RequestSemanticSha256", "ResultPresent", "ReturnedOrderId", "Sequence", "UpperId")
VALUES (@p0, @p1, @p2, @p3, @p4, @p5, @p6, @p7, @p8, @p9, @p10, @p11, @p12, @p13, @p14, @p15, @p16, @p17, @p18, @p19, @p20, @p21);
[16:58:12 INF] Start processing HTTP request GET http://127.0.0.1:48408/api/order/v1/orderRecord/detailByUpperId/W2G-e157ea75-2bfe-44de-9fe9-3653986f2fac-PICKUP-1
[16:58:12 INF] Sending HTTP request GET http://127.0.0.1:48408/api/order/v1/orderRecord/detailByUpperId/W2G-e157ea75-2bfe-44de-9fe9-3653986f2fac-PICKUP-1
[16:58:12 INF] Received HTTP response headers after 5.4727ms - 200
[16:58:12 INF] End processing HTTP request after 6.5169ms - 200
[16:58:12 INF] Executed DbCommand (0ms) [Parameters=[@__upperId_0='?' (Size = 49)], CommandType='Text', CommandTimeout='30']
SELECT "o"."MovementLegId", "o"."AgvLifecycleGeneration", "o"."CreateAttemptCount", "o"."CreateAttemptId", "o"."CreateDispatchArmedAt", "o"."CreatedAt", "o"."DemandId", "o"."DestinationStationId", "o"."DispatchAuditSequence", "o"."DispatchAuditVersion", "o"."DispatchGeneration", "o"."ExperimentalCreateAuthorizationId", "o"."LastCreateOutcome", "o"."LastCreateOutcomeAt", "o"."LastCreateReceiptJson", "o"."LastReconciliationOutcome", "o"."LastReconciliationOutcomeAt", "o"."LastReconciliationReceiptJson", "o"."MapId", "o"."OrderId", "o"."Purpose", "o"."Status", "o"."TargetStationId", "o"."UpperId", "o"."VehicleKey", "o"."VehicleOccupancyClaimedAt", "o"."VehicleOccupancyReleasedAt"
FROM "OrderIntents" AS "o"
WHERE "o"."UpperId" = @__upperId_0
LIMIT 2
[16:58:12 INF] Executed DbCommand (0ms) [Parameters=[@p6='?' (Size = 36), @p7='?' (DbType = Int32), @p0='?' (DbType = Int64), @p8='?' (DbType = Int64), @p10='?', @p1='?' (Size = 33), @p2='?' (DbType = DateTimeOffset), @p3='?' (Size = 185), @p4='?' (Size = 12), @p5='?' (Size = 9), @p9='?' (Size = 16)], CommandType='Text', CommandTimeout='30']
UPDATE "OrderIntents" SET "DispatchAuditSequence" = @p0, "LastReconciliationOutcome" = @p1, "LastReconciliationOutcomeAt" = @p2, "LastReconciliationReceiptJson" = @p3, "OrderId" = @p4, "Status" = @p5
WHERE "MovementLegId" = @p6 AND "CreateAttemptCount" = @p7 AND "DispatchAuditSequence" = @p8 AND "ExperimentalCreateAuthorizationId" IS NULL AND "Status" = @p9
RETURNING 1;
[16:58:12 INF] Executed DbCommand (0ms) [Parameters=[@p0='?' (Size = 36), @p1='?' (Size = 36), @p2='?' (DbType = Int32), @p3='?', @p4='?' (Size = 36), @p5='?' (DbType = Int64), @p6='?', @p7='?', @p8='?', @p9='?' (DbType = Int32), @p10='?' (Size = 36), @p11='?' (DbType = DateTimeOffset), @p12='?' (Size = 9), @p13='?' (Size = 26), @p14='?' (Size = 5), @p15='?' (DbType = DateTimeOffset), @p16='?' (Size = 9), @p17='?', @p18='?' (DbType = Boolean), @p19='?' (Size = 12), @p20='?' (DbType = Int64), @p21='?' (Size = 49)], CommandType='Text', CommandTimeout='30']
INSERT INTO "RiotDispatchAuditEvents" ("AuditEventId", "AttemptId", "AttemptNumber", "BusinessCode", "DemandId", "DispatchGeneration", "EligibilityBasis", "ExperimentalAuthorizationId", "FailureCategory", "HttpStatusCode", "MovementLegId", "OccurredAt", "Outcome", "Phase", "ReceiptClassification", "ReceiptObservedAt", "ReceiptOperation", "RequestSemanticSha256", "ResultPresent", "ReturnedOrderId", "Sequence", "UpperId")
VALUES (@p0, @p1, @p2, @p3, @p4, @p5, @p6, @p7, @p8, @p9, @p10, @p11, @p12, @p13, @p14, @p15, @p16, @p17, @p18, @p19, @p20, @p21);
[16:58:12 INF] Executed DbCommand (0ms) [Parameters=[@__upperId_0='?' (Size = 49)], CommandType='Text', CommandTimeout='30']
SELECT "o"."MovementLegId", "o"."AgvLifecycleGeneration", "o"."CreateAttemptCount", "o"."CreateAttemptId", "o"."CreateDispatchArmedAt", "o"."CreatedAt", "o"."DemandId", "o"."DestinationStationId", "o"."DispatchAuditSequence", "o"."DispatchAuditVersion", "o"."DispatchGeneration", "o"."ExperimentalCreateAuthorizationId", "o"."LastCreateOutcome", "o"."LastCreateOutcomeAt", "o"."LastCreateReceiptJson", "o"."LastReconciliationOutcome", "o"."LastReconciliationOutcomeAt", "o"."LastReconciliationReceiptJson", "o"."MapId", "o"."OrderId", "o"."Purpose", "o"."Status", "o"."TargetStationId", "o"."UpperId", "o"."VehicleKey", "o"."VehicleOccupancyClaimedAt", "o"."VehicleOccupancyReleasedAt"
FROM "OrderIntents" AS "o"
WHERE "o"."UpperId" = @__upperId_0
LIMIT 2
[16:58:12 INF] Executed DbCommand (0ms) [Parameters=[@p1='?' (Size = 36), @p2='?' (DbType = Int32), @p3='?' (DbType = Int64), @p5='?', @p4='?' (Size = 9), @p0='?' (DbType = DateTimeOffset)], CommandType='Text', CommandTimeout='30']
UPDATE "OrderIntents" SET "VehicleOccupancyClaimedAt" = @p0
WHERE "MovementLegId" = @p1 AND "CreateAttemptCount" = @p2 AND "DispatchAuditSequence" = @p3 AND "ExperimentalCreateAuthorizationId" IS NULL AND "Status" = @p4
RETURNING 1;
[16:58:12 INF] Executed DbCommand (0ms) [Parameters=[], CommandType='Text', CommandTimeout='30']
SELECT "s"."DemandId", "s"."ReasonCode", "s"."ClearedAt", "s"."DetailJson", "s"."FirstRaisedAt", "s"."LastSeenAt", "s"."TransportDemandKey"
FROM "StructuralDispatchBlocks" AS "s"
WHERE "s"."ClearedAt" IS NULL
[16:58:12 INF] Start processing HTTP request GET http://127.0.0.1:48408/api/imap/v1/mapInfo/stations/25
[16:58:12 INF] Sending HTTP request GET http://127.0.0.1:48408/api/imap/v1/mapInfo/stations/25
[16:58:12 INF] Received HTTP response headers after 0.5939ms - 200
[16:58:12 INF] End processing HTTP request after 1.5234ms - 200
[16:58:12 INF] Executed DbCommand (0ms) [Parameters=[@__mapId_0='?' (DbType = Int32)], CommandType='Text', CommandTimeout='30']
SELECT "t"."MapId", "t"."ActiveVersion", "t"."PendingVersion", "t"."State", "t"."UpdatedAt"
FROM "TaskTypeStationActiveBindingSets" AS "t"
WHERE "t"."MapId" = @__mapId_0
LIMIT 2
[16:58:12 INF] Executed DbCommand (0ms) [Parameters=[@__mapId_0='?' (DbType = Int32), @__version_1='?' (DbType = Int64)], CommandType='Text', CommandTimeout='30']
SELECT "t"."MapId", "t"."Version", "t"."CatalogRevision", "t"."ContentSha256", "t"."LoadedAt", "t"."RuleVersion", "t"."SnapshotId", "t"."Source"
FROM "TaskTypeStationBindingSetVersions" AS "t"
WHERE "t"."MapId" = @__mapId_0 AND "t"."Version" = @__version_1
LIMIT 2
[16:58:12 INF] Executed DbCommand (0ms) [Parameters=[@__mapId_0='?' (DbType = Int32), @__version_1='?' (DbType = Int64)], CommandType='Text', CommandTimeout='30']
SELECT "t"."TaskType"
FROM "TaskTypeStationRequirements" AS "t"
WHERE "t"."MapId" = @__mapId_0 AND "t"."Version" = @__version_1
[16:58:12 INF] Executed DbCommand (0ms) [Parameters=[@__mapId_0='?' (DbType = Int32), @__version_1='?' (DbType = Int64)], CommandType='Text', CommandTimeout='30']
SELECT "t"."MapId", "t"."Version", "t"."TaskType", "t"."SiteVerificationRef", "t"."StationName", "t"."StationRiotId"
FROM "TaskTypeStationBindings" AS "t"
WHERE "t"."MapId" = @__mapId_0 AND "t"."Version" = @__version_1
[16:58:12 INF] Executed DbCommand (0ms) [Parameters=[@__version_0='?' (DbType = Int64)], CommandType='Text', CommandTimeout='30']
SELECT "t"."Version", "t"."ContentSha256", "t"."LoadedAt", "t"."SnapshotId", "t"."Source"
FROM "TaskTypeStationRuleVersions" AS "t"
WHERE "t"."Version" = @__version_0
LIMIT 2
[16:58:12 INF] Executed DbCommand (0ms) [Parameters=[@__version_0='?' (DbType = Int64)], CommandType='Text', CommandTimeout='30']
SELECT "t"."Version", "t"."TaskType", "t"."FixedEnd"
FROM "TaskTypeStationRules" AS "t"
WHERE "t"."Version" = @__version_0
[16:58:12 INF] Executed DbCommand (0ms) [Parameters=[@__mapId_0='?' (DbType = Int32)], CommandType='Text', CommandTimeout='30']
SELECT "t"."MapId", "t"."ActiveVersion", "t"."PendingVersion", "t"."State", "t"."UpdatedAt"
FROM "TaskTypeStationActiveBindingSets" AS "t"
WHERE "t"."MapId" = @__mapId_0
LIMIT 2
[16:58:12 INF] Executed DbCommand (0ms) [Parameters=[@__mapId_0='?' (DbType = Int32)], CommandType='Text', CommandTimeout='30']
SELECT "t"."HoldId", "t"."DetailJson", "t"."MapId", "t"."RaisedAt", "t"."RaisedBy", "t"."ReasonCode", "t"."ReleasedAt", "t"."ReleasedBy", "t"."Source", "t"."TaskType"
FROM "TaskTypeStationHolds" AS "t"
WHERE "t"."MapId" = @__mapId_0 AND "t"."ReleasedAt" IS NULL
[16:58:12 INF] Executed DbCommand (0ms) [Parameters=[@__mapId_0='?' (DbType = Int32)], CommandType='Text', CommandTimeout='30']
SELECT "m"."MapId", "m"."ApprovedMaxUnconfirmedSeconds", "m"."ApprovedSyncPeriodSeconds", "m"."CatalogRevision", "m"."LastAttemptAt", "m"."LastCompleteConfirmationAt", "m"."LastFailureReason", "m"."State", "m"."UpdatedAt"
FROM "MapStationCatalogStates" AS "m"
WHERE "m"."MapId" = @__mapId_0
LIMIT 2
[16:58:12 INF] Executed DbCommand (0ms) [Parameters=[@p3='?' (DbType = Int32), @p0='?' (DbType = DateTimeOffset), @p1='?' (DbType = DateTimeOffset), @p2='?' (DbType = DateTimeOffset)], CommandType='Text', CommandTimeout='30']
UPDATE "MapStationCatalogStates" SET "LastAttemptAt" = @p0, "LastCompleteConfirmationAt" = @p1, "UpdatedAt" = @p2
WHERE "MapId" = @p3
RETURNING 1;
[16:58:12 INF] Executed DbCommand (0ms) [Parameters=[@__mapId_0='?' (DbType = Int32)], CommandType='Text', CommandTimeout='30']
SELECT "t"."MapId", "t"."ActiveVersion", "t"."PendingVersion", "t"."State", "t"."UpdatedAt"
FROM "TaskTypeStationActiveBindingSets" AS "t"
WHERE "t"."MapId" = @__mapId_0
LIMIT 2
[16:58:12 INF] Executed DbCommand (0ms) [Parameters=[@__mapId_0='?' (DbType = Int32), @__version_1='?' (DbType = Int64)], CommandType='Text', CommandTimeout='30']
SELECT "t"."MapId", "t"."Version", "t"."CatalogRevision", "t"."ContentSha256", "t"."LoadedAt", "t"."RuleVersion", "t"."SnapshotId", "t"."Source"
FROM "TaskTypeStationBindingSetVersions" AS "t"
WHERE "t"."MapId" = @__mapId_0 AND "t"."Version" = @__version_1
LIMIT 2
[16:58:12 INF] Executed DbCommand (0ms) [Parameters=[@__mapId_0='?' (DbType = Int32), @__version_1='?' (DbType = Int64)], CommandType='Text', CommandTimeout='30']
SELECT "t"."TaskType"
FROM "TaskTypeStationRequirements" AS "t"
WHERE "t"."MapId" = @__mapId_0 AND "t"."Version" = @__version_1
[16:58:12 INF] Executed DbCommand (0ms) [Parameters=[@__mapId_0='?' (DbType = Int32), @__version_1='?' (DbType = Int64)], CommandType='Text', CommandTimeout='30']
SELECT "t"."MapId", "t"."Version", "t"."TaskType", "t"."SiteVerificationRef", "t"."StationName", "t"."StationRiotId"
FROM "TaskTypeStationBindings" AS "t"
WHERE "t"."MapId" = @__mapId_0 AND "t"."Version" = @__version_1
[16:58:12 INF] Executed DbCommand (0ms) [Parameters=[@__version_0='?' (DbType = Int64)], CommandType='Text', CommandTimeout='30']
SELECT "t"."Version", "t"."ContentSha256", "t"."LoadedAt", "t"."SnapshotId", "t"."Source"
FROM "TaskTypeStationRuleVersions" AS "t"
WHERE "t"."Version" = @__version_0
LIMIT 2
[16:58:12 INF] Executed DbCommand (0ms) [Parameters=[@__version_0='?' (DbType = Int64)], CommandType='Text', CommandTimeout='30']
SELECT "t"."Version", "t"."TaskType", "t"."FixedEnd"
FROM "TaskTypeStationRules" AS "t"
WHERE "t"."Version" = @__version_0
[16:58:12 INF] Executed DbCommand (0ms) [Parameters=[], CommandType='Text', CommandTimeout='30']
SELECT "a"."Id", "a"."ContentHash", "a"."DeploymentId", "a"."ImportedAt", "a"."Version"
FROM "AdmissionPolicyState" AS "a"
WHERE "a"."Id" = 1
LIMIT 2
[16:58:12 INF] Executed DbCommand (0ms) [Parameters=[], CommandType='Text', CommandTimeout='30']
SELECT "j"."DemandId", "j"."AgvId", "j"."AgvLifecycleGeneration", "j"."BlockReasonCode", "j"."BlockReasonSince", "j"."ConsumedSafetyResultMessageId", "j"."ConsumedSublotMessageId", "j"."CreatedAt", "j"."DispatchGeneration", "j"."DispatchZone", "j"."ExpectedBasketCount", "j"."GateMovementLegId", "j"."GatePlanMessageId", "j"."GateStationId", "j"."GateStationRiotId", "j"."GateUpperId", "j"."GateVehicleBusinessMessageId", "j"."GateWorklistMessageId", "j"."LoadCommandMessageId", "j"."LoadSlotOperationAttemptId", "j"."MapId", "j"."MapIdentity", "j"."OperationSessionId", "j"."PickupMovementLegId", "j"."PickupStationId", "j"."PickupStationRiotId", "j"."PickupUpperId", "j"."PlanMessageId", "j"."PlanRevision", "j"."PreDepartureSafetyCheckId", "j"."PreDepartureSafetyCheckMessageId", "j"."RouteEvidenceId", "j"."Stage", "j"."StationDepartureWaitStartedAt", "j"."SublotRequestMessageId", "j"."TargetSlotsJson", "j"."UnloadCommandMessageId", "j"."UnloadSlotOperationAttemptId", "j"."UpdatedAt", "j"."VehicleBusinessMessageId", "j"."VehicleBusinessRevision", "j"."VehicleKey", "j"."WorklistMessageId", "j"."WorklistRevision"
FROM "JourneyRuntimes" AS "j"
WHERE "j"."Stage" <> 'Completed'
[16:58:13 INF] Executed DbCommand (0ms) [Parameters=[@__agvId_0='?' (Size = 10)], CommandType='Text', CommandTimeout='30']
SELECT "s"."AgvId", "s"."ActiveUnlockSlotsJson", "s"."CapabilityHash", "s"."CapabilityRevision", "s"."DepartureSafe", "s"."ForcedRecoveryGeneration", "s"."ManifestSha256", "s"."PendingAttemptIdsJson", "s"."PendingResultIdsJson", "s"."ProfileId", "s"."ProtocolCommit", "s"."ProtocolVersion", "s"."ProvenRecoveryCheckpoint", "s"."Readiness", "s"."ReasonCode", "s"."RecoveryReportId", "s"."ReportedForcedRecoveryGeneration", "s"."ReportedSlotConfigurationFingerprint", "s"."SafetyHash", "s"."SafetyReasonCodesJson", "s"."SafetyRevision", "s"."SafetyUnknownPresent", "s"."SessionGeneration", "s"."UnsettledSlotOperationAttemptId", "s"."UpdatedAt"
FROM "SessionRecoveries" AS "s"
WHERE "s"."AgvId" = @__agvId_0 AND "s"."Readiness" = 'Ready'
LIMIT 2
[16:58:13 INF] Executed DbCommand (0ms) [Parameters=[], CommandType='Text', CommandTimeout='30']
SELECT "p"."MessageId", "p"."AcknowledgedAt", "p"."CreatedAt", "p"."FencedAt", "p"."MessageType", "p"."PayloadJson"
FROM "ProtocolOutbox" AS "p"
WHERE "p"."AcknowledgedAt" IS NULL AND "p"."FencedAt" IS NULL
[16:58:13 INF] Executed DbCommand (0ms) [Parameters=[@__upperId_0='?' (Size = 49)], CommandType='Text', CommandTimeout='30']
SELECT "o"."MovementLegId", "o"."AgvLifecycleGeneration", "o"."CreateAttemptCount", "o"."CreateAttemptId", "o"."CreateDispatchArmedAt", "o"."CreatedAt", "o"."DemandId", "o"."DestinationStationId", "o"."DispatchAuditSequence", "o"."DispatchAuditVersion", "o"."DispatchGeneration", "o"."ExperimentalCreateAuthorizationId", "o"."LastCreateOutcome", "o"."LastCreateOutcomeAt", "o"."LastCreateReceiptJson", "o"."LastReconciliationOutcome", "o"."LastReconciliationOutcomeAt", "o"."LastReconciliationReceiptJson", "o"."MapId", "o"."OrderId", "o"."Purpose", "o"."Status", "o"."TargetStationId", "o"."UpperId", "o"."VehicleKey", "o"."VehicleOccupancyClaimedAt", "o"."VehicleOccupancyReleasedAt"
FROM "OrderIntents" AS "o"
WHERE "o"."UpperId" = @__upperId_0
LIMIT 2
[16:58:13 INF] Executed DbCommand (0ms) [Parameters=[@__messageId_0='?' (Size = 36)], CommandType='Text', CommandTimeout='30']
SELECT EXISTS (
    SELECT 1
    FROM "ProtocolOutbox" AS "p"
    WHERE "p"."MessageId" = @__messageId_0)
[16:58:13 INF] Executed DbCommand (0ms) [Parameters=[@__messageId_0='?' (Size = 36)], CommandType='Text', CommandTimeout='30']
SELECT "p"."MessageId", "p"."AcknowledgedAt", "p"."CreatedAt", "p"."FencedAt", "p"."MessageType", "p"."PayloadJson"
FROM "ProtocolOutbox" AS "p"
WHERE "p"."MessageId" = @__messageId_0
LIMIT 2
[16:58:13 INF] Executed DbCommand (0ms) [Parameters=[@__messageId_0='?' (Size = 36)], CommandType='Text', CommandTimeout='30']
SELECT "p"."MessageId", "p"."AcknowledgedAt", "p"."CreatedAt", "p"."FencedAt", "p"."MessageType", "p"."PayloadJson"
FROM "ProtocolOutbox" AS "p"
WHERE "p"."MessageId" = @__messageId_0
LIMIT 2
[16:58:13 INF] Executed DbCommand (1ms) [Parameters=[@p0='?' (Size = 36), @p1='?' (DbType = DateTimeOffset), @p2='?' (DbType = DateTimeOffset), @p3='?' (DbType = DateTimeOffset), @p4='?' (Size = 24), @p5='?' (Size = 951)], CommandType='Text', CommandTimeout='30']
INSERT INTO "ProtocolOutbox" ("MessageId", "AcknowledgedAt", "CreatedAt", "FencedAt", "MessageType", "PayloadJson")
VALUES (@p0, @p1, @p2, @p3, @p4, @p5);
[16:58:13 INF] Executed DbCommand (0ms) [Parameters=[@__runtime_DemandId_0='?' (Size = 36), @__purpose_1='?' (Size = 9)], CommandType='Text', CommandTimeout='30']
SELECT "o"."MovementLegId", "o"."AgvLifecycleGeneration", "o"."CreateAttemptCount", "o"."CreateAttemptId", "o"."CreateDispatchArmedAt", "o"."CreatedAt", "o"."DemandId", "o"."DestinationStationId", "o"."DispatchAuditSequence", "o"."DispatchAuditVersion", "o"."DispatchGeneration", "o"."ExperimentalCreateAuthorizationId", "o"."LastCreateOutcome", "o"."LastCreateOutcomeAt", "o"."LastCreateReceiptJson", "o"."LastReconciliationOutcome", "o"."LastReconciliationOutcomeAt", "o"."LastReconciliationReceiptJson", "o"."MapId", "o"."OrderId", "o"."Purpose", "o"."Status", "o"."TargetStationId", "o"."UpperId", "o"."VehicleKey", "o"."VehicleOccupancyClaimedAt", "o"."VehicleOccupancyReleasedAt"
FROM "OrderIntents" AS "o"
WHERE "o"."DemandId" = @__runtime_DemandId_0 AND "o"."Purpose" = @__purpose_1
LIMIT 2
[16:58:13 INF] Start processing HTTP request GET http://127.0.0.1:48408/api/order/v1/orderRecord/detailByUpperId/W2G-e157ea75-2bfe-44de-9fe9-3653986f2fac-PICKUP-1
[16:58:13 INF] Sending HTTP request GET http://127.0.0.1:48408/api/order/v1/orderRecord/detailByUpperId/W2G-e157ea75-2bfe-44de-9fe9-3653986f2fac-PICKUP-1
[16:58:13 INF] Received HTTP response headers after 0.6345ms - 200
[16:58:13 INF] End processing HTTP request after 1.8535ms - 200
[16:58:13 INF] Start processing HTTP request GET http://127.0.0.1:48408/api/task/vehicles/getVehicleInfoByDeviceKey?key=BROKERX-L2-0001
[16:58:13 INF] Sending HTTP request GET http://127.0.0.1:48408/api/task/vehicles/getVehicleInfoByDeviceKey?key=BROKERX-L2-0001
[16:58:13 INF] Received HTTP response headers after 0.5615ms - 200
[16:58:13 INF] End processing HTTP request after 1.4205ms - 200
[16:58:13 INF] Executed DbCommand (0ms) [Parameters=[@__agvId_0='?' (Size = 10)], CommandType='Text', CommandTimeout='30']
SELECT "s"."AgvId", "s"."ActiveUnlockSlotsJson", "s"."CapabilityHash", "s"."CapabilityRevision", "s"."DepartureSafe", "s"."ForcedRecoveryGeneration", "s"."ManifestSha256", "s"."PendingAttemptIdsJson", "s"."PendingResultIdsJson", "s"."ProfileId", "s"."ProtocolCommit", "s"."ProtocolVersion", "s"."ProvenRecoveryCheckpoint", "s"."Readiness", "s"."ReasonCode", "s"."RecoveryReportId", "s"."ReportedForcedRecoveryGeneration", "s"."ReportedSlotConfigurationFingerprint", "s"."SafetyHash", "s"."SafetyReasonCodesJson", "s"."SafetyRevision", "s"."SafetyUnknownPresent", "s"."SessionGeneration", "s"."UnsettledSlotOperationAttemptId", "s"."UpdatedAt"
FROM "SessionRecoveries" AS "s"
WHERE "s"."AgvId" = @__agvId_0 AND "s"."Readiness" = 'Ready'
LIMIT 2
[16:58:13 INF] Executed DbCommand (0ms) [Parameters=[@__messageType_0='?' (Size = 18)], CommandType='Text', CommandTimeout='30']
SELECT "p"."MessageId", "p"."ContentHash", "p"."FirstResponseJson", "p"."MessageType", "p"."ReceivedAt", "p"."RequestJson"
FROM "ProtocolInbox" AS "p"
WHERE "p"."MessageType" = @__messageType_0
[16:58:13 INF] Executed DbCommand (0ms) [Parameters=[], CommandType='Text', CommandTimeout='30']
SELECT "p"."MessageId", "p"."ContentHash", "p"."FirstResponseJson", "p"."MessageType", "p"."ReceivedAt", "p"."RequestJson"
FROM "ProtocolInbox" AS "p"
WHERE "p"."MessageType" = 'SafetyStateSnapshot'
[16:58:13 INF] Executed DbCommand (0ms) [Parameters=[], CommandType='Text', CommandTimeout='30']
SELECT "p"."MessageId", "p"."ContentHash", "p"."FirstResponseJson", "p"."MessageType", "p"."ReceivedAt", "p"."RequestJson"
FROM "ProtocolInbox" AS "p"
WHERE "p"."MessageType" IN ('SafetyStateSnapshot', 'SafetyStateChanged')
[16:58:13 INF] Executed DbCommand (0ms) [Parameters=[], CommandType='Text', CommandTimeout='30']
SELECT "p"."MessageId", "p"."ContentHash", "p"."FirstResponseJson", "p"."MessageType", "p"."ReceivedAt", "p"."RequestJson"
FROM "ProtocolInbox" AS "p"
[16:58:13 INF] Executed DbCommand (0ms) [Parameters=[@__messageId_0='?' (Size = 36)], CommandType='Text', CommandTimeout='30']
SELECT "p"."MessageId", "p"."ContentHash", "p"."FirstResponseJson", "p"."MessageType", "p"."ReceivedAt", "p"."RequestJson"
FROM "ProtocolInbox" AS "p"
WHERE "p"."MessageId" = @__messageId_0
LIMIT 2
[16:58:13 INF] Executed DbCommand (0ms) [Parameters=[@__messageId_0='?' (Size = 36)], CommandType='Text', CommandTimeout='30']
SELECT "p"."MessageId", "p"."AcknowledgedAt", "p"."CreatedAt", "p"."FencedAt", "p"."MessageType", "p"."PayloadJson"
FROM "ProtocolOutbox" AS "p"
WHERE "p"."MessageId" = @__messageId_0
LIMIT 2
[16:58:13 INF] Executed DbCommand (0ms) [Parameters=[@__runtime_DemandId_0='?' (Size = 36)], CommandType='Text', CommandTimeout='30']
SELECT "a"."DemandId", "a"."AcceptedAt", "a"."CatalogRevision", "a"."CreatedAt", "a"."DemandRevision", "a"."Generation", "a"."HistoryEpoch", "a"."LiveMesFieldsJson", "a"."SeriesId", "a"."Status", "a"."Sublot", "a"."TransportDemandKey", "a"."ValueObservedAt", "a"."ValuePollTraceId", "a"."ValueProjectionCommitId", "a"."WorkType"
FROM "AcceptedDemands" AS "a"
WHERE "a"."DemandId" = @__runtime_DemandId_0
LIMIT 2
[16:58:13 INF] Executed DbCommand (0ms) [Parameters=[@p1='?' (Size = 36), @p0='?' (DbType = DateTimeOffset)], CommandType='Text', CommandTimeout='30']
UPDATE "ProtocolOutbox" SET "AcknowledgedAt" = @p0
WHERE "MessageId" = @p1
RETURNING 1;
[16:58:13 INF] Executed DbCommand (0ms) [Parameters=[@p0='?' (Size = 36), @p1='?' (Size = 64), @p2='?', @p3='?' (Size = 18), @p4='?' (DbType = DateTimeOffset), @p5='?' (Size = 630)], CommandType='Text', CommandTimeout='30']
INSERT INTO "ProtocolInbox" ("MessageId", "ContentHash", "FirstResponseJson", "MessageType", "ReceivedAt", "RequestJson")
VALUES (@p0, @p1, @p2, @p3, @p4, @p5);
[16:58:13 INF] Executed DbCommand (0ms) [Parameters=[@__messageId_0='?' (Size = 36)], CommandType='Text', CommandTimeout='30']
SELECT "p"."MessageId", "p"."AcknowledgedAt", "p"."CreatedAt", "p"."FencedAt", "p"."MessageType", "p"."PayloadJson"
FROM "ProtocolOutbox" AS "p"
WHERE "p"."MessageId" = @__messageId_0
LIMIT 2
[16:58:13 INF] Executed DbCommand (0ms) [Parameters=[@__messageId_0='?' (Size = 36)], CommandType='Text', CommandTimeout='30']
SELECT "p"."MessageId", "p"."AcknowledgedAt", "p"."CreatedAt", "p"."FencedAt", "p"."MessageType", "p"."PayloadJson"
FROM "ProtocolOutbox" AS "p"
WHERE "p"."MessageId" = @__messageId_0
LIMIT 2
[16:58:13 INF] Executed DbCommand (1ms) [Parameters=[@p0='?' (Size = 36), @p1='?' (DbType = DateTimeOffset), @p2='?' (DbType = DateTimeOffset), @p3='?' (DbType = DateTimeOffset), @p4='?' (Size = 28), @p5='?' (Size = 731)], CommandType='Text', CommandTimeout='30']
INSERT INTO "ProtocolOutbox" ("MessageId", "AcknowledgedAt", "CreatedAt", "FencedAt", "MessageType", "PayloadJson")
VALUES (@p0, @p1, @p2, @p3, @p4, @p5);
[16:58:13 INF] Executed DbCommand (0ms) [Parameters=[@__messageId_0='?' (Size = 36)], CommandType='Text', CommandTimeout='30']
SELECT "p"."MessageId", "p"."AcknowledgedAt", "p"."CreatedAt", "p"."FencedAt", "p"."MessageType", "p"."PayloadJson"
FROM "ProtocolOutbox" AS "p"
WHERE "p"."MessageId" = @__messageId_0
LIMIT 2
[16:58:13 INF] Executed DbCommand (0ms) [Parameters=[@__messageId_0='?' (Size = 36)], CommandType='Text', CommandTimeout='30']
SELECT "p"."MessageId", "p"."AcknowledgedAt", "p"."CreatedAt", "p"."FencedAt", "p"."MessageType", "p"."PayloadJson"
FROM "ProtocolOutbox" AS "p"
WHERE "p"."MessageId" = @__messageId_0
LIMIT 2
[16:58:13 INF] Executed DbCommand (0ms) [Parameters=[@p1='?' (Size = 36), @p0='?' (DbType = DateTimeOffset)], CommandType='Text', CommandTimeout='30']
UPDATE "JourneyRuntimes" SET "StationDepartureWaitStartedAt" = @p0
WHERE "DemandId" = @p1
RETURNING 1;
[16:58:13 INF] Executed DbCommand (0ms) [Parameters=[@p0='?' (Size = 36), @p1='?' (DbType = DateTimeOffset), @p2='?' (DbType = DateTimeOffset), @p3='?' (DbType = DateTimeOffset), @p4='?' (Size = 27), @p5='?' (Size = 804)], CommandType='Text', CommandTimeout='30']
INSERT INTO "ProtocolOutbox" ("MessageId", "AcknowledgedAt", "CreatedAt", "FencedAt", "MessageType", "PayloadJson")
VALUES (@p0, @p1, @p2, @p3, @p4, @p5);
[16:58:13 INF] Executed DbCommand (0ms) [Parameters=[@__messageId_0='?' (Size = 36)], CommandType='Text', CommandTimeout='30']
SELECT "p"."MessageId", "p"."ContentHash", "p"."FirstResponseJson", "p"."MessageType", "p"."ReceivedAt", "p"."RequestJson"
FROM "ProtocolInbox" AS "p"
WHERE "p"."MessageId" = @__messageId_0
LIMIT 2
[16:58:13 INF] Executed DbCommand (0ms) [Parameters=[@__messageId_0='?' (Size = 36)], CommandType='Text', CommandTimeout='30']
SELECT "p"."MessageId", "p"."AcknowledgedAt", "p"."CreatedAt", "p"."FencedAt", "p"."MessageType", "p"."PayloadJson"
FROM "ProtocolOutbox" AS "p"
WHERE "p"."MessageId" = @__messageId_0
LIMIT 2
[16:58:13 INF] Executed DbCommand (0ms) [Parameters=[@p1='?' (Size = 36), @p0='?' (DbType = DateTimeOffset)], CommandType='Text', CommandTimeout='30']
UPDATE "ProtocolOutbox" SET "AcknowledgedAt" = @p0
WHERE "MessageId" = @p1
RETURNING 1;
[16:58:13 INF] Executed DbCommand (0ms) [Parameters=[@__messageId_0='?' (Size = 36)], CommandType='Text', CommandTimeout='30']
SELECT "p"."MessageId", "p"."AcknowledgedAt", "p"."CreatedAt", "p"."FencedAt", "p"."MessageType", "p"."PayloadJson"
FROM "ProtocolOutbox" AS "p"
WHERE "p"."MessageId" = @__messageId_0 AND "p"."AcknowledgedAt" IS NULL AND "p"."FencedAt" IS NULL
LIMIT 2
[16:58:13 INF] Executed DbCommand (0ms) [Parameters=[@p0='?' (Size = 36), @p1='?' (Size = 64), @p2='?', @p3='?' (Size = 18), @p4='?' (DbType = DateTimeOffset), @p5='?' (Size = 634)], CommandType='Text', CommandTimeout='30']
INSERT INTO "ProtocolInbox" ("MessageId", "ContentHash", "FirstResponseJson", "MessageType", "ReceivedAt", "RequestJson")
VALUES (@p0, @p1, @p2, @p3, @p4, @p5);
[16:58:13 INF] Executed DbCommand (0ms) [Parameters=[@__messageId_0='?' (Size = 36)], CommandType='Text', CommandTimeout='30']
SELECT "p"."MessageId", "p"."AcknowledgedAt", "p"."CreatedAt", "p"."FencedAt", "p"."MessageType", "p"."PayloadJson"
FROM "ProtocolOutbox" AS "p"
WHERE "p"."MessageId" = @__messageId_0
LIMIT 2
[16:58:13 INF] Executed DbCommand (0ms) [Parameters=[@__messageId_0='?' (Size = 36)], CommandType='Text', CommandTimeout='30']
SELECT "p"."MessageId", "p"."AcknowledgedAt", "p"."CreatedAt", "p"."FencedAt", "p"."MessageType", "p"."PayloadJson"
FROM "ProtocolOutbox" AS "p"
WHERE "p"."MessageId" = @__messageId_0
LIMIT 2
[16:58:13 INF] Executed DbCommand (1ms) [Parameters=[@p0='?' (Size = 36), @p1='?' (DbType = DateTimeOffset), @p2='?' (DbType = DateTimeOffset), @p3='?' (DbType = DateTimeOffset), @p4='?' (Size = 24), @p5='?' (Size = 953)], CommandType='Text', CommandTimeout='30']
INSERT INTO "ProtocolOutbox" ("MessageId", "AcknowledgedAt", "CreatedAt", "FencedAt", "MessageType", "PayloadJson")
VALUES (@p0, @p1, @p2, @p3, @p4, @p5);
[16:58:13 INF] Executed DbCommand (0ms) [Parameters=[@__messageId_0='?' (Size = 36)], CommandType='Text', CommandTimeout='30']
SELECT "p"."MessageId", "p"."ContentHash", "p"."FirstResponseJson", "p"."MessageType", "p"."ReceivedAt", "p"."RequestJson"
FROM "ProtocolInbox" AS "p"
WHERE "p"."MessageId" = @__messageId_0
LIMIT 2
[16:58:13 INF] Start processing HTTP request GET http://127.0.0.1:48408/api/task/v1/task/getVehicleInfo/BROKERX-L2-0001
[16:58:13 INF] Executed DbCommand (0ms) [Parameters=[@__messageId_0='?' (Size = 36)], CommandType='Text', CommandTimeout='30']
SELECT "p"."MessageId", "p"."AcknowledgedAt", "p"."CreatedAt", "p"."FencedAt", "p"."MessageType", "p"."PayloadJson"
FROM "ProtocolOutbox" AS "p"
WHERE "p"."MessageId" = @__messageId_0
LIMIT 2
[16:58:13 INF] Sending HTTP request GET http://127.0.0.1:48408/api/task/v1/task/getVehicleInfo/BROKERX-L2-0001
[16:58:13 INF] Executed DbCommand (0ms) [Parameters=[@__messageId_0='?' (Size = 36)], CommandType='Text', CommandTimeout='30']
SELECT "p"."MessageId", "p"."AcknowledgedAt", "p"."CreatedAt", "p"."FencedAt", "p"."MessageType", "p"."PayloadJson"
FROM "ProtocolOutbox" AS "p"
WHERE "p"."MessageId" = @__messageId_0
LIMIT 2
[16:58:13 INF] Received HTTP response headers after 1.2796ms - 200
[16:58:13 INF] Executed DbCommand (0ms) [Parameters=[@p1='?' (Size = 36), @p0='?' (DbType = DateTimeOffset)], CommandType='Text', CommandTimeout='30']
UPDATE "ProtocolOutbox" SET "AcknowledgedAt" = @p0
WHERE "MessageId" = @p1
RETURNING 1;
[16:58:13 INF] End processing HTTP request after 3.2414ms - 200
[16:58:13 INF] Executed DbCommand (0ms) [Parameters=[@p0='?' (Size = 36), @p1='?' (Size = 64), @p2='?', @p3='?' (Size = 18), @p4='?' (DbType = DateTimeOffset), @p5='?' (Size = 633)], CommandType='Text', CommandTimeout='30']
INSERT INTO "ProtocolInbox" ("MessageId", "ContentHash", "FirstResponseJson", "MessageType", "ReceivedAt", "RequestJson")
VALUES (@p0, @p1, @p2, @p3, @p4, @p5);
[16:58:13 INF] Start processing HTTP request GET http://127.0.0.1:48408/api/order/v1/orderRecord?pageNum=1&pageSize=100&filterByState=1&filterByState=3&filterByState=7&filterByState=9
[16:58:13 INF] Executed DbCommand (0ms) [Parameters=[@__messageId_0='?' (Size = 36)], CommandType='Text', CommandTimeout='30']
SELECT "p"."MessageId", "p"."AcknowledgedAt", "p"."CreatedAt", "p"."FencedAt", "p"."MessageType", "p"."PayloadJson"
FROM "ProtocolOutbox" AS "p"
WHERE "p"."MessageId" = @__messageId_0
LIMIT 2
[16:58:13 INF] Sending HTTP request GET http://127.0.0.1:48408/api/order/v1/orderRecord?pageNum=1&pageSize=100&filterByState=1&filterByState=3&filterByState=7&filterByState=9
[16:58:13 INF] Executed DbCommand (1ms) [Parameters=[@p0='?' (Size = 36), @p1='?' (DbType = DateTimeOffset), @p2='?' (DbType = DateTimeOffset), @p3='?' (DbType = DateTimeOffset), @p4='?' (Size = 20), @p5='?' (Size = 614)], CommandType='Text', CommandTimeout='30']
INSERT INTO "ProtocolOutbox" ("MessageId", "AcknowledgedAt", "CreatedAt", "FencedAt", "MessageType", "PayloadJson")
VALUES (@p0, @p1, @p2, @p3, @p4, @p5);
[16:58:13 INF] Received HTTP response headers after 1.4912ms - 200
[16:58:13 INF] End processing HTTP request after 5.0259ms - 200
[16:58:13 INF] HTTP GET /api/onboard/v1/vehicle-safety responded 200 in 10.5475 ms
[16:58:13 INF] Executed DbCommand (0ms) [Parameters=[@p2='?' (Size = 36), @p0='?' (Size = 14), @p1='?' (DbType = DateTimeOffset)], CommandType='Text', CommandTimeout='30']
UPDATE "JourneyRuntimes" SET "Stage" = @p0, "UpdatedAt" = @p1
WHERE "DemandId" = @p2
RETURNING 1;
[16:58:13 INF] Executed DbCommand (0ms) [Parameters=[@__messageId_0='?' (Size = 36)], CommandType='Text', CommandTimeout='30']
SELECT "p"."MessageId", "p"."ContentHash", "p"."FirstResponseJson", "p"."MessageType", "p"."ReceivedAt", "p"."RequestJson"
FROM "ProtocolInbox" AS "p"
WHERE "p"."MessageId" = @__messageId_0
LIMIT 2
[16:58:13 INF] Executed DbCommand (0ms) [Parameters=[@__messageId_0='?' (Size = 36)], CommandType='Text', CommandTimeout='30']
SELECT "p"."MessageId", "p"."AcknowledgedAt", "p"."CreatedAt", "p"."FencedAt", "p"."MessageType", "p"."PayloadJson"
FROM "ProtocolOutbox" AS "p"
WHERE "p"."MessageId" = @__messageId_0
LIMIT 2
[16:58:13 INF] Executed DbCommand (0ms) [Parameters=[@p1='?' (Size = 36), @p0='?' (DbType = DateTimeOffset)], CommandType='Text', CommandTimeout='30']
UPDATE "ProtocolOutbox" SET "AcknowledgedAt" = @p0
WHERE "MessageId" = @p1
RETURNING 1;
[16:58:13 INF] Executed DbCommand (0ms) [Parameters=[@p0='?' (Size = 36), @p1='?' (Size = 64), @p2='?', @p3='?' (Size = 18), @p4='?' (DbType = DateTimeOffset), @p5='?' (Size = 630)], CommandType='Text', CommandTimeout='30']
INSERT INTO "ProtocolInbox" ("MessageId", "ContentHash", "FirstResponseJson", "MessageType", "ReceivedAt", "RequestJson")
VALUES (@p0, @p1, @p2, @p3, @p4, @p5);
[16:58:13 INF] Executed DbCommand (0ms) [Parameters=[@__messageId_0='?' (Size = 36)], CommandType='Text', CommandTimeout='30']
SELECT "p"."MessageId", "p"."ContentHash", "p"."FirstResponseJson", "p"."MessageType", "p"."ReceivedAt", "p"."RequestJson"
FROM "ProtocolInbox" AS "p"
WHERE "p"."MessageId" = @__messageId_0
LIMIT 2
[16:58:13 INF] Executed DbCommand (0ms) [Parameters=[@p0='?' (Size = 36), @p1='?' (Size = 64), @p2='?' (Size = 536), @p3='?' (Size = 9), @p4='?' (DbType = DateTimeOffset), @p5='?' (Size = 427)], CommandType='Text', CommandTimeout='30']
INSERT INTO "ProtocolInbox" ("MessageId", "ContentHash", "FirstResponseJson", "MessageType", "ReceivedAt", "RequestJson")
VALUES (@p0, @p1, @p2, @p3, @p4, @p5);
[16:58:13 INF] Executed DbCommand (0ms) [Parameters=[@__messageId_0='?' (Size = 36)], CommandType='Text', CommandTimeout='30']
SELECT "p"."MessageId", "p"."ContentHash", "p"."FirstResponseJson", "p"."MessageType", "p"."ReceivedAt", "p"."RequestJson"
FROM "ProtocolInbox" AS "p"
WHERE "p"."MessageId" = @__messageId_0
LIMIT 2
[16:58:13 INF] Executed DbCommand (0ms) [Parameters=[@p0='?' (Size = 36), @p1='?' (Size = 64), @p2='?' (Size = 663), @p3='?' (Size = 15), @p4='?' (DbType = DateTimeOffset), @p5='?' (Size = 679)], CommandType='Text', CommandTimeout='30']
INSERT INTO "ProtocolInbox" ("MessageId", "ContentHash", "FirstResponseJson", "MessageType", "ReceivedAt", "RequestJson")
VALUES (@p0, @p1, @p2, @p3, @p4, @p5);
[16:58:13 INF] Start processing HTTP request GET http://127.0.0.1:48408/api/imap/v1/mapInfo/stations/25
[16:58:13 INF] Sending HTTP request GET http://127.0.0.1:48408/api/imap/v1/mapInfo/stations/25
[16:58:13 INF] Received HTTP response headers after 0.6229ms - 200
[16:58:13 INF] End processing HTTP request after 2.0798ms - 200
[16:58:13 INF] Executed DbCommand (0ms) [Parameters=[@__mapId_0='?' (DbType = Int32)], CommandType='Text', CommandTimeout='30']
SELECT "t"."MapId", "t"."ActiveVersion", "t"."PendingVersion", "t"."State", "t"."UpdatedAt"
FROM "TaskTypeStationActiveBindingSets" AS "t"
WHERE "t"."MapId" = @__mapId_0
LIMIT 2
[16:58:13 INF] Executed DbCommand (0ms) [Parameters=[@__mapId_0='?' (DbType = Int32), @__version_1='?' (DbType = Int64)], CommandType='Text', CommandTimeout='30']
SELECT "t"."MapId", "t"."Version", "t"."CatalogRevision", "t"."ContentSha256", "t"."LoadedAt", "t"."RuleVersion", "t"."SnapshotId", "t"."Source"
FROM "TaskTypeStationBindingSetVersions" AS "t"
WHERE "t"."MapId" = @__mapId_0 AND "t"."Version" = @__version_1
LIMIT 2
[16:58:13 INF] Executed DbCommand (0ms) [Parameters=[@__mapId_0='?' (DbType = Int32), @__version_1='?' (DbType = Int64)], CommandType='Text', CommandTimeout='30']
SELECT "t"."TaskType"
FROM "TaskTypeStationRequirements" AS "t"
WHERE "t"."MapId" = @__mapId_0 AND "t"."Version" = @__version_1
[16:58:13 INF] Executed DbCommand (0ms) [Parameters=[@__mapId_0='?' (DbType = Int32), @__version_1='?' (DbType = Int64)], CommandType='Text', CommandTimeout='30']
SELECT "t"."MapId", "t"."Version", "t"."TaskType", "t"."SiteVerificationRef", "t"."StationName", "t"."StationRiotId"
FROM "TaskTypeStationBindings" AS "t"
WHERE "t"."MapId" = @__mapId_0 AND "t"."Version" = @__version_1
[16:58:13 INF] Executed DbCommand (0ms) [Parameters=[@__version_0='?' (DbType = Int64)], CommandType='Text', CommandTimeout='30']
SELECT "t"."Version", "t"."ContentSha256", "t"."LoadedAt", "t"."SnapshotId", "t"."Source"
FROM "TaskTypeStationRuleVersions" AS "t"
WHERE "t"."Version" = @__version_0
LIMIT 2
[16:58:13 INF] Executed DbCommand (0ms) [Parameters=[@__version_0='?' (DbType = Int64)], CommandType='Text', CommandTimeout='30']
SELECT "t"."Version", "t"."TaskType", "t"."FixedEnd"
FROM "TaskTypeStationRules" AS "t"
WHERE "t"."Version" = @__version_0
[16:58:13 INF] Executed DbCommand (0ms) [Parameters=[@__mapId_0='?' (DbType = Int32)], CommandType='Text', CommandTimeout='30']
SELECT "t"."MapId", "t"."ActiveVersion", "t"."PendingVersion", "t"."State", "t"."UpdatedAt"
FROM "TaskTypeStationActiveBindingSets" AS "t"
WHERE "t"."MapId" = @__mapId_0
LIMIT 2
[16:58:13 INF] Executed DbCommand (0ms) [Parameters=[@__mapId_0='?' (DbType = Int32)], CommandType='Text', CommandTimeout='30']
SELECT "t"."HoldId", "t"."DetailJson", "t"."MapId", "t"."RaisedAt", "t"."RaisedBy", "t"."ReasonCode", "t"."ReleasedAt", "t"."ReleasedBy", "t"."Source", "t"."TaskType"
FROM "TaskTypeStationHolds" AS "t"
WHERE "t"."MapId" = @__mapId_0 AND "t"."ReleasedAt" IS NULL
[16:58:13 INF] Executed DbCommand (0ms) [Parameters=[@__mapId_0='?' (DbType = Int32)], CommandType='Text', CommandTimeout='30']
SELECT "m"."MapId", "m"."ApprovedMaxUnconfirmedSeconds", "m"."ApprovedSyncPeriodSeconds", "m"."CatalogRevision", "m"."LastAttemptAt", "m"."LastCompleteConfirmationAt", "m"."LastFailureReason", "m"."State", "m"."UpdatedAt"
FROM "MapStationCatalogStates" AS "m"
WHERE "m"."MapId" = @__mapId_0
LIMIT 2
[16:58:13 INF] Executed DbCommand (0ms) [Parameters=[@p3='?' (DbType = Int32), @p0='?' (DbType = DateTimeOffset), @p1='?' (DbType = DateTimeOffset), @p2='?' (DbType = DateTimeOffset)], CommandType='Text', CommandTimeout='30']
UPDATE "MapStationCatalogStates" SET "LastAttemptAt" = @p0, "LastCompleteConfirmationAt" = @p1, "UpdatedAt" = @p2
WHERE "MapId" = @p3
RETURNING 1;
[16:58:13 INF] Executed DbCommand (0ms) [Parameters=[@__mapId_0='?' (DbType = Int32)], CommandType='Text', CommandTimeout='30']
SELECT "t"."MapId", "t"."ActiveVersion", "t"."PendingVersion", "t"."State", "t"."UpdatedAt"
FROM "TaskTypeStationActiveBindingSets" AS "t"
WHERE "t"."MapId" = @__mapId_0
LIMIT 2
[16:58:13 INF] Executed DbCommand (0ms) [Parameters=[@__mapId_0='?' (DbType = Int32), @__version_1='?' (DbType = Int64)], CommandType='Text', CommandTimeout='30']
SELECT "t"."MapId", "t"."Version", "t"."CatalogRevision", "t"."ContentSha256", "t"."LoadedAt", "t"."RuleVersion", "t"."SnapshotId", "t"."Source"
FROM "TaskTypeStationBindingSetVersions" AS "t"
WHERE "t"."MapId" = @__mapId_0 AND "t"."Version" = @__version_1
LIMIT 2
[16:58:13 INF] Executed DbCommand (0ms) [Parameters=[@__mapId_0='?' (DbType = Int32), @__version_1='?' (DbType = Int64)], CommandType='Text', CommandTimeout='30']
SELECT "t"."TaskType"
FROM "TaskTypeStationRequirements" AS "t"
WHERE "t"."MapId" = @__mapId_0 AND "t"."Version" = @__version_1
[16:58:13 INF] Executed DbCommand (0ms) [Parameters=[@__mapId_0='?' (DbType = Int32), @__version_1='?' (DbType = Int64)], CommandType='Text', CommandTimeout='30']
SELECT "t"."MapId", "t"."Version", "t"."TaskType", "t"."SiteVerificationRef", "t"."StationName", "t"."StationRiotId"
FROM "TaskTypeStationBindings" AS "t"
WHERE "t"."MapId" = @__mapId_0 AND "t"."Version" = @__version_1
[16:58:13 INF] Executed DbCommand (0ms) [Parameters=[@__version_0='?' (DbType = Int64)], CommandType='Text', CommandTimeout='30']
SELECT "t"."Version", "t"."ContentSha256", "t"."LoadedAt", "t"."SnapshotId", "t"."Source"
FROM "TaskTypeStationRuleVersions" AS "t"
WHERE "t"."Version" = @__version_0
LIMIT 2
[16:58:13 INF] Executed DbCommand (0ms) [Parameters=[@__version_0='?' (DbType = Int64)], CommandType='Text', CommandTimeout='30']
SELECT "t"."Version", "t"."TaskType", "t"."FixedEnd"
FROM "TaskTypeStationRules" AS "t"
WHERE "t"."Version" = @__version_0
[16:58:13 INF] Executed DbCommand (0ms) [Parameters=[], CommandType='Text', CommandTimeout='30']
SELECT "a"."Id", "a"."ContentHash", "a"."DeploymentId", "a"."ImportedAt", "a"."Version"
FROM "AdmissionPolicyState" AS "a"
WHERE "a"."Id" = 1
LIMIT 2
[16:58:13 INF] Executed DbCommand (0ms) [Parameters=[], CommandType='Text', CommandTimeout='30']
SELECT "j"."DemandId", "j"."AgvId", "j"."AgvLifecycleGeneration", "j"."BlockReasonCode", "j"."BlockReasonSince", "j"."ConsumedSafetyResultMessageId", "j"."ConsumedSublotMessageId", "j"."CreatedAt", "j"."DispatchGeneration", "j"."DispatchZone", "j"."ExpectedBasketCount", "j"."GateMovementLegId", "j"."GatePlanMessageId", "j"."GateStationId", "j"."GateStationRiotId", "j"."GateUpperId", "j"."GateVehicleBusinessMessageId", "j"."GateWorklistMessageId", "j"."LoadCommandMessageId", "j"."LoadSlotOperationAttemptId", "j"."MapId", "j"."MapIdentity", "j"."OperationSessionId", "j"."PickupMovementLegId", "j"."PickupStationId", "j"."PickupStationRiotId", "j"."PickupUpperId", "j"."PlanMessageId", "j"."PlanRevision", "j"."PreDepartureSafetyCheckId", "j"."PreDepartureSafetyCheckMessageId", "j"."RouteEvidenceId", "j"."Stage", "j"."StationDepartureWaitStartedAt", "j"."SublotRequestMessageId", "j"."TargetSlotsJson", "j"."UnloadCommandMessageId", "j"."UnloadSlotOperationAttemptId", "j"."UpdatedAt", "j"."VehicleBusinessMessageId", "j"."VehicleBusinessRevision", "j"."VehicleKey", "j"."WorklistMessageId", "j"."WorklistRevision"
FROM "JourneyRuntimes" AS "j"
WHERE "j"."Stage" <> 'Completed'
[16:58:13 INF] Executed DbCommand (0ms) [Parameters=[@__agvId_0='?' (Size = 10)], CommandType='Text', CommandTimeout='30']
SELECT "s"."AgvId", "s"."ActiveUnlockSlotsJson", "s"."CapabilityHash", "s"."CapabilityRevision", "s"."DepartureSafe", "s"."ForcedRecoveryGeneration", "s"."ManifestSha256", "s"."PendingAttemptIdsJson", "s"."PendingResultIdsJson", "s"."ProfileId", "s"."ProtocolCommit", "s"."ProtocolVersion", "s"."ProvenRecoveryCheckpoint", "s"."Readiness", "s"."ReasonCode", "s"."RecoveryReportId", "s"."ReportedForcedRecoveryGeneration", "s"."ReportedSlotConfigurationFingerprint", "s"."SafetyHash", "s"."SafetyReasonCodesJson", "s"."SafetyRevision", "s"."SafetyUnknownPresent", "s"."SessionGeneration", "s"."UnsettledSlotOperationAttemptId", "s"."UpdatedAt"
FROM "SessionRecoveries" AS "s"
WHERE "s"."AgvId" = @__agvId_0 AND "s"."Readiness" = 'Ready'
LIMIT 2
[16:58:13 INF] Executed DbCommand (0ms) [Parameters=[], CommandType='Text', CommandTimeout='30']
SELECT "p"."MessageId", "p"."AcknowledgedAt", "p"."CreatedAt", "p"."FencedAt", "p"."MessageType", "p"."PayloadJson"
FROM "ProtocolOutbox" AS "p"
WHERE "p"."AcknowledgedAt" IS NULL AND "p"."FencedAt" IS NULL
[16:58:13 INF] Executed DbCommand (1ms) [Parameters=[@__operationSessionId_0='?' (Size = 36)], CommandType='Text', CommandTimeout='30']
SELECT "p"."MessageId", "p"."ContentHash", "p"."FirstResponseJson", "p"."MessageType", "p"."ReceivedAt", "p"."RequestJson"
FROM "ProtocolInbox" AS "p"
WHERE "p"."MessageType" = 'SublotSubmitted' AND instr("p"."RequestJson", @__operationSessionId_0) > 0
[16:58:13 INF] Executed DbCommand (0ms) [Parameters=[@__submissionId_0='?' (Size = 36)], CommandType='Text', CommandTimeout='30']
SELECT "p"."PayloadJson"
FROM "ProtocolOutbox" AS "p"
WHERE "p"."MessageType" = 'SublotRejected' AND instr("p"."PayloadJson", @__submissionId_0) > 0
[16:58:13 INF] Executed DbCommand (0ms) [Parameters=[@__demandId_0='?' (Size = 36)], CommandType='Text', CommandTimeout='30']
SELECT EXISTS (
    SELECT 1
    FROM "RecoveryWorkflows" AS "r"
    WHERE "r"."DemandId" = @__demandId_0 AND "r"."WorkflowType" = 'LOAD_CANCELLATION' AND "r"."State" = 'AwaitingResult')
[16:58:14 INF] Executed DbCommand (0ms) [Parameters=[@__runtime_DemandId_0='?' (Size = 36)], CommandType='Text', CommandTimeout='30']
SELECT "a"."DemandId", "a"."AcceptedAt", "a"."CatalogRevision", "a"."CreatedAt", "a"."DemandRevision", "a"."Generation", "a"."HistoryEpoch", "a"."LiveMesFieldsJson", "a"."SeriesId", "a"."Status", "a"."Sublot", "a"."TransportDemandKey", "a"."ValueObservedAt", "a"."ValuePollTraceId", "a"."ValueProjectionCommitId", "a"."WorkType"
FROM "AcceptedDemands" AS "a"
WHERE "a"."DemandId" = @__runtime_DemandId_0
[16:58:14 INF] Executed DbCommand (0ms) [Parameters=[@__stationId_0='?' (Size = 9), @__taskType_1='?' (Size = 12)], CommandType='Text', CommandTimeout='30']
SELECT EXISTS (
    SELECT 1
    FROM "StationTaskTypeAdmissions" AS "s"
    WHERE "s"."StationId" = @__stationId_0 AND "s"."TaskType" = @__taskType_1)
[16:58:14 INF] Executed DbCommand (0ms) [Parameters=[], CommandType='Text', CommandTimeout='30']
SELECT "p"."RuleId", "p"."EffectiveAt", "p"."MatchType", "p"."MaxBoxesPerBasket", "p"."Pattern", "p"."Source", "p"."SupersededAt", "p"."Version"
FROM "PackageCapacityRules" AS "p"
WHERE "p"."SupersededAt" IS NULL
[16:58:14 INF] Executed DbCommand (0ms) [Parameters=[@__package_0='?' (Size = 10)], CommandType='Text', CommandTimeout='30']
SELECT "m"."Package", "m"."FirstSeenAt", "m"."LastSeenAt", "m"."Status"
FROM "MissingPackages" AS "m"
WHERE "m"."Package" = @__package_0
LIMIT 2
[16:58:14 INF] Start processing HTTP request GET http://127.0.0.1:48409/api/v2/sublot-box-count?sublot=H119-20260919T085721618Z
[16:58:14 INF] Sending HTTP request GET http://127.0.0.1:48409/api/v2/sublot-box-count?sublot=H119-20260919T085721618Z
[16:58:14 INF] Received HTTP response headers after 1.708ms - 200
[16:58:14 INF] End processing HTTP request after 2.8756ms - 200
[16:58:14 INF] Executed DbCommand (0ms) [Parameters=[@__runtime_DemandId_0='?' (Size = 36)], CommandType='Text', CommandTimeout='30']
SELECT "a"."DemandId", "a"."AcceptedAt", "a"."CatalogRevision", "a"."CreatedAt", "a"."DemandRevision", "a"."Generation", "a"."HistoryEpoch", "a"."LiveMesFieldsJson", "a"."SeriesId", "a"."Status", "a"."Sublot", "a"."TransportDemandKey", "a"."ValueObservedAt", "a"."ValuePollTraceId", "a"."ValueProjectionCommitId", "a"."WorkType"
FROM "AcceptedDemands" AS "a"
WHERE "a"."DemandId" = @__runtime_DemandId_0
LIMIT 2
[16:58:14 INF] Executed DbCommand (0ms) [Parameters=[@__messageId_0='?' (Size = 36)], CommandType='Text', CommandTimeout='30']
SELECT "p"."MessageId", "p"."AcknowledgedAt", "p"."CreatedAt", "p"."FencedAt", "p"."MessageType", "p"."PayloadJson"
FROM "ProtocolOutbox" AS "p"
WHERE "p"."MessageId" = @__messageId_0
LIMIT 2
[16:58:14 INF] Executed DbCommand (0ms) [Parameters=[@__plan_SlotOperationAttemptId_0='?' (Size = 36)], CommandType='Text', CommandTimeout='30']
SELECT "s"."SlotOperationAttemptId", "s"."CommittedAt", "s"."ContentHash", "s"."CreatedAt", "s"."DemandId", "s"."EvidenceJson", "s"."ForcedRecoveryGeneration", "s"."OperationType", "s"."Status", "s"."SublotId", "s"."TargetSlotsJson"
FROM "StationOperations" AS "s"
WHERE "s"."SlotOperationAttemptId" = @__plan_SlotOperationAttemptId_0
LIMIT 2
[16:58:14 INF] Executed DbCommand (0ms) [Parameters=[@__messageId_0='?' (Size = 36)], CommandType='Text', CommandTimeout='30']
SELECT EXISTS (
    SELECT 1
    FROM "ProtocolOutbox" AS "p"
    WHERE "p"."MessageId" = @__messageId_0)
[16:58:14 INF] Executed DbCommand (0ms) [Parameters=[], CommandType='Text', CommandTimeout='30']
SELECT "a"."Id", "a"."ContentHash", "a"."DeploymentId", "a"."ImportedAt", "a"."Version"
FROM "AdmissionPolicyState" AS "a"
WHERE "a"."Id" = 1
LIMIT 2
[16:58:14 INF] Executed DbCommand (0ms) [Parameters=[@__plan_AdmissionStationId_0='?' (Size = 9), @__plan_AdmissionTaskType_1='?' (Size = 12)], CommandType='Text', CommandTimeout='30']
SELECT EXISTS (
    SELECT 1
    FROM "StationTaskTypeAdmissions" AS "s"
    WHERE "s"."StationId" = @__plan_AdmissionStationId_0 AND "s"."TaskType" = @__plan_AdmissionTaskType_1)
[16:58:14 INF] Executed DbCommand (0ms) [Parameters=[@p0='?' (Size = 36), @p1='?' (DbType = Int64), @p2='?' (DbType = DateTimeOffset), @p3='?' (DbType = Boolean), @p4='?' (Size = 9), @p5='?' (Size = 12)], CommandType='Text', CommandTimeout='30']
INSERT INTO "AdmissionDecisionSnapshots" ("SlotOperationAttemptId", "AdmissionPolicyVersion", "AdmittedAt", "Allowed", "StationId", "TaskType")
VALUES (@p0, @p1, @p2, @p3, @p4, @p5);
[16:58:14 INF] Executed DbCommand (0ms) [Parameters=[@p0='?' (Size = 36), @p1='?' (DbType = DateTimeOffset), @p2='?' (DbType = DateTimeOffset), @p3='?' (DbType = DateTimeOffset), @p4='?' (Size = 20), @p5='?' (Size = 790)], CommandType='Text', CommandTimeout='30']
INSERT INTO "ProtocolOutbox" ("MessageId", "AcknowledgedAt", "CreatedAt", "FencedAt", "MessageType", "PayloadJson")
VALUES (@p0, @p1, @p2, @p3, @p4, @p5);
[16:58:14 INF] Executed DbCommand (0ms) [Parameters=[@p0='?' (Size = 36), @p1='?' (DbType = DateTimeOffset), @p2='?' (Size = 64), @p3='?' (DbType = DateTimeOffset), @p4='?' (Size = 36), @p5='?', @p6='?' (DbType = Int64), @p7='?' (Size = 4), @p8='?' (Size = 8), @p9='?' (Size = 24), @p10='?' (Size = 3)], CommandType='Text', CommandTimeout='30']
INSERT INTO "StationOperations" ("SlotOperationAttemptId", "CommittedAt", "ContentHash", "CreatedAt", "DemandId", "EvidenceJson", "ForcedRecoveryGeneration", "OperationType", "Status", "SublotId", "TargetSlotsJson")
VALUES (@p0, @p1, @p2, @p3, @p4, @p5, @p6, @p7, @p8, @p9, @p10);
[16:58:14 INF] Executed DbCommand (0ms) [Parameters=[@__messageId_0='?' (Size = 36)], CommandType='Text', CommandTimeout='30']
SELECT "p"."MessageId", "p"."AcknowledgedAt", "p"."CreatedAt", "p"."FencedAt", "p"."MessageType", "p"."PayloadJson"
FROM "ProtocolOutbox" AS "p"
WHERE "p"."MessageId" = @__messageId_0
LIMIT 2
[16:58:14 INF] Executed DbCommand (0ms) [Parameters=[@p1='?' (Size = 36), @p0='?' (Size = 36)], CommandType='Text', CommandTimeout='30']
UPDATE "JourneyRuntimes" SET "ConsumedSublotMessageId" = @p0
WHERE "DemandId" = @p1
RETURNING 1;
[16:58:14 INF] Executed DbCommand (0ms) [Parameters=[@p1='?' (Size = 36), @p0='?' (DbType = DateTimeOffset)], CommandType='Text', CommandTimeout='30']
UPDATE "ProtocolOutbox" SET "AcknowledgedAt" = @p0
WHERE "MessageId" = @p1
RETURNING 1;
[16:58:14 INF] Executed DbCommand (0ms) [Parameters=[@p2='?' (Size = 36), @p0='?' (Size = 18), @p1='?' (DbType = DateTimeOffset)], CommandType='Text', CommandTimeout='30']
UPDATE "JourneyRuntimes" SET "Stage" = @p0, "UpdatedAt" = @p1
WHERE "DemandId" = @p2
RETURNING 1;
[16:58:14 INF] Start processing HTTP request GET http://127.0.0.1:48408/api/task/v1/task/getVehicleInfo/BROKERX-L2-0001
[16:58:14 INF] Sending HTTP request GET http://127.0.0.1:48408/api/task/v1/task/getVehicleInfo/BROKERX-L2-0001
[16:58:14 INF] Received HTTP response headers after 0.9697ms - 200
[16:58:14 INF] End processing HTTP request after 2.9759ms - 200
[16:58:14 INF] Start processing HTTP request GET http://127.0.0.1:48408/api/order/v1/orderRecord?pageNum=1&pageSize=100&filterByState=1&filterByState=3&filterByState=7&filterByState=9
[16:58:14 INF] Sending HTTP request GET http://127.0.0.1:48408/api/order/v1/orderRecord?pageNum=1&pageSize=100&filterByState=1&filterByState=3&filterByState=7&filterByState=9
[16:58:14 INF] Received HTTP response headers after 1.3332ms - 200
[16:58:14 INF] End processing HTTP request after 2.9877ms - 200
[16:58:14 INF] HTTP GET /api/onboard/v1/vehicle-safety responded 200 in 8.8157 ms
[16:58:14 INF] Executed DbCommand (0ms) [Parameters=[@__messageId_0='?' (Size = 36)], CommandType='Text', CommandTimeout='30']
SELECT "p"."MessageId", "p"."ContentHash", "p"."FirstResponseJson", "p"."MessageType", "p"."ReceivedAt", "p"."RequestJson"
FROM "ProtocolInbox" AS "p"
WHERE "p"."MessageId" = @__messageId_0
LIMIT 2
[16:58:14 INF] Executed DbCommand (0ms) [Parameters=[@p0='?' (Size = 36), @p1='?' (Size = 64), @p2='?' (Size = 665), @p3='?' (Size = 17), @p4='?' (DbType = DateTimeOffset), @p5='?' (Size = 571)], CommandType='Text', CommandTimeout='30']
INSERT INTO "ProtocolInbox" ("MessageId", "ContentHash", "FirstResponseJson", "MessageType", "ReceivedAt", "RequestJson")
VALUES (@p0, @p1, @p2, @p3, @p4, @p5);
[16:58:14 INF] Executed DbCommand (0ms) [Parameters=[@__messageId_0='?' (Size = 36)], CommandType='Text', CommandTimeout='30']
SELECT "p"."MessageId", "p"."ContentHash", "p"."FirstResponseJson", "p"."MessageType", "p"."ReceivedAt", "p"."RequestJson"
FROM "ProtocolInbox" AS "p"
WHERE "p"."MessageId" = @__messageId_0
LIMIT 2
[16:58:14 INF] Executed DbCommand (0ms) [Parameters=[@p0='?' (Size = 36), @p1='?' (Size = 64), @p2='?' (Size = 665), @p3='?' (Size = 17), @p4='?' (DbType = DateTimeOffset), @p5='?' (Size = 572)], CommandType='Text', CommandTimeout='30']
INSERT INTO "ProtocolInbox" ("MessageId", "ContentHash", "FirstResponseJson", "MessageType", "ReceivedAt", "RequestJson")
VALUES (@p0, @p1, @p2, @p3, @p4, @p5);
[16:58:14 INF] Executed DbCommand (0ms) [Parameters=[@__messageId_0='?' (Size = 36)], CommandType='Text', CommandTimeout='30']
SELECT "p"."MessageId", "p"."ContentHash", "p"."FirstResponseJson", "p"."MessageType", "p"."ReceivedAt", "p"."RequestJson"
FROM "ProtocolInbox" AS "p"
WHERE "p"."MessageId" = @__messageId_0
LIMIT 2
[16:58:14 INF] Executed DbCommand (0ms) [Parameters=[@__agvId_0='?' (Size = 10)], CommandType='Text', CommandTimeout='30']
SELECT "s"."AgvId", "s"."ActiveUnlockSlotsJson", "s"."CapabilityHash", "s"."CapabilityRevision", "s"."DepartureSafe", "s"."ForcedRecoveryGeneration", "s"."ManifestSha256", "s"."PendingAttemptIdsJson", "s"."PendingResultIdsJson", "s"."ProfileId", "s"."ProtocolCommit", "s"."ProtocolVersion", "s"."ProvenRecoveryCheckpoint", "s"."Readiness", "s"."ReasonCode", "s"."RecoveryReportId", "s"."ReportedForcedRecoveryGeneration", "s"."ReportedSlotConfigurationFingerprint", "s"."SafetyHash", "s"."SafetyReasonCodesJson", "s"."SafetyRevision", "s"."SafetyUnknownPresent", "s"."SessionGeneration", "s"."UnsettledSlotOperationAttemptId", "s"."UpdatedAt"
FROM "SessionRecoveries" AS "s"
WHERE "s"."AgvId" = @__agvId_0
LIMIT 2
[16:58:14 INF] Executed DbCommand (0ms) [Parameters=[@p7='?' (Size = 10), @p0='?' (DbType = Boolean), @p1='?' (Size = 16), @p2='?' (Size = 20), @p3='?' (Size = 64), @p4='?' (Size = 27), @p5='?' (DbType = Int64), @p6='?' (DbType = DateTimeOffset)], CommandType='Text', CommandTimeout='30']
UPDATE "SessionRecoveries" SET "DepartureSafe" = @p0, "Readiness" = @p1, "ReasonCode" = @p2, "SafetyHash" = @p3, "SafetyReasonCodesJson" = @p4, "SafetyRevision" = @p5, "UpdatedAt" = @p6
WHERE "AgvId" = @p7
RETURNING 1;
[16:58:14 INF] Executed DbCommand (0ms) [Parameters=[@__agvId_0='?' (Size = 10)], CommandType='Text', CommandTimeout='30']
SELECT "s"."AgvId", "s"."ActiveUnlockSlotsJson", "s"."CapabilityHash", "s"."CapabilityRevision", "s"."DepartureSafe", "s"."ForcedRecoveryGeneration", "s"."ManifestSha256", "s"."PendingAttemptIdsJson", "s"."PendingResultIdsJson", "s"."ProfileId", "s"."ProtocolCommit", "s"."ProtocolVersion", "s"."ProvenRecoveryCheckpoint", "s"."Readiness", "s"."ReasonCode", "s"."RecoveryReportId", "s"."ReportedForcedRecoveryGeneration", "s"."ReportedSlotConfigurationFingerprint", "s"."SafetyHash", "s"."SafetyReasonCodesJson", "s"."SafetyRevision", "s"."SafetyUnknownPresent", "s"."SessionGeneration", "s"."UnsettledSlotOperationAttemptId", "s"."UpdatedAt"
FROM "SessionRecoveries" AS "s"
WHERE "s"."AgvId" = @__agvId_0
LIMIT 2
[16:58:14 INF] Executed DbCommand (0ms) [Parameters=[@__row_AgvId_0='?' (Size = 10)], CommandType='Text', CommandTimeout='30']
SELECT EXISTS (
    SELECT 1
    FROM "StationOperations" AS "s"
    INNER JOIN "JourneyRuntimes" AS "j" ON "s"."DemandId" = "j"."DemandId"
    WHERE "j"."AgvId" = @__row_AgvId_0 AND "s"."Status" = 'Prepared')
[16:58:14 INF] Executed DbCommand (0ms) [Parameters=[@__agvId_0='?' (Size = 10)], CommandType='Text', CommandTimeout='30']
SELECT EXISTS (
    SELECT 1
    FROM "StationOperations" AS "s"
    INNER JOIN "JourneyRuntimes" AS "j" ON "s"."DemandId" = "j"."DemandId"
    WHERE "j"."AgvId" = @__agvId_0 AND "s"."Status" = 'RecoveryRequired')
[16:58:14 INF] Executed DbCommand (0ms) [Parameters=[@__agvId_0='?' (Size = 10)], CommandType='Text', CommandTimeout='30']
SELECT EXISTS (
    SELECT 1
    FROM "RecoveryWorkflows" AS "r"
    WHERE "r"."AgvId" = @__agvId_0 AND "r"."WorkflowType" = 'FORCED_MECHANICAL_RECOVERY' AND "r"."State" <> 'HistoricalOnly' AND NOT EXISTS (
        SELECT 1
        FROM "HardwareRecoveryRecords" AS "h"
        WHERE "h"."RecoveryActionId" = "r"."WorkflowId"))
[16:58:14 INF] Executed DbCommand (0ms) [Parameters=[@__agvId_0='?' (Size = 10)], CommandType='Text', CommandTimeout='30']
SELECT "a"."AgvId", "a"."ActivatedAt", "a"."ActivationId", "a"."ConfigurationVersion", "a"."Fingerprint", "a"."SlotModelVersionId", "a"."SnapshotId"
FROM "ActiveSlotConfigurations" AS "a"
WHERE "a"."AgvId" = @__agvId_0
LIMIT 1
[16:58:14 INF] Executed DbCommand (0ms) [Parameters=[@p3='?' (Size = 10), @p0='?' (Size = 5), @p1='?' (Size = 5), @p2='?' (DbType = DateTimeOffset)], CommandType='Text', CommandTimeout='30']
UPDATE "SessionRecoveries" SET "Readiness" = @p0, "ReasonCode" = @p1, "UpdatedAt" = @p2
WHERE "AgvId" = @p3
RETURNING 1;
[16:58:14 INF] Executed DbCommand (0ms) [Parameters=[@__agvId_0='?' (Size = 10)], CommandType='Text', CommandTimeout='30']
SELECT "o"."AlarmsJson"
FROM "OnboardAlarmSnapshots" AS "o"
WHERE "o"."AgvId" = @__agvId_0
LIMIT 1
[16:58:14 INF] Executed DbCommand (0ms) [Parameters=[@p0='?' (Size = 36), @p1='?' (Size = 64), @p2='?' (Size = 1235), @p3='?' (Size = 18), @p4='?' (DbType = DateTimeOffset), @p5='?' (Size = 680)], CommandType='Text', CommandTimeout='30']
INSERT INTO "ProtocolInbox" ("MessageId", "ContentHash", "FirstResponseJson", "MessageType", "ReceivedAt", "RequestJson")
VALUES (@p0, @p1, @p2, @p3, @p4, @p5);
[16:58:14 INF] Executed DbCommand (0ms) [Parameters=[@__messageId_0='?' (Size = 36)], CommandType='Text', CommandTimeout='30']
SELECT "p"."MessageId", "p"."ContentHash", "p"."FirstResponseJson", "p"."MessageType", "p"."ReceivedAt", "p"."RequestJson"
FROM "ProtocolInbox" AS "p"
WHERE "p"."MessageId" = @__messageId_0
LIMIT 2
[16:58:14 INF] Executed DbCommand (0ms) [Parameters=[@__agvId_0='?' (Size = 10)], CommandType='Text', CommandTimeout='30']
SELECT "s"."AgvId", "s"."ActiveUnlockSlotsJson", "s"."CapabilityHash", "s"."CapabilityRevision", "s"."DepartureSafe", "s"."ForcedRecoveryGeneration", "s"."ManifestSha256", "s"."PendingAttemptIdsJson", "s"."PendingResultIdsJson", "s"."ProfileId", "s"."ProtocolCommit", "s"."ProtocolVersion", "s"."ProvenRecoveryCheckpoint", "s"."Readiness", "s"."ReasonCode", "s"."RecoveryReportId", "s"."ReportedForcedRecoveryGeneration", "s"."ReportedSlotConfigurationFingerprint", "s"."SafetyHash", "s"."SafetyReasonCodesJson", "s"."SafetyRevision", "s"."SafetyUnknownPresent", "s"."SessionGeneration", "s"."UnsettledSlotOperationAttemptId", "s"."UpdatedAt"
FROM "SessionRecoveries" AS "s"
WHERE "s"."AgvId" = @__agvId_0
LIMIT 2
[16:58:14 INF] Executed DbCommand (0ms) [Parameters=[@p6='?' (Size = 10), @p0='?' (Size = 16), @p1='?' (Size = 20), @p2='?' (Size = 64), @p3='?' (Size = 45), @p4='?' (DbType = Int64), @p5='?' (DbType = DateTimeOffset)], CommandType='Text', CommandTimeout='30']
UPDATE "SessionRecoveries" SET "Readiness" = @p0, "ReasonCode" = @p1, "SafetyHash" = @p2, "SafetyReasonCodesJson" = @p3, "SafetyRevision" = @p4, "UpdatedAt" = @p5
WHERE "AgvId" = @p6
RETURNING 1;
[16:58:14 INF] Executed DbCommand (0ms) [Parameters=[@__agvId_0='?' (Size = 10)], CommandType='Text', CommandTimeout='30']
SELECT "s"."AgvId", "s"."ActiveUnlockSlotsJson", "s"."CapabilityHash", "s"."CapabilityRevision", "s"."DepartureSafe", "s"."ForcedRecoveryGeneration", "s"."ManifestSha256", "s"."PendingAttemptIdsJson", "s"."PendingResultIdsJson", "s"."ProfileId", "s"."ProtocolCommit", "s"."ProtocolVersion", "s"."ProvenRecoveryCheckpoint", "s"."Readiness", "s"."ReasonCode", "s"."RecoveryReportId", "s"."ReportedForcedRecoveryGeneration", "s"."ReportedSlotConfigurationFingerprint", "s"."SafetyHash", "s"."SafetyReasonCodesJson", "s"."SafetyRevision", "s"."SafetyUnknownPresent", "s"."SessionGeneration", "s"."UnsettledSlotOperationAttemptId", "s"."UpdatedAt"
FROM "SessionRecoveries" AS "s"
WHERE "s"."AgvId" = @__agvId_0
LIMIT 2
[16:58:14 INF] Executed DbCommand (0ms) [Parameters=[@__row_AgvId_0='?' (Size = 10)], CommandType='Text', CommandTimeout='30']
SELECT EXISTS (
    SELECT 1
    FROM "StationOperations" AS "s"
    INNER JOIN "JourneyRuntimes" AS "j" ON "s"."DemandId" = "j"."DemandId"
    WHERE "j"."AgvId" = @__row_AgvId_0 AND "s"."Status" = 'Prepared')
[16:58:14 INF] Executed DbCommand (0ms) [Parameters=[@__agvId_0='?' (Size = 10)], CommandType='Text', CommandTimeout='30']
SELECT EXISTS (
    SELECT 1
    FROM "StationOperations" AS "s"
    INNER JOIN "JourneyRuntimes" AS "j" ON "s"."DemandId" = "j"."DemandId"
    WHERE "j"."AgvId" = @__agvId_0 AND "s"."Status" = 'RecoveryRequired')
[16:58:14 INF] Executed DbCommand (0ms) [Parameters=[@__agvId_0='?' (Size = 10)], CommandType='Text', CommandTimeout='30']
SELECT EXISTS (
    SELECT 1
    FROM "RecoveryWorkflows" AS "r"
    WHERE "r"."AgvId" = @__agvId_0 AND "r"."WorkflowType" = 'FORCED_MECHANICAL_RECOVERY' AND "r"."State" <> 'HistoricalOnly' AND NOT EXISTS (
        SELECT 1
        FROM "HardwareRecoveryRecords" AS "h"
        WHERE "h"."RecoveryActionId" = "r"."WorkflowId"))
[16:58:14 INF] Executed DbCommand (0ms) [Parameters=[@__agvId_0='?' (Size = 10)], CommandType='Text', CommandTimeout='30']
SELECT "a"."AgvId", "a"."ActivatedAt", "a"."ActivationId", "a"."ConfigurationVersion", "a"."Fingerprint", "a"."SlotModelVersionId", "a"."SnapshotId"
FROM "ActiveSlotConfigurations" AS "a"
WHERE "a"."AgvId" = @__agvId_0
LIMIT 1
[16:58:14 INF] Executed DbCommand (0ms) [Parameters=[@p3='?' (Size = 10), @p0='?' (Size = 5), @p1='?' (Size = 5), @p2='?' (DbType = DateTimeOffset)], CommandType='Text', CommandTimeout='30']
UPDATE "SessionRecoveries" SET "Readiness" = @p0, "ReasonCode" = @p1, "UpdatedAt" = @p2
WHERE "AgvId" = @p3
RETURNING 1;
[16:58:14 INF] Executed DbCommand (0ms) [Parameters=[@__agvId_0='?' (Size = 10)], CommandType='Text', CommandTimeout='30']
SELECT "o"."AlarmsJson"
FROM "OnboardAlarmSnapshots" AS "o"
WHERE "o"."AgvId" = @__agvId_0
LIMIT 1
[16:58:14 INF] Executed DbCommand (0ms) [Parameters=[@p0='?' (Size = 36), @p1='?' (Size = 64), @p2='?' (Size = 1235), @p3='?' (Size = 18), @p4='?' (DbType = DateTimeOffset), @p5='?' (Size = 699)], CommandType='Text', CommandTimeout='30']
INSERT INTO "ProtocolInbox" ("MessageId", "ContentHash", "FirstResponseJson", "MessageType", "ReceivedAt", "RequestJson")
VALUES (@p0, @p1, @p2, @p3, @p4, @p5);
[16:58:14 INF] Executed DbCommand (0ms) [Parameters=[@__messageId_0='?' (Size = 36)], CommandType='Text', CommandTimeout='30']
SELECT "p"."MessageId", "p"."ContentHash", "p"."FirstResponseJson", "p"."MessageType", "p"."ReceivedAt", "p"."RequestJson"
FROM "ProtocolInbox" AS "p"
WHERE "p"."MessageId" = @__messageId_0
LIMIT 2
[16:58:14 INF] Executed DbCommand (0ms) [Parameters=[@__agvId_0='?' (Size = 10)], CommandType='Text', CommandTimeout='30']
SELECT "s"."AgvId", "s"."ActiveUnlockSlotsJson", "s"."CapabilityHash", "s"."CapabilityRevision", "s"."DepartureSafe", "s"."ForcedRecoveryGeneration", "s"."ManifestSha256", "s"."PendingAttemptIdsJson", "s"."PendingResultIdsJson", "s"."ProfileId", "s"."ProtocolCommit", "s"."ProtocolVersion", "s"."ProvenRecoveryCheckpoint", "s"."Readiness", "s"."ReasonCode", "s"."RecoveryReportId", "s"."ReportedForcedRecoveryGeneration", "s"."ReportedSlotConfigurationFingerprint", "s"."SafetyHash", "s"."SafetyReasonCodesJson", "s"."SafetyRevision", "s"."SafetyUnknownPresent", "s"."SessionGeneration", "s"."UnsettledSlotOperationAttemptId", "s"."UpdatedAt"
FROM "SessionRecoveries" AS "s"
WHERE "s"."AgvId" = @__agvId_0
LIMIT 2
[16:58:14 INF] Executed DbCommand (0ms) [Parameters=[@p6='?' (Size = 10), @p0='?' (Size = 16), @p1='?' (Size = 20), @p2='?' (Size = 64), @p3='?' (Size = 19), @p4='?' (DbType = Int64), @p5='?' (DbType = DateTimeOffset)], CommandType='Text', CommandTimeout='30']
UPDATE "SessionRecoveries" SET "Readiness" = @p0, "ReasonCode" = @p1, "SafetyHash" = @p2, "SafetyReasonCodesJson" = @p3, "SafetyRevision" = @p4, "UpdatedAt" = @p5
WHERE "AgvId" = @p6
RETURNING 1;
[16:58:14 INF] Executed DbCommand (0ms) [Parameters=[@__agvId_0='?' (Size = 10)], CommandType='Text', CommandTimeout='30']
SELECT "s"."AgvId", "s"."ActiveUnlockSlotsJson", "s"."CapabilityHash", "s"."CapabilityRevision", "s"."DepartureSafe", "s"."ForcedRecoveryGeneration", "s"."ManifestSha256", "s"."PendingAttemptIdsJson", "s"."PendingResultIdsJson", "s"."ProfileId", "s"."ProtocolCommit", "s"."ProtocolVersion", "s"."ProvenRecoveryCheckpoint", "s"."Readiness", "s"."ReasonCode", "s"."RecoveryReportId", "s"."ReportedForcedRecoveryGeneration", "s"."ReportedSlotConfigurationFingerprint", "s"."SafetyHash", "s"."SafetyReasonCodesJson", "s"."SafetyRevision", "s"."SafetyUnknownPresent", "s"."SessionGeneration", "s"."UnsettledSlotOperationAttemptId", "s"."UpdatedAt"
FROM "SessionRecoveries" AS "s"
WHERE "s"."AgvId" = @__agvId_0
LIMIT 2
[16:58:14 INF] Executed DbCommand (0ms) [Parameters=[@__row_AgvId_0='?' (Size = 10)], CommandType='Text', CommandTimeout='30']
SELECT EXISTS (
    SELECT 1
    FROM "StationOperations" AS "s"
    INNER JOIN "JourneyRuntimes" AS "j" ON "s"."DemandId" = "j"."DemandId"
    WHERE "j"."AgvId" = @__row_AgvId_0 AND "s"."Status" = 'Prepared')
[16:58:14 INF] Executed DbCommand (0ms) [Parameters=[@__agvId_0='?' (Size = 10)], CommandType='Text', CommandTimeout='30']
SELECT EXISTS (
    SELECT 1
    FROM "StationOperations" AS "s"
    INNER JOIN "JourneyRuntimes" AS "j" ON "s"."DemandId" = "j"."DemandId"
    WHERE "j"."AgvId" = @__agvId_0 AND "s"."Status" = 'RecoveryRequired')
[16:58:14 INF] Executed DbCommand (0ms) [Parameters=[@__agvId_0='?' (Size = 10)], CommandType='Text', CommandTimeout='30']
SELECT EXISTS (
    SELECT 1
    FROM "RecoveryWorkflows" AS "r"
    WHERE "r"."AgvId" = @__agvId_0 AND "r"."WorkflowType" = 'FORCED_MECHANICAL_RECOVERY' AND "r"."State" <> 'HistoricalOnly' AND NOT EXISTS (
        SELECT 1
        FROM "HardwareRecoveryRecords" AS "h"
        WHERE "h"."RecoveryActionId" = "r"."WorkflowId"))
[16:58:14 INF] Executed DbCommand (0ms) [Parameters=[@__agvId_0='?' (Size = 10)], CommandType='Text', CommandTimeout='30']
SELECT "a"."AgvId", "a"."ActivatedAt", "a"."ActivationId", "a"."ConfigurationVersion", "a"."Fingerprint", "a"."SlotModelVersionId", "a"."SnapshotId"
FROM "ActiveSlotConfigurations" AS "a"
WHERE "a"."AgvId" = @__agvId_0
LIMIT 1
[16:58:14 INF] Executed DbCommand (0ms) [Parameters=[@p3='?' (Size = 10), @p0='?' (Size = 5), @p1='?' (Size = 5), @p2='?' (DbType = DateTimeOffset)], CommandType='Text', CommandTimeout='30']
UPDATE "SessionRecoveries" SET "Readiness" = @p0, "ReasonCode" = @p1, "UpdatedAt" = @p2
WHERE "AgvId" = @p3
RETURNING 1;
[16:58:14 INF] Executed DbCommand (0ms) [Parameters=[@__agvId_0='?' (Size = 10)], CommandType='Text', CommandTimeout='30']
SELECT "o"."AlarmsJson"
FROM "OnboardAlarmSnapshots" AS "o"
WHERE "o"."AgvId" = @__agvId_0
LIMIT 1
[16:58:14 INF] Executed DbCommand (0ms) [Parameters=[@p0='?' (Size = 36), @p1='?' (Size = 64), @p2='?' (Size = 1235), @p3='?' (Size = 18), @p4='?' (DbType = DateTimeOffset), @p5='?' (Size = 672)], CommandType='Text', CommandTimeout='30']
INSERT INTO "ProtocolInbox" ("MessageId", "ContentHash", "FirstResponseJson", "MessageType", "ReceivedAt", "RequestJson")
VALUES (@p0, @p1, @p2, @p3, @p4, @p5);
[16:58:14 INF] Start processing HTTP request GET http://127.0.0.1:48408/api/imap/v1/mapInfo/stations/25
[16:58:14 INF] Sending HTTP request GET http://127.0.0.1:48408/api/imap/v1/mapInfo/stations/25
[16:58:14 INF] Received HTTP response headers after 0.6006ms - 200
[16:58:14 INF] End processing HTTP request after 1.9862ms - 200
[16:58:14 INF] Executed DbCommand (0ms) [Parameters=[@__mapId_0='?' (DbType = Int32)], CommandType='Text', CommandTimeout='30']
SELECT "t"."MapId", "t"."ActiveVersion", "t"."PendingVersion", "t"."State", "t"."UpdatedAt"
FROM "TaskTypeStationActiveBindingSets" AS "t"
WHERE "t"."MapId" = @__mapId_0
LIMIT 2
[16:58:14 INF] Executed DbCommand (0ms) [Parameters=[@__mapId_0='?' (DbType = Int32), @__version_1='?' (DbType = Int64)], CommandType='Text', CommandTimeout='30']
SELECT "t"."MapId", "t"."Version", "t"."CatalogRevision", "t"."ContentSha256", "t"."LoadedAt", "t"."RuleVersion", "t"."SnapshotId", "t"."Source"
FROM "TaskTypeStationBindingSetVersions" AS "t"
WHERE "t"."MapId" = @__mapId_0 AND "t"."Version" = @__version_1
LIMIT 2
[16:58:14 INF] Executed DbCommand (0ms) [Parameters=[@__mapId_0='?' (DbType = Int32), @__version_1='?' (DbType = Int64)], CommandType='Text', CommandTimeout='30']
SELECT "t"."TaskType"
FROM "TaskTypeStationRequirements" AS "t"
WHERE "t"."MapId" = @__mapId_0 AND "t"."Version" = @__version_1
[16:58:14 INF] Executed DbCommand (0ms) [Parameters=[@__mapId_0='?' (DbType = Int32), @__version_1='?' (DbType = Int64)], CommandType='Text', CommandTimeout='30']
SELECT "t"."MapId", "t"."Version", "t"."TaskType", "t"."SiteVerificationRef", "t"."StationName", "t"."StationRiotId"
FROM "TaskTypeStationBindings" AS "t"
WHERE "t"."MapId" = @__mapId_0 AND "t"."Version" = @__version_1
[16:58:14 INF] Executed DbCommand (0ms) [Parameters=[@__version_0='?' (DbType = Int64)], CommandType='Text', CommandTimeout='30']
SELECT "t"."Version", "t"."ContentSha256", "t"."LoadedAt", "t"."SnapshotId", "t"."Source"
FROM "TaskTypeStationRuleVersions" AS "t"
WHERE "t"."Version" = @__version_0
LIMIT 2
[16:58:14 INF] Executed DbCommand (0ms) [Parameters=[@__version_0='?' (DbType = Int64)], CommandType='Text', CommandTimeout='30']
SELECT "t"."Version", "t"."TaskType", "t"."FixedEnd"
FROM "TaskTypeStationRules" AS "t"
WHERE "t"."Version" = @__version_0
[16:58:14 INF] Executed DbCommand (0ms) [Parameters=[@__mapId_0='?' (DbType = Int32)], CommandType='Text', CommandTimeout='30']
SELECT "t"."MapId", "t"."ActiveVersion", "t"."PendingVersion", "t"."State", "t"."UpdatedAt"
FROM "TaskTypeStationActiveBindingSets" AS "t"
WHERE "t"."MapId" = @__mapId_0
LIMIT 2
[16:58:14 INF] Executed DbCommand (0ms) [Parameters=[@__mapId_0='?' (DbType = Int32)], CommandType='Text', CommandTimeout='30']
SELECT "t"."HoldId", "t"."DetailJson", "t"."MapId", "t"."RaisedAt", "t"."RaisedBy", "t"."ReasonCode", "t"."ReleasedAt", "t"."ReleasedBy", "t"."Source", "t"."TaskType"
FROM "TaskTypeStationHolds" AS "t"
WHERE "t"."MapId" = @__mapId_0 AND "t"."ReleasedAt" IS NULL
[16:58:14 INF] Executed DbCommand (0ms) [Parameters=[@__mapId_0='?' (DbType = Int32)], CommandType='Text', CommandTimeout='30']
SELECT "m"."MapId", "m"."ApprovedMaxUnconfirmedSeconds", "m"."ApprovedSyncPeriodSeconds", "m"."CatalogRevision", "m"."LastAttemptAt", "m"."LastCompleteConfirmationAt", "m"."LastFailureReason", "m"."State", "m"."UpdatedAt"
FROM "MapStationCatalogStates" AS "m"
WHERE "m"."MapId" = @__mapId_0
LIMIT 2
[16:58:14 INF] Executed DbCommand (0ms) [Parameters=[@p3='?' (DbType = Int32), @p0='?' (DbType = DateTimeOffset), @p1='?' (DbType = DateTimeOffset), @p2='?' (DbType = DateTimeOffset)], CommandType='Text', CommandTimeout='30']
UPDATE "MapStationCatalogStates" SET "LastAttemptAt" = @p0, "LastCompleteConfirmationAt" = @p1, "UpdatedAt" = @p2
WHERE "MapId" = @p3
RETURNING 1;
[16:58:14 INF] Executed DbCommand (0ms) [Parameters=[@__mapId_0='?' (DbType = Int32)], CommandType='Text', CommandTimeout='30']
SELECT "t"."MapId", "t"."ActiveVersion", "t"."PendingVersion", "t"."State", "t"."UpdatedAt"
FROM "TaskTypeStationActiveBindingSets" AS "t"
WHERE "t"."MapId" = @__mapId_0
LIMIT 2
[16:58:14 INF] Executed DbCommand (0ms) [Parameters=[@__mapId_0='?' (DbType = Int32), @__version_1='?' (DbType = Int64)], CommandType='Text', CommandTimeout='30']
SELECT "t"."MapId", "t"."Version", "t"."CatalogRevision", "t"."ContentSha256", "t"."LoadedAt", "t"."RuleVersion", "t"."SnapshotId", "t"."Source"
FROM "TaskTypeStationBindingSetVersions" AS "t"
WHERE "t"."MapId" = @__mapId_0 AND "t"."Version" = @__version_1
LIMIT 2
[16:58:14 INF] Executed DbCommand (0ms) [Parameters=[@__mapId_0='?' (DbType = Int32), @__version_1='?' (DbType = Int64)], CommandType='Text', CommandTimeout='30']
SELECT "t"."TaskType"
FROM "TaskTypeStationRequirements" AS "t"
WHERE "t"."MapId" = @__mapId_0 AND "t"."Version" = @__version_1
[16:58:14 INF] Executed DbCommand (0ms) [Parameters=[@__mapId_0='?' (DbType = Int32), @__version_1='?' (DbType = Int64)], CommandType='Text', CommandTimeout='30']
SELECT "t"."MapId", "t"."Version", "t"."TaskType", "t"."SiteVerificationRef", "t"."StationName", "t"."StationRiotId"
FROM "TaskTypeStationBindings" AS "t"
WHERE "t"."MapId" = @__mapId_0 AND "t"."Version" = @__version_1
[16:58:14 INF] Executed DbCommand (0ms) [Parameters=[@__version_0='?' (DbType = Int64)], CommandType='Text', CommandTimeout='30']
SELECT "t"."Version", "t"."ContentSha256", "t"."LoadedAt", "t"."SnapshotId", "t"."Source"
FROM "TaskTypeStationRuleVersions" AS "t"
WHERE "t"."Version" = @__version_0
LIMIT 2
[16:58:14 INF] Executed DbCommand (0ms) [Parameters=[@__version_0='?' (DbType = Int64)], CommandType='Text', CommandTimeout='30']
SELECT "t"."Version", "t"."TaskType", "t"."FixedEnd"
FROM "TaskTypeStationRules" AS "t"
WHERE "t"."Version" = @__version_0
[16:58:14 INF] Executed DbCommand (0ms) [Parameters=[], CommandType='Text', CommandTimeout='30']
SELECT "a"."Id", "a"."ContentHash", "a"."DeploymentId", "a"."ImportedAt", "a"."Version"
FROM "AdmissionPolicyState" AS "a"
WHERE "a"."Id" = 1
LIMIT 2
[16:58:14 INF] Executed DbCommand (0ms) [Parameters=[], CommandType='Text', CommandTimeout='30']
SELECT "j"."DemandId", "j"."AgvId", "j"."AgvLifecycleGeneration", "j"."BlockReasonCode", "j"."BlockReasonSince", "j"."ConsumedSafetyResultMessageId", "j"."ConsumedSublotMessageId", "j"."CreatedAt", "j"."DispatchGeneration", "j"."DispatchZone", "j"."ExpectedBasketCount", "j"."GateMovementLegId", "j"."GatePlanMessageId", "j"."GateStationId", "j"."GateStationRiotId", "j"."GateUpperId", "j"."GateVehicleBusinessMessageId", "j"."GateWorklistMessageId", "j"."LoadCommandMessageId", "j"."LoadSlotOperationAttemptId", "j"."MapId", "j"."MapIdentity", "j"."OperationSessionId", "j"."PickupMovementLegId", "j"."PickupStationId", "j"."PickupStationRiotId", "j"."PickupUpperId", "j"."PlanMessageId", "j"."PlanRevision", "j"."PreDepartureSafetyCheckId", "j"."PreDepartureSafetyCheckMessageId", "j"."RouteEvidenceId", "j"."Stage", "j"."StationDepartureWaitStartedAt", "j"."SublotRequestMessageId", "j"."TargetSlotsJson", "j"."UnloadCommandMessageId", "j"."UnloadSlotOperationAttemptId", "j"."UpdatedAt", "j"."VehicleBusinessMessageId", "j"."VehicleBusinessRevision", "j"."VehicleKey", "j"."WorklistMessageId", "j"."WorklistRevision"
FROM "JourneyRuntimes" AS "j"
WHERE "j"."Stage" <> 'Completed'
[16:58:14 INF] Executed DbCommand (0ms) [Parameters=[@__agvId_0='?' (Size = 10)], CommandType='Text', CommandTimeout='30']
SELECT "s"."AgvId", "s"."ActiveUnlockSlotsJson", "s"."CapabilityHash", "s"."CapabilityRevision", "s"."DepartureSafe", "s"."ForcedRecoveryGeneration", "s"."ManifestSha256", "s"."PendingAttemptIdsJson", "s"."PendingResultIdsJson", "s"."ProfileId", "s"."ProtocolCommit", "s"."ProtocolVersion", "s"."ProvenRecoveryCheckpoint", "s"."Readiness", "s"."ReasonCode", "s"."RecoveryReportId", "s"."ReportedForcedRecoveryGeneration", "s"."ReportedSlotConfigurationFingerprint", "s"."SafetyHash", "s"."SafetyReasonCodesJson", "s"."SafetyRevision", "s"."SafetyUnknownPresent", "s"."SessionGeneration", "s"."UnsettledSlotOperationAttemptId", "s"."UpdatedAt"
FROM "SessionRecoveries" AS "s"
WHERE "s"."AgvId" = @__agvId_0 AND "s"."Readiness" = 'Ready'
LIMIT 2
[16:58:14 INF] Executed DbCommand (0ms) [Parameters=[], CommandType='Text', CommandTimeout='30']
SELECT "p"."MessageId", "p"."AcknowledgedAt", "p"."CreatedAt", "p"."FencedAt", "p"."MessageType", "p"."PayloadJson"
FROM "ProtocolOutbox" AS "p"
WHERE "p"."AcknowledgedAt" IS NULL AND "p"."FencedAt" IS NULL
[16:58:14 INF] Executed DbCommand (0ms) [Parameters=[@__runtime_LoadSlotOperationAttemptId_0='?' (Size = 36)], CommandType='Text', CommandTimeout='30']
SELECT "s"."SlotOperationAttemptId", "s"."CommittedAt", "s"."ContentHash", "s"."CreatedAt", "s"."DemandId", "s"."EvidenceJson", "s"."ForcedRecoveryGeneration", "s"."OperationType", "s"."Status", "s"."SublotId", "s"."TargetSlotsJson"
FROM "StationOperations" AS "s"
WHERE "s"."SlotOperationAttemptId" = @__runtime_LoadSlotOperationAttemptId_0
LIMIT 2
[16:58:15 INF] Start processing HTTP request GET http://127.0.0.1:48408/api/task/v1/task/getVehicleInfo/BROKERX-L2-0001
[16:58:15 INF] Sending HTTP request GET http://127.0.0.1:48408/api/task/v1/task/getVehicleInfo/BROKERX-L2-0001
[16:58:15 INF] Received HTTP response headers after 12.9784ms - 200
[16:58:15 INF] End processing HTTP request after 17.2523ms - 200
[16:58:15 INF] Start processing HTTP request GET http://127.0.0.1:48408/api/order/v1/orderRecord?pageNum=1&pageSize=100&filterByState=1&filterByState=3&filterByState=7&filterByState=9
[16:58:15 INF] Sending HTTP request GET http://127.0.0.1:48408/api/order/v1/orderRecord?pageNum=1&pageSize=100&filterByState=1&filterByState=3&filterByState=7&filterByState=9
[16:58:15 INF] Received HTTP response headers after 2.3905ms - 200
[16:58:15 INF] End processing HTTP request after 5.5351ms - 200
[16:58:15 INF] HTTP GET /api/onboard/v1/vehicle-safety responded 200 in 24.8768 ms
[16:58:15 INF] Executed DbCommand (0ms) [Parameters=[@__messageId_0='?' (Size = 36)], CommandType='Text', CommandTimeout='30']
SELECT "p"."MessageId", "p"."ContentHash", "p"."FirstResponseJson", "p"."MessageType", "p"."ReceivedAt", "p"."RequestJson"
FROM "ProtocolInbox" AS "p"
WHERE "p"."MessageId" = @__messageId_0
LIMIT 2
[16:58:15 INF] Executed DbCommand (0ms) [Parameters=[@p0='?' (Size = 36), @p1='?' (Size = 64), @p2='?' (Size = 665), @p3='?' (Size = 17), @p4='?' (DbType = DateTimeOffset), @p5='?' (Size = 579)], CommandType='Text', CommandTimeout='30']
INSERT INTO "ProtocolInbox" ("MessageId", "ContentHash", "FirstResponseJson", "MessageType", "ReceivedAt", "RequestJson")
VALUES (@p0, @p1, @p2, @p3, @p4, @p5);
[16:58:15 WRN] Onboard connection ended with a protocol or transport error.
System.IO.IOException: Unable to read data from the transport connection: An existing connection was forcibly closed by the remote host..
 ---> System.Net.Sockets.SocketException (10054): An existing connection was forcibly closed by the remote host.
   --- End of inner exception stack trace ---
   at System.Net.Sockets.Socket.AwaitableSocketAsyncEventArgs.ThrowException(SocketError error, CancellationToken cancellationToken)
   at System.Net.Sockets.Socket.AwaitableSocketAsyncEventArgs.System.Threading.Tasks.Sources.IValueTaskSource<System.Int32>.GetResult(Int16 token)
   at System.IO.StreamReader.ReadBufferAsync(CancellationToken cancellationToken)
   at System.IO.StreamReader.ReadLineAsyncInternal(CancellationToken cancellationToken)
   at ControlServer.Host.Transport.OnboardTcpServer.HandleClientAsync(TcpClient client, CancellationToken cancellationToken) in C:\Users\szy\Desktop\8005-workspace-v2\worktrees\rig-hmi119-8005-agv-control-server\src\ControlServer.Host\Transport\OnboardTcpServer.cs:line 108
   at ControlServer.Host.Transport.OnboardTcpServer.HandleClientAsync(TcpClient client, CancellationToken cancellationToken) in C:\Users\szy\Desktop\8005-workspace-v2\worktrees\rig-hmi119-8005-agv-control-server\src\ControlServer.Host\Transport\OnboardTcpServer.cs:line 141
   at ControlServer.Host.Transport.OnboardTcpServer.HandleClientAsync(TcpClient client, CancellationToken cancellationToken) in C:\Users\szy\Desktop\8005-workspace-v2\worktrees\rig-hmi119-8005-agv-control-server\src\ControlServer.Host\Transport\OnboardTcpServer.cs:line 141
   at ControlServer.Host.Transport.OnboardTcpServer.HandleClientAsync(TcpClient client, CancellationToken cancellationToken) in C:\Users\szy\Desktop\8005-workspace-v2\worktrees\rig-hmi119-8005-agv-control-server\src\ControlServer.Host\Transport\OnboardTcpServer.cs:line 141
   at ControlServer.Host.Transport.OnboardTcpServer.ServeAsync(TcpClient client, SemaphoreSlim slots, CancellationToken cancellationToken) in C:\Users\szy\Desktop\8005-workspace-v2\worktrees\rig-hmi119-8005-agv-control-server\src\ControlServer.Host\Transport\OnboardTcpServer.cs:line 78
[16:58:15 INF] Start processing HTTP request GET http://127.0.0.1:48408/api/imap/v1/mapInfo/stations/25
[16:58:15 INF] Sending HTTP request GET http://127.0.0.1:48408/api/imap/v1/mapInfo/stations/25
[16:58:15 INF] Received HTTP response headers after 1.8927ms - 200
[16:58:15 INF] End processing HTTP request after 3.5406ms - 200
[16:58:15 INF] Executed DbCommand (0ms) [Parameters=[@__mapId_0='?' (DbType = Int32)], CommandType='Text', CommandTimeout='30']
SELECT "t"."MapId", "t"."ActiveVersion", "t"."PendingVersion", "t"."State", "t"."UpdatedAt"
FROM "TaskTypeStationActiveBindingSets" AS "t"
WHERE "t"."MapId" = @__mapId_0
LIMIT 2
[16:58:15 INF] Executed DbCommand (0ms) [Parameters=[@__mapId_0='?' (DbType = Int32), @__version_1='?' (DbType = Int64)], CommandType='Text', CommandTimeout='30']
SELECT "t"."MapId", "t"."Version", "t"."CatalogRevision", "t"."ContentSha256", "t"."LoadedAt", "t"."RuleVersion", "t"."SnapshotId", "t"."Source"
FROM "TaskTypeStationBindingSetVersions" AS "t"
WHERE "t"."MapId" = @__mapId_0 AND "t"."Version" = @__version_1
LIMIT 2
[16:58:15 INF] Executed DbCommand (0ms) [Parameters=[@__mapId_0='?' (DbType = Int32), @__version_1='?' (DbType = Int64)], CommandType='Text', CommandTimeout='30']
SELECT "t"."TaskType"
FROM "TaskTypeStationRequirements" AS "t"
WHERE "t"."MapId" = @__mapId_0 AND "t"."Version" = @__version_1
[16:58:15 INF] Executed DbCommand (0ms) [Parameters=[@__mapId_0='?' (DbType = Int32), @__version_1='?' (DbType = Int64)], CommandType='Text', CommandTimeout='30']
SELECT "t"."MapId", "t"."Version", "t"."TaskType", "t"."SiteVerificationRef", "t"."StationName", "t"."StationRiotId"
FROM "TaskTypeStationBindings" AS "t"
WHERE "t"."MapId" = @__mapId_0 AND "t"."Version" = @__version_1
[16:58:15 INF] Executed DbCommand (0ms) [Parameters=[@__version_0='?' (DbType = Int64)], CommandType='Text', CommandTimeout='30']
SELECT "t"."Version", "t"."ContentSha256", "t"."LoadedAt", "t"."SnapshotId", "t"."Source"
FROM "TaskTypeStationRuleVersions" AS "t"
WHERE "t"."Version" = @__version_0
LIMIT 2
[16:58:15 INF] Executed DbCommand (0ms) [Parameters=[@__version_0='?' (DbType = Int64)], CommandType='Text', CommandTimeout='30']
SELECT "t"."Version", "t"."TaskType", "t"."FixedEnd"
FROM "TaskTypeStationRules" AS "t"
WHERE "t"."Version" = @__version_0
[16:58:15 INF] Executed DbCommand (0ms) [Parameters=[@__mapId_0='?' (DbType = Int32)], CommandType='Text', CommandTimeout='30']
SELECT "t"."MapId", "t"."ActiveVersion", "t"."PendingVersion", "t"."State", "t"."UpdatedAt"
FROM "TaskTypeStationActiveBindingSets" AS "t"
WHERE "t"."MapId" = @__mapId_0
LIMIT 2
[16:58:15 INF] Executed DbCommand (0ms) [Parameters=[@__mapId_0='?' (DbType = Int32)], CommandType='Text', CommandTimeout='30']
SELECT "t"."HoldId", "t"."DetailJson", "t"."MapId", "t"."RaisedAt", "t"."RaisedBy", "t"."ReasonCode", "t"."ReleasedAt", "t"."ReleasedBy", "t"."Source", "t"."TaskType"
FROM "TaskTypeStationHolds" AS "t"
WHERE "t"."MapId" = @__mapId_0 AND "t"."ReleasedAt" IS NULL
[16:58:15 INF] Executed DbCommand (0ms) [Parameters=[@__mapId_0='?' (DbType = Int32)], CommandType='Text', CommandTimeout='30']
SELECT "m"."MapId", "m"."ApprovedMaxUnconfirmedSeconds", "m"."ApprovedSyncPeriodSeconds", "m"."CatalogRevision", "m"."LastAttemptAt", "m"."LastCompleteConfirmationAt", "m"."LastFailureReason", "m"."State", "m"."UpdatedAt"
FROM "MapStationCatalogStates" AS "m"
WHERE "m"."MapId" = @__mapId_0
LIMIT 2
[16:58:15 INF] Executed DbCommand (0ms) [Parameters=[@p3='?' (DbType = Int32), @p0='?' (DbType = DateTimeOffset), @p1='?' (DbType = DateTimeOffset), @p2='?' (DbType = DateTimeOffset)], CommandType='Text', CommandTimeout='30']
UPDATE "MapStationCatalogStates" SET "LastAttemptAt" = @p0, "LastCompleteConfirmationAt" = @p1, "UpdatedAt" = @p2
WHERE "MapId" = @p3
RETURNING 1;
[16:58:15 INF] Executed DbCommand (0ms) [Parameters=[@__mapId_0='?' (DbType = Int32)], CommandType='Text', CommandTimeout='30']
SELECT "t"."MapId", "t"."ActiveVersion", "t"."PendingVersion", "t"."State", "t"."UpdatedAt"
FROM "TaskTypeStationActiveBindingSets" AS "t"
WHERE "t"."MapId" = @__mapId_0
LIMIT 2
[16:58:15 INF] Executed DbCommand (0ms) [Parameters=[@__mapId_0='?' (DbType = Int32), @__version_1='?' (DbType = Int64)], CommandType='Text', CommandTimeout='30']
SELECT "t"."MapId", "t"."Version", "t"."CatalogRevision", "t"."ContentSha256", "t"."LoadedAt", "t"."RuleVersion", "t"."SnapshotId", "t"."Source"
FROM "TaskTypeStationBindingSetVersions" AS "t"
WHERE "t"."MapId" = @__mapId_0 AND "t"."Version" = @__version_1
LIMIT 2
[16:58:15 INF] Executed DbCommand (0ms) [Parameters=[@__mapId_0='?' (DbType = Int32), @__version_1='?' (DbType = Int64)], CommandType='Text', CommandTimeout='30']
SELECT "t"."TaskType"
FROM "TaskTypeStationRequirements" AS "t"
WHERE "t"."MapId" = @__mapId_0 AND "t"."Version" = @__version_1
[16:58:15 INF] Executed DbCommand (0ms) [Parameters=[@__mapId_0='?' (DbType = Int32), @__version_1='?' (DbType = Int64)], CommandType='Text', CommandTimeout='30']
SELECT "t"."MapId", "t"."Version", "t"."TaskType", "t"."SiteVerificationRef", "t"."StationName", "t"."StationRiotId"
FROM "TaskTypeStationBindings" AS "t"
WHERE "t"."MapId" = @__mapId_0 AND "t"."Version" = @__version_1
[16:58:15 INF] Executed DbCommand (0ms) [Parameters=[@__version_0='?' (DbType = Int64)], CommandType='Text', CommandTimeout='30']
SELECT "t"."Version", "t"."ContentSha256", "t"."LoadedAt", "t"."SnapshotId", "t"."Source"
FROM "TaskTypeStationRuleVersions" AS "t"
WHERE "t"."Version" = @__version_0
LIMIT 2
[16:58:15 INF] Executed DbCommand (0ms) [Parameters=[@__version_0='?' (DbType = Int64)], CommandType='Text', CommandTimeout='30']
SELECT "t"."Version", "t"."TaskType", "t"."FixedEnd"
FROM "TaskTypeStationRules" AS "t"
WHERE "t"."Version" = @__version_0
[16:58:15 INF] Executed DbCommand (0ms) [Parameters=[], CommandType='Text', CommandTimeout='30']
SELECT "a"."Id", "a"."ContentHash", "a"."DeploymentId", "a"."ImportedAt", "a"."Version"
FROM "AdmissionPolicyState" AS "a"
WHERE "a"."Id" = 1
LIMIT 2
[16:58:15 INF] Executed DbCommand (0ms) [Parameters=[], CommandType='Text', CommandTimeout='30']
SELECT "j"."DemandId", "j"."AgvId", "j"."AgvLifecycleGeneration", "j"."BlockReasonCode", "j"."BlockReasonSince", "j"."ConsumedSafetyResultMessageId", "j"."ConsumedSublotMessageId", "j"."CreatedAt", "j"."DispatchGeneration", "j"."DispatchZone", "j"."ExpectedBasketCount", "j"."GateMovementLegId", "j"."GatePlanMessageId", "j"."GateStationId", "j"."GateStationRiotId", "j"."GateUpperId", "j"."GateVehicleBusinessMessageId", "j"."GateWorklistMessageId", "j"."LoadCommandMessageId", "j"."LoadSlotOperationAttemptId", "j"."MapId", "j"."MapIdentity", "j"."OperationSessionId", "j"."PickupMovementLegId", "j"."PickupStationId", "j"."PickupStationRiotId", "j"."PickupUpperId", "j"."PlanMessageId", "j"."PlanRevision", "j"."PreDepartureSafetyCheckId", "j"."PreDepartureSafetyCheckMessageId", "j"."RouteEvidenceId", "j"."Stage", "j"."StationDepartureWaitStartedAt", "j"."SublotRequestMessageId", "j"."TargetSlotsJson", "j"."UnloadCommandMessageId", "j"."UnloadSlotOperationAttemptId", "j"."UpdatedAt", "j"."VehicleBusinessMessageId", "j"."VehicleBusinessRevision", "j"."VehicleKey", "j"."WorklistMessageId", "j"."WorklistRevision"
FROM "JourneyRuntimes" AS "j"
WHERE "j"."Stage" <> 'Completed'
[16:58:15 INF] Executed DbCommand (0ms) [Parameters=[@__agvId_0='?' (Size = 10)], CommandType='Text', CommandTimeout='30']
SELECT "s"."AgvId", "s"."ActiveUnlockSlotsJson", "s"."CapabilityHash", "s"."CapabilityRevision", "s"."DepartureSafe", "s"."ForcedRecoveryGeneration", "s"."ManifestSha256", "s"."PendingAttemptIdsJson", "s"."PendingResultIdsJson", "s"."ProfileId", "s"."ProtocolCommit", "s"."ProtocolVersion", "s"."ProvenRecoveryCheckpoint", "s"."Readiness", "s"."ReasonCode", "s"."RecoveryReportId", "s"."ReportedForcedRecoveryGeneration", "s"."ReportedSlotConfigurationFingerprint", "s"."SafetyHash", "s"."SafetyReasonCodesJson", "s"."SafetyRevision", "s"."SafetyUnknownPresent", "s"."SessionGeneration", "s"."UnsettledSlotOperationAttemptId", "s"."UpdatedAt"
FROM "SessionRecoveries" AS "s"
WHERE "s"."AgvId" = @__agvId_0 AND "s"."Readiness" = 'Ready'
LIMIT 2
[16:58:15 INF] Executed DbCommand (0ms) [Parameters=[], CommandType='Text', CommandTimeout='30']
SELECT "p"."MessageId", "p"."AcknowledgedAt", "p"."CreatedAt", "p"."FencedAt", "p"."MessageType", "p"."PayloadJson"
FROM "ProtocolOutbox" AS "p"
WHERE "p"."AcknowledgedAt" IS NULL AND "p"."FencedAt" IS NULL
[16:58:15 ERR] Journey runtime iteration failed closed; no stage is inferred from memory.
System.IO.IOException: No recovered Onboard peer is connected for 'AGV-L2-001'.
   at ControlServer.Host.Transport.OnboardPeer.SendAsync(ReadOnlyMemory`1 ndjsonLine, CancellationToken cancellationToken) in C:\Users\szy\Desktop\8005-workspace-v2\worktrees\rig-hmi119-8005-agv-control-server\src\ControlServer.Host\Transport\OnboardPeer.cs:line 73
   at ControlServer.Host.Transport.OnboardJourneyPublisher.ReplayPendingForSessionAsync(String agvId, Int64 sessionGeneration, IReadOnlySet`1 allowedMessageIds, CancellationToken cancellationToken) in C:\Users\szy\Desktop\8005-workspace-v2\worktrees\rig-hmi119-8005-agv-control-server\src\ControlServer.Host\Transport\OnboardJourneyPublisher.cs:line 42
   at ControlServer.Host.Runtime.JourneyRuntimeEngine.AdvanceAsync(JourneyRuntimeRow runtime, RiotMapStationCatalogSnapshot currentMap, CancellationToken cancellationToken) in C:\Users\szy\Desktop\8005-workspace-v2\worktrees\rig-hmi119-8005-agv-control-server\src\ControlServer.Host\Runtime\JourneyRuntimeEngine.cs:line 650
   at ControlServer.Host.Runtime.JourneyRuntimeEngine.ExecuteOnceAsync(CancellationToken cancellationToken) in C:\Users\szy\Desktop\8005-workspace-v2\worktrees\rig-hmi119-8005-agv-control-server\src\ControlServer.Host\Runtime\JourneyRuntimeEngine.cs:line 266
   at ControlServer.Host.Runtime.JourneyRuntimeWorker.ExecuteAsync(CancellationToken stoppingToken) in C:\Users\szy\Desktop\8005-workspace-v2\worktrees\rig-hmi119-8005-agv-control-server\src\ControlServer.Host\Runtime\JourneyRuntimeWorker.cs:line 51
   at ControlServer.Host.Runtime.JourneyRuntimeWorker.ExecuteAsync(CancellationToken stoppingToken) in C:\Users\szy\Desktop\8005-workspace-v2\worktrees\rig-hmi119-8005-agv-control-server\src\ControlServer.Host\Runtime\JourneyRuntimeWorker.cs:line 51
[16:58:17 INF] Start processing HTTP request GET http://127.0.0.1:48408/api/imap/v1/mapInfo/stations/25
[16:58:17 INF] Sending HTTP request GET http://127.0.0.1:48408/api/imap/v1/mapInfo/stations/25
[16:58:17 INF] Received HTTP response headers after 25.9039ms - 200
[16:58:17 INF] End processing HTTP request after 28.1149ms - 200
[16:58:17 INF] Executed DbCommand (0ms) [Parameters=[@__mapId_0='?' (DbType = Int32)], CommandType='Text', CommandTimeout='30']
SELECT "t"."MapId", "t"."ActiveVersion", "t"."PendingVersion", "t"."State", "t"."UpdatedAt"
FROM "TaskTypeStationActiveBindingSets" AS "t"
WHERE "t"."MapId" = @__mapId_0
LIMIT 2
[16:58:17 INF] Executed DbCommand (0ms) [Parameters=[@__mapId_0='?' (DbType = Int32), @__version_1='?' (DbType = Int64)], CommandType='Text', CommandTimeout='30']
SELECT "t"."MapId", "t"."Version", "t"."CatalogRevision", "t"."ContentSha256", "t"."LoadedAt", "t"."RuleVersion", "t"."SnapshotId", "t"."Source"
FROM "TaskTypeStationBindingSetVersions" AS "t"
WHERE "t"."MapId" = @__mapId_0 AND "t"."Version" = @__version_1
LIMIT 2
[16:58:17 INF] Executed DbCommand (0ms) [Parameters=[@__mapId_0='?' (DbType = Int32), @__version_1='?' (DbType = Int64)], CommandType='Text', CommandTimeout='30']
SELECT "t"."TaskType"
FROM "TaskTypeStationRequirements" AS "t"
WHERE "t"."MapId" = @__mapId_0 AND "t"."Version" = @__version_1
[16:58:17 INF] Executed DbCommand (0ms) [Parameters=[@__mapId_0='?' (DbType = Int32), @__version_1='?' (DbType = Int64)], CommandType='Text', CommandTimeout='30']
SELECT "t"."MapId", "t"."Version", "t"."TaskType", "t"."SiteVerificationRef", "t"."StationName", "t"."StationRiotId"
FROM "TaskTypeStationBindings" AS "t"
WHERE "t"."MapId" = @__mapId_0 AND "t"."Version" = @__version_1
[16:58:17 INF] Executed DbCommand (0ms) [Parameters=[@__version_0='?' (DbType = Int64)], CommandType='Text', CommandTimeout='30']
SELECT "t"."Version", "t"."ContentSha256", "t"."LoadedAt", "t"."SnapshotId", "t"."Source"
FROM "TaskTypeStationRuleVersions" AS "t"
WHERE "t"."Version" = @__version_0
LIMIT 2
[16:58:17 INF] Executed DbCommand (0ms) [Parameters=[@__version_0='?' (DbType = Int64)], CommandType='Text', CommandTimeout='30']
SELECT "t"."Version", "t"."TaskType", "t"."FixedEnd"
FROM "TaskTypeStationRules" AS "t"
WHERE "t"."Version" = @__version_0
[16:58:17 INF] Executed DbCommand (0ms) [Parameters=[@__mapId_0='?' (DbType = Int32)], CommandType='Text', CommandTimeout='30']
SELECT "t"."MapId", "t"."ActiveVersion", "t"."PendingVersion", "t"."State", "t"."UpdatedAt"
FROM "TaskTypeStationActiveBindingSets" AS "t"
WHERE "t"."MapId" = @__mapId_0
LIMIT 2
[16:58:17 INF] Executed DbCommand (0ms) [Parameters=[@__mapId_0='?' (DbType = Int32)], CommandType='Text', CommandTimeout='30']
SELECT "t"."HoldId", "t"."DetailJson", "t"."MapId", "t"."RaisedAt", "t"."RaisedBy", "t"."ReasonCode", "t"."ReleasedAt", "t"."ReleasedBy", "t"."Source", "t"."TaskType"
FROM "TaskTypeStationHolds" AS "t"
WHERE "t"."MapId" = @__mapId_0 AND "t"."ReleasedAt" IS NULL
[16:58:17 INF] Executed DbCommand (0ms) [Parameters=[@__mapId_0='?' (DbType = Int32)], CommandType='Text', CommandTimeout='30']
SELECT "m"."MapId", "m"."ApprovedMaxUnconfirmedSeconds", "m"."ApprovedSyncPeriodSeconds", "m"."CatalogRevision", "m"."LastAttemptAt", "m"."LastCompleteConfirmationAt", "m"."LastFailureReason", "m"."State", "m"."UpdatedAt"
FROM "MapStationCatalogStates" AS "m"
WHERE "m"."MapId" = @__mapId_0
LIMIT 2
[16:58:17 INF] Executed DbCommand (0ms) [Parameters=[@p3='?' (DbType = Int32), @p0='?' (DbType = DateTimeOffset), @p1='?' (DbType = DateTimeOffset), @p2='?' (DbType = DateTimeOffset)], CommandType='Text', CommandTimeout='30']
UPDATE "MapStationCatalogStates" SET "LastAttemptAt" = @p0, "LastCompleteConfirmationAt" = @p1, "UpdatedAt" = @p2
WHERE "MapId" = @p3
RETURNING 1;
[16:58:17 INF] Executed DbCommand (0ms) [Parameters=[@__mapId_0='?' (DbType = Int32)], CommandType='Text', CommandTimeout='30']
SELECT "t"."MapId", "t"."ActiveVersion", "t"."PendingVersion", "t"."State", "t"."UpdatedAt"
FROM "TaskTypeStationActiveBindingSets" AS "t"
WHERE "t"."MapId" = @__mapId_0
LIMIT 2
[16:58:17 INF] Executed DbCommand (0ms) [Parameters=[@__mapId_0='?' (DbType = Int32), @__version_1='?' (DbType = Int64)], CommandType='Text', CommandTimeout='30']
SELECT "t"."MapId", "t"."Version", "t"."CatalogRevision", "t"."ContentSha256", "t"."LoadedAt", "t"."RuleVersion", "t"."SnapshotId", "t"."Source"
FROM "TaskTypeStationBindingSetVersions" AS "t"
WHERE "t"."MapId" = @__mapId_0 AND "t"."Version" = @__version_1
LIMIT 2
[16:58:17 INF] Executed DbCommand (0ms) [Parameters=[@__mapId_0='?' (DbType = Int32), @__version_1='?' (DbType = Int64)], CommandType='Text', CommandTimeout='30']
SELECT "t"."TaskType"
FROM "TaskTypeStationRequirements" AS "t"
WHERE "t"."MapId" = @__mapId_0 AND "t"."Version" = @__version_1
[16:58:17 INF] Executed DbCommand (0ms) [Parameters=[@__mapId_0='?' (DbType = Int32), @__version_1='?' (DbType = Int64)], CommandType='Text', CommandTimeout='30']
SELECT "t"."MapId", "t"."Version", "t"."TaskType", "t"."SiteVerificationRef", "t"."StationName", "t"."StationRiotId"
FROM "TaskTypeStationBindings" AS "t"
WHERE "t"."MapId" = @__mapId_0 AND "t"."Version" = @__version_1
[16:58:17 INF] Executed DbCommand (0ms) [Parameters=[@__version_0='?' (DbType = Int64)], CommandType='Text', CommandTimeout='30']
SELECT "t"."Version", "t"."ContentSha256", "t"."LoadedAt", "t"."SnapshotId", "t"."Source"
FROM "TaskTypeStationRuleVersions" AS "t"
WHERE "t"."Version" = @__version_0
LIMIT 2
[16:58:17 INF] Executed DbCommand (0ms) [Parameters=[@__version_0='?' (DbType = Int64)], CommandType='Text', CommandTimeout='30']
SELECT "t"."Version", "t"."TaskType", "t"."FixedEnd"
FROM "TaskTypeStationRules" AS "t"
WHERE "t"."Version" = @__version_0
[16:58:17 INF] Executed DbCommand (0ms) [Parameters=[], CommandType='Text', CommandTimeout='30']
SELECT "a"."Id", "a"."ContentHash", "a"."DeploymentId", "a"."ImportedAt", "a"."Version"
FROM "AdmissionPolicyState" AS "a"
WHERE "a"."Id" = 1
LIMIT 2
[16:58:17 INF] Executed DbCommand (0ms) [Parameters=[], CommandType='Text', CommandTimeout='30']
SELECT "j"."DemandId", "j"."AgvId", "j"."AgvLifecycleGeneration", "j"."BlockReasonCode", "j"."BlockReasonSince", "j"."ConsumedSafetyResultMessageId", "j"."ConsumedSublotMessageId", "j"."CreatedAt", "j"."DispatchGeneration", "j"."DispatchZone", "j"."ExpectedBasketCount", "j"."GateMovementLegId", "j"."GatePlanMessageId", "j"."GateStationId", "j"."GateStationRiotId", "j"."GateUpperId", "j"."GateVehicleBusinessMessageId", "j"."GateWorklistMessageId", "j"."LoadCommandMessageId", "j"."LoadSlotOperationAttemptId", "j"."MapId", "j"."MapIdentity", "j"."OperationSessionId", "j"."PickupMovementLegId", "j"."PickupStationId", "j"."PickupStationRiotId", "j"."PickupUpperId", "j"."PlanMessageId", "j"."PlanRevision", "j"."PreDepartureSafetyCheckId", "j"."PreDepartureSafetyCheckMessageId", "j"."RouteEvidenceId", "j"."Stage", "j"."StationDepartureWaitStartedAt", "j"."SublotRequestMessageId", "j"."TargetSlotsJson", "j"."UnloadCommandMessageId", "j"."UnloadSlotOperationAttemptId", "j"."UpdatedAt", "j"."VehicleBusinessMessageId", "j"."VehicleBusinessRevision", "j"."VehicleKey", "j"."WorklistMessageId", "j"."WorklistRevision"
FROM "JourneyRuntimes" AS "j"
WHERE "j"."Stage" <> 'Completed'
[16:58:17 INF] Executed DbCommand (0ms) [Parameters=[@__agvId_0='?' (Size = 10)], CommandType='Text', CommandTimeout='30']
SELECT "s"."AgvId", "s"."ActiveUnlockSlotsJson", "s"."CapabilityHash", "s"."CapabilityRevision", "s"."DepartureSafe", "s"."ForcedRecoveryGeneration", "s"."ManifestSha256", "s"."PendingAttemptIdsJson", "s"."PendingResultIdsJson", "s"."ProfileId", "s"."ProtocolCommit", "s"."ProtocolVersion", "s"."ProvenRecoveryCheckpoint", "s"."Readiness", "s"."ReasonCode", "s"."RecoveryReportId", "s"."ReportedForcedRecoveryGeneration", "s"."ReportedSlotConfigurationFingerprint", "s"."SafetyHash", "s"."SafetyReasonCodesJson", "s"."SafetyRevision", "s"."SafetyUnknownPresent", "s"."SessionGeneration", "s"."UnsettledSlotOperationAttemptId", "s"."UpdatedAt"
FROM "SessionRecoveries" AS "s"
WHERE "s"."AgvId" = @__agvId_0 AND "s"."Readiness" = 'Ready'
LIMIT 2
[16:58:17 INF] Executed DbCommand (0ms) [Parameters=[], CommandType='Text', CommandTimeout='30']
SELECT "p"."MessageId", "p"."AcknowledgedAt", "p"."CreatedAt", "p"."FencedAt", "p"."MessageType", "p"."PayloadJson"
FROM "ProtocolOutbox" AS "p"
WHERE "p"."AcknowledgedAt" IS NULL AND "p"."FencedAt" IS NULL
[16:58:17 ERR] Journey runtime iteration failed closed; no stage is inferred from memory.
System.IO.IOException: No recovered Onboard peer is connected for 'AGV-L2-001'.
   at ControlServer.Host.Transport.OnboardPeer.SendAsync(ReadOnlyMemory`1 ndjsonLine, CancellationToken cancellationToken) in C:\Users\szy\Desktop\8005-workspace-v2\worktrees\rig-hmi119-8005-agv-control-server\src\ControlServer.Host\Transport\OnboardPeer.cs:line 73
   at ControlServer.Host.Transport.OnboardJourneyPublisher.ReplayPendingForSessionAsync(String agvId, Int64 sessionGeneration, IReadOnlySet`1 allowedMessageIds, CancellationToken cancellationToken) in C:\Users\szy\Desktop\8005-workspace-v2\worktrees\rig-hmi119-8005-agv-control-server\src\ControlServer.Host\Transport\OnboardJourneyPublisher.cs:line 42
   at ControlServer.Host.Runtime.JourneyRuntimeEngine.AdvanceAsync(JourneyRuntimeRow runtime, RiotMapStationCatalogSnapshot currentMap, CancellationToken cancellationToken) in C:\Users\szy\Desktop\8005-workspace-v2\worktrees\rig-hmi119-8005-agv-control-server\src\ControlServer.Host\Runtime\JourneyRuntimeEngine.cs:line 650
   at ControlServer.Host.Runtime.JourneyRuntimeEngine.ExecuteOnceAsync(CancellationToken cancellationToken) in C:\Users\szy\Desktop\8005-workspace-v2\worktrees\rig-hmi119-8005-agv-control-server\src\ControlServer.Host\Runtime\JourneyRuntimeEngine.cs:line 266
   at ControlServer.Host.Runtime.JourneyRuntimeWorker.ExecuteAsync(CancellationToken stoppingToken) in C:\Users\szy\Desktop\8005-workspace-v2\worktrees\rig-hmi119-8005-agv-control-server\src\ControlServer.Host\Runtime\JourneyRuntimeWorker.cs:line 51
   at ControlServer.Host.Runtime.JourneyRuntimeWorker.ExecuteAsync(CancellationToken stoppingToken) in C:\Users\szy\Desktop\8005-workspace-v2\worktrees\rig-hmi119-8005-agv-control-server\src\ControlServer.Host\Runtime\JourneyRuntimeWorker.cs:line 51
[16:58:17 INF] Start processing HTTP request GET http://127.0.0.1:48408/api/task/v1/task/getVehicleInfo/BROKERX-L2-0001
[16:58:17 INF] Sending HTTP request GET http://127.0.0.1:48408/api/task/v1/task/getVehicleInfo/BROKERX-L2-0001
[16:58:17 INF] Received HTTP response headers after 8.7805ms - 200
[16:58:17 INF] End processing HTTP request after 10.7303ms - 200
[16:58:17 INF] Start processing HTTP request GET http://127.0.0.1:48408/api/order/v1/orderRecord?pageNum=1&pageSize=100&filterByState=1&filterByState=3&filterByState=7&filterByState=9
[16:58:17 INF] Sending HTTP request GET http://127.0.0.1:48408/api/order/v1/orderRecord?pageNum=1&pageSize=100&filterByState=1&filterByState=3&filterByState=7&filterByState=9
[16:58:17 INF] Received HTTP response headers after 2.3564ms - 200
[16:58:17 INF] End processing HTTP request after 3.3726ms - 200
[16:58:17 INF] HTTP GET /api/onboard/v1/vehicle-safety responded 200 in 16.2516 ms
[16:58:17 INF] Start processing HTTP request GET http://127.0.0.1:48408/api/imap/v1/mapInfo/stations/25
[16:58:17 INF] Sending HTTP request GET http://127.0.0.1:48408/api/imap/v1/mapInfo/stations/25
[16:58:17 INF] Received HTTP response headers after 3.3103ms - 200
[16:58:17 INF] End processing HTTP request after 5.0511ms - 200
[16:58:17 INF] Executed DbCommand (0ms) [Parameters=[@__mapId_0='?' (DbType = Int32)], CommandType='Text', CommandTimeout='30']
SELECT "t"."MapId", "t"."ActiveVersion", "t"."PendingVersion", "t"."State", "t"."UpdatedAt"
FROM "TaskTypeStationActiveBindingSets" AS "t"
WHERE "t"."MapId" = @__mapId_0
LIMIT 2
[16:58:17 INF] Executed DbCommand (0ms) [Parameters=[@__mapId_0='?' (DbType = Int32), @__version_1='?' (DbType = Int64)], CommandType='Text', CommandTimeout='30']
SELECT "t"."MapId", "t"."Version", "t"."CatalogRevision", "t"."ContentSha256", "t"."LoadedAt", "t"."RuleVersion", "t"."SnapshotId", "t"."Source"
FROM "TaskTypeStationBindingSetVersions" AS "t"
WHERE "t"."MapId" = @__mapId_0 AND "t"."Version" = @__version_1
LIMIT 2
[16:58:17 INF] Executed DbCommand (0ms) [Parameters=[@__mapId_0='?' (DbType = Int32), @__version_1='?' (DbType = Int64)], CommandType='Text', CommandTimeout='30']
SELECT "t"."TaskType"
FROM "TaskTypeStationRequirements" AS "t"
WHERE "t"."MapId" = @__mapId_0 AND "t"."Version" = @__version_1
[16:58:17 INF] Executed DbCommand (0ms) [Parameters=[@__mapId_0='?' (DbType = Int32), @__version_1='?' (DbType = Int64)], CommandType='Text', CommandTimeout='30']
SELECT "t"."MapId", "t"."Version", "t"."TaskType", "t"."SiteVerificationRef", "t"."StationName", "t"."StationRiotId"
FROM "TaskTypeStationBindings" AS "t"
WHERE "t"."MapId" = @__mapId_0 AND "t"."Version" = @__version_1
[16:58:17 INF] Executed DbCommand (0ms) [Parameters=[@__version_0='?' (DbType = Int64)], CommandType='Text', CommandTimeout='30']
SELECT "t"."Version", "t"."ContentSha256", "t"."LoadedAt", "t"."SnapshotId", "t"."Source"
FROM "TaskTypeStationRuleVersions" AS "t"
WHERE "t"."Version" = @__version_0
LIMIT 2
[16:58:17 INF] Executed DbCommand (0ms) [Parameters=[@__version_0='?' (DbType = Int64)], CommandType='Text', CommandTimeout='30']
SELECT "t"."Version", "t"."TaskType", "t"."FixedEnd"
FROM "TaskTypeStationRules" AS "t"
WHERE "t"."Version" = @__version_0
[16:58:17 INF] Executed DbCommand (0ms) [Parameters=[@__mapId_0='?' (DbType = Int32)], CommandType='Text', CommandTimeout='30']
SELECT "t"."MapId", "t"."ActiveVersion", "t"."PendingVersion", "t"."State", "t"."UpdatedAt"
FROM "TaskTypeStationActiveBindingSets" AS "t"
WHERE "t"."MapId" = @__mapId_0
LIMIT 2
[16:58:17 INF] Executed DbCommand (0ms) [Parameters=[@__mapId_0='?' (DbType = Int32)], CommandType='Text', CommandTimeout='30']
SELECT "t"."HoldId", "t"."DetailJson", "t"."MapId", "t"."RaisedAt", "t"."RaisedBy", "t"."ReasonCode", "t"."ReleasedAt", "t"."ReleasedBy", "t"."Source", "t"."TaskType"
FROM "TaskTypeStationHolds" AS "t"
WHERE "t"."MapId" = @__mapId_0 AND "t"."ReleasedAt" IS NULL
[16:58:17 INF] Executed DbCommand (0ms) [Parameters=[@__mapId_0='?' (DbType = Int32)], CommandType='Text', CommandTimeout='30']
SELECT "m"."MapId", "m"."ApprovedMaxUnconfirmedSeconds", "m"."ApprovedSyncPeriodSeconds", "m"."CatalogRevision", "m"."LastAttemptAt", "m"."LastCompleteConfirmationAt", "m"."LastFailureReason", "m"."State", "m"."UpdatedAt"
FROM "MapStationCatalogStates" AS "m"
WHERE "m"."MapId" = @__mapId_0
LIMIT 2
[16:58:17 INF] Executed DbCommand (0ms) [Parameters=[@p3='?' (DbType = Int32), @p0='?' (DbType = DateTimeOffset), @p1='?' (DbType = DateTimeOffset), @p2='?' (DbType = DateTimeOffset)], CommandType='Text', CommandTimeout='30']
UPDATE "MapStationCatalogStates" SET "LastAttemptAt" = @p0, "LastCompleteConfirmationAt" = @p1, "UpdatedAt" = @p2
WHERE "MapId" = @p3
RETURNING 1;
[16:58:17 INF] Executed DbCommand (0ms) [Parameters=[@__mapId_0='?' (DbType = Int32)], CommandType='Text', CommandTimeout='30']
SELECT "t"."MapId", "t"."ActiveVersion", "t"."PendingVersion", "t"."State", "t"."UpdatedAt"
FROM "TaskTypeStationActiveBindingSets" AS "t"
WHERE "t"."MapId" = @__mapId_0
LIMIT 2
[16:58:17 INF] Executed DbCommand (0ms) [Parameters=[@__mapId_0='?' (DbType = Int32), @__version_1='?' (DbType = Int64)], CommandType='Text', CommandTimeout='30']
SELECT "t"."MapId", "t"."Version", "t"."CatalogRevision", "t"."ContentSha256", "t"."LoadedAt", "t"."RuleVersion", "t"."SnapshotId", "t"."Source"
FROM "TaskTypeStationBindingSetVersions" AS "t"
WHERE "t"."MapId" = @__mapId_0 AND "t"."Version" = @__version_1
LIMIT 2
[16:58:17 INF] Executed DbCommand (0ms) [Parameters=[@__mapId_0='?' (DbType = Int32), @__version_1='?' (DbType = Int64)], CommandType='Text', CommandTimeout='30']
SELECT "t"."TaskType"
FROM "TaskTypeStationRequirements" AS "t"
WHERE "t"."MapId" = @__mapId_0 AND "t"."Version" = @__version_1
[16:58:17 INF] Executed DbCommand (0ms) [Parameters=[@__mapId_0='?' (DbType = Int32), @__version_1='?' (DbType = Int64)], CommandType='Text', CommandTimeout='30']
SELECT "t"."MapId", "t"."Version", "t"."TaskType", "t"."SiteVerificationRef", "t"."StationName", "t"."StationRiotId"
FROM "TaskTypeStationBindings" AS "t"
WHERE "t"."MapId" = @__mapId_0 AND "t"."Version" = @__version_1
[16:58:17 INF] Executed DbCommand (0ms) [Parameters=[@__version_0='?' (DbType = Int64)], CommandType='Text', CommandTimeout='30']
SELECT "t"."Version", "t"."ContentSha256", "t"."LoadedAt", "t"."SnapshotId", "t"."Source"
FROM "TaskTypeStationRuleVersions" AS "t"
WHERE "t"."Version" = @__version_0
LIMIT 2
[16:58:17 INF] Executed DbCommand (0ms) [Parameters=[@__version_0='?' (DbType = Int64)], CommandType='Text', CommandTimeout='30']
SELECT "t"."Version", "t"."TaskType", "t"."FixedEnd"
FROM "TaskTypeStationRules" AS "t"
WHERE "t"."Version" = @__version_0
[16:58:17 INF] Executed DbCommand (0ms) [Parameters=[], CommandType='Text', CommandTimeout='30']
SELECT "a"."Id", "a"."ContentHash", "a"."DeploymentId", "a"."ImportedAt", "a"."Version"
FROM "AdmissionPolicyState" AS "a"
WHERE "a"."Id" = 1
LIMIT 2
[16:58:17 INF] Executed DbCommand (0ms) [Parameters=[], CommandType='Text', CommandTimeout='30']
SELECT "j"."DemandId", "j"."AgvId", "j"."AgvLifecycleGeneration", "j"."BlockReasonCode", "j"."BlockReasonSince", "j"."ConsumedSafetyResultMessageId", "j"."ConsumedSublotMessageId", "j"."CreatedAt", "j"."DispatchGeneration", "j"."DispatchZone", "j"."ExpectedBasketCount", "j"."GateMovementLegId", "j"."GatePlanMessageId", "j"."GateStationId", "j"."GateStationRiotId", "j"."GateUpperId", "j"."GateVehicleBusinessMessageId", "j"."GateWorklistMessageId", "j"."LoadCommandMessageId", "j"."LoadSlotOperationAttemptId", "j"."MapId", "j"."MapIdentity", "j"."OperationSessionId", "j"."PickupMovementLegId", "j"."PickupStationId", "j"."PickupStationRiotId", "j"."PickupUpperId", "j"."PlanMessageId", "j"."PlanRevision", "j"."PreDepartureSafetyCheckId", "j"."PreDepartureSafetyCheckMessageId", "j"."RouteEvidenceId", "j"."Stage", "j"."StationDepartureWaitStartedAt", "j"."SublotRequestMessageId", "j"."TargetSlotsJson", "j"."UnloadCommandMessageId", "j"."UnloadSlotOperationAttemptId", "j"."UpdatedAt", "j"."VehicleBusinessMessageId", "j"."VehicleBusinessRevision", "j"."VehicleKey", "j"."WorklistMessageId", "j"."WorklistRevision"
FROM "JourneyRuntimes" AS "j"
WHERE "j"."Stage" <> 'Completed'
[16:58:17 INF] Executed DbCommand (0ms) [Parameters=[@__agvId_0='?' (Size = 10)], CommandType='Text', CommandTimeout='30']
SELECT "s"."AgvId", "s"."ActiveUnlockSlotsJson", "s"."CapabilityHash", "s"."CapabilityRevision", "s"."DepartureSafe", "s"."ForcedRecoveryGeneration", "s"."ManifestSha256", "s"."PendingAttemptIdsJson", "s"."PendingResultIdsJson", "s"."ProfileId", "s"."ProtocolCommit", "s"."ProtocolVersion", "s"."ProvenRecoveryCheckpoint", "s"."Readiness", "s"."ReasonCode", "s"."RecoveryReportId", "s"."ReportedForcedRecoveryGeneration", "s"."ReportedSlotConfigurationFingerprint", "s"."SafetyHash", "s"."SafetyReasonCodesJson", "s"."SafetyRevision", "s"."SafetyUnknownPresent", "s"."SessionGeneration", "s"."UnsettledSlotOperationAttemptId", "s"."UpdatedAt"
FROM "SessionRecoveries" AS "s"
WHERE "s"."AgvId" = @__agvId_0 AND "s"."Readiness" = 'Ready'
LIMIT 2
[16:58:17 INF] Executed DbCommand (0ms) [Parameters=[], CommandType='Text', CommandTimeout='30']
SELECT "p"."MessageId", "p"."AcknowledgedAt", "p"."CreatedAt", "p"."FencedAt", "p"."MessageType", "p"."PayloadJson"
FROM "ProtocolOutbox" AS "p"
WHERE "p"."AcknowledgedAt" IS NULL AND "p"."FencedAt" IS NULL
[16:58:17 ERR] Journey runtime iteration failed closed; no stage is inferred from memory.
System.IO.IOException: No recovered Onboard peer is connected for 'AGV-L2-001'.
   at ControlServer.Host.Transport.OnboardPeer.SendAsync(ReadOnlyMemory`1 ndjsonLine, CancellationToken cancellationToken) in C:\Users\szy\Desktop\8005-workspace-v2\worktrees\rig-hmi119-8005-agv-control-server\src\ControlServer.Host\Transport\OnboardPeer.cs:line 73
   at ControlServer.Host.Transport.OnboardJourneyPublisher.ReplayPendingForSessionAsync(String agvId, Int64 sessionGeneration, IReadOnlySet`1 allowedMessageIds, CancellationToken cancellationToken) in C:\Users\szy\Desktop\8005-workspace-v2\worktrees\rig-hmi119-8005-agv-control-server\src\ControlServer.Host\Transport\OnboardJourneyPublisher.cs:line 42
   at ControlServer.Host.Runtime.JourneyRuntimeEngine.AdvanceAsync(JourneyRuntimeRow runtime, RiotMapStationCatalogSnapshot currentMap, CancellationToken cancellationToken) in C:\Users\szy\Desktop\8005-workspace-v2\worktrees\rig-hmi119-8005-agv-control-server\src\ControlServer.Host\Runtime\JourneyRuntimeEngine.cs:line 650
   at ControlServer.Host.Runtime.JourneyRuntimeEngine.ExecuteOnceAsync(CancellationToken cancellationToken) in C:\Users\szy\Desktop\8005-workspace-v2\worktrees\rig-hmi119-8005-agv-control-server\src\ControlServer.Host\Runtime\JourneyRuntimeEngine.cs:line 266
   at ControlServer.Host.Runtime.JourneyRuntimeWorker.ExecuteAsync(CancellationToken stoppingToken) in C:\Users\szy\Desktop\8005-workspace-v2\worktrees\rig-hmi119-8005-agv-control-server\src\ControlServer.Host\Runtime\JourneyRuntimeWorker.cs:line 51
   at ControlServer.Host.Runtime.JourneyRuntimeWorker.ExecuteAsync(CancellationToken stoppingToken) in C:\Users\szy\Desktop\8005-workspace-v2\worktrees\rig-hmi119-8005-agv-control-server\src\ControlServer.Host\Runtime\JourneyRuntimeWorker.cs:line 51
[16:58:18 INF] Start processing HTTP request GET http://127.0.0.1:48408/api/task/v1/task/getVehicleInfo/BROKERX-L2-0001
[16:58:18 INF] Sending HTTP request GET http://127.0.0.1:48408/api/task/v1/task/getVehicleInfo/BROKERX-L2-0001
[16:58:18 INF] Received HTTP response headers after 10.2016ms - 200
[16:58:18 INF] End processing HTTP request after 11.9616ms - 200
[16:58:18 INF] Start processing HTTP request GET http://127.0.0.1:48408/api/order/v1/orderRecord?pageNum=1&pageSize=100&filterByState=1&filterByState=3&filterByState=7&filterByState=9
[16:58:18 INF] Sending HTTP request GET http://127.0.0.1:48408/api/order/v1/orderRecord?pageNum=1&pageSize=100&filterByState=1&filterByState=3&filterByState=7&filterByState=9
[16:58:18 INF] Received HTTP response headers after 3.5953ms - 200
[16:58:18 INF] End processing HTTP request after 4.8707ms - 200
[16:58:18 INF] HTTP GET /api/onboard/v1/vehicle-safety responded 200 in 19.6355 ms
[16:58:18 INF] Start processing HTTP request GET http://127.0.0.1:48408/api/imap/v1/mapInfo/stations/25
[16:58:18 INF] Sending HTTP request GET http://127.0.0.1:48408/api/imap/v1/mapInfo/stations/25
[16:58:18 INF] Received HTTP response headers after 16.1984ms - 200
[16:58:18 INF] End processing HTTP request after 18.1209ms - 200
[16:58:18 INF] Executed DbCommand (0ms) [Parameters=[@__mapId_0='?' (DbType = Int32)], CommandType='Text', CommandTimeout='30']
SELECT "t"."MapId", "t"."ActiveVersion", "t"."PendingVersion", "t"."State", "t"."UpdatedAt"
FROM "TaskTypeStationActiveBindingSets" AS "t"
WHERE "t"."MapId" = @__mapId_0
LIMIT 2
[16:58:18 INF] Executed DbCommand (0ms) [Parameters=[@__mapId_0='?' (DbType = Int32), @__version_1='?' (DbType = Int64)], CommandType='Text', CommandTimeout='30']
SELECT "t"."MapId", "t"."Version", "t"."CatalogRevision", "t"."ContentSha256", "t"."LoadedAt", "t"."RuleVersion", "t"."SnapshotId", "t"."Source"
FROM "TaskTypeStationBindingSetVersions" AS "t"
WHERE "t"."MapId" = @__mapId_0 AND "t"."Version" = @__version_1
LIMIT 2
[16:58:18 INF] Executed DbCommand (0ms) [Parameters=[@__mapId_0='?' (DbType = Int32), @__version_1='?' (DbType = Int64)], CommandType='Text', CommandTimeout='30']
SELECT "t"."TaskType"
FROM "TaskTypeStationRequirements" AS "t"
WHERE "t"."MapId" = @__mapId_0 AND "t"."Version" = @__version_1
[16:58:18 INF] Executed DbCommand (0ms) [Parameters=[@__mapId_0='?' (DbType = Int32), @__version_1='?' (DbType = Int64)], CommandType='Text', CommandTimeout='30']
SELECT "t"."MapId", "t"."Version", "t"."TaskType", "t"."SiteVerificationRef", "t"."StationName", "t"."StationRiotId"
FROM "TaskTypeStationBindings" AS "t"
WHERE "t"."MapId" = @__mapId_0 AND "t"."Version" = @__version_1
[16:58:18 INF] Executed DbCommand (0ms) [Parameters=[@__version_0='?' (DbType = Int64)], CommandType='Text', CommandTimeout='30']
SELECT "t"."Version", "t"."ContentSha256", "t"."LoadedAt", "t"."SnapshotId", "t"."Source"
FROM "TaskTypeStationRuleVersions" AS "t"
WHERE "t"."Version" = @__version_0
LIMIT 2
[16:58:18 INF] Executed DbCommand (0ms) [Parameters=[@__version_0='?' (DbType = Int64)], CommandType='Text', CommandTimeout='30']
SELECT "t"."Version", "t"."TaskType", "t"."FixedEnd"
FROM "TaskTypeStationRules" AS "t"
WHERE "t"."Version" = @__version_0
[16:58:18 INF] Executed DbCommand (0ms) [Parameters=[@__mapId_0='?' (DbType = Int32)], CommandType='Text', CommandTimeout='30']
SELECT "t"."MapId", "t"."ActiveVersion", "t"."PendingVersion", "t"."State", "t"."UpdatedAt"
FROM "TaskTypeStationActiveBindingSets" AS "t"
WHERE "t"."MapId" = @__mapId_0
LIMIT 2
[16:58:18 INF] Executed DbCommand (0ms) [Parameters=[@__mapId_0='?' (DbType = Int32)], CommandType='Text', CommandTimeout='30']
SELECT "t"."HoldId", "t"."DetailJson", "t"."MapId", "t"."RaisedAt", "t"."RaisedBy", "t"."ReasonCode", "t"."ReleasedAt", "t"."ReleasedBy", "t"."Source", "t"."TaskType"
FROM "TaskTypeStationHolds" AS "t"
WHERE "t"."MapId" = @__mapId_0 AND "t"."ReleasedAt" IS NULL
[16:58:18 INF] Executed DbCommand (0ms) [Parameters=[@__mapId_0='?' (DbType = Int32)], CommandType='Text', CommandTimeout='30']
SELECT "m"."MapId", "m"."ApprovedMaxUnconfirmedSeconds", "m"."ApprovedSyncPeriodSeconds", "m"."CatalogRevision", "m"."LastAttemptAt", "m"."LastCompleteConfirmationAt", "m"."LastFailureReason", "m"."State", "m"."UpdatedAt"
FROM "MapStationCatalogStates" AS "m"
WHERE "m"."MapId" = @__mapId_0
LIMIT 2
[16:58:18 INF] Executed DbCommand (0ms) [Parameters=[@p3='?' (DbType = Int32), @p0='?' (DbType = DateTimeOffset), @p1='?' (DbType = DateTimeOffset), @p2='?' (DbType = DateTimeOffset)], CommandType='Text', CommandTimeout='30']
UPDATE "MapStationCatalogStates" SET "LastAttemptAt" = @p0, "LastCompleteConfirmationAt" = @p1, "UpdatedAt" = @p2
WHERE "MapId" = @p3
RETURNING 1;
[16:58:18 INF] Executed DbCommand (0ms) [Parameters=[@__mapId_0='?' (DbType = Int32)], CommandType='Text', CommandTimeout='30']
SELECT "t"."MapId", "t"."ActiveVersion", "t"."PendingVersion", "t"."State", "t"."UpdatedAt"
FROM "TaskTypeStationActiveBindingSets" AS "t"
WHERE "t"."MapId" = @__mapId_0
LIMIT 2
[16:58:18 INF] Executed DbCommand (0ms) [Parameters=[@__mapId_0='?' (DbType = Int32), @__version_1='?' (DbType = Int64)], CommandType='Text', CommandTimeout='30']
SELECT "t"."MapId", "t"."Version", "t"."CatalogRevision", "t"."ContentSha256", "t"."LoadedAt", "t"."RuleVersion", "t"."SnapshotId", "t"."Source"
FROM "TaskTypeStationBindingSetVersions" AS "t"
WHERE "t"."MapId" = @__mapId_0 AND "t"."Version" = @__version_1
LIMIT 2
[16:58:18 INF] Executed DbCommand (0ms) [Parameters=[@__mapId_0='?' (DbType = Int32), @__version_1='?' (DbType = Int64)], CommandType='Text', CommandTimeout='30']
SELECT "t"."TaskType"
FROM "TaskTypeStationRequirements" AS "t"
WHERE "t"."MapId" = @__mapId_0 AND "t"."Version" = @__version_1
[16:58:18 INF] Executed DbCommand (0ms) [Parameters=[@__mapId_0='?' (DbType = Int32), @__version_1='?' (DbType = Int64)], CommandType='Text', CommandTimeout='30']
SELECT "t"."MapId", "t"."Version", "t"."TaskType", "t"."SiteVerificationRef", "t"."StationName", "t"."StationRiotId"
FROM "TaskTypeStationBindings" AS "t"
WHERE "t"."MapId" = @__mapId_0 AND "t"."Version" = @__version_1
[16:58:18 INF] Executed DbCommand (0ms) [Parameters=[@__version_0='?' (DbType = Int64)], CommandType='Text', CommandTimeout='30']
SELECT "t"."Version", "t"."ContentSha256", "t"."LoadedAt", "t"."SnapshotId", "t"."Source"
FROM "TaskTypeStationRuleVersions" AS "t"
WHERE "t"."Version" = @__version_0
LIMIT 2
[16:58:18 INF] Executed DbCommand (0ms) [Parameters=[@__version_0='?' (DbType = Int64)], CommandType='Text', CommandTimeout='30']
SELECT "t"."Version", "t"."TaskType", "t"."FixedEnd"
FROM "TaskTypeStationRules" AS "t"
WHERE "t"."Version" = @__version_0
[16:58:18 INF] Executed DbCommand (0ms) [Parameters=[], CommandType='Text', CommandTimeout='30']
SELECT "a"."Id", "a"."ContentHash", "a"."DeploymentId", "a"."ImportedAt", "a"."Version"
FROM "AdmissionPolicyState" AS "a"
WHERE "a"."Id" = 1
LIMIT 2
[16:58:18 INF] Executed DbCommand (0ms) [Parameters=[], CommandType='Text', CommandTimeout='30']
SELECT "j"."DemandId", "j"."AgvId", "j"."AgvLifecycleGeneration", "j"."BlockReasonCode", "j"."BlockReasonSince", "j"."ConsumedSafetyResultMessageId", "j"."ConsumedSublotMessageId", "j"."CreatedAt", "j"."DispatchGeneration", "j"."DispatchZone", "j"."ExpectedBasketCount", "j"."GateMovementLegId", "j"."GatePlanMessageId", "j"."GateStationId", "j"."GateStationRiotId", "j"."GateUpperId", "j"."GateVehicleBusinessMessageId", "j"."GateWorklistMessageId", "j"."LoadCommandMessageId", "j"."LoadSlotOperationAttemptId", "j"."MapId", "j"."MapIdentity", "j"."OperationSessionId", "j"."PickupMovementLegId", "j"."PickupStationId", "j"."PickupStationRiotId", "j"."PickupUpperId", "j"."PlanMessageId", "j"."PlanRevision", "j"."PreDepartureSafetyCheckId", "j"."PreDepartureSafetyCheckMessageId", "j"."RouteEvidenceId", "j"."Stage", "j"."StationDepartureWaitStartedAt", "j"."SublotRequestMessageId", "j"."TargetSlotsJson", "j"."UnloadCommandMessageId", "j"."UnloadSlotOperationAttemptId", "j"."UpdatedAt", "j"."VehicleBusinessMessageId", "j"."VehicleBusinessRevision", "j"."VehicleKey", "j"."WorklistMessageId", "j"."WorklistRevision"
FROM "JourneyRuntimes" AS "j"
WHERE "j"."Stage" <> 'Completed'
[16:58:19 INF] Executed DbCommand (0ms) [Parameters=[@__agvId_0='?' (Size = 10)], CommandType='Text', CommandTimeout='30']
SELECT "s"."AgvId", "s"."ActiveUnlockSlotsJson", "s"."CapabilityHash", "s"."CapabilityRevision", "s"."DepartureSafe", "s"."ForcedRecoveryGeneration", "s"."ManifestSha256", "s"."PendingAttemptIdsJson", "s"."PendingResultIdsJson", "s"."ProfileId", "s"."ProtocolCommit", "s"."ProtocolVersion", "s"."ProvenRecoveryCheckpoint", "s"."Readiness", "s"."ReasonCode", "s"."RecoveryReportId", "s"."ReportedForcedRecoveryGeneration", "s"."ReportedSlotConfigurationFingerprint", "s"."SafetyHash", "s"."SafetyReasonCodesJson", "s"."SafetyRevision", "s"."SafetyUnknownPresent", "s"."SessionGeneration", "s"."UnsettledSlotOperationAttemptId", "s"."UpdatedAt"
FROM "SessionRecoveries" AS "s"
WHERE "s"."AgvId" = @__agvId_0 AND "s"."Readiness" = 'Ready'
LIMIT 2
[16:58:19 INF] Executed DbCommand (0ms) [Parameters=[], CommandType='Text', CommandTimeout='30']
SELECT "p"."MessageId", "p"."AcknowledgedAt", "p"."CreatedAt", "p"."FencedAt", "p"."MessageType", "p"."PayloadJson"
FROM "ProtocolOutbox" AS "p"
WHERE "p"."AcknowledgedAt" IS NULL AND "p"."FencedAt" IS NULL
[16:58:19 ERR] Journey runtime iteration failed closed; no stage is inferred from memory.
System.IO.IOException: No recovered Onboard peer is connected for 'AGV-L2-001'.
   at ControlServer.Host.Transport.OnboardPeer.SendAsync(ReadOnlyMemory`1 ndjsonLine, CancellationToken cancellationToken) in C:\Users\szy\Desktop\8005-workspace-v2\worktrees\rig-hmi119-8005-agv-control-server\src\ControlServer.Host\Transport\OnboardPeer.cs:line 73
   at ControlServer.Host.Transport.OnboardJourneyPublisher.ReplayPendingForSessionAsync(String agvId, Int64 sessionGeneration, IReadOnlySet`1 allowedMessageIds, CancellationToken cancellationToken) in C:\Users\szy\Desktop\8005-workspace-v2\worktrees\rig-hmi119-8005-agv-control-server\src\ControlServer.Host\Transport\OnboardJourneyPublisher.cs:line 42
   at ControlServer.Host.Runtime.JourneyRuntimeEngine.AdvanceAsync(JourneyRuntimeRow runtime, RiotMapStationCatalogSnapshot currentMap, CancellationToken cancellationToken) in C:\Users\szy\Desktop\8005-workspace-v2\worktrees\rig-hmi119-8005-agv-control-server\src\ControlServer.Host\Runtime\JourneyRuntimeEngine.cs:line 650
   at ControlServer.Host.Runtime.JourneyRuntimeEngine.ExecuteOnceAsync(CancellationToken cancellationToken) in C:\Users\szy\Desktop\8005-workspace-v2\worktrees\rig-hmi119-8005-agv-control-server\src\ControlServer.Host\Runtime\JourneyRuntimeEngine.cs:line 266
   at ControlServer.Host.Runtime.JourneyRuntimeWorker.ExecuteAsync(CancellationToken stoppingToken) in C:\Users\szy\Desktop\8005-workspace-v2\worktrees\rig-hmi119-8005-agv-control-server\src\ControlServer.Host\Runtime\JourneyRuntimeWorker.cs:line 51
   at ControlServer.Host.Runtime.JourneyRuntimeWorker.ExecuteAsync(CancellationToken stoppingToken) in C:\Users\szy\Desktop\8005-workspace-v2\worktrees\rig-hmi119-8005-agv-control-server\src\ControlServer.Host\Runtime\JourneyRuntimeWorker.cs:line 51
[16:58:19 INF] Executed DbCommand (0ms) [Parameters=[@__messageId_0='?' (Size = 36)], CommandType='Text', CommandTimeout='30']
SELECT "p"."MessageId", "p"."ContentHash", "p"."FirstResponseJson", "p"."MessageType", "p"."ReceivedAt", "p"."RequestJson"
FROM "ProtocolInbox" AS "p"
WHERE "p"."MessageId" = @__messageId_0
LIMIT 2
[16:58:19 INF] Executed DbCommand (0ms) [Parameters=[@__agvId_0='?' (Size = 10)], CommandType='Text', CommandTimeout='30']
SELECT "s"."SessionGeneration"
FROM "SessionRecoveries" AS "s"
WHERE "s"."AgvId" = @__agvId_0
LIMIT 2
[16:58:19 INF] Executed DbCommand (0ms) [Parameters=[@__identity_AgvId_0='?' (Size = 10)], CommandType='Text', CommandTimeout='30']
SELECT "s"."AgvId", "s"."ActiveUnlockSlotsJson", "s"."CapabilityHash", "s"."CapabilityRevision", "s"."DepartureSafe", "s"."ForcedRecoveryGeneration", "s"."ManifestSha256", "s"."PendingAttemptIdsJson", "s"."PendingResultIdsJson", "s"."ProfileId", "s"."ProtocolCommit", "s"."ProtocolVersion", "s"."ProvenRecoveryCheckpoint", "s"."Readiness", "s"."ReasonCode", "s"."RecoveryReportId", "s"."ReportedForcedRecoveryGeneration", "s"."ReportedSlotConfigurationFingerprint", "s"."SafetyHash", "s"."SafetyReasonCodesJson", "s"."SafetyRevision", "s"."SafetyUnknownPresent", "s"."SessionGeneration", "s"."UnsettledSlotOperationAttemptId", "s"."UpdatedAt"
FROM "SessionRecoveries" AS "s"
WHERE "s"."AgvId" = @__identity_AgvId_0
LIMIT 2
[16:58:19 INF] Executed DbCommand (0ms) [Parameters=[@__identity_AgvId_0='?' (Size = 10)], CommandType='Text', CommandTimeout='30']
SELECT "j"."DemandId", "j"."AgvId", "j"."AgvLifecycleGeneration", "j"."BlockReasonCode", "j"."BlockReasonSince", "j"."ConsumedSafetyResultMessageId", "j"."ConsumedSublotMessageId", "j"."CreatedAt", "j"."DispatchGeneration", "j"."DispatchZone", "j"."ExpectedBasketCount", "j"."GateMovementLegId", "j"."GatePlanMessageId", "j"."GateStationId", "j"."GateStationRiotId", "j"."GateUpperId", "j"."GateVehicleBusinessMessageId", "j"."GateWorklistMessageId", "j"."LoadCommandMessageId", "j"."LoadSlotOperationAttemptId", "j"."MapId", "j"."MapIdentity", "j"."OperationSessionId", "j"."PickupMovementLegId", "j"."PickupStationId", "j"."PickupStationRiotId", "j"."PickupUpperId", "j"."PlanMessageId", "j"."PlanRevision", "j"."PreDepartureSafetyCheckId", "j"."PreDepartureSafetyCheckMessageId", "j"."RouteEvidenceId", "j"."Stage", "j"."StationDepartureWaitStartedAt", "j"."SublotRequestMessageId", "j"."TargetSlotsJson", "j"."UnloadCommandMessageId", "j"."UnloadSlotOperationAttemptId", "j"."UpdatedAt", "j"."VehicleBusinessMessageId", "j"."VehicleBusinessRevision", "j"."VehicleKey", "j"."WorklistMessageId", "j"."WorklistRevision"
FROM "JourneyRuntimes" AS "j"
WHERE "j"."AgvId" = @__identity_AgvId_0 AND "j"."StationDepartureWaitStartedAt" IS NOT NULL
[16:58:19 INF] Executed DbCommand (0ms) [Parameters=[@p1='?' (Size = 36), @p0='?' (DbType = DateTimeOffset)], CommandType='Text', CommandTimeout='30']
UPDATE "JourneyRuntimes" SET "StationDepartureWaitStartedAt" = @p0
WHERE "DemandId" = @p1
RETURNING 1;
[16:58:19 INF] Executed DbCommand (0ms) [Parameters=[@p11='?' (Size = 10), @p0='?', @p1='?' (DbType = Int64), @p2='?' (DbType = Boolean), @p3='?' (Size = 16), @p4='?' (Size = 20), @p5='?', @p6='?', @p7='?', @p8='?' (DbType = Int64), @p9='?' (DbType = Int64), @p10='?' (DbType = DateTimeOffset)], CommandType='Text', CommandTimeout='30']
UPDATE "SessionRecoveries" SET "CapabilityHash" = @p0, "CapabilityRevision" = @p1, "DepartureSafe" = @p2, "Readiness" = @p3, "ReasonCode" = @p4, "RecoveryReportId" = @p5, "ReportedSlotConfigurationFingerprint" = @p6, "SafetyHash" = @p7, "SafetyRevision" = @p8, "SessionGeneration" = @p9, "UpdatedAt" = @p10
WHERE "AgvId" = @p11
RETURNING 1;
[16:58:19 INF] Executed DbCommand (0ms) [Parameters=[@p0='?' (Size = 36), @p1='?' (Size = 64), @p2='?' (Size = 1064), @p3='?' (Size = 12), @p4='?' (DbType = DateTimeOffset), @p5='?' (Size = 1075)], CommandType='Text', CommandTimeout='30']
INSERT INTO "ProtocolInbox" ("MessageId", "ContentHash", "FirstResponseJson", "MessageType", "ReceivedAt", "RequestJson")
VALUES (@p0, @p1, @p2, @p3, @p4, @p5);
[16:58:19 INF] Executed DbCommand (0ms) [Parameters=[@__messageId_0='?' (Size = 36)], CommandType='Text', CommandTimeout='30']
SELECT "p"."MessageId", "p"."ContentHash", "p"."FirstResponseJson", "p"."MessageType", "p"."ReceivedAt", "p"."RequestJson"
FROM "ProtocolInbox" AS "p"
WHERE "p"."MessageId" = @__messageId_0
LIMIT 2
[16:58:19 INF] Executed DbCommand (0ms) [Parameters=[@__agvId_0='?' (Size = 10)], CommandType='Text', CommandTimeout='30']
SELECT "a"."AgvId", "a"."ActivatedAt", "a"."ActivationId", "a"."ConfigurationVersion", "a"."Fingerprint", "a"."SlotModelVersionId", "a"."SnapshotId"
FROM "ActiveSlotConfigurations" AS "a"
WHERE "a"."AgvId" = @__agvId_0
LIMIT 1
[16:58:19 INF] Executed DbCommand (0ms) [Parameters=[@__agvId_0='?' (Size = 10)], CommandType='Text', CommandTimeout='30']
SELECT "a"."AgvId", "a"."ArchiveReason", "a"."ArchivedActiveSlotConfigurationFingerprint", "a"."ArchivedAt", "a"."ArchivedLifecycleGeneration"
FROM "AgvArchives" AS "a"
WHERE "a"."AgvId" = @__agvId_0
LIMIT 1
[16:58:19 INF] Executed DbCommand (0ms) [Parameters=[@__agvId_0='?' (Size = 10)], CommandType='Text', CommandTimeout='30']
SELECT "s"."AgvId", "s"."ActiveUnlockSlotsJson", "s"."CapabilityHash", "s"."CapabilityRevision", "s"."DepartureSafe", "s"."ForcedRecoveryGeneration", "s"."ManifestSha256", "s"."PendingAttemptIdsJson", "s"."PendingResultIdsJson", "s"."ProfileId", "s"."ProtocolCommit", "s"."ProtocolVersion", "s"."ProvenRecoveryCheckpoint", "s"."Readiness", "s"."ReasonCode", "s"."RecoveryReportId", "s"."ReportedForcedRecoveryGeneration", "s"."ReportedSlotConfigurationFingerprint", "s"."SafetyHash", "s"."SafetyReasonCodesJson", "s"."SafetyRevision", "s"."SafetyUnknownPresent", "s"."SessionGeneration", "s"."UnsettledSlotOperationAttemptId", "s"."UpdatedAt"
FROM "SessionRecoveries" AS "s"
WHERE "s"."AgvId" = @__agvId_0
LIMIT 2
[16:58:19 INF] Executed DbCommand (0ms) [Parameters=[@p4='?' (Size = 10), @p0='?' (Size = 64), @p1='?' (DbType = Int64), @p2='?' (Size = 64), @p3='?' (DbType = DateTimeOffset)], CommandType='Text', CommandTimeout='30']
UPDATE "SessionRecoveries" SET "CapabilityHash" = @p0, "CapabilityRevision" = @p1, "ReportedSlotConfigurationFingerprint" = @p2, "UpdatedAt" = @p3
WHERE "AgvId" = @p4
RETURNING 1;
[16:58:19 INF] Executed DbCommand (0ms) [Parameters=[@p0='?' (Size = 36), @p1='?' (Size = 64), @p2='?' (Size = 622), @p3='?' (Size = 18), @p4='?' (DbType = DateTimeOffset), @p5='?' (Size = 2072)], CommandType='Text', CommandTimeout='30']
INSERT INTO "ProtocolInbox" ("MessageId", "ContentHash", "FirstResponseJson", "MessageType", "ReceivedAt", "RequestJson")
VALUES (@p0, @p1, @p2, @p3, @p4, @p5);
[16:58:19 INF] Executed DbCommand (0ms) [Parameters=[@__messageId_0='?' (Size = 36)], CommandType='Text', CommandTimeout='30']
SELECT "p"."MessageId", "p"."ContentHash", "p"."FirstResponseJson", "p"."MessageType", "p"."ReceivedAt", "p"."RequestJson"
FROM "ProtocolInbox" AS "p"
WHERE "p"."MessageId" = @__messageId_0
LIMIT 2
[16:58:19 INF] Executed DbCommand (0ms) [Parameters=[@__agvId_0='?' (Size = 10)], CommandType='Text', CommandTimeout='30']
SELECT "s"."AgvId", "s"."ActiveUnlockSlotsJson", "s"."CapabilityHash", "s"."CapabilityRevision", "s"."DepartureSafe", "s"."ForcedRecoveryGeneration", "s"."ManifestSha256", "s"."PendingAttemptIdsJson", "s"."PendingResultIdsJson", "s"."ProfileId", "s"."ProtocolCommit", "s"."ProtocolVersion", "s"."ProvenRecoveryCheckpoint", "s"."Readiness", "s"."ReasonCode", "s"."RecoveryReportId", "s"."ReportedForcedRecoveryGeneration", "s"."ReportedSlotConfigurationFingerprint", "s"."SafetyHash", "s"."SafetyReasonCodesJson", "s"."SafetyRevision", "s"."SafetyUnknownPresent", "s"."SessionGeneration", "s"."UnsettledSlotOperationAttemptId", "s"."UpdatedAt"
FROM "SessionRecoveries" AS "s"
WHERE "s"."AgvId" = @__agvId_0
LIMIT 2
[16:58:19 INF] Executed DbCommand (0ms) [Parameters=[@p5='?' (Size = 10), @p0='?' (DbType = Boolean), @p1='?' (Size = 64), @p2='?' (Size = 2), @p3='?' (DbType = Int64), @p4='?' (DbType = DateTimeOffset)], CommandType='Text', CommandTimeout='30']
UPDATE "SessionRecoveries" SET "DepartureSafe" = @p0, "SafetyHash" = @p1, "SafetyReasonCodesJson" = @p2, "SafetyRevision" = @p3, "UpdatedAt" = @p4
WHERE "AgvId" = @p5
RETURNING 1;
[16:58:19 INF] Executed DbCommand (0ms) [Parameters=[@p0='?' (Size = 36), @p1='?' (Size = 64), @p2='?' (Size = 624), @p3='?' (Size = 19), @p4='?' (DbType = DateTimeOffset), @p5='?' (Size = 1971)], CommandType='Text', CommandTimeout='30']
INSERT INTO "ProtocolInbox" ("MessageId", "ContentHash", "FirstResponseJson", "MessageType", "ReceivedAt", "RequestJson")
VALUES (@p0, @p1, @p2, @p3, @p4, @p5);
[16:58:19 INF] Executed DbCommand (0ms) [Parameters=[@__messageId_0='?' (Size = 36)], CommandType='Text', CommandTimeout='30']
SELECT "p"."MessageId", "p"."ContentHash", "p"."FirstResponseJson", "p"."MessageType", "p"."ReceivedAt", "p"."RequestJson"
FROM "ProtocolInbox" AS "p"
WHERE "p"."MessageId" = @__messageId_0
LIMIT 2
[16:58:19 INF] Executed DbCommand (0ms) [Parameters=[@__agvId_0='?' (Size = 10)], CommandType='Text', CommandTimeout='30']
SELECT "o"."AlarmsJson"
FROM "OnboardAlarmSnapshots" AS "o"
WHERE "o"."AgvId" = @__agvId_0
LIMIT 1
[16:58:19 INF] Executed DbCommand (0ms) [Parameters=[@__snapshot_AgvId_0='?' (Size = 10)], CommandType='Text', CommandTimeout='30']
SELECT "o"."AgvId", "o"."AlarmsJson", "o"."CapturedAt", "o"."ReceivedAt", "o"."SessionGeneration", "o"."SnapshotSequence"
FROM "OnboardAlarmSnapshots" AS "o"
WHERE "o"."AgvId" = @__snapshot_AgvId_0
LIMIT 1
[16:58:19 INF] Executed DbCommand (0ms) [Parameters=[@p3='?' (Size = 10), @p0='?' (DbType = DateTimeOffset), @p1='?' (DbType = DateTimeOffset), @p2='?' (DbType = Int64)], CommandType='Text', CommandTimeout='30']
UPDATE "OnboardAlarmSnapshots" SET "CapturedAt" = @p0, "ReceivedAt" = @p1, "SessionGeneration" = @p2
WHERE "AgvId" = @p3
RETURNING 1;
[16:58:19 INF] Executed DbCommand (0ms) [Parameters=[@__agvId_0='?' (Size = 10)], CommandType='Text', CommandTimeout='30']
SELECT "o"."AlarmsJson"
FROM "OnboardAlarmSnapshots" AS "o"
WHERE "o"."AgvId" = @__agvId_0
LIMIT 1
[16:58:19 INF] Executed DbCommand (0ms) [Parameters=[@p0='?' (Size = 36), @p1='?' (Size = 64), @p2='?' (Size = 625), @p3='?' (Size = 20), @p4='?' (DbType = DateTimeOffset), @p5='?' (Size = 485)], CommandType='Text', CommandTimeout='30']
INSERT INTO "ProtocolInbox" ("MessageId", "ContentHash", "FirstResponseJson", "MessageType", "ReceivedAt", "RequestJson")
VALUES (@p0, @p1, @p2, @p3, @p4, @p5);
[16:58:19 INF] Executed DbCommand (0ms) [Parameters=[@__messageId_0='?' (Size = 36)], CommandType='Text', CommandTimeout='30']
SELECT "p"."MessageId", "p"."ContentHash", "p"."FirstResponseJson", "p"."MessageType", "p"."ReceivedAt", "p"."RequestJson"
FROM "ProtocolInbox" AS "p"
WHERE "p"."MessageId" = @__messageId_0
LIMIT 2
[16:58:19 INF] Executed DbCommand (0ms) [Parameters=[@__agvId_0='?' (Size = 10)], CommandType='Text', CommandTimeout='30']
SELECT "s"."AgvId", "s"."ActiveUnlockSlotsJson", "s"."CapabilityHash", "s"."CapabilityRevision", "s"."DepartureSafe", "s"."ForcedRecoveryGeneration", "s"."ManifestSha256", "s"."PendingAttemptIdsJson", "s"."PendingResultIdsJson", "s"."ProfileId", "s"."ProtocolCommit", "s"."ProtocolVersion", "s"."ProvenRecoveryCheckpoint", "s"."Readiness", "s"."ReasonCode", "s"."RecoveryReportId", "s"."ReportedForcedRecoveryGeneration", "s"."ReportedSlotConfigurationFingerprint", "s"."SafetyHash", "s"."SafetyReasonCodesJson", "s"."SafetyRevision", "s"."SafetyUnknownPresent", "s"."SessionGeneration", "s"."UnsettledSlotOperationAttemptId", "s"."UpdatedAt"
FROM "SessionRecoveries" AS "s"
WHERE "s"."AgvId" = @__agvId_0
LIMIT 2
[16:58:19 INF] Executed DbCommand (0ms) [Parameters=[@__agvId_0='?' (Size = 10)], CommandType='Text', CommandTimeout='30']
SELECT "v"."ForcedRecoveryGeneration"
FROM "VehicleRecoveryGenerations" AS "v"
WHERE "v"."AgvId" = @__agvId_0
LIMIT 2
[16:58:19 INF] Executed DbCommand (1ms) [Parameters=[@__pending_0='?' (Size = 40)], CommandType='Text', CommandTimeout='30']
SELECT "s"."SlotOperationAttemptId"
FROM "StationOperations" AS "s"
WHERE "s"."SlotOperationAttemptId" IN (
    SELECT "p"."value"
    FROM json_each(@__pending_0) AS "p"
) AND "s"."Status" IN ('Committed', 'Failed', 'Cancelled')
[16:58:19 INF] Executed DbCommand (0ms) [Parameters=[@p7='?' (Size = 10), @p0='?' (Size = 3), @p1='?' (Size = 40), @p2='?' (Size = 17), @p3='?' (Size = 31), @p4='?' (Size = 36), @p5='?' (Size = 36), @p6='?' (DbType = DateTimeOffset)], CommandType='Text', CommandTimeout='30']
UPDATE "SessionRecoveries" SET "ActiveUnlockSlotsJson" = @p0, "PendingAttemptIdsJson" = @p1, "ProvenRecoveryCheckpoint" = @p2, "ReasonCode" = @p3, "RecoveryReportId" = @p4, "UnsettledSlotOperationAttemptId" = @p5, "UpdatedAt" = @p6
WHERE "AgvId" = @p7
RETURNING 1;
[16:58:19 INF] Executed DbCommand (0ms) [Parameters=[@__agvId_0='?' (Size = 10)], CommandType='Text', CommandTimeout='30']
SELECT "s"."AgvId", "s"."ActiveUnlockSlotsJson", "s"."CapabilityHash", "s"."CapabilityRevision", "s"."DepartureSafe", "s"."ForcedRecoveryGeneration", "s"."ManifestSha256", "s"."PendingAttemptIdsJson", "s"."PendingResultIdsJson", "s"."ProfileId", "s"."ProtocolCommit", "s"."ProtocolVersion", "s"."ProvenRecoveryCheckpoint", "s"."Readiness", "s"."ReasonCode", "s"."RecoveryReportId", "s"."ReportedForcedRecoveryGeneration", "s"."ReportedSlotConfigurationFingerprint", "s"."SafetyHash", "s"."SafetyReasonCodesJson", "s"."SafetyRevision", "s"."SafetyUnknownPresent", "s"."SessionGeneration", "s"."UnsettledSlotOperationAttemptId", "s"."UpdatedAt"
FROM "SessionRecoveries" AS "s"
WHERE "s"."AgvId" = @__agvId_0
LIMIT 2
[16:58:19 INF] Executed DbCommand (0ms) [Parameters=[@__agvId_0='?' (Size = 10)], CommandType='Text', CommandTimeout='30']
SELECT EXISTS (
    SELECT 1
    FROM "StationOperations" AS "s"
    INNER JOIN "JourneyRuntimes" AS "j" ON "s"."DemandId" = "j"."DemandId"
    WHERE "j"."AgvId" = @__agvId_0 AND "s"."Status" = 'RecoveryRequired')
[16:58:19 INF] Executed DbCommand (0ms) [Parameters=[@__agvId_0='?' (Size = 10)], CommandType='Text', CommandTimeout='30']
SELECT EXISTS (
    SELECT 1
    FROM "RecoveryWorkflows" AS "r"
    WHERE "r"."AgvId" = @__agvId_0 AND "r"."WorkflowType" = 'FORCED_MECHANICAL_RECOVERY' AND "r"."State" <> 'HistoricalOnly' AND NOT EXISTS (
        SELECT 1
        FROM "HardwareRecoveryRecords" AS "h"
        WHERE "h"."RecoveryActionId" = "r"."WorkflowId"))
[16:58:19 INF] Executed DbCommand (0ms) [Parameters=[@__agvId_0='?' (Size = 10)], CommandType='Text', CommandTimeout='30']
SELECT "a"."AgvId", "a"."ActivatedAt", "a"."ActivationId", "a"."ConfigurationVersion", "a"."Fingerprint", "a"."SlotModelVersionId", "a"."SnapshotId"
FROM "ActiveSlotConfigurations" AS "a"
WHERE "a"."AgvId" = @__agvId_0
LIMIT 1
[16:58:19 INF] Executed DbCommand (0ms) [Parameters=[@p2='?' (Size = 10), @p0='?' (Size = 36), @p1='?' (DbType = DateTimeOffset)], CommandType='Text', CommandTimeout='30']
UPDATE "SessionRecoveries" SET "ReasonCode" = @p0, "UpdatedAt" = @p1
WHERE "AgvId" = @p2
RETURNING 1;
[16:58:19 INF] Executed DbCommand (0ms) [Parameters=[@p0='?' (Size = 36), @p1='?' (Size = 64), @p2='?' (Size = 1275), @p3='?' (Size = 19), @p4='?' (DbType = DateTimeOffset), @p5='?' (Size = 779)], CommandType='Text', CommandTimeout='30']
INSERT INTO "ProtocolInbox" ("MessageId", "ContentHash", "FirstResponseJson", "MessageType", "ReceivedAt", "RequestJson")
VALUES (@p0, @p1, @p2, @p3, @p4, @p5);
[16:58:19 INF] Executed DbCommand (0ms) [Parameters=[@__agvId_0='?' (Size = 10)], CommandType='Text', CommandTimeout='30']
SELECT "r"."CommandMessageId"
FROM "RecoveryWorkflows" AS "r"
WHERE "r"."AgvId" = @__agvId_0 AND "r"."CommandMessageId" IS NOT NULL AND "r"."State" <> 'Reconciled' AND "r"."State" <> 'HistoricalOnly'
[16:58:19 INF] Executed DbCommand (0ms) [Parameters=[], CommandType='Text', CommandTimeout='30']
SELECT "p"."MessageId", "p"."AcknowledgedAt", "p"."CreatedAt", "p"."FencedAt", "p"."MessageType", "p"."PayloadJson"
FROM "ProtocolOutbox" AS "p"
WHERE "p"."MessageType" = 'ExceptionRecoverySessionSnapshot' AND "p"."AcknowledgedAt" IS NULL AND "p"."FencedAt" IS NULL
[16:58:19 INF] Executed DbCommand (0ms) [Parameters=[@__agvId_0='?' (Size = 10)], CommandType='Text', CommandTimeout='30']
SELECT "s"."ActivationId", "s"."AgvId", "s"."CommandMessageId", "s"."ConfigurationVersion", "s"."Fingerprint", "s"."IssuedAt", "s"."Kind", "s"."RecoveryRole", "s"."ResultJson", "s"."ResultReceivedAt", "s"."RolledBackToVersion", "s"."SlotModelVersionId", "s"."SnapshotId", "s"."State"
FROM "SlotConfigurationActivations" AS "s"
WHERE "s"."AgvId" = @__agvId_0 AND "s"."State" = 'PENDING_RESULT' AND "s"."RecoveryRole" = 'SLOT_CONFIGURATION'
[16:58:19 INF] Executed DbCommand (0ms) [Parameters=[@__messageId_0='?' (Size = 36)], CommandType='Text', CommandTimeout='30']
SELECT "p"."MessageId", "p"."ContentHash", "p"."FirstResponseJson", "p"."MessageType", "p"."ReceivedAt", "p"."RequestJson"
FROM "ProtocolInbox" AS "p"
WHERE "p"."MessageId" = @__messageId_0
LIMIT 2
[16:58:19 INF] Executed DbCommand (0ms) [Parameters=[@__agvId_0='?' (Size = 10)], CommandType='Text', CommandTimeout='30']
SELECT "o"."AlarmsJson"
FROM "OnboardAlarmSnapshots" AS "o"
WHERE "o"."AgvId" = @__agvId_0
LIMIT 1
[16:58:19 INF] Executed DbCommand (0ms) [Parameters=[@__snapshot_AgvId_0='?' (Size = 10)], CommandType='Text', CommandTimeout='30']
SELECT "o"."AgvId", "o"."AlarmsJson", "o"."CapturedAt", "o"."ReceivedAt", "o"."SessionGeneration", "o"."SnapshotSequence"
FROM "OnboardAlarmSnapshots" AS "o"
WHERE "o"."AgvId" = @__snapshot_AgvId_0
LIMIT 1
[16:58:19 INF] Executed DbCommand (0ms) [Parameters=[@p4='?' (Size = 10), @p0='?' (Size = 423), @p1='?' (DbType = DateTimeOffset), @p2='?' (DbType = DateTimeOffset), @p3='?' (DbType = Int64)], CommandType='Text', CommandTimeout='30']
UPDATE "OnboardAlarmSnapshots" SET "AlarmsJson" = @p0, "CapturedAt" = @p1, "ReceivedAt" = @p2, "SnapshotSequence" = @p3
WHERE "AgvId" = @p4
RETURNING 1;
[16:58:19 INF] Executed DbCommand (0ms) [Parameters=[@__agvId_0='?' (Size = 10)], CommandType='Text', CommandTimeout='30']
SELECT "o"."AlarmsJson"
FROM "OnboardAlarmSnapshots" AS "o"
WHERE "o"."AgvId" = @__agvId_0
LIMIT 1
[16:58:19 INF] Executed DbCommand (0ms) [Parameters=[@p0='?' (Size = 36), @p1='?' (Size = 64), @p2='?' (Size = 625), @p3='?' (Size = 20), @p4='?' (DbType = DateTimeOffset), @p5='?' (Size = 845)], CommandType='Text', CommandTimeout='30']
INSERT INTO "ProtocolInbox" ("MessageId", "ContentHash", "FirstResponseJson", "MessageType", "ReceivedAt", "RequestJson")
VALUES (@p0, @p1, @p2, @p3, @p4, @p5);
[16:58:19 INF] Executed DbCommand (0ms) [Parameters=[@__messageId_0='?' (Size = 36)], CommandType='Text', CommandTimeout='30']
SELECT "p"."MessageId", "p"."ContentHash", "p"."FirstResponseJson", "p"."MessageType", "p"."ReceivedAt", "p"."RequestJson"
FROM "ProtocolInbox" AS "p"
WHERE "p"."MessageId" = @__messageId_0
LIMIT 2
[16:58:19 INF] Executed DbCommand (1ms) [Parameters=[@__agvId_0='?' (Size = 10)], CommandType='Text', CommandTimeout='30']
SELECT "s"."AgvId", "s"."ActiveUnlockSlotsJson", "s"."CapabilityHash", "s"."CapabilityRevision", "s"."DepartureSafe", "s"."ForcedRecoveryGeneration", "s"."ManifestSha256", "s"."PendingAttemptIdsJson", "s"."PendingResultIdsJson", "s"."ProfileId", "s"."ProtocolCommit", "s"."ProtocolVersion", "s"."ProvenRecoveryCheckpoint", "s"."Readiness", "s"."ReasonCode", "s"."RecoveryReportId", "s"."ReportedForcedRecoveryGeneration", "s"."ReportedSlotConfigurationFingerprint", "s"."SafetyHash", "s"."SafetyReasonCodesJson", "s"."SafetyRevision", "s"."SafetyUnknownPresent", "s"."SessionGeneration", "s"."UnsettledSlotOperationAttemptId", "s"."UpdatedAt"
FROM "SessionRecoveries" AS "s"
WHERE "s"."AgvId" = @__agvId_0
LIMIT 2
[16:58:19 INF] Executed DbCommand (0ms) [Parameters=[@p4='?' (Size = 10), @p0='?' (Size = 20), @p1='?' (Size = 64), @p2='?' (DbType = Int64), @p3='?' (DbType = DateTimeOffset)], CommandType='Text', CommandTimeout='30']
UPDATE "SessionRecoveries" SET "ReasonCode" = @p0, "SafetyHash" = @p1, "SafetyRevision" = @p2, "UpdatedAt" = @p3
WHERE "AgvId" = @p4
RETURNING 1;
[16:58:19 INF] Executed DbCommand (0ms) [Parameters=[@__agvId_0='?' (Size = 10)], CommandType='Text', CommandTimeout='30']
SELECT "s"."AgvId", "s"."ActiveUnlockSlotsJson", "s"."CapabilityHash", "s"."CapabilityRevision", "s"."DepartureSafe", "s"."ForcedRecoveryGeneration", "s"."ManifestSha256", "s"."PendingAttemptIdsJson", "s"."PendingResultIdsJson", "s"."ProfileId", "s"."ProtocolCommit", "s"."ProtocolVersion", "s"."ProvenRecoveryCheckpoint", "s"."Readiness", "s"."ReasonCode", "s"."RecoveryReportId", "s"."ReportedForcedRecoveryGeneration", "s"."ReportedSlotConfigurationFingerprint", "s"."SafetyHash", "s"."SafetyReasonCodesJson", "s"."SafetyRevision", "s"."SafetyUnknownPresent", "s"."SessionGeneration", "s"."UnsettledSlotOperationAttemptId", "s"."UpdatedAt"
FROM "SessionRecoveries" AS "s"
WHERE "s"."AgvId" = @__agvId_0
LIMIT 2
[16:58:19 INF] Executed DbCommand (0ms) [Parameters=[@__agvId_0='?' (Size = 10)], CommandType='Text', CommandTimeout='30']
SELECT EXISTS (
    SELECT 1
    FROM "StationOperations" AS "s"
    INNER JOIN "JourneyRuntimes" AS "j" ON "s"."DemandId" = "j"."DemandId"
    WHERE "j"."AgvId" = @__agvId_0 AND "s"."Status" = 'RecoveryRequired')
[16:58:19 INF] Executed DbCommand (0ms) [Parameters=[@__agvId_0='?' (Size = 10)], CommandType='Text', CommandTimeout='30']
SELECT EXISTS (
    SELECT 1
    FROM "RecoveryWorkflows" AS "r"
    WHERE "r"."AgvId" = @__agvId_0 AND "r"."WorkflowType" = 'FORCED_MECHANICAL_RECOVERY' AND "r"."State" <> 'HistoricalOnly' AND NOT EXISTS (
        SELECT 1
        FROM "HardwareRecoveryRecords" AS "h"
        WHERE "h"."RecoveryActionId" = "r"."WorkflowId"))
[16:58:19 INF] Executed DbCommand (0ms) [Parameters=[@__agvId_0='?' (Size = 10)], CommandType='Text', CommandTimeout='30']
SELECT "a"."AgvId", "a"."ActivatedAt", "a"."ActivationId", "a"."ConfigurationVersion", "a"."Fingerprint", "a"."SlotModelVersionId", "a"."SnapshotId"
FROM "ActiveSlotConfigurations" AS "a"
WHERE "a"."AgvId" = @__agvId_0
LIMIT 1
[16:58:19 INF] Executed DbCommand (0ms) [Parameters=[@p2='?' (Size = 10), @p0='?' (Size = 36), @p1='?' (DbType = DateTimeOffset)], CommandType='Text', CommandTimeout='30']
UPDATE "SessionRecoveries" SET "ReasonCode" = @p0, "UpdatedAt" = @p1
WHERE "AgvId" = @p2
RETURNING 1;
[16:58:19 INF] Executed DbCommand (0ms) [Parameters=[@__agvId_0='?' (Size = 10)], CommandType='Text', CommandTimeout='30']
SELECT "o"."AlarmsJson"
FROM "OnboardAlarmSnapshots" AS "o"
WHERE "o"."AgvId" = @__agvId_0
LIMIT 1
[16:58:19 INF] Executed DbCommand (0ms) [Parameters=[@p0='?' (Size = 36), @p1='?' (Size = 64), @p2='?' (Size = 1274), @p3='?' (Size = 18), @p4='?' (DbType = DateTimeOffset), @p5='?' (Size = 653)], CommandType='Text', CommandTimeout='30']
INSERT INTO "ProtocolInbox" ("MessageId", "ContentHash", "FirstResponseJson", "MessageType", "ReceivedAt", "RequestJson")
VALUES (@p0, @p1, @p2, @p3, @p4, @p5);
[16:58:19 INF] Executed DbCommand (0ms) [Parameters=[@__messageId_0='?' (Size = 36)], CommandType='Text', CommandTimeout='30']
SELECT "p"."MessageId", "p"."ContentHash", "p"."FirstResponseJson", "p"."MessageType", "p"."ReceivedAt", "p"."RequestJson"
FROM "ProtocolInbox" AS "p"
WHERE "p"."MessageId" = @__messageId_0
LIMIT 2
[16:58:19 INF] Executed DbCommand (0ms) [Parameters=[@__slotOperationAttemptId_0='?' (Size = 36)], CommandType='Text', CommandTimeout='30']
SELECT "s"."ForcedRecoveryGeneration"
FROM "StationOperations" AS "s"
WHERE "s"."SlotOperationAttemptId" = @__slotOperationAttemptId_0
LIMIT 2
[16:58:19 INF] Executed DbCommand (0ms) [Parameters=[@__demandId_0='?' (Size = 36)], CommandType='Text', CommandTimeout='30']
SELECT "j"."DemandId", "j"."AgvId", "j"."AgvLifecycleGeneration", "j"."BlockReasonCode", "j"."BlockReasonSince", "j"."ConsumedSafetyResultMessageId", "j"."ConsumedSublotMessageId", "j"."CreatedAt", "j"."DispatchGeneration", "j"."DispatchZone", "j"."ExpectedBasketCount", "j"."GateMovementLegId", "j"."GatePlanMessageId", "j"."GateStationId", "j"."GateStationRiotId", "j"."GateUpperId", "j"."GateVehicleBusinessMessageId", "j"."GateWorklistMessageId", "j"."LoadCommandMessageId", "j"."LoadSlotOperationAttemptId", "j"."MapId", "j"."MapIdentity", "j"."OperationSessionId", "j"."PickupMovementLegId", "j"."PickupStationId", "j"."PickupStationRiotId", "j"."PickupUpperId", "j"."PlanMessageId", "j"."PlanRevision", "j"."PreDepartureSafetyCheckId", "j"."PreDepartureSafetyCheckMessageId", "j"."RouteEvidenceId", "j"."Stage", "j"."StationDepartureWaitStartedAt", "j"."SublotRequestMessageId", "j"."TargetSlotsJson", "j"."UnloadCommandMessageId", "j"."UnloadSlotOperationAttemptId", "j"."UpdatedAt", "j"."VehicleBusinessMessageId", "j"."VehicleBusinessRevision", "j"."VehicleKey", "j"."WorklistMessageId", "j"."WorklistRevision"
FROM "JourneyRuntimes" AS "j"
WHERE "j"."DemandId" = @__demandId_0
LIMIT 2
[16:58:19 INF] Start processing HTTP request GET http://127.0.0.1:48408/api/task/v1/task/getVehicleInfo/BROKERX-L2-0001
[16:58:19 INF] Sending HTTP request GET http://127.0.0.1:48408/api/task/v1/task/getVehicleInfo/BROKERX-L2-0001
[16:58:19 INF] Executed DbCommand (0ms) [Parameters=[@__result_ResultId_0='?' (Size = 36)], CommandType='Text', CommandTimeout='30']
SELECT "o"."ResultId", "o"."AgvId", "o"."ContentHash", "o"."EvidenceJson", "o"."ForcedRecoveryGeneration", "o"."HistoricalOnly", "o"."ObservedAt", "o"."OverallOutcome", "o"."ReceivedAt", "o"."ResultContentSha256", "o"."SlotOperationAttemptId", "o"."SupersededByResultId"
FROM "OperationResults" AS "o"
WHERE "o"."ResultId" = @__result_ResultId_0
LIMIT 2
[16:58:19 INF] Received HTTP response headers after 3.0819ms - 200
[16:58:19 INF] End processing HTTP request after 4.7454ms - 200
[16:58:19 INF] Start processing HTTP request GET http://127.0.0.1:48408/api/order/v1/orderRecord?pageNum=1&pageSize=100&filterByState=1&filterByState=3&filterByState=7&filterByState=9
[16:58:19 INF] Sending HTTP request GET http://127.0.0.1:48408/api/order/v1/orderRecord?pageNum=1&pageSize=100&filterByState=1&filterByState=3&filterByState=7&filterByState=9
[16:58:19 INF] Received HTTP response headers after 1.7662ms - 200
[16:58:19 INF] End processing HTTP request after 3.265ms - 200
[16:58:19 INF] HTTP GET /api/onboard/v1/vehicle-safety responded 200 in 9.7789 ms
[16:58:19 INF] Executed DbCommand (0ms) [Parameters=[@__result_SlotOperationAttemptId_0='?' (Size = 36), @__forcedRecoveryGeneration_1='?' (DbType = Int64)], CommandType='Text', CommandTimeout='30']
SELECT "o"."ResultId", "o"."AgvId", "o"."ContentHash", "o"."EvidenceJson", "o"."ForcedRecoveryGeneration", "o"."HistoricalOnly", "o"."ObservedAt", "o"."OverallOutcome", "o"."ReceivedAt", "o"."ResultContentSha256", "o"."SlotOperationAttemptId", "o"."SupersededByResultId"
FROM "OperationResults" AS "o"
WHERE "o"."SlotOperationAttemptId" = @__result_SlotOperationAttemptId_0 AND "o"."ForcedRecoveryGeneration" = @__forcedRecoveryGeneration_1 AND "o"."SupersededByResultId" IS NULL
[16:58:19 INF] Executed DbCommand (0ms) [Parameters=[@__agvId_0='?' (Size = 10)], CommandType='Text', CommandTimeout='30']
SELECT "v"."ForcedRecoveryGeneration"
FROM "VehicleRecoveryGenerations" AS "v"
WHERE "v"."AgvId" = @__agvId_0
LIMIT 2
[16:58:19 INF] Executed DbCommand (0ms) [Parameters=[@__result_SlotOperationAttemptId_0='?' (Size = 36)], CommandType='Text', CommandTimeout='30']
SELECT "s"."SlotOperationAttemptId", "s"."CommittedAt", "s"."ContentHash", "s"."CreatedAt", "s"."DemandId", "s"."EvidenceJson", "s"."ForcedRecoveryGeneration", "s"."OperationType", "s"."Status", "s"."SublotId", "s"."TargetSlotsJson"
FROM "StationOperations" AS "s"
WHERE "s"."SlotOperationAttemptId" = @__result_SlotOperationAttemptId_0
LIMIT 2
[16:58:19 INF] Executed DbCommand (0ms) [Parameters=[@__result_DemandId_0='?' (Size = 36)], CommandType='Text', CommandTimeout='30']
SELECT "a"."DemandId", "a"."AcceptedAt", "a"."CatalogRevision", "a"."CreatedAt", "a"."DemandRevision", "a"."Generation", "a"."HistoryEpoch", "a"."LiveMesFieldsJson", "a"."SeriesId", "a"."Status", "a"."Sublot", "a"."TransportDemandKey", "a"."ValueObservedAt", "a"."ValuePollTraceId", "a"."ValueProjectionCommitId", "a"."WorkType"
FROM "AcceptedDemands" AS "a"
WHERE "a"."DemandId" = @__result_DemandId_0
LIMIT 2
[16:58:19 INF] Executed DbCommand (0ms) [Parameters=[@p1='?' (Size = 36), @p0='?' (Size = 16)], CommandType='Text', CommandTimeout='30']
UPDATE "AcceptedDemands" SET "Status" = @p0
WHERE "DemandId" = @p1
RETURNING 1;
[16:58:19 INF] Executed DbCommand (0ms) [Parameters=[@p0='?' (Size = 36), @p1='?' (Size = 10), @p2='?' (Size = 64), @p3='?' (Size = 71), @p4='?' (DbType = Int64), @p5='?' (DbType = Boolean), @p6='?' (DbType = DateTimeOffset), @p7='?' (Size = 7), @p8='?' (DbType = DateTimeOffset), @p9='?' (Size = 64), @p10='?' (Size = 36), @p11='?'], CommandType='Text', CommandTimeout='30']
INSERT INTO "OperationResults" ("ResultId", "AgvId", "ContentHash", "EvidenceJson", "ForcedRecoveryGeneration", "HistoricalOnly", "ObservedAt", "OverallOutcome", "ReceivedAt", "ResultContentSha256", "SlotOperationAttemptId", "SupersededByResultId")
VALUES (@p0, @p1, @p2, @p3, @p4, @p5, @p6, @p7, @p8, @p9, @p10, @p11);
[16:58:19 INF] Executed DbCommand (0ms) [Parameters=[@p1='?' (Size = 36), @p0='?' (Size = 16)], CommandType='Text', CommandTimeout='30']
UPDATE "StationOperations" SET "Status" = @p0
WHERE "SlotOperationAttemptId" = @p1
RETURNING 1;
[16:58:19 INF] Executed DbCommand (0ms) [Parameters=[@__slotOperationAttemptId_0='?' (Size = 36)], CommandType='Text', CommandTimeout='30']
SELECT "r"."WorkflowId", "r"."AgvId", "r"."CommandContentHash", "r"."CommandMessageId", "r"."CommandMessageType", "r"."CreatedAt", "r"."DemandId", "r"."ExceptionRecoverySessionId", "r"."ForcedRecoveryGeneration", "r"."HandoffId", "r"."Outcome", "r"."RequestContentHash", "r"."RequestMessageId", "r"."ResultContentHash", "r"."ResultMessageId", "r"."SlotOperationAttemptId", "r"."SlotsJson", "r"."State", "r"."UpdatedAt", "r"."WorkflowType"
FROM "RecoveryWorkflows" AS "r"
WHERE "r"."WorkflowType" = 'RESUME_AFTER_REPAIR' AND "r"."SlotOperationAttemptId" = @__slotOperationAttemptId_0 AND "r"."State" IN ('CommandPending', 'AwaitingResult')
LIMIT 2
[16:58:19 INF] Executed DbCommand (0ms) [Parameters=[@__agvId_0='?' (Size = 10)], CommandType='Text', CommandTimeout='30']
SELECT "s"."AgvId", "s"."ActiveUnlockSlotsJson", "s"."CapabilityHash", "s"."CapabilityRevision", "s"."DepartureSafe", "s"."ForcedRecoveryGeneration", "s"."ManifestSha256", "s"."PendingAttemptIdsJson", "s"."PendingResultIdsJson", "s"."ProfileId", "s"."ProtocolCommit", "s"."ProtocolVersion", "s"."ProvenRecoveryCheckpoint", "s"."Readiness", "s"."ReasonCode", "s"."RecoveryReportId", "s"."ReportedForcedRecoveryGeneration", "s"."ReportedSlotConfigurationFingerprint", "s"."SafetyHash", "s"."SafetyReasonCodesJson", "s"."SafetyRevision", "s"."SafetyUnknownPresent", "s"."SessionGeneration", "s"."UnsettledSlotOperationAttemptId", "s"."UpdatedAt"
FROM "SessionRecoveries" AS "s"
WHERE "s"."AgvId" = @__agvId_0
LIMIT 2
[16:58:19 INF] Executed DbCommand (0ms) [Parameters=[@__agvId_0='?' (Size = 10)], CommandType='Text', CommandTimeout='30']
SELECT "s"."AgvId", "s"."ActiveUnlockSlotsJson", "s"."CapabilityHash", "s"."CapabilityRevision", "s"."DepartureSafe", "s"."ForcedRecoveryGeneration", "s"."ManifestSha256", "s"."PendingAttemptIdsJson", "s"."PendingResultIdsJson", "s"."ProfileId", "s"."ProtocolCommit", "s"."ProtocolVersion", "s"."ProvenRecoveryCheckpoint", "s"."Readiness", "s"."ReasonCode", "s"."RecoveryReportId", "s"."ReportedForcedRecoveryGeneration", "s"."ReportedSlotConfigurationFingerprint", "s"."SafetyHash", "s"."SafetyReasonCodesJson", "s"."SafetyRevision", "s"."SafetyUnknownPresent", "s"."SessionGeneration", "s"."UnsettledSlotOperationAttemptId", "s"."UpdatedAt"
FROM "SessionRecoveries" AS "s"
WHERE "s"."AgvId" = @__agvId_0
LIMIT 2
[16:58:19 INF] Executed DbCommand (0ms) [Parameters=[@__pending_0='?' (Size = 40)], CommandType='Text', CommandTimeout='30']
SELECT "s"."SlotOperationAttemptId"
FROM "StationOperations" AS "s"
WHERE "s"."SlotOperationAttemptId" IN (
    SELECT "p"."value"
    FROM json_each(@__pending_0) AS "p"
) AND "s"."Status" IN ('Committed', 'Failed', 'Cancelled')
[16:58:19 INF] Executed DbCommand (0ms) [Parameters=[@__agvId_0='?' (Size = 10)], CommandType='Text', CommandTimeout='30']
SELECT "s"."AgvId", "s"."ActiveUnlockSlotsJson", "s"."CapabilityHash", "s"."CapabilityRevision", "s"."DepartureSafe", "s"."ForcedRecoveryGeneration", "s"."ManifestSha256", "s"."PendingAttemptIdsJson", "s"."PendingResultIdsJson", "s"."ProfileId", "s"."ProtocolCommit", "s"."ProtocolVersion", "s"."ProvenRecoveryCheckpoint", "s"."Readiness", "s"."ReasonCode", "s"."RecoveryReportId", "s"."ReportedForcedRecoveryGeneration", "s"."ReportedSlotConfigurationFingerprint", "s"."SafetyHash", "s"."SafetyReasonCodesJson", "s"."SafetyRevision", "s"."SafetyUnknownPresent", "s"."SessionGeneration", "s"."UnsettledSlotOperationAttemptId", "s"."UpdatedAt"
FROM "SessionRecoveries" AS "s"
WHERE "s"."AgvId" = @__agvId_0
LIMIT 2
[16:58:19 INF] Executed DbCommand (0ms) [Parameters=[@__agvId_0='?' (Size = 10)], CommandType='Text', CommandTimeout='30']
SELECT EXISTS (
    SELECT 1
    FROM "StationOperations" AS "s"
    INNER JOIN "JourneyRuntimes" AS "j" ON "s"."DemandId" = "j"."DemandId"
    WHERE "j"."AgvId" = @__agvId_0 AND "s"."Status" = 'RecoveryRequired')
[16:58:19 INF] Executed DbCommand (0ms) [Parameters=[@__agvId_0='?' (Size = 10)], CommandType='Text', CommandTimeout='30']
SELECT EXISTS (
    SELECT 1
    FROM "RecoveryWorkflows" AS "r"
    WHERE "r"."AgvId" = @__agvId_0 AND "r"."WorkflowType" = 'FORCED_MECHANICAL_RECOVERY' AND "r"."State" <> 'HistoricalOnly' AND NOT EXISTS (
        SELECT 1
        FROM "HardwareRecoveryRecords" AS "h"
        WHERE "h"."RecoveryActionId" = "r"."WorkflowId"))
[16:58:19 INF] Executed DbCommand (0ms) [Parameters=[@__agvId_0='?' (Size = 10)], CommandType='Text', CommandTimeout='30']
SELECT "a"."AgvId", "a"."ActivatedAt", "a"."ActivationId", "a"."ConfigurationVersion", "a"."Fingerprint", "a"."SlotModelVersionId", "a"."SnapshotId"
FROM "ActiveSlotConfigurations" AS "a"
WHERE "a"."AgvId" = @__agvId_0
LIMIT 1
[16:58:19 INF] Executed DbCommand (0ms) [Parameters=[@p1='?' (Size = 10), @p0='?' (DbType = DateTimeOffset)], CommandType='Text', CommandTimeout='30']
UPDATE "SessionRecoveries" SET "UpdatedAt" = @p0
WHERE "AgvId" = @p1
RETURNING 1;
[16:58:19 INF] Executed DbCommand (0ms) [Parameters=[@p0='?' (Size = 36), @p1='?' (Size = 64), @p2='?' (Size = 663), @p3='?' (Size = 15), @p4='?' (DbType = DateTimeOffset), @p5='?' (Size = 910)], CommandType='Text', CommandTimeout='30']
INSERT INTO "ProtocolInbox" ("MessageId", "ContentHash", "FirstResponseJson", "MessageType", "ReceivedAt", "RequestJson")
VALUES (@p0, @p1, @p2, @p3, @p4, @p5);
[16:58:19 INF] Executed DbCommand (0ms) [Parameters=[], CommandType='Text', CommandTimeout='30']
SELECT "p"."MessageId", "p"."AcknowledgedAt", "p"."CreatedAt", "p"."FencedAt", "p"."MessageType", "p"."PayloadJson"
FROM "ProtocolOutbox" AS "p"
WHERE "p"."MessageType" = 'ExceptionRecoverySessionSnapshot' AND "p"."AcknowledgedAt" IS NULL AND "p"."FencedAt" IS NULL
[16:58:19 INF] Start processing HTTP request GET http://127.0.0.1:48408/api/imap/v1/mapInfo/stations/25
[16:58:19 INF] Sending HTTP request GET http://127.0.0.1:48408/api/imap/v1/mapInfo/stations/25
[16:58:19 INF] Received HTTP response headers after 2.0029ms - 200
[16:58:19 INF] End processing HTTP request after 3.6206ms - 200
[16:58:19 INF] Executed DbCommand (0ms) [Parameters=[@__mapId_0='?' (DbType = Int32)], CommandType='Text', CommandTimeout='30']
SELECT "t"."MapId", "t"."ActiveVersion", "t"."PendingVersion", "t"."State", "t"."UpdatedAt"
FROM "TaskTypeStationActiveBindingSets" AS "t"
WHERE "t"."MapId" = @__mapId_0
LIMIT 2
[16:58:19 INF] Executed DbCommand (0ms) [Parameters=[@__mapId_0='?' (DbType = Int32), @__version_1='?' (DbType = Int64)], CommandType='Text', CommandTimeout='30']
SELECT "t"."MapId", "t"."Version", "t"."CatalogRevision", "t"."ContentSha256", "t"."LoadedAt", "t"."RuleVersion", "t"."SnapshotId", "t"."Source"
FROM "TaskTypeStationBindingSetVersions" AS "t"
WHERE "t"."MapId" = @__mapId_0 AND "t"."Version" = @__version_1
LIMIT 2
[16:58:19 INF] Executed DbCommand (0ms) [Parameters=[@__mapId_0='?' (DbType = Int32), @__version_1='?' (DbType = Int64)], CommandType='Text', CommandTimeout='30']
SELECT "t"."TaskType"
FROM "TaskTypeStationRequirements" AS "t"
WHERE "t"."MapId" = @__mapId_0 AND "t"."Version" = @__version_1
[16:58:19 INF] Executed DbCommand (0ms) [Parameters=[@__mapId_0='?' (DbType = Int32), @__version_1='?' (DbType = Int64)], CommandType='Text', CommandTimeout='30']
SELECT "t"."MapId", "t"."Version", "t"."TaskType", "t"."SiteVerificationRef", "t"."StationName", "t"."StationRiotId"
FROM "TaskTypeStationBindings" AS "t"
WHERE "t"."MapId" = @__mapId_0 AND "t"."Version" = @__version_1
[16:58:19 INF] Executed DbCommand (0ms) [Parameters=[@__version_0='?' (DbType = Int64)], CommandType='Text', CommandTimeout='30']
SELECT "t"."Version", "t"."ContentSha256", "t"."LoadedAt", "t"."SnapshotId", "t"."Source"
FROM "TaskTypeStationRuleVersions" AS "t"
WHERE "t"."Version" = @__version_0
LIMIT 2
[16:58:19 INF] Executed DbCommand (0ms) [Parameters=[@__version_0='?' (DbType = Int64)], CommandType='Text', CommandTimeout='30']
SELECT "t"."Version", "t"."TaskType", "t"."FixedEnd"
FROM "TaskTypeStationRules" AS "t"
WHERE "t"."Version" = @__version_0
[16:58:19 INF] Executed DbCommand (0ms) [Parameters=[@__mapId_0='?' (DbType = Int32)], CommandType='Text', CommandTimeout='30']
SELECT "t"."MapId", "t"."ActiveVersion", "t"."PendingVersion", "t"."State", "t"."UpdatedAt"
FROM "TaskTypeStationActiveBindingSets" AS "t"
WHERE "t"."MapId" = @__mapId_0
LIMIT 2
[16:58:19 INF] Executed DbCommand (0ms) [Parameters=[@__mapId_0='?' (DbType = Int32)], CommandType='Text', CommandTimeout='30']
SELECT "t"."HoldId", "t"."DetailJson", "t"."MapId", "t"."RaisedAt", "t"."RaisedBy", "t"."ReasonCode", "t"."ReleasedAt", "t"."ReleasedBy", "t"."Source", "t"."TaskType"
FROM "TaskTypeStationHolds" AS "t"
WHERE "t"."MapId" = @__mapId_0 AND "t"."ReleasedAt" IS NULL
[16:58:19 INF] Executed DbCommand (0ms) [Parameters=[@__mapId_0='?' (DbType = Int32)], CommandType='Text', CommandTimeout='30']
SELECT "m"."MapId", "m"."ApprovedMaxUnconfirmedSeconds", "m"."ApprovedSyncPeriodSeconds", "m"."CatalogRevision", "m"."LastAttemptAt", "m"."LastCompleteConfirmationAt", "m"."LastFailureReason", "m"."State", "m"."UpdatedAt"
FROM "MapStationCatalogStates" AS "m"
WHERE "m"."MapId" = @__mapId_0
LIMIT 2
[16:58:19 INF] Executed DbCommand (0ms) [Parameters=[@p3='?' (DbType = Int32), @p0='?' (DbType = DateTimeOffset), @p1='?' (DbType = DateTimeOffset), @p2='?' (DbType = DateTimeOffset)], CommandType='Text', CommandTimeout='30']
UPDATE "MapStationCatalogStates" SET "LastAttemptAt" = @p0, "LastCompleteConfirmationAt" = @p1, "UpdatedAt" = @p2
WHERE "MapId" = @p3
RETURNING 1;
[16:58:19 INF] Executed DbCommand (0ms) [Parameters=[@__mapId_0='?' (DbType = Int32)], CommandType='Text', CommandTimeout='30']
SELECT "t"."MapId", "t"."ActiveVersion", "t"."PendingVersion", "t"."State", "t"."UpdatedAt"
FROM "TaskTypeStationActiveBindingSets" AS "t"
WHERE "t"."MapId" = @__mapId_0
LIMIT 2
[16:58:19 INF] Executed DbCommand (0ms) [Parameters=[@__mapId_0='?' (DbType = Int32), @__version_1='?' (DbType = Int64)], CommandType='Text', CommandTimeout='30']
SELECT "t"."MapId", "t"."Version", "t"."CatalogRevision", "t"."ContentSha256", "t"."LoadedAt", "t"."RuleVersion", "t"."SnapshotId", "t"."Source"
FROM "TaskTypeStationBindingSetVersions" AS "t"
WHERE "t"."MapId" = @__mapId_0 AND "t"."Version" = @__version_1
LIMIT 2
[16:58:19 INF] Executed DbCommand (0ms) [Parameters=[@__mapId_0='?' (DbType = Int32), @__version_1='?' (DbType = Int64)], CommandType='Text', CommandTimeout='30']
SELECT "t"."TaskType"
FROM "TaskTypeStationRequirements" AS "t"
WHERE "t"."MapId" = @__mapId_0 AND "t"."Version" = @__version_1
[16:58:19 INF] Executed DbCommand (0ms) [Parameters=[@__mapId_0='?' (DbType = Int32), @__version_1='?' (DbType = Int64)], CommandType='Text', CommandTimeout='30']
SELECT "t"."MapId", "t"."Version", "t"."TaskType", "t"."SiteVerificationRef", "t"."StationName", "t"."StationRiotId"
FROM "TaskTypeStationBindings" AS "t"
WHERE "t"."MapId" = @__mapId_0 AND "t"."Version" = @__version_1
[16:58:19 INF] Executed DbCommand (0ms) [Parameters=[@__version_0='?' (DbType = Int64)], CommandType='Text', CommandTimeout='30']
SELECT "t"."Version", "t"."ContentSha256", "t"."LoadedAt", "t"."SnapshotId", "t"."Source"
FROM "TaskTypeStationRuleVersions" AS "t"
WHERE "t"."Version" = @__version_0
LIMIT 2
[16:58:19 INF] Executed DbCommand (0ms) [Parameters=[@__version_0='?' (DbType = Int64)], CommandType='Text', CommandTimeout='30']
SELECT "t"."Version", "t"."TaskType", "t"."FixedEnd"
FROM "TaskTypeStationRules" AS "t"
WHERE "t"."Version" = @__version_0
[16:58:19 INF] Executed DbCommand (0ms) [Parameters=[], CommandType='Text', CommandTimeout='30']
SELECT "a"."Id", "a"."ContentHash", "a"."DeploymentId", "a"."ImportedAt", "a"."Version"
FROM "AdmissionPolicyState" AS "a"
WHERE "a"."Id" = 1
LIMIT 2
[16:58:19 INF] Executed DbCommand (0ms) [Parameters=[], CommandType='Text', CommandTimeout='30']
SELECT "j"."DemandId", "j"."AgvId", "j"."AgvLifecycleGeneration", "j"."BlockReasonCode", "j"."BlockReasonSince", "j"."ConsumedSafetyResultMessageId", "j"."ConsumedSublotMessageId", "j"."CreatedAt", "j"."DispatchGeneration", "j"."DispatchZone", "j"."ExpectedBasketCount", "j"."GateMovementLegId", "j"."GatePlanMessageId", "j"."GateStationId", "j"."GateStationRiotId", "j"."GateUpperId", "j"."GateVehicleBusinessMessageId", "j"."GateWorklistMessageId", "j"."LoadCommandMessageId", "j"."LoadSlotOperationAttemptId", "j"."MapId", "j"."MapIdentity", "j"."OperationSessionId", "j"."PickupMovementLegId", "j"."PickupStationId", "j"."PickupStationRiotId", "j"."PickupUpperId", "j"."PlanMessageId", "j"."PlanRevision", "j"."PreDepartureSafetyCheckId", "j"."PreDepartureSafetyCheckMessageId", "j"."RouteEvidenceId", "j"."Stage", "j"."StationDepartureWaitStartedAt", "j"."SublotRequestMessageId", "j"."TargetSlotsJson", "j"."UnloadCommandMessageId", "j"."UnloadSlotOperationAttemptId", "j"."UpdatedAt", "j"."VehicleBusinessMessageId", "j"."VehicleBusinessRevision", "j"."VehicleKey", "j"."WorklistMessageId", "j"."WorklistRevision"
FROM "JourneyRuntimes" AS "j"
WHERE "j"."Stage" <> 'Completed'
[16:58:19 INF] Executed DbCommand (0ms) [Parameters=[@__agvId_0='?' (Size = 10)], CommandType='Text', CommandTimeout='30']
SELECT "s"."AgvId", "s"."ActiveUnlockSlotsJson", "s"."CapabilityHash", "s"."CapabilityRevision", "s"."DepartureSafe", "s"."ForcedRecoveryGeneration", "s"."ManifestSha256", "s"."PendingAttemptIdsJson", "s"."PendingResultIdsJson", "s"."ProfileId", "s"."ProtocolCommit", "s"."ProtocolVersion", "s"."ProvenRecoveryCheckpoint", "s"."Readiness", "s"."ReasonCode", "s"."RecoveryReportId", "s"."ReportedForcedRecoveryGeneration", "s"."ReportedSlotConfigurationFingerprint", "s"."SafetyHash", "s"."SafetyReasonCodesJson", "s"."SafetyRevision", "s"."SafetyUnknownPresent", "s"."SessionGeneration", "s"."UnsettledSlotOperationAttemptId", "s"."UpdatedAt"
FROM "SessionRecoveries" AS "s"
WHERE "s"."AgvId" = @__agvId_0 AND "s"."Readiness" = 'Ready'
LIMIT 2
[16:58:19 INF] Executed DbCommand (0ms) [Parameters=[@__attemptId_0='?' (Size = 36)], CommandType='Text', CommandTimeout='30']
SELECT "s"."SlotOperationAttemptId", "s"."CommittedAt", "s"."ContentHash", "s"."CreatedAt", "s"."DemandId", "s"."EvidenceJson", "s"."ForcedRecoveryGeneration", "s"."OperationType", "s"."Status", "s"."SublotId", "s"."TargetSlotsJson"
FROM "StationOperations" AS "s"
WHERE "s"."SlotOperationAttemptId" = @__attemptId_0
LIMIT 2
[16:58:19 INF] Executed DbCommand (0ms) [Parameters=[@p4='?' (Size = 36), @p0='?' (Size = 29), @p1='?' (DbType = DateTimeOffset), @p2='?' (Size = 7), @p3='?' (DbType = DateTimeOffset)], CommandType='Text', CommandTimeout='30']
UPDATE "JourneyRuntimes" SET "BlockReasonCode" = @p0, "BlockReasonSince" = @p1, "Stage" = @p2, "UpdatedAt" = @p3
WHERE "DemandId" = @p4
RETURNING 1;
[16:58:20 WRN] Onboard connection ended with a protocol or transport error.
System.IO.IOException: Unable to read data from the transport connection: An existing connection was forcibly closed by the remote host..
 ---> System.Net.Sockets.SocketException (10054): An existing connection was forcibly closed by the remote host.
   --- End of inner exception stack trace ---
   at System.Net.Sockets.Socket.AwaitableSocketAsyncEventArgs.ThrowException(SocketError error, CancellationToken cancellationToken)
   at System.Net.Sockets.Socket.AwaitableSocketAsyncEventArgs.System.Threading.Tasks.Sources.IValueTaskSource<System.Int32>.GetResult(Int16 token)
   at System.IO.StreamReader.ReadBufferAsync(CancellationToken cancellationToken)
   at System.IO.StreamReader.ReadLineAsyncInternal(CancellationToken cancellationToken)
   at ControlServer.Host.Transport.OnboardTcpServer.HandleClientAsync(TcpClient client, CancellationToken cancellationToken) in C:\Users\szy\Desktop\8005-workspace-v2\worktrees\rig-hmi119-8005-agv-control-server\src\ControlServer.Host\Transport\OnboardTcpServer.cs:line 108
   at ControlServer.Host.Transport.OnboardTcpServer.HandleClientAsync(TcpClient client, CancellationToken cancellationToken) in C:\Users\szy\Desktop\8005-workspace-v2\worktrees\rig-hmi119-8005-agv-control-server\src\ControlServer.Host\Transport\OnboardTcpServer.cs:line 141
   at ControlServer.Host.Transport.OnboardTcpServer.HandleClientAsync(TcpClient client, CancellationToken cancellationToken) in C:\Users\szy\Desktop\8005-workspace-v2\worktrees\rig-hmi119-8005-agv-control-server\src\ControlServer.Host\Transport\OnboardTcpServer.cs:line 141
   at ControlServer.Host.Transport.OnboardTcpServer.HandleClientAsync(TcpClient client, CancellationToken cancellationToken) in C:\Users\szy\Desktop\8005-workspace-v2\worktrees\rig-hmi119-8005-agv-control-server\src\ControlServer.Host\Transport\OnboardTcpServer.cs:line 141
   at ControlServer.Host.Transport.OnboardTcpServer.ServeAsync(TcpClient client, SemaphoreSlim slots, CancellationToken cancellationToken) in C:\Users\szy\Desktop\8005-workspace-v2\worktrees\rig-hmi119-8005-agv-control-server\src\ControlServer.Host\Transport\OnboardTcpServer.cs:line 78
[16:58:20 INF] Start processing HTTP request GET http://127.0.0.1:48408/api/imap/v1/mapInfo/stations/25
[16:58:20 INF] Sending HTTP request GET http://127.0.0.1:48408/api/imap/v1/mapInfo/stations/25
[16:58:20 INF] Received HTTP response headers after 2.9888ms - 200
[16:58:20 INF] End processing HTTP request after 4.9243ms - 200
[16:58:20 INF] Executed DbCommand (0ms) [Parameters=[@__mapId_0='?' (DbType = Int32)], CommandType='Text', CommandTimeout='30']
SELECT "t"."MapId", "t"."ActiveVersion", "t"."PendingVersion", "t"."State", "t"."UpdatedAt"
FROM "TaskTypeStationActiveBindingSets" AS "t"
WHERE "t"."MapId" = @__mapId_0
LIMIT 2
[16:58:20 INF] Executed DbCommand (0ms) [Parameters=[@__mapId_0='?' (DbType = Int32), @__version_1='?' (DbType = Int64)], CommandType='Text', CommandTimeout='30']
SELECT "t"."MapId", "t"."Version", "t"."CatalogRevision", "t"."ContentSha256", "t"."LoadedAt", "t"."RuleVersion", "t"."SnapshotId", "t"."Source"
FROM "TaskTypeStationBindingSetVersions" AS "t"
WHERE "t"."MapId" = @__mapId_0 AND "t"."Version" = @__version_1
LIMIT 2
[16:58:20 INF] Executed DbCommand (0ms) [Parameters=[@__mapId_0='?' (DbType = Int32), @__version_1='?' (DbType = Int64)], CommandType='Text', CommandTimeout='30']
SELECT "t"."TaskType"
FROM "TaskTypeStationRequirements" AS "t"
WHERE "t"."MapId" = @__mapId_0 AND "t"."Version" = @__version_1
[16:58:20 INF] Executed DbCommand (0ms) [Parameters=[@__mapId_0='?' (DbType = Int32), @__version_1='?' (DbType = Int64)], CommandType='Text', CommandTimeout='30']
SELECT "t"."MapId", "t"."Version", "t"."TaskType", "t"."SiteVerificationRef", "t"."StationName", "t"."StationRiotId"
FROM "TaskTypeStationBindings" AS "t"
WHERE "t"."MapId" = @__mapId_0 AND "t"."Version" = @__version_1
[16:58:20 INF] Executed DbCommand (0ms) [Parameters=[@__version_0='?' (DbType = Int64)], CommandType='Text', CommandTimeout='30']
SELECT "t"."Version", "t"."ContentSha256", "t"."LoadedAt", "t"."SnapshotId", "t"."Source"
FROM "TaskTypeStationRuleVersions" AS "t"
WHERE "t"."Version" = @__version_0
LIMIT 2
[16:58:20 INF] Executed DbCommand (0ms) [Parameters=[@__version_0='?' (DbType = Int64)], CommandType='Text', CommandTimeout='30']
SELECT "t"."Version", "t"."TaskType", "t"."FixedEnd"
FROM "TaskTypeStationRules" AS "t"
WHERE "t"."Version" = @__version_0
[16:58:20 INF] Executed DbCommand (0ms) [Parameters=[@__mapId_0='?' (DbType = Int32)], CommandType='Text', CommandTimeout='30']
SELECT "t"."MapId", "t"."ActiveVersion", "t"."PendingVersion", "t"."State", "t"."UpdatedAt"
FROM "TaskTypeStationActiveBindingSets" AS "t"
WHERE "t"."MapId" = @__mapId_0
LIMIT 2
[16:58:20 INF] Executed DbCommand (0ms) [Parameters=[@__mapId_0='?' (DbType = Int32)], CommandType='Text', CommandTimeout='30']
SELECT "t"."HoldId", "t"."DetailJson", "t"."MapId", "t"."RaisedAt", "t"."RaisedBy", "t"."ReasonCode", "t"."ReleasedAt", "t"."ReleasedBy", "t"."Source", "t"."TaskType"
FROM "TaskTypeStationHolds" AS "t"
WHERE "t"."MapId" = @__mapId_0 AND "t"."ReleasedAt" IS NULL
[16:58:20 INF] Executed DbCommand (0ms) [Parameters=[@__mapId_0='?' (DbType = Int32)], CommandType='Text', CommandTimeout='30']
SELECT "m"."MapId", "m"."ApprovedMaxUnconfirmedSeconds", "m"."ApprovedSyncPeriodSeconds", "m"."CatalogRevision", "m"."LastAttemptAt", "m"."LastCompleteConfirmationAt", "m"."LastFailureReason", "m"."State", "m"."UpdatedAt"
FROM "MapStationCatalogStates" AS "m"
WHERE "m"."MapId" = @__mapId_0
LIMIT 2
[16:58:20 INF] Executed DbCommand (0ms) [Parameters=[@p3='?' (DbType = Int32), @p0='?' (DbType = DateTimeOffset), @p1='?' (DbType = DateTimeOffset), @p2='?' (DbType = DateTimeOffset)], CommandType='Text', CommandTimeout='30']
UPDATE "MapStationCatalogStates" SET "LastAttemptAt" = @p0, "LastCompleteConfirmationAt" = @p1, "UpdatedAt" = @p2
WHERE "MapId" = @p3
RETURNING 1;
[16:58:20 INF] Executed DbCommand (0ms) [Parameters=[@__mapId_0='?' (DbType = Int32)], CommandType='Text', CommandTimeout='30']
SELECT "t"."MapId", "t"."ActiveVersion", "t"."PendingVersion", "t"."State", "t"."UpdatedAt"
FROM "TaskTypeStationActiveBindingSets" AS "t"
WHERE "t"."MapId" = @__mapId_0
LIMIT 2
[16:58:20 INF] Executed DbCommand (0ms) [Parameters=[@__mapId_0='?' (DbType = Int32), @__version_1='?' (DbType = Int64)], CommandType='Text', CommandTimeout='30']
SELECT "t"."MapId", "t"."Version", "t"."CatalogRevision", "t"."ContentSha256", "t"."LoadedAt", "t"."RuleVersion", "t"."SnapshotId", "t"."Source"
FROM "TaskTypeStationBindingSetVersions" AS "t"
WHERE "t"."MapId" = @__mapId_0 AND "t"."Version" = @__version_1
LIMIT 2
[16:58:20 INF] Executed DbCommand (0ms) [Parameters=[@__mapId_0='?' (DbType = Int32), @__version_1='?' (DbType = Int64)], CommandType='Text', CommandTimeout='30']
SELECT "t"."TaskType"
FROM "TaskTypeStationRequirements" AS "t"
WHERE "t"."MapId" = @__mapId_0 AND "t"."Version" = @__version_1
[16:58:20 INF] Executed DbCommand (0ms) [Parameters=[@__mapId_0='?' (DbType = Int32), @__version_1='?' (DbType = Int64)], CommandType='Text', CommandTimeout='30']
SELECT "t"."MapId", "t"."Version", "t"."TaskType", "t"."SiteVerificationRef", "t"."StationName", "t"."StationRiotId"
FROM "TaskTypeStationBindings" AS "t"
WHERE "t"."MapId" = @__mapId_0 AND "t"."Version" = @__version_1
[16:58:20 INF] Executed DbCommand (0ms) [Parameters=[@__version_0='?' (DbType = Int64)], CommandType='Text', CommandTimeout='30']
SELECT "t"."Version", "t"."ContentSha256", "t"."LoadedAt", "t"."SnapshotId", "t"."Source"
FROM "TaskTypeStationRuleVersions" AS "t"
WHERE "t"."Version" = @__version_0
LIMIT 2
[16:58:20 INF] Executed DbCommand (0ms) [Parameters=[@__version_0='?' (DbType = Int64)], CommandType='Text', CommandTimeout='30']
SELECT "t"."Version", "t"."TaskType", "t"."FixedEnd"
FROM "TaskTypeStationRules" AS "t"
WHERE "t"."Version" = @__version_0
[16:58:20 INF] Executed DbCommand (0ms) [Parameters=[], CommandType='Text', CommandTimeout='30']
SELECT "a"."Id", "a"."ContentHash", "a"."DeploymentId", "a"."ImportedAt", "a"."Version"
FROM "AdmissionPolicyState" AS "a"
WHERE "a"."Id" = 1
LIMIT 2
[16:58:20 INF] Executed DbCommand (0ms) [Parameters=[], CommandType='Text', CommandTimeout='30']
SELECT "j"."DemandId", "j"."AgvId", "j"."AgvLifecycleGeneration", "j"."BlockReasonCode", "j"."BlockReasonSince", "j"."ConsumedSafetyResultMessageId", "j"."ConsumedSublotMessageId", "j"."CreatedAt", "j"."DispatchGeneration", "j"."DispatchZone", "j"."ExpectedBasketCount", "j"."GateMovementLegId", "j"."GatePlanMessageId", "j"."GateStationId", "j"."GateStationRiotId", "j"."GateUpperId", "j"."GateVehicleBusinessMessageId", "j"."GateWorklistMessageId", "j"."LoadCommandMessageId", "j"."LoadSlotOperationAttemptId", "j"."MapId", "j"."MapIdentity", "j"."OperationSessionId", "j"."PickupMovementLegId", "j"."PickupStationId", "j"."PickupStationRiotId", "j"."PickupUpperId", "j"."PlanMessageId", "j"."PlanRevision", "j"."PreDepartureSafetyCheckId", "j"."PreDepartureSafetyCheckMessageId", "j"."RouteEvidenceId", "j"."Stage", "j"."StationDepartureWaitStartedAt", "j"."SublotRequestMessageId", "j"."TargetSlotsJson", "j"."UnloadCommandMessageId", "j"."UnloadSlotOperationAttemptId", "j"."UpdatedAt", "j"."VehicleBusinessMessageId", "j"."VehicleBusinessRevision", "j"."VehicleKey", "j"."WorklistMessageId", "j"."WorklistRevision"
FROM "JourneyRuntimes" AS "j"
WHERE "j"."Stage" <> 'Completed'
[16:58:20 INF] Executed DbCommand (0ms) [Parameters=[@__agvId_0='?' (Size = 10)], CommandType='Text', CommandTimeout='30']
SELECT "s"."AgvId", "s"."ActiveUnlockSlotsJson", "s"."CapabilityHash", "s"."CapabilityRevision", "s"."DepartureSafe", "s"."ForcedRecoveryGeneration", "s"."ManifestSha256", "s"."PendingAttemptIdsJson", "s"."PendingResultIdsJson", "s"."ProfileId", "s"."ProtocolCommit", "s"."ProtocolVersion", "s"."ProvenRecoveryCheckpoint", "s"."Readiness", "s"."ReasonCode", "s"."RecoveryReportId", "s"."ReportedForcedRecoveryGeneration", "s"."ReportedSlotConfigurationFingerprint", "s"."SafetyHash", "s"."SafetyReasonCodesJson", "s"."SafetyRevision", "s"."SafetyUnknownPresent", "s"."SessionGeneration", "s"."UnsettledSlotOperationAttemptId", "s"."UpdatedAt"
FROM "SessionRecoveries" AS "s"
WHERE "s"."AgvId" = @__agvId_0 AND "s"."Readiness" = 'Ready'
LIMIT 2
[16:58:21 INF] Start processing HTTP request GET http://127.0.0.1:48408/api/task/v1/task/getVehicleInfo/BROKERX-L2-0001
[16:58:21 INF] Sending HTTP request GET http://127.0.0.1:48408/api/task/v1/task/getVehicleInfo/BROKERX-L2-0001
[16:58:21 INF] Received HTTP response headers after 3.3584ms - 200
[16:58:21 INF] End processing HTTP request after 5.1342ms - 200
[16:58:21 INF] Start processing HTTP request GET http://127.0.0.1:48408/api/order/v1/orderRecord?pageNum=1&pageSize=100&filterByState=1&filterByState=3&filterByState=7&filterByState=9
[16:58:21 INF] Sending HTTP request GET http://127.0.0.1:48408/api/order/v1/orderRecord?pageNum=1&pageSize=100&filterByState=1&filterByState=3&filterByState=7&filterByState=9
[16:58:21 INF] Received HTTP response headers after 2.0938ms - 200
[16:58:21 INF] End processing HTTP request after 6.1159ms - 200
[16:58:21 INF] HTTP GET /api/onboard/v1/vehicle-safety responded 200 in 13.0030 ms
[16:58:21 INF] Start processing HTTP request GET http://127.0.0.1:48408/api/imap/v1/mapInfo/stations/25
[16:58:21 INF] Sending HTTP request GET http://127.0.0.1:48408/api/imap/v1/mapInfo/stations/25
[16:58:22 INF] Received HTTP response headers after 34.389ms - 200
[16:58:22 INF] End processing HTTP request after 63.2878ms - 200
[16:58:22 INF] Executed DbCommand (0ms) [Parameters=[@__mapId_0='?' (DbType = Int32)], CommandType='Text', CommandTimeout='30']
SELECT "t"."MapId", "t"."ActiveVersion", "t"."PendingVersion", "t"."State", "t"."UpdatedAt"
FROM "TaskTypeStationActiveBindingSets" AS "t"
WHERE "t"."MapId" = @__mapId_0
LIMIT 2
[16:58:22 INF] Executed DbCommand (0ms) [Parameters=[@__mapId_0='?' (DbType = Int32), @__version_1='?' (DbType = Int64)], CommandType='Text', CommandTimeout='30']
SELECT "t"."MapId", "t"."Version", "t"."CatalogRevision", "t"."ContentSha256", "t"."LoadedAt", "t"."RuleVersion", "t"."SnapshotId", "t"."Source"
FROM "TaskTypeStationBindingSetVersions" AS "t"
WHERE "t"."MapId" = @__mapId_0 AND "t"."Version" = @__version_1
LIMIT 2
[16:58:22 INF] Executed DbCommand (0ms) [Parameters=[@__mapId_0='?' (DbType = Int32), @__version_1='?' (DbType = Int64)], CommandType='Text', CommandTimeout='30']
SELECT "t"."TaskType"
FROM "TaskTypeStationRequirements" AS "t"
WHERE "t"."MapId" = @__mapId_0 AND "t"."Version" = @__version_1
[16:58:22 INF] Executed DbCommand (0ms) [Parameters=[@__mapId_0='?' (DbType = Int32), @__version_1='?' (DbType = Int64)], CommandType='Text', CommandTimeout='30']
SELECT "t"."MapId", "t"."Version", "t"."TaskType", "t"."SiteVerificationRef", "t"."StationName", "t"."StationRiotId"
FROM "TaskTypeStationBindings" AS "t"
WHERE "t"."MapId" = @__mapId_0 AND "t"."Version" = @__version_1
[16:58:22 INF] Executed DbCommand (0ms) [Parameters=[@__version_0='?' (DbType = Int64)], CommandType='Text', CommandTimeout='30']
SELECT "t"."Version", "t"."ContentSha256", "t"."LoadedAt", "t"."SnapshotId", "t"."Source"
FROM "TaskTypeStationRuleVersions" AS "t"
WHERE "t"."Version" = @__version_0
LIMIT 2
[16:58:22 INF] Executed DbCommand (0ms) [Parameters=[@__version_0='?' (DbType = Int64)], CommandType='Text', CommandTimeout='30']
SELECT "t"."Version", "t"."TaskType", "t"."FixedEnd"
FROM "TaskTypeStationRules" AS "t"
WHERE "t"."Version" = @__version_0
[16:58:22 INF] Executed DbCommand (0ms) [Parameters=[@__mapId_0='?' (DbType = Int32)], CommandType='Text', CommandTimeout='30']
SELECT "t"."MapId", "t"."ActiveVersion", "t"."PendingVersion", "t"."State", "t"."UpdatedAt"
FROM "TaskTypeStationActiveBindingSets" AS "t"
WHERE "t"."MapId" = @__mapId_0
LIMIT 2
[16:58:22 INF] Executed DbCommand (0ms) [Parameters=[@__mapId_0='?' (DbType = Int32)], CommandType='Text', CommandTimeout='30']
SELECT "t"."HoldId", "t"."DetailJson", "t"."MapId", "t"."RaisedAt", "t"."RaisedBy", "t"."ReasonCode", "t"."ReleasedAt", "t"."ReleasedBy", "t"."Source", "t"."TaskType"
FROM "TaskTypeStationHolds" AS "t"
WHERE "t"."MapId" = @__mapId_0 AND "t"."ReleasedAt" IS NULL
[16:58:22 INF] Executed DbCommand (0ms) [Parameters=[@__mapId_0='?' (DbType = Int32)], CommandType='Text', CommandTimeout='30']
SELECT "m"."MapId", "m"."ApprovedMaxUnconfirmedSeconds", "m"."ApprovedSyncPeriodSeconds", "m"."CatalogRevision", "m"."LastAttemptAt", "m"."LastCompleteConfirmationAt", "m"."LastFailureReason", "m"."State", "m"."UpdatedAt"
FROM "MapStationCatalogStates" AS "m"
WHERE "m"."MapId" = @__mapId_0
LIMIT 2
[16:58:22 INF] Executed DbCommand (0ms) [Parameters=[@p3='?' (DbType = Int32), @p0='?' (DbType = DateTimeOffset), @p1='?' (DbType = DateTimeOffset), @p2='?' (DbType = DateTimeOffset)], CommandType='Text', CommandTimeout='30']
UPDATE "MapStationCatalogStates" SET "LastAttemptAt" = @p0, "LastCompleteConfirmationAt" = @p1, "UpdatedAt" = @p2
WHERE "MapId" = @p3
RETURNING 1;
[16:58:22 INF] Executed DbCommand (0ms) [Parameters=[@__mapId_0='?' (DbType = Int32)], CommandType='Text', CommandTimeout='30']
SELECT "t"."MapId", "t"."ActiveVersion", "t"."PendingVersion", "t"."State", "t"."UpdatedAt"
FROM "TaskTypeStationActiveBindingSets" AS "t"
WHERE "t"."MapId" = @__mapId_0
LIMIT 2
[16:58:22 INF] Executed DbCommand (0ms) [Parameters=[@__mapId_0='?' (DbType = Int32), @__version_1='?' (DbType = Int64)], CommandType='Text', CommandTimeout='30']
SELECT "t"."MapId", "t"."Version", "t"."CatalogRevision", "t"."ContentSha256", "t"."LoadedAt", "t"."RuleVersion", "t"."SnapshotId", "t"."Source"
FROM "TaskTypeStationBindingSetVersions" AS "t"
WHERE "t"."MapId" = @__mapId_0 AND "t"."Version" = @__version_1
LIMIT 2
[16:58:22 INF] Executed DbCommand (0ms) [Parameters=[@__mapId_0='?' (DbType = Int32), @__version_1='?' (DbType = Int64)], CommandType='Text', CommandTimeout='30']
SELECT "t"."TaskType"
FROM "TaskTypeStationRequirements" AS "t"
WHERE "t"."MapId" = @__mapId_0 AND "t"."Version" = @__version_1
[16:58:22 INF] Executed DbCommand (0ms) [Parameters=[@__mapId_0='?' (DbType = Int32), @__version_1='?' (DbType = Int64)], CommandType='Text', CommandTimeout='30']
SELECT "t"."MapId", "t"."Version", "t"."TaskType", "t"."SiteVerificationRef", "t"."StationName", "t"."StationRiotId"
FROM "TaskTypeStationBindings" AS "t"
WHERE "t"."MapId" = @__mapId_0 AND "t"."Version" = @__version_1
[16:58:22 INF] Executed DbCommand (0ms) [Parameters=[@__version_0='?' (DbType = Int64)], CommandType='Text', CommandTimeout='30']
SELECT "t"."Version", "t"."ContentSha256", "t"."LoadedAt", "t"."SnapshotId", "t"."Source"
FROM "TaskTypeStationRuleVersions" AS "t"
WHERE "t"."Version" = @__version_0
LIMIT 2
[16:58:22 INF] Executed DbCommand (0ms) [Parameters=[@__version_0='?' (DbType = Int64)], CommandType='Text', CommandTimeout='30']
SELECT "t"."Version", "t"."TaskType", "t"."FixedEnd"
FROM "TaskTypeStationRules" AS "t"
WHERE "t"."Version" = @__version_0
[16:58:22 INF] Executed DbCommand (0ms) [Parameters=[], CommandType='Text', CommandTimeout='30']
SELECT "a"."Id", "a"."ContentHash", "a"."DeploymentId", "a"."ImportedAt", "a"."Version"
FROM "AdmissionPolicyState" AS "a"
WHERE "a"."Id" = 1
LIMIT 2
[16:58:22 INF] Executed DbCommand (0ms) [Parameters=[], CommandType='Text', CommandTimeout='30']
SELECT "j"."DemandId", "j"."AgvId", "j"."AgvLifecycleGeneration", "j"."BlockReasonCode", "j"."BlockReasonSince", "j"."ConsumedSafetyResultMessageId", "j"."ConsumedSublotMessageId", "j"."CreatedAt", "j"."DispatchGeneration", "j"."DispatchZone", "j"."ExpectedBasketCount", "j"."GateMovementLegId", "j"."GatePlanMessageId", "j"."GateStationId", "j"."GateStationRiotId", "j"."GateUpperId", "j"."GateVehicleBusinessMessageId", "j"."GateWorklistMessageId", "j"."LoadCommandMessageId", "j"."LoadSlotOperationAttemptId", "j"."MapId", "j"."MapIdentity", "j"."OperationSessionId", "j"."PickupMovementLegId", "j"."PickupStationId", "j"."PickupStationRiotId", "j"."PickupUpperId", "j"."PlanMessageId", "j"."PlanRevision", "j"."PreDepartureSafetyCheckId", "j"."PreDepartureSafetyCheckMessageId", "j"."RouteEvidenceId", "j"."Stage", "j"."StationDepartureWaitStartedAt", "j"."SublotRequestMessageId", "j"."TargetSlotsJson", "j"."UnloadCommandMessageId", "j"."UnloadSlotOperationAttemptId", "j"."UpdatedAt", "j"."VehicleBusinessMessageId", "j"."VehicleBusinessRevision", "j"."VehicleKey", "j"."WorklistMessageId", "j"."WorklistRevision"
FROM "JourneyRuntimes" AS "j"
WHERE "j"."Stage" <> 'Completed'
[16:58:22 INF] Executed DbCommand (0ms) [Parameters=[@__agvId_0='?' (Size = 10)], CommandType='Text', CommandTimeout='30']
SELECT "s"."AgvId", "s"."ActiveUnlockSlotsJson", "s"."CapabilityHash", "s"."CapabilityRevision", "s"."DepartureSafe", "s"."ForcedRecoveryGeneration", "s"."ManifestSha256", "s"."PendingAttemptIdsJson", "s"."PendingResultIdsJson", "s"."ProfileId", "s"."ProtocolCommit", "s"."ProtocolVersion", "s"."ProvenRecoveryCheckpoint", "s"."Readiness", "s"."ReasonCode", "s"."RecoveryReportId", "s"."ReportedForcedRecoveryGeneration", "s"."ReportedSlotConfigurationFingerprint", "s"."SafetyHash", "s"."SafetyReasonCodesJson", "s"."SafetyRevision", "s"."SafetyUnknownPresent", "s"."SessionGeneration", "s"."UnsettledSlotOperationAttemptId", "s"."UpdatedAt"
FROM "SessionRecoveries" AS "s"
WHERE "s"."AgvId" = @__agvId_0 AND "s"."Readiness" = 'Ready'
LIMIT 2
[16:58:22 INF] Start processing HTTP request GET http://127.0.0.1:48408/api/task/v1/task/getVehicleInfo/BROKERX-L2-0001
[16:58:22 INF] Sending HTTP request GET http://127.0.0.1:48408/api/task/v1/task/getVehicleInfo/BROKERX-L2-0001
[16:58:22 INF] Received HTTP response headers after 3.0349ms - 200
[16:58:22 INF] End processing HTTP request after 4.6754ms - 200
[16:58:22 INF] Start processing HTTP request GET http://127.0.0.1:48408/api/order/v1/orderRecord?pageNum=1&pageSize=100&filterByState=1&filterByState=3&filterByState=7&filterByState=9
[16:58:22 INF] Sending HTTP request GET http://127.0.0.1:48408/api/order/v1/orderRecord?pageNum=1&pageSize=100&filterByState=1&filterByState=3&filterByState=7&filterByState=9
[16:58:22 INF] Received HTTP response headers after 4.7347ms - 200
[16:58:22 INF] End processing HTTP request after 6.011ms - 200
[16:58:22 INF] HTTP GET /api/onboard/v1/vehicle-safety responded 200 in 12.6054 ms
[16:58:22 INF] Start processing HTTP request GET http://127.0.0.1:48408/api/imap/v1/mapInfo/stations/25
[16:58:22 INF] Sending HTTP request GET http://127.0.0.1:48408/api/imap/v1/mapInfo/stations/25
[16:58:22 INF] Received HTTP response headers after 17.1999ms - 200
[16:58:23 INF] End processing HTTP request after 29.9942ms - 200
[16:58:23 INF] Executed DbCommand (0ms) [Parameters=[@__mapId_0='?' (DbType = Int32)], CommandType='Text', CommandTimeout='30']
SELECT "t"."MapId", "t"."ActiveVersion", "t"."PendingVersion", "t"."State", "t"."UpdatedAt"
FROM "TaskTypeStationActiveBindingSets" AS "t"
WHERE "t"."MapId" = @__mapId_0
LIMIT 2
[16:58:23 INF] Executed DbCommand (0ms) [Parameters=[@__mapId_0='?' (DbType = Int32), @__version_1='?' (DbType = Int64)], CommandType='Text', CommandTimeout='30']
SELECT "t"."MapId", "t"."Version", "t"."CatalogRevision", "t"."ContentSha256", "t"."LoadedAt", "t"."RuleVersion", "t"."SnapshotId", "t"."Source"
FROM "TaskTypeStationBindingSetVersions" AS "t"
WHERE "t"."MapId" = @__mapId_0 AND "t"."Version" = @__version_1
LIMIT 2
[16:58:23 INF] Executed DbCommand (0ms) [Parameters=[@__mapId_0='?' (DbType = Int32), @__version_1='?' (DbType = Int64)], CommandType='Text', CommandTimeout='30']
SELECT "t"."TaskType"
FROM "TaskTypeStationRequirements" AS "t"
WHERE "t"."MapId" = @__mapId_0 AND "t"."Version" = @__version_1
[16:58:23 INF] Executed DbCommand (0ms) [Parameters=[@__mapId_0='?' (DbType = Int32), @__version_1='?' (DbType = Int64)], CommandType='Text', CommandTimeout='30']
SELECT "t"."MapId", "t"."Version", "t"."TaskType", "t"."SiteVerificationRef", "t"."StationName", "t"."StationRiotId"
FROM "TaskTypeStationBindings" AS "t"
WHERE "t"."MapId" = @__mapId_0 AND "t"."Version" = @__version_1
[16:58:23 INF] Executed DbCommand (0ms) [Parameters=[@__version_0='?' (DbType = Int64)], CommandType='Text', CommandTimeout='30']
SELECT "t"."Version", "t"."ContentSha256", "t"."LoadedAt", "t"."SnapshotId", "t"."Source"
FROM "TaskTypeStationRuleVersions" AS "t"
WHERE "t"."Version" = @__version_0
LIMIT 2
[16:58:23 INF] Executed DbCommand (0ms) [Parameters=[@__version_0='?' (DbType = Int64)], CommandType='Text', CommandTimeout='30']
SELECT "t"."Version", "t"."TaskType", "t"."FixedEnd"
FROM "TaskTypeStationRules" AS "t"
WHERE "t"."Version" = @__version_0
[16:58:23 INF] Executed DbCommand (0ms) [Parameters=[@__mapId_0='?' (DbType = Int32)], CommandType='Text', CommandTimeout='30']
SELECT "t"."MapId", "t"."ActiveVersion", "t"."PendingVersion", "t"."State", "t"."UpdatedAt"
FROM "TaskTypeStationActiveBindingSets" AS "t"
WHERE "t"."MapId" = @__mapId_0
LIMIT 2
[16:58:23 INF] Executed DbCommand (0ms) [Parameters=[@__mapId_0='?' (DbType = Int32)], CommandType='Text', CommandTimeout='30']
SELECT "t"."HoldId", "t"."DetailJson", "t"."MapId", "t"."RaisedAt", "t"."RaisedBy", "t"."ReasonCode", "t"."ReleasedAt", "t"."ReleasedBy", "t"."Source", "t"."TaskType"
FROM "TaskTypeStationHolds" AS "t"
WHERE "t"."MapId" = @__mapId_0 AND "t"."ReleasedAt" IS NULL
[16:58:23 INF] Executed DbCommand (0ms) [Parameters=[@__mapId_0='?' (DbType = Int32)], CommandType='Text', CommandTimeout='30']
SELECT "m"."MapId", "m"."ApprovedMaxUnconfirmedSeconds", "m"."ApprovedSyncPeriodSeconds", "m"."CatalogRevision", "m"."LastAttemptAt", "m"."LastCompleteConfirmationAt", "m"."LastFailureReason", "m"."State", "m"."UpdatedAt"
FROM "MapStationCatalogStates" AS "m"
WHERE "m"."MapId" = @__mapId_0
LIMIT 2
[16:58:23 INF] Executed DbCommand (0ms) [Parameters=[@p3='?' (DbType = Int32), @p0='?' (DbType = DateTimeOffset), @p1='?' (DbType = DateTimeOffset), @p2='?' (DbType = DateTimeOffset)], CommandType='Text', CommandTimeout='30']
UPDATE "MapStationCatalogStates" SET "LastAttemptAt" = @p0, "LastCompleteConfirmationAt" = @p1, "UpdatedAt" = @p2
WHERE "MapId" = @p3
RETURNING 1;
[16:58:23 INF] Executed DbCommand (0ms) [Parameters=[@__mapId_0='?' (DbType = Int32)], CommandType='Text', CommandTimeout='30']
SELECT "t"."MapId", "t"."ActiveVersion", "t"."PendingVersion", "t"."State", "t"."UpdatedAt"
FROM "TaskTypeStationActiveBindingSets" AS "t"
WHERE "t"."MapId" = @__mapId_0
LIMIT 2
[16:58:23 INF] Executed DbCommand (0ms) [Parameters=[@__mapId_0='?' (DbType = Int32), @__version_1='?' (DbType = Int64)], CommandType='Text', CommandTimeout='30']
SELECT "t"."MapId", "t"."Version", "t"."CatalogRevision", "t"."ContentSha256", "t"."LoadedAt", "t"."RuleVersion", "t"."SnapshotId", "t"."Source"
FROM "TaskTypeStationBindingSetVersions" AS "t"
WHERE "t"."MapId" = @__mapId_0 AND "t"."Version" = @__version_1
LIMIT 2
[16:58:23 INF] Executed DbCommand (0ms) [Parameters=[@__mapId_0='?' (DbType = Int32), @__version_1='?' (DbType = Int64)], CommandType='Text', CommandTimeout='30']
SELECT "t"."TaskType"
FROM "TaskTypeStationRequirements" AS "t"
WHERE "t"."MapId" = @__mapId_0 AND "t"."Version" = @__version_1
[16:58:23 INF] Executed DbCommand (0ms) [Parameters=[@__mapId_0='?' (DbType = Int32), @__version_1='?' (DbType = Int64)], CommandType='Text', CommandTimeout='30']
SELECT "t"."MapId", "t"."Version", "t"."TaskType", "t"."SiteVerificationRef", "t"."StationName", "t"."StationRiotId"
FROM "TaskTypeStationBindings" AS "t"
WHERE "t"."MapId" = @__mapId_0 AND "t"."Version" = @__version_1
[16:58:23 INF] Executed DbCommand (0ms) [Parameters=[@__version_0='?' (DbType = Int64)], CommandType='Text', CommandTimeout='30']
SELECT "t"."Version", "t"."ContentSha256", "t"."LoadedAt", "t"."SnapshotId", "t"."Source"
FROM "TaskTypeStationRuleVersions" AS "t"
WHERE "t"."Version" = @__version_0
LIMIT 2
[16:58:23 INF] Executed DbCommand (0ms) [Parameters=[@__version_0='?' (DbType = Int64)], CommandType='Text', CommandTimeout='30']
SELECT "t"."Version", "t"."TaskType", "t"."FixedEnd"
FROM "TaskTypeStationRules" AS "t"
WHERE "t"."Version" = @__version_0
[16:58:23 INF] Executed DbCommand (0ms) [Parameters=[], CommandType='Text', CommandTimeout='30']
SELECT "a"."Id", "a"."ContentHash", "a"."DeploymentId", "a"."ImportedAt", "a"."Version"
FROM "AdmissionPolicyState" AS "a"
WHERE "a"."Id" = 1
LIMIT 2
[16:58:23 INF] Executed DbCommand (0ms) [Parameters=[], CommandType='Text', CommandTimeout='30']
SELECT "j"."DemandId", "j"."AgvId", "j"."AgvLifecycleGeneration", "j"."BlockReasonCode", "j"."BlockReasonSince", "j"."ConsumedSafetyResultMessageId", "j"."ConsumedSublotMessageId", "j"."CreatedAt", "j"."DispatchGeneration", "j"."DispatchZone", "j"."ExpectedBasketCount", "j"."GateMovementLegId", "j"."GatePlanMessageId", "j"."GateStationId", "j"."GateStationRiotId", "j"."GateUpperId", "j"."GateVehicleBusinessMessageId", "j"."GateWorklistMessageId", "j"."LoadCommandMessageId", "j"."LoadSlotOperationAttemptId", "j"."MapId", "j"."MapIdentity", "j"."OperationSessionId", "j"."PickupMovementLegId", "j"."PickupStationId", "j"."PickupStationRiotId", "j"."PickupUpperId", "j"."PlanMessageId", "j"."PlanRevision", "j"."PreDepartureSafetyCheckId", "j"."PreDepartureSafetyCheckMessageId", "j"."RouteEvidenceId", "j"."Stage", "j"."StationDepartureWaitStartedAt", "j"."SublotRequestMessageId", "j"."TargetSlotsJson", "j"."UnloadCommandMessageId", "j"."UnloadSlotOperationAttemptId", "j"."UpdatedAt", "j"."VehicleBusinessMessageId", "j"."VehicleBusinessRevision", "j"."VehicleKey", "j"."WorklistMessageId", "j"."WorklistRevision"
FROM "JourneyRuntimes" AS "j"
WHERE "j"."Stage" <> 'Completed'
[16:58:23 INF] Executed DbCommand (0ms) [Parameters=[@__agvId_0='?' (Size = 10)], CommandType='Text', CommandTimeout='30']
SELECT "s"."AgvId", "s"."ActiveUnlockSlotsJson", "s"."CapabilityHash", "s"."CapabilityRevision", "s"."DepartureSafe", "s"."ForcedRecoveryGeneration", "s"."ManifestSha256", "s"."PendingAttemptIdsJson", "s"."PendingResultIdsJson", "s"."ProfileId", "s"."ProtocolCommit", "s"."ProtocolVersion", "s"."ProvenRecoveryCheckpoint", "s"."Readiness", "s"."ReasonCode", "s"."RecoveryReportId", "s"."ReportedForcedRecoveryGeneration", "s"."ReportedSlotConfigurationFingerprint", "s"."SafetyHash", "s"."SafetyReasonCodesJson", "s"."SafetyRevision", "s"."SafetyUnknownPresent", "s"."SessionGeneration", "s"."UnsettledSlotOperationAttemptId", "s"."UpdatedAt"
FROM "SessionRecoveries" AS "s"
WHERE "s"."AgvId" = @__agvId_0 AND "s"."Readiness" = 'Ready'
LIMIT 2
[16:58:23 INF] Start processing HTTP request GET http://127.0.0.1:48408/api/task/v1/task/getVehicleInfo/BROKERX-L2-0001
[16:58:23 INF] Sending HTTP request GET http://127.0.0.1:48408/api/task/v1/task/getVehicleInfo/BROKERX-L2-0001
[16:58:23 INF] Received HTTP response headers after 12.9824ms - 200
[16:58:23 INF] End processing HTTP request after 19.9336ms - 200
[16:58:23 INF] Start processing HTTP request GET http://127.0.0.1:48408/api/order/v1/orderRecord?pageNum=1&pageSize=100&filterByState=1&filterByState=3&filterByState=7&filterByState=9
[16:58:23 INF] Sending HTTP request GET http://127.0.0.1:48408/api/order/v1/orderRecord?pageNum=1&pageSize=100&filterByState=1&filterByState=3&filterByState=7&filterByState=9
[16:58:23 INF] Received HTTP response headers after 4.9365ms - 200
[16:58:23 INF] End processing HTTP request after 6.0346ms - 200
[16:58:23 INF] HTTP GET /api/onboard/v1/vehicle-safety responded 200 in 27.9778 ms
[16:58:23 INF] Executed DbCommand (0ms) [Parameters=[@__messageId_0='?' (Size = 36)], CommandType='Text', CommandTimeout='30']
SELECT "p"."MessageId", "p"."ContentHash", "p"."FirstResponseJson", "p"."MessageType", "p"."ReceivedAt", "p"."RequestJson"
FROM "ProtocolInbox" AS "p"
WHERE "p"."MessageId" = @__messageId_0
LIMIT 2
[16:58:23 INF] Executed DbCommand (0ms) [Parameters=[@__agvId_0='?' (Size = 10)], CommandType='Text', CommandTimeout='30']
SELECT "s"."SessionGeneration"
FROM "SessionRecoveries" AS "s"
WHERE "s"."AgvId" = @__agvId_0
LIMIT 2
[16:58:23 INF] Executed DbCommand (0ms) [Parameters=[@__identity_AgvId_0='?' (Size = 10)], CommandType='Text', CommandTimeout='30']
SELECT "s"."AgvId", "s"."ActiveUnlockSlotsJson", "s"."CapabilityHash", "s"."CapabilityRevision", "s"."DepartureSafe", "s"."ForcedRecoveryGeneration", "s"."ManifestSha256", "s"."PendingAttemptIdsJson", "s"."PendingResultIdsJson", "s"."ProfileId", "s"."ProtocolCommit", "s"."ProtocolVersion", "s"."ProvenRecoveryCheckpoint", "s"."Readiness", "s"."ReasonCode", "s"."RecoveryReportId", "s"."ReportedForcedRecoveryGeneration", "s"."ReportedSlotConfigurationFingerprint", "s"."SafetyHash", "s"."SafetyReasonCodesJson", "s"."SafetyRevision", "s"."SafetyUnknownPresent", "s"."SessionGeneration", "s"."UnsettledSlotOperationAttemptId", "s"."UpdatedAt"
FROM "SessionRecoveries" AS "s"
WHERE "s"."AgvId" = @__identity_AgvId_0
LIMIT 2
[16:58:23 INF] Executed DbCommand (0ms) [Parameters=[@__identity_AgvId_0='?' (Size = 10)], CommandType='Text', CommandTimeout='30']
SELECT "j"."DemandId", "j"."AgvId", "j"."AgvLifecycleGeneration", "j"."BlockReasonCode", "j"."BlockReasonSince", "j"."ConsumedSafetyResultMessageId", "j"."ConsumedSublotMessageId", "j"."CreatedAt", "j"."DispatchGeneration", "j"."DispatchZone", "j"."ExpectedBasketCount", "j"."GateMovementLegId", "j"."GatePlanMessageId", "j"."GateStationId", "j"."GateStationRiotId", "j"."GateUpperId", "j"."GateVehicleBusinessMessageId", "j"."GateWorklistMessageId", "j"."LoadCommandMessageId", "j"."LoadSlotOperationAttemptId", "j"."MapId", "j"."MapIdentity", "j"."OperationSessionId", "j"."PickupMovementLegId", "j"."PickupStationId", "j"."PickupStationRiotId", "j"."PickupUpperId", "j"."PlanMessageId", "j"."PlanRevision", "j"."PreDepartureSafetyCheckId", "j"."PreDepartureSafetyCheckMessageId", "j"."RouteEvidenceId", "j"."Stage", "j"."StationDepartureWaitStartedAt", "j"."SublotRequestMessageId", "j"."TargetSlotsJson", "j"."UnloadCommandMessageId", "j"."UnloadSlotOperationAttemptId", "j"."UpdatedAt", "j"."VehicleBusinessMessageId", "j"."VehicleBusinessRevision", "j"."VehicleKey", "j"."WorklistMessageId", "j"."WorklistRevision"
FROM "JourneyRuntimes" AS "j"
WHERE "j"."AgvId" = @__identity_AgvId_0 AND "j"."StationDepartureWaitStartedAt" IS NOT NULL
[16:58:23 INF] Executed DbCommand (0ms) [Parameters=[@p11='?' (Size = 10), @p0='?', @p1='?' (DbType = Int64), @p2='?' (DbType = Boolean), @p3='?' (Size = 2), @p4='?' (Size = 20), @p5='?', @p6='?', @p7='?', @p8='?' (DbType = Int64), @p9='?' (DbType = Int64), @p10='?' (DbType = DateTimeOffset)], CommandType='Text', CommandTimeout='30']
UPDATE "SessionRecoveries" SET "CapabilityHash" = @p0, "CapabilityRevision" = @p1, "DepartureSafe" = @p2, "PendingAttemptIdsJson" = @p3, "ReasonCode" = @p4, "RecoveryReportId" = @p5, "ReportedSlotConfigurationFingerprint" = @p6, "SafetyHash" = @p7, "SafetyRevision" = @p8, "SessionGeneration" = @p9, "UpdatedAt" = @p10
WHERE "AgvId" = @p11
RETURNING 1;
[16:58:23 INF] Executed DbCommand (0ms) [Parameters=[@p0='?' (Size = 36), @p1='?' (Size = 64), @p2='?' (Size = 1064), @p3='?' (Size = 12), @p4='?' (DbType = DateTimeOffset), @p5='?' (Size = 1075)], CommandType='Text', CommandTimeout='30']
INSERT INTO "ProtocolInbox" ("MessageId", "ContentHash", "FirstResponseJson", "MessageType", "ReceivedAt", "RequestJson")
VALUES (@p0, @p1, @p2, @p3, @p4, @p5);
[16:58:23 INF] Executed DbCommand (1ms) [Parameters=[@__messageId_0='?' (Size = 36)], CommandType='Text', CommandTimeout='30']
SELECT "p"."MessageId", "p"."ContentHash", "p"."FirstResponseJson", "p"."MessageType", "p"."ReceivedAt", "p"."RequestJson"
FROM "ProtocolInbox" AS "p"
WHERE "p"."MessageId" = @__messageId_0
LIMIT 2
[16:58:23 INF] Executed DbCommand (0ms) [Parameters=[@__agvId_0='?' (Size = 10)], CommandType='Text', CommandTimeout='30']
SELECT "a"."AgvId", "a"."ActivatedAt", "a"."ActivationId", "a"."ConfigurationVersion", "a"."Fingerprint", "a"."SlotModelVersionId", "a"."SnapshotId"
FROM "ActiveSlotConfigurations" AS "a"
WHERE "a"."AgvId" = @__agvId_0
LIMIT 1
[16:58:23 INF] Executed DbCommand (0ms) [Parameters=[@__agvId_0='?' (Size = 10)], CommandType='Text', CommandTimeout='30']
SELECT "a"."AgvId", "a"."ArchiveReason", "a"."ArchivedActiveSlotConfigurationFingerprint", "a"."ArchivedAt", "a"."ArchivedLifecycleGeneration"
FROM "AgvArchives" AS "a"
WHERE "a"."AgvId" = @__agvId_0
LIMIT 1
[16:58:23 INF] Executed DbCommand (0ms) [Parameters=[@__agvId_0='?' (Size = 10)], CommandType='Text', CommandTimeout='30']
SELECT "s"."AgvId", "s"."ActiveUnlockSlotsJson", "s"."CapabilityHash", "s"."CapabilityRevision", "s"."DepartureSafe", "s"."ForcedRecoveryGeneration", "s"."ManifestSha256", "s"."PendingAttemptIdsJson", "s"."PendingResultIdsJson", "s"."ProfileId", "s"."ProtocolCommit", "s"."ProtocolVersion", "s"."ProvenRecoveryCheckpoint", "s"."Readiness", "s"."ReasonCode", "s"."RecoveryReportId", "s"."ReportedForcedRecoveryGeneration", "s"."ReportedSlotConfigurationFingerprint", "s"."SafetyHash", "s"."SafetyReasonCodesJson", "s"."SafetyRevision", "s"."SafetyUnknownPresent", "s"."SessionGeneration", "s"."UnsettledSlotOperationAttemptId", "s"."UpdatedAt"
FROM "SessionRecoveries" AS "s"
WHERE "s"."AgvId" = @__agvId_0
LIMIT 2
[16:58:23 INF] Executed DbCommand (0ms) [Parameters=[@p4='?' (Size = 10), @p0='?' (Size = 64), @p1='?' (DbType = Int64), @p2='?' (Size = 64), @p3='?' (DbType = DateTimeOffset)], CommandType='Text', CommandTimeout='30']
UPDATE "SessionRecoveries" SET "CapabilityHash" = @p0, "CapabilityRevision" = @p1, "ReportedSlotConfigurationFingerprint" = @p2, "UpdatedAt" = @p3
WHERE "AgvId" = @p4
RETURNING 1;
[16:58:23 INF] Executed DbCommand (0ms) [Parameters=[@p0='?' (Size = 36), @p1='?' (Size = 64), @p2='?' (Size = 622), @p3='?' (Size = 18), @p4='?' (DbType = DateTimeOffset), @p5='?' (Size = 2073)], CommandType='Text', CommandTimeout='30']
INSERT INTO "ProtocolInbox" ("MessageId", "ContentHash", "FirstResponseJson", "MessageType", "ReceivedAt", "RequestJson")
VALUES (@p0, @p1, @p2, @p3, @p4, @p5);
[16:58:23 INF] Executed DbCommand (0ms) [Parameters=[@__messageId_0='?' (Size = 36)], CommandType='Text', CommandTimeout='30']
SELECT "p"."MessageId", "p"."ContentHash", "p"."FirstResponseJson", "p"."MessageType", "p"."ReceivedAt", "p"."RequestJson"
FROM "ProtocolInbox" AS "p"
WHERE "p"."MessageId" = @__messageId_0
LIMIT 2
[16:58:23 INF] Executed DbCommand (0ms) [Parameters=[@__agvId_0='?' (Size = 10)], CommandType='Text', CommandTimeout='30']
SELECT "s"."AgvId", "s"."ActiveUnlockSlotsJson", "s"."CapabilityHash", "s"."CapabilityRevision", "s"."DepartureSafe", "s"."ForcedRecoveryGeneration", "s"."ManifestSha256", "s"."PendingAttemptIdsJson", "s"."PendingResultIdsJson", "s"."ProfileId", "s"."ProtocolCommit", "s"."ProtocolVersion", "s"."ProvenRecoveryCheckpoint", "s"."Readiness", "s"."ReasonCode", "s"."RecoveryReportId", "s"."ReportedForcedRecoveryGeneration", "s"."ReportedSlotConfigurationFingerprint", "s"."SafetyHash", "s"."SafetyReasonCodesJson", "s"."SafetyRevision", "s"."SafetyUnknownPresent", "s"."SessionGeneration", "s"."UnsettledSlotOperationAttemptId", "s"."UpdatedAt"
FROM "SessionRecoveries" AS "s"
WHERE "s"."AgvId" = @__agvId_0
LIMIT 2
[16:58:23 INF] Executed DbCommand (0ms) [Parameters=[@p4='?' (Size = 10), @p0='?' (DbType = Boolean), @p1='?' (Size = 64), @p2='?' (DbType = Int64), @p3='?' (DbType = DateTimeOffset)], CommandType='Text', CommandTimeout='30']
UPDATE "SessionRecoveries" SET "DepartureSafe" = @p0, "SafetyHash" = @p1, "SafetyRevision" = @p2, "UpdatedAt" = @p3
WHERE "AgvId" = @p4
RETURNING 1;
[16:58:23 INF] Executed DbCommand (0ms) [Parameters=[@p0='?' (Size = 36), @p1='?' (Size = 64), @p2='?' (Size = 624), @p3='?' (Size = 19), @p4='?' (DbType = DateTimeOffset), @p5='?' (Size = 1970)], CommandType='Text', CommandTimeout='30']
INSERT INTO "ProtocolInbox" ("MessageId", "ContentHash", "FirstResponseJson", "MessageType", "ReceivedAt", "RequestJson")
VALUES (@p0, @p1, @p2, @p3, @p4, @p5);
[16:58:23 INF] Executed DbCommand (0ms) [Parameters=[@__messageId_0='?' (Size = 36)], CommandType='Text', CommandTimeout='30']
SELECT "p"."MessageId", "p"."ContentHash", "p"."FirstResponseJson", "p"."MessageType", "p"."ReceivedAt", "p"."RequestJson"
FROM "ProtocolInbox" AS "p"
WHERE "p"."MessageId" = @__messageId_0
LIMIT 2
[16:58:23 INF] Executed DbCommand (0ms) [Parameters=[@__agvId_0='?' (Size = 10)], CommandType='Text', CommandTimeout='30']
SELECT "o"."AlarmsJson"
FROM "OnboardAlarmSnapshots" AS "o"
WHERE "o"."AgvId" = @__agvId_0
LIMIT 1
[16:58:23 INF] Executed DbCommand (0ms) [Parameters=[@__snapshot_AgvId_0='?' (Size = 10)], CommandType='Text', CommandTimeout='30']
SELECT "o"."AgvId", "o"."AlarmsJson", "o"."CapturedAt", "o"."ReceivedAt", "o"."SessionGeneration", "o"."SnapshotSequence"
FROM "OnboardAlarmSnapshots" AS "o"
WHERE "o"."AgvId" = @__snapshot_AgvId_0
LIMIT 1
[16:58:23 INF] Executed DbCommand (0ms) [Parameters=[@p5='?' (Size = 10), @p0='?' (Size = 2), @p1='?' (DbType = DateTimeOffset), @p2='?' (DbType = DateTimeOffset), @p3='?' (DbType = Int64), @p4='?' (DbType = Int64)], CommandType='Text', CommandTimeout='30']
UPDATE "OnboardAlarmSnapshots" SET "AlarmsJson" = @p0, "CapturedAt" = @p1, "ReceivedAt" = @p2, "SessionGeneration" = @p3, "SnapshotSequence" = @p4
WHERE "AgvId" = @p5
RETURNING 1;
[16:58:23 INF] Executed DbCommand (0ms) [Parameters=[@__agvId_0='?' (Size = 10)], CommandType='Text', CommandTimeout='30']
SELECT "o"."AlarmsJson"
FROM "OnboardAlarmSnapshots" AS "o"
WHERE "o"."AgvId" = @__agvId_0
LIMIT 1
[16:58:23 INF] Executed DbCommand (0ms) [Parameters=[@p0='?' (Size = 36), @p1='?' (Size = 64), @p2='?' (Size = 625), @p3='?' (Size = 20), @p4='?' (DbType = DateTimeOffset), @p5='?' (Size = 485)], CommandType='Text', CommandTimeout='30']
INSERT INTO "ProtocolInbox" ("MessageId", "ContentHash", "FirstResponseJson", "MessageType", "ReceivedAt", "RequestJson")
VALUES (@p0, @p1, @p2, @p3, @p4, @p5);
[16:58:23 INF] Executed DbCommand (0ms) [Parameters=[@__messageId_0='?' (Size = 36)], CommandType='Text', CommandTimeout='30']
SELECT "p"."MessageId", "p"."ContentHash", "p"."FirstResponseJson", "p"."MessageType", "p"."ReceivedAt", "p"."RequestJson"
FROM "ProtocolInbox" AS "p"
WHERE "p"."MessageId" = @__messageId_0
LIMIT 2
[16:58:23 INF] Executed DbCommand (0ms) [Parameters=[@__agvId_0='?' (Size = 10)], CommandType='Text', CommandTimeout='30']
SELECT "s"."AgvId", "s"."ActiveUnlockSlotsJson", "s"."CapabilityHash", "s"."CapabilityRevision", "s"."DepartureSafe", "s"."ForcedRecoveryGeneration", "s"."ManifestSha256", "s"."PendingAttemptIdsJson", "s"."PendingResultIdsJson", "s"."ProfileId", "s"."ProtocolCommit", "s"."ProtocolVersion", "s"."ProvenRecoveryCheckpoint", "s"."Readiness", "s"."ReasonCode", "s"."RecoveryReportId", "s"."ReportedForcedRecoveryGeneration", "s"."ReportedSlotConfigurationFingerprint", "s"."SafetyHash", "s"."SafetyReasonCodesJson", "s"."SafetyRevision", "s"."SafetyUnknownPresent", "s"."SessionGeneration", "s"."UnsettledSlotOperationAttemptId", "s"."UpdatedAt"
FROM "SessionRecoveries" AS "s"
WHERE "s"."AgvId" = @__agvId_0
LIMIT 2
[16:58:23 INF] Executed DbCommand (0ms) [Parameters=[@__agvId_0='?' (Size = 10)], CommandType='Text', CommandTimeout='30']
SELECT "v"."ForcedRecoveryGeneration"
FROM "VehicleRecoveryGenerations" AS "v"
WHERE "v"."AgvId" = @__agvId_0
LIMIT 2
[16:58:23 INF] Executed DbCommand (0ms) [Parameters=[@__pending_0='?' (Size = 40)], CommandType='Text', CommandTimeout='30']
SELECT "s"."SlotOperationAttemptId"
FROM "StationOperations" AS "s"
WHERE "s"."SlotOperationAttemptId" IN (
    SELECT "p"."value"
    FROM json_each(@__pending_0) AS "p"
) AND "s"."Status" IN ('Committed', 'Failed', 'Cancelled')
[16:58:23 INF] Executed DbCommand (0ms) [Parameters=[@p7='?' (Size = 10), @p0='?' (Size = 2), @p1='?' (Size = 40), @p2='?' (Size = 40), @p3='?' (Size = 19), @p4='?' (Size = 31), @p5='?' (Size = 36), @p6='?' (DbType = DateTimeOffset)], CommandType='Text', CommandTimeout='30']
UPDATE "SessionRecoveries" SET "ActiveUnlockSlotsJson" = @p0, "PendingAttemptIdsJson" = @p1, "PendingResultIdsJson" = @p2, "ProvenRecoveryCheckpoint" = @p3, "ReasonCode" = @p4, "RecoveryReportId" = @p5, "UpdatedAt" = @p6
WHERE "AgvId" = @p7
RETURNING 1;
[16:58:23 INF] Executed DbCommand (0ms) [Parameters=[@__agvId_0='?' (Size = 10)], CommandType='Text', CommandTimeout='30']
SELECT "s"."AgvId", "s"."ActiveUnlockSlotsJson", "s"."CapabilityHash", "s"."CapabilityRevision", "s"."DepartureSafe", "s"."ForcedRecoveryGeneration", "s"."ManifestSha256", "s"."PendingAttemptIdsJson", "s"."PendingResultIdsJson", "s"."ProfileId", "s"."ProtocolCommit", "s"."ProtocolVersion", "s"."ProvenRecoveryCheckpoint", "s"."Readiness", "s"."ReasonCode", "s"."RecoveryReportId", "s"."ReportedForcedRecoveryGeneration", "s"."ReportedSlotConfigurationFingerprint", "s"."SafetyHash", "s"."SafetyReasonCodesJson", "s"."SafetyRevision", "s"."SafetyUnknownPresent", "s"."SessionGeneration", "s"."UnsettledSlotOperationAttemptId", "s"."UpdatedAt"
FROM "SessionRecoveries" AS "s"
WHERE "s"."AgvId" = @__agvId_0
LIMIT 2
[16:58:23 INF] Executed DbCommand (0ms) [Parameters=[@__agvId_0='?' (Size = 10)], CommandType='Text', CommandTimeout='30']
SELECT EXISTS (
    SELECT 1
    FROM "StationOperations" AS "s"
    INNER JOIN "JourneyRuntimes" AS "j" ON "s"."DemandId" = "j"."DemandId"
    WHERE "j"."AgvId" = @__agvId_0 AND "s"."Status" = 'RecoveryRequired')
[16:58:23 INF] Executed DbCommand (0ms) [Parameters=[@__agvId_0='?' (Size = 10)], CommandType='Text', CommandTimeout='30']
SELECT EXISTS (
    SELECT 1
    FROM "RecoveryWorkflows" AS "r"
    WHERE "r"."AgvId" = @__agvId_0 AND "r"."WorkflowType" = 'FORCED_MECHANICAL_RECOVERY' AND "r"."State" <> 'HistoricalOnly' AND NOT EXISTS (
        SELECT 1
        FROM "HardwareRecoveryRecords" AS "h"
        WHERE "h"."RecoveryActionId" = "r"."WorkflowId"))
[16:58:23 INF] Executed DbCommand (0ms) [Parameters=[@__agvId_0='?' (Size = 10)], CommandType='Text', CommandTimeout='30']
SELECT "a"."AgvId", "a"."ActivatedAt", "a"."ActivationId", "a"."ConfigurationVersion", "a"."Fingerprint", "a"."SlotModelVersionId", "a"."SnapshotId"
FROM "ActiveSlotConfigurations" AS "a"
WHERE "a"."AgvId" = @__agvId_0
LIMIT 1
[16:58:23 INF] Executed DbCommand (0ms) [Parameters=[@p2='?' (Size = 10), @p0='?' (Size = 36), @p1='?' (DbType = DateTimeOffset)], CommandType='Text', CommandTimeout='30']
UPDATE "SessionRecoveries" SET "ReasonCode" = @p0, "UpdatedAt" = @p1
WHERE "AgvId" = @p2
RETURNING 1;
[16:58:23 INF] Executed DbCommand (0ms) [Parameters=[@p0='?' (Size = 36), @p1='?' (Size = 64), @p2='?' (Size = 1275), @p3='?' (Size = 19), @p4='?' (DbType = DateTimeOffset), @p5='?' (Size = 999)], CommandType='Text', CommandTimeout='30']
INSERT INTO "ProtocolInbox" ("MessageId", "ContentHash", "FirstResponseJson", "MessageType", "ReceivedAt", "RequestJson")
VALUES (@p0, @p1, @p2, @p3, @p4, @p5);
[16:58:23 INF] Executed DbCommand (0ms) [Parameters=[@__agvId_0='?' (Size = 10)], CommandType='Text', CommandTimeout='30']
SELECT "r"."CommandMessageId"
FROM "RecoveryWorkflows" AS "r"
WHERE "r"."AgvId" = @__agvId_0 AND "r"."CommandMessageId" IS NOT NULL AND "r"."State" <> 'Reconciled' AND "r"."State" <> 'HistoricalOnly'
[16:58:23 INF] Executed DbCommand (0ms) [Parameters=[], CommandType='Text', CommandTimeout='30']
SELECT "p"."MessageId", "p"."AcknowledgedAt", "p"."CreatedAt", "p"."FencedAt", "p"."MessageType", "p"."PayloadJson"
FROM "ProtocolOutbox" AS "p"
WHERE "p"."MessageType" = 'ExceptionRecoverySessionSnapshot' AND "p"."AcknowledgedAt" IS NULL AND "p"."FencedAt" IS NULL
[16:58:23 INF] Executed DbCommand (0ms) [Parameters=[@__agvId_0='?' (Size = 10)], CommandType='Text', CommandTimeout='30']
SELECT "s"."ActivationId", "s"."AgvId", "s"."CommandMessageId", "s"."ConfigurationVersion", "s"."Fingerprint", "s"."IssuedAt", "s"."Kind", "s"."RecoveryRole", "s"."ResultJson", "s"."ResultReceivedAt", "s"."RolledBackToVersion", "s"."SlotModelVersionId", "s"."SnapshotId", "s"."State"
FROM "SlotConfigurationActivations" AS "s"
WHERE "s"."AgvId" = @__agvId_0 AND "s"."State" = 'PENDING_RESULT' AND "s"."RecoveryRole" = 'SLOT_CONFIGURATION'
[16:58:23 INF] Executed DbCommand (0ms) [Parameters=[@__messageId_0='?' (Size = 36)], CommandType='Text', CommandTimeout='30']
SELECT "p"."MessageId", "p"."ContentHash", "p"."FirstResponseJson", "p"."MessageType", "p"."ReceivedAt", "p"."RequestJson"
FROM "ProtocolInbox" AS "p"
WHERE "p"."MessageId" = @__messageId_0
LIMIT 2
[16:58:23 INF] Executed DbCommand (0ms) [Parameters=[@__agvId_0='?' (Size = 10)], CommandType='Text', CommandTimeout='30']
SELECT "s"."AgvId", "s"."ActiveUnlockSlotsJson", "s"."CapabilityHash", "s"."CapabilityRevision", "s"."DepartureSafe", "s"."ForcedRecoveryGeneration", "s"."ManifestSha256", "s"."PendingAttemptIdsJson", "s"."PendingResultIdsJson", "s"."ProfileId", "s"."ProtocolCommit", "s"."ProtocolVersion", "s"."ProvenRecoveryCheckpoint", "s"."Readiness", "s"."ReasonCode", "s"."RecoveryReportId", "s"."ReportedForcedRecoveryGeneration", "s"."ReportedSlotConfigurationFingerprint", "s"."SafetyHash", "s"."SafetyReasonCodesJson", "s"."SafetyRevision", "s"."SafetyUnknownPresent", "s"."SessionGeneration", "s"."UnsettledSlotOperationAttemptId", "s"."UpdatedAt"
FROM "SessionRecoveries" AS "s"
WHERE "s"."AgvId" = @__agvId_0
LIMIT 2
[16:58:23 INF] Executed DbCommand (0ms) [Parameters=[@p4='?' (Size = 10), @p0='?' (Size = 20), @p1='?' (Size = 64), @p2='?' (DbType = Int64), @p3='?' (DbType = DateTimeOffset)], CommandType='Text', CommandTimeout='30']
UPDATE "SessionRecoveries" SET "ReasonCode" = @p0, "SafetyHash" = @p1, "SafetyRevision" = @p2, "UpdatedAt" = @p3
WHERE "AgvId" = @p4
RETURNING 1;
[16:58:23 INF] Executed DbCommand (0ms) [Parameters=[@__agvId_0='?' (Size = 10)], CommandType='Text', CommandTimeout='30']
SELECT "s"."AgvId", "s"."ActiveUnlockSlotsJson", "s"."CapabilityHash", "s"."CapabilityRevision", "s"."DepartureSafe", "s"."ForcedRecoveryGeneration", "s"."ManifestSha256", "s"."PendingAttemptIdsJson", "s"."PendingResultIdsJson", "s"."ProfileId", "s"."ProtocolCommit", "s"."ProtocolVersion", "s"."ProvenRecoveryCheckpoint", "s"."Readiness", "s"."ReasonCode", "s"."RecoveryReportId", "s"."ReportedForcedRecoveryGeneration", "s"."ReportedSlotConfigurationFingerprint", "s"."SafetyHash", "s"."SafetyReasonCodesJson", "s"."SafetyRevision", "s"."SafetyUnknownPresent", "s"."SessionGeneration", "s"."UnsettledSlotOperationAttemptId", "s"."UpdatedAt"
FROM "SessionRecoveries" AS "s"
WHERE "s"."AgvId" = @__agvId_0
LIMIT 2
[16:58:23 INF] Executed DbCommand (0ms) [Parameters=[@__agvId_0='?' (Size = 10)], CommandType='Text', CommandTimeout='30']
SELECT EXISTS (
    SELECT 1
    FROM "StationOperations" AS "s"
    INNER JOIN "JourneyRuntimes" AS "j" ON "s"."DemandId" = "j"."DemandId"
    WHERE "j"."AgvId" = @__agvId_0 AND "s"."Status" = 'RecoveryRequired')
[16:58:23 INF] Executed DbCommand (0ms) [Parameters=[@__agvId_0='?' (Size = 10)], CommandType='Text', CommandTimeout='30']
SELECT EXISTS (
    SELECT 1
    FROM "RecoveryWorkflows" AS "r"
    WHERE "r"."AgvId" = @__agvId_0 AND "r"."WorkflowType" = 'FORCED_MECHANICAL_RECOVERY' AND "r"."State" <> 'HistoricalOnly' AND NOT EXISTS (
        SELECT 1
        FROM "HardwareRecoveryRecords" AS "h"
        WHERE "h"."RecoveryActionId" = "r"."WorkflowId"))
[16:58:23 INF] Executed DbCommand (0ms) [Parameters=[@__agvId_0='?' (Size = 10)], CommandType='Text', CommandTimeout='30']
SELECT "a"."AgvId", "a"."ActivatedAt", "a"."ActivationId", "a"."ConfigurationVersion", "a"."Fingerprint", "a"."SlotModelVersionId", "a"."SnapshotId"
FROM "ActiveSlotConfigurations" AS "a"
WHERE "a"."AgvId" = @__agvId_0
LIMIT 1
[16:58:23 INF] Executed DbCommand (0ms) [Parameters=[@p2='?' (Size = 10), @p0='?' (Size = 36), @p1='?' (DbType = DateTimeOffset)], CommandType='Text', CommandTimeout='30']
UPDATE "SessionRecoveries" SET "ReasonCode" = @p0, "UpdatedAt" = @p1
WHERE "AgvId" = @p2
RETURNING 1;
[16:58:23 INF] Start processing HTTP request GET http://127.0.0.1:48408/api/imap/v1/mapInfo/stations/25
[16:58:23 INF] Sending HTTP request GET http://127.0.0.1:48408/api/imap/v1/mapInfo/stations/25
[16:58:23 INF] Executed DbCommand (0ms) [Parameters=[@__agvId_0='?' (Size = 10)], CommandType='Text', CommandTimeout='30']
SELECT "o"."AlarmsJson"
FROM "OnboardAlarmSnapshots" AS "o"
WHERE "o"."AgvId" = @__agvId_0
LIMIT 1
[16:58:23 INF] Executed DbCommand (0ms) [Parameters=[@p0='?' (Size = 36), @p1='?' (Size = 64), @p2='?' (Size = 1274), @p3='?' (Size = 18), @p4='?' (DbType = DateTimeOffset), @p5='?' (Size = 653)], CommandType='Text', CommandTimeout='30']
INSERT INTO "ProtocolInbox" ("MessageId", "ContentHash", "FirstResponseJson", "MessageType", "ReceivedAt", "RequestJson")
VALUES (@p0, @p1, @p2, @p3, @p4, @p5);
[16:58:23 INF] Executed DbCommand (0ms) [Parameters=[@__messageId_0='?' (Size = 36)], CommandType='Text', CommandTimeout='30']
SELECT "p"."MessageId", "p"."ContentHash", "p"."FirstResponseJson", "p"."MessageType", "p"."ReceivedAt", "p"."RequestJson"
FROM "ProtocolInbox" AS "p"
WHERE "p"."MessageId" = @__messageId_0
LIMIT 2
[16:58:23 INF] Received HTTP response headers after 6.5652ms - 200
[16:58:23 INF] End processing HTTP request after 10.0369ms - 200
[16:58:23 INF] Executed DbCommand (0ms) [Parameters=[@__slotOperationAttemptId_0='?' (Size = 36)], CommandType='Text', CommandTimeout='30']
SELECT "s"."ForcedRecoveryGeneration"
FROM "StationOperations" AS "s"
WHERE "s"."SlotOperationAttemptId" = @__slotOperationAttemptId_0
LIMIT 2
[16:58:23 INF] Executed DbCommand (0ms) [Parameters=[@__mapId_0='?' (DbType = Int32)], CommandType='Text', CommandTimeout='30']
SELECT "t"."MapId", "t"."ActiveVersion", "t"."PendingVersion", "t"."State", "t"."UpdatedAt"
FROM "TaskTypeStationActiveBindingSets" AS "t"
WHERE "t"."MapId" = @__mapId_0
LIMIT 2
[16:58:23 INF] Executed DbCommand (0ms) [Parameters=[@__demandId_0='?' (Size = 36)], CommandType='Text', CommandTimeout='30']
SELECT "j"."DemandId", "j"."AgvId", "j"."AgvLifecycleGeneration", "j"."BlockReasonCode", "j"."BlockReasonSince", "j"."ConsumedSafetyResultMessageId", "j"."ConsumedSublotMessageId", "j"."CreatedAt", "j"."DispatchGeneration", "j"."DispatchZone", "j"."ExpectedBasketCount", "j"."GateMovementLegId", "j"."GatePlanMessageId", "j"."GateStationId", "j"."GateStationRiotId", "j"."GateUpperId", "j"."GateVehicleBusinessMessageId", "j"."GateWorklistMessageId", "j"."LoadCommandMessageId", "j"."LoadSlotOperationAttemptId", "j"."MapId", "j"."MapIdentity", "j"."OperationSessionId", "j"."PickupMovementLegId", "j"."PickupStationId", "j"."PickupStationRiotId", "j"."PickupUpperId", "j"."PlanMessageId", "j"."PlanRevision", "j"."PreDepartureSafetyCheckId", "j"."PreDepartureSafetyCheckMessageId", "j"."RouteEvidenceId", "j"."Stage", "j"."StationDepartureWaitStartedAt", "j"."SublotRequestMessageId", "j"."TargetSlotsJson", "j"."UnloadCommandMessageId", "j"."UnloadSlotOperationAttemptId", "j"."UpdatedAt", "j"."VehicleBusinessMessageId", "j"."VehicleBusinessRevision", "j"."VehicleKey", "j"."WorklistMessageId", "j"."WorklistRevision"
FROM "JourneyRuntimes" AS "j"
WHERE "j"."DemandId" = @__demandId_0
LIMIT 2
[16:58:23 INF] Executed DbCommand (0ms) [Parameters=[@__mapId_0='?' (DbType = Int32), @__version_1='?' (DbType = Int64)], CommandType='Text', CommandTimeout='30']
SELECT "t"."MapId", "t"."Version", "t"."CatalogRevision", "t"."ContentSha256", "t"."LoadedAt", "t"."RuleVersion", "t"."SnapshotId", "t"."Source"
FROM "TaskTypeStationBindingSetVersions" AS "t"
WHERE "t"."MapId" = @__mapId_0 AND "t"."Version" = @__version_1
LIMIT 2
[16:58:23 INF] Executed DbCommand (0ms) [Parameters=[@__result_ResultId_0='?' (Size = 36)], CommandType='Text', CommandTimeout='30']
SELECT "o"."ResultId", "o"."AgvId", "o"."ContentHash", "o"."EvidenceJson", "o"."ForcedRecoveryGeneration", "o"."HistoricalOnly", "o"."ObservedAt", "o"."OverallOutcome", "o"."ReceivedAt", "o"."ResultContentSha256", "o"."SlotOperationAttemptId", "o"."SupersededByResultId"
FROM "OperationResults" AS "o"
WHERE "o"."ResultId" = @__result_ResultId_0
LIMIT 2
[16:58:23 INF] Executed DbCommand (0ms) [Parameters=[@__mapId_0='?' (DbType = Int32), @__version_1='?' (DbType = Int64)], CommandType='Text', CommandTimeout='30']
SELECT "t"."TaskType"
FROM "TaskTypeStationRequirements" AS "t"
WHERE "t"."MapId" = @__mapId_0 AND "t"."Version" = @__version_1
[16:58:23 INF] Executed DbCommand (0ms) [Parameters=[@__slotOperationAttemptId_0='?' (Size = 36)], CommandType='Text', CommandTimeout='30']
SELECT "r"."WorkflowId", "r"."AgvId", "r"."CommandContentHash", "r"."CommandMessageId", "r"."CommandMessageType", "r"."CreatedAt", "r"."DemandId", "r"."ExceptionRecoverySessionId", "r"."ForcedRecoveryGeneration", "r"."HandoffId", "r"."Outcome", "r"."RequestContentHash", "r"."RequestMessageId", "r"."ResultContentHash", "r"."ResultMessageId", "r"."SlotOperationAttemptId", "r"."SlotsJson", "r"."State", "r"."UpdatedAt", "r"."WorkflowType"
FROM "RecoveryWorkflows" AS "r"
WHERE "r"."WorkflowType" = 'RESUME_AFTER_REPAIR' AND "r"."SlotOperationAttemptId" = @__slotOperationAttemptId_0 AND "r"."State" IN ('CommandPending', 'AwaitingResult')
LIMIT 2
[16:58:23 INF] Executed DbCommand (0ms) [Parameters=[@__mapId_0='?' (DbType = Int32), @__version_1='?' (DbType = Int64)], CommandType='Text', CommandTimeout='30']
SELECT "t"."MapId", "t"."Version", "t"."TaskType", "t"."SiteVerificationRef", "t"."StationName", "t"."StationRiotId"
FROM "TaskTypeStationBindings" AS "t"
WHERE "t"."MapId" = @__mapId_0 AND "t"."Version" = @__version_1
[16:58:23 INF] Executed DbCommand (0ms) [Parameters=[@__agvId_0='?' (Size = 10)], CommandType='Text', CommandTimeout='30']
SELECT "s"."AgvId", "s"."ActiveUnlockSlotsJson", "s"."CapabilityHash", "s"."CapabilityRevision", "s"."DepartureSafe", "s"."ForcedRecoveryGeneration", "s"."ManifestSha256", "s"."PendingAttemptIdsJson", "s"."PendingResultIdsJson", "s"."ProfileId", "s"."ProtocolCommit", "s"."ProtocolVersion", "s"."ProvenRecoveryCheckpoint", "s"."Readiness", "s"."ReasonCode", "s"."RecoveryReportId", "s"."ReportedForcedRecoveryGeneration", "s"."ReportedSlotConfigurationFingerprint", "s"."SafetyHash", "s"."SafetyReasonCodesJson", "s"."SafetyRevision", "s"."SafetyUnknownPresent", "s"."SessionGeneration", "s"."UnsettledSlotOperationAttemptId", "s"."UpdatedAt"
FROM "SessionRecoveries" AS "s"
WHERE "s"."AgvId" = @__agvId_0
LIMIT 2
[16:58:23 INF] Executed DbCommand (0ms) [Parameters=[@__version_0='?' (DbType = Int64)], CommandType='Text', CommandTimeout='30']
SELECT "t"."Version", "t"."ContentSha256", "t"."LoadedAt", "t"."SnapshotId", "t"."Source"
FROM "TaskTypeStationRuleVersions" AS "t"
WHERE "t"."Version" = @__version_0
LIMIT 2
[16:58:23 INF] Executed DbCommand (0ms) [Parameters=[@p2='?' (Size = 10), @p0='?' (Size = 2), @p1='?' (DbType = DateTimeOffset)], CommandType='Text', CommandTimeout='30']
UPDATE "SessionRecoveries" SET "PendingResultIdsJson" = @p0, "UpdatedAt" = @p1
WHERE "AgvId" = @p2
RETURNING 1;
[16:58:23 INF] Executed DbCommand (0ms) [Parameters=[@__version_0='?' (DbType = Int64)], CommandType='Text', CommandTimeout='30']
SELECT "t"."Version", "t"."TaskType", "t"."FixedEnd"
FROM "TaskTypeStationRules" AS "t"
WHERE "t"."Version" = @__version_0
[16:58:23 INF] Executed DbCommand (0ms) [Parameters=[@__agvId_0='?' (Size = 10)], CommandType='Text', CommandTimeout='30']
SELECT "s"."AgvId", "s"."ActiveUnlockSlotsJson", "s"."CapabilityHash", "s"."CapabilityRevision", "s"."DepartureSafe", "s"."ForcedRecoveryGeneration", "s"."ManifestSha256", "s"."PendingAttemptIdsJson", "s"."PendingResultIdsJson", "s"."ProfileId", "s"."ProtocolCommit", "s"."ProtocolVersion", "s"."ProvenRecoveryCheckpoint", "s"."Readiness", "s"."ReasonCode", "s"."RecoveryReportId", "s"."ReportedForcedRecoveryGeneration", "s"."ReportedSlotConfigurationFingerprint", "s"."SafetyHash", "s"."SafetyReasonCodesJson", "s"."SafetyRevision", "s"."SafetyUnknownPresent", "s"."SessionGeneration", "s"."UnsettledSlotOperationAttemptId", "s"."UpdatedAt"
FROM "SessionRecoveries" AS "s"
WHERE "s"."AgvId" = @__agvId_0
LIMIT 2
[16:58:23 INF] Executed DbCommand (0ms) [Parameters=[@__mapId_0='?' (DbType = Int32)], CommandType='Text', CommandTimeout='30']
SELECT "t"."MapId", "t"."ActiveVersion", "t"."PendingVersion", "t"."State", "t"."UpdatedAt"
FROM "TaskTypeStationActiveBindingSets" AS "t"
WHERE "t"."MapId" = @__mapId_0
LIMIT 2
[16:58:23 INF] Executed DbCommand (0ms) [Parameters=[@__pending_0='?' (Size = 40)], CommandType='Text', CommandTimeout='30']
SELECT "s"."SlotOperationAttemptId"
FROM "StationOperations" AS "s"
WHERE "s"."SlotOperationAttemptId" IN (
    SELECT "p"."value"
    FROM json_each(@__pending_0) AS "p"
) AND "s"."Status" IN ('Committed', 'Failed', 'Cancelled')
[16:58:23 INF] Executed DbCommand (0ms) [Parameters=[@__mapId_0='?' (DbType = Int32)], CommandType='Text', CommandTimeout='30']
SELECT "t"."HoldId", "t"."DetailJson", "t"."MapId", "t"."RaisedAt", "t"."RaisedBy", "t"."ReasonCode", "t"."ReleasedAt", "t"."ReleasedBy", "t"."Source", "t"."TaskType"
FROM "TaskTypeStationHolds" AS "t"
WHERE "t"."MapId" = @__mapId_0 AND "t"."ReleasedAt" IS NULL
[16:58:23 INF] Executed DbCommand (0ms) [Parameters=[@__agvId_0='?' (Size = 10)], CommandType='Text', CommandTimeout='30']
SELECT "s"."AgvId", "s"."ActiveUnlockSlotsJson", "s"."CapabilityHash", "s"."CapabilityRevision", "s"."DepartureSafe", "s"."ForcedRecoveryGeneration", "s"."ManifestSha256", "s"."PendingAttemptIdsJson", "s"."PendingResultIdsJson", "s"."ProfileId", "s"."ProtocolCommit", "s"."ProtocolVersion", "s"."ProvenRecoveryCheckpoint", "s"."Readiness", "s"."ReasonCode", "s"."RecoveryReportId", "s"."ReportedForcedRecoveryGeneration", "s"."ReportedSlotConfigurationFingerprint", "s"."SafetyHash", "s"."SafetyReasonCodesJson", "s"."SafetyRevision", "s"."SafetyUnknownPresent", "s"."SessionGeneration", "s"."UnsettledSlotOperationAttemptId", "s"."UpdatedAt"
FROM "SessionRecoveries" AS "s"
WHERE "s"."AgvId" = @__agvId_0
LIMIT 2
[16:58:23 INF] Executed DbCommand (0ms) [Parameters=[@__mapId_0='?' (DbType = Int32)], CommandType='Text', CommandTimeout='30']
SELECT "m"."MapId", "m"."ApprovedMaxUnconfirmedSeconds", "m"."ApprovedSyncPeriodSeconds", "m"."CatalogRevision", "m"."LastAttemptAt", "m"."LastCompleteConfirmationAt", "m"."LastFailureReason", "m"."State", "m"."UpdatedAt"
FROM "MapStationCatalogStates" AS "m"
WHERE "m"."MapId" = @__mapId_0
LIMIT 2
[16:58:23 INF] Executed DbCommand (0ms) [Parameters=[@__agvId_0='?' (Size = 10)], CommandType='Text', CommandTimeout='30']
SELECT EXISTS (
    SELECT 1
    FROM "StationOperations" AS "s"
    INNER JOIN "JourneyRuntimes" AS "j" ON "s"."DemandId" = "j"."DemandId"
    WHERE "j"."AgvId" = @__agvId_0 AND "s"."Status" = 'RecoveryRequired')
[16:58:23 INF] Executed DbCommand (0ms) [Parameters=[@__agvId_0='?' (Size = 10)], CommandType='Text', CommandTimeout='30']
SELECT EXISTS (
    SELECT 1
    FROM "RecoveryWorkflows" AS "r"
    WHERE "r"."AgvId" = @__agvId_0 AND "r"."WorkflowType" = 'FORCED_MECHANICAL_RECOVERY' AND "r"."State" <> 'HistoricalOnly' AND NOT EXISTS (
        SELECT 1
        FROM "HardwareRecoveryRecords" AS "h"
        WHERE "h"."RecoveryActionId" = "r"."WorkflowId"))
[16:58:23 INF] Executed DbCommand (0ms) [Parameters=[@__agvId_0='?' (Size = 10)], CommandType='Text', CommandTimeout='30']
SELECT "a"."AgvId", "a"."ActivatedAt", "a"."ActivationId", "a"."ConfigurationVersion", "a"."Fingerprint", "a"."SlotModelVersionId", "a"."SnapshotId"
FROM "ActiveSlotConfigurations" AS "a"
WHERE "a"."AgvId" = @__agvId_0
LIMIT 1
[16:58:23 INF] Executed DbCommand (0ms) [Parameters=[@p1='?' (Size = 10), @p0='?' (DbType = DateTimeOffset)], CommandType='Text', CommandTimeout='30']
UPDATE "SessionRecoveries" SET "UpdatedAt" = @p0
WHERE "AgvId" = @p1
RETURNING 1;
[16:58:23 INF] Executed DbCommand (0ms) [Parameters=[@p4='?' (Size = 36), @p0='?' (Size = 64), @p1='?' (Size = 663), @p2='?' (DbType = DateTimeOffset), @p3='?' (Size = 910)], CommandType='Text', CommandTimeout='30']
UPDATE "ProtocolInbox" SET "ContentHash" = @p0, "FirstResponseJson" = @p1, "ReceivedAt" = @p2, "RequestJson" = @p3
WHERE "MessageId" = @p4
RETURNING 1;
[16:58:23 INF] Executed DbCommand (0ms) [Parameters=[], CommandType='Text', CommandTimeout='30']
SELECT "p"."MessageId", "p"."AcknowledgedAt", "p"."CreatedAt", "p"."FencedAt", "p"."MessageType", "p"."PayloadJson"
FROM "ProtocolOutbox" AS "p"
WHERE "p"."MessageType" = 'ExceptionRecoverySessionSnapshot' AND "p"."AcknowledgedAt" IS NULL AND "p"."FencedAt" IS NULL
[16:58:23 INF] Executed DbCommand (0ms) [Parameters=[@__messageId_0='?' (Size = 36)], CommandType='Text', CommandTimeout='30']
SELECT "p"."MessageId", "p"."ContentHash", "p"."FirstResponseJson", "p"."MessageType", "p"."ReceivedAt", "p"."RequestJson"
FROM "ProtocolInbox" AS "p"
WHERE "p"."MessageId" = @__messageId_0
LIMIT 2
[16:58:23 INF] Executed DbCommand (0ms) [Parameters=[@__agvId_0='?' (Size = 10)], CommandType='Text', CommandTimeout='30']
SELECT "o"."AlarmsJson"
FROM "OnboardAlarmSnapshots" AS "o"
WHERE "o"."AgvId" = @__agvId_0
LIMIT 1
[16:58:23 INF] Executed DbCommand (0ms) [Parameters=[@__snapshot_AgvId_0='?' (Size = 10)], CommandType='Text', CommandTimeout='30']
SELECT "o"."AgvId", "o"."AlarmsJson", "o"."CapturedAt", "o"."ReceivedAt", "o"."SessionGeneration", "o"."SnapshotSequence"
FROM "OnboardAlarmSnapshots" AS "o"
WHERE "o"."AgvId" = @__snapshot_AgvId_0
LIMIT 1
[16:58:23 INF] Executed DbCommand (0ms) [Parameters=[@p4='?' (Size = 10), @p0='?' (Size = 423), @p1='?' (DbType = DateTimeOffset), @p2='?' (DbType = DateTimeOffset), @p3='?' (DbType = Int64)], CommandType='Text', CommandTimeout='30']
UPDATE "OnboardAlarmSnapshots" SET "AlarmsJson" = @p0, "CapturedAt" = @p1, "ReceivedAt" = @p2, "SnapshotSequence" = @p3
WHERE "AgvId" = @p4
RETURNING 1;
[16:58:23 INF] Executed DbCommand (0ms) [Parameters=[@__agvId_0='?' (Size = 10)], CommandType='Text', CommandTimeout='30']
SELECT "o"."AlarmsJson"
FROM "OnboardAlarmSnapshots" AS "o"
WHERE "o"."AgvId" = @__agvId_0
LIMIT 1
[16:58:23 INF] Executed DbCommand (0ms) [Parameters=[@p0='?' (Size = 36), @p1='?' (Size = 64), @p2='?' (Size = 625), @p3='?' (Size = 20), @p4='?' (DbType = DateTimeOffset), @p5='?' (Size = 845)], CommandType='Text', CommandTimeout='30']
INSERT INTO "ProtocolInbox" ("MessageId", "ContentHash", "FirstResponseJson", "MessageType", "ReceivedAt", "RequestJson")
VALUES (@p0, @p1, @p2, @p3, @p4, @p5);
[16:58:24 INF] Executed DbCommand (155ms) [Parameters=[@p3='?' (DbType = Int32), @p0='?' (DbType = DateTimeOffset), @p1='?' (DbType = DateTimeOffset), @p2='?' (DbType = DateTimeOffset)], CommandType='Text', CommandTimeout='30']
UPDATE "MapStationCatalogStates" SET "LastAttemptAt" = @p0, "LastCompleteConfirmationAt" = @p1, "UpdatedAt" = @p2
WHERE "MapId" = @p3
RETURNING 1;
[16:58:24 INF] Executed DbCommand (0ms) [Parameters=[@__mapId_0='?' (DbType = Int32)], CommandType='Text', CommandTimeout='30']
SELECT "t"."MapId", "t"."ActiveVersion", "t"."PendingVersion", "t"."State", "t"."UpdatedAt"
FROM "TaskTypeStationActiveBindingSets" AS "t"
WHERE "t"."MapId" = @__mapId_0
LIMIT 2
[16:58:24 INF] Executed DbCommand (0ms) [Parameters=[@__mapId_0='?' (DbType = Int32), @__version_1='?' (DbType = Int64)], CommandType='Text', CommandTimeout='30']
SELECT "t"."MapId", "t"."Version", "t"."CatalogRevision", "t"."ContentSha256", "t"."LoadedAt", "t"."RuleVersion", "t"."SnapshotId", "t"."Source"
FROM "TaskTypeStationBindingSetVersions" AS "t"
WHERE "t"."MapId" = @__mapId_0 AND "t"."Version" = @__version_1
LIMIT 2
[16:58:24 INF] Executed DbCommand (0ms) [Parameters=[@__mapId_0='?' (DbType = Int32), @__version_1='?' (DbType = Int64)], CommandType='Text', CommandTimeout='30']
SELECT "t"."TaskType"
FROM "TaskTypeStationRequirements" AS "t"
WHERE "t"."MapId" = @__mapId_0 AND "t"."Version" = @__version_1
[16:58:24 INF] Executed DbCommand (0ms) [Parameters=[@__mapId_0='?' (DbType = Int32), @__version_1='?' (DbType = Int64)], CommandType='Text', CommandTimeout='30']
SELECT "t"."MapId", "t"."Version", "t"."TaskType", "t"."SiteVerificationRef", "t"."StationName", "t"."StationRiotId"
FROM "TaskTypeStationBindings" AS "t"
WHERE "t"."MapId" = @__mapId_0 AND "t"."Version" = @__version_1
[16:58:24 INF] Executed DbCommand (0ms) [Parameters=[@__version_0='?' (DbType = Int64)], CommandType='Text', CommandTimeout='30']
SELECT "t"."Version", "t"."ContentSha256", "t"."LoadedAt", "t"."SnapshotId", "t"."Source"
FROM "TaskTypeStationRuleVersions" AS "t"
WHERE "t"."Version" = @__version_0
LIMIT 2
[16:58:24 INF] Executed DbCommand (0ms) [Parameters=[@__version_0='?' (DbType = Int64)], CommandType='Text', CommandTimeout='30']
SELECT "t"."Version", "t"."TaskType", "t"."FixedEnd"
FROM "TaskTypeStationRules" AS "t"
WHERE "t"."Version" = @__version_0
[16:58:24 INF] Executed DbCommand (0ms) [Parameters=[], CommandType='Text', CommandTimeout='30']
SELECT "a"."Id", "a"."ContentHash", "a"."DeploymentId", "a"."ImportedAt", "a"."Version"
FROM "AdmissionPolicyState" AS "a"
WHERE "a"."Id" = 1
LIMIT 2
[16:58:24 INF] Executed DbCommand (0ms) [Parameters=[], CommandType='Text', CommandTimeout='30']
SELECT "j"."DemandId", "j"."AgvId", "j"."AgvLifecycleGeneration", "j"."BlockReasonCode", "j"."BlockReasonSince", "j"."ConsumedSafetyResultMessageId", "j"."ConsumedSublotMessageId", "j"."CreatedAt", "j"."DispatchGeneration", "j"."DispatchZone", "j"."ExpectedBasketCount", "j"."GateMovementLegId", "j"."GatePlanMessageId", "j"."GateStationId", "j"."GateStationRiotId", "j"."GateUpperId", "j"."GateVehicleBusinessMessageId", "j"."GateWorklistMessageId", "j"."LoadCommandMessageId", "j"."LoadSlotOperationAttemptId", "j"."MapId", "j"."MapIdentity", "j"."OperationSessionId", "j"."PickupMovementLegId", "j"."PickupStationId", "j"."PickupStationRiotId", "j"."PickupUpperId", "j"."PlanMessageId", "j"."PlanRevision", "j"."PreDepartureSafetyCheckId", "j"."PreDepartureSafetyCheckMessageId", "j"."RouteEvidenceId", "j"."Stage", "j"."StationDepartureWaitStartedAt", "j"."SublotRequestMessageId", "j"."TargetSlotsJson", "j"."UnloadCommandMessageId", "j"."UnloadSlotOperationAttemptId", "j"."UpdatedAt", "j"."VehicleBusinessMessageId", "j"."VehicleBusinessRevision", "j"."VehicleKey", "j"."WorklistMessageId", "j"."WorklistRevision"
FROM "JourneyRuntimes" AS "j"
WHERE "j"."Stage" <> 'Completed'
[16:58:24 INF] Executed DbCommand (0ms) [Parameters=[@__agvId_0='?' (Size = 10)], CommandType='Text', CommandTimeout='30']
SELECT "s"."AgvId", "s"."ActiveUnlockSlotsJson", "s"."CapabilityHash", "s"."CapabilityRevision", "s"."DepartureSafe", "s"."ForcedRecoveryGeneration", "s"."ManifestSha256", "s"."PendingAttemptIdsJson", "s"."PendingResultIdsJson", "s"."ProfileId", "s"."ProtocolCommit", "s"."ProtocolVersion", "s"."ProvenRecoveryCheckpoint", "s"."Readiness", "s"."ReasonCode", "s"."RecoveryReportId", "s"."ReportedForcedRecoveryGeneration", "s"."ReportedSlotConfigurationFingerprint", "s"."SafetyHash", "s"."SafetyReasonCodesJson", "s"."SafetyRevision", "s"."SafetyUnknownPresent", "s"."SessionGeneration", "s"."UnsettledSlotOperationAttemptId", "s"."UpdatedAt"
FROM "SessionRecoveries" AS "s"
WHERE "s"."AgvId" = @__agvId_0 AND "s"."Readiness" = 'Ready'
LIMIT 2
[16:58:24 INF] Start processing HTTP request GET http://127.0.0.1:48408/api/task/v1/task/getVehicleInfo/BROKERX-L2-0001
[16:58:24 INF] Sending HTTP request GET http://127.0.0.1:48408/api/task/v1/task/getVehicleInfo/BROKERX-L2-0001
[16:58:24 INF] Received HTTP response headers after 2.7716ms - 200
[16:58:24 INF] End processing HTTP request after 6.4988ms - 200
[16:58:24 INF] Start processing HTTP request GET http://127.0.0.1:48408/api/order/v1/orderRecord?pageNum=1&pageSize=100&filterByState=1&filterByState=3&filterByState=7&filterByState=9
[16:58:24 INF] Sending HTTP request GET http://127.0.0.1:48408/api/order/v1/orderRecord?pageNum=1&pageSize=100&filterByState=1&filterByState=3&filterByState=7&filterByState=9
[16:58:24 INF] Received HTTP response headers after 0.789ms - 200
[16:58:24 INF] End processing HTTP request after 1.7583ms - 200
[16:58:24 INF] HTTP GET /api/onboard/v1/vehicle-safety responded 200 in 10.1031 ms
[16:58:24 INF] Start processing HTTP request GET http://127.0.0.1:48408/api/imap/v1/mapInfo/stations/25
[16:58:24 INF] Sending HTTP request GET http://127.0.0.1:48408/api/imap/v1/mapInfo/stations/25
[16:58:24 INF] Received HTTP response headers after 12.5914ms - 200
[16:58:24 INF] End processing HTTP request after 14.1552ms - 200
[16:58:24 INF] Executed DbCommand (0ms) [Parameters=[@__mapId_0='?' (DbType = Int32)], CommandType='Text', CommandTimeout='30']
SELECT "t"."MapId", "t"."ActiveVersion", "t"."PendingVersion", "t"."State", "t"."UpdatedAt"
FROM "TaskTypeStationActiveBindingSets" AS "t"
WHERE "t"."MapId" = @__mapId_0
LIMIT 2
[16:58:24 INF] Executed DbCommand (0ms) [Parameters=[@__mapId_0='?' (DbType = Int32), @__version_1='?' (DbType = Int64)], CommandType='Text', CommandTimeout='30']
SELECT "t"."MapId", "t"."Version", "t"."CatalogRevision", "t"."ContentSha256", "t"."LoadedAt", "t"."RuleVersion", "t"."SnapshotId", "t"."Source"
FROM "TaskTypeStationBindingSetVersions" AS "t"
WHERE "t"."MapId" = @__mapId_0 AND "t"."Version" = @__version_1
LIMIT 2
[16:58:24 INF] Executed DbCommand (0ms) [Parameters=[@__mapId_0='?' (DbType = Int32), @__version_1='?' (DbType = Int64)], CommandType='Text', CommandTimeout='30']
SELECT "t"."TaskType"
FROM "TaskTypeStationRequirements" AS "t"
WHERE "t"."MapId" = @__mapId_0 AND "t"."Version" = @__version_1
[16:58:24 INF] Executed DbCommand (0ms) [Parameters=[@__mapId_0='?' (DbType = Int32), @__version_1='?' (DbType = Int64)], CommandType='Text', CommandTimeout='30']
SELECT "t"."MapId", "t"."Version", "t"."TaskType", "t"."SiteVerificationRef", "t"."StationName", "t"."StationRiotId"
FROM "TaskTypeStationBindings" AS "t"
WHERE "t"."MapId" = @__mapId_0 AND "t"."Version" = @__version_1
[16:58:24 INF] Executed DbCommand (0ms) [Parameters=[@__version_0='?' (DbType = Int64)], CommandType='Text', CommandTimeout='30']
SELECT "t"."Version", "t"."ContentSha256", "t"."LoadedAt", "t"."SnapshotId", "t"."Source"
FROM "TaskTypeStationRuleVersions" AS "t"
WHERE "t"."Version" = @__version_0
LIMIT 2
[16:58:24 INF] Executed DbCommand (0ms) [Parameters=[@__version_0='?' (DbType = Int64)], CommandType='Text', CommandTimeout='30']
SELECT "t"."Version", "t"."TaskType", "t"."FixedEnd"
FROM "TaskTypeStationRules" AS "t"
WHERE "t"."Version" = @__version_0
[16:58:24 INF] Executed DbCommand (0ms) [Parameters=[@__mapId_0='?' (DbType = Int32)], CommandType='Text', CommandTimeout='30']
SELECT "t"."MapId", "t"."ActiveVersion", "t"."PendingVersion", "t"."State", "t"."UpdatedAt"
FROM "TaskTypeStationActiveBindingSets" AS "t"
WHERE "t"."MapId" = @__mapId_0
LIMIT 2
[16:58:24 INF] Executed DbCommand (0ms) [Parameters=[@__mapId_0='?' (DbType = Int32)], CommandType='Text', CommandTimeout='30']
SELECT "t"."HoldId", "t"."DetailJson", "t"."MapId", "t"."RaisedAt", "t"."RaisedBy", "t"."ReasonCode", "t"."ReleasedAt", "t"."ReleasedBy", "t"."Source", "t"."TaskType"
FROM "TaskTypeStationHolds" AS "t"
WHERE "t"."MapId" = @__mapId_0 AND "t"."ReleasedAt" IS NULL
[16:58:24 INF] Executed DbCommand (0ms) [Parameters=[@__mapId_0='?' (DbType = Int32)], CommandType='Text', CommandTimeout='30']
SELECT "m"."MapId", "m"."ApprovedMaxUnconfirmedSeconds", "m"."ApprovedSyncPeriodSeconds", "m"."CatalogRevision", "m"."LastAttemptAt", "m"."LastCompleteConfirmationAt", "m"."LastFailureReason", "m"."State", "m"."UpdatedAt"
FROM "MapStationCatalogStates" AS "m"
WHERE "m"."MapId" = @__mapId_0
LIMIT 2
[16:58:24 INF] Executed DbCommand (0ms) [Parameters=[@p3='?' (DbType = Int32), @p0='?' (DbType = DateTimeOffset), @p1='?' (DbType = DateTimeOffset), @p2='?' (DbType = DateTimeOffset)], CommandType='Text', CommandTimeout='30']
UPDATE "MapStationCatalogStates" SET "LastAttemptAt" = @p0, "LastCompleteConfirmationAt" = @p1, "UpdatedAt" = @p2
WHERE "MapId" = @p3
RETURNING 1;
[16:58:24 INF] Executed DbCommand (0ms) [Parameters=[@__mapId_0='?' (DbType = Int32)], CommandType='Text', CommandTimeout='30']
SELECT "t"."MapId", "t"."ActiveVersion", "t"."PendingVersion", "t"."State", "t"."UpdatedAt"
FROM "TaskTypeStationActiveBindingSets" AS "t"
WHERE "t"."MapId" = @__mapId_0
LIMIT 2
[16:58:24 INF] Executed DbCommand (0ms) [Parameters=[@__mapId_0='?' (DbType = Int32), @__version_1='?' (DbType = Int64)], CommandType='Text', CommandTimeout='30']
SELECT "t"."MapId", "t"."Version", "t"."CatalogRevision", "t"."ContentSha256", "t"."LoadedAt", "t"."RuleVersion", "t"."SnapshotId", "t"."Source"
FROM "TaskTypeStationBindingSetVersions" AS "t"
WHERE "t"."MapId" = @__mapId_0 AND "t"."Version" = @__version_1
LIMIT 2
[16:58:24 INF] Executed DbCommand (0ms) [Parameters=[@__mapId_0='?' (DbType = Int32), @__version_1='?' (DbType = Int64)], CommandType='Text', CommandTimeout='30']
SELECT "t"."TaskType"
FROM "TaskTypeStationRequirements" AS "t"
WHERE "t"."MapId" = @__mapId_0 AND "t"."Version" = @__version_1
[16:58:24 INF] Executed DbCommand (0ms) [Parameters=[@__mapId_0='?' (DbType = Int32), @__version_1='?' (DbType = Int64)], CommandType='Text', CommandTimeout='30']
SELECT "t"."MapId", "t"."Version", "t"."TaskType", "t"."SiteVerificationRef", "t"."StationName", "t"."StationRiotId"
FROM "TaskTypeStationBindings" AS "t"
WHERE "t"."MapId" = @__mapId_0 AND "t"."Version" = @__version_1
[16:58:24 INF] Executed DbCommand (0ms) [Parameters=[@__version_0='?' (DbType = Int64)], CommandType='Text', CommandTimeout='30']
SELECT "t"."Version", "t"."ContentSha256", "t"."LoadedAt", "t"."SnapshotId", "t"."Source"
FROM "TaskTypeStationRuleVersions" AS "t"
WHERE "t"."Version" = @__version_0
LIMIT 2
[16:58:24 INF] Executed DbCommand (0ms) [Parameters=[@__version_0='?' (DbType = Int64)], CommandType='Text', CommandTimeout='30']
SELECT "t"."Version", "t"."TaskType", "t"."FixedEnd"
FROM "TaskTypeStationRules" AS "t"
WHERE "t"."Version" = @__version_0
[16:58:24 INF] Executed DbCommand (0ms) [Parameters=[], CommandType='Text', CommandTimeout='30']
SELECT "a"."Id", "a"."ContentHash", "a"."DeploymentId", "a"."ImportedAt", "a"."Version"
FROM "AdmissionPolicyState" AS "a"
WHERE "a"."Id" = 1
LIMIT 2
[16:58:24 INF] Executed DbCommand (0ms) [Parameters=[], CommandType='Text', CommandTimeout='30']
SELECT "j"."DemandId", "j"."AgvId", "j"."AgvLifecycleGeneration", "j"."BlockReasonCode", "j"."BlockReasonSince", "j"."ConsumedSafetyResultMessageId", "j"."ConsumedSublotMessageId", "j"."CreatedAt", "j"."DispatchGeneration", "j"."DispatchZone", "j"."ExpectedBasketCount", "j"."GateMovementLegId", "j"."GatePlanMessageId", "j"."GateStationId", "j"."GateStationRiotId", "j"."GateUpperId", "j"."GateVehicleBusinessMessageId", "j"."GateWorklistMessageId", "j"."LoadCommandMessageId", "j"."LoadSlotOperationAttemptId", "j"."MapId", "j"."MapIdentity", "j"."OperationSessionId", "j"."PickupMovementLegId", "j"."PickupStationId", "j"."PickupStationRiotId", "j"."PickupUpperId", "j"."PlanMessageId", "j"."PlanRevision", "j"."PreDepartureSafetyCheckId", "j"."PreDepartureSafetyCheckMessageId", "j"."RouteEvidenceId", "j"."Stage", "j"."StationDepartureWaitStartedAt", "j"."SublotRequestMessageId", "j"."TargetSlotsJson", "j"."UnloadCommandMessageId", "j"."UnloadSlotOperationAttemptId", "j"."UpdatedAt", "j"."VehicleBusinessMessageId", "j"."VehicleBusinessRevision", "j"."VehicleKey", "j"."WorklistMessageId", "j"."WorklistRevision"
FROM "JourneyRuntimes" AS "j"
WHERE "j"."Stage" <> 'Completed'
[16:58:24 INF] Executed DbCommand (0ms) [Parameters=[@__agvId_0='?' (Size = 10)], CommandType='Text', CommandTimeout='30']
SELECT "s"."AgvId", "s"."ActiveUnlockSlotsJson", "s"."CapabilityHash", "s"."CapabilityRevision", "s"."DepartureSafe", "s"."ForcedRecoveryGeneration", "s"."ManifestSha256", "s"."PendingAttemptIdsJson", "s"."PendingResultIdsJson", "s"."ProfileId", "s"."ProtocolCommit", "s"."ProtocolVersion", "s"."ProvenRecoveryCheckpoint", "s"."Readiness", "s"."ReasonCode", "s"."RecoveryReportId", "s"."ReportedForcedRecoveryGeneration", "s"."ReportedSlotConfigurationFingerprint", "s"."SafetyHash", "s"."SafetyReasonCodesJson", "s"."SafetyRevision", "s"."SafetyUnknownPresent", "s"."SessionGeneration", "s"."UnsettledSlotOperationAttemptId", "s"."UpdatedAt"
FROM "SessionRecoveries" AS "s"
WHERE "s"."AgvId" = @__agvId_0 AND "s"."Readiness" = 'Ready'
LIMIT 2
[16:58:25 INF] Start processing HTTP request GET http://127.0.0.1:48408/api/task/v1/task/getVehicleInfo/BROKERX-L2-0001
[16:58:25 INF] Sending HTTP request GET http://127.0.0.1:48408/api/task/v1/task/getVehicleInfo/BROKERX-L2-0001
[16:58:25 INF] Received HTTP response headers after 2.8515ms - 200
[16:58:25 INF] End processing HTTP request after 4.5951ms - 200
[16:58:25 INF] Start processing HTTP request GET http://127.0.0.1:48408/api/order/v1/orderRecord?pageNum=1&pageSize=100&filterByState=1&filterByState=3&filterByState=7&filterByState=9
[16:58:25 INF] Sending HTTP request GET http://127.0.0.1:48408/api/order/v1/orderRecord?pageNum=1&pageSize=100&filterByState=1&filterByState=3&filterByState=7&filterByState=9
[16:58:25 INF] Received HTTP response headers after 1.9746ms - 200
[16:58:25 INF] End processing HTTP request after 3.0344ms - 200
[16:58:25 INF] HTTP GET /api/onboard/v1/vehicle-safety responded 200 in 9.5085 ms
[16:58:25 INF] Start processing HTTP request GET http://127.0.0.1:48408/api/imap/v1/mapInfo/stations/25
[16:58:25 INF] Sending HTTP request GET http://127.0.0.1:48408/api/imap/v1/mapInfo/stations/25
[16:58:25 INF] Received HTTP response headers after 16.1407ms - 200
[16:58:25 INF] End processing HTTP request after 21.1554ms - 200
[16:58:25 INF] Executed DbCommand (0ms) [Parameters=[@__mapId_0='?' (DbType = Int32)], CommandType='Text', CommandTimeout='30']
SELECT "t"."MapId", "t"."ActiveVersion", "t"."PendingVersion", "t"."State", "t"."UpdatedAt"
FROM "TaskTypeStationActiveBindingSets" AS "t"
WHERE "t"."MapId" = @__mapId_0
LIMIT 2
[16:58:25 INF] Executed DbCommand (0ms) [Parameters=[@__mapId_0='?' (DbType = Int32), @__version_1='?' (DbType = Int64)], CommandType='Text', CommandTimeout='30']
SELECT "t"."MapId", "t"."Version", "t"."CatalogRevision", "t"."ContentSha256", "t"."LoadedAt", "t"."RuleVersion", "t"."SnapshotId", "t"."Source"
FROM "TaskTypeStationBindingSetVersions" AS "t"
WHERE "t"."MapId" = @__mapId_0 AND "t"."Version" = @__version_1
LIMIT 2
[16:58:25 INF] Executed DbCommand (0ms) [Parameters=[@__mapId_0='?' (DbType = Int32), @__version_1='?' (DbType = Int64)], CommandType='Text', CommandTimeout='30']
SELECT "t"."TaskType"
FROM "TaskTypeStationRequirements" AS "t"
WHERE "t"."MapId" = @__mapId_0 AND "t"."Version" = @__version_1
[16:58:25 INF] Executed DbCommand (0ms) [Parameters=[@__mapId_0='?' (DbType = Int32), @__version_1='?' (DbType = Int64)], CommandType='Text', CommandTimeout='30']
SELECT "t"."MapId", "t"."Version", "t"."TaskType", "t"."SiteVerificationRef", "t"."StationName", "t"."StationRiotId"
FROM "TaskTypeStationBindings" AS "t"
WHERE "t"."MapId" = @__mapId_0 AND "t"."Version" = @__version_1
[16:58:25 INF] Executed DbCommand (0ms) [Parameters=[@__version_0='?' (DbType = Int64)], CommandType='Text', CommandTimeout='30']
SELECT "t"."Version", "t"."ContentSha256", "t"."LoadedAt", "t"."SnapshotId", "t"."Source"
FROM "TaskTypeStationRuleVersions" AS "t"
WHERE "t"."Version" = @__version_0
LIMIT 2
[16:58:25 INF] Executed DbCommand (0ms) [Parameters=[@__version_0='?' (DbType = Int64)], CommandType='Text', CommandTimeout='30']
SELECT "t"."Version", "t"."TaskType", "t"."FixedEnd"
FROM "TaskTypeStationRules" AS "t"
WHERE "t"."Version" = @__version_0
[16:58:25 INF] Executed DbCommand (0ms) [Parameters=[@__mapId_0='?' (DbType = Int32)], CommandType='Text', CommandTimeout='30']
SELECT "t"."MapId", "t"."ActiveVersion", "t"."PendingVersion", "t"."State", "t"."UpdatedAt"
FROM "TaskTypeStationActiveBindingSets" AS "t"
WHERE "t"."MapId" = @__mapId_0
LIMIT 2
[16:58:25 INF] Executed DbCommand (0ms) [Parameters=[@__mapId_0='?' (DbType = Int32)], CommandType='Text', CommandTimeout='30']
SELECT "t"."HoldId", "t"."DetailJson", "t"."MapId", "t"."RaisedAt", "t"."RaisedBy", "t"."ReasonCode", "t"."ReleasedAt", "t"."ReleasedBy", "t"."Source", "t"."TaskType"
FROM "TaskTypeStationHolds" AS "t"
WHERE "t"."MapId" = @__mapId_0 AND "t"."ReleasedAt" IS NULL
[16:58:25 INF] Executed DbCommand (0ms) [Parameters=[@__mapId_0='?' (DbType = Int32)], CommandType='Text', CommandTimeout='30']
SELECT "m"."MapId", "m"."ApprovedMaxUnconfirmedSeconds", "m"."ApprovedSyncPeriodSeconds", "m"."CatalogRevision", "m"."LastAttemptAt", "m"."LastCompleteConfirmationAt", "m"."LastFailureReason", "m"."State", "m"."UpdatedAt"
FROM "MapStationCatalogStates" AS "m"
WHERE "m"."MapId" = @__mapId_0
LIMIT 2
[16:58:25 INF] Executed DbCommand (0ms) [Parameters=[@p3='?' (DbType = Int32), @p0='?' (DbType = DateTimeOffset), @p1='?' (DbType = DateTimeOffset), @p2='?' (DbType = DateTimeOffset)], CommandType='Text', CommandTimeout='30']
UPDATE "MapStationCatalogStates" SET "LastAttemptAt" = @p0, "LastCompleteConfirmationAt" = @p1, "UpdatedAt" = @p2
WHERE "MapId" = @p3
RETURNING 1;
[16:58:25 INF] Executed DbCommand (0ms) [Parameters=[@__mapId_0='?' (DbType = Int32)], CommandType='Text', CommandTimeout='30']
SELECT "t"."MapId", "t"."ActiveVersion", "t"."PendingVersion", "t"."State", "t"."UpdatedAt"
FROM "TaskTypeStationActiveBindingSets" AS "t"
WHERE "t"."MapId" = @__mapId_0
LIMIT 2
[16:58:25 INF] Executed DbCommand (0ms) [Parameters=[@__mapId_0='?' (DbType = Int32), @__version_1='?' (DbType = Int64)], CommandType='Text', CommandTimeout='30']
SELECT "t"."MapId", "t"."Version", "t"."CatalogRevision", "t"."ContentSha256", "t"."LoadedAt", "t"."RuleVersion", "t"."SnapshotId", "t"."Source"
FROM "TaskTypeStationBindingSetVersions" AS "t"
WHERE "t"."MapId" = @__mapId_0 AND "t"."Version" = @__version_1
LIMIT 2
[16:58:25 INF] Executed DbCommand (0ms) [Parameters=[@__mapId_0='?' (DbType = Int32), @__version_1='?' (DbType = Int64)], CommandType='Text', CommandTimeout='30']
SELECT "t"."TaskType"
FROM "TaskTypeStationRequirements" AS "t"
WHERE "t"."MapId" = @__mapId_0 AND "t"."Version" = @__version_1
[16:58:25 INF] Executed DbCommand (0ms) [Parameters=[@__mapId_0='?' (DbType = Int32), @__version_1='?' (DbType = Int64)], CommandType='Text', CommandTimeout='30']
SELECT "t"."MapId", "t"."Version", "t"."TaskType", "t"."SiteVerificationRef", "t"."StationName", "t"."StationRiotId"
FROM "TaskTypeStationBindings" AS "t"
WHERE "t"."MapId" = @__mapId_0 AND "t"."Version" = @__version_1
[16:58:25 INF] Executed DbCommand (0ms) [Parameters=[@__version_0='?' (DbType = Int64)], CommandType='Text', CommandTimeout='30']
SELECT "t"."Version", "t"."ContentSha256", "t"."LoadedAt", "t"."SnapshotId", "t"."Source"
FROM "TaskTypeStationRuleVersions" AS "t"
WHERE "t"."Version" = @__version_0
LIMIT 2
[16:58:25 INF] Executed DbCommand (0ms) [Parameters=[@__version_0='?' (DbType = Int64)], CommandType='Text', CommandTimeout='30']
SELECT "t"."Version", "t"."TaskType", "t"."FixedEnd"
FROM "TaskTypeStationRules" AS "t"
WHERE "t"."Version" = @__version_0
[16:58:25 INF] Executed DbCommand (0ms) [Parameters=[], CommandType='Text', CommandTimeout='30']
SELECT "a"."Id", "a"."ContentHash", "a"."DeploymentId", "a"."ImportedAt", "a"."Version"
FROM "AdmissionPolicyState" AS "a"
WHERE "a"."Id" = 1
LIMIT 2
[16:58:25 INF] Executed DbCommand (0ms) [Parameters=[], CommandType='Text', CommandTimeout='30']
SELECT "j"."DemandId", "j"."AgvId", "j"."AgvLifecycleGeneration", "j"."BlockReasonCode", "j"."BlockReasonSince", "j"."ConsumedSafetyResultMessageId", "j"."ConsumedSublotMessageId", "j"."CreatedAt", "j"."DispatchGeneration", "j"."DispatchZone", "j"."ExpectedBasketCount", "j"."GateMovementLegId", "j"."GatePlanMessageId", "j"."GateStationId", "j"."GateStationRiotId", "j"."GateUpperId", "j"."GateVehicleBusinessMessageId", "j"."GateWorklistMessageId", "j"."LoadCommandMessageId", "j"."LoadSlotOperationAttemptId", "j"."MapId", "j"."MapIdentity", "j"."OperationSessionId", "j"."PickupMovementLegId", "j"."PickupStationId", "j"."PickupStationRiotId", "j"."PickupUpperId", "j"."PlanMessageId", "j"."PlanRevision", "j"."PreDepartureSafetyCheckId", "j"."PreDepartureSafetyCheckMessageId", "j"."RouteEvidenceId", "j"."Stage", "j"."StationDepartureWaitStartedAt", "j"."SublotRequestMessageId", "j"."TargetSlotsJson", "j"."UnloadCommandMessageId", "j"."UnloadSlotOperationAttemptId", "j"."UpdatedAt", "j"."VehicleBusinessMessageId", "j"."VehicleBusinessRevision", "j"."VehicleKey", "j"."WorklistMessageId", "j"."WorklistRevision"
FROM "JourneyRuntimes" AS "j"
WHERE "j"."Stage" <> 'Completed'
[16:58:25 INF] Executed DbCommand (0ms) [Parameters=[@__agvId_0='?' (Size = 10)], CommandType='Text', CommandTimeout='30']
SELECT "s"."AgvId", "s"."ActiveUnlockSlotsJson", "s"."CapabilityHash", "s"."CapabilityRevision", "s"."DepartureSafe", "s"."ForcedRecoveryGeneration", "s"."ManifestSha256", "s"."PendingAttemptIdsJson", "s"."PendingResultIdsJson", "s"."ProfileId", "s"."ProtocolCommit", "s"."ProtocolVersion", "s"."ProvenRecoveryCheckpoint", "s"."Readiness", "s"."ReasonCode", "s"."RecoveryReportId", "s"."ReportedForcedRecoveryGeneration", "s"."ReportedSlotConfigurationFingerprint", "s"."SafetyHash", "s"."SafetyReasonCodesJson", "s"."SafetyRevision", "s"."SafetyUnknownPresent", "s"."SessionGeneration", "s"."UnsettledSlotOperationAttemptId", "s"."UpdatedAt"
FROM "SessionRecoveries" AS "s"
WHERE "s"."AgvId" = @__agvId_0 AND "s"."Readiness" = 'Ready'
LIMIT 2
[16:58:26 INF] Start processing HTTP request GET http://127.0.0.1:48408/api/task/v1/task/getVehicleInfo/BROKERX-L2-0001
[16:58:26 INF] Sending HTTP request GET http://127.0.0.1:48408/api/task/v1/task/getVehicleInfo/BROKERX-L2-0001
[16:58:26 INF] Received HTTP response headers after 9.176ms - 200
[16:58:26 INF] End processing HTTP request after 12.0778ms - 200
[16:58:26 INF] Start processing HTTP request GET http://127.0.0.1:48408/api/order/v1/orderRecord?pageNum=1&pageSize=100&filterByState=1&filterByState=3&filterByState=7&filterByState=9
[16:58:26 INF] Sending HTTP request GET http://127.0.0.1:48408/api/order/v1/orderRecord?pageNum=1&pageSize=100&filterByState=1&filterByState=3&filterByState=7&filterByState=9
[16:58:26 INF] Received HTTP response headers after 2.8143ms - 200
[16:58:26 INF] End processing HTTP request after 3.8399ms - 200
[16:58:26 INF] HTTP GET /api/onboard/v1/vehicle-safety responded 200 in 17.5413 ms
[16:58:26 INF] Start processing HTTP request GET http://127.0.0.1:48408/api/imap/v1/mapInfo/stations/25
[16:58:26 INF] Sending HTTP request GET http://127.0.0.1:48408/api/imap/v1/mapInfo/stations/25
[16:58:26 INF] Received HTTP response headers after 2.3293ms - 200
[16:58:26 INF] End processing HTTP request after 3.3895ms - 200
[16:58:26 INF] Executed DbCommand (0ms) [Parameters=[@__mapId_0='?' (DbType = Int32)], CommandType='Text', CommandTimeout='30']
SELECT "t"."MapId", "t"."ActiveVersion", "t"."PendingVersion", "t"."State", "t"."UpdatedAt"
FROM "TaskTypeStationActiveBindingSets" AS "t"
WHERE "t"."MapId" = @__mapId_0
LIMIT 2
[16:58:26 INF] Executed DbCommand (0ms) [Parameters=[@__mapId_0='?' (DbType = Int32), @__version_1='?' (DbType = Int64)], CommandType='Text', CommandTimeout='30']
SELECT "t"."MapId", "t"."Version", "t"."CatalogRevision", "t"."ContentSha256", "t"."LoadedAt", "t"."RuleVersion", "t"."SnapshotId", "t"."Source"
FROM "TaskTypeStationBindingSetVersions" AS "t"
WHERE "t"."MapId" = @__mapId_0 AND "t"."Version" = @__version_1
LIMIT 2
[16:58:26 INF] Executed DbCommand (0ms) [Parameters=[@__mapId_0='?' (DbType = Int32), @__version_1='?' (DbType = Int64)], CommandType='Text', CommandTimeout='30']
SELECT "t"."TaskType"
FROM "TaskTypeStationRequirements" AS "t"
WHERE "t"."MapId" = @__mapId_0 AND "t"."Version" = @__version_1
[16:58:26 INF] Executed DbCommand (0ms) [Parameters=[@__mapId_0='?' (DbType = Int32), @__version_1='?' (DbType = Int64)], CommandType='Text', CommandTimeout='30']
SELECT "t"."MapId", "t"."Version", "t"."TaskType", "t"."SiteVerificationRef", "t"."StationName", "t"."StationRiotId"
FROM "TaskTypeStationBindings" AS "t"
WHERE "t"."MapId" = @__mapId_0 AND "t"."Version" = @__version_1
[16:58:26 INF] Executed DbCommand (0ms) [Parameters=[@__version_0='?' (DbType = Int64)], CommandType='Text', CommandTimeout='30']
SELECT "t"."Version", "t"."ContentSha256", "t"."LoadedAt", "t"."SnapshotId", "t"."Source"
FROM "TaskTypeStationRuleVersions" AS "t"
WHERE "t"."Version" = @__version_0
LIMIT 2
[16:58:26 INF] Executed DbCommand (0ms) [Parameters=[@__version_0='?' (DbType = Int64)], CommandType='Text', CommandTimeout='30']
SELECT "t"."Version", "t"."TaskType", "t"."FixedEnd"
FROM "TaskTypeStationRules" AS "t"
WHERE "t"."Version" = @__version_0
[16:58:26 INF] Executed DbCommand (0ms) [Parameters=[@__mapId_0='?' (DbType = Int32)], CommandType='Text', CommandTimeout='30']
SELECT "t"."MapId", "t"."ActiveVersion", "t"."PendingVersion", "t"."State", "t"."UpdatedAt"
FROM "TaskTypeStationActiveBindingSets" AS "t"
WHERE "t"."MapId" = @__mapId_0
LIMIT 2
[16:58:26 INF] Executed DbCommand (0ms) [Parameters=[@__mapId_0='?' (DbType = Int32)], CommandType='Text', CommandTimeout='30']
SELECT "t"."HoldId", "t"."DetailJson", "t"."MapId", "t"."RaisedAt", "t"."RaisedBy", "t"."ReasonCode", "t"."ReleasedAt", "t"."ReleasedBy", "t"."Source", "t"."TaskType"
FROM "TaskTypeStationHolds" AS "t"
WHERE "t"."MapId" = @__mapId_0 AND "t"."ReleasedAt" IS NULL
[16:58:26 INF] Executed DbCommand (0ms) [Parameters=[@__mapId_0='?' (DbType = Int32)], CommandType='Text', CommandTimeout='30']
SELECT "m"."MapId", "m"."ApprovedMaxUnconfirmedSeconds", "m"."ApprovedSyncPeriodSeconds", "m"."CatalogRevision", "m"."LastAttemptAt", "m"."LastCompleteConfirmationAt", "m"."LastFailureReason", "m"."State", "m"."UpdatedAt"
FROM "MapStationCatalogStates" AS "m"
WHERE "m"."MapId" = @__mapId_0
LIMIT 2
[16:58:26 INF] Executed DbCommand (0ms) [Parameters=[@p3='?' (DbType = Int32), @p0='?' (DbType = DateTimeOffset), @p1='?' (DbType = DateTimeOffset), @p2='?' (DbType = DateTimeOffset)], CommandType='Text', CommandTimeout='30']
UPDATE "MapStationCatalogStates" SET "LastAttemptAt" = @p0, "LastCompleteConfirmationAt" = @p1, "UpdatedAt" = @p2
WHERE "MapId" = @p3
RETURNING 1;
[16:58:26 INF] Executed DbCommand (0ms) [Parameters=[@__mapId_0='?' (DbType = Int32)], CommandType='Text', CommandTimeout='30']
SELECT "t"."MapId", "t"."ActiveVersion", "t"."PendingVersion", "t"."State", "t"."UpdatedAt"
FROM "TaskTypeStationActiveBindingSets" AS "t"
WHERE "t"."MapId" = @__mapId_0
LIMIT 2
[16:58:26 INF] Executed DbCommand (0ms) [Parameters=[@__mapId_0='?' (DbType = Int32), @__version_1='?' (DbType = Int64)], CommandType='Text', CommandTimeout='30']
SELECT "t"."MapId", "t"."Version", "t"."CatalogRevision", "t"."ContentSha256", "t"."LoadedAt", "t"."RuleVersion", "t"."SnapshotId", "t"."Source"
FROM "TaskTypeStationBindingSetVersions" AS "t"
WHERE "t"."MapId" = @__mapId_0 AND "t"."Version" = @__version_1
LIMIT 2
[16:58:26 INF] Executed DbCommand (0ms) [Parameters=[@__mapId_0='?' (DbType = Int32), @__version_1='?' (DbType = Int64)], CommandType='Text', CommandTimeout='30']
SELECT "t"."TaskType"
FROM "TaskTypeStationRequirements" AS "t"
WHERE "t"."MapId" = @__mapId_0 AND "t"."Version" = @__version_1
[16:58:26 INF] Executed DbCommand (0ms) [Parameters=[@__mapId_0='?' (DbType = Int32), @__version_1='?' (DbType = Int64)], CommandType='Text', CommandTimeout='30']
SELECT "t"."MapId", "t"."Version", "t"."TaskType", "t"."SiteVerificationRef", "t"."StationName", "t"."StationRiotId"
FROM "TaskTypeStationBindings" AS "t"
WHERE "t"."MapId" = @__mapId_0 AND "t"."Version" = @__version_1
[16:58:26 INF] Executed DbCommand (0ms) [Parameters=[@__version_0='?' (DbType = Int64)], CommandType='Text', CommandTimeout='30']
SELECT "t"."Version", "t"."ContentSha256", "t"."LoadedAt", "t"."SnapshotId", "t"."Source"
FROM "TaskTypeStationRuleVersions" AS "t"
WHERE "t"."Version" = @__version_0
LIMIT 2
[16:58:26 INF] Executed DbCommand (0ms) [Parameters=[@__version_0='?' (DbType = Int64)], CommandType='Text', CommandTimeout='30']
SELECT "t"."Version", "t"."TaskType", "t"."FixedEnd"
FROM "TaskTypeStationRules" AS "t"
WHERE "t"."Version" = @__version_0
[16:58:26 INF] Executed DbCommand (0ms) [Parameters=[], CommandType='Text', CommandTimeout='30']
SELECT "a"."Id", "a"."ContentHash", "a"."DeploymentId", "a"."ImportedAt", "a"."Version"
FROM "AdmissionPolicyState" AS "a"
WHERE "a"."Id" = 1
LIMIT 2
[16:58:26 INF] Executed DbCommand (0ms) [Parameters=[], CommandType='Text', CommandTimeout='30']
SELECT "j"."DemandId", "j"."AgvId", "j"."AgvLifecycleGeneration", "j"."BlockReasonCode", "j"."BlockReasonSince", "j"."ConsumedSafetyResultMessageId", "j"."ConsumedSublotMessageId", "j"."CreatedAt", "j"."DispatchGeneration", "j"."DispatchZone", "j"."ExpectedBasketCount", "j"."GateMovementLegId", "j"."GatePlanMessageId", "j"."GateStationId", "j"."GateStationRiotId", "j"."GateUpperId", "j"."GateVehicleBusinessMessageId", "j"."GateWorklistMessageId", "j"."LoadCommandMessageId", "j"."LoadSlotOperationAttemptId", "j"."MapId", "j"."MapIdentity", "j"."OperationSessionId", "j"."PickupMovementLegId", "j"."PickupStationId", "j"."PickupStationRiotId", "j"."PickupUpperId", "j"."PlanMessageId", "j"."PlanRevision", "j"."PreDepartureSafetyCheckId", "j"."PreDepartureSafetyCheckMessageId", "j"."RouteEvidenceId", "j"."Stage", "j"."StationDepartureWaitStartedAt", "j"."SublotRequestMessageId", "j"."TargetSlotsJson", "j"."UnloadCommandMessageId", "j"."UnloadSlotOperationAttemptId", "j"."UpdatedAt", "j"."VehicleBusinessMessageId", "j"."VehicleBusinessRevision", "j"."VehicleKey", "j"."WorklistMessageId", "j"."WorklistRevision"
FROM "JourneyRuntimes" AS "j"
WHERE "j"."Stage" <> 'Completed'
[16:58:26 INF] Executed DbCommand (0ms) [Parameters=[@__agvId_0='?' (Size = 10)], CommandType='Text', CommandTimeout='30']
SELECT "s"."AgvId", "s"."ActiveUnlockSlotsJson", "s"."CapabilityHash", "s"."CapabilityRevision", "s"."DepartureSafe", "s"."ForcedRecoveryGeneration", "s"."ManifestSha256", "s"."PendingAttemptIdsJson", "s"."PendingResultIdsJson", "s"."ProfileId", "s"."ProtocolCommit", "s"."ProtocolVersion", "s"."ProvenRecoveryCheckpoint", "s"."Readiness", "s"."ReasonCode", "s"."RecoveryReportId", "s"."ReportedForcedRecoveryGeneration", "s"."ReportedSlotConfigurationFingerprint", "s"."SafetyHash", "s"."SafetyReasonCodesJson", "s"."SafetyRevision", "s"."SafetyUnknownPresent", "s"."SessionGeneration", "s"."UnsettledSlotOperationAttemptId", "s"."UpdatedAt"
FROM "SessionRecoveries" AS "s"
WHERE "s"."AgvId" = @__agvId_0 AND "s"."Readiness" = 'Ready'
LIMIT 2
[16:58:27 INF] Start processing HTTP request GET http://127.0.0.1:48408/api/task/v1/task/getVehicleInfo/BROKERX-L2-0001
[16:58:27 INF] Sending HTTP request GET http://127.0.0.1:48408/api/task/v1/task/getVehicleInfo/BROKERX-L2-0001
[16:58:27 INF] Received HTTP response headers after 0.7452ms - 200
[16:58:27 INF] End processing HTTP request after 3.1097ms - 200
[16:58:27 INF] Start processing HTTP request GET http://127.0.0.1:48408/api/order/v1/orderRecord?pageNum=1&pageSize=100&filterByState=1&filterByState=3&filterByState=7&filterByState=9
[16:58:27 INF] Sending HTTP request GET http://127.0.0.1:48408/api/order/v1/orderRecord?pageNum=1&pageSize=100&filterByState=1&filterByState=3&filterByState=7&filterByState=9
[16:58:27 INF] Received HTTP response headers after 0.7289ms - 200
[16:58:27 INF] End processing HTTP request after 1.656ms - 200
[16:58:27 INF] HTTP GET /api/onboard/v1/vehicle-safety responded 200 in 6.2688 ms
[16:58:27 INF] Start processing HTTP request GET http://127.0.0.1:48408/api/imap/v1/mapInfo/stations/25
[16:58:27 INF] Sending HTTP request GET http://127.0.0.1:48408/api/imap/v1/mapInfo/stations/25
[16:58:27 INF] Received HTTP response headers after 3.7799ms - 200
[16:58:27 INF] End processing HTTP request after 7.7463ms - 200
[16:58:27 INF] Executed DbCommand (0ms) [Parameters=[@__mapId_0='?' (DbType = Int32)], CommandType='Text', CommandTimeout='30']
SELECT "t"."MapId", "t"."ActiveVersion", "t"."PendingVersion", "t"."State", "t"."UpdatedAt"
FROM "TaskTypeStationActiveBindingSets" AS "t"
WHERE "t"."MapId" = @__mapId_0
LIMIT 2
[16:58:27 INF] Executed DbCommand (0ms) [Parameters=[@__mapId_0='?' (DbType = Int32), @__version_1='?' (DbType = Int64)], CommandType='Text', CommandTimeout='30']
SELECT "t"."MapId", "t"."Version", "t"."CatalogRevision", "t"."ContentSha256", "t"."LoadedAt", "t"."RuleVersion", "t"."SnapshotId", "t"."Source"
FROM "TaskTypeStationBindingSetVersions" AS "t"
WHERE "t"."MapId" = @__mapId_0 AND "t"."Version" = @__version_1
LIMIT 2
[16:58:27 INF] Executed DbCommand (0ms) [Parameters=[@__mapId_0='?' (DbType = Int32), @__version_1='?' (DbType = Int64)], CommandType='Text', CommandTimeout='30']
SELECT "t"."TaskType"
FROM "TaskTypeStationRequirements" AS "t"
WHERE "t"."MapId" = @__mapId_0 AND "t"."Version" = @__version_1
[16:58:27 INF] Executed DbCommand (0ms) [Parameters=[@__mapId_0='?' (DbType = Int32), @__version_1='?' (DbType = Int64)], CommandType='Text', CommandTimeout='30']
SELECT "t"."MapId", "t"."Version", "t"."TaskType", "t"."SiteVerificationRef", "t"."StationName", "t"."StationRiotId"
FROM "TaskTypeStationBindings" AS "t"
WHERE "t"."MapId" = @__mapId_0 AND "t"."Version" = @__version_1
[16:58:27 INF] Executed DbCommand (0ms) [Parameters=[@__version_0='?' (DbType = Int64)], CommandType='Text', CommandTimeout='30']
SELECT "t"."Version", "t"."ContentSha256", "t"."LoadedAt", "t"."SnapshotId", "t"."Source"
FROM "TaskTypeStationRuleVersions" AS "t"
WHERE "t"."Version" = @__version_0
LIMIT 2
[16:58:27 INF] Executed DbCommand (0ms) [Parameters=[@__version_0='?' (DbType = Int64)], CommandType='Text', CommandTimeout='30']
SELECT "t"."Version", "t"."TaskType", "t"."FixedEnd"
FROM "TaskTypeStationRules" AS "t"
WHERE "t"."Version" = @__version_0
[16:58:27 INF] Executed DbCommand (0ms) [Parameters=[@__mapId_0='?' (DbType = Int32)], CommandType='Text', CommandTimeout='30']
SELECT "t"."MapId", "t"."ActiveVersion", "t"."PendingVersion", "t"."State", "t"."UpdatedAt"
FROM "TaskTypeStationActiveBindingSets" AS "t"
WHERE "t"."MapId" = @__mapId_0
LIMIT 2
[16:58:27 INF] Executed DbCommand (0ms) [Parameters=[@__mapId_0='?' (DbType = Int32)], CommandType='Text', CommandTimeout='30']
SELECT "t"."HoldId", "t"."DetailJson", "t"."MapId", "t"."RaisedAt", "t"."RaisedBy", "t"."ReasonCode", "t"."ReleasedAt", "t"."ReleasedBy", "t"."Source", "t"."TaskType"
FROM "TaskTypeStationHolds" AS "t"
WHERE "t"."MapId" = @__mapId_0 AND "t"."ReleasedAt" IS NULL
[16:58:27 INF] Executed DbCommand (0ms) [Parameters=[@__mapId_0='?' (DbType = Int32)], CommandType='Text', CommandTimeout='30']
SELECT "m"."MapId", "m"."ApprovedMaxUnconfirmedSeconds", "m"."ApprovedSyncPeriodSeconds", "m"."CatalogRevision", "m"."LastAttemptAt", "m"."LastCompleteConfirmationAt", "m"."LastFailureReason", "m"."State", "m"."UpdatedAt"
FROM "MapStationCatalogStates" AS "m"
WHERE "m"."MapId" = @__mapId_0
LIMIT 2
[16:58:27 INF] Executed DbCommand (0ms) [Parameters=[@p3='?' (DbType = Int32), @p0='?' (DbType = DateTimeOffset), @p1='?' (DbType = DateTimeOffset), @p2='?' (DbType = DateTimeOffset)], CommandType='Text', CommandTimeout='30']
UPDATE "MapStationCatalogStates" SET "LastAttemptAt" = @p0, "LastCompleteConfirmationAt" = @p1, "UpdatedAt" = @p2
WHERE "MapId" = @p3
RETURNING 1;
[16:58:27 INF] Executed DbCommand (0ms) [Parameters=[@__mapId_0='?' (DbType = Int32)], CommandType='Text', CommandTimeout='30']
SELECT "t"."MapId", "t"."ActiveVersion", "t"."PendingVersion", "t"."State", "t"."UpdatedAt"
FROM "TaskTypeStationActiveBindingSets" AS "t"
WHERE "t"."MapId" = @__mapId_0
LIMIT 2
[16:58:27 INF] Executed DbCommand (0ms) [Parameters=[@__mapId_0='?' (DbType = Int32), @__version_1='?' (DbType = Int64)], CommandType='Text', CommandTimeout='30']
SELECT "t"."MapId", "t"."Version", "t"."CatalogRevision", "t"."ContentSha256", "t"."LoadedAt", "t"."RuleVersion", "t"."SnapshotId", "t"."Source"
FROM "TaskTypeStationBindingSetVersions" AS "t"
WHERE "t"."MapId" = @__mapId_0 AND "t"."Version" = @__version_1
LIMIT 2
[16:58:27 INF] Executed DbCommand (0ms) [Parameters=[@__mapId_0='?' (DbType = Int32), @__version_1='?' (DbType = Int64)], CommandType='Text', CommandTimeout='30']
SELECT "t"."TaskType"
FROM "TaskTypeStationRequirements" AS "t"
WHERE "t"."MapId" = @__mapId_0 AND "t"."Version" = @__version_1
[16:58:27 INF] Executed DbCommand (0ms) [Parameters=[@__mapId_0='?' (DbType = Int32), @__version_1='?' (DbType = Int64)], CommandType='Text', CommandTimeout='30']
SELECT "t"."MapId", "t"."Version", "t"."TaskType", "t"."SiteVerificationRef", "t"."StationName", "t"."StationRiotId"
FROM "TaskTypeStationBindings" AS "t"
WHERE "t"."MapId" = @__mapId_0 AND "t"."Version" = @__version_1
[16:58:27 INF] Executed DbCommand (0ms) [Parameters=[@__version_0='?' (DbType = Int64)], CommandType='Text', CommandTimeout='30']
SELECT "t"."Version", "t"."ContentSha256", "t"."LoadedAt", "t"."SnapshotId", "t"."Source"
FROM "TaskTypeStationRuleVersions" AS "t"
WHERE "t"."Version" = @__version_0
LIMIT 2
[16:58:27 INF] Executed DbCommand (0ms) [Parameters=[@__version_0='?' (DbType = Int64)], CommandType='Text', CommandTimeout='30']
SELECT "t"."Version", "t"."TaskType", "t"."FixedEnd"
FROM "TaskTypeStationRules" AS "t"
WHERE "t"."Version" = @__version_0
[16:58:27 INF] Executed DbCommand (0ms) [Parameters=[], CommandType='Text', CommandTimeout='30']
SELECT "a"."Id", "a"."ContentHash", "a"."DeploymentId", "a"."ImportedAt", "a"."Version"
FROM "AdmissionPolicyState" AS "a"
WHERE "a"."Id" = 1
LIMIT 2
[16:58:27 INF] Executed DbCommand (0ms) [Parameters=[], CommandType='Text', CommandTimeout='30']
SELECT "j"."DemandId", "j"."AgvId", "j"."AgvLifecycleGeneration", "j"."BlockReasonCode", "j"."BlockReasonSince", "j"."ConsumedSafetyResultMessageId", "j"."ConsumedSublotMessageId", "j"."CreatedAt", "j"."DispatchGeneration", "j"."DispatchZone", "j"."ExpectedBasketCount", "j"."GateMovementLegId", "j"."GatePlanMessageId", "j"."GateStationId", "j"."GateStationRiotId", "j"."GateUpperId", "j"."GateVehicleBusinessMessageId", "j"."GateWorklistMessageId", "j"."LoadCommandMessageId", "j"."LoadSlotOperationAttemptId", "j"."MapId", "j"."MapIdentity", "j"."OperationSessionId", "j"."PickupMovementLegId", "j"."PickupStationId", "j"."PickupStationRiotId", "j"."PickupUpperId", "j"."PlanMessageId", "j"."PlanRevision", "j"."PreDepartureSafetyCheckId", "j"."PreDepartureSafetyCheckMessageId", "j"."RouteEvidenceId", "j"."Stage", "j"."StationDepartureWaitStartedAt", "j"."SublotRequestMessageId", "j"."TargetSlotsJson", "j"."UnloadCommandMessageId", "j"."UnloadSlotOperationAttemptId", "j"."UpdatedAt", "j"."VehicleBusinessMessageId", "j"."VehicleBusinessRevision", "j"."VehicleKey", "j"."WorklistMessageId", "j"."WorklistRevision"
FROM "JourneyRuntimes" AS "j"
WHERE "j"."Stage" <> 'Completed'
[16:58:27 INF] Executed DbCommand (0ms) [Parameters=[@__agvId_0='?' (Size = 10)], CommandType='Text', CommandTimeout='30']
SELECT "s"."AgvId", "s"."ActiveUnlockSlotsJson", "s"."CapabilityHash", "s"."CapabilityRevision", "s"."DepartureSafe", "s"."ForcedRecoveryGeneration", "s"."ManifestSha256", "s"."PendingAttemptIdsJson", "s"."PendingResultIdsJson", "s"."ProfileId", "s"."ProtocolCommit", "s"."ProtocolVersion", "s"."ProvenRecoveryCheckpoint", "s"."Readiness", "s"."ReasonCode", "s"."RecoveryReportId", "s"."ReportedForcedRecoveryGeneration", "s"."ReportedSlotConfigurationFingerprint", "s"."SafetyHash", "s"."SafetyReasonCodesJson", "s"."SafetyRevision", "s"."SafetyUnknownPresent", "s"."SessionGeneration", "s"."UnsettledSlotOperationAttemptId", "s"."UpdatedAt"
FROM "SessionRecoveries" AS "s"
WHERE "s"."AgvId" = @__agvId_0 AND "s"."Readiness" = 'Ready'
LIMIT 2
[16:58:28 INF] Start processing HTTP request GET http://127.0.0.1:48408/api/task/v1/task/getVehicleInfo/BROKERX-L2-0001
[16:58:28 INF] Sending HTTP request GET http://127.0.0.1:48408/api/task/v1/task/getVehicleInfo/BROKERX-L2-0001
[16:58:28 INF] Received HTTP response headers after 2.5513ms - 200
[16:58:28 INF] End processing HTTP request after 4.9798ms - 200
[16:58:28 INF] Start processing HTTP request GET http://127.0.0.1:48408/api/order/v1/orderRecord?pageNum=1&pageSize=100&filterByState=1&filterByState=3&filterByState=7&filterByState=9
[16:58:28 INF] Sending HTTP request GET http://127.0.0.1:48408/api/order/v1/orderRecord?pageNum=1&pageSize=100&filterByState=1&filterByState=3&filterByState=7&filterByState=9
[16:58:28 INF] Received HTTP response headers after 1.9319ms - 200
[16:58:28 INF] End processing HTTP request after 4.2822ms - 200
[16:58:28 INF] HTTP GET /api/onboard/v1/vehicle-safety responded 200 in 11.7549 ms
[16:58:28 INF] Start processing HTTP request GET http://127.0.0.1:48408/api/imap/v1/mapInfo/stations/25
[16:58:28 INF] Sending HTTP request GET http://127.0.0.1:48408/api/imap/v1/mapInfo/stations/25
[16:58:28 INF] Received HTTP response headers after 2.2149ms - 200
[16:58:28 INF] End processing HTTP request after 3.8168ms - 200
[16:58:28 INF] Executed DbCommand (0ms) [Parameters=[@__mapId_0='?' (DbType = Int32)], CommandType='Text', CommandTimeout='30']
SELECT "t"."MapId", "t"."ActiveVersion", "t"."PendingVersion", "t"."State", "t"."UpdatedAt"
FROM "TaskTypeStationActiveBindingSets" AS "t"
WHERE "t"."MapId" = @__mapId_0
LIMIT 2
[16:58:28 INF] Executed DbCommand (0ms) [Parameters=[@__mapId_0='?' (DbType = Int32), @__version_1='?' (DbType = Int64)], CommandType='Text', CommandTimeout='30']
SELECT "t"."MapId", "t"."Version", "t"."CatalogRevision", "t"."ContentSha256", "t"."LoadedAt", "t"."RuleVersion", "t"."SnapshotId", "t"."Source"
FROM "TaskTypeStationBindingSetVersions" AS "t"
WHERE "t"."MapId" = @__mapId_0 AND "t"."Version" = @__version_1
LIMIT 2
[16:58:28 INF] Executed DbCommand (0ms) [Parameters=[@__mapId_0='?' (DbType = Int32), @__version_1='?' (DbType = Int64)], CommandType='Text', CommandTimeout='30']
SELECT "t"."TaskType"
FROM "TaskTypeStationRequirements" AS "t"
WHERE "t"."MapId" = @__mapId_0 AND "t"."Version" = @__version_1
[16:58:28 INF] Executed DbCommand (0ms) [Parameters=[@__mapId_0='?' (DbType = Int32), @__version_1='?' (DbType = Int64)], CommandType='Text', CommandTimeout='30']
SELECT "t"."MapId", "t"."Version", "t"."TaskType", "t"."SiteVerificationRef", "t"."StationName", "t"."StationRiotId"
FROM "TaskTypeStationBindings" AS "t"
WHERE "t"."MapId" = @__mapId_0 AND "t"."Version" = @__version_1
[16:58:28 INF] Executed DbCommand (0ms) [Parameters=[@__version_0='?' (DbType = Int64)], CommandType='Text', CommandTimeout='30']
SELECT "t"."Version", "t"."ContentSha256", "t"."LoadedAt", "t"."SnapshotId", "t"."Source"
FROM "TaskTypeStationRuleVersions" AS "t"
WHERE "t"."Version" = @__version_0
LIMIT 2
[16:58:28 INF] Executed DbCommand (0ms) [Parameters=[@__version_0='?' (DbType = Int64)], CommandType='Text', CommandTimeout='30']
SELECT "t"."Version", "t"."TaskType", "t"."FixedEnd"
FROM "TaskTypeStationRules" AS "t"
WHERE "t"."Version" = @__version_0
[16:58:28 INF] Executed DbCommand (0ms) [Parameters=[@__mapId_0='?' (DbType = Int32)], CommandType='Text', CommandTimeout='30']
SELECT "t"."MapId", "t"."ActiveVersion", "t"."PendingVersion", "t"."State", "t"."UpdatedAt"
FROM "TaskTypeStationActiveBindingSets" AS "t"
WHERE "t"."MapId" = @__mapId_0
LIMIT 2
[16:58:28 INF] Executed DbCommand (0ms) [Parameters=[@__mapId_0='?' (DbType = Int32)], CommandType='Text', CommandTimeout='30']
SELECT "t"."HoldId", "t"."DetailJson", "t"."MapId", "t"."RaisedAt", "t"."RaisedBy", "t"."ReasonCode", "t"."ReleasedAt", "t"."ReleasedBy", "t"."Source", "t"."TaskType"
FROM "TaskTypeStationHolds" AS "t"
WHERE "t"."MapId" = @__mapId_0 AND "t"."ReleasedAt" IS NULL
[16:58:28 INF] Executed DbCommand (0ms) [Parameters=[@__mapId_0='?' (DbType = Int32)], CommandType='Text', CommandTimeout='30']
SELECT "m"."MapId", "m"."ApprovedMaxUnconfirmedSeconds", "m"."ApprovedSyncPeriodSeconds", "m"."CatalogRevision", "m"."LastAttemptAt", "m"."LastCompleteConfirmationAt", "m"."LastFailureReason", "m"."State", "m"."UpdatedAt"
FROM "MapStationCatalogStates" AS "m"
WHERE "m"."MapId" = @__mapId_0
LIMIT 2
[16:58:28 INF] Executed DbCommand (0ms) [Parameters=[@p3='?' (DbType = Int32), @p0='?' (DbType = DateTimeOffset), @p1='?' (DbType = DateTimeOffset), @p2='?' (DbType = DateTimeOffset)], CommandType='Text', CommandTimeout='30']
UPDATE "MapStationCatalogStates" SET "LastAttemptAt" = @p0, "LastCompleteConfirmationAt" = @p1, "UpdatedAt" = @p2
WHERE "MapId" = @p3
RETURNING 1;
[16:58:28 INF] Executed DbCommand (0ms) [Parameters=[@__mapId_0='?' (DbType = Int32)], CommandType='Text', CommandTimeout='30']
SELECT "t"."MapId", "t"."ActiveVersion", "t"."PendingVersion", "t"."State", "t"."UpdatedAt"
FROM "TaskTypeStationActiveBindingSets" AS "t"
WHERE "t"."MapId" = @__mapId_0
LIMIT 2
[16:58:28 INF] Executed DbCommand (0ms) [Parameters=[@__mapId_0='?' (DbType = Int32), @__version_1='?' (DbType = Int64)], CommandType='Text', CommandTimeout='30']
SELECT "t"."MapId", "t"."Version", "t"."CatalogRevision", "t"."ContentSha256", "t"."LoadedAt", "t"."RuleVersion", "t"."SnapshotId", "t"."Source"
FROM "TaskTypeStationBindingSetVersions" AS "t"
WHERE "t"."MapId" = @__mapId_0 AND "t"."Version" = @__version_1
LIMIT 2
[16:58:28 INF] Executed DbCommand (0ms) [Parameters=[@__mapId_0='?' (DbType = Int32), @__version_1='?' (DbType = Int64)], CommandType='Text', CommandTimeout='30']
SELECT "t"."TaskType"
FROM "TaskTypeStationRequirements" AS "t"
WHERE "t"."MapId" = @__mapId_0 AND "t"."Version" = @__version_1
[16:58:28 INF] Executed DbCommand (0ms) [Parameters=[@__mapId_0='?' (DbType = Int32), @__version_1='?' (DbType = Int64)], CommandType='Text', CommandTimeout='30']
SELECT "t"."MapId", "t"."Version", "t"."TaskType", "t"."SiteVerificationRef", "t"."StationName", "t"."StationRiotId"
FROM "TaskTypeStationBindings" AS "t"
WHERE "t"."MapId" = @__mapId_0 AND "t"."Version" = @__version_1
[16:58:28 INF] Executed DbCommand (0ms) [Parameters=[@__version_0='?' (DbType = Int64)], CommandType='Text', CommandTimeout='30']
SELECT "t"."Version", "t"."ContentSha256", "t"."LoadedAt", "t"."SnapshotId", "t"."Source"
FROM "TaskTypeStationRuleVersions" AS "t"
WHERE "t"."Version" = @__version_0
LIMIT 2
[16:58:28 INF] Executed DbCommand (0ms) [Parameters=[@__version_0='?' (DbType = Int64)], CommandType='Text', CommandTimeout='30']
SELECT "t"."Version", "t"."TaskType", "t"."FixedEnd"
FROM "TaskTypeStationRules" AS "t"
WHERE "t"."Version" = @__version_0
[16:58:28 INF] Executed DbCommand (0ms) [Parameters=[], CommandType='Text', CommandTimeout='30']
SELECT "a"."Id", "a"."ContentHash", "a"."DeploymentId", "a"."ImportedAt", "a"."Version"
FROM "AdmissionPolicyState" AS "a"
WHERE "a"."Id" = 1
LIMIT 2
[16:58:28 INF] Executed DbCommand (0ms) [Parameters=[], CommandType='Text', CommandTimeout='30']
SELECT "j"."DemandId", "j"."AgvId", "j"."AgvLifecycleGeneration", "j"."BlockReasonCode", "j"."BlockReasonSince", "j"."ConsumedSafetyResultMessageId", "j"."ConsumedSublotMessageId", "j"."CreatedAt", "j"."DispatchGeneration", "j"."DispatchZone", "j"."ExpectedBasketCount", "j"."GateMovementLegId", "j"."GatePlanMessageId", "j"."GateStationId", "j"."GateStationRiotId", "j"."GateUpperId", "j"."GateVehicleBusinessMessageId", "j"."GateWorklistMessageId", "j"."LoadCommandMessageId", "j"."LoadSlotOperationAttemptId", "j"."MapId", "j"."MapIdentity", "j"."OperationSessionId", "j"."PickupMovementLegId", "j"."PickupStationId", "j"."PickupStationRiotId", "j"."PickupUpperId", "j"."PlanMessageId", "j"."PlanRevision", "j"."PreDepartureSafetyCheckId", "j"."PreDepartureSafetyCheckMessageId", "j"."RouteEvidenceId", "j"."Stage", "j"."StationDepartureWaitStartedAt", "j"."SublotRequestMessageId", "j"."TargetSlotsJson", "j"."UnloadCommandMessageId", "j"."UnloadSlotOperationAttemptId", "j"."UpdatedAt", "j"."VehicleBusinessMessageId", "j"."VehicleBusinessRevision", "j"."VehicleKey", "j"."WorklistMessageId", "j"."WorklistRevision"
FROM "JourneyRuntimes" AS "j"
WHERE "j"."Stage" <> 'Completed'
[16:58:28 INF] Executed DbCommand (0ms) [Parameters=[@__agvId_0='?' (Size = 10)], CommandType='Text', CommandTimeout='30']
SELECT "s"."AgvId", "s"."ActiveUnlockSlotsJson", "s"."CapabilityHash", "s"."CapabilityRevision", "s"."DepartureSafe", "s"."ForcedRecoveryGeneration", "s"."ManifestSha256", "s"."PendingAttemptIdsJson", "s"."PendingResultIdsJson", "s"."ProfileId", "s"."ProtocolCommit", "s"."ProtocolVersion", "s"."ProvenRecoveryCheckpoint", "s"."Readiness", "s"."ReasonCode", "s"."RecoveryReportId", "s"."ReportedForcedRecoveryGeneration", "s"."ReportedSlotConfigurationFingerprint", "s"."SafetyHash", "s"."SafetyReasonCodesJson", "s"."SafetyRevision", "s"."SafetyUnknownPresent", "s"."SessionGeneration", "s"."UnsettledSlotOperationAttemptId", "s"."UpdatedAt"
FROM "SessionRecoveries" AS "s"
WHERE "s"."AgvId" = @__agvId_0 AND "s"."Readiness" = 'Ready'
LIMIT 2
[16:58:29 INF] Executed DbCommand (0ms) [Parameters=[@__messageId_0='?' (Size = 36)], CommandType='Text', CommandTimeout='30']
SELECT "p"."MessageId", "p"."ContentHash", "p"."FirstResponseJson", "p"."MessageType", "p"."ReceivedAt", "p"."RequestJson"
FROM "ProtocolInbox" AS "p"
WHERE "p"."MessageId" = @__messageId_0
LIMIT 2
[16:58:29 INF] Executed DbCommand (0ms) [Parameters=[@p0='?' (Size = 36), @p1='?' (Size = 64), @p2='?' (Size = 536), @p3='?' (Size = 9), @p4='?' (DbType = DateTimeOffset), @p5='?' (Size = 427)], CommandType='Text', CommandTimeout='30']
INSERT INTO "ProtocolInbox" ("MessageId", "ContentHash", "FirstResponseJson", "MessageType", "ReceivedAt", "RequestJson")
VALUES (@p0, @p1, @p2, @p3, @p4, @p5);
[16:58:29 INF] Executed DbCommand (1ms) [Parameters=[@__messageId_0='?' (Size = 36)], CommandType='Text', CommandTimeout='30']
SELECT "p"."MessageId", "p"."ContentHash", "p"."FirstResponseJson", "p"."MessageType", "p"."ReceivedAt", "p"."RequestJson"
FROM "ProtocolInbox" AS "p"
WHERE "p"."MessageId" = @__messageId_0
LIMIT 2
[16:58:29 INF] Executed DbCommand (0ms) [Parameters=[@__agvId_0='?' (Size = 10)], CommandType='Text', CommandTimeout='30']
SELECT "s"."AgvId", "s"."ActiveUnlockSlotsJson", "s"."CapabilityHash", "s"."CapabilityRevision", "s"."DepartureSafe", "s"."ForcedRecoveryGeneration", "s"."ManifestSha256", "s"."PendingAttemptIdsJson", "s"."PendingResultIdsJson", "s"."ProfileId", "s"."ProtocolCommit", "s"."ProtocolVersion", "s"."ProvenRecoveryCheckpoint", "s"."Readiness", "s"."ReasonCode", "s"."RecoveryReportId", "s"."ReportedForcedRecoveryGeneration", "s"."ReportedSlotConfigurationFingerprint", "s"."SafetyHash", "s"."SafetyReasonCodesJson", "s"."SafetyRevision", "s"."SafetyUnknownPresent", "s"."SessionGeneration", "s"."UnsettledSlotOperationAttemptId", "s"."UpdatedAt"
FROM "SessionRecoveries" AS "s"
WHERE "s"."AgvId" = @__agvId_0
LIMIT 2
[16:58:29 INF] Executed DbCommand (0ms) [Parameters=[@p6='?' (Size = 10), @p0='?' (DbType = Boolean), @p1='?' (Size = 20), @p2='?' (Size = 64), @p3='?' (Size = 19), @p4='?' (DbType = Int64), @p5='?' (DbType = DateTimeOffset)], CommandType='Text', CommandTimeout='30']
UPDATE "SessionRecoveries" SET "DepartureSafe" = @p0, "ReasonCode" = @p1, "SafetyHash" = @p2, "SafetyReasonCodesJson" = @p3, "SafetyRevision" = @p4, "UpdatedAt" = @p5
WHERE "AgvId" = @p6
RETURNING 1;
[16:58:29 INF] Executed DbCommand (0ms) [Parameters=[@__agvId_0='?' (Size = 10)], CommandType='Text', CommandTimeout='30']
SELECT "s"."AgvId", "s"."ActiveUnlockSlotsJson", "s"."CapabilityHash", "s"."CapabilityRevision", "s"."DepartureSafe", "s"."ForcedRecoveryGeneration", "s"."ManifestSha256", "s"."PendingAttemptIdsJson", "s"."PendingResultIdsJson", "s"."ProfileId", "s"."ProtocolCommit", "s"."ProtocolVersion", "s"."ProvenRecoveryCheckpoint", "s"."Readiness", "s"."ReasonCode", "s"."RecoveryReportId", "s"."ReportedForcedRecoveryGeneration", "s"."ReportedSlotConfigurationFingerprint", "s"."SafetyHash", "s"."SafetyReasonCodesJson", "s"."SafetyRevision", "s"."SafetyUnknownPresent", "s"."SessionGeneration", "s"."UnsettledSlotOperationAttemptId", "s"."UpdatedAt"
FROM "SessionRecoveries" AS "s"
WHERE "s"."AgvId" = @__agvId_0
LIMIT 2
[16:58:29 INF] Executed DbCommand (0ms) [Parameters=[@__row_AgvId_0='?' (Size = 10)], CommandType='Text', CommandTimeout='30']
SELECT EXISTS (
    SELECT 1
    FROM "StationOperations" AS "s"
    INNER JOIN "JourneyRuntimes" AS "j" ON "s"."DemandId" = "j"."DemandId"
    WHERE "j"."AgvId" = @__row_AgvId_0 AND "s"."Status" = 'Prepared')
[16:58:29 INF] Executed DbCommand (0ms) [Parameters=[@__agvId_0='?' (Size = 10)], CommandType='Text', CommandTimeout='30']
SELECT EXISTS (
    SELECT 1
    FROM "StationOperations" AS "s"
    INNER JOIN "JourneyRuntimes" AS "j" ON "s"."DemandId" = "j"."DemandId"
    WHERE "j"."AgvId" = @__agvId_0 AND "s"."Status" = 'RecoveryRequired')
[16:58:29 INF] Executed DbCommand (0ms) [Parameters=[@__agvId_0='?' (Size = 10)], CommandType='Text', CommandTimeout='30']
SELECT EXISTS (
    SELECT 1
    FROM "RecoveryWorkflows" AS "r"
    WHERE "r"."AgvId" = @__agvId_0 AND "r"."WorkflowType" = 'FORCED_MECHANICAL_RECOVERY' AND "r"."State" <> 'HistoricalOnly' AND NOT EXISTS (
        SELECT 1
        FROM "HardwareRecoveryRecords" AS "h"
        WHERE "h"."RecoveryActionId" = "r"."WorkflowId"))
[16:58:29 INF] Executed DbCommand (0ms) [Parameters=[@__agvId_0='?' (Size = 10)], CommandType='Text', CommandTimeout='30']
SELECT "a"."AgvId", "a"."ActivatedAt", "a"."ActivationId", "a"."ConfigurationVersion", "a"."Fingerprint", "a"."SlotModelVersionId", "a"."SnapshotId"
FROM "ActiveSlotConfigurations" AS "a"
WHERE "a"."AgvId" = @__agvId_0
LIMIT 1
[16:58:29 INF] Executed DbCommand (0ms) [Parameters=[@p2='?' (Size = 10), @p0='?' (Size = 36), @p1='?' (DbType = DateTimeOffset)], CommandType='Text', CommandTimeout='30']
UPDATE "SessionRecoveries" SET "ReasonCode" = @p0, "UpdatedAt" = @p1
WHERE "AgvId" = @p2
RETURNING 1;
[16:58:29 INF] Executed DbCommand (0ms) [Parameters=[@__agvId_0='?' (Size = 10)], CommandType='Text', CommandTimeout='30']
SELECT "o"."AlarmsJson"
FROM "OnboardAlarmSnapshots" AS "o"
WHERE "o"."AgvId" = @__agvId_0
LIMIT 1
[16:58:29 INF] Executed DbCommand (0ms) [Parameters=[@p0='?' (Size = 36), @p1='?' (Size = 64), @p2='?' (Size = 1274), @p3='?' (Size = 18), @p4='?' (DbType = DateTimeOffset), @p5='?' (Size = 672)], CommandType='Text', CommandTimeout='30']
INSERT INTO "ProtocolInbox" ("MessageId", "ContentHash", "FirstResponseJson", "MessageType", "ReceivedAt", "RequestJson")
VALUES (@p0, @p1, @p2, @p3, @p4, @p5);
[16:58:29 INF] Start processing HTTP request GET http://127.0.0.1:48408/api/task/v1/task/getVehicleInfo/BROKERX-L2-0001
[16:58:29 INF] Sending HTTP request GET http://127.0.0.1:48408/api/task/v1/task/getVehicleInfo/BROKERX-L2-0001
[16:58:29 INF] Received HTTP response headers after 5.2568ms - 200
[16:58:29 INF] End processing HTTP request after 6.7599ms - 200
[16:58:29 INF] Start processing HTTP request GET http://127.0.0.1:48408/api/order/v1/orderRecord?pageNum=1&pageSize=100&filterByState=1&filterByState=3&filterByState=7&filterByState=9
[16:58:29 INF] Sending HTTP request GET http://127.0.0.1:48408/api/order/v1/orderRecord?pageNum=1&pageSize=100&filterByState=1&filterByState=3&filterByState=7&filterByState=9
[16:58:29 INF] Received HTTP response headers after 3.17ms - 200
[16:58:29 INF] End processing HTTP request after 4.4567ms - 200
[16:58:29 INF] HTTP GET /api/onboard/v1/vehicle-safety responded 200 in 13.6510 ms
[16:58:29 INF] Start processing HTTP request GET http://127.0.0.1:48408/api/imap/v1/mapInfo/stations/25
[16:58:29 INF] Sending HTTP request GET http://127.0.0.1:48408/api/imap/v1/mapInfo/stations/25
[16:58:29 INF] Received HTTP response headers after 14.9422ms - 200
[16:58:29 INF] End processing HTTP request after 17.9604ms - 200
[16:58:29 INF] Executed DbCommand (0ms) [Parameters=[@__mapId_0='?' (DbType = Int32)], CommandType='Text', CommandTimeout='30']
SELECT "t"."MapId", "t"."ActiveVersion", "t"."PendingVersion", "t"."State", "t"."UpdatedAt"
FROM "TaskTypeStationActiveBindingSets" AS "t"
WHERE "t"."MapId" = @__mapId_0
LIMIT 2
[16:58:29 INF] Executed DbCommand (0ms) [Parameters=[@__mapId_0='?' (DbType = Int32), @__version_1='?' (DbType = Int64)], CommandType='Text', CommandTimeout='30']
SELECT "t"."MapId", "t"."Version", "t"."CatalogRevision", "t"."ContentSha256", "t"."LoadedAt", "t"."RuleVersion", "t"."SnapshotId", "t"."Source"
FROM "TaskTypeStationBindingSetVersions" AS "t"
WHERE "t"."MapId" = @__mapId_0 AND "t"."Version" = @__version_1
LIMIT 2
[16:58:29 INF] Executed DbCommand (0ms) [Parameters=[@__mapId_0='?' (DbType = Int32), @__version_1='?' (DbType = Int64)], CommandType='Text', CommandTimeout='30']
SELECT "t"."TaskType"
FROM "TaskTypeStationRequirements" AS "t"
WHERE "t"."MapId" = @__mapId_0 AND "t"."Version" = @__version_1
[16:58:29 INF] Executed DbCommand (0ms) [Parameters=[@__mapId_0='?' (DbType = Int32), @__version_1='?' (DbType = Int64)], CommandType='Text', CommandTimeout='30']
SELECT "t"."MapId", "t"."Version", "t"."TaskType", "t"."SiteVerificationRef", "t"."StationName", "t"."StationRiotId"
FROM "TaskTypeStationBindings" AS "t"
WHERE "t"."MapId" = @__mapId_0 AND "t"."Version" = @__version_1
[16:58:29 INF] Executed DbCommand (0ms) [Parameters=[@__version_0='?' (DbType = Int64)], CommandType='Text', CommandTimeout='30']
SELECT "t"."Version", "t"."ContentSha256", "t"."LoadedAt", "t"."SnapshotId", "t"."Source"
FROM "TaskTypeStationRuleVersions" AS "t"
WHERE "t"."Version" = @__version_0
LIMIT 2
[16:58:29 INF] Executed DbCommand (0ms) [Parameters=[@__version_0='?' (DbType = Int64)], CommandType='Text', CommandTimeout='30']
SELECT "t"."Version", "t"."TaskType", "t"."FixedEnd"
FROM "TaskTypeStationRules" AS "t"
WHERE "t"."Version" = @__version_0
[16:58:29 INF] Executed DbCommand (0ms) [Parameters=[@__mapId_0='?' (DbType = Int32)], CommandType='Text', CommandTimeout='30']
SELECT "t"."MapId", "t"."ActiveVersion", "t"."PendingVersion", "t"."State", "t"."UpdatedAt"
FROM "TaskTypeStationActiveBindingSets" AS "t"
WHERE "t"."MapId" = @__mapId_0
LIMIT 2
[16:58:29 INF] Executed DbCommand (0ms) [Parameters=[@__mapId_0='?' (DbType = Int32)], CommandType='Text', CommandTimeout='30']
SELECT "t"."HoldId", "t"."DetailJson", "t"."MapId", "t"."RaisedAt", "t"."RaisedBy", "t"."ReasonCode", "t"."ReleasedAt", "t"."ReleasedBy", "t"."Source", "t"."TaskType"
FROM "TaskTypeStationHolds" AS "t"
WHERE "t"."MapId" = @__mapId_0 AND "t"."ReleasedAt" IS NULL
[16:58:29 INF] Executed DbCommand (0ms) [Parameters=[@__mapId_0='?' (DbType = Int32)], CommandType='Text', CommandTimeout='30']
SELECT "m"."MapId", "m"."ApprovedMaxUnconfirmedSeconds", "m"."ApprovedSyncPeriodSeconds", "m"."CatalogRevision", "m"."LastAttemptAt", "m"."LastCompleteConfirmationAt", "m"."LastFailureReason", "m"."State", "m"."UpdatedAt"
FROM "MapStationCatalogStates" AS "m"
WHERE "m"."MapId" = @__mapId_0
LIMIT 2
[16:58:29 INF] Executed DbCommand (0ms) [Parameters=[@p3='?' (DbType = Int32), @p0='?' (DbType = DateTimeOffset), @p1='?' (DbType = DateTimeOffset), @p2='?' (DbType = DateTimeOffset)], CommandType='Text', CommandTimeout='30']
UPDATE "MapStationCatalogStates" SET "LastAttemptAt" = @p0, "LastCompleteConfirmationAt" = @p1, "UpdatedAt" = @p2
WHERE "MapId" = @p3
RETURNING 1;
[16:58:29 INF] Executed DbCommand (0ms) [Parameters=[@__mapId_0='?' (DbType = Int32)], CommandType='Text', CommandTimeout='30']
SELECT "t"."MapId", "t"."ActiveVersion", "t"."PendingVersion", "t"."State", "t"."UpdatedAt"
FROM "TaskTypeStationActiveBindingSets" AS "t"
WHERE "t"."MapId" = @__mapId_0
LIMIT 2
[16:58:29 INF] Executed DbCommand (0ms) [Parameters=[@__mapId_0='?' (DbType = Int32), @__version_1='?' (DbType = Int64)], CommandType='Text', CommandTimeout='30']
SELECT "t"."MapId", "t"."Version", "t"."CatalogRevision", "t"."ContentSha256", "t"."LoadedAt", "t"."RuleVersion", "t"."SnapshotId", "t"."Source"
FROM "TaskTypeStationBindingSetVersions" AS "t"
WHERE "t"."MapId" = @__mapId_0 AND "t"."Version" = @__version_1
LIMIT 2
[16:58:29 INF] Executed DbCommand (0ms) [Parameters=[@__mapId_0='?' (DbType = Int32), @__version_1='?' (DbType = Int64)], CommandType='Text', CommandTimeout='30']
SELECT "t"."TaskType"
FROM "TaskTypeStationRequirements" AS "t"
WHERE "t"."MapId" = @__mapId_0 AND "t"."Version" = @__version_1
[16:58:29 INF] Executed DbCommand (0ms) [Parameters=[@__mapId_0='?' (DbType = Int32), @__version_1='?' (DbType = Int64)], CommandType='Text', CommandTimeout='30']
SELECT "t"."MapId", "t"."Version", "t"."TaskType", "t"."SiteVerificationRef", "t"."StationName", "t"."StationRiotId"
FROM "TaskTypeStationBindings" AS "t"
WHERE "t"."MapId" = @__mapId_0 AND "t"."Version" = @__version_1
[16:58:29 INF] Executed DbCommand (0ms) [Parameters=[@__version_0='?' (DbType = Int64)], CommandType='Text', CommandTimeout='30']
SELECT "t"."Version", "t"."ContentSha256", "t"."LoadedAt", "t"."SnapshotId", "t"."Source"
FROM "TaskTypeStationRuleVersions" AS "t"
WHERE "t"."Version" = @__version_0
LIMIT 2
[16:58:29 INF] Executed DbCommand (0ms) [Parameters=[@__version_0='?' (DbType = Int64)], CommandType='Text', CommandTimeout='30']
SELECT "t"."Version", "t"."TaskType", "t"."FixedEnd"
FROM "TaskTypeStationRules" AS "t"
WHERE "t"."Version" = @__version_0
[16:58:29 INF] Executed DbCommand (0ms) [Parameters=[], CommandType='Text', CommandTimeout='30']
SELECT "a"."Id", "a"."ContentHash", "a"."DeploymentId", "a"."ImportedAt", "a"."Version"
FROM "AdmissionPolicyState" AS "a"
WHERE "a"."Id" = 1
LIMIT 2
[16:58:29 INF] Executed DbCommand (0ms) [Parameters=[], CommandType='Text', CommandTimeout='30']
SELECT "j"."DemandId", "j"."AgvId", "j"."AgvLifecycleGeneration", "j"."BlockReasonCode", "j"."BlockReasonSince", "j"."ConsumedSafetyResultMessageId", "j"."ConsumedSublotMessageId", "j"."CreatedAt", "j"."DispatchGeneration", "j"."DispatchZone", "j"."ExpectedBasketCount", "j"."GateMovementLegId", "j"."GatePlanMessageId", "j"."GateStationId", "j"."GateStationRiotId", "j"."GateUpperId", "j"."GateVehicleBusinessMessageId", "j"."GateWorklistMessageId", "j"."LoadCommandMessageId", "j"."LoadSlotOperationAttemptId", "j"."MapId", "j"."MapIdentity", "j"."OperationSessionId", "j"."PickupMovementLegId", "j"."PickupStationId", "j"."PickupStationRiotId", "j"."PickupUpperId", "j"."PlanMessageId", "j"."PlanRevision", "j"."PreDepartureSafetyCheckId", "j"."PreDepartureSafetyCheckMessageId", "j"."RouteEvidenceId", "j"."Stage", "j"."StationDepartureWaitStartedAt", "j"."SublotRequestMessageId", "j"."TargetSlotsJson", "j"."UnloadCommandMessageId", "j"."UnloadSlotOperationAttemptId", "j"."UpdatedAt", "j"."VehicleBusinessMessageId", "j"."VehicleBusinessRevision", "j"."VehicleKey", "j"."WorklistMessageId", "j"."WorklistRevision"
FROM "JourneyRuntimes" AS "j"
WHERE "j"."Stage" <> 'Completed'
[16:58:29 INF] Executed DbCommand (0ms) [Parameters=[@__agvId_0='?' (Size = 10)], CommandType='Text', CommandTimeout='30']
SELECT "s"."AgvId", "s"."ActiveUnlockSlotsJson", "s"."CapabilityHash", "s"."CapabilityRevision", "s"."DepartureSafe", "s"."ForcedRecoveryGeneration", "s"."ManifestSha256", "s"."PendingAttemptIdsJson", "s"."PendingResultIdsJson", "s"."ProfileId", "s"."ProtocolCommit", "s"."ProtocolVersion", "s"."ProvenRecoveryCheckpoint", "s"."Readiness", "s"."ReasonCode", "s"."RecoveryReportId", "s"."ReportedForcedRecoveryGeneration", "s"."ReportedSlotConfigurationFingerprint", "s"."SafetyHash", "s"."SafetyReasonCodesJson", "s"."SafetyRevision", "s"."SafetyUnknownPresent", "s"."SessionGeneration", "s"."UnsettledSlotOperationAttemptId", "s"."UpdatedAt"
FROM "SessionRecoveries" AS "s"
WHERE "s"."AgvId" = @__agvId_0 AND "s"."Readiness" = 'Ready'
LIMIT 2
[16:58:30 INF] Start processing HTTP request GET http://127.0.0.1:48408/api/task/v1/task/getVehicleInfo/BROKERX-L2-0001
[16:58:30 INF] Sending HTTP request GET http://127.0.0.1:48408/api/task/v1/task/getVehicleInfo/BROKERX-L2-0001
[16:58:30 INF] Received HTTP response headers after 0.8015ms - 200
[16:58:30 INF] End processing HTTP request after 2.8555ms - 200
[16:58:30 INF] Start processing HTTP request GET http://127.0.0.1:48408/api/order/v1/orderRecord?pageNum=1&pageSize=100&filterByState=1&filterByState=3&filterByState=7&filterByState=9
[16:58:30 INF] Sending HTTP request GET http://127.0.0.1:48408/api/order/v1/orderRecord?pageNum=1&pageSize=100&filterByState=1&filterByState=3&filterByState=7&filterByState=9
[16:58:30 INF] Received HTTP response headers after 0.764ms - 200
[16:58:30 INF] End processing HTTP request after 1.8284ms - 200
[16:58:30 INF] HTTP GET /api/onboard/v1/vehicle-safety responded 200 in 7.2845 ms
[16:58:30 INF] Start processing HTTP request GET http://127.0.0.1:48408/api/imap/v1/mapInfo/stations/25
[16:58:31 INF] Sending HTTP request GET http://127.0.0.1:48408/api/imap/v1/mapInfo/stations/25
[16:58:31 INF] Received HTTP response headers after 10.6706ms - 200
[16:58:31 INF] End processing HTTP request after 60.2846ms - 200
[16:58:31 INF] Executed DbCommand (0ms) [Parameters=[@__mapId_0='?' (DbType = Int32)], CommandType='Text', CommandTimeout='30']
SELECT "t"."MapId", "t"."ActiveVersion", "t"."PendingVersion", "t"."State", "t"."UpdatedAt"
FROM "TaskTypeStationActiveBindingSets" AS "t"
WHERE "t"."MapId" = @__mapId_0
LIMIT 2
[16:58:31 INF] Executed DbCommand (0ms) [Parameters=[@__mapId_0='?' (DbType = Int32), @__version_1='?' (DbType = Int64)], CommandType='Text', CommandTimeout='30']
SELECT "t"."MapId", "t"."Version", "t"."CatalogRevision", "t"."ContentSha256", "t"."LoadedAt", "t"."RuleVersion", "t"."SnapshotId", "t"."Source"
FROM "TaskTypeStationBindingSetVersions" AS "t"
WHERE "t"."MapId" = @__mapId_0 AND "t"."Version" = @__version_1
LIMIT 2
[16:58:31 INF] Executed DbCommand (0ms) [Parameters=[@__mapId_0='?' (DbType = Int32), @__version_1='?' (DbType = Int64)], CommandType='Text', CommandTimeout='30']
SELECT "t"."TaskType"
FROM "TaskTypeStationRequirements" AS "t"
WHERE "t"."MapId" = @__mapId_0 AND "t"."Version" = @__version_1
[16:58:31 INF] Executed DbCommand (0ms) [Parameters=[@__mapId_0='?' (DbType = Int32), @__version_1='?' (DbType = Int64)], CommandType='Text', CommandTimeout='30']
SELECT "t"."MapId", "t"."Version", "t"."TaskType", "t"."SiteVerificationRef", "t"."StationName", "t"."StationRiotId"
FROM "TaskTypeStationBindings" AS "t"
WHERE "t"."MapId" = @__mapId_0 AND "t"."Version" = @__version_1
[16:58:31 INF] Executed DbCommand (0ms) [Parameters=[@__version_0='?' (DbType = Int64)], CommandType='Text', CommandTimeout='30']
SELECT "t"."Version", "t"."ContentSha256", "t"."LoadedAt", "t"."SnapshotId", "t"."Source"
FROM "TaskTypeStationRuleVersions" AS "t"
WHERE "t"."Version" = @__version_0
LIMIT 2
[16:58:31 INF] Executed DbCommand (0ms) [Parameters=[@__version_0='?' (DbType = Int64)], CommandType='Text', CommandTimeout='30']
SELECT "t"."Version", "t"."TaskType", "t"."FixedEnd"
FROM "TaskTypeStationRules" AS "t"
WHERE "t"."Version" = @__version_0
[16:58:31 INF] Executed DbCommand (0ms) [Parameters=[@__mapId_0='?' (DbType = Int32)], CommandType='Text', CommandTimeout='30']
SELECT "t"."MapId", "t"."ActiveVersion", "t"."PendingVersion", "t"."State", "t"."UpdatedAt"
FROM "TaskTypeStationActiveBindingSets" AS "t"
WHERE "t"."MapId" = @__mapId_0
LIMIT 2
[16:58:31 INF] Executed DbCommand (0ms) [Parameters=[@__mapId_0='?' (DbType = Int32)], CommandType='Text', CommandTimeout='30']
SELECT "t"."HoldId", "t"."DetailJson", "t"."MapId", "t"."RaisedAt", "t"."RaisedBy", "t"."ReasonCode", "t"."ReleasedAt", "t"."ReleasedBy", "t"."Source", "t"."TaskType"
FROM "TaskTypeStationHolds" AS "t"
WHERE "t"."MapId" = @__mapId_0 AND "t"."ReleasedAt" IS NULL
[16:58:31 INF] Executed DbCommand (0ms) [Parameters=[@__mapId_0='?' (DbType = Int32)], CommandType='Text', CommandTimeout='30']
SELECT "m"."MapId", "m"."ApprovedMaxUnconfirmedSeconds", "m"."ApprovedSyncPeriodSeconds", "m"."CatalogRevision", "m"."LastAttemptAt", "m"."LastCompleteConfirmationAt", "m"."LastFailureReason", "m"."State", "m"."UpdatedAt"
FROM "MapStationCatalogStates" AS "m"
WHERE "m"."MapId" = @__mapId_0
LIMIT 2
[16:58:31 INF] Executed DbCommand (0ms) [Parameters=[@p3='?' (DbType = Int32), @p0='?' (DbType = DateTimeOffset), @p1='?' (DbType = DateTimeOffset), @p2='?' (DbType = DateTimeOffset)], CommandType='Text', CommandTimeout='30']
UPDATE "MapStationCatalogStates" SET "LastAttemptAt" = @p0, "LastCompleteConfirmationAt" = @p1, "UpdatedAt" = @p2
WHERE "MapId" = @p3
RETURNING 1;
[16:58:31 INF] Executed DbCommand (0ms) [Parameters=[@__mapId_0='?' (DbType = Int32)], CommandType='Text', CommandTimeout='30']
SELECT "t"."MapId", "t"."ActiveVersion", "t"."PendingVersion", "t"."State", "t"."UpdatedAt"
FROM "TaskTypeStationActiveBindingSets" AS "t"
WHERE "t"."MapId" = @__mapId_0
LIMIT 2
[16:58:31 INF] Executed DbCommand (0ms) [Parameters=[@__mapId_0='?' (DbType = Int32), @__version_1='?' (DbType = Int64)], CommandType='Text', CommandTimeout='30']
SELECT "t"."MapId", "t"."Version", "t"."CatalogRevision", "t"."ContentSha256", "t"."LoadedAt", "t"."RuleVersion", "t"."SnapshotId", "t"."Source"
FROM "TaskTypeStationBindingSetVersions" AS "t"
WHERE "t"."MapId" = @__mapId_0 AND "t"."Version" = @__version_1
LIMIT 2
[16:58:31 INF] Executed DbCommand (0ms) [Parameters=[@__mapId_0='?' (DbType = Int32), @__version_1='?' (DbType = Int64)], CommandType='Text', CommandTimeout='30']
SELECT "t"."TaskType"
FROM "TaskTypeStationRequirements" AS "t"
WHERE "t"."MapId" = @__mapId_0 AND "t"."Version" = @__version_1
[16:58:31 INF] Executed DbCommand (0ms) [Parameters=[@__mapId_0='?' (DbType = Int32), @__version_1='?' (DbType = Int64)], CommandType='Text', CommandTimeout='30']
SELECT "t"."MapId", "t"."Version", "t"."TaskType", "t"."SiteVerificationRef", "t"."StationName", "t"."StationRiotId"
FROM "TaskTypeStationBindings" AS "t"
WHERE "t"."MapId" = @__mapId_0 AND "t"."Version" = @__version_1
[16:58:31 INF] Executed DbCommand (0ms) [Parameters=[@__version_0='?' (DbType = Int64)], CommandType='Text', CommandTimeout='30']
SELECT "t"."Version", "t"."ContentSha256", "t"."LoadedAt", "t"."SnapshotId", "t"."Source"
FROM "TaskTypeStationRuleVersions" AS "t"
WHERE "t"."Version" = @__version_0
LIMIT 2
[16:58:31 INF] Executed DbCommand (0ms) [Parameters=[@__version_0='?' (DbType = Int64)], CommandType='Text', CommandTimeout='30']
SELECT "t"."Version", "t"."TaskType", "t"."FixedEnd"
FROM "TaskTypeStationRules" AS "t"
WHERE "t"."Version" = @__version_0
[16:58:31 INF] Executed DbCommand (0ms) [Parameters=[], CommandType='Text', CommandTimeout='30']
SELECT "a"."Id", "a"."ContentHash", "a"."DeploymentId", "a"."ImportedAt", "a"."Version"
FROM "AdmissionPolicyState" AS "a"
WHERE "a"."Id" = 1
LIMIT 2
[16:58:31 INF] Executed DbCommand (0ms) [Parameters=[], CommandType='Text', CommandTimeout='30']
SELECT "j"."DemandId", "j"."AgvId", "j"."AgvLifecycleGeneration", "j"."BlockReasonCode", "j"."BlockReasonSince", "j"."ConsumedSafetyResultMessageId", "j"."ConsumedSublotMessageId", "j"."CreatedAt", "j"."DispatchGeneration", "j"."DispatchZone", "j"."ExpectedBasketCount", "j"."GateMovementLegId", "j"."GatePlanMessageId", "j"."GateStationId", "j"."GateStationRiotId", "j"."GateUpperId", "j"."GateVehicleBusinessMessageId", "j"."GateWorklistMessageId", "j"."LoadCommandMessageId", "j"."LoadSlotOperationAttemptId", "j"."MapId", "j"."MapIdentity", "j"."OperationSessionId", "j"."PickupMovementLegId", "j"."PickupStationId", "j"."PickupStationRiotId", "j"."PickupUpperId", "j"."PlanMessageId", "j"."PlanRevision", "j"."PreDepartureSafetyCheckId", "j"."PreDepartureSafetyCheckMessageId", "j"."RouteEvidenceId", "j"."Stage", "j"."StationDepartureWaitStartedAt", "j"."SublotRequestMessageId", "j"."TargetSlotsJson", "j"."UnloadCommandMessageId", "j"."UnloadSlotOperationAttemptId", "j"."UpdatedAt", "j"."VehicleBusinessMessageId", "j"."VehicleBusinessRevision", "j"."VehicleKey", "j"."WorklistMessageId", "j"."WorklistRevision"
FROM "JourneyRuntimes" AS "j"
WHERE "j"."Stage" <> 'Completed'
[16:58:31 INF] Executed DbCommand (0ms) [Parameters=[@__agvId_0='?' (Size = 10)], CommandType='Text', CommandTimeout='30']
SELECT "s"."AgvId", "s"."ActiveUnlockSlotsJson", "s"."CapabilityHash", "s"."CapabilityRevision", "s"."DepartureSafe", "s"."ForcedRecoveryGeneration", "s"."ManifestSha256", "s"."PendingAttemptIdsJson", "s"."PendingResultIdsJson", "s"."ProfileId", "s"."ProtocolCommit", "s"."ProtocolVersion", "s"."ProvenRecoveryCheckpoint", "s"."Readiness", "s"."ReasonCode", "s"."RecoveryReportId", "s"."ReportedForcedRecoveryGeneration", "s"."ReportedSlotConfigurationFingerprint", "s"."SafetyHash", "s"."SafetyReasonCodesJson", "s"."SafetyRevision", "s"."SafetyUnknownPresent", "s"."SessionGeneration", "s"."UnsettledSlotOperationAttemptId", "s"."UpdatedAt"
FROM "SessionRecoveries" AS "s"
WHERE "s"."AgvId" = @__agvId_0 AND "s"."Readiness" = 'Ready'
LIMIT 2
[16:58:31 INF] Executed DbCommand (0ms) [Parameters=[@__messageId_0='?' (Size = 36)], CommandType='Text', CommandTimeout='30']
SELECT "p"."MessageId", "p"."ContentHash", "p"."FirstResponseJson", "p"."MessageType", "p"."ReceivedAt", "p"."RequestJson"
FROM "ProtocolInbox" AS "p"
WHERE "p"."MessageId" = @__messageId_0
LIMIT 2
[16:58:31 INF] Executed DbCommand (1ms) [Parameters=[@__requestId_0='?' (Size = 36)], CommandType='Text', CommandTimeout='30']
SELECT "e"."ExceptionRecoverySessionId", "e"."AdministratorId", "e"."AdministratorRole", "e"."AgvId", "e"."DemandId", "e"."EventId", "e"."ForcedRecoveryGeneration", "e"."OpenedAt", "e"."Reason", "e"."RequestContentHash", "e"."RequestId", "e"."Revision", "e"."SelectedAction", "e"."SlotsJson", "e"."State", "e"."UpdatedAt"
FROM "ExceptionRecoverySessions" AS "e"
WHERE "e"."RequestId" = @__requestId_0
LIMIT 2
[16:58:31 INF] Executed DbCommand (1ms) [Parameters=[@__agvId_0='?' (Size = 10)], CommandType='Text', CommandTimeout='30']
SELECT "e"."ExceptionRecoverySessionId", "e"."AdministratorId", "e"."AdministratorRole", "e"."AgvId", "e"."DemandId", "e"."EventId", "e"."ForcedRecoveryGeneration", "e"."OpenedAt", "e"."Reason", "e"."RequestContentHash", "e"."RequestId", "e"."Revision", "e"."SelectedAction", "e"."SlotsJson", "e"."State", "e"."UpdatedAt"
FROM "ExceptionRecoverySessions" AS "e"
WHERE "e"."AgvId" = @__agvId_0 AND "e"."State" <> 'CLOSED'
LIMIT 2
[16:58:31 INF] Executed DbCommand (3ms) [Parameters=[@__agvId_0='?' (Size = 10), @__generation_1='?' (DbType = Int64)], CommandType='Text', CommandTimeout='30']
SELECT "s"."AgvId", "s"."ActiveUnlockSlotsJson", "s"."CapabilityHash", "s"."CapabilityRevision", "s"."DepartureSafe", "s"."ForcedRecoveryGeneration", "s"."ManifestSha256", "s"."PendingAttemptIdsJson", "s"."PendingResultIdsJson", "s"."ProfileId", "s"."ProtocolCommit", "s"."ProtocolVersion", "s"."ProvenRecoveryCheckpoint", "s"."Readiness", "s"."ReasonCode", "s"."RecoveryReportId", "s"."ReportedForcedRecoveryGeneration", "s"."ReportedSlotConfigurationFingerprint", "s"."SafetyHash", "s"."SafetyReasonCodesJson", "s"."SafetyRevision", "s"."SafetyUnknownPresent", "s"."SessionGeneration", "s"."UnsettledSlotOperationAttemptId", "s"."UpdatedAt"
FROM "SessionRecoveries" AS "s"
WHERE "s"."AgvId" = @__agvId_0 AND "s"."SessionGeneration" = @__generation_1
LIMIT 2
[16:58:31 INF] Executed DbCommand (1ms) [Parameters=[@__demandId_0='?' (Size = 36), @__agvId_1='?' (Size = 10)], CommandType='Text', CommandTimeout='30']
SELECT "j"."DemandId", "j"."AgvId", "j"."AgvLifecycleGeneration", "j"."BlockReasonCode", "j"."BlockReasonSince", "j"."ConsumedSafetyResultMessageId", "j"."ConsumedSublotMessageId", "j"."CreatedAt", "j"."DispatchGeneration", "j"."DispatchZone", "j"."ExpectedBasketCount", "j"."GateMovementLegId", "j"."GatePlanMessageId", "j"."GateStationId", "j"."GateStationRiotId", "j"."GateUpperId", "j"."GateVehicleBusinessMessageId", "j"."GateWorklistMessageId", "j"."LoadCommandMessageId", "j"."LoadSlotOperationAttemptId", "j"."MapId", "j"."MapIdentity", "j"."OperationSessionId", "j"."PickupMovementLegId", "j"."PickupStationId", "j"."PickupStationRiotId", "j"."PickupUpperId", "j"."PlanMessageId", "j"."PlanRevision", "j"."PreDepartureSafetyCheckId", "j"."PreDepartureSafetyCheckMessageId", "j"."RouteEvidenceId", "j"."Stage", "j"."StationDepartureWaitStartedAt", "j"."SublotRequestMessageId", "j"."TargetSlotsJson", "j"."UnloadCommandMessageId", "j"."UnloadSlotOperationAttemptId", "j"."UpdatedAt", "j"."VehicleBusinessMessageId", "j"."VehicleBusinessRevision", "j"."VehicleKey", "j"."WorklistMessageId", "j"."WorklistRevision"
FROM "JourneyRuntimes" AS "j"
WHERE "j"."DemandId" = @__demandId_0 AND "j"."AgvId" = @__agvId_1 AND "j"."Stage" = 'Blocked'
LIMIT 2
[16:58:31 INF] Start processing HTTP request GET http://127.0.0.1:48408/api/task/v1/task/getVehicleInfo/BROKERX-L2-0001
[16:58:31 INF] Sending HTTP request GET http://127.0.0.1:48408/api/task/v1/task/getVehicleInfo/BROKERX-L2-0001
[16:58:31 INF] Executed DbCommand (0ms) [Parameters=[@__demandId_0='?' (Size = 36)], CommandType='Text', CommandTimeout='30']
SELECT "s"."SlotOperationAttemptId", "s"."CommittedAt", "s"."ContentHash", "s"."CreatedAt", "s"."DemandId", "s"."EvidenceJson", "s"."ForcedRecoveryGeneration", "s"."OperationType", "s"."Status", "s"."SublotId", "s"."TargetSlotsJson"
FROM "StationOperations" AS "s"
WHERE "s"."DemandId" = @__demandId_0
[16:58:31 INF] Received HTTP response headers after 17.3446ms - 200
[16:58:31 INF] End processing HTTP request after 19.02ms - 200
[16:58:31 INF] Start processing HTTP request GET http://127.0.0.1:48408/api/order/v1/orderRecord?pageNum=1&pageSize=100&filterByState=1&filterByState=3&filterByState=7&filterByState=9
[16:58:31 INF] Sending HTTP request GET http://127.0.0.1:48408/api/order/v1/orderRecord?pageNum=1&pageSize=100&filterByState=1&filterByState=3&filterByState=7&filterByState=9
[16:58:31 INF] Received HTTP response headers after 1.8574ms - 200
[16:58:31 INF] End processing HTTP request after 2.9449ms - 200
[16:58:31 INF] HTTP GET /api/onboard/v1/vehicle-safety responded 200 in 29.7470 ms
[16:58:31 INF] Executed DbCommand (1ms) [Parameters=[], CommandType='Text', CommandTimeout='30']
SELECT "p"."MessageId", "p"."AcknowledgedAt", "p"."CreatedAt", "p"."FencedAt", "p"."MessageType", "p"."PayloadJson"
FROM "ProtocolOutbox" AS "p"
WHERE "p"."MessageType" = 'ExceptionRecoverySessionSnapshot' AND "p"."AcknowledgedAt" IS NULL AND "p"."FencedAt" IS NULL
[16:58:31 INF] Executed DbCommand (0ms) [Parameters=[@__session_DemandId_0='?' (Size = 36)], CommandType='Text', CommandTimeout='30']
SELECT "s"."SlotOperationAttemptId", "s"."CommittedAt", "s"."ContentHash", "s"."CreatedAt", "s"."DemandId", "s"."EvidenceJson", "s"."ForcedRecoveryGeneration", "s"."OperationType", "s"."Status", "s"."SublotId", "s"."TargetSlotsJson"
FROM "StationOperations" AS "s"
WHERE "s"."DemandId" = @__session_DemandId_0
[16:58:31 INF] Executed DbCommand (0ms) [Parameters=[@__messageId_0='?' (Size = 36)], CommandType='Text', CommandTimeout='30']
SELECT "p"."MessageId", "p"."AcknowledgedAt", "p"."CreatedAt", "p"."FencedAt", "p"."MessageType", "p"."PayloadJson"
FROM "ProtocolOutbox" AS "p"
WHERE "p"."MessageId" = @__messageId_0
LIMIT 2
[16:58:31 INF] Executed DbCommand (0ms) [Parameters=[@__messageId_0='?' (Size = 36)], CommandType='Text', CommandTimeout='30']
SELECT "p"."MessageId", "p"."AcknowledgedAt", "p"."CreatedAt", "p"."FencedAt", "p"."MessageType", "p"."PayloadJson"
FROM "ProtocolOutbox" AS "p"
WHERE "p"."MessageId" = @__messageId_0
LIMIT 2
[16:58:31 INF] Executed DbCommand (1ms) [Parameters=[@p0='?' (Size = 36), @p1='?' (Size = 11), @p2='?' (Size = 25), @p3='?' (Size = 10), @p4='?' (Size = 36), @p5='?' (Size = 36), @p6='?' (DbType = Int64), @p7='?' (DbType = DateTimeOffset), @p8='?' (Size = 17), @p9='?' (Size = 64), @p10='?' (Size = 36), @p11='?' (DbType = Int64), @p12='?', @p13='?' (Size = 3), @p14='?' (Size = 4), @p15='?' (DbType = DateTimeOffset)], CommandType='Text', CommandTimeout='30']
INSERT INTO "ExceptionRecoverySessions" ("ExceptionRecoverySessionId", "AdministratorId", "AdministratorRole", "AgvId", "DemandId", "EventId", "ForcedRecoveryGeneration", "OpenedAt", "Reason", "RequestContentHash", "RequestId", "Revision", "SelectedAction", "SlotsJson", "State", "UpdatedAt")
VALUES (@p0, @p1, @p2, @p3, @p4, @p5, @p6, @p7, @p8, @p9, @p10, @p11, @p12, @p13, @p14, @p15);
[16:58:31 INF] Executed DbCommand (0ms) [Parameters=[@p0='?' (Size = 36), @p1='?' (DbType = DateTimeOffset), @p2='?' (DbType = DateTimeOffset), @p3='?' (DbType = DateTimeOffset), @p4='?' (Size = 32), @p5='?' (Size = 1067)], CommandType='Text', CommandTimeout='30']
INSERT INTO "ProtocolOutbox" ("MessageId", "AcknowledgedAt", "CreatedAt", "FencedAt", "MessageType", "PayloadJson")
VALUES (@p0, @p1, @p2, @p3, @p4, @p5);
[16:58:31 INF] Executed DbCommand (0ms) [Parameters=[@__session_DemandId_0='?' (Size = 36)], CommandType='Text', CommandTimeout='30']
SELECT "s"."SlotOperationAttemptId", "s"."CommittedAt", "s"."ContentHash", "s"."CreatedAt", "s"."DemandId", "s"."EvidenceJson", "s"."ForcedRecoveryGeneration", "s"."OperationType", "s"."Status", "s"."SublotId", "s"."TargetSlotsJson"
FROM "StationOperations" AS "s"
WHERE "s"."DemandId" = @__session_DemandId_0
[16:58:31 INF] Executed DbCommand (0ms) [Parameters=[@p0='?' (Size = 36), @p1='?' (Size = 64), @p2='?' (Size = 806), @p3='?' (Size = 33), @p4='?' (DbType = DateTimeOffset), @p5='?' (Size = 900)], CommandType='Text', CommandTimeout='30']
INSERT INTO "ProtocolInbox" ("MessageId", "ContentHash", "FirstResponseJson", "MessageType", "ReceivedAt", "RequestJson")
VALUES (@p0, @p1, @p2, @p3, @p4, @p5);
[16:58:31 INF] Executed DbCommand (0ms) [Parameters=[], CommandType='Text', CommandTimeout='30']
SELECT "p"."MessageId", "p"."AcknowledgedAt", "p"."CreatedAt", "p"."FencedAt", "p"."MessageType", "p"."PayloadJson"
FROM "ProtocolOutbox" AS "p"
WHERE "p"."MessageType" = 'ExceptionRecoverySessionSnapshot' AND "p"."AcknowledgedAt" IS NULL AND "p"."FencedAt" IS NULL
[16:58:31 INF] Executed DbCommand (0ms) [Parameters=[@__messageId_0='?' (Size = 36)], CommandType='Text', CommandTimeout='30']
SELECT "p"."MessageId", "p"."AcknowledgedAt", "p"."CreatedAt", "p"."FencedAt", "p"."MessageType", "p"."PayloadJson"
FROM "ProtocolOutbox" AS "p"
WHERE "p"."MessageId" = @__messageId_0
LIMIT 2
[16:58:31 INF] Executed DbCommand (0ms) [Parameters=[@__messageId_0='?' (Size = 36)], CommandType='Text', CommandTimeout='30']
SELECT "p"."MessageId", "p"."ContentHash", "p"."FirstResponseJson", "p"."MessageType", "p"."ReceivedAt", "p"."RequestJson"
FROM "ProtocolInbox" AS "p"
WHERE "p"."MessageId" = @__messageId_0
LIMIT 2
[16:58:31 INF] Executed DbCommand (0ms) [Parameters=[@__recoverySessionId_0='?' (Size = 36)], CommandType='Text', CommandTimeout='30']
SELECT "e"."ExceptionRecoverySessionId", "e"."AdministratorId", "e"."AdministratorRole", "e"."AgvId", "e"."DemandId", "e"."EventId", "e"."ForcedRecoveryGeneration", "e"."OpenedAt", "e"."Reason", "e"."RequestContentHash", "e"."RequestId", "e"."Revision", "e"."SelectedAction", "e"."SlotsJson", "e"."State", "e"."UpdatedAt"
FROM "ExceptionRecoverySessions" AS "e"
WHERE "e"."ExceptionRecoverySessionId" = @__recoverySessionId_0
LIMIT 2
[16:58:31 INF] Executed DbCommand (3ms) [Parameters=[@__actionId_0='?' (Size = 36)], CommandType='Text', CommandTimeout='30']
SELECT "r"."WorkflowId", "r"."AgvId", "r"."CommandContentHash", "r"."CommandMessageId", "r"."CommandMessageType", "r"."CreatedAt", "r"."DemandId", "r"."ExceptionRecoverySessionId", "r"."ForcedRecoveryGeneration", "r"."HandoffId", "r"."Outcome", "r"."RequestContentHash", "r"."RequestMessageId", "r"."ResultContentHash", "r"."ResultMessageId", "r"."SlotOperationAttemptId", "r"."SlotsJson", "r"."State", "r"."UpdatedAt", "r"."WorkflowType"
FROM "RecoveryWorkflows" AS "r"
WHERE "r"."WorkflowId" = @__actionId_0
LIMIT 2
[16:58:31 INF] Executed DbCommand (0ms) [Parameters=[@__session_DemandId_0='?' (Size = 36)], CommandType='Text', CommandTimeout='30']
SELECT "s"."SlotOperationAttemptId", "s"."CommittedAt", "s"."ContentHash", "s"."CreatedAt", "s"."DemandId", "s"."EvidenceJson", "s"."ForcedRecoveryGeneration", "s"."OperationType", "s"."Status", "s"."SublotId", "s"."TargetSlotsJson"
FROM "StationOperations" AS "s"
WHERE "s"."DemandId" = @__session_DemandId_0
[16:58:31 INF] Executed DbCommand (0ms) [Parameters=[@__demandId_0='?' (Size = 36)], CommandType='Text', CommandTimeout='30']
SELECT "s"."SlotOperationAttemptId", "s"."CommittedAt", "s"."ContentHash", "s"."CreatedAt", "s"."DemandId", "s"."EvidenceJson", "s"."ForcedRecoveryGeneration", "s"."OperationType", "s"."Status", "s"."SublotId", "s"."TargetSlotsJson"
FROM "StationOperations" AS "s"
WHERE "s"."DemandId" = @__demandId_0
[16:58:31 INF] Executed DbCommand (0ms) [Parameters=[@__session_AgvId_0='?' (Size = 10)], CommandType='Text', CommandTimeout='30']
SELECT "s"."AgvId", "s"."ActiveUnlockSlotsJson", "s"."CapabilityHash", "s"."CapabilityRevision", "s"."DepartureSafe", "s"."ForcedRecoveryGeneration", "s"."ManifestSha256", "s"."PendingAttemptIdsJson", "s"."PendingResultIdsJson", "s"."ProfileId", "s"."ProtocolCommit", "s"."ProtocolVersion", "s"."ProvenRecoveryCheckpoint", "s"."Readiness", "s"."ReasonCode", "s"."RecoveryReportId", "s"."ReportedForcedRecoveryGeneration", "s"."ReportedSlotConfigurationFingerprint", "s"."SafetyHash", "s"."SafetyReasonCodesJson", "s"."SafetyRevision", "s"."SafetyUnknownPresent", "s"."SessionGeneration", "s"."UnsettledSlotOperationAttemptId", "s"."UpdatedAt"
FROM "SessionRecoveries" AS "s"
WHERE "s"."AgvId" = @__session_AgvId_0
LIMIT 2
[16:58:31 INF] Executed DbCommand (0ms) [Parameters=[@__action_0='?' (Size = 19), @__attemptId_1='?' (Size = 36)], CommandType='Text', CommandTimeout='30']
SELECT EXISTS (
    SELECT 1
    FROM "RecoveryWorkflows" AS "r"
    WHERE "r"."WorkflowType" = @__action_0 AND "r"."State" IN ('CommandPending', 'AwaitingResult') AND "r"."SlotOperationAttemptId" = @__attemptId_1)
[16:58:31 INF] Start processing HTTP request GET http://127.0.0.1:48408/api/imap/v1/mapInfo/stations/25
[16:58:31 INF] Sending HTTP request GET http://127.0.0.1:48408/api/imap/v1/mapInfo/stations/25
[16:58:31 INF] Received HTTP response headers after 0.6491ms - 200
[16:58:31 INF] End processing HTTP request after 2.2366ms - 200
[16:58:31 INF] Executed DbCommand (0ms) [Parameters=[@__mapId_0='?' (DbType = Int32)], CommandType='Text', CommandTimeout='30']
SELECT "t"."MapId", "t"."ActiveVersion", "t"."PendingVersion", "t"."State", "t"."UpdatedAt"
FROM "TaskTypeStationActiveBindingSets" AS "t"
WHERE "t"."MapId" = @__mapId_0
LIMIT 2
[16:58:31 INF] Executed DbCommand (0ms) [Parameters=[@__mapId_0='?' (DbType = Int32), @__version_1='?' (DbType = Int64)], CommandType='Text', CommandTimeout='30']
SELECT "t"."MapId", "t"."Version", "t"."CatalogRevision", "t"."ContentSha256", "t"."LoadedAt", "t"."RuleVersion", "t"."SnapshotId", "t"."Source"
FROM "TaskTypeStationBindingSetVersions" AS "t"
WHERE "t"."MapId" = @__mapId_0 AND "t"."Version" = @__version_1
LIMIT 2
[16:58:31 INF] Executed DbCommand (0ms) [Parameters=[@__mapId_0='?' (DbType = Int32), @__version_1='?' (DbType = Int64)], CommandType='Text', CommandTimeout='30']
SELECT "t"."TaskType"
FROM "TaskTypeStationRequirements" AS "t"
WHERE "t"."MapId" = @__mapId_0 AND "t"."Version" = @__version_1
[16:58:31 INF] Executed DbCommand (0ms) [Parameters=[@__mapId_0='?' (DbType = Int32), @__version_1='?' (DbType = Int64)], CommandType='Text', CommandTimeout='30']
SELECT "t"."MapId", "t"."Version", "t"."TaskType", "t"."SiteVerificationRef", "t"."StationName", "t"."StationRiotId"
FROM "TaskTypeStationBindings" AS "t"
WHERE "t"."MapId" = @__mapId_0 AND "t"."Version" = @__version_1
[16:58:31 INF] Executed DbCommand (0ms) [Parameters=[@__version_0='?' (DbType = Int64)], CommandType='Text', CommandTimeout='30']
SELECT "t"."Version", "t"."ContentSha256", "t"."LoadedAt", "t"."SnapshotId", "t"."Source"
FROM "TaskTypeStationRuleVersions" AS "t"
WHERE "t"."Version" = @__version_0
LIMIT 2
[16:58:31 INF] Executed DbCommand (0ms) [Parameters=[@__version_0='?' (DbType = Int64)], CommandType='Text', CommandTimeout='30']
SELECT "t"."Version", "t"."TaskType", "t"."FixedEnd"
FROM "TaskTypeStationRules" AS "t"
WHERE "t"."Version" = @__version_0
[16:58:31 INF] Executed DbCommand (0ms) [Parameters=[@__mapId_0='?' (DbType = Int32)], CommandType='Text', CommandTimeout='30']
SELECT "t"."MapId", "t"."ActiveVersion", "t"."PendingVersion", "t"."State", "t"."UpdatedAt"
FROM "TaskTypeStationActiveBindingSets" AS "t"
WHERE "t"."MapId" = @__mapId_0
LIMIT 2
[16:58:31 INF] Executed DbCommand (0ms) [Parameters=[@__mapId_0='?' (DbType = Int32)], CommandType='Text', CommandTimeout='30']
SELECT "t"."HoldId", "t"."DetailJson", "t"."MapId", "t"."RaisedAt", "t"."RaisedBy", "t"."ReasonCode", "t"."ReleasedAt", "t"."ReleasedBy", "t"."Source", "t"."TaskType"
FROM "TaskTypeStationHolds" AS "t"
WHERE "t"."MapId" = @__mapId_0 AND "t"."ReleasedAt" IS NULL
[16:58:31 INF] Executed DbCommand (0ms) [Parameters=[@__mapId_0='?' (DbType = Int32)], CommandType='Text', CommandTimeout='30']
SELECT "m"."MapId", "m"."ApprovedMaxUnconfirmedSeconds", "m"."ApprovedSyncPeriodSeconds", "m"."CatalogRevision", "m"."LastAttemptAt", "m"."LastCompleteConfirmationAt", "m"."LastFailureReason", "m"."State", "m"."UpdatedAt"
FROM "MapStationCatalogStates" AS "m"
WHERE "m"."MapId" = @__mapId_0
LIMIT 2
[16:58:31 INF] Executed DbCommand (0ms) [Parameters=[@__session_AgvId_0='?' (Size = 10)], CommandType='Text', CommandTimeout='30']
SELECT "s"."AgvId", "s"."ActiveUnlockSlotsJson", "s"."CapabilityHash", "s"."CapabilityRevision", "s"."DepartureSafe", "s"."ForcedRecoveryGeneration", "s"."ManifestSha256", "s"."PendingAttemptIdsJson", "s"."PendingResultIdsJson", "s"."ProfileId", "s"."ProtocolCommit", "s"."ProtocolVersion", "s"."ProvenRecoveryCheckpoint", "s"."Readiness", "s"."ReasonCode", "s"."RecoveryReportId", "s"."ReportedForcedRecoveryGeneration", "s"."ReportedSlotConfigurationFingerprint", "s"."SafetyHash", "s"."SafetyReasonCodesJson", "s"."SafetyRevision", "s"."SafetyUnknownPresent", "s"."SessionGeneration", "s"."UnsettledSlotOperationAttemptId", "s"."UpdatedAt"
FROM "SessionRecoveries" AS "s"
WHERE "s"."AgvId" = @__session_AgvId_0
LIMIT 2
[16:58:31 INF] Executed DbCommand (0ms) [Parameters=[@__messageId_0='?' (Size = 36)], CommandType='Text', CommandTimeout='30']
SELECT "p"."MessageId", "p"."AcknowledgedAt", "p"."CreatedAt", "p"."FencedAt", "p"."MessageType", "p"."PayloadJson"
FROM "ProtocolOutbox" AS "p"
WHERE "p"."MessageId" = @__messageId_0
LIMIT 2
[16:58:31 INF] Executed DbCommand (0ms) [Parameters=[@__messageId_0='?' (Size = 36)], CommandType='Text', CommandTimeout='30']
SELECT "p"."MessageId", "p"."AcknowledgedAt", "p"."CreatedAt", "p"."FencedAt", "p"."MessageType", "p"."PayloadJson"
FROM "ProtocolOutbox" AS "p"
WHERE "p"."MessageId" = @__messageId_0
LIMIT 2
[16:58:32 INF] Executed DbCommand (0ms) [Parameters=[@p4='?' (Size = 36), @p0='?' (DbType = Int64), @p1='?' (Size = 19), @p2='?' (Size = 9), @p3='?' (DbType = DateTimeOffset)], CommandType='Text', CommandTimeout='30']
UPDATE "ExceptionRecoverySessions" SET "Revision" = @p0, "SelectedAction" = @p1, "State" = @p2, "UpdatedAt" = @p3
WHERE "ExceptionRecoverySessionId" = @p4
RETURNING 1;
[16:58:32 INF] Executed DbCommand (0ms) [Parameters=[@p0='?' (Size = 36), @p1='?' (DbType = DateTimeOffset), @p2='?' (DbType = DateTimeOffset), @p3='?' (DbType = DateTimeOffset), @p4='?' (Size = 26), @p5='?' (Size = 790)], CommandType='Text', CommandTimeout='30']
INSERT INTO "ProtocolOutbox" ("MessageId", "AcknowledgedAt", "CreatedAt", "FencedAt", "MessageType", "PayloadJson")
VALUES (@p0, @p1, @p2, @p3, @p4, @p5);
[16:58:32 INF] Executed DbCommand (0ms) [Parameters=[@p0='?' (Size = 36), @p1='?' (Size = 10), @p2='?', @p3='?', @p4='?', @p5='?' (DbType = DateTimeOffset), @p6='?' (Size = 36), @p7='?' (Size = 36), @p8='?' (DbType = Int64), @p9='?', @p10='?', @p11='?' (Size = 64), @p12='?' (Size = 36), @p13='?', @p14='?', @p15='?' (Size = 36), @p16='?' (Size = 3), @p17='?' (Size = 14), @p18='?' (DbType = DateTimeOffset), @p19='?' (Size = 19)], CommandType='Text', CommandTimeout='30']
INSERT INTO "RecoveryWorkflows" ("WorkflowId", "AgvId", "CommandContentHash", "CommandMessageId", "CommandMessageType", "CreatedAt", "DemandId", "ExceptionRecoverySessionId", "ForcedRecoveryGeneration", "HandoffId", "Outcome", "RequestContentHash", "RequestMessageId", "ResultContentHash", "ResultMessageId", "SlotOperationAttemptId", "SlotsJson", "State", "UpdatedAt", "WorkflowType")
VALUES (@p0, @p1, @p2, @p3, @p4, @p5, @p6, @p7, @p8, @p9, @p10, @p11, @p12, @p13, @p14, @p15, @p16, @p17, @p18, @p19);
[16:58:32 INF] Executed DbCommand (0ms) [Parameters=[], CommandType='Text', CommandTimeout='30']
SELECT "p"."MessageId", "p"."AcknowledgedAt", "p"."CreatedAt", "p"."FencedAt", "p"."MessageType", "p"."PayloadJson"
FROM "ProtocolOutbox" AS "p"
WHERE "p"."MessageType" = 'ExceptionRecoverySessionSnapshot' AND "p"."AcknowledgedAt" IS NULL AND "p"."FencedAt" IS NULL
[16:58:32 INF] Executed DbCommand (0ms) [Parameters=[@__session_DemandId_0='?' (Size = 36)], CommandType='Text', CommandTimeout='30']
SELECT "s"."SlotOperationAttemptId", "s"."CommittedAt", "s"."ContentHash", "s"."CreatedAt", "s"."DemandId", "s"."EvidenceJson", "s"."ForcedRecoveryGeneration", "s"."OperationType", "s"."Status", "s"."SublotId", "s"."TargetSlotsJson"
FROM "StationOperations" AS "s"
WHERE "s"."DemandId" = @__session_DemandId_0
[16:58:32 INF] Executed DbCommand (0ms) [Parameters=[@__messageId_0='?' (Size = 36)], CommandType='Text', CommandTimeout='30']
SELECT "p"."MessageId", "p"."AcknowledgedAt", "p"."CreatedAt", "p"."FencedAt", "p"."MessageType", "p"."PayloadJson"
FROM "ProtocolOutbox" AS "p"
WHERE "p"."MessageId" = @__messageId_0
LIMIT 2
[16:58:32 INF] Executed DbCommand (0ms) [Parameters=[@__messageId_0='?' (Size = 36)], CommandType='Text', CommandTimeout='30']
SELECT "p"."MessageId", "p"."AcknowledgedAt", "p"."CreatedAt", "p"."FencedAt", "p"."MessageType", "p"."PayloadJson"
FROM "ProtocolOutbox" AS "p"
WHERE "p"."MessageId" = @__messageId_0
LIMIT 2
[16:58:32 INF] Executed DbCommand (0ms) [Parameters=[@p1='?' (Size = 36), @p0='?' (DbType = DateTimeOffset)], CommandType='Text', CommandTimeout='30']
UPDATE "ProtocolOutbox" SET "FencedAt" = @p0
WHERE "MessageId" = @p1
RETURNING 1;
[16:58:32 INF] Executed DbCommand (0ms) [Parameters=[@p0='?' (Size = 36), @p1='?' (DbType = DateTimeOffset), @p2='?' (DbType = DateTimeOffset), @p3='?' (DbType = DateTimeOffset), @p4='?' (Size = 32), @p5='?' (Size = 989)], CommandType='Text', CommandTimeout='30']
INSERT INTO "ProtocolOutbox" ("MessageId", "AcknowledgedAt", "CreatedAt", "FencedAt", "MessageType", "PayloadJson")
VALUES (@p0, @p1, @p2, @p3, @p4, @p5);
[16:58:32 INF] Executed DbCommand (0ms) [Parameters=[@p5='?' (Size = 36), @p0='?' (Size = 64), @p1='?' (Size = 36), @p2='?' (Size = 26), @p3='?' (Size = 14), @p4='?' (DbType = DateTimeOffset)], CommandType='Text', CommandTimeout='30']
UPDATE "RecoveryWorkflows" SET "CommandContentHash" = @p0, "CommandMessageId" = @p1, "CommandMessageType" = @p2, "State" = @p3, "UpdatedAt" = @p4
WHERE "WorkflowId" = @p5
RETURNING 1;
[16:58:32 INF] Executed DbCommand (0ms) [Parameters=[@p0='?' (Size = 36), @p1='?' (Size = 64), @p2='?' (Size = 735), @p3='?' (Size = 23), @p4='?' (DbType = DateTimeOffset), @p5='?' (Size = 903)], CommandType='Text', CommandTimeout='30']
INSERT INTO "ProtocolInbox" ("MessageId", "ContentHash", "FirstResponseJson", "MessageType", "ReceivedAt", "RequestJson")
VALUES (@p0, @p1, @p2, @p3, @p4, @p5);
[16:58:32 INF] Executed DbCommand (0ms) [Parameters=[@__workflowId_0='?' (Size = 36)], CommandType='Text', CommandTimeout='30']
SELECT "r"."WorkflowId", "r"."AgvId", "r"."CommandContentHash", "r"."CommandMessageId", "r"."CommandMessageType", "r"."CreatedAt", "r"."DemandId", "r"."ExceptionRecoverySessionId", "r"."ForcedRecoveryGeneration", "r"."HandoffId", "r"."Outcome", "r"."RequestContentHash", "r"."RequestMessageId", "r"."ResultContentHash", "r"."ResultMessageId", "r"."SlotOperationAttemptId", "r"."SlotsJson", "r"."State", "r"."UpdatedAt", "r"."WorkflowType"
FROM "RecoveryWorkflows" AS "r"
WHERE "r"."WorkflowId" = @__workflowId_0
LIMIT 2
[16:58:32 INF] Executed DbCommand (0ms) [Parameters=[@__messageId_0='?' (Size = 36)], CommandType='Text', CommandTimeout='30']
SELECT "p"."MessageId", "p"."AcknowledgedAt", "p"."CreatedAt", "p"."FencedAt", "p"."MessageType", "p"."PayloadJson"
FROM "ProtocolOutbox" AS "p"
WHERE "p"."MessageId" = @__messageId_0
LIMIT 2
[16:58:32 INF] Executed DbCommand (0ms) [Parameters=[], CommandType='Text', CommandTimeout='30']
SELECT "p"."MessageId", "p"."AcknowledgedAt", "p"."CreatedAt", "p"."FencedAt", "p"."MessageType", "p"."PayloadJson"
FROM "ProtocolOutbox" AS "p"
WHERE "p"."MessageType" = 'ExceptionRecoverySessionSnapshot' AND "p"."AcknowledgedAt" IS NULL AND "p"."FencedAt" IS NULL
[16:58:32 INF] Executed DbCommand (0ms) [Parameters=[@__messageId_0='?' (Size = 36)], CommandType='Text', CommandTimeout='30']
SELECT "p"."MessageId", "p"."AcknowledgedAt", "p"."CreatedAt", "p"."FencedAt", "p"."MessageType", "p"."PayloadJson"
FROM "ProtocolOutbox" AS "p"
WHERE "p"."MessageId" = @__messageId_0
LIMIT 2
[16:58:32 INF] Executed DbCommand (0ms) [Parameters=[@__messageId_0='?' (Size = 36)], CommandType='Text', CommandTimeout='30']
SELECT "p"."MessageId", "p"."ContentHash", "p"."FirstResponseJson", "p"."MessageType", "p"."ReceivedAt", "p"."RequestJson"
FROM "ProtocolInbox" AS "p"
WHERE "p"."MessageId" = @__messageId_0
LIMIT 2
[16:58:32 INF] Executed DbCommand (0ms) [Parameters=[@__agvId_0='?' (Size = 10), @__refusedCommandId_1='?' (Size = 36), @__attemptId_2='?' (Size = 36)], CommandType='Text', CommandTimeout='30']
SELECT "r"."WorkflowId", "r"."AgvId", "r"."CommandContentHash", "r"."CommandMessageId", "r"."CommandMessageType", "r"."CreatedAt", "r"."DemandId", "r"."ExceptionRecoverySessionId", "r"."ForcedRecoveryGeneration", "r"."HandoffId", "r"."Outcome", "r"."RequestContentHash", "r"."RequestMessageId", "r"."ResultContentHash", "r"."ResultMessageId", "r"."SlotOperationAttemptId", "r"."SlotsJson", "r"."State", "r"."UpdatedAt", "r"."WorkflowType"
FROM "RecoveryWorkflows" AS "r"
WHERE "r"."WorkflowType" = 'RESUME_AFTER_REPAIR' AND "r"."AgvId" = @__agvId_0 AND "r"."CommandMessageId" = @__refusedCommandId_1 AND "r"."SlotOperationAttemptId" = @__attemptId_2 AND "r"."State" IN ('CommandPending', 'AwaitingResult')
LIMIT 2
[16:58:32 INF] Executed DbCommand (0ms) [Parameters=[@__workflow_ExceptionRecoverySessionId_0='?' (Size = 36)], CommandType='Text', CommandTimeout='30']
SELECT "e"."ExceptionRecoverySessionId", "e"."AdministratorId", "e"."AdministratorRole", "e"."AgvId", "e"."DemandId", "e"."EventId", "e"."ForcedRecoveryGeneration", "e"."OpenedAt", "e"."Reason", "e"."RequestContentHash", "e"."RequestId", "e"."Revision", "e"."SelectedAction", "e"."SlotsJson", "e"."State", "e"."UpdatedAt"
FROM "ExceptionRecoverySessions" AS "e"
WHERE "e"."ExceptionRecoverySessionId" = @__workflow_ExceptionRecoverySessionId_0
LIMIT 2
[16:58:32 WRN] Exception recovery session 91915f32-29c5-ba5f-98ff-57d0f4aac0f0 closed under RECOVERY_ACTION_RESULT_NOT_RECONCILED: RESUME_AFTER_REPAIR ceadddb5-67d2-4f86-ac13-e75bd9875be4 reported COMMAND_REJECTED, which does not reconcile. Demand e157ea75-2bfe-44de-9fe9-3653986f2fac stays blocked; a new session is needed to recover it.
[16:58:32 INF] Executed DbCommand (0ms) [Parameters=[], CommandType='Text', CommandTimeout='30']
SELECT "p"."MessageId", "p"."AcknowledgedAt", "p"."CreatedAt", "p"."FencedAt", "p"."MessageType", "p"."PayloadJson"
FROM "ProtocolOutbox" AS "p"
WHERE "p"."MessageType" = 'ExceptionRecoverySessionSnapshot' AND "p"."AcknowledgedAt" IS NULL AND "p"."FencedAt" IS NULL
[16:58:32 INF] Executed DbCommand (0ms) [Parameters=[@__session_DemandId_0='?' (Size = 36)], CommandType='Text', CommandTimeout='30']
SELECT "s"."SlotOperationAttemptId", "s"."CommittedAt", "s"."ContentHash", "s"."CreatedAt", "s"."DemandId", "s"."EvidenceJson", "s"."ForcedRecoveryGeneration", "s"."OperationType", "s"."Status", "s"."SublotId", "s"."TargetSlotsJson"
FROM "StationOperations" AS "s"
WHERE "s"."DemandId" = @__session_DemandId_0
[16:58:32 INF] Executed DbCommand (0ms) [Parameters=[@__messageId_0='?' (Size = 36)], CommandType='Text', CommandTimeout='30']
SELECT "p"."MessageId", "p"."AcknowledgedAt", "p"."CreatedAt", "p"."FencedAt", "p"."MessageType", "p"."PayloadJson"
FROM "ProtocolOutbox" AS "p"
WHERE "p"."MessageId" = @__messageId_0
LIMIT 2
[16:58:32 INF] Executed DbCommand (0ms) [Parameters=[@__messageId_0='?' (Size = 36)], CommandType='Text', CommandTimeout='30']
SELECT "p"."MessageId", "p"."AcknowledgedAt", "p"."CreatedAt", "p"."FencedAt", "p"."MessageType", "p"."PayloadJson"
FROM "ProtocolOutbox" AS "p"
WHERE "p"."MessageId" = @__messageId_0
LIMIT 2
[16:58:32 INF] Executed DbCommand (0ms) [Parameters=[@p3='?' (Size = 36), @p0='?' (DbType = Int64), @p1='?' (Size = 6), @p2='?' (DbType = DateTimeOffset)], CommandType='Text', CommandTimeout='30']
UPDATE "ExceptionRecoverySessions" SET "Revision" = @p0, "State" = @p1, "UpdatedAt" = @p2
WHERE "ExceptionRecoverySessionId" = @p3
RETURNING 1;
[16:58:32 INF] Executed DbCommand (0ms) [Parameters=[@p1='?' (Size = 36), @p0='?' (DbType = DateTimeOffset)], CommandType='Text', CommandTimeout='30']
UPDATE "ProtocolOutbox" SET "FencedAt" = @p0
WHERE "MessageId" = @p1
RETURNING 1;
[16:58:32 INF] Executed DbCommand (0ms) [Parameters=[@p0='?' (Size = 36), @p1='?' (DbType = DateTimeOffset), @p2='?' (DbType = DateTimeOffset), @p3='?' (DbType = DateTimeOffset), @p4='?' (Size = 32), @p5='?' (Size = 851)], CommandType='Text', CommandTimeout='30']
INSERT INTO "ProtocolOutbox" ("MessageId", "AcknowledgedAt", "CreatedAt", "FencedAt", "MessageType", "PayloadJson")
VALUES (@p0, @p1, @p2, @p3, @p4, @p5);
[16:58:32 INF] Executed DbCommand (0ms) [Parameters=[@p4='?' (Size = 36), @p0='?' (Size = 16), @p1='?' (Size = 36), @p2='?' (Size = 16), @p3='?' (DbType = DateTimeOffset)], CommandType='Text', CommandTimeout='30']
UPDATE "RecoveryWorkflows" SET "Outcome" = @p0, "ResultMessageId" = @p1, "State" = @p2, "UpdatedAt" = @p3
WHERE "WorkflowId" = @p4
RETURNING 1;
[16:58:32 INF] Executed DbCommand (0ms) [Parameters=[@__messageId_0='?' (Size = 36)], CommandType='Text', CommandTimeout='30']
SELECT "p"."MessageId", "p"."AcknowledgedAt", "p"."CreatedAt", "p"."FencedAt", "p"."MessageType", "p"."PayloadJson"
FROM "ProtocolOutbox" AS "p"
WHERE "p"."MessageId" = @__messageId_0
LIMIT 2
[16:58:32 INF] Executed DbCommand (0ms) [Parameters=[@p1='?' (Size = 36), @p0='?' (DbType = DateTimeOffset)], CommandType='Text', CommandTimeout='30']
UPDATE "ProtocolOutbox" SET "AcknowledgedAt" = @p0
WHERE "MessageId" = @p1
RETURNING 1;
[16:58:32 INF] Executed DbCommand (0ms) [Parameters=[@p0='?' (Size = 36), @p1='?' (Size = 64), @p2='?' (Size = 676), @p3='?' (Size = 28), @p4='?' (DbType = DateTimeOffset), @p5='?' (Size = 642)], CommandType='Text', CommandTimeout='30']
INSERT INTO "ProtocolInbox" ("MessageId", "ContentHash", "FirstResponseJson", "MessageType", "ReceivedAt", "RequestJson")
VALUES (@p0, @p1, @p2, @p3, @p4, @p5);
[16:58:32 INF] Executed DbCommand (0ms) [Parameters=[], CommandType='Text', CommandTimeout='30']
SELECT "p"."MessageId", "p"."AcknowledgedAt", "p"."CreatedAt", "p"."FencedAt", "p"."MessageType", "p"."PayloadJson"
FROM "ProtocolOutbox" AS "p"
WHERE "p"."MessageType" = 'ExceptionRecoverySessionSnapshot' AND "p"."AcknowledgedAt" IS NULL AND "p"."FencedAt" IS NULL
[16:58:32 INF] Executed DbCommand (0ms) [Parameters=[@__messageId_0='?' (Size = 36)], CommandType='Text', CommandTimeout='30']
SELECT "p"."MessageId", "p"."AcknowledgedAt", "p"."CreatedAt", "p"."FencedAt", "p"."MessageType", "p"."PayloadJson"
FROM "ProtocolOutbox" AS "p"
WHERE "p"."MessageId" = @__messageId_0
LIMIT 2
[16:58:32 INF] Executed DbCommand (0ms) [Parameters=[@__messageId_0='?' (Size = 36)], CommandType='Text', CommandTimeout='30']
SELECT "p"."MessageId", "p"."ContentHash", "p"."FirstResponseJson", "p"."MessageType", "p"."ReceivedAt", "p"."RequestJson"
FROM "ProtocolInbox" AS "p"
WHERE "p"."MessageId" = @__messageId_0
LIMIT 2
[16:58:32 INF] Executed DbCommand (0ms) [Parameters=[@__messageId_0='?' (Size = 36)], CommandType='Text', CommandTimeout='30']
SELECT "p"."MessageId", "p"."AcknowledgedAt", "p"."CreatedAt", "p"."FencedAt", "p"."MessageType", "p"."PayloadJson"
FROM "ProtocolOutbox" AS "p"
WHERE "p"."MessageId" = @__messageId_0
LIMIT 2
[16:58:32 INF] Executed DbCommand (0ms) [Parameters=[@p1='?' (Size = 36), @p0='?' (DbType = DateTimeOffset)], CommandType='Text', CommandTimeout='30']
UPDATE "ProtocolOutbox" SET "AcknowledgedAt" = @p0
WHERE "MessageId" = @p1
RETURNING 1;
[16:58:32 INF] Executed DbCommand (0ms) [Parameters=[@p0='?' (Size = 36), @p1='?' (Size = 64), @p2='?', @p3='?' (Size = 18), @p4='?' (DbType = DateTimeOffset), @p5='?' (Size = 638)], CommandType='Text', CommandTimeout='30']
INSERT INTO "ProtocolInbox" ("MessageId", "ContentHash", "FirstResponseJson", "MessageType", "ReceivedAt", "RequestJson")
VALUES (@p0, @p1, @p2, @p3, @p4, @p5);
[16:58:32 INF] Executed DbCommand (310ms) [Parameters=[@p3='?' (DbType = Int32), @p0='?' (DbType = DateTimeOffset), @p1='?' (DbType = DateTimeOffset), @p2='?' (DbType = DateTimeOffset)], CommandType='Text', CommandTimeout='30']
UPDATE "MapStationCatalogStates" SET "LastAttemptAt" = @p0, "LastCompleteConfirmationAt" = @p1, "UpdatedAt" = @p2
WHERE "MapId" = @p3
RETURNING 1;
[16:58:32 INF] Executed DbCommand (0ms) [Parameters=[@__mapId_0='?' (DbType = Int32)], CommandType='Text', CommandTimeout='30']
SELECT "t"."MapId", "t"."ActiveVersion", "t"."PendingVersion", "t"."State", "t"."UpdatedAt"
FROM "TaskTypeStationActiveBindingSets" AS "t"
WHERE "t"."MapId" = @__mapId_0
LIMIT 2
[16:58:32 INF] Executed DbCommand (0ms) [Parameters=[@__mapId_0='?' (DbType = Int32), @__version_1='?' (DbType = Int64)], CommandType='Text', CommandTimeout='30']
SELECT "t"."MapId", "t"."Version", "t"."CatalogRevision", "t"."ContentSha256", "t"."LoadedAt", "t"."RuleVersion", "t"."SnapshotId", "t"."Source"
FROM "TaskTypeStationBindingSetVersions" AS "t"
WHERE "t"."MapId" = @__mapId_0 AND "t"."Version" = @__version_1
LIMIT 2
[16:58:32 INF] Executed DbCommand (0ms) [Parameters=[@__mapId_0='?' (DbType = Int32), @__version_1='?' (DbType = Int64)], CommandType='Text', CommandTimeout='30']
SELECT "t"."TaskType"
FROM "TaskTypeStationRequirements" AS "t"
WHERE "t"."MapId" = @__mapId_0 AND "t"."Version" = @__version_1
[16:58:32 INF] Executed DbCommand (0ms) [Parameters=[@__mapId_0='?' (DbType = Int32), @__version_1='?' (DbType = Int64)], CommandType='Text', CommandTimeout='30']
SELECT "t"."MapId", "t"."Version", "t"."TaskType", "t"."SiteVerificationRef", "t"."StationName", "t"."StationRiotId"
FROM "TaskTypeStationBindings" AS "t"
WHERE "t"."MapId" = @__mapId_0 AND "t"."Version" = @__version_1
[16:58:32 INF] Executed DbCommand (0ms) [Parameters=[@__version_0='?' (DbType = Int64)], CommandType='Text', CommandTimeout='30']
SELECT "t"."Version", "t"."ContentSha256", "t"."LoadedAt", "t"."SnapshotId", "t"."Source"
FROM "TaskTypeStationRuleVersions" AS "t"
WHERE "t"."Version" = @__version_0
LIMIT 2
[16:58:32 INF] Executed DbCommand (0ms) [Parameters=[@__version_0='?' (DbType = Int64)], CommandType='Text', CommandTimeout='30']
SELECT "t"."Version", "t"."TaskType", "t"."FixedEnd"
FROM "TaskTypeStationRules" AS "t"
WHERE "t"."Version" = @__version_0
[16:58:32 INF] Executed DbCommand (0ms) [Parameters=[], CommandType='Text', CommandTimeout='30']
SELECT "a"."Id", "a"."ContentHash", "a"."DeploymentId", "a"."ImportedAt", "a"."Version"
FROM "AdmissionPolicyState" AS "a"
WHERE "a"."Id" = 1
LIMIT 2
[16:58:32 INF] Executed DbCommand (0ms) [Parameters=[], CommandType='Text', CommandTimeout='30']
SELECT "j"."DemandId", "j"."AgvId", "j"."AgvLifecycleGeneration", "j"."BlockReasonCode", "j"."BlockReasonSince", "j"."ConsumedSafetyResultMessageId", "j"."ConsumedSublotMessageId", "j"."CreatedAt", "j"."DispatchGeneration", "j"."DispatchZone", "j"."ExpectedBasketCount", "j"."GateMovementLegId", "j"."GatePlanMessageId", "j"."GateStationId", "j"."GateStationRiotId", "j"."GateUpperId", "j"."GateVehicleBusinessMessageId", "j"."GateWorklistMessageId", "j"."LoadCommandMessageId", "j"."LoadSlotOperationAttemptId", "j"."MapId", "j"."MapIdentity", "j"."OperationSessionId", "j"."PickupMovementLegId", "j"."PickupStationId", "j"."PickupStationRiotId", "j"."PickupUpperId", "j"."PlanMessageId", "j"."PlanRevision", "j"."PreDepartureSafetyCheckId", "j"."PreDepartureSafetyCheckMessageId", "j"."RouteEvidenceId", "j"."Stage", "j"."StationDepartureWaitStartedAt", "j"."SublotRequestMessageId", "j"."TargetSlotsJson", "j"."UnloadCommandMessageId", "j"."UnloadSlotOperationAttemptId", "j"."UpdatedAt", "j"."VehicleBusinessMessageId", "j"."VehicleBusinessRevision", "j"."VehicleKey", "j"."WorklistMessageId", "j"."WorklistRevision"
FROM "JourneyRuntimes" AS "j"
WHERE "j"."Stage" <> 'Completed'
[16:58:32 INF] Executed DbCommand (0ms) [Parameters=[@__agvId_0='?' (Size = 10)], CommandType='Text', CommandTimeout='30']
SELECT "s"."AgvId", "s"."ActiveUnlockSlotsJson", "s"."CapabilityHash", "s"."CapabilityRevision", "s"."DepartureSafe", "s"."ForcedRecoveryGeneration", "s"."ManifestSha256", "s"."PendingAttemptIdsJson", "s"."PendingResultIdsJson", "s"."ProfileId", "s"."ProtocolCommit", "s"."ProtocolVersion", "s"."ProvenRecoveryCheckpoint", "s"."Readiness", "s"."ReasonCode", "s"."RecoveryReportId", "s"."ReportedForcedRecoveryGeneration", "s"."ReportedSlotConfigurationFingerprint", "s"."SafetyHash", "s"."SafetyReasonCodesJson", "s"."SafetyRevision", "s"."SafetyUnknownPresent", "s"."SessionGeneration", "s"."UnsettledSlotOperationAttemptId", "s"."UpdatedAt"
FROM "SessionRecoveries" AS "s"
WHERE "s"."AgvId" = @__agvId_0 AND "s"."Readiness" = 'Ready'
LIMIT 2
[16:58:32 INF] Start processing HTTP request GET http://127.0.0.1:48408/api/task/v1/task/getVehicleInfo/BROKERX-L2-0001
[16:58:32 INF] Sending HTTP request GET http://127.0.0.1:48408/api/task/v1/task/getVehicleInfo/BROKERX-L2-0001
[16:58:32 INF] Received HTTP response headers after 0.7337ms - 200
[16:58:32 INF] End processing HTTP request after 2.4468ms - 200
[16:58:32 INF] Start processing HTTP request GET http://127.0.0.1:48408/api/order/v1/orderRecord?pageNum=1&pageSize=100&filterByState=1&filterByState=3&filterByState=7&filterByState=9
[16:58:32 INF] Sending HTTP request GET http://127.0.0.1:48408/api/order/v1/orderRecord?pageNum=1&pageSize=100&filterByState=1&filterByState=3&filterByState=7&filterByState=9
[16:58:32 INF] Received HTTP response headers after 0.5576ms - 200
[16:58:32 INF] End processing HTTP request after 1.3573ms - 200
[16:58:32 INF] HTTP GET /api/onboard/v1/vehicle-safety responded 200 in 5.1212 ms
[16:58:32 INF] Start processing HTTP request GET http://127.0.0.1:48408/api/imap/v1/mapInfo/stations/25
[16:58:32 INF] Sending HTTP request GET http://127.0.0.1:48408/api/imap/v1/mapInfo/stations/25
[16:58:32 INF] Received HTTP response headers after 0.6427ms - 200
[16:58:32 INF] End processing HTTP request after 1.607ms - 200
[16:58:32 INF] Executed DbCommand (0ms) [Parameters=[@__mapId_0='?' (DbType = Int32)], CommandType='Text', CommandTimeout='30']
SELECT "t"."MapId", "t"."ActiveVersion", "t"."PendingVersion", "t"."State", "t"."UpdatedAt"
FROM "TaskTypeStationActiveBindingSets" AS "t"
WHERE "t"."MapId" = @__mapId_0
LIMIT 2
[16:58:32 INF] Executed DbCommand (0ms) [Parameters=[@__mapId_0='?' (DbType = Int32), @__version_1='?' (DbType = Int64)], CommandType='Text', CommandTimeout='30']
SELECT "t"."MapId", "t"."Version", "t"."CatalogRevision", "t"."ContentSha256", "t"."LoadedAt", "t"."RuleVersion", "t"."SnapshotId", "t"."Source"
FROM "TaskTypeStationBindingSetVersions" AS "t"
WHERE "t"."MapId" = @__mapId_0 AND "t"."Version" = @__version_1
LIMIT 2
[16:58:32 INF] Executed DbCommand (0ms) [Parameters=[@__mapId_0='?' (DbType = Int32), @__version_1='?' (DbType = Int64)], CommandType='Text', CommandTimeout='30']
SELECT "t"."TaskType"
FROM "TaskTypeStationRequirements" AS "t"
WHERE "t"."MapId" = @__mapId_0 AND "t"."Version" = @__version_1
[16:58:32 INF] Executed DbCommand (0ms) [Parameters=[@__mapId_0='?' (DbType = Int32), @__version_1='?' (DbType = Int64)], CommandType='Text', CommandTimeout='30']
SELECT "t"."MapId", "t"."Version", "t"."TaskType", "t"."SiteVerificationRef", "t"."StationName", "t"."StationRiotId"
FROM "TaskTypeStationBindings" AS "t"
WHERE "t"."MapId" = @__mapId_0 AND "t"."Version" = @__version_1
[16:58:32 INF] Executed DbCommand (0ms) [Parameters=[@__version_0='?' (DbType = Int64)], CommandType='Text', CommandTimeout='30']
SELECT "t"."Version", "t"."ContentSha256", "t"."LoadedAt", "t"."SnapshotId", "t"."Source"
FROM "TaskTypeStationRuleVersions" AS "t"
WHERE "t"."Version" = @__version_0
LIMIT 2
[16:58:32 INF] Executed DbCommand (0ms) [Parameters=[@__version_0='?' (DbType = Int64)], CommandType='Text', CommandTimeout='30']
SELECT "t"."Version", "t"."TaskType", "t"."FixedEnd"
FROM "TaskTypeStationRules" AS "t"
WHERE "t"."Version" = @__version_0
[16:58:32 INF] Executed DbCommand (0ms) [Parameters=[@__mapId_0='?' (DbType = Int32)], CommandType='Text', CommandTimeout='30']
SELECT "t"."MapId", "t"."ActiveVersion", "t"."PendingVersion", "t"."State", "t"."UpdatedAt"
FROM "TaskTypeStationActiveBindingSets" AS "t"
WHERE "t"."MapId" = @__mapId_0
LIMIT 2
[16:58:32 INF] Executed DbCommand (0ms) [Parameters=[@__mapId_0='?' (DbType = Int32)], CommandType='Text', CommandTimeout='30']
SELECT "t"."HoldId", "t"."DetailJson", "t"."MapId", "t"."RaisedAt", "t"."RaisedBy", "t"."ReasonCode", "t"."ReleasedAt", "t"."ReleasedBy", "t"."Source", "t"."TaskType"
FROM "TaskTypeStationHolds" AS "t"
WHERE "t"."MapId" = @__mapId_0 AND "t"."ReleasedAt" IS NULL
[16:58:32 INF] Executed DbCommand (0ms) [Parameters=[@__mapId_0='?' (DbType = Int32)], CommandType='Text', CommandTimeout='30']
SELECT "m"."MapId", "m"."ApprovedMaxUnconfirmedSeconds", "m"."ApprovedSyncPeriodSeconds", "m"."CatalogRevision", "m"."LastAttemptAt", "m"."LastCompleteConfirmationAt", "m"."LastFailureReason", "m"."State", "m"."UpdatedAt"
FROM "MapStationCatalogStates" AS "m"
WHERE "m"."MapId" = @__mapId_0
LIMIT 2
[16:58:32 INF] Executed DbCommand (0ms) [Parameters=[@p3='?' (DbType = Int32), @p0='?' (DbType = DateTimeOffset), @p1='?' (DbType = DateTimeOffset), @p2='?' (DbType = DateTimeOffset)], CommandType='Text', CommandTimeout='30']
UPDATE "MapStationCatalogStates" SET "LastAttemptAt" = @p0, "LastCompleteConfirmationAt" = @p1, "UpdatedAt" = @p2
WHERE "MapId" = @p3
RETURNING 1;
[16:58:32 INF] Executed DbCommand (0ms) [Parameters=[@__mapId_0='?' (DbType = Int32)], CommandType='Text', CommandTimeout='30']
SELECT "t"."MapId", "t"."ActiveVersion", "t"."PendingVersion", "t"."State", "t"."UpdatedAt"
FROM "TaskTypeStationActiveBindingSets" AS "t"
WHERE "t"."MapId" = @__mapId_0
LIMIT 2
[16:58:32 INF] Executed DbCommand (0ms) [Parameters=[@__mapId_0='?' (DbType = Int32), @__version_1='?' (DbType = Int64)], CommandType='Text', CommandTimeout='30']
SELECT "t"."MapId", "t"."Version", "t"."CatalogRevision", "t"."ContentSha256", "t"."LoadedAt", "t"."RuleVersion", "t"."SnapshotId", "t"."Source"
FROM "TaskTypeStationBindingSetVersions" AS "t"
WHERE "t"."MapId" = @__mapId_0 AND "t"."Version" = @__version_1
LIMIT 2
[16:58:32 INF] Executed DbCommand (0ms) [Parameters=[@__mapId_0='?' (DbType = Int32), @__version_1='?' (DbType = Int64)], CommandType='Text', CommandTimeout='30']
SELECT "t"."TaskType"
FROM "TaskTypeStationRequirements" AS "t"
WHERE "t"."MapId" = @__mapId_0 AND "t"."Version" = @__version_1
[16:58:32 INF] Executed DbCommand (0ms) [Parameters=[@__mapId_0='?' (DbType = Int32), @__version_1='?' (DbType = Int64)], CommandType='Text', CommandTimeout='30']
SELECT "t"."MapId", "t"."Version", "t"."TaskType", "t"."SiteVerificationRef", "t"."StationName", "t"."StationRiotId"
FROM "TaskTypeStationBindings" AS "t"
WHERE "t"."MapId" = @__mapId_0 AND "t"."Version" = @__version_1
[16:58:32 INF] Executed DbCommand (0ms) [Parameters=[@__version_0='?' (DbType = Int64)], CommandType='Text', CommandTimeout='30']
SELECT "t"."Version", "t"."ContentSha256", "t"."LoadedAt", "t"."SnapshotId", "t"."Source"
FROM "TaskTypeStationRuleVersions" AS "t"
WHERE "t"."Version" = @__version_0
LIMIT 2
[16:58:32 INF] Executed DbCommand (0ms) [Parameters=[@__version_0='?' (DbType = Int64)], CommandType='Text', CommandTimeout='30']
SELECT "t"."Version", "t"."TaskType", "t"."FixedEnd"
FROM "TaskTypeStationRules" AS "t"
WHERE "t"."Version" = @__version_0
[16:58:32 INF] Executed DbCommand (0ms) [Parameters=[], CommandType='Text', CommandTimeout='30']
SELECT "a"."Id", "a"."ContentHash", "a"."DeploymentId", "a"."ImportedAt", "a"."Version"
FROM "AdmissionPolicyState" AS "a"
WHERE "a"."Id" = 1
LIMIT 2
[16:58:32 INF] Executed DbCommand (0ms) [Parameters=[], CommandType='Text', CommandTimeout='30']
SELECT "j"."DemandId", "j"."AgvId", "j"."AgvLifecycleGeneration", "j"."BlockReasonCode", "j"."BlockReasonSince", "j"."ConsumedSafetyResultMessageId", "j"."ConsumedSublotMessageId", "j"."CreatedAt", "j"."DispatchGeneration", "j"."DispatchZone", "j"."ExpectedBasketCount", "j"."GateMovementLegId", "j"."GatePlanMessageId", "j"."GateStationId", "j"."GateStationRiotId", "j"."GateUpperId", "j"."GateVehicleBusinessMessageId", "j"."GateWorklistMessageId", "j"."LoadCommandMessageId", "j"."LoadSlotOperationAttemptId", "j"."MapId", "j"."MapIdentity", "j"."OperationSessionId", "j"."PickupMovementLegId", "j"."PickupStationId", "j"."PickupStationRiotId", "j"."PickupUpperId", "j"."PlanMessageId", "j"."PlanRevision", "j"."PreDepartureSafetyCheckId", "j"."PreDepartureSafetyCheckMessageId", "j"."RouteEvidenceId", "j"."Stage", "j"."StationDepartureWaitStartedAt", "j"."SublotRequestMessageId", "j"."TargetSlotsJson", "j"."UnloadCommandMessageId", "j"."UnloadSlotOperationAttemptId", "j"."UpdatedAt", "j"."VehicleBusinessMessageId", "j"."VehicleBusinessRevision", "j"."VehicleKey", "j"."WorklistMessageId", "j"."WorklistRevision"
FROM "JourneyRuntimes" AS "j"
WHERE "j"."Stage" <> 'Completed'
[16:58:32 INF] Executed DbCommand (0ms) [Parameters=[@__agvId_0='?' (Size = 10)], CommandType='Text', CommandTimeout='30']
SELECT "s"."AgvId", "s"."ActiveUnlockSlotsJson", "s"."CapabilityHash", "s"."CapabilityRevision", "s"."DepartureSafe", "s"."ForcedRecoveryGeneration", "s"."ManifestSha256", "s"."PendingAttemptIdsJson", "s"."PendingResultIdsJson", "s"."ProfileId", "s"."ProtocolCommit", "s"."ProtocolVersion", "s"."ProvenRecoveryCheckpoint", "s"."Readiness", "s"."ReasonCode", "s"."RecoveryReportId", "s"."ReportedForcedRecoveryGeneration", "s"."ReportedSlotConfigurationFingerprint", "s"."SafetyHash", "s"."SafetyReasonCodesJson", "s"."SafetyRevision", "s"."SafetyUnknownPresent", "s"."SessionGeneration", "s"."UnsettledSlotOperationAttemptId", "s"."UpdatedAt"
FROM "SessionRecoveries" AS "s"
WHERE "s"."AgvId" = @__agvId_0 AND "s"."Readiness" = 'Ready'
LIMIT 2
[16:58:33 INF] Start processing HTTP request GET http://127.0.0.1:48408/api/task/v1/task/getVehicleInfo/BROKERX-L2-0001
[16:58:33 INF] Sending HTTP request GET http://127.0.0.1:48408/api/task/v1/task/getVehicleInfo/BROKERX-L2-0001
[16:58:33 INF] Received HTTP response headers after 0.573ms - 200
[16:58:33 INF] End processing HTTP request after 1.9993ms - 200
[16:58:33 INF] Start processing HTTP request GET http://127.0.0.1:48408/api/order/v1/orderRecord?pageNum=1&pageSize=100&filterByState=1&filterByState=3&filterByState=7&filterByState=9
[16:58:33 INF] Sending HTTP request GET http://127.0.0.1:48408/api/order/v1/orderRecord?pageNum=1&pageSize=100&filterByState=1&filterByState=3&filterByState=7&filterByState=9
[16:58:33 INF] Received HTTP response headers after 0.9988ms - 200
[16:58:33 INF] End processing HTTP request after 1.8359ms - 200
[16:58:33 INF] HTTP GET /api/onboard/v1/vehicle-safety responded 200 in 5.1252 ms
[16:58:33 INF] Start processing HTTP request GET http://127.0.0.1:48408/api/imap/v1/mapInfo/stations/25
[16:58:33 INF] Sending HTTP request GET http://127.0.0.1:48408/api/imap/v1/mapInfo/stations/25
[16:58:33 INF] Received HTTP response headers after 0.5685ms - 200
[16:58:33 INF] End processing HTTP request after 1.516ms - 200
[16:58:33 INF] Executed DbCommand (0ms) [Parameters=[@__mapId_0='?' (DbType = Int32)], CommandType='Text', CommandTimeout='30']
SELECT "t"."MapId", "t"."ActiveVersion", "t"."PendingVersion", "t"."State", "t"."UpdatedAt"
FROM "TaskTypeStationActiveBindingSets" AS "t"
WHERE "t"."MapId" = @__mapId_0
LIMIT 2
[16:58:33 INF] Executed DbCommand (0ms) [Parameters=[@__mapId_0='?' (DbType = Int32), @__version_1='?' (DbType = Int64)], CommandType='Text', CommandTimeout='30']
SELECT "t"."MapId", "t"."Version", "t"."CatalogRevision", "t"."ContentSha256", "t"."LoadedAt", "t"."RuleVersion", "t"."SnapshotId", "t"."Source"
FROM "TaskTypeStationBindingSetVersions" AS "t"
WHERE "t"."MapId" = @__mapId_0 AND "t"."Version" = @__version_1
LIMIT 2
[16:58:33 INF] Executed DbCommand (0ms) [Parameters=[@__mapId_0='?' (DbType = Int32), @__version_1='?' (DbType = Int64)], CommandType='Text', CommandTimeout='30']
SELECT "t"."TaskType"
FROM "TaskTypeStationRequirements" AS "t"
WHERE "t"."MapId" = @__mapId_0 AND "t"."Version" = @__version_1
[16:58:33 INF] Executed DbCommand (0ms) [Parameters=[@__mapId_0='?' (DbType = Int32), @__version_1='?' (DbType = Int64)], CommandType='Text', CommandTimeout='30']
SELECT "t"."MapId", "t"."Version", "t"."TaskType", "t"."SiteVerificationRef", "t"."StationName", "t"."StationRiotId"
FROM "TaskTypeStationBindings" AS "t"
WHERE "t"."MapId" = @__mapId_0 AND "t"."Version" = @__version_1
[16:58:33 INF] Executed DbCommand (0ms) [Parameters=[@__version_0='?' (DbType = Int64)], CommandType='Text', CommandTimeout='30']
SELECT "t"."Version", "t"."ContentSha256", "t"."LoadedAt", "t"."SnapshotId", "t"."Source"
FROM "TaskTypeStationRuleVersions" AS "t"
WHERE "t"."Version" = @__version_0
LIMIT 2
[16:58:33 INF] Executed DbCommand (0ms) [Parameters=[@__version_0='?' (DbType = Int64)], CommandType='Text', CommandTimeout='30']
SELECT "t"."Version", "t"."TaskType", "t"."FixedEnd"
FROM "TaskTypeStationRules" AS "t"
WHERE "t"."Version" = @__version_0
[16:58:33 INF] Executed DbCommand (0ms) [Parameters=[@__mapId_0='?' (DbType = Int32)], CommandType='Text', CommandTimeout='30']
SELECT "t"."MapId", "t"."ActiveVersion", "t"."PendingVersion", "t"."State", "t"."UpdatedAt"
FROM "TaskTypeStationActiveBindingSets" AS "t"
WHERE "t"."MapId" = @__mapId_0
LIMIT 2
[16:58:33 INF] Executed DbCommand (0ms) [Parameters=[@__mapId_0='?' (DbType = Int32)], CommandType='Text', CommandTimeout='30']
SELECT "t"."HoldId", "t"."DetailJson", "t"."MapId", "t"."RaisedAt", "t"."RaisedBy", "t"."ReasonCode", "t"."ReleasedAt", "t"."ReleasedBy", "t"."Source", "t"."TaskType"
FROM "TaskTypeStationHolds" AS "t"
WHERE "t"."MapId" = @__mapId_0 AND "t"."ReleasedAt" IS NULL
[16:58:33 INF] Executed DbCommand (0ms) [Parameters=[@__mapId_0='?' (DbType = Int32)], CommandType='Text', CommandTimeout='30']
SELECT "m"."MapId", "m"."ApprovedMaxUnconfirmedSeconds", "m"."ApprovedSyncPeriodSeconds", "m"."CatalogRevision", "m"."LastAttemptAt", "m"."LastCompleteConfirmationAt", "m"."LastFailureReason", "m"."State", "m"."UpdatedAt"
FROM "MapStationCatalogStates" AS "m"
WHERE "m"."MapId" = @__mapId_0
LIMIT 2
[16:58:33 INF] Executed DbCommand (0ms) [Parameters=[@p3='?' (DbType = Int32), @p0='?' (DbType = DateTimeOffset), @p1='?' (DbType = DateTimeOffset), @p2='?' (DbType = DateTimeOffset)], CommandType='Text', CommandTimeout='30']
UPDATE "MapStationCatalogStates" SET "LastAttemptAt" = @p0, "LastCompleteConfirmationAt" = @p1, "UpdatedAt" = @p2
WHERE "MapId" = @p3
RETURNING 1;
[16:58:33 INF] Executed DbCommand (0ms) [Parameters=[@__mapId_0='?' (DbType = Int32)], CommandType='Text', CommandTimeout='30']
SELECT "t"."MapId", "t"."ActiveVersion", "t"."PendingVersion", "t"."State", "t"."UpdatedAt"
FROM "TaskTypeStationActiveBindingSets" AS "t"
WHERE "t"."MapId" = @__mapId_0
LIMIT 2
[16:58:33 INF] Executed DbCommand (0ms) [Parameters=[@__mapId_0='?' (DbType = Int32), @__version_1='?' (DbType = Int64)], CommandType='Text', CommandTimeout='30']
SELECT "t"."MapId", "t"."Version", "t"."CatalogRevision", "t"."ContentSha256", "t"."LoadedAt", "t"."RuleVersion", "t"."SnapshotId", "t"."Source"
FROM "TaskTypeStationBindingSetVersions" AS "t"
WHERE "t"."MapId" = @__mapId_0 AND "t"."Version" = @__version_1
LIMIT 2
[16:58:33 INF] Executed DbCommand (0ms) [Parameters=[@__mapId_0='?' (DbType = Int32), @__version_1='?' (DbType = Int64)], CommandType='Text', CommandTimeout='30']
SELECT "t"."TaskType"
FROM "TaskTypeStationRequirements" AS "t"
WHERE "t"."MapId" = @__mapId_0 AND "t"."Version" = @__version_1
[16:58:33 INF] Executed DbCommand (0ms) [Parameters=[@__mapId_0='?' (DbType = Int32), @__version_1='?' (DbType = Int64)], CommandType='Text', CommandTimeout='30']
SELECT "t"."MapId", "t"."Version", "t"."TaskType", "t"."SiteVerificationRef", "t"."StationName", "t"."StationRiotId"
FROM "TaskTypeStationBindings" AS "t"
WHERE "t"."MapId" = @__mapId_0 AND "t"."Version" = @__version_1
[16:58:33 INF] Executed DbCommand (0ms) [Parameters=[@__version_0='?' (DbType = Int64)], CommandType='Text', CommandTimeout='30']
SELECT "t"."Version", "t"."ContentSha256", "t"."LoadedAt", "t"."SnapshotId", "t"."Source"
FROM "TaskTypeStationRuleVersions" AS "t"
WHERE "t"."Version" = @__version_0
LIMIT 2
[16:58:33 INF] Executed DbCommand (0ms) [Parameters=[@__version_0='?' (DbType = Int64)], CommandType='Text', CommandTimeout='30']
SELECT "t"."Version", "t"."TaskType", "t"."FixedEnd"
FROM "TaskTypeStationRules" AS "t"
WHERE "t"."Version" = @__version_0
[16:58:33 INF] Executed DbCommand (0ms) [Parameters=[], CommandType='Text', CommandTimeout='30']
SELECT "a"."Id", "a"."ContentHash", "a"."DeploymentId", "a"."ImportedAt", "a"."Version"
FROM "AdmissionPolicyState" AS "a"
WHERE "a"."Id" = 1
LIMIT 2
[16:58:33 INF] Executed DbCommand (0ms) [Parameters=[], CommandType='Text', CommandTimeout='30']
SELECT "j"."DemandId", "j"."AgvId", "j"."AgvLifecycleGeneration", "j"."BlockReasonCode", "j"."BlockReasonSince", "j"."ConsumedSafetyResultMessageId", "j"."ConsumedSublotMessageId", "j"."CreatedAt", "j"."DispatchGeneration", "j"."DispatchZone", "j"."ExpectedBasketCount", "j"."GateMovementLegId", "j"."GatePlanMessageId", "j"."GateStationId", "j"."GateStationRiotId", "j"."GateUpperId", "j"."GateVehicleBusinessMessageId", "j"."GateWorklistMessageId", "j"."LoadCommandMessageId", "j"."LoadSlotOperationAttemptId", "j"."MapId", "j"."MapIdentity", "j"."OperationSessionId", "j"."PickupMovementLegId", "j"."PickupStationId", "j"."PickupStationRiotId", "j"."PickupUpperId", "j"."PlanMessageId", "j"."PlanRevision", "j"."PreDepartureSafetyCheckId", "j"."PreDepartureSafetyCheckMessageId", "j"."RouteEvidenceId", "j"."Stage", "j"."StationDepartureWaitStartedAt", "j"."SublotRequestMessageId", "j"."TargetSlotsJson", "j"."UnloadCommandMessageId", "j"."UnloadSlotOperationAttemptId", "j"."UpdatedAt", "j"."VehicleBusinessMessageId", "j"."VehicleBusinessRevision", "j"."VehicleKey", "j"."WorklistMessageId", "j"."WorklistRevision"
FROM "JourneyRuntimes" AS "j"
WHERE "j"."Stage" <> 'Completed'
[16:58:33 INF] Executed DbCommand (0ms) [Parameters=[@__agvId_0='?' (Size = 10)], CommandType='Text', CommandTimeout='30']
SELECT "s"."AgvId", "s"."ActiveUnlockSlotsJson", "s"."CapabilityHash", "s"."CapabilityRevision", "s"."DepartureSafe", "s"."ForcedRecoveryGeneration", "s"."ManifestSha256", "s"."PendingAttemptIdsJson", "s"."PendingResultIdsJson", "s"."ProfileId", "s"."ProtocolCommit", "s"."ProtocolVersion", "s"."ProvenRecoveryCheckpoint", "s"."Readiness", "s"."ReasonCode", "s"."RecoveryReportId", "s"."ReportedForcedRecoveryGeneration", "s"."ReportedSlotConfigurationFingerprint", "s"."SafetyHash", "s"."SafetyReasonCodesJson", "s"."SafetyRevision", "s"."SafetyUnknownPresent", "s"."SessionGeneration", "s"."UnsettledSlotOperationAttemptId", "s"."UpdatedAt"
FROM "SessionRecoveries" AS "s"
WHERE "s"."AgvId" = @__agvId_0 AND "s"."Readiness" = 'Ready'
LIMIT 2
[16:58:34 INF] Executed DbCommand (0ms) [Parameters=[@__messageId_0='?' (Size = 36)], CommandType='Text', CommandTimeout='30']
SELECT "p"."MessageId", "p"."ContentHash", "p"."FirstResponseJson", "p"."MessageType", "p"."ReceivedAt", "p"."RequestJson"
FROM "ProtocolInbox" AS "p"
WHERE "p"."MessageId" = @__messageId_0
LIMIT 2
[16:58:34 INF] Executed DbCommand (0ms) [Parameters=[@p0='?' (Size = 36), @p1='?' (Size = 64), @p2='?' (Size = 536), @p3='?' (Size = 9), @p4='?' (DbType = DateTimeOffset), @p5='?' (Size = 427)], CommandType='Text', CommandTimeout='30']
INSERT INTO "ProtocolInbox" ("MessageId", "ContentHash", "FirstResponseJson", "MessageType", "ReceivedAt", "RequestJson")
VALUES (@p0, @p1, @p2, @p3, @p4, @p5);
[16:58:34 INF] Start processing HTTP request GET http://127.0.0.1:48408/api/task/v1/task/getVehicleInfo/BROKERX-L2-0001
[16:58:34 INF] Sending HTTP request GET http://127.0.0.1:48408/api/task/v1/task/getVehicleInfo/BROKERX-L2-0001
[16:58:34 INF] Received HTTP response headers after 0.507ms - 200
[16:58:34 INF] End processing HTTP request after 1.3526ms - 200
[16:58:34 INF] Start processing HTTP request GET http://127.0.0.1:48408/api/order/v1/orderRecord?pageNum=1&pageSize=100&filterByState=1&filterByState=3&filterByState=7&filterByState=9
[16:58:34 INF] Sending HTTP request GET http://127.0.0.1:48408/api/order/v1/orderRecord?pageNum=1&pageSize=100&filterByState=1&filterByState=3&filterByState=7&filterByState=9
[16:58:34 INF] Received HTTP response headers after 0.5221ms - 200
[16:58:34 INF] End processing HTTP request after 1.3009ms - 200
[16:58:34 INF] HTTP GET /api/onboard/v1/vehicle-safety responded 200 in 3.7862 ms
[16:58:34 INF] Start processing HTTP request GET http://127.0.0.1:48408/api/imap/v1/mapInfo/stations/25
[16:58:34 INF] Sending HTTP request GET http://127.0.0.1:48408/api/imap/v1/mapInfo/stations/25
[16:58:34 INF] Received HTTP response headers after 1.758ms - 200
[16:58:34 INF] End processing HTTP request after 3.1092ms - 200
[16:58:34 INF] Executed DbCommand (0ms) [Parameters=[@__mapId_0='?' (DbType = Int32)], CommandType='Text', CommandTimeout='30']
SELECT "t"."MapId", "t"."ActiveVersion", "t"."PendingVersion", "t"."State", "t"."UpdatedAt"
FROM "TaskTypeStationActiveBindingSets" AS "t"
WHERE "t"."MapId" = @__mapId_0
LIMIT 2
[16:58:34 INF] Executed DbCommand (0ms) [Parameters=[@__mapId_0='?' (DbType = Int32), @__version_1='?' (DbType = Int64)], CommandType='Text', CommandTimeout='30']
SELECT "t"."MapId", "t"."Version", "t"."CatalogRevision", "t"."ContentSha256", "t"."LoadedAt", "t"."RuleVersion", "t"."SnapshotId", "t"."Source"
FROM "TaskTypeStationBindingSetVersions" AS "t"
WHERE "t"."MapId" = @__mapId_0 AND "t"."Version" = @__version_1
LIMIT 2
[16:58:34 INF] Executed DbCommand (0ms) [Parameters=[@__mapId_0='?' (DbType = Int32), @__version_1='?' (DbType = Int64)], CommandType='Text', CommandTimeout='30']
SELECT "t"."TaskType"
FROM "TaskTypeStationRequirements" AS "t"
WHERE "t"."MapId" = @__mapId_0 AND "t"."Version" = @__version_1
[16:58:34 INF] Executed DbCommand (0ms) [Parameters=[@__mapId_0='?' (DbType = Int32), @__version_1='?' (DbType = Int64)], CommandType='Text', CommandTimeout='30']
SELECT "t"."MapId", "t"."Version", "t"."TaskType", "t"."SiteVerificationRef", "t"."StationName", "t"."StationRiotId"
FROM "TaskTypeStationBindings" AS "t"
WHERE "t"."MapId" = @__mapId_0 AND "t"."Version" = @__version_1
[16:58:34 INF] Executed DbCommand (0ms) [Parameters=[@__version_0='?' (DbType = Int64)], CommandType='Text', CommandTimeout='30']
SELECT "t"."Version", "t"."ContentSha256", "t"."LoadedAt", "t"."SnapshotId", "t"."Source"
FROM "TaskTypeStationRuleVersions" AS "t"
WHERE "t"."Version" = @__version_0
LIMIT 2
[16:58:34 INF] Executed DbCommand (0ms) [Parameters=[@__version_0='?' (DbType = Int64)], CommandType='Text', CommandTimeout='30']
SELECT "t"."Version", "t"."TaskType", "t"."FixedEnd"
FROM "TaskTypeStationRules" AS "t"
WHERE "t"."Version" = @__version_0
[16:58:34 INF] Executed DbCommand (0ms) [Parameters=[@__mapId_0='?' (DbType = Int32)], CommandType='Text', CommandTimeout='30']
SELECT "t"."MapId", "t"."ActiveVersion", "t"."PendingVersion", "t"."State", "t"."UpdatedAt"
FROM "TaskTypeStationActiveBindingSets" AS "t"
WHERE "t"."MapId" = @__mapId_0
LIMIT 2
[16:58:34 INF] Executed DbCommand (0ms) [Parameters=[@__mapId_0='?' (DbType = Int32)], CommandType='Text', CommandTimeout='30']
SELECT "t"."HoldId", "t"."DetailJson", "t"."MapId", "t"."RaisedAt", "t"."RaisedBy", "t"."ReasonCode", "t"."ReleasedAt", "t"."ReleasedBy", "t"."Source", "t"."TaskType"
FROM "TaskTypeStationHolds" AS "t"
WHERE "t"."MapId" = @__mapId_0 AND "t"."ReleasedAt" IS NULL
[16:58:34 INF] Executed DbCommand (0ms) [Parameters=[@__mapId_0='?' (DbType = Int32)], CommandType='Text', CommandTimeout='30']
SELECT "m"."MapId", "m"."ApprovedMaxUnconfirmedSeconds", "m"."ApprovedSyncPeriodSeconds", "m"."CatalogRevision", "m"."LastAttemptAt", "m"."LastCompleteConfirmationAt", "m"."LastFailureReason", "m"."State", "m"."UpdatedAt"
FROM "MapStationCatalogStates" AS "m"
WHERE "m"."MapId" = @__mapId_0
LIMIT 2
[16:58:34 INF] Executed DbCommand (0ms) [Parameters=[@p3='?' (DbType = Int32), @p0='?' (DbType = DateTimeOffset), @p1='?' (DbType = DateTimeOffset), @p2='?' (DbType = DateTimeOffset)], CommandType='Text', CommandTimeout='30']
UPDATE "MapStationCatalogStates" SET "LastAttemptAt" = @p0, "LastCompleteConfirmationAt" = @p1, "UpdatedAt" = @p2
WHERE "MapId" = @p3
RETURNING 1;
[16:58:34 INF] Executed DbCommand (0ms) [Parameters=[@__mapId_0='?' (DbType = Int32)], CommandType='Text', CommandTimeout='30']
SELECT "t"."MapId", "t"."ActiveVersion", "t"."PendingVersion", "t"."State", "t"."UpdatedAt"
FROM "TaskTypeStationActiveBindingSets" AS "t"
WHERE "t"."MapId" = @__mapId_0
LIMIT 2
[16:58:34 INF] Executed DbCommand (0ms) [Parameters=[@__mapId_0='?' (DbType = Int32), @__version_1='?' (DbType = Int64)], CommandType='Text', CommandTimeout='30']
SELECT "t"."MapId", "t"."Version", "t"."CatalogRevision", "t"."ContentSha256", "t"."LoadedAt", "t"."RuleVersion", "t"."SnapshotId", "t"."Source"
FROM "TaskTypeStationBindingSetVersions" AS "t"
WHERE "t"."MapId" = @__mapId_0 AND "t"."Version" = @__version_1
LIMIT 2
[16:58:34 INF] Executed DbCommand (0ms) [Parameters=[@__mapId_0='?' (DbType = Int32), @__version_1='?' (DbType = Int64)], CommandType='Text', CommandTimeout='30']
SELECT "t"."TaskType"
FROM "TaskTypeStationRequirements" AS "t"
WHERE "t"."MapId" = @__mapId_0 AND "t"."Version" = @__version_1
[16:58:34 INF] Executed DbCommand (0ms) [Parameters=[@__mapId_0='?' (DbType = Int32), @__version_1='?' (DbType = Int64)], CommandType='Text', CommandTimeout='30']
SELECT "t"."MapId", "t"."Version", "t"."TaskType", "t"."SiteVerificationRef", "t"."StationName", "t"."StationRiotId"
FROM "TaskTypeStationBindings" AS "t"
WHERE "t"."MapId" = @__mapId_0 AND "t"."Version" = @__version_1
[16:58:34 INF] Executed DbCommand (0ms) [Parameters=[@__version_0='?' (DbType = Int64)], CommandType='Text', CommandTimeout='30']
SELECT "t"."Version", "t"."ContentSha256", "t"."LoadedAt", "t"."SnapshotId", "t"."Source"
FROM "TaskTypeStationRuleVersions" AS "t"
WHERE "t"."Version" = @__version_0
LIMIT 2
[16:58:34 INF] Executed DbCommand (0ms) [Parameters=[@__version_0='?' (DbType = Int64)], CommandType='Text', CommandTimeout='30']
SELECT "t"."Version", "t"."TaskType", "t"."FixedEnd"
FROM "TaskTypeStationRules" AS "t"
WHERE "t"."Version" = @__version_0
[16:58:34 INF] Executed DbCommand (0ms) [Parameters=[], CommandType='Text', CommandTimeout='30']
SELECT "a"."Id", "a"."ContentHash", "a"."DeploymentId", "a"."ImportedAt", "a"."Version"
FROM "AdmissionPolicyState" AS "a"
WHERE "a"."Id" = 1
LIMIT 2
[16:58:34 INF] Executed DbCommand (0ms) [Parameters=[], CommandType='Text', CommandTimeout='30']
SELECT "j"."DemandId", "j"."AgvId", "j"."AgvLifecycleGeneration", "j"."BlockReasonCode", "j"."BlockReasonSince", "j"."ConsumedSafetyResultMessageId", "j"."ConsumedSublotMessageId", "j"."CreatedAt", "j"."DispatchGeneration", "j"."DispatchZone", "j"."ExpectedBasketCount", "j"."GateMovementLegId", "j"."GatePlanMessageId", "j"."GateStationId", "j"."GateStationRiotId", "j"."GateUpperId", "j"."GateVehicleBusinessMessageId", "j"."GateWorklistMessageId", "j"."LoadCommandMessageId", "j"."LoadSlotOperationAttemptId", "j"."MapId", "j"."MapIdentity", "j"."OperationSessionId", "j"."PickupMovementLegId", "j"."PickupStationId", "j"."PickupStationRiotId", "j"."PickupUpperId", "j"."PlanMessageId", "j"."PlanRevision", "j"."PreDepartureSafetyCheckId", "j"."PreDepartureSafetyCheckMessageId", "j"."RouteEvidenceId", "j"."Stage", "j"."StationDepartureWaitStartedAt", "j"."SublotRequestMessageId", "j"."TargetSlotsJson", "j"."UnloadCommandMessageId", "j"."UnloadSlotOperationAttemptId", "j"."UpdatedAt", "j"."VehicleBusinessMessageId", "j"."VehicleBusinessRevision", "j"."VehicleKey", "j"."WorklistMessageId", "j"."WorklistRevision"
FROM "JourneyRuntimes" AS "j"
WHERE "j"."Stage" <> 'Completed'
[16:58:34 INF] Executed DbCommand (0ms) [Parameters=[@__agvId_0='?' (Size = 10)], CommandType='Text', CommandTimeout='30']
SELECT "s"."AgvId", "s"."ActiveUnlockSlotsJson", "s"."CapabilityHash", "s"."CapabilityRevision", "s"."DepartureSafe", "s"."ForcedRecoveryGeneration", "s"."ManifestSha256", "s"."PendingAttemptIdsJson", "s"."PendingResultIdsJson", "s"."ProfileId", "s"."ProtocolCommit", "s"."ProtocolVersion", "s"."ProvenRecoveryCheckpoint", "s"."Readiness", "s"."ReasonCode", "s"."RecoveryReportId", "s"."ReportedForcedRecoveryGeneration", "s"."ReportedSlotConfigurationFingerprint", "s"."SafetyHash", "s"."SafetyReasonCodesJson", "s"."SafetyRevision", "s"."SafetyUnknownPresent", "s"."SessionGeneration", "s"."UnsettledSlotOperationAttemptId", "s"."UpdatedAt"
FROM "SessionRecoveries" AS "s"
WHERE "s"."AgvId" = @__agvId_0 AND "s"."Readiness" = 'Ready'
LIMIT 2
[16:58:35 INF] Start processing HTTP request GET http://127.0.0.1:48408/api/task/v1/task/getVehicleInfo/BROKERX-L2-0001
[16:58:35 INF] Sending HTTP request GET http://127.0.0.1:48408/api/task/v1/task/getVehicleInfo/BROKERX-L2-0001
[16:58:35 INF] Received HTTP response headers after 0.5785ms - 200
[16:58:35 INF] End processing HTTP request after 1.9358ms - 200
[16:58:35 INF] Start processing HTTP request GET http://127.0.0.1:48408/api/order/v1/orderRecord?pageNum=1&pageSize=100&filterByState=1&filterByState=3&filterByState=7&filterByState=9
[16:58:35 INF] Sending HTTP request GET http://127.0.0.1:48408/api/order/v1/orderRecord?pageNum=1&pageSize=100&filterByState=1&filterByState=3&filterByState=7&filterByState=9
[16:58:35 INF] Received HTTP response headers after 0.4875ms - 200
[16:58:35 INF] End processing HTTP request after 1.2559ms - 200
[16:58:35 INF] HTTP GET /api/onboard/v1/vehicle-safety responded 200 in 4.4619 ms
[16:58:35 INF] Start processing HTTP request GET http://127.0.0.1:48408/api/imap/v1/mapInfo/stations/25
[16:58:35 INF] Sending HTTP request GET http://127.0.0.1:48408/api/imap/v1/mapInfo/stations/25
[16:58:35 INF] Received HTTP response headers after 0.6511ms - 200
[16:58:35 INF] End processing HTTP request after 2.1998ms - 200
[16:58:35 INF] Executed DbCommand (0ms) [Parameters=[@__mapId_0='?' (DbType = Int32)], CommandType='Text', CommandTimeout='30']
SELECT "t"."MapId", "t"."ActiveVersion", "t"."PendingVersion", "t"."State", "t"."UpdatedAt"
FROM "TaskTypeStationActiveBindingSets" AS "t"
WHERE "t"."MapId" = @__mapId_0
LIMIT 2
[16:58:35 INF] Executed DbCommand (0ms) [Parameters=[@__mapId_0='?' (DbType = Int32), @__version_1='?' (DbType = Int64)], CommandType='Text', CommandTimeout='30']
SELECT "t"."MapId", "t"."Version", "t"."CatalogRevision", "t"."ContentSha256", "t"."LoadedAt", "t"."RuleVersion", "t"."SnapshotId", "t"."Source"
FROM "TaskTypeStationBindingSetVersions" AS "t"
WHERE "t"."MapId" = @__mapId_0 AND "t"."Version" = @__version_1
LIMIT 2
[16:58:35 INF] Executed DbCommand (0ms) [Parameters=[@__mapId_0='?' (DbType = Int32), @__version_1='?' (DbType = Int64)], CommandType='Text', CommandTimeout='30']
SELECT "t"."TaskType"
FROM "TaskTypeStationRequirements" AS "t"
WHERE "t"."MapId" = @__mapId_0 AND "t"."Version" = @__version_1
[16:58:35 INF] Executed DbCommand (0ms) [Parameters=[@__mapId_0='?' (DbType = Int32), @__version_1='?' (DbType = Int64)], CommandType='Text', CommandTimeout='30']
SELECT "t"."MapId", "t"."Version", "t"."TaskType", "t"."SiteVerificationRef", "t"."StationName", "t"."StationRiotId"
FROM "TaskTypeStationBindings" AS "t"
WHERE "t"."MapId" = @__mapId_0 AND "t"."Version" = @__version_1
[16:58:35 INF] Executed DbCommand (0ms) [Parameters=[@__version_0='?' (DbType = Int64)], CommandType='Text', CommandTimeout='30']
SELECT "t"."Version", "t"."ContentSha256", "t"."LoadedAt", "t"."SnapshotId", "t"."Source"
FROM "TaskTypeStationRuleVersions" AS "t"
WHERE "t"."Version" = @__version_0
LIMIT 2
[16:58:35 INF] Executed DbCommand (0ms) [Parameters=[@__version_0='?' (DbType = Int64)], CommandType='Text', CommandTimeout='30']
SELECT "t"."Version", "t"."TaskType", "t"."FixedEnd"
FROM "TaskTypeStationRules" AS "t"
WHERE "t"."Version" = @__version_0
[16:58:35 INF] Executed DbCommand (0ms) [Parameters=[@__mapId_0='?' (DbType = Int32)], CommandType='Text', CommandTimeout='30']
SELECT "t"."MapId", "t"."ActiveVersion", "t"."PendingVersion", "t"."State", "t"."UpdatedAt"
FROM "TaskTypeStationActiveBindingSets" AS "t"
WHERE "t"."MapId" = @__mapId_0
LIMIT 2
[16:58:35 INF] Executed DbCommand (0ms) [Parameters=[@__mapId_0='?' (DbType = Int32)], CommandType='Text', CommandTimeout='30']
SELECT "t"."HoldId", "t"."DetailJson", "t"."MapId", "t"."RaisedAt", "t"."RaisedBy", "t"."ReasonCode", "t"."ReleasedAt", "t"."ReleasedBy", "t"."Source", "t"."TaskType"
FROM "TaskTypeStationHolds" AS "t"
WHERE "t"."MapId" = @__mapId_0 AND "t"."ReleasedAt" IS NULL
[16:58:35 INF] Executed DbCommand (0ms) [Parameters=[@__mapId_0='?' (DbType = Int32)], CommandType='Text', CommandTimeout='30']
SELECT "m"."MapId", "m"."ApprovedMaxUnconfirmedSeconds", "m"."ApprovedSyncPeriodSeconds", "m"."CatalogRevision", "m"."LastAttemptAt", "m"."LastCompleteConfirmationAt", "m"."LastFailureReason", "m"."State", "m"."UpdatedAt"
FROM "MapStationCatalogStates" AS "m"
WHERE "m"."MapId" = @__mapId_0
LIMIT 2
[16:58:35 INF] Executed DbCommand (0ms) [Parameters=[@p3='?' (DbType = Int32), @p0='?' (DbType = DateTimeOffset), @p1='?' (DbType = DateTimeOffset), @p2='?' (DbType = DateTimeOffset)], CommandType='Text', CommandTimeout='30']
UPDATE "MapStationCatalogStates" SET "LastAttemptAt" = @p0, "LastCompleteConfirmationAt" = @p1, "UpdatedAt" = @p2
WHERE "MapId" = @p3
RETURNING 1;
[16:58:35 INF] Executed DbCommand (0ms) [Parameters=[@__mapId_0='?' (DbType = Int32)], CommandType='Text', CommandTimeout='30']
SELECT "t"."MapId", "t"."ActiveVersion", "t"."PendingVersion", "t"."State", "t"."UpdatedAt"
FROM "TaskTypeStationActiveBindingSets" AS "t"
WHERE "t"."MapId" = @__mapId_0
LIMIT 2
[16:58:35 INF] Executed DbCommand (0ms) [Parameters=[@__mapId_0='?' (DbType = Int32), @__version_1='?' (DbType = Int64)], CommandType='Text', CommandTimeout='30']
SELECT "t"."MapId", "t"."Version", "t"."CatalogRevision", "t"."ContentSha256", "t"."LoadedAt", "t"."RuleVersion", "t"."SnapshotId", "t"."Source"
FROM "TaskTypeStationBindingSetVersions" AS "t"
WHERE "t"."MapId" = @__mapId_0 AND "t"."Version" = @__version_1
LIMIT 2
[16:58:35 INF] Executed DbCommand (0ms) [Parameters=[@__mapId_0='?' (DbType = Int32), @__version_1='?' (DbType = Int64)], CommandType='Text', CommandTimeout='30']
SELECT "t"."TaskType"
FROM "TaskTypeStationRequirements" AS "t"
WHERE "t"."MapId" = @__mapId_0 AND "t"."Version" = @__version_1
[16:58:35 INF] Executed DbCommand (0ms) [Parameters=[@__mapId_0='?' (DbType = Int32), @__version_1='?' (DbType = Int64)], CommandType='Text', CommandTimeout='30']
SELECT "t"."MapId", "t"."Version", "t"."TaskType", "t"."SiteVerificationRef", "t"."StationName", "t"."StationRiotId"
FROM "TaskTypeStationBindings" AS "t"
WHERE "t"."MapId" = @__mapId_0 AND "t"."Version" = @__version_1
[16:58:35 INF] Executed DbCommand (0ms) [Parameters=[@__version_0='?' (DbType = Int64)], CommandType='Text', CommandTimeout='30']
SELECT "t"."Version", "t"."ContentSha256", "t"."LoadedAt", "t"."SnapshotId", "t"."Source"
FROM "TaskTypeStationRuleVersions" AS "t"
WHERE "t"."Version" = @__version_0
LIMIT 2
[16:58:35 INF] Executed DbCommand (0ms) [Parameters=[@__version_0='?' (DbType = Int64)], CommandType='Text', CommandTimeout='30']
SELECT "t"."Version", "t"."TaskType", "t"."FixedEnd"
FROM "TaskTypeStationRules" AS "t"
WHERE "t"."Version" = @__version_0
[16:58:35 INF] Executed DbCommand (0ms) [Parameters=[], CommandType='Text', CommandTimeout='30']
SELECT "a"."Id", "a"."ContentHash", "a"."DeploymentId", "a"."ImportedAt", "a"."Version"
FROM "AdmissionPolicyState" AS "a"
WHERE "a"."Id" = 1
LIMIT 2
[16:58:35 INF] Executed DbCommand (0ms) [Parameters=[], CommandType='Text', CommandTimeout='30']
SELECT "j"."DemandId", "j"."AgvId", "j"."AgvLifecycleGeneration", "j"."BlockReasonCode", "j"."BlockReasonSince", "j"."ConsumedSafetyResultMessageId", "j"."ConsumedSublotMessageId", "j"."CreatedAt", "j"."DispatchGeneration", "j"."DispatchZone", "j"."ExpectedBasketCount", "j"."GateMovementLegId", "j"."GatePlanMessageId", "j"."GateStationId", "j"."GateStationRiotId", "j"."GateUpperId", "j"."GateVehicleBusinessMessageId", "j"."GateWorklistMessageId", "j"."LoadCommandMessageId", "j"."LoadSlotOperationAttemptId", "j"."MapId", "j"."MapIdentity", "j"."OperationSessionId", "j"."PickupMovementLegId", "j"."PickupStationId", "j"."PickupStationRiotId", "j"."PickupUpperId", "j"."PlanMessageId", "j"."PlanRevision", "j"."PreDepartureSafetyCheckId", "j"."PreDepartureSafetyCheckMessageId", "j"."RouteEvidenceId", "j"."Stage", "j"."StationDepartureWaitStartedAt", "j"."SublotRequestMessageId", "j"."TargetSlotsJson", "j"."UnloadCommandMessageId", "j"."UnloadSlotOperationAttemptId", "j"."UpdatedAt", "j"."VehicleBusinessMessageId", "j"."VehicleBusinessRevision", "j"."VehicleKey", "j"."WorklistMessageId", "j"."WorklistRevision"
FROM "JourneyRuntimes" AS "j"
WHERE "j"."Stage" <> 'Completed'
[16:58:35 INF] Executed DbCommand (0ms) [Parameters=[@__agvId_0='?' (Size = 10)], CommandType='Text', CommandTimeout='30']
SELECT "s"."AgvId", "s"."ActiveUnlockSlotsJson", "s"."CapabilityHash", "s"."CapabilityRevision", "s"."DepartureSafe", "s"."ForcedRecoveryGeneration", "s"."ManifestSha256", "s"."PendingAttemptIdsJson", "s"."PendingResultIdsJson", "s"."ProfileId", "s"."ProtocolCommit", "s"."ProtocolVersion", "s"."ProvenRecoveryCheckpoint", "s"."Readiness", "s"."ReasonCode", "s"."RecoveryReportId", "s"."ReportedForcedRecoveryGeneration", "s"."ReportedSlotConfigurationFingerprint", "s"."SafetyHash", "s"."SafetyReasonCodesJson", "s"."SafetyRevision", "s"."SafetyUnknownPresent", "s"."SessionGeneration", "s"."UnsettledSlotOperationAttemptId", "s"."UpdatedAt"
FROM "SessionRecoveries" AS "s"
WHERE "s"."AgvId" = @__agvId_0 AND "s"."Readiness" = 'Ready'
LIMIT 2
[16:58:36 INF] Executed DbCommand (0ms) [Parameters=[@__messageId_0='?' (Size = 36)], CommandType='Text', CommandTimeout='30']
SELECT "p"."MessageId", "p"."ContentHash", "p"."FirstResponseJson", "p"."MessageType", "p"."ReceivedAt", "p"."RequestJson"
FROM "ProtocolInbox" AS "p"
WHERE "p"."MessageId" = @__messageId_0
LIMIT 2
[16:58:36 INF] Executed DbCommand (0ms) [Parameters=[@__agvId_0='?' (Size = 10)], CommandType='Text', CommandTimeout='30']
SELECT "s"."AgvId", "s"."ActiveUnlockSlotsJson", "s"."CapabilityHash", "s"."CapabilityRevision", "s"."DepartureSafe", "s"."ForcedRecoveryGeneration", "s"."ManifestSha256", "s"."PendingAttemptIdsJson", "s"."PendingResultIdsJson", "s"."ProfileId", "s"."ProtocolCommit", "s"."ProtocolVersion", "s"."ProvenRecoveryCheckpoint", "s"."Readiness", "s"."ReasonCode", "s"."RecoveryReportId", "s"."ReportedForcedRecoveryGeneration", "s"."ReportedSlotConfigurationFingerprint", "s"."SafetyHash", "s"."SafetyReasonCodesJson", "s"."SafetyRevision", "s"."SafetyUnknownPresent", "s"."SessionGeneration", "s"."UnsettledSlotOperationAttemptId", "s"."UpdatedAt"
FROM "SessionRecoveries" AS "s"
WHERE "s"."AgvId" = @__agvId_0
LIMIT 2
[16:58:36 INF] Executed DbCommand (0ms) [Parameters=[@p6='?' (Size = 10), @p0='?' (DbType = Boolean), @p1='?' (Size = 20), @p2='?' (Size = 64), @p3='?' (Size = 2), @p4='?' (DbType = Int64), @p5='?' (DbType = DateTimeOffset)], CommandType='Text', CommandTimeout='30']
UPDATE "SessionRecoveries" SET "DepartureSafe" = @p0, "ReasonCode" = @p1, "SafetyHash" = @p2, "SafetyReasonCodesJson" = @p3, "SafetyRevision" = @p4, "UpdatedAt" = @p5
WHERE "AgvId" = @p6
RETURNING 1;
[16:58:36 INF] Executed DbCommand (0ms) [Parameters=[@__agvId_0='?' (Size = 10)], CommandType='Text', CommandTimeout='30']
SELECT "s"."AgvId", "s"."ActiveUnlockSlotsJson", "s"."CapabilityHash", "s"."CapabilityRevision", "s"."DepartureSafe", "s"."ForcedRecoveryGeneration", "s"."ManifestSha256", "s"."PendingAttemptIdsJson", "s"."PendingResultIdsJson", "s"."ProfileId", "s"."ProtocolCommit", "s"."ProtocolVersion", "s"."ProvenRecoveryCheckpoint", "s"."Readiness", "s"."ReasonCode", "s"."RecoveryReportId", "s"."ReportedForcedRecoveryGeneration", "s"."ReportedSlotConfigurationFingerprint", "s"."SafetyHash", "s"."SafetyReasonCodesJson", "s"."SafetyRevision", "s"."SafetyUnknownPresent", "s"."SessionGeneration", "s"."UnsettledSlotOperationAttemptId", "s"."UpdatedAt"
FROM "SessionRecoveries" AS "s"
WHERE "s"."AgvId" = @__agvId_0
LIMIT 2
[16:58:36 INF] Executed DbCommand (0ms) [Parameters=[@__agvId_0='?' (Size = 10)], CommandType='Text', CommandTimeout='30']
SELECT EXISTS (
    SELECT 1
    FROM "StationOperations" AS "s"
    INNER JOIN "JourneyRuntimes" AS "j" ON "s"."DemandId" = "j"."DemandId"
    WHERE "j"."AgvId" = @__agvId_0 AND "s"."Status" = 'RecoveryRequired')
[16:58:36 INF] Executed DbCommand (0ms) [Parameters=[@__agvId_0='?' (Size = 10)], CommandType='Text', CommandTimeout='30']
SELECT EXISTS (
    SELECT 1
    FROM "RecoveryWorkflows" AS "r"
    WHERE "r"."AgvId" = @__agvId_0 AND "r"."WorkflowType" = 'FORCED_MECHANICAL_RECOVERY' AND "r"."State" <> 'HistoricalOnly' AND NOT EXISTS (
        SELECT 1
        FROM "HardwareRecoveryRecords" AS "h"
        WHERE "h"."RecoveryActionId" = "r"."WorkflowId"))
[16:58:36 INF] Executed DbCommand (0ms) [Parameters=[@__agvId_0='?' (Size = 10)], CommandType='Text', CommandTimeout='30']
SELECT "a"."AgvId", "a"."ActivatedAt", "a"."ActivationId", "a"."ConfigurationVersion", "a"."Fingerprint", "a"."SlotModelVersionId", "a"."SnapshotId"
FROM "ActiveSlotConfigurations" AS "a"
WHERE "a"."AgvId" = @__agvId_0
LIMIT 1
[16:58:36 INF] Executed DbCommand (0ms) [Parameters=[@p2='?' (Size = 10), @p0='?' (Size = 36), @p1='?' (DbType = DateTimeOffset)], CommandType='Text', CommandTimeout='30']
UPDATE "SessionRecoveries" SET "ReasonCode" = @p0, "UpdatedAt" = @p1
WHERE "AgvId" = @p2
RETURNING 1;
[16:58:36 INF] Executed DbCommand (0ms) [Parameters=[@__agvId_0='?' (Size = 10)], CommandType='Text', CommandTimeout='30']
SELECT "o"."AlarmsJson"
FROM "OnboardAlarmSnapshots" AS "o"
WHERE "o"."AgvId" = @__agvId_0
LIMIT 1
[16:58:36 INF] Executed DbCommand (0ms) [Parameters=[@p0='?' (Size = 36), @p1='?' (Size = 64), @p2='?' (Size = 1274), @p3='?' (Size = 18), @p4='?' (DbType = DateTimeOffset), @p5='?' (Size = 653)], CommandType='Text', CommandTimeout='30']
INSERT INTO "ProtocolInbox" ("MessageId", "ContentHash", "FirstResponseJson", "MessageType", "ReceivedAt", "RequestJson")
VALUES (@p0, @p1, @p2, @p3, @p4, @p5);
[16:58:36 INF] Start processing HTTP request GET http://127.0.0.1:48408/api/task/v1/task/getVehicleInfo/BROKERX-L2-0001
[16:58:36 INF] Sending HTTP request GET http://127.0.0.1:48408/api/task/v1/task/getVehicleInfo/BROKERX-L2-0001
[16:58:36 INF] Received HTTP response headers after 2.5355ms - 200
[16:58:36 INF] End processing HTTP request after 4.2529ms - 200
[16:58:36 INF] Start processing HTTP request GET http://127.0.0.1:48408/api/order/v1/orderRecord?pageNum=1&pageSize=100&filterByState=1&filterByState=3&filterByState=7&filterByState=9
[16:58:36 INF] Sending HTTP request GET http://127.0.0.1:48408/api/order/v1/orderRecord?pageNum=1&pageSize=100&filterByState=1&filterByState=3&filterByState=7&filterByState=9
[16:58:36 INF] Received HTTP response headers after 1.8711ms - 200
[16:58:36 INF] End processing HTTP request after 2.8022ms - 200
[16:58:36 INF] HTTP GET /api/onboard/v1/vehicle-safety responded 200 in 8.4032 ms
[16:58:36 INF] Start processing HTTP request GET http://127.0.0.1:48408/api/imap/v1/mapInfo/stations/25
[16:58:36 INF] Sending HTTP request GET http://127.0.0.1:48408/api/imap/v1/mapInfo/stations/25
[16:58:36 INF] Received HTTP response headers after 18.4589ms - 200
[16:58:36 INF] End processing HTTP request after 20.549ms - 200
[16:58:36 INF] Executed DbCommand (0ms) [Parameters=[@__mapId_0='?' (DbType = Int32)], CommandType='Text', CommandTimeout='30']
SELECT "t"."MapId", "t"."ActiveVersion", "t"."PendingVersion", "t"."State", "t"."UpdatedAt"
FROM "TaskTypeStationActiveBindingSets" AS "t"
WHERE "t"."MapId" = @__mapId_0
LIMIT 2
[16:58:36 INF] Executed DbCommand (0ms) [Parameters=[@__mapId_0='?' (DbType = Int32), @__version_1='?' (DbType = Int64)], CommandType='Text', CommandTimeout='30']
SELECT "t"."MapId", "t"."Version", "t"."CatalogRevision", "t"."ContentSha256", "t"."LoadedAt", "t"."RuleVersion", "t"."SnapshotId", "t"."Source"
FROM "TaskTypeStationBindingSetVersions" AS "t"
WHERE "t"."MapId" = @__mapId_0 AND "t"."Version" = @__version_1
LIMIT 2
[16:58:36 INF] Executed DbCommand (0ms) [Parameters=[@__mapId_0='?' (DbType = Int32), @__version_1='?' (DbType = Int64)], CommandType='Text', CommandTimeout='30']
SELECT "t"."TaskType"
FROM "TaskTypeStationRequirements" AS "t"
WHERE "t"."MapId" = @__mapId_0 AND "t"."Version" = @__version_1
[16:58:36 INF] Executed DbCommand (0ms) [Parameters=[@__mapId_0='?' (DbType = Int32), @__version_1='?' (DbType = Int64)], CommandType='Text', CommandTimeout='30']
SELECT "t"."MapId", "t"."Version", "t"."TaskType", "t"."SiteVerificationRef", "t"."StationName", "t"."StationRiotId"
FROM "TaskTypeStationBindings" AS "t"
WHERE "t"."MapId" = @__mapId_0 AND "t"."Version" = @__version_1
[16:58:36 INF] Executed DbCommand (0ms) [Parameters=[@__version_0='?' (DbType = Int64)], CommandType='Text', CommandTimeout='30']
SELECT "t"."Version", "t"."ContentSha256", "t"."LoadedAt", "t"."SnapshotId", "t"."Source"
FROM "TaskTypeStationRuleVersions" AS "t"
WHERE "t"."Version" = @__version_0
LIMIT 2
[16:58:36 INF] Executed DbCommand (0ms) [Parameters=[@__version_0='?' (DbType = Int64)], CommandType='Text', CommandTimeout='30']
SELECT "t"."Version", "t"."TaskType", "t"."FixedEnd"
FROM "TaskTypeStationRules" AS "t"
WHERE "t"."Version" = @__version_0
[16:58:36 INF] Executed DbCommand (0ms) [Parameters=[@__mapId_0='?' (DbType = Int32)], CommandType='Text', CommandTimeout='30']
SELECT "t"."MapId", "t"."ActiveVersion", "t"."PendingVersion", "t"."State", "t"."UpdatedAt"
FROM "TaskTypeStationActiveBindingSets" AS "t"
WHERE "t"."MapId" = @__mapId_0
LIMIT 2
[16:58:36 INF] Executed DbCommand (0ms) [Parameters=[@__mapId_0='?' (DbType = Int32)], CommandType='Text', CommandTimeout='30']
SELECT "t"."HoldId", "t"."DetailJson", "t"."MapId", "t"."RaisedAt", "t"."RaisedBy", "t"."ReasonCode", "t"."ReleasedAt", "t"."ReleasedBy", "t"."Source", "t"."TaskType"
FROM "TaskTypeStationHolds" AS "t"
WHERE "t"."MapId" = @__mapId_0 AND "t"."ReleasedAt" IS NULL
[16:58:36 INF] Executed DbCommand (0ms) [Parameters=[@__mapId_0='?' (DbType = Int32)], CommandType='Text', CommandTimeout='30']
SELECT "m"."MapId", "m"."ApprovedMaxUnconfirmedSeconds", "m"."ApprovedSyncPeriodSeconds", "m"."CatalogRevision", "m"."LastAttemptAt", "m"."LastCompleteConfirmationAt", "m"."LastFailureReason", "m"."State", "m"."UpdatedAt"
FROM "MapStationCatalogStates" AS "m"
WHERE "m"."MapId" = @__mapId_0
LIMIT 2
[16:58:36 INF] Executed DbCommand (0ms) [Parameters=[@p3='?' (DbType = Int32), @p0='?' (DbType = DateTimeOffset), @p1='?' (DbType = DateTimeOffset), @p2='?' (DbType = DateTimeOffset)], CommandType='Text', CommandTimeout='30']
UPDATE "MapStationCatalogStates" SET "LastAttemptAt" = @p0, "LastCompleteConfirmationAt" = @p1, "UpdatedAt" = @p2
WHERE "MapId" = @p3
RETURNING 1;
[16:58:36 INF] Executed DbCommand (0ms) [Parameters=[@__mapId_0='?' (DbType = Int32)], CommandType='Text', CommandTimeout='30']
SELECT "t"."MapId", "t"."ActiveVersion", "t"."PendingVersion", "t"."State", "t"."UpdatedAt"
FROM "TaskTypeStationActiveBindingSets" AS "t"
WHERE "t"."MapId" = @__mapId_0
LIMIT 2
[16:58:36 INF] Executed DbCommand (0ms) [Parameters=[@__mapId_0='?' (DbType = Int32), @__version_1='?' (DbType = Int64)], CommandType='Text', CommandTimeout='30']
SELECT "t"."MapId", "t"."Version", "t"."CatalogRevision", "t"."ContentSha256", "t"."LoadedAt", "t"."RuleVersion", "t"."SnapshotId", "t"."Source"
FROM "TaskTypeStationBindingSetVersions" AS "t"
WHERE "t"."MapId" = @__mapId_0 AND "t"."Version" = @__version_1
LIMIT 2
[16:58:36 INF] Executed DbCommand (0ms) [Parameters=[@__mapId_0='?' (DbType = Int32), @__version_1='?' (DbType = Int64)], CommandType='Text', CommandTimeout='30']
SELECT "t"."TaskType"
FROM "TaskTypeStationRequirements" AS "t"
WHERE "t"."MapId" = @__mapId_0 AND "t"."Version" = @__version_1
[16:58:36 INF] Executed DbCommand (0ms) [Parameters=[@__mapId_0='?' (DbType = Int32), @__version_1='?' (DbType = Int64)], CommandType='Text', CommandTimeout='30']
SELECT "t"."MapId", "t"."Version", "t"."TaskType", "t"."SiteVerificationRef", "t"."StationName", "t"."StationRiotId"
FROM "TaskTypeStationBindings" AS "t"
WHERE "t"."MapId" = @__mapId_0 AND "t"."Version" = @__version_1
[16:58:36 INF] Executed DbCommand (0ms) [Parameters=[@__version_0='?' (DbType = Int64)], CommandType='Text', CommandTimeout='30']
SELECT "t"."Version", "t"."ContentSha256", "t"."LoadedAt", "t"."SnapshotId", "t"."Source"
FROM "TaskTypeStationRuleVersions" AS "t"
WHERE "t"."Version" = @__version_0
LIMIT 2
[16:58:36 INF] Executed DbCommand (0ms) [Parameters=[@__version_0='?' (DbType = Int64)], CommandType='Text', CommandTimeout='30']
SELECT "t"."Version", "t"."TaskType", "t"."FixedEnd"
FROM "TaskTypeStationRules" AS "t"
WHERE "t"."Version" = @__version_0
[16:58:36 INF] Executed DbCommand (0ms) [Parameters=[], CommandType='Text', CommandTimeout='30']
SELECT "a"."Id", "a"."ContentHash", "a"."DeploymentId", "a"."ImportedAt", "a"."Version"
FROM "AdmissionPolicyState" AS "a"
WHERE "a"."Id" = 1
LIMIT 2
[16:58:36 INF] Executed DbCommand (0ms) [Parameters=[], CommandType='Text', CommandTimeout='30']
SELECT "j"."DemandId", "j"."AgvId", "j"."AgvLifecycleGeneration", "j"."BlockReasonCode", "j"."BlockReasonSince", "j"."ConsumedSafetyResultMessageId", "j"."ConsumedSublotMessageId", "j"."CreatedAt", "j"."DispatchGeneration", "j"."DispatchZone", "j"."ExpectedBasketCount", "j"."GateMovementLegId", "j"."GatePlanMessageId", "j"."GateStationId", "j"."GateStationRiotId", "j"."GateUpperId", "j"."GateVehicleBusinessMessageId", "j"."GateWorklistMessageId", "j"."LoadCommandMessageId", "j"."LoadSlotOperationAttemptId", "j"."MapId", "j"."MapIdentity", "j"."OperationSessionId", "j"."PickupMovementLegId", "j"."PickupStationId", "j"."PickupStationRiotId", "j"."PickupUpperId", "j"."PlanMessageId", "j"."PlanRevision", "j"."PreDepartureSafetyCheckId", "j"."PreDepartureSafetyCheckMessageId", "j"."RouteEvidenceId", "j"."Stage", "j"."StationDepartureWaitStartedAt", "j"."SublotRequestMessageId", "j"."TargetSlotsJson", "j"."UnloadCommandMessageId", "j"."UnloadSlotOperationAttemptId", "j"."UpdatedAt", "j"."VehicleBusinessMessageId", "j"."VehicleBusinessRevision", "j"."VehicleKey", "j"."WorklistMessageId", "j"."WorklistRevision"
FROM "JourneyRuntimes" AS "j"
WHERE "j"."Stage" <> 'Completed'
[16:58:36 INF] Executed DbCommand (0ms) [Parameters=[@__agvId_0='?' (Size = 10)], CommandType='Text', CommandTimeout='30']
SELECT "s"."AgvId", "s"."ActiveUnlockSlotsJson", "s"."CapabilityHash", "s"."CapabilityRevision", "s"."DepartureSafe", "s"."ForcedRecoveryGeneration", "s"."ManifestSha256", "s"."PendingAttemptIdsJson", "s"."PendingResultIdsJson", "s"."ProfileId", "s"."ProtocolCommit", "s"."ProtocolVersion", "s"."ProvenRecoveryCheckpoint", "s"."Readiness", "s"."ReasonCode", "s"."RecoveryReportId", "s"."ReportedForcedRecoveryGeneration", "s"."ReportedSlotConfigurationFingerprint", "s"."SafetyHash", "s"."SafetyReasonCodesJson", "s"."SafetyRevision", "s"."SafetyUnknownPresent", "s"."SessionGeneration", "s"."UnsettledSlotOperationAttemptId", "s"."UpdatedAt"
FROM "SessionRecoveries" AS "s"
WHERE "s"."AgvId" = @__agvId_0 AND "s"."Readiness" = 'Ready'
LIMIT 2
[16:58:37 INF] Start processing HTTP request GET http://127.0.0.1:48408/api/task/v1/task/getVehicleInfo/BROKERX-L2-0001
[16:58:37 INF] Sending HTTP request GET http://127.0.0.1:48408/api/task/v1/task/getVehicleInfo/BROKERX-L2-0001
[16:58:37 INF] Received HTTP response headers after 2.599ms - 200
[16:58:37 INF] End processing HTTP request after 4.5043ms - 200
[16:58:37 INF] Start processing HTTP request GET http://127.0.0.1:48408/api/order/v1/orderRecord?pageNum=1&pageSize=100&filterByState=1&filterByState=3&filterByState=7&filterByState=9
[16:58:37 INF] Sending HTTP request GET http://127.0.0.1:48408/api/order/v1/orderRecord?pageNum=1&pageSize=100&filterByState=1&filterByState=3&filterByState=7&filterByState=9
[16:58:37 INF] Received HTTP response headers after 4.2156ms - 200
[16:58:37 INF] End processing HTTP request after 5.5248ms - 200
[16:58:37 INF] HTTP GET /api/onboard/v1/vehicle-safety responded 200 in 11.7565 ms
[16:58:37 INF] Start processing HTTP request GET http://127.0.0.1:48408/api/imap/v1/mapInfo/stations/25
[16:58:37 INF] Sending HTTP request GET http://127.0.0.1:48408/api/imap/v1/mapInfo/stations/25
[16:58:37 INF] Received HTTP response headers after 12.3066ms - 200
[16:58:37 INF] End processing HTTP request after 14.5016ms - 200
[16:58:37 INF] Executed DbCommand (0ms) [Parameters=[@__mapId_0='?' (DbType = Int32)], CommandType='Text', CommandTimeout='30']
SELECT "t"."MapId", "t"."ActiveVersion", "t"."PendingVersion", "t"."State", "t"."UpdatedAt"
FROM "TaskTypeStationActiveBindingSets" AS "t"
WHERE "t"."MapId" = @__mapId_0
LIMIT 2
[16:58:37 INF] Executed DbCommand (0ms) [Parameters=[@__mapId_0='?' (DbType = Int32), @__version_1='?' (DbType = Int64)], CommandType='Text', CommandTimeout='30']
SELECT "t"."MapId", "t"."Version", "t"."CatalogRevision", "t"."ContentSha256", "t"."LoadedAt", "t"."RuleVersion", "t"."SnapshotId", "t"."Source"
FROM "TaskTypeStationBindingSetVersions" AS "t"
WHERE "t"."MapId" = @__mapId_0 AND "t"."Version" = @__version_1
LIMIT 2
[16:58:37 INF] Executed DbCommand (0ms) [Parameters=[@__mapId_0='?' (DbType = Int32), @__version_1='?' (DbType = Int64)], CommandType='Text', CommandTimeout='30']
SELECT "t"."TaskType"
FROM "TaskTypeStationRequirements" AS "t"
WHERE "t"."MapId" = @__mapId_0 AND "t"."Version" = @__version_1
[16:58:37 INF] Executed DbCommand (0ms) [Parameters=[@__mapId_0='?' (DbType = Int32), @__version_1='?' (DbType = Int64)], CommandType='Text', CommandTimeout='30']
SELECT "t"."MapId", "t"."Version", "t"."TaskType", "t"."SiteVerificationRef", "t"."StationName", "t"."StationRiotId"
FROM "TaskTypeStationBindings" AS "t"
WHERE "t"."MapId" = @__mapId_0 AND "t"."Version" = @__version_1
[16:58:37 INF] Executed DbCommand (0ms) [Parameters=[@__version_0='?' (DbType = Int64)], CommandType='Text', CommandTimeout='30']
SELECT "t"."Version", "t"."ContentSha256", "t"."LoadedAt", "t"."SnapshotId", "t"."Source"
FROM "TaskTypeStationRuleVersions" AS "t"
WHERE "t"."Version" = @__version_0
LIMIT 2
[16:58:37 INF] Executed DbCommand (0ms) [Parameters=[@__version_0='?' (DbType = Int64)], CommandType='Text', CommandTimeout='30']
SELECT "t"."Version", "t"."TaskType", "t"."FixedEnd"
FROM "TaskTypeStationRules" AS "t"
WHERE "t"."Version" = @__version_0
[16:58:37 INF] Executed DbCommand (0ms) [Parameters=[@__mapId_0='?' (DbType = Int32)], CommandType='Text', CommandTimeout='30']
SELECT "t"."MapId", "t"."ActiveVersion", "t"."PendingVersion", "t"."State", "t"."UpdatedAt"
FROM "TaskTypeStationActiveBindingSets" AS "t"
WHERE "t"."MapId" = @__mapId_0
LIMIT 2
[16:58:37 INF] Executed DbCommand (0ms) [Parameters=[@__mapId_0='?' (DbType = Int32)], CommandType='Text', CommandTimeout='30']
SELECT "t"."HoldId", "t"."DetailJson", "t"."MapId", "t"."RaisedAt", "t"."RaisedBy", "t"."ReasonCode", "t"."ReleasedAt", "t"."ReleasedBy", "t"."Source", "t"."TaskType"
FROM "TaskTypeStationHolds" AS "t"
WHERE "t"."MapId" = @__mapId_0 AND "t"."ReleasedAt" IS NULL
[16:58:37 INF] Executed DbCommand (0ms) [Parameters=[@__mapId_0='?' (DbType = Int32)], CommandType='Text', CommandTimeout='30']
SELECT "m"."MapId", "m"."ApprovedMaxUnconfirmedSeconds", "m"."ApprovedSyncPeriodSeconds", "m"."CatalogRevision", "m"."LastAttemptAt", "m"."LastCompleteConfirmationAt", "m"."LastFailureReason", "m"."State", "m"."UpdatedAt"
FROM "MapStationCatalogStates" AS "m"
WHERE "m"."MapId" = @__mapId_0
LIMIT 2
[16:58:37 INF] Executed DbCommand (0ms) [Parameters=[@p3='?' (DbType = Int32), @p0='?' (DbType = DateTimeOffset), @p1='?' (DbType = DateTimeOffset), @p2='?' (DbType = DateTimeOffset)], CommandType='Text', CommandTimeout='30']
UPDATE "MapStationCatalogStates" SET "LastAttemptAt" = @p0, "LastCompleteConfirmationAt" = @p1, "UpdatedAt" = @p2
WHERE "MapId" = @p3
RETURNING 1;
[16:58:37 INF] Executed DbCommand (0ms) [Parameters=[@__mapId_0='?' (DbType = Int32)], CommandType='Text', CommandTimeout='30']
SELECT "t"."MapId", "t"."ActiveVersion", "t"."PendingVersion", "t"."State", "t"."UpdatedAt"
FROM "TaskTypeStationActiveBindingSets" AS "t"
WHERE "t"."MapId" = @__mapId_0
LIMIT 2
[16:58:37 INF] Executed DbCommand (0ms) [Parameters=[@__mapId_0='?' (DbType = Int32), @__version_1='?' (DbType = Int64)], CommandType='Text', CommandTimeout='30']
SELECT "t"."MapId", "t"."Version", "t"."CatalogRevision", "t"."ContentSha256", "t"."LoadedAt", "t"."RuleVersion", "t"."SnapshotId", "t"."Source"
FROM "TaskTypeStationBindingSetVersions" AS "t"
WHERE "t"."MapId" = @__mapId_0 AND "t"."Version" = @__version_1
LIMIT 2
[16:58:37 INF] Executed DbCommand (0ms) [Parameters=[@__mapId_0='?' (DbType = Int32), @__version_1='?' (DbType = Int64)], CommandType='Text', CommandTimeout='30']
SELECT "t"."TaskType"
FROM "TaskTypeStationRequirements" AS "t"
WHERE "t"."MapId" = @__mapId_0 AND "t"."Version" = @__version_1
[16:58:37 INF] Executed DbCommand (0ms) [Parameters=[@__mapId_0='?' (DbType = Int32), @__version_1='?' (DbType = Int64)], CommandType='Text', CommandTimeout='30']
SELECT "t"."MapId", "t"."Version", "t"."TaskType", "t"."SiteVerificationRef", "t"."StationName", "t"."StationRiotId"
FROM "TaskTypeStationBindings" AS "t"
WHERE "t"."MapId" = @__mapId_0 AND "t"."Version" = @__version_1
[16:58:37 INF] Executed DbCommand (0ms) [Parameters=[@__version_0='?' (DbType = Int64)], CommandType='Text', CommandTimeout='30']
SELECT "t"."Version", "t"."ContentSha256", "t"."LoadedAt", "t"."SnapshotId", "t"."Source"
FROM "TaskTypeStationRuleVersions" AS "t"
WHERE "t"."Version" = @__version_0
LIMIT 2
[16:58:37 INF] Executed DbCommand (0ms) [Parameters=[@__version_0='?' (DbType = Int64)], CommandType='Text', CommandTimeout='30']
SELECT "t"."Version", "t"."TaskType", "t"."FixedEnd"
FROM "TaskTypeStationRules" AS "t"
WHERE "t"."Version" = @__version_0
[16:58:37 INF] Executed DbCommand (0ms) [Parameters=[], CommandType='Text', CommandTimeout='30']
SELECT "a"."Id", "a"."ContentHash", "a"."DeploymentId", "a"."ImportedAt", "a"."Version"
FROM "AdmissionPolicyState" AS "a"
WHERE "a"."Id" = 1
LIMIT 2
[16:58:37 INF] Executed DbCommand (0ms) [Parameters=[], CommandType='Text', CommandTimeout='30']
SELECT "j"."DemandId", "j"."AgvId", "j"."AgvLifecycleGeneration", "j"."BlockReasonCode", "j"."BlockReasonSince", "j"."ConsumedSafetyResultMessageId", "j"."ConsumedSublotMessageId", "j"."CreatedAt", "j"."DispatchGeneration", "j"."DispatchZone", "j"."ExpectedBasketCount", "j"."GateMovementLegId", "j"."GatePlanMessageId", "j"."GateStationId", "j"."GateStationRiotId", "j"."GateUpperId", "j"."GateVehicleBusinessMessageId", "j"."GateWorklistMessageId", "j"."LoadCommandMessageId", "j"."LoadSlotOperationAttemptId", "j"."MapId", "j"."MapIdentity", "j"."OperationSessionId", "j"."PickupMovementLegId", "j"."PickupStationId", "j"."PickupStationRiotId", "j"."PickupUpperId", "j"."PlanMessageId", "j"."PlanRevision", "j"."PreDepartureSafetyCheckId", "j"."PreDepartureSafetyCheckMessageId", "j"."RouteEvidenceId", "j"."Stage", "j"."StationDepartureWaitStartedAt", "j"."SublotRequestMessageId", "j"."TargetSlotsJson", "j"."UnloadCommandMessageId", "j"."UnloadSlotOperationAttemptId", "j"."UpdatedAt", "j"."VehicleBusinessMessageId", "j"."VehicleBusinessRevision", "j"."VehicleKey", "j"."WorklistMessageId", "j"."WorklistRevision"
FROM "JourneyRuntimes" AS "j"
WHERE "j"."Stage" <> 'Completed'
[16:58:37 INF] Executed DbCommand (0ms) [Parameters=[@__agvId_0='?' (Size = 10)], CommandType='Text', CommandTimeout='30']
SELECT "s"."AgvId", "s"."ActiveUnlockSlotsJson", "s"."CapabilityHash", "s"."CapabilityRevision", "s"."DepartureSafe", "s"."ForcedRecoveryGeneration", "s"."ManifestSha256", "s"."PendingAttemptIdsJson", "s"."PendingResultIdsJson", "s"."ProfileId", "s"."ProtocolCommit", "s"."ProtocolVersion", "s"."ProvenRecoveryCheckpoint", "s"."Readiness", "s"."ReasonCode", "s"."RecoveryReportId", "s"."ReportedForcedRecoveryGeneration", "s"."ReportedSlotConfigurationFingerprint", "s"."SafetyHash", "s"."SafetyReasonCodesJson", "s"."SafetyRevision", "s"."SafetyUnknownPresent", "s"."SessionGeneration", "s"."UnsettledSlotOperationAttemptId", "s"."UpdatedAt"
FROM "SessionRecoveries" AS "s"
WHERE "s"."AgvId" = @__agvId_0 AND "s"."Readiness" = 'Ready'
LIMIT 2
[16:58:38 INF] Executed DbCommand (0ms) [Parameters=[@__messageId_0='?' (Size = 36)], CommandType='Text', CommandTimeout='30']
SELECT "p"."MessageId", "p"."ContentHash", "p"."FirstResponseJson", "p"."MessageType", "p"."ReceivedAt", "p"."RequestJson"
FROM "ProtocolInbox" AS "p"
WHERE "p"."MessageId" = @__messageId_0
LIMIT 2
[16:58:38 INF] Executed DbCommand (0ms) [Parameters=[@__requestId_0='?' (Size = 36)], CommandType='Text', CommandTimeout='30']
SELECT "e"."ExceptionRecoverySessionId", "e"."AdministratorId", "e"."AdministratorRole", "e"."AgvId", "e"."DemandId", "e"."EventId", "e"."ForcedRecoveryGeneration", "e"."OpenedAt", "e"."Reason", "e"."RequestContentHash", "e"."RequestId", "e"."Revision", "e"."SelectedAction", "e"."SlotsJson", "e"."State", "e"."UpdatedAt"
FROM "ExceptionRecoverySessions" AS "e"
WHERE "e"."RequestId" = @__requestId_0
LIMIT 2
[16:58:38 INF] Executed DbCommand (0ms) [Parameters=[@__agvId_0='?' (Size = 10)], CommandType='Text', CommandTimeout='30']
SELECT "e"."ExceptionRecoverySessionId", "e"."AdministratorId", "e"."AdministratorRole", "e"."AgvId", "e"."DemandId", "e"."EventId", "e"."ForcedRecoveryGeneration", "e"."OpenedAt", "e"."Reason", "e"."RequestContentHash", "e"."RequestId", "e"."Revision", "e"."SelectedAction", "e"."SlotsJson", "e"."State", "e"."UpdatedAt"
FROM "ExceptionRecoverySessions" AS "e"
WHERE "e"."AgvId" = @__agvId_0 AND "e"."State" <> 'CLOSED'
LIMIT 2
[16:58:38 INF] Executed DbCommand (0ms) [Parameters=[@__agvId_0='?' (Size = 10), @__generation_1='?' (DbType = Int64)], CommandType='Text', CommandTimeout='30']
SELECT "s"."AgvId", "s"."ActiveUnlockSlotsJson", "s"."CapabilityHash", "s"."CapabilityRevision", "s"."DepartureSafe", "s"."ForcedRecoveryGeneration", "s"."ManifestSha256", "s"."PendingAttemptIdsJson", "s"."PendingResultIdsJson", "s"."ProfileId", "s"."ProtocolCommit", "s"."ProtocolVersion", "s"."ProvenRecoveryCheckpoint", "s"."Readiness", "s"."ReasonCode", "s"."RecoveryReportId", "s"."ReportedForcedRecoveryGeneration", "s"."ReportedSlotConfigurationFingerprint", "s"."SafetyHash", "s"."SafetyReasonCodesJson", "s"."SafetyRevision", "s"."SafetyUnknownPresent", "s"."SessionGeneration", "s"."UnsettledSlotOperationAttemptId", "s"."UpdatedAt"
FROM "SessionRecoveries" AS "s"
WHERE "s"."AgvId" = @__agvId_0 AND "s"."SessionGeneration" = @__generation_1
LIMIT 2
[16:58:38 INF] Executed DbCommand (0ms) [Parameters=[@__demandId_0='?' (Size = 36), @__agvId_1='?' (Size = 10)], CommandType='Text', CommandTimeout='30']
SELECT "j"."DemandId", "j"."AgvId", "j"."AgvLifecycleGeneration", "j"."BlockReasonCode", "j"."BlockReasonSince", "j"."ConsumedSafetyResultMessageId", "j"."ConsumedSublotMessageId", "j"."CreatedAt", "j"."DispatchGeneration", "j"."DispatchZone", "j"."ExpectedBasketCount", "j"."GateMovementLegId", "j"."GatePlanMessageId", "j"."GateStationId", "j"."GateStationRiotId", "j"."GateUpperId", "j"."GateVehicleBusinessMessageId", "j"."GateWorklistMessageId", "j"."LoadCommandMessageId", "j"."LoadSlotOperationAttemptId", "j"."MapId", "j"."MapIdentity", "j"."OperationSessionId", "j"."PickupMovementLegId", "j"."PickupStationId", "j"."PickupStationRiotId", "j"."PickupUpperId", "j"."PlanMessageId", "j"."PlanRevision", "j"."PreDepartureSafetyCheckId", "j"."PreDepartureSafetyCheckMessageId", "j"."RouteEvidenceId", "j"."Stage", "j"."StationDepartureWaitStartedAt", "j"."SublotRequestMessageId", "j"."TargetSlotsJson", "j"."UnloadCommandMessageId", "j"."UnloadSlotOperationAttemptId", "j"."UpdatedAt", "j"."VehicleBusinessMessageId", "j"."VehicleBusinessRevision", "j"."VehicleKey", "j"."WorklistMessageId", "j"."WorklistRevision"
FROM "JourneyRuntimes" AS "j"
WHERE "j"."DemandId" = @__demandId_0 AND "j"."AgvId" = @__agvId_1 AND "j"."Stage" = 'Blocked'
LIMIT 2
[16:58:38 INF] Executed DbCommand (0ms) [Parameters=[@__demandId_0='?' (Size = 36)], CommandType='Text', CommandTimeout='30']
SELECT "s"."SlotOperationAttemptId", "s"."CommittedAt", "s"."ContentHash", "s"."CreatedAt", "s"."DemandId", "s"."EvidenceJson", "s"."ForcedRecoveryGeneration", "s"."OperationType", "s"."Status", "s"."SublotId", "s"."TargetSlotsJson"
FROM "StationOperations" AS "s"
WHERE "s"."DemandId" = @__demandId_0
[16:58:38 INF] Executed DbCommand (0ms) [Parameters=[], CommandType='Text', CommandTimeout='30']
SELECT "p"."MessageId", "p"."AcknowledgedAt", "p"."CreatedAt", "p"."FencedAt", "p"."MessageType", "p"."PayloadJson"
FROM "ProtocolOutbox" AS "p"
WHERE "p"."MessageType" = 'ExceptionRecoverySessionSnapshot' AND "p"."AcknowledgedAt" IS NULL AND "p"."FencedAt" IS NULL
[16:58:38 INF] Executed DbCommand (0ms) [Parameters=[@__session_DemandId_0='?' (Size = 36)], CommandType='Text', CommandTimeout='30']
SELECT "s"."SlotOperationAttemptId", "s"."CommittedAt", "s"."ContentHash", "s"."CreatedAt", "s"."DemandId", "s"."EvidenceJson", "s"."ForcedRecoveryGeneration", "s"."OperationType", "s"."Status", "s"."SublotId", "s"."TargetSlotsJson"
FROM "StationOperations" AS "s"
WHERE "s"."DemandId" = @__session_DemandId_0
[16:58:38 INF] Executed DbCommand (0ms) [Parameters=[@__messageId_0='?' (Size = 36)], CommandType='Text', CommandTimeout='30']
SELECT "p"."MessageId", "p"."AcknowledgedAt", "p"."CreatedAt", "p"."FencedAt", "p"."MessageType", "p"."PayloadJson"
FROM "ProtocolOutbox" AS "p"
WHERE "p"."MessageId" = @__messageId_0
LIMIT 2
[16:58:38 INF] Executed DbCommand (0ms) [Parameters=[@__messageId_0='?' (Size = 36)], CommandType='Text', CommandTimeout='30']
SELECT "p"."MessageId", "p"."AcknowledgedAt", "p"."CreatedAt", "p"."FencedAt", "p"."MessageType", "p"."PayloadJson"
FROM "ProtocolOutbox" AS "p"
WHERE "p"."MessageId" = @__messageId_0
LIMIT 2
[16:58:38 INF] Executed DbCommand (0ms) [Parameters=[@p0='?' (Size = 36), @p1='?' (Size = 11), @p2='?' (Size = 25), @p3='?' (Size = 10), @p4='?' (Size = 36), @p5='?' (Size = 36), @p6='?' (DbType = Int64), @p7='?' (DbType = DateTimeOffset), @p8='?' (Size = 22), @p9='?' (Size = 64), @p10='?' (Size = 36), @p11='?' (DbType = Int64), @p12='?', @p13='?' (Size = 3), @p14='?' (Size = 4), @p15='?' (DbType = DateTimeOffset)], CommandType='Text', CommandTimeout='30']
INSERT INTO "ExceptionRecoverySessions" ("ExceptionRecoverySessionId", "AdministratorId", "AdministratorRole", "AgvId", "DemandId", "EventId", "ForcedRecoveryGeneration", "OpenedAt", "Reason", "RequestContentHash", "RequestId", "Revision", "SelectedAction", "SlotsJson", "State", "UpdatedAt")
VALUES (@p0, @p1, @p2, @p3, @p4, @p5, @p6, @p7, @p8, @p9, @p10, @p11, @p12, @p13, @p14, @p15);
[16:58:38 INF] Executed DbCommand (0ms) [Parameters=[@p0='?' (Size = 36), @p1='?' (DbType = DateTimeOffset), @p2='?' (DbType = DateTimeOffset), @p3='?' (DbType = DateTimeOffset), @p4='?' (Size = 32), @p5='?' (Size = 1067)], CommandType='Text', CommandTimeout='30']
INSERT INTO "ProtocolOutbox" ("MessageId", "AcknowledgedAt", "CreatedAt", "FencedAt", "MessageType", "PayloadJson")
VALUES (@p0, @p1, @p2, @p3, @p4, @p5);
[16:58:38 INF] Executed DbCommand (0ms) [Parameters=[@__session_DemandId_0='?' (Size = 36)], CommandType='Text', CommandTimeout='30']
SELECT "s"."SlotOperationAttemptId", "s"."CommittedAt", "s"."ContentHash", "s"."CreatedAt", "s"."DemandId", "s"."EvidenceJson", "s"."ForcedRecoveryGeneration", "s"."OperationType", "s"."Status", "s"."SublotId", "s"."TargetSlotsJson"
FROM "StationOperations" AS "s"
WHERE "s"."DemandId" = @__session_DemandId_0
[16:58:38 INF] Executed DbCommand (0ms) [Parameters=[@p0='?' (Size = 36), @p1='?' (Size = 64), @p2='?' (Size = 806), @p3='?' (Size = 33), @p4='?' (DbType = DateTimeOffset), @p5='?' (Size = 930)], CommandType='Text', CommandTimeout='30']
INSERT INTO "ProtocolInbox" ("MessageId", "ContentHash", "FirstResponseJson", "MessageType", "ReceivedAt", "RequestJson")
VALUES (@p0, @p1, @p2, @p3, @p4, @p5);
[16:58:38 INF] Executed DbCommand (0ms) [Parameters=[], CommandType='Text', CommandTimeout='30']
SELECT "p"."MessageId", "p"."AcknowledgedAt", "p"."CreatedAt", "p"."FencedAt", "p"."MessageType", "p"."PayloadJson"
FROM "ProtocolOutbox" AS "p"
WHERE "p"."MessageType" = 'ExceptionRecoverySessionSnapshot' AND "p"."AcknowledgedAt" IS NULL AND "p"."FencedAt" IS NULL
[16:58:38 INF] Executed DbCommand (0ms) [Parameters=[@__messageId_0='?' (Size = 36)], CommandType='Text', CommandTimeout='30']
SELECT "p"."MessageId", "p"."AcknowledgedAt", "p"."CreatedAt", "p"."FencedAt", "p"."MessageType", "p"."PayloadJson"
FROM "ProtocolOutbox" AS "p"
WHERE "p"."MessageId" = @__messageId_0
LIMIT 2
[16:58:38 INF] Executed DbCommand (0ms) [Parameters=[@__messageId_0='?' (Size = 36)], CommandType='Text', CommandTimeout='30']
SELECT "p"."MessageId", "p"."ContentHash", "p"."FirstResponseJson", "p"."MessageType", "p"."ReceivedAt", "p"."RequestJson"
FROM "ProtocolInbox" AS "p"
WHERE "p"."MessageId" = @__messageId_0
LIMIT 2
[16:58:38 INF] Executed DbCommand (0ms) [Parameters=[@__recoverySessionId_0='?' (Size = 36)], CommandType='Text', CommandTimeout='30']
SELECT "e"."ExceptionRecoverySessionId", "e"."AdministratorId", "e"."AdministratorRole", "e"."AgvId", "e"."DemandId", "e"."EventId", "e"."ForcedRecoveryGeneration", "e"."OpenedAt", "e"."Reason", "e"."RequestContentHash", "e"."RequestId", "e"."Revision", "e"."SelectedAction", "e"."SlotsJson", "e"."State", "e"."UpdatedAt"
FROM "ExceptionRecoverySessions" AS "e"
WHERE "e"."ExceptionRecoverySessionId" = @__recoverySessionId_0
LIMIT 2
[16:58:38 INF] Executed DbCommand (0ms) [Parameters=[@__actionId_0='?' (Size = 36)], CommandType='Text', CommandTimeout='30']
SELECT "r"."WorkflowId", "r"."AgvId", "r"."CommandContentHash", "r"."CommandMessageId", "r"."CommandMessageType", "r"."CreatedAt", "r"."DemandId", "r"."ExceptionRecoverySessionId", "r"."ForcedRecoveryGeneration", "r"."HandoffId", "r"."Outcome", "r"."RequestContentHash", "r"."RequestMessageId", "r"."ResultContentHash", "r"."ResultMessageId", "r"."SlotOperationAttemptId", "r"."SlotsJson", "r"."State", "r"."UpdatedAt", "r"."WorkflowType"
FROM "RecoveryWorkflows" AS "r"
WHERE "r"."WorkflowId" = @__actionId_0
LIMIT 2
[16:58:38 INF] Executed DbCommand (0ms) [Parameters=[@__session_DemandId_0='?' (Size = 36)], CommandType='Text', CommandTimeout='30']
SELECT "s"."SlotOperationAttemptId", "s"."CommittedAt", "s"."ContentHash", "s"."CreatedAt", "s"."DemandId", "s"."EvidenceJson", "s"."ForcedRecoveryGeneration", "s"."OperationType", "s"."Status", "s"."SublotId", "s"."TargetSlotsJson"
FROM "StationOperations" AS "s"
WHERE "s"."DemandId" = @__session_DemandId_0
[16:58:38 INF] Executed DbCommand (0ms) [Parameters=[@__demandId_0='?' (Size = 36)], CommandType='Text', CommandTimeout='30']
SELECT "s"."SlotOperationAttemptId", "s"."CommittedAt", "s"."ContentHash", "s"."CreatedAt", "s"."DemandId", "s"."EvidenceJson", "s"."ForcedRecoveryGeneration", "s"."OperationType", "s"."Status", "s"."SublotId", "s"."TargetSlotsJson"
FROM "StationOperations" AS "s"
WHERE "s"."DemandId" = @__demandId_0
[16:58:38 INF] Executed DbCommand (0ms) [Parameters=[@__session_AgvId_0='?' (Size = 10)], CommandType='Text', CommandTimeout='30']
SELECT "s"."AgvId", "s"."ActiveUnlockSlotsJson", "s"."CapabilityHash", "s"."CapabilityRevision", "s"."DepartureSafe", "s"."ForcedRecoveryGeneration", "s"."ManifestSha256", "s"."PendingAttemptIdsJson", "s"."PendingResultIdsJson", "s"."ProfileId", "s"."ProtocolCommit", "s"."ProtocolVersion", "s"."ProvenRecoveryCheckpoint", "s"."Readiness", "s"."ReasonCode", "s"."RecoveryReportId", "s"."ReportedForcedRecoveryGeneration", "s"."ReportedSlotConfigurationFingerprint", "s"."SafetyHash", "s"."SafetyReasonCodesJson", "s"."SafetyRevision", "s"."SafetyUnknownPresent", "s"."SessionGeneration", "s"."UnsettledSlotOperationAttemptId", "s"."UpdatedAt"
FROM "SessionRecoveries" AS "s"
WHERE "s"."AgvId" = @__session_AgvId_0
LIMIT 2
[16:58:38 INF] Executed DbCommand (0ms) [Parameters=[@__action_0='?' (Size = 25), @__recoverySessionId_1='?' (Size = 36)], CommandType='Text', CommandTimeout='30']
SELECT EXISTS (
    SELECT 1
    FROM "RecoveryWorkflows" AS "r"
    WHERE "r"."WorkflowType" = @__action_0 AND "r"."State" IN ('CommandPending', 'AwaitingResult') AND "r"."ExceptionRecoverySessionId" = @__recoverySessionId_1)
[16:58:38 INF] Executed DbCommand (0ms) [Parameters=[], CommandType='Text', CommandTimeout='30']
SELECT "p"."MessageId", "p"."AcknowledgedAt", "p"."CreatedAt", "p"."FencedAt", "p"."MessageType", "p"."PayloadJson"
FROM "ProtocolOutbox" AS "p"
WHERE "p"."MessageType" = 'ExceptionRecoverySessionSnapshot' AND "p"."AcknowledgedAt" IS NULL AND "p"."FencedAt" IS NULL
[16:58:38 INF] Executed DbCommand (0ms) [Parameters=[@__session_DemandId_0='?' (Size = 36)], CommandType='Text', CommandTimeout='30']
SELECT "s"."SlotOperationAttemptId", "s"."CommittedAt", "s"."ContentHash", "s"."CreatedAt", "s"."DemandId", "s"."EvidenceJson", "s"."ForcedRecoveryGeneration", "s"."OperationType", "s"."Status", "s"."SublotId", "s"."TargetSlotsJson"
FROM "StationOperations" AS "s"
WHERE "s"."DemandId" = @__session_DemandId_0
[16:58:38 INF] Executed DbCommand (0ms) [Parameters=[@__messageId_0='?' (Size = 36)], CommandType='Text', CommandTimeout='30']
SELECT "p"."MessageId", "p"."AcknowledgedAt", "p"."CreatedAt", "p"."FencedAt", "p"."MessageType", "p"."PayloadJson"
FROM "ProtocolOutbox" AS "p"
WHERE "p"."MessageId" = @__messageId_0
LIMIT 2
[16:58:38 INF] Executed DbCommand (0ms) [Parameters=[@__messageId_0='?' (Size = 36)], CommandType='Text', CommandTimeout='30']
SELECT "p"."MessageId", "p"."AcknowledgedAt", "p"."CreatedAt", "p"."FencedAt", "p"."MessageType", "p"."PayloadJson"
FROM "ProtocolOutbox" AS "p"
WHERE "p"."MessageId" = @__messageId_0
LIMIT 2
[16:58:38 INF] Executed DbCommand (0ms) [Parameters=[@p4='?' (Size = 36), @p0='?' (DbType = Int64), @p1='?' (Size = 25), @p2='?' (Size = 15), @p3='?' (DbType = DateTimeOffset)], CommandType='Text', CommandTimeout='30']
UPDATE "ExceptionRecoverySessions" SET "Revision" = @p0, "SelectedAction" = @p1, "State" = @p2, "UpdatedAt" = @p3
WHERE "ExceptionRecoverySessionId" = @p4
RETURNING 1;
[16:58:38 INF] Executed DbCommand (0ms) [Parameters=[@p1='?' (Size = 36), @p0='?' (DbType = DateTimeOffset)], CommandType='Text', CommandTimeout='30']
UPDATE "ProtocolOutbox" SET "FencedAt" = @p0
WHERE "MessageId" = @p1
RETURNING 1;
[16:58:38 INF] Executed DbCommand (0ms) [Parameters=[@p0='?' (Size = 36), @p1='?' (DbType = DateTimeOffset), @p2='?' (DbType = DateTimeOffset), @p3='?' (DbType = DateTimeOffset), @p4='?' (Size = 32), @p5='?' (Size = 1001)], CommandType='Text', CommandTimeout='30']
INSERT INTO "ProtocolOutbox" ("MessageId", "AcknowledgedAt", "CreatedAt", "FencedAt", "MessageType", "PayloadJson")
VALUES (@p0, @p1, @p2, @p3, @p4, @p5);
[16:58:38 INF] Executed DbCommand (0ms) [Parameters=[@p0='?' (Size = 36), @p1='?' (Size = 10), @p2='?', @p3='?', @p4='?', @p5='?' (DbType = DateTimeOffset), @p6='?' (Size = 36), @p7='?' (Size = 36), @p8='?' (DbType = Int64), @p9='?', @p10='?', @p11='?' (Size = 64), @p12='?' (Size = 36), @p13='?', @p14='?', @p15='?' (Size = 36), @p16='?' (Size = 3), @p17='?' (Size = 21), @p18='?' (DbType = DateTimeOffset), @p19='?' (Size = 25)], CommandType='Text', CommandTimeout='30']
INSERT INTO "RecoveryWorkflows" ("WorkflowId", "AgvId", "CommandContentHash", "CommandMessageId", "CommandMessageType", "CreatedAt", "DemandId", "ExceptionRecoverySessionId", "ForcedRecoveryGeneration", "HandoffId", "Outcome", "RequestContentHash", "RequestMessageId", "ResultContentHash", "ResultMessageId", "SlotOperationAttemptId", "SlotsJson", "State", "UpdatedAt", "WorkflowType")
VALUES (@p0, @p1, @p2, @p3, @p4, @p5, @p6, @p7, @p8, @p9, @p10, @p11, @p12, @p13, @p14, @p15, @p16, @p17, @p18, @p19);
[16:58:38 INF] Executed DbCommand (0ms) [Parameters=[@p0='?' (Size = 36), @p1='?' (Size = 64), @p2='?' (Size = 741), @p3='?' (Size = 23), @p4='?' (DbType = DateTimeOffset), @p5='?' (Size = 939)], CommandType='Text', CommandTimeout='30']
INSERT INTO "ProtocolInbox" ("MessageId", "ContentHash", "FirstResponseJson", "MessageType", "ReceivedAt", "RequestJson")
VALUES (@p0, @p1, @p2, @p3, @p4, @p5);
[16:58:38 INF] Executed DbCommand (0ms) [Parameters=[@__workflowId_0='?' (Size = 36)], CommandType='Text', CommandTimeout='30']
SELECT "r"."WorkflowId", "r"."AgvId", "r"."CommandContentHash", "r"."CommandMessageId", "r"."CommandMessageType", "r"."CreatedAt", "r"."DemandId", "r"."ExceptionRecoverySessionId", "r"."ForcedRecoveryGeneration", "r"."HandoffId", "r"."Outcome", "r"."RequestContentHash", "r"."RequestMessageId", "r"."ResultContentHash", "r"."ResultMessageId", "r"."SlotOperationAttemptId", "r"."SlotsJson", "r"."State", "r"."UpdatedAt", "r"."WorkflowType"
FROM "RecoveryWorkflows" AS "r"
WHERE "r"."WorkflowId" = @__workflowId_0
LIMIT 2
[16:58:38 INF] Executed DbCommand (0ms) [Parameters=[], CommandType='Text', CommandTimeout='30']
SELECT "p"."MessageId", "p"."AcknowledgedAt", "p"."CreatedAt", "p"."FencedAt", "p"."MessageType", "p"."PayloadJson"
FROM "ProtocolOutbox" AS "p"
WHERE "p"."MessageType" = 'ExceptionRecoverySessionSnapshot' AND "p"."AcknowledgedAt" IS NULL AND "p"."FencedAt" IS NULL
[16:58:38 INF] Executed DbCommand (0ms) [Parameters=[@__messageId_0='?' (Size = 36)], CommandType='Text', CommandTimeout='30']
SELECT "p"."MessageId", "p"."AcknowledgedAt", "p"."CreatedAt", "p"."FencedAt", "p"."MessageType", "p"."PayloadJson"
FROM "ProtocolOutbox" AS "p"
WHERE "p"."MessageId" = @__messageId_0
LIMIT 2
[16:58:38 INF] Executed DbCommand (0ms) [Parameters=[@__messageId_0='?' (Size = 36)], CommandType='Text', CommandTimeout='30']
SELECT "p"."MessageId", "p"."ContentHash", "p"."FirstResponseJson", "p"."MessageType", "p"."ReceivedAt", "p"."RequestJson"
FROM "ProtocolInbox" AS "p"
WHERE "p"."MessageId" = @__messageId_0
LIMIT 2
[16:58:38 INF] Executed DbCommand (0ms) [Parameters=[@__actionId_0='?' (Size = 36)], CommandType='Text', CommandTimeout='30']
SELECT "r"."WorkflowId", "r"."AgvId", "r"."CommandContentHash", "r"."CommandMessageId", "r"."CommandMessageType", "r"."CreatedAt", "r"."DemandId", "r"."ExceptionRecoverySessionId", "r"."ForcedRecoveryGeneration", "r"."HandoffId", "r"."Outcome", "r"."RequestContentHash", "r"."RequestMessageId", "r"."ResultContentHash", "r"."ResultMessageId", "r"."SlotOperationAttemptId", "r"."SlotsJson", "r"."State", "r"."UpdatedAt", "r"."WorkflowType"
FROM "RecoveryWorkflows" AS "r"
WHERE "r"."WorkflowId" = @__actionId_0 AND "r"."WorkflowType" = 'COMPENSATE_LOAD_ALL_EMPTY'
LIMIT 2
[16:58:38 INF] Executed DbCommand (0ms) [Parameters=[@__workflow_ExceptionRecoverySessionId_0='?' (Size = 36)], CommandType='Text', CommandTimeout='30']
SELECT "e"."ExceptionRecoverySessionId", "e"."AdministratorId", "e"."AdministratorRole", "e"."AgvId", "e"."DemandId", "e"."EventId", "e"."ForcedRecoveryGeneration", "e"."OpenedAt", "e"."Reason", "e"."RequestContentHash", "e"."RequestId", "e"."Revision", "e"."SelectedAction", "e"."SlotsJson", "e"."State", "e"."UpdatedAt"
FROM "ExceptionRecoverySessions" AS "e"
WHERE "e"."ExceptionRecoverySessionId" = @__workflow_ExceptionRecoverySessionId_0
LIMIT 2
[16:58:38 INF] Executed DbCommand (0ms) [Parameters=[@__actionId_0='?' (Size = 36), @__workflow_ExceptionRecoverySessionId_1='?' (Size = 36)], CommandType='Text', CommandTimeout='30']
SELECT EXISTS (
    SELECT 1
    FROM "RecoveryWorkflows" AS "r"
    WHERE "r"."WorkflowType" = 'COMPENSATE_LOAD_ALL_EMPTY' AND "r"."WorkflowId" <> @__actionId_0 AND "r"."ExceptionRecoverySessionId" = @__workflow_ExceptionRecoverySessionId_1 AND "r"."State" IN ('CommandPending', 'AwaitingResult'))
[16:58:38 INF] Executed DbCommand (0ms) [Parameters=[@__messageId_0='?' (Size = 36)], CommandType='Text', CommandTimeout='30']
SELECT "p"."MessageId", "p"."AcknowledgedAt", "p"."CreatedAt", "p"."FencedAt", "p"."MessageType", "p"."PayloadJson"
FROM "ProtocolOutbox" AS "p"
WHERE "p"."MessageId" = @__messageId_0
LIMIT 2
[16:58:38 INF] Executed DbCommand (0ms) [Parameters=[@__messageId_0='?' (Size = 36)], CommandType='Text', CommandTimeout='30']
SELECT "p"."MessageId", "p"."AcknowledgedAt", "p"."CreatedAt", "p"."FencedAt", "p"."MessageType", "p"."PayloadJson"
FROM "ProtocolOutbox" AS "p"
WHERE "p"."MessageId" = @__messageId_0
LIMIT 2
[16:58:38 INF] Executed DbCommand (0ms) [Parameters=[@p0='?' (Size = 36), @p1='?' (DbType = DateTimeOffset), @p2='?' (DbType = DateTimeOffset), @p3='?' (DbType = DateTimeOffset), @p4='?' (Size = 23), @p5='?' (Size = 775)], CommandType='Text', CommandTimeout='30']
INSERT INTO "ProtocolOutbox" ("MessageId", "AcknowledgedAt", "CreatedAt", "FencedAt", "MessageType", "PayloadJson")
VALUES (@p0, @p1, @p2, @p3, @p4, @p5);
[16:58:38 INF] Executed DbCommand (0ms) [Parameters=[], CommandType='Text', CommandTimeout='30']
SELECT "p"."MessageId", "p"."AcknowledgedAt", "p"."CreatedAt", "p"."FencedAt", "p"."MessageType", "p"."PayloadJson"
FROM "ProtocolOutbox" AS "p"
WHERE "p"."MessageType" = 'ExceptionRecoverySessionSnapshot' AND "p"."AcknowledgedAt" IS NULL AND "p"."FencedAt" IS NULL
[16:58:38 INF] Executed DbCommand (0ms) [Parameters=[@__session_DemandId_0='?' (Size = 36)], CommandType='Text', CommandTimeout='30']
SELECT "s"."SlotOperationAttemptId", "s"."CommittedAt", "s"."ContentHash", "s"."CreatedAt", "s"."DemandId", "s"."EvidenceJson", "s"."ForcedRecoveryGeneration", "s"."OperationType", "s"."Status", "s"."SublotId", "s"."TargetSlotsJson"
FROM "StationOperations" AS "s"
WHERE "s"."DemandId" = @__session_DemandId_0
[16:58:38 INF] Executed DbCommand (0ms) [Parameters=[@__messageId_0='?' (Size = 36)], CommandType='Text', CommandTimeout='30']
SELECT "p"."MessageId", "p"."AcknowledgedAt", "p"."CreatedAt", "p"."FencedAt", "p"."MessageType", "p"."PayloadJson"
FROM "ProtocolOutbox" AS "p"
WHERE "p"."MessageId" = @__messageId_0
LIMIT 2
[16:58:38 INF] Executed DbCommand (0ms) [Parameters=[@__messageId_0='?' (Size = 36)], CommandType='Text', CommandTimeout='30']
SELECT "p"."MessageId", "p"."AcknowledgedAt", "p"."CreatedAt", "p"."FencedAt", "p"."MessageType", "p"."PayloadJson"
FROM "ProtocolOutbox" AS "p"
WHERE "p"."MessageId" = @__messageId_0
LIMIT 2
[16:58:38 INF] Executed DbCommand (0ms) [Parameters=[@p3='?' (Size = 36), @p0='?' (DbType = Int64), @p1='?' (Size = 9), @p2='?' (DbType = DateTimeOffset)], CommandType='Text', CommandTimeout='30']
UPDATE "ExceptionRecoverySessions" SET "Revision" = @p0, "State" = @p1, "UpdatedAt" = @p2
WHERE "ExceptionRecoverySessionId" = @p3
RETURNING 1;
[16:58:38 INF] Executed DbCommand (0ms) [Parameters=[@p1='?' (Size = 36), @p0='?' (DbType = DateTimeOffset)], CommandType='Text', CommandTimeout='30']
UPDATE "ProtocolOutbox" SET "FencedAt" = @p0
WHERE "MessageId" = @p1
RETURNING 1;
[16:58:38 INF] Executed DbCommand (0ms) [Parameters=[@p0='?' (Size = 36), @p1='?' (DbType = DateTimeOffset), @p2='?' (DbType = DateTimeOffset), @p3='?' (DbType = DateTimeOffset), @p4='?' (Size = 32), @p5='?' (Size = 994)], CommandType='Text', CommandTimeout='30']
INSERT INTO "ProtocolOutbox" ("MessageId", "AcknowledgedAt", "CreatedAt", "FencedAt", "MessageType", "PayloadJson")
VALUES (@p0, @p1, @p2, @p3, @p4, @p5);
[16:58:38 INF] Executed DbCommand (0ms) [Parameters=[@p5='?' (Size = 36), @p0='?' (Size = 64), @p1='?' (Size = 36), @p2='?' (Size = 23), @p3='?' (Size = 14), @p4='?' (DbType = DateTimeOffset)], CommandType='Text', CommandTimeout='30']
UPDATE "RecoveryWorkflows" SET "CommandContentHash" = @p0, "CommandMessageId" = @p1, "CommandMessageType" = @p2, "State" = @p3, "UpdatedAt" = @p4
WHERE "WorkflowId" = @p5
RETURNING 1;
[16:58:38 INF] Executed DbCommand (0ms) [Parameters=[@p0='?' (Size = 36), @p1='?' (Size = 64), @p2='?', @p3='?' (Size = 25), @p4='?' (DbType = DateTimeOffset), @p5='?' (Size = 763)], CommandType='Text', CommandTimeout='30']
INSERT INTO "ProtocolInbox" ("MessageId", "ContentHash", "FirstResponseJson", "MessageType", "ReceivedAt", "RequestJson")
VALUES (@p0, @p1, @p2, @p3, @p4, @p5);
[16:58:38 INF] Executed DbCommand (0ms) [Parameters=[@__workflowId_0='?' (Size = 36)], CommandType='Text', CommandTimeout='30']
SELECT "r"."WorkflowId", "r"."AgvId", "r"."CommandContentHash", "r"."CommandMessageId", "r"."CommandMessageType", "r"."CreatedAt", "r"."DemandId", "r"."ExceptionRecoverySessionId", "r"."ForcedRecoveryGeneration", "r"."HandoffId", "r"."Outcome", "r"."RequestContentHash", "r"."RequestMessageId", "r"."ResultContentHash", "r"."ResultMessageId", "r"."SlotOperationAttemptId", "r"."SlotsJson", "r"."State", "r"."UpdatedAt", "r"."WorkflowType"
FROM "RecoveryWorkflows" AS "r"
WHERE "r"."WorkflowId" = @__workflowId_0
LIMIT 2
[16:58:38 INF] Executed DbCommand (0ms) [Parameters=[@__messageId_0='?' (Size = 36)], CommandType='Text', CommandTimeout='30']
SELECT "p"."MessageId", "p"."AcknowledgedAt", "p"."CreatedAt", "p"."FencedAt", "p"."MessageType", "p"."PayloadJson"
FROM "ProtocolOutbox" AS "p"
WHERE "p"."MessageId" = @__messageId_0
LIMIT 2
[16:58:38 INF] Executed DbCommand (0ms) [Parameters=[], CommandType='Text', CommandTimeout='30']
SELECT "p"."MessageId", "p"."AcknowledgedAt", "p"."CreatedAt", "p"."FencedAt", "p"."MessageType", "p"."PayloadJson"
FROM "ProtocolOutbox" AS "p"
WHERE "p"."MessageType" = 'ExceptionRecoverySessionSnapshot' AND "p"."AcknowledgedAt" IS NULL AND "p"."FencedAt" IS NULL
[16:58:38 INF] Executed DbCommand (0ms) [Parameters=[@__messageId_0='?' (Size = 36)], CommandType='Text', CommandTimeout='30']
SELECT "p"."MessageId", "p"."AcknowledgedAt", "p"."CreatedAt", "p"."FencedAt", "p"."MessageType", "p"."PayloadJson"
FROM "ProtocolOutbox" AS "p"
WHERE "p"."MessageId" = @__messageId_0
LIMIT 2
[16:58:38 INF] Executed DbCommand (0ms) [Parameters=[@__messageId_0='?' (Size = 36)], CommandType='Text', CommandTimeout='30']
SELECT "p"."MessageId", "p"."ContentHash", "p"."FirstResponseJson", "p"."MessageType", "p"."ReceivedAt", "p"."RequestJson"
FROM "ProtocolInbox" AS "p"
WHERE "p"."MessageId" = @__messageId_0
LIMIT 2
[16:58:38 INF] Executed DbCommand (0ms) [Parameters=[@__agvId_0='?' (Size = 10)], CommandType='Text', CommandTimeout='30']
SELECT "o"."AlarmsJson"
FROM "OnboardAlarmSnapshots" AS "o"
WHERE "o"."AgvId" = @__agvId_0
LIMIT 1
[16:58:38 INF] Executed DbCommand (0ms) [Parameters=[@__snapshot_AgvId_0='?' (Size = 10)], CommandType='Text', CommandTimeout='30']
SELECT "o"."AgvId", "o"."AlarmsJson", "o"."CapturedAt", "o"."ReceivedAt", "o"."SessionGeneration", "o"."SnapshotSequence"
FROM "OnboardAlarmSnapshots" AS "o"
WHERE "o"."AgvId" = @__snapshot_AgvId_0
LIMIT 1
[16:58:38 INF] Executed DbCommand (0ms) [Parameters=[@p4='?' (Size = 10), @p0='?' (Size = 2), @p1='?' (DbType = DateTimeOffset), @p2='?' (DbType = DateTimeOffset), @p3='?' (DbType = Int64)], CommandType='Text', CommandTimeout='30']
UPDATE "OnboardAlarmSnapshots" SET "AlarmsJson" = @p0, "CapturedAt" = @p1, "ReceivedAt" = @p2, "SnapshotSequence" = @p3
WHERE "AgvId" = @p4
RETURNING 1;
[16:58:38 INF] Executed DbCommand (0ms) [Parameters=[@__agvId_0='?' (Size = 10)], CommandType='Text', CommandTimeout='30']
SELECT "o"."AlarmsJson"
FROM "OnboardAlarmSnapshots" AS "o"
WHERE "o"."AgvId" = @__agvId_0
LIMIT 1
[16:58:38 INF] Executed DbCommand (0ms) [Parameters=[@p0='?' (Size = 36), @p1='?' (Size = 64), @p2='?' (Size = 625), @p3='?' (Size = 20), @p4='?' (DbType = DateTimeOffset), @p5='?' (Size = 484)], CommandType='Text', CommandTimeout='30']
INSERT INTO "ProtocolInbox" ("MessageId", "ContentHash", "FirstResponseJson", "MessageType", "ReceivedAt", "RequestJson")
VALUES (@p0, @p1, @p2, @p3, @p4, @p5);
[16:58:38 INF] Executed DbCommand (0ms) [Parameters=[@__messageId_0='?' (Size = 36)], CommandType='Text', CommandTimeout='30']
SELECT "p"."MessageId", "p"."ContentHash", "p"."FirstResponseJson", "p"."MessageType", "p"."ReceivedAt", "p"."RequestJson"
FROM "ProtocolInbox" AS "p"
WHERE "p"."MessageId" = @__messageId_0
LIMIT 2
[16:58:38 INF] Executed DbCommand (0ms) [Parameters=[@p0='?' (Size = 36), @p1='?' (Size = 64), @p2='?' (Size = 664), @p3='?' (Size = 17), @p4='?' (DbType = DateTimeOffset), @p5='?' (Size = 572)], CommandType='Text', CommandTimeout='30']
INSERT INTO "ProtocolInbox" ("MessageId", "ContentHash", "FirstResponseJson", "MessageType", "ReceivedAt", "RequestJson")
VALUES (@p0, @p1, @p2, @p3, @p4, @p5);
[16:58:38 INF] Executed DbCommand (0ms) [Parameters=[@__messageId_0='?' (Size = 36)], CommandType='Text', CommandTimeout='30']
SELECT "p"."MessageId", "p"."ContentHash", "p"."FirstResponseJson", "p"."MessageType", "p"."ReceivedAt", "p"."RequestJson"
FROM "ProtocolInbox" AS "p"
WHERE "p"."MessageId" = @__messageId_0
LIMIT 2
[16:58:38 INF] Executed DbCommand (0ms) [Parameters=[@p0='?' (Size = 36), @p1='?' (Size = 64), @p2='?' (Size = 665), @p3='?' (Size = 17), @p4='?' (DbType = DateTimeOffset), @p5='?' (Size = 574)], CommandType='Text', CommandTimeout='30']
INSERT INTO "ProtocolInbox" ("MessageId", "ContentHash", "FirstResponseJson", "MessageType", "ReceivedAt", "RequestJson")
VALUES (@p0, @p1, @p2, @p3, @p4, @p5);
[16:58:38 INF] Executed DbCommand (0ms) [Parameters=[@__messageId_0='?' (Size = 36)], CommandType='Text', CommandTimeout='30']
SELECT "p"."MessageId", "p"."ContentHash", "p"."FirstResponseJson", "p"."MessageType", "p"."ReceivedAt", "p"."RequestJson"
FROM "ProtocolInbox" AS "p"
WHERE "p"."MessageId" = @__messageId_0
LIMIT 2
[16:58:38 INF] Executed DbCommand (0ms) [Parameters=[@__workflowId_0='?' (Size = 36), @__agvId_1='?' (Size = 10)], CommandType='Text', CommandTimeout='30']
SELECT "r"."WorkflowId", "r"."AgvId", "r"."CommandContentHash", "r"."CommandMessageId", "r"."CommandMessageType", "r"."CreatedAt", "r"."DemandId", "r"."ExceptionRecoverySessionId", "r"."ForcedRecoveryGeneration", "r"."HandoffId", "r"."Outcome", "r"."RequestContentHash", "r"."RequestMessageId", "r"."ResultContentHash", "r"."ResultMessageId", "r"."SlotOperationAttemptId", "r"."SlotsJson", "r"."State", "r"."UpdatedAt", "r"."WorkflowType"
FROM "RecoveryWorkflows" AS "r"
WHERE "r"."WorkflowId" = @__workflowId_0 AND "r"."AgvId" = @__agvId_1
LIMIT 2
[16:58:38 INF] Executed DbCommand (0ms) [Parameters=[@__messageId_0='?' (Size = 36)], CommandType='Text', CommandTimeout='30']
SELECT "r"."MessageId", "r"."ContentHash", "r"."ForcedRecoveryGeneration", "r"."HistoricalOnly", "r"."MessageType", "r"."ObservedAt", "r"."Outcome", "r"."ReceivedAt", "r"."WorkflowId"
FROM "RecoveryResultEvidence" AS "r"
WHERE "r"."MessageId" = @__messageId_0
LIMIT 2
[16:58:38 INF] Executed DbCommand (0ms) [Parameters=[@__agvId_0='?' (Size = 10)], CommandType='Text', CommandTimeout='30']
SELECT "v"."ForcedRecoveryGeneration"
FROM "VehicleRecoveryGenerations" AS "v"
WHERE "v"."AgvId" = @__agvId_0
LIMIT 2
[16:58:38 INF] Executed DbCommand (0ms) [Parameters=[@__agvId_0='?' (Size = 10)], CommandType='Text', CommandTimeout='30']
SELECT "s"."ForcedRecoveryGeneration"
FROM "SessionRecoveries" AS "s"
WHERE "s"."AgvId" = @__agvId_0
LIMIT 2
[16:58:38 INF] Executed DbCommand (0ms) [Parameters=[@__workflow_ExceptionRecoverySessionId_0='?' (Size = 36)], CommandType='Text', CommandTimeout='30']
SELECT EXISTS (
    SELECT 1
    FROM "ExceptionRecoverySessions" AS "e"
    WHERE "e"."ExceptionRecoverySessionId" = @__workflow_ExceptionRecoverySessionId_0 AND "e"."State" = 'CLOSED')
[16:58:38 INF] Executed DbCommand (0ms) [Parameters=[@__workflow_DemandId_0='?' (Size = 36)], CommandType='Text', CommandTimeout='30']
SELECT "j"."DemandId", "j"."AgvId", "j"."AgvLifecycleGeneration", "j"."BlockReasonCode", "j"."BlockReasonSince", "j"."ConsumedSafetyResultMessageId", "j"."ConsumedSublotMessageId", "j"."CreatedAt", "j"."DispatchGeneration", "j"."DispatchZone", "j"."ExpectedBasketCount", "j"."GateMovementLegId", "j"."GatePlanMessageId", "j"."GateStationId", "j"."GateStationRiotId", "j"."GateUpperId", "j"."GateVehicleBusinessMessageId", "j"."GateWorklistMessageId", "j"."LoadCommandMessageId", "j"."LoadSlotOperationAttemptId", "j"."MapId", "j"."MapIdentity", "j"."OperationSessionId", "j"."PickupMovementLegId", "j"."PickupStationId", "j"."PickupStationRiotId", "j"."PickupUpperId", "j"."PlanMessageId", "j"."PlanRevision", "j"."PreDepartureSafetyCheckId", "j"."PreDepartureSafetyCheckMessageId", "j"."RouteEvidenceId", "j"."Stage", "j"."StationDepartureWaitStartedAt", "j"."SublotRequestMessageId", "j"."TargetSlotsJson", "j"."UnloadCommandMessageId", "j"."UnloadSlotOperationAttemptId", "j"."UpdatedAt", "j"."VehicleBusinessMessageId", "j"."VehicleBusinessRevision", "j"."VehicleKey", "j"."WorklistMessageId", "j"."WorklistRevision"
FROM "JourneyRuntimes" AS "j"
WHERE "j"."DemandId" = @__workflow_DemandId_0
LIMIT 2
[16:58:38 INF] Executed DbCommand (0ms) [Parameters=[@__workflow_SlotOperationAttemptId_0='?' (Size = 36)], CommandType='Text', CommandTimeout='30']
SELECT "s"."SlotOperationAttemptId", "s"."CommittedAt", "s"."ContentHash", "s"."CreatedAt", "s"."DemandId", "s"."EvidenceJson", "s"."ForcedRecoveryGeneration", "s"."OperationType", "s"."Status", "s"."SublotId", "s"."TargetSlotsJson"
FROM "StationOperations" AS "s"
WHERE "s"."SlotOperationAttemptId" = @__workflow_SlotOperationAttemptId_0
LIMIT 2
[16:58:38 INF] Executed DbCommand (0ms) [Parameters=[@__runtime_DemandId_0='?' (Size = 36)], CommandType='Text', CommandTimeout='30']
SELECT "a"."DemandId", "a"."AcceptedAt", "a"."CatalogRevision", "a"."CreatedAt", "a"."DemandRevision", "a"."Generation", "a"."HistoryEpoch", "a"."LiveMesFieldsJson", "a"."SeriesId", "a"."Status", "a"."Sublot", "a"."TransportDemandKey", "a"."ValueObservedAt", "a"."ValuePollTraceId", "a"."ValueProjectionCommitId", "a"."WorkType"
FROM "AcceptedDemands" AS "a"
WHERE "a"."DemandId" = @__runtime_DemandId_0
LIMIT 2
[16:58:38 INF] Executed DbCommand (0ms) [Parameters=[@__runtime_DemandId_0='?' (Size = 36)], CommandType='Text', CommandTimeout='30']
SELECT "v"."DemandId", "v"."AcquiredAt", "v"."ReleasedAt", "v"."VehicleKey"
FROM "VehicleDispatchLeases" AS "v"
WHERE "v"."DemandId" = @__runtime_DemandId_0
LIMIT 2
[16:58:38 INF] Executed DbCommand (0ms) [Parameters=[@__runtime_PickupUpperId_0='?' (Size = 49)], CommandType='Text', CommandTimeout='30']
SELECT "o"."MovementLegId", "o"."AgvLifecycleGeneration", "o"."CreateAttemptCount", "o"."CreateAttemptId", "o"."CreateDispatchArmedAt", "o"."CreatedAt", "o"."DemandId", "o"."DestinationStationId", "o"."DispatchAuditSequence", "o"."DispatchAuditVersion", "o"."DispatchGeneration", "o"."ExperimentalCreateAuthorizationId", "o"."LastCreateOutcome", "o"."LastCreateOutcomeAt", "o"."LastCreateReceiptJson", "o"."LastReconciliationOutcome", "o"."LastReconciliationOutcomeAt", "o"."LastReconciliationReceiptJson", "o"."MapId", "o"."OrderId", "o"."Purpose", "o"."Status", "o"."TargetStationId", "o"."UpperId", "o"."VehicleKey", "o"."VehicleOccupancyClaimedAt", "o"."VehicleOccupancyReleasedAt"
FROM "OrderIntents" AS "o"
WHERE "o"."UpperId" = @__runtime_PickupUpperId_0
LIMIT 2
[16:58:38 INF] Executed DbCommand (0ms) [Parameters=[@__runtime_SublotRequestMessageId_0='?' (Size = 36)], CommandType='Text', CommandTimeout='30']
SELECT "p"."MessageId", "p"."AcknowledgedAt", "p"."CreatedAt", "p"."FencedAt", "p"."MessageType", "p"."PayloadJson"
FROM "ProtocolOutbox" AS "p"
WHERE "p"."MessageId" = @__runtime_SublotRequestMessageId_0
LIMIT 2
[16:58:38 INF] Executed DbCommand (0ms) [Parameters=[@__workflow_ExceptionRecoverySessionId_0='?' (Size = 36)], CommandType='Text', CommandTimeout='30']
SELECT "e"."ExceptionRecoverySessionId", "e"."AdministratorId", "e"."AdministratorRole", "e"."AgvId", "e"."DemandId", "e"."EventId", "e"."ForcedRecoveryGeneration", "e"."OpenedAt", "e"."Reason", "e"."RequestContentHash", "e"."RequestId", "e"."Revision", "e"."SelectedAction", "e"."SlotsJson", "e"."State", "e"."UpdatedAt"
FROM "ExceptionRecoverySessions" AS "e"
WHERE "e"."ExceptionRecoverySessionId" = @__workflow_ExceptionRecoverySessionId_0
LIMIT 2
[16:58:38 INF] Executed DbCommand (0ms) [Parameters=[], CommandType='Text', CommandTimeout='30']
SELECT "p"."MessageId", "p"."AcknowledgedAt", "p"."CreatedAt", "p"."FencedAt", "p"."MessageType", "p"."PayloadJson"
FROM "ProtocolOutbox" AS "p"
WHERE "p"."MessageType" = 'ExceptionRecoverySessionSnapshot' AND "p"."AcknowledgedAt" IS NULL AND "p"."FencedAt" IS NULL
[16:58:38 INF] Executed DbCommand (0ms) [Parameters=[@__session_DemandId_0='?' (Size = 36)], CommandType='Text', CommandTimeout='30']
SELECT "s"."SlotOperationAttemptId", "s"."CommittedAt", "s"."ContentHash", "s"."CreatedAt", "s"."DemandId", "s"."EvidenceJson", "s"."ForcedRecoveryGeneration", "s"."OperationType", "s"."Status", "s"."SublotId", "s"."TargetSlotsJson"
FROM "StationOperations" AS "s"
WHERE "s"."DemandId" = @__session_DemandId_0
[16:58:38 INF] Executed DbCommand (0ms) [Parameters=[@__messageId_0='?' (Size = 36)], CommandType='Text', CommandTimeout='30']
SELECT "p"."MessageId", "p"."AcknowledgedAt", "p"."CreatedAt", "p"."FencedAt", "p"."MessageType", "p"."PayloadJson"
FROM "ProtocolOutbox" AS "p"
WHERE "p"."MessageId" = @__messageId_0
LIMIT 2
[16:58:38 INF] Executed DbCommand (0ms) [Parameters=[@__messageId_0='?' (Size = 36)], CommandType='Text', CommandTimeout='30']
SELECT "p"."MessageId", "p"."AcknowledgedAt", "p"."CreatedAt", "p"."FencedAt", "p"."MessageType", "p"."PayloadJson"
FROM "ProtocolOutbox" AS "p"
WHERE "p"."MessageId" = @__messageId_0
LIMIT 2
[16:58:38 INF] Executed DbCommand (0ms) [Parameters=[@p1='?' (Size = 36), @p0='?' (Size = 9)], CommandType='Text', CommandTimeout='30']
UPDATE "AcceptedDemands" SET "Status" = @p0
WHERE "DemandId" = @p1
RETURNING 1;
[16:58:38 INF] Executed DbCommand (0ms) [Parameters=[@p3='?' (Size = 36), @p0='?' (DbType = Int64), @p1='?' (Size = 6), @p2='?' (DbType = DateTimeOffset)], CommandType='Text', CommandTimeout='30']
UPDATE "ExceptionRecoverySessions" SET "Revision" = @p0, "State" = @p1, "UpdatedAt" = @p2
WHERE "ExceptionRecoverySessionId" = @p3
RETURNING 1;
[16:58:38 INF] Executed DbCommand (0ms) [Parameters=[@p4='?' (Size = 36), @p0='?' (Size = 30), @p1='?' (DbType = DateTimeOffset), @p2='?' (Size = 9), @p3='?' (DbType = DateTimeOffset)], CommandType='Text', CommandTimeout='30']
UPDATE "JourneyRuntimes" SET "BlockReasonCode" = @p0, "BlockReasonSince" = @p1, "Stage" = @p2, "UpdatedAt" = @p3
WHERE "DemandId" = @p4
RETURNING 1;
[16:58:38 INF] Executed DbCommand (0ms) [Parameters=[@p1='?' (Size = 36), @p2='?' (DbType = Int32), @p3='?' (DbType = Int64), @p5='?', @p4='?' (Size = 9), @p0='?' (DbType = DateTimeOffset)], CommandType='Text', CommandTimeout='30']
UPDATE "OrderIntents" SET "VehicleOccupancyReleasedAt" = @p0
WHERE "MovementLegId" = @p1 AND "CreateAttemptCount" = @p2 AND "DispatchAuditSequence" = @p3 AND "ExperimentalCreateAuthorizationId" IS NULL AND "Status" = @p4
RETURNING 1;
[16:58:38 INF] Executed DbCommand (0ms) [Parameters=[@p1='?' (Size = 36), @p0='?' (DbType = DateTimeOffset)], CommandType='Text', CommandTimeout='30']
UPDATE "ProtocolOutbox" SET "FencedAt" = @p0
WHERE "MessageId" = @p1
RETURNING 1;
[16:58:38 INF] Executed DbCommand (0ms) [Parameters=[@p0='?' (Size = 36), @p1='?' (DbType = DateTimeOffset), @p2='?' (DbType = DateTimeOffset), @p3='?' (DbType = DateTimeOffset), @p4='?' (Size = 32), @p5='?' (Size = 857)], CommandType='Text', CommandTimeout='30']
INSERT INTO "ProtocolOutbox" ("MessageId", "AcknowledgedAt", "CreatedAt", "FencedAt", "MessageType", "PayloadJson")
VALUES (@p0, @p1, @p2, @p3, @p4, @p5);
[16:58:38 INF] Executed DbCommand (0ms) [Parameters=[@p0='?' (Size = 36), @p1='?' (Size = 64), @p2='?' (DbType = Int64), @p3='?' (DbType = Boolean), @p4='?' (Size = 22), @p5='?' (DbType = DateTimeOffset), @p6='?' (Size = 9), @p7='?' (DbType = DateTimeOffset), @p8='?' (Size = 36)], CommandType='Text', CommandTimeout='30']
INSERT INTO "RecoveryResultEvidence" ("MessageId", "ContentHash", "ForcedRecoveryGeneration", "HistoricalOnly", "MessageType", "ObservedAt", "Outcome", "ReceivedAt", "WorkflowId")
VALUES (@p0, @p1, @p2, @p3, @p4, @p5, @p6, @p7, @p8);
[16:58:38 INF] Executed DbCommand (0ms) [Parameters=[@p5='?' (Size = 36), @p0='?' (Size = 9), @p1='?' (Size = 64), @p2='?' (Size = 36), @p3='?' (Size = 10), @p4='?' (DbType = DateTimeOffset)], CommandType='Text', CommandTimeout='30']
UPDATE "RecoveryWorkflows" SET "Outcome" = @p0, "ResultContentHash" = @p1, "ResultMessageId" = @p2, "State" = @p3, "UpdatedAt" = @p4
WHERE "WorkflowId" = @p5
RETURNING 1;
[16:58:38 INF] Executed DbCommand (0ms) [Parameters=[@p1='?' (Size = 36), @p0='?' (Size = 9)], CommandType='Text', CommandTimeout='30']
UPDATE "StationOperations" SET "Status" = @p0
WHERE "SlotOperationAttemptId" = @p1
RETURNING 1;
[16:58:38 INF] Executed DbCommand (0ms) [Parameters=[@p1='?' (Size = 36), @p0='?' (DbType = DateTimeOffset)], CommandType='Text', CommandTimeout='30']
UPDATE "VehicleDispatchLeases" SET "ReleasedAt" = @p0
WHERE "DemandId" = @p1
RETURNING 1;
[16:58:38 INF] Executed DbCommand (0ms) [Parameters=[@__messageId_0='?' (Size = 36)], CommandType='Text', CommandTimeout='30']
SELECT "p"."MessageId", "p"."AcknowledgedAt", "p"."CreatedAt", "p"."FencedAt", "p"."MessageType", "p"."PayloadJson"
FROM "ProtocolOutbox" AS "p"
WHERE "p"."MessageId" = @__messageId_0
LIMIT 2
[16:58:38 INF] Executed DbCommand (0ms) [Parameters=[@p1='?' (Size = 36), @p0='?' (DbType = DateTimeOffset)], CommandType='Text', CommandTimeout='30']
UPDATE "ProtocolOutbox" SET "AcknowledgedAt" = @p0
WHERE "MessageId" = @p1
RETURNING 1;
[16:58:38 INF] Executed DbCommand (0ms) [Parameters=[@__agvId_0='?' (Size = 10)], CommandType='Text', CommandTimeout='30']
SELECT "s"."AgvId", "s"."ActiveUnlockSlotsJson", "s"."CapabilityHash", "s"."CapabilityRevision", "s"."DepartureSafe", "s"."ForcedRecoveryGeneration", "s"."ManifestSha256", "s"."PendingAttemptIdsJson", "s"."PendingResultIdsJson", "s"."ProfileId", "s"."ProtocolCommit", "s"."ProtocolVersion", "s"."ProvenRecoveryCheckpoint", "s"."Readiness", "s"."ReasonCode", "s"."RecoveryReportId", "s"."ReportedForcedRecoveryGeneration", "s"."ReportedSlotConfigurationFingerprint", "s"."SafetyHash", "s"."SafetyReasonCodesJson", "s"."SafetyRevision", "s"."SafetyUnknownPresent", "s"."SessionGeneration", "s"."UnsettledSlotOperationAttemptId", "s"."UpdatedAt"
FROM "SessionRecoveries" AS "s"
WHERE "s"."AgvId" = @__agvId_0
LIMIT 2
[16:58:38 INF] Executed DbCommand (0ms) [Parameters=[@__pending_0='?' (Size = 40)], CommandType='Text', CommandTimeout='30']
SELECT "s"."SlotOperationAttemptId"
FROM "StationOperations" AS "s"
WHERE "s"."SlotOperationAttemptId" IN (
    SELECT "p"."value"
    FROM json_each(@__pending_0) AS "p"
) AND "s"."Status" IN ('Committed', 'Failed', 'Cancelled')
[16:58:38 INF] Executed DbCommand (0ms) [Parameters=[@p3='?' (Size = 10), @p0='?' (Size = 2), @p1='?', @p2='?' (DbType = DateTimeOffset)], CommandType='Text', CommandTimeout='30']
UPDATE "SessionRecoveries" SET "PendingAttemptIdsJson" = @p0, "UnsettledSlotOperationAttemptId" = @p1, "UpdatedAt" = @p2
WHERE "AgvId" = @p3
RETURNING 1;
[16:58:38 INF] Executed DbCommand (0ms) [Parameters=[@__agvId_0='?' (Size = 10)], CommandType='Text', CommandTimeout='30']
SELECT "s"."AgvId", "s"."ActiveUnlockSlotsJson", "s"."CapabilityHash", "s"."CapabilityRevision", "s"."DepartureSafe", "s"."ForcedRecoveryGeneration", "s"."ManifestSha256", "s"."PendingAttemptIdsJson", "s"."PendingResultIdsJson", "s"."ProfileId", "s"."ProtocolCommit", "s"."ProtocolVersion", "s"."ProvenRecoveryCheckpoint", "s"."Readiness", "s"."ReasonCode", "s"."RecoveryReportId", "s"."ReportedForcedRecoveryGeneration", "s"."ReportedSlotConfigurationFingerprint", "s"."SafetyHash", "s"."SafetyReasonCodesJson", "s"."SafetyRevision", "s"."SafetyUnknownPresent", "s"."SessionGeneration", "s"."UnsettledSlotOperationAttemptId", "s"."UpdatedAt"
FROM "SessionRecoveries" AS "s"
WHERE "s"."AgvId" = @__agvId_0
LIMIT 2
[16:58:38 INF] Executed DbCommand (0ms) [Parameters=[@__agvId_0='?' (Size = 10)], CommandType='Text', CommandTimeout='30']
SELECT EXISTS (
    SELECT 1
    FROM "StationOperations" AS "s"
    INNER JOIN "JourneyRuntimes" AS "j" ON "s"."DemandId" = "j"."DemandId"
    WHERE "j"."AgvId" = @__agvId_0 AND "s"."Status" = 'RecoveryRequired')
[16:58:38 INF] Executed DbCommand (0ms) [Parameters=[@__agvId_0='?' (Size = 10)], CommandType='Text', CommandTimeout='30']
SELECT EXISTS (
    SELECT 1
    FROM "RecoveryWorkflows" AS "r"
    WHERE "r"."AgvId" = @__agvId_0 AND "r"."WorkflowType" = 'FORCED_MECHANICAL_RECOVERY' AND "r"."State" <> 'HistoricalOnly' AND NOT EXISTS (
        SELECT 1
        FROM "HardwareRecoveryRecords" AS "h"
        WHERE "h"."RecoveryActionId" = "r"."WorkflowId"))
[16:58:38 INF] Executed DbCommand (0ms) [Parameters=[@__agvId_0='?' (Size = 10)], CommandType='Text', CommandTimeout='30']
SELECT "a"."AgvId", "a"."ActivatedAt", "a"."ActivationId", "a"."ConfigurationVersion", "a"."Fingerprint", "a"."SlotModelVersionId", "a"."SnapshotId"
FROM "ActiveSlotConfigurations" AS "a"
WHERE "a"."AgvId" = @__agvId_0
LIMIT 1
[16:58:38 INF] Executed DbCommand (0ms) [Parameters=[@p3='?' (Size = 10), @p0='?' (Size = 5), @p1='?' (Size = 5), @p2='?' (DbType = DateTimeOffset)], CommandType='Text', CommandTimeout='30']
UPDATE "SessionRecoveries" SET "Readiness" = @p0, "ReasonCode" = @p1, "UpdatedAt" = @p2
WHERE "AgvId" = @p3
RETURNING 1;
[16:58:38 INF] Executed DbCommand (0ms) [Parameters=[@p0='?' (Size = 36), @p1='?' (Size = 64), @p2='?' (Size = 1238), @p3='?' (Size = 22), @p4='?' (DbType = DateTimeOffset), @p5='?' (Size = 796)], CommandType='Text', CommandTimeout='30']
INSERT INTO "ProtocolInbox" ("MessageId", "ContentHash", "FirstResponseJson", "MessageType", "ReceivedAt", "RequestJson")
VALUES (@p0, @p1, @p2, @p3, @p4, @p5);
[16:58:38 INF] Executed DbCommand (0ms) [Parameters=[], CommandType='Text', CommandTimeout='30']
SELECT "p"."MessageId", "p"."AcknowledgedAt", "p"."CreatedAt", "p"."FencedAt", "p"."MessageType", "p"."PayloadJson"
FROM "ProtocolOutbox" AS "p"
WHERE "p"."MessageType" = 'ExceptionRecoverySessionSnapshot' AND "p"."AcknowledgedAt" IS NULL AND "p"."FencedAt" IS NULL
[16:58:38 INF] Executed DbCommand (0ms) [Parameters=[@__messageId_0='?' (Size = 36)], CommandType='Text', CommandTimeout='30']
SELECT "p"."MessageId", "p"."AcknowledgedAt", "p"."CreatedAt", "p"."FencedAt", "p"."MessageType", "p"."PayloadJson"
FROM "ProtocolOutbox" AS "p"
WHERE "p"."MessageId" = @__messageId_0
LIMIT 2
[16:58:38 INF] Executed DbCommand (0ms) [Parameters=[@__messageId_0='?' (Size = 36)], CommandType='Text', CommandTimeout='30']
SELECT "p"."MessageId", "p"."ContentHash", "p"."FirstResponseJson", "p"."MessageType", "p"."ReceivedAt", "p"."RequestJson"
FROM "ProtocolInbox" AS "p"
WHERE "p"."MessageId" = @__messageId_0
LIMIT 2
[16:58:38 INF] Executed DbCommand (0ms) [Parameters=[@__messageId_0='?' (Size = 36)], CommandType='Text', CommandTimeout='30']
SELECT "p"."MessageId", "p"."AcknowledgedAt", "p"."CreatedAt", "p"."FencedAt", "p"."MessageType", "p"."PayloadJson"
FROM "ProtocolOutbox" AS "p"
WHERE "p"."MessageId" = @__messageId_0
LIMIT 2
[16:58:38 INF] Executed DbCommand (0ms) [Parameters=[@p1='?' (Size = 36), @p0='?' (DbType = DateTimeOffset)], CommandType='Text', CommandTimeout='30']
UPDATE "ProtocolOutbox" SET "AcknowledgedAt" = @p0
WHERE "MessageId" = @p1
RETURNING 1;
[16:58:38 INF] Executed DbCommand (0ms) [Parameters=[@p0='?' (Size = 36), @p1='?' (Size = 64), @p2='?', @p3='?' (Size = 18), @p4='?' (DbType = DateTimeOffset), @p5='?' (Size = 638)], CommandType='Text', CommandTimeout='30']
INSERT INTO "ProtocolInbox" ("MessageId", "ContentHash", "FirstResponseJson", "MessageType", "ReceivedAt", "RequestJson")
VALUES (@p0, @p1, @p2, @p3, @p4, @p5);
[16:58:38 INF] Executed DbCommand (0ms) [Parameters=[@__messageId_0='?' (Size = 36)], CommandType='Text', CommandTimeout='30']
SELECT "p"."MessageId", "p"."ContentHash", "p"."FirstResponseJson", "p"."MessageType", "p"."ReceivedAt", "p"."RequestJson"
FROM "ProtocolInbox" AS "p"
WHERE "p"."MessageId" = @__messageId_0
LIMIT 2
[16:58:38 INF] Executed DbCommand (0ms) [Parameters=[@__agvId_0='?' (Size = 10)], CommandType='Text', CommandTimeout='30']
SELECT "o"."AlarmsJson"
FROM "OnboardAlarmSnapshots" AS "o"
WHERE "o"."AgvId" = @__agvId_0
LIMIT 1
[16:58:38 INF] Executed DbCommand (0ms) [Parameters=[@__snapshot_AgvId_0='?' (Size = 10)], CommandType='Text', CommandTimeout='30']
SELECT "o"."AgvId", "o"."AlarmsJson", "o"."CapturedAt", "o"."ReceivedAt", "o"."SessionGeneration", "o"."SnapshotSequence"
FROM "OnboardAlarmSnapshots" AS "o"
WHERE "o"."AgvId" = @__snapshot_AgvId_0
LIMIT 1
[16:58:38 INF] Executed DbCommand (0ms) [Parameters=[@p4='?' (Size = 10), @p0='?' (Size = 423), @p1='?' (DbType = DateTimeOffset), @p2='?' (DbType = DateTimeOffset), @p3='?' (DbType = Int64)], CommandType='Text', CommandTimeout='30']
UPDATE "OnboardAlarmSnapshots" SET "AlarmsJson" = @p0, "CapturedAt" = @p1, "ReceivedAt" = @p2, "SnapshotSequence" = @p3
WHERE "AgvId" = @p4
RETURNING 1;
[16:58:38 INF] Executed DbCommand (0ms) [Parameters=[@__agvId_0='?' (Size = 10)], CommandType='Text', CommandTimeout='30']
SELECT "o"."AlarmsJson"
FROM "OnboardAlarmSnapshots" AS "o"
WHERE "o"."AgvId" = @__agvId_0
LIMIT 1
[16:58:38 INF] Executed DbCommand (0ms) [Parameters=[@p0='?' (Size = 36), @p1='?' (Size = 64), @p2='?' (Size = 625), @p3='?' (Size = 20), @p4='?' (DbType = DateTimeOffset), @p5='?' (Size = 845)], CommandType='Text', CommandTimeout='30']
INSERT INTO "ProtocolInbox" ("MessageId", "ContentHash", "FirstResponseJson", "MessageType", "ReceivedAt", "RequestJson")
VALUES (@p0, @p1, @p2, @p3, @p4, @p5);
[16:58:38 INF] Executed DbCommand (0ms) [Parameters=[@__messageId_0='?' (Size = 36)], CommandType='Text', CommandTimeout='30']
SELECT "p"."MessageId", "p"."ContentHash", "p"."FirstResponseJson", "p"."MessageType", "p"."ReceivedAt", "p"."RequestJson"
FROM "ProtocolInbox" AS "p"
WHERE "p"."MessageId" = @__messageId_0
LIMIT 2
[16:58:38 INF] Executed DbCommand (0ms) [Parameters=[@__agvId_0='?' (Size = 10)], CommandType='Text', CommandTimeout='30']
SELECT "o"."AlarmsJson"
FROM "OnboardAlarmSnapshots" AS "o"
WHERE "o"."AgvId" = @__agvId_0
LIMIT 1
[16:58:38 INF] Executed DbCommand (0ms) [Parameters=[@__snapshot_AgvId_0='?' (Size = 10)], CommandType='Text', CommandTimeout='30']
SELECT "o"."AgvId", "o"."AlarmsJson", "o"."CapturedAt", "o"."ReceivedAt", "o"."SessionGeneration", "o"."SnapshotSequence"
FROM "OnboardAlarmSnapshots" AS "o"
WHERE "o"."AgvId" = @__snapshot_AgvId_0
LIMIT 1
[16:58:38 INF] Executed DbCommand (0ms) [Parameters=[@p4='?' (Size = 10), @p0='?' (Size = 2), @p1='?' (DbType = DateTimeOffset), @p2='?' (DbType = DateTimeOffset), @p3='?' (DbType = Int64)], CommandType='Text', CommandTimeout='30']
UPDATE "OnboardAlarmSnapshots" SET "AlarmsJson" = @p0, "CapturedAt" = @p1, "ReceivedAt" = @p2, "SnapshotSequence" = @p3
WHERE "AgvId" = @p4
RETURNING 1;
[16:58:38 INF] Executed DbCommand (0ms) [Parameters=[@__agvId_0='?' (Size = 10)], CommandType='Text', CommandTimeout='30']
SELECT "o"."AlarmsJson"
FROM "OnboardAlarmSnapshots" AS "o"
WHERE "o"."AgvId" = @__agvId_0
LIMIT 1
[16:58:38 INF] Executed DbCommand (0ms) [Parameters=[@p0='?' (Size = 36), @p1='?' (Size = 64), @p2='?' (Size = 625), @p3='?' (Size = 20), @p4='?' (DbType = DateTimeOffset), @p5='?' (Size = 485)], CommandType='Text', CommandTimeout='30']
INSERT INTO "ProtocolInbox" ("MessageId", "ContentHash", "FirstResponseJson", "MessageType", "ReceivedAt", "RequestJson")
VALUES (@p0, @p1, @p2, @p3, @p4, @p5);
[16:58:38 INF] Start processing HTTP request GET http://127.0.0.1:48408/api/task/v1/task/getVehicleInfo/BROKERX-L2-0001
[16:58:38 INF] Sending HTTP request GET http://127.0.0.1:48408/api/task/v1/task/getVehicleInfo/BROKERX-L2-0001
[16:58:38 INF] Received HTTP response headers after 18.621ms - 200
[16:58:38 INF] End processing HTTP request after 22.4429ms - 200
[16:58:38 INF] Start processing HTTP request GET http://127.0.0.1:48408/api/order/v1/orderRecord?pageNum=1&pageSize=100&filterByState=1&filterByState=3&filterByState=7&filterByState=9
[16:58:38 INF] Sending HTTP request GET http://127.0.0.1:48408/api/order/v1/orderRecord?pageNum=1&pageSize=100&filterByState=1&filterByState=3&filterByState=7&filterByState=9
[16:58:38 INF] Received HTTP response headers after 34.837ms - 200
[16:58:38 INF] End processing HTTP request after 35.9863ms - 200
[16:58:38 INF] HTTP GET /api/onboard/v1/vehicle-safety responded 200 in 59.8874 ms
[16:58:38 INF] Start processing HTTP request GET http://127.0.0.1:48408/api/imap/v1/mapInfo/stations/25
[16:58:38 INF] Sending HTTP request GET http://127.0.0.1:48408/api/imap/v1/mapInfo/stations/25
[16:58:38 INF] Received HTTP response headers after 9.6298ms - 200
[16:58:38 INF] End processing HTTP request after 11.0848ms - 200
[16:58:38 INF] Executed DbCommand (0ms) [Parameters=[@__mapId_0='?' (DbType = Int32)], CommandType='Text', CommandTimeout='30']
SELECT "t"."MapId", "t"."ActiveVersion", "t"."PendingVersion", "t"."State", "t"."UpdatedAt"
FROM "TaskTypeStationActiveBindingSets" AS "t"
WHERE "t"."MapId" = @__mapId_0
LIMIT 2
[16:58:38 INF] Executed DbCommand (0ms) [Parameters=[@__mapId_0='?' (DbType = Int32), @__version_1='?' (DbType = Int64)], CommandType='Text', CommandTimeout='30']
SELECT "t"."MapId", "t"."Version", "t"."CatalogRevision", "t"."ContentSha256", "t"."LoadedAt", "t"."RuleVersion", "t"."SnapshotId", "t"."Source"
FROM "TaskTypeStationBindingSetVersions" AS "t"
WHERE "t"."MapId" = @__mapId_0 AND "t"."Version" = @__version_1
LIMIT 2
[16:58:38 INF] Executed DbCommand (0ms) [Parameters=[@__mapId_0='?' (DbType = Int32), @__version_1='?' (DbType = Int64)], CommandType='Text', CommandTimeout='30']
SELECT "t"."TaskType"
FROM "TaskTypeStationRequirements" AS "t"
WHERE "t"."MapId" = @__mapId_0 AND "t"."Version" = @__version_1
[16:58:38 INF] Executed DbCommand (0ms) [Parameters=[@__mapId_0='?' (DbType = Int32), @__version_1='?' (DbType = Int64)], CommandType='Text', CommandTimeout='30']
SELECT "t"."MapId", "t"."Version", "t"."TaskType", "t"."SiteVerificationRef", "t"."StationName", "t"."StationRiotId"
FROM "TaskTypeStationBindings" AS "t"
WHERE "t"."MapId" = @__mapId_0 AND "t"."Version" = @__version_1
[16:58:38 INF] Executed DbCommand (0ms) [Parameters=[@__version_0='?' (DbType = Int64)], CommandType='Text', CommandTimeout='30']
SELECT "t"."Version", "t"."ContentSha256", "t"."LoadedAt", "t"."SnapshotId", "t"."Source"
FROM "TaskTypeStationRuleVersions" AS "t"
WHERE "t"."Version" = @__version_0
LIMIT 2
[16:58:38 INF] Executed DbCommand (0ms) [Parameters=[@__version_0='?' (DbType = Int64)], CommandType='Text', CommandTimeout='30']
SELECT "t"."Version", "t"."TaskType", "t"."FixedEnd"
FROM "TaskTypeStationRules" AS "t"
WHERE "t"."Version" = @__version_0
[16:58:38 INF] Executed DbCommand (0ms) [Parameters=[@__mapId_0='?' (DbType = Int32)], CommandType='Text', CommandTimeout='30']
SELECT "t"."MapId", "t"."ActiveVersion", "t"."PendingVersion", "t"."State", "t"."UpdatedAt"
FROM "TaskTypeStationActiveBindingSets" AS "t"
WHERE "t"."MapId" = @__mapId_0
LIMIT 2
[16:58:38 INF] Executed DbCommand (0ms) [Parameters=[@__mapId_0='?' (DbType = Int32)], CommandType='Text', CommandTimeout='30']
SELECT "t"."HoldId", "t"."DetailJson", "t"."MapId", "t"."RaisedAt", "t"."RaisedBy", "t"."ReasonCode", "t"."ReleasedAt", "t"."ReleasedBy", "t"."Source", "t"."TaskType"
FROM "TaskTypeStationHolds" AS "t"
WHERE "t"."MapId" = @__mapId_0 AND "t"."ReleasedAt" IS NULL
[16:58:38 INF] Executed DbCommand (0ms) [Parameters=[@__mapId_0='?' (DbType = Int32)], CommandType='Text', CommandTimeout='30']
SELECT "m"."MapId", "m"."ApprovedMaxUnconfirmedSeconds", "m"."ApprovedSyncPeriodSeconds", "m"."CatalogRevision", "m"."LastAttemptAt", "m"."LastCompleteConfirmationAt", "m"."LastFailureReason", "m"."State", "m"."UpdatedAt"
FROM "MapStationCatalogStates" AS "m"
WHERE "m"."MapId" = @__mapId_0
LIMIT 2
[16:58:38 INF] Executed DbCommand (0ms) [Parameters=[@p3='?' (DbType = Int32), @p0='?' (DbType = DateTimeOffset), @p1='?' (DbType = DateTimeOffset), @p2='?' (DbType = DateTimeOffset)], CommandType='Text', CommandTimeout='30']
UPDATE "MapStationCatalogStates" SET "LastAttemptAt" = @p0, "LastCompleteConfirmationAt" = @p1, "UpdatedAt" = @p2
WHERE "MapId" = @p3
RETURNING 1;
[16:58:38 INF] Executed DbCommand (0ms) [Parameters=[@__mapId_0='?' (DbType = Int32)], CommandType='Text', CommandTimeout='30']
SELECT "t"."MapId", "t"."ActiveVersion", "t"."PendingVersion", "t"."State", "t"."UpdatedAt"
FROM "TaskTypeStationActiveBindingSets" AS "t"
WHERE "t"."MapId" = @__mapId_0
LIMIT 2
[16:58:38 INF] Executed DbCommand (0ms) [Parameters=[@__mapId_0='?' (DbType = Int32), @__version_1='?' (DbType = Int64)], CommandType='Text', CommandTimeout='30']
SELECT "t"."MapId", "t"."Version", "t"."CatalogRevision", "t"."ContentSha256", "t"."LoadedAt", "t"."RuleVersion", "t"."SnapshotId", "t"."Source"
FROM "TaskTypeStationBindingSetVersions" AS "t"
WHERE "t"."MapId" = @__mapId_0 AND "t"."Version" = @__version_1
LIMIT 2
[16:58:38 INF] Executed DbCommand (0ms) [Parameters=[@__mapId_0='?' (DbType = Int32), @__version_1='?' (DbType = Int64)], CommandType='Text', CommandTimeout='30']
SELECT "t"."TaskType"
FROM "TaskTypeStationRequirements" AS "t"
WHERE "t"."MapId" = @__mapId_0 AND "t"."Version" = @__version_1
[16:58:38 INF] Executed DbCommand (0ms) [Parameters=[@__mapId_0='?' (DbType = Int32), @__version_1='?' (DbType = Int64)], CommandType='Text', CommandTimeout='30']
SELECT "t"."MapId", "t"."Version", "t"."TaskType", "t"."SiteVerificationRef", "t"."StationName", "t"."StationRiotId"
FROM "TaskTypeStationBindings" AS "t"
WHERE "t"."MapId" = @__mapId_0 AND "t"."Version" = @__version_1
[16:58:38 INF] Executed DbCommand (0ms) [Parameters=[@__version_0='?' (DbType = Int64)], CommandType='Text', CommandTimeout='30']
SELECT "t"."Version", "t"."ContentSha256", "t"."LoadedAt", "t"."SnapshotId", "t"."Source"
FROM "TaskTypeStationRuleVersions" AS "t"
WHERE "t"."Version" = @__version_0
LIMIT 2
[16:58:38 INF] Executed DbCommand (0ms) [Parameters=[@__version_0='?' (DbType = Int64)], CommandType='Text', CommandTimeout='30']
SELECT "t"."Version", "t"."TaskType", "t"."FixedEnd"
FROM "TaskTypeStationRules" AS "t"
WHERE "t"."Version" = @__version_0
[16:58:38 INF] Executed DbCommand (0ms) [Parameters=[], CommandType='Text', CommandTimeout='30']
SELECT "a"."Id", "a"."ContentHash", "a"."DeploymentId", "a"."ImportedAt", "a"."Version"
FROM "AdmissionPolicyState" AS "a"
WHERE "a"."Id" = 1
LIMIT 2
[16:58:38 INF] Executed DbCommand (0ms) [Parameters=[], CommandType='Text', CommandTimeout='30']
SELECT "j"."DemandId", "j"."AgvId", "j"."AgvLifecycleGeneration", "j"."BlockReasonCode", "j"."BlockReasonSince", "j"."ConsumedSafetyResultMessageId", "j"."ConsumedSublotMessageId", "j"."CreatedAt", "j"."DispatchGeneration", "j"."DispatchZone", "j"."ExpectedBasketCount", "j"."GateMovementLegId", "j"."GatePlanMessageId", "j"."GateStationId", "j"."GateStationRiotId", "j"."GateUpperId", "j"."GateVehicleBusinessMessageId", "j"."GateWorklistMessageId", "j"."LoadCommandMessageId", "j"."LoadSlotOperationAttemptId", "j"."MapId", "j"."MapIdentity", "j"."OperationSessionId", "j"."PickupMovementLegId", "j"."PickupStationId", "j"."PickupStationRiotId", "j"."PickupUpperId", "j"."PlanMessageId", "j"."PlanRevision", "j"."PreDepartureSafetyCheckId", "j"."PreDepartureSafetyCheckMessageId", "j"."RouteEvidenceId", "j"."Stage", "j"."StationDepartureWaitStartedAt", "j"."SublotRequestMessageId", "j"."TargetSlotsJson", "j"."UnloadCommandMessageId", "j"."UnloadSlotOperationAttemptId", "j"."UpdatedAt", "j"."VehicleBusinessMessageId", "j"."VehicleBusinessRevision", "j"."VehicleKey", "j"."WorklistMessageId", "j"."WorklistRevision"
FROM "JourneyRuntimes" AS "j"
WHERE "j"."Stage" <> 'Completed'
[16:58:38 INF] Executed DbCommand (0ms) [Parameters=[], CommandType='Text', CommandTimeout='30']
SELECT "a"."DemandId"
FROM "AcceptedDemands" AS "a"
WHERE "a"."Status" NOT IN ('Succeeded', 'Cancelled')
[16:58:38 INF] Executed DbCommand (0ms) [Parameters=[], CommandType='Text', CommandTimeout='30']
SELECT "j"."DemandId"
FROM "JourneyRuntimes" AS "j"
[16:58:38 INF] Start processing HTTP request GET http://127.0.0.1:48409/api/v2/contract
[16:58:38 INF] Sending HTTP request GET http://127.0.0.1:48409/api/v2/contract
[16:58:38 INF] Received HTTP response headers after 5.8213ms - 200
[16:58:38 INF] End processing HTTP request after 6.8518ms - 200
[16:58:38 INF] Start processing HTTP request GET http://127.0.0.1:48409/api/v2/externally-readable-demand-catalog
[16:58:38 INF] Sending HTTP request GET http://127.0.0.1:48409/api/v2/externally-readable-demand-catalog
[16:58:39 INF] Received HTTP response headers after 1.8881ms - 200
[16:58:39 INF] End processing HTTP request after 3.1037ms - 200
[16:58:39 INF] Executed DbCommand (0ms) [Parameters=[], CommandType='Text', CommandTimeout='30']
SELECT "j"."DemandId", "j"."AcceptedAt", "j"."DecisionFingerprint", "j"."DemandCreatedAt", "j"."FirstSeenAt", "j"."LastSeenAt", "j"."ReasonCode", "j"."TransportDemandKey"
FROM "JourneyBacklog" AS "j"
[16:58:39 INF] Executed DbCommand (0ms) [Parameters=[], CommandType='Text', CommandTimeout='30']
SELECT "a"."DemandId"
FROM "AcceptedDemands" AS "a"
[16:58:39 INF] Executed DbCommand (0ms) [Parameters=[], CommandType='Text', CommandTimeout='30']
SELECT "v"."AgvId", "v"."TaskType", "v"."Allowed", "v"."ConfigurationVersion", "v"."UpdatedAt"
FROM "VehicleTaskTypeAdmissions" AS "v"
[16:58:39 INF] Executed DbCommand (0ms) [Parameters=[], CommandType='Text', CommandTimeout='30']
SELECT "v"."AgvId", "v"."ConfigurationVersion", "v"."RoundTimeoutMilliseconds", "v"."UpdatedAt"
FROM "VehicleDispatchBudgets" AS "v"
[16:58:39 INF] Executed DbCommand (0ms) [Parameters=[], CommandType='Text', CommandTimeout='30']
SELECT "d"."Zone", "d"."AgvId", "d"."ConfigurationVersion", "d"."UpdatedAt"
FROM "DispatchZoneVehicles" AS "d"
[16:58:39 INF] Executed DbCommand (0ms) [Parameters=[], CommandType='Text', CommandTimeout='30']
SELECT MAX("d"."Version")
FROM "DispatchZoneAreaAssignmentVersions" AS "d"
[16:58:39 INF] Executed DbCommand (0ms) [Parameters=[@__version_0='?' (DbType = Int64)], CommandType='Text', CommandTimeout='30']
SELECT "d"."Version", "d"."ContentSha256", "d"."EntryCount", "d"."ImportedAt", "d"."SnapshotId"
FROM "DispatchZoneAreaAssignmentVersions" AS "d"
WHERE "d"."Version" = @__version_0
LIMIT 2
[16:58:39 INF] Executed DbCommand (0ms) [Parameters=[@__version_0='?' (DbType = Int64)], CommandType='Text', CommandTimeout='30']
SELECT "d"."Version", "d"."Area", "d"."DispatchZone", "d"."SlotPosition"
FROM "DispatchZoneAreaAssignments" AS "d"
WHERE "d"."Version" = @__version_0
[16:58:39 INF] Executed DbCommand (0ms) [Parameters=[@__agvId_0='?' (Size = 10)], CommandType='Text', CommandTimeout='30']
SELECT "a"."SlotModelVersionId", "a"."SnapshotId"
FROM "ActiveSlotConfigurations" AS "a"
WHERE "a"."AgvId" = @__agvId_0
LIMIT 2
[16:58:39 INF] Executed DbCommand (0ms) [Parameters=[@__agvId_0='?' (Size = 10)], CommandType='Text', CommandTimeout='30']
SELECT "s"."SlotModelVersionId", "s"."CreatedAt"
FROM "SlotIoBindings" AS "s"
WHERE "s"."AgvId" = @__agvId_0 AND "s"."Status" = 'PUBLISHED'
[16:58:39 INF] Executed DbCommand (0ms) [Parameters=[@__slotModelVersionId_0='?' (Size = 32)], CommandType='Text', CommandTimeout='30']
SELECT "s"."SlotModelVersionId", "s"."PhysicalSlotNumber", "s"."SlotPosition", "s"."SlotTemplateId"
FROM "SlotModelSlots" AS "s"
WHERE "s"."SlotModelVersionId" = @__slotModelVersionId_0
[16:58:39 INF] Executed DbCommand (0ms) [Parameters=[@__agvId_0='?' (Size = 10)], CommandType='Text', CommandTimeout='30']
SELECT "s"."AgvId", "s"."ActiveUnlockSlotsJson", "s"."CapabilityHash", "s"."CapabilityRevision", "s"."DepartureSafe", "s"."ForcedRecoveryGeneration", "s"."ManifestSha256", "s"."PendingAttemptIdsJson", "s"."PendingResultIdsJson", "s"."ProfileId", "s"."ProtocolCommit", "s"."ProtocolVersion", "s"."ProvenRecoveryCheckpoint", "s"."Readiness", "s"."ReasonCode", "s"."RecoveryReportId", "s"."ReportedForcedRecoveryGeneration", "s"."ReportedSlotConfigurationFingerprint", "s"."SafetyHash", "s"."SafetyReasonCodesJson", "s"."SafetyRevision", "s"."SafetyUnknownPresent", "s"."SessionGeneration", "s"."UnsettledSlotOperationAttemptId", "s"."UpdatedAt"
FROM "SessionRecoveries" AS "s"
WHERE "s"."AgvId" = @__agvId_0 AND "s"."Readiness" = 'Ready'
LIMIT 2
[16:58:39 INF] Executed DbCommand (0ms) [Parameters=[@__messageType_0='?' (Size = 18)], CommandType='Text', CommandTimeout='30']
SELECT "p"."MessageId", "p"."ContentHash", "p"."FirstResponseJson", "p"."MessageType", "p"."ReceivedAt", "p"."RequestJson"
FROM "ProtocolInbox" AS "p"
WHERE "p"."MessageType" = @__messageType_0
[16:58:39 INF] Executed DbCommand (0ms) [Parameters=[], CommandType='Text', CommandTimeout='30']
SELECT "p"."MessageId", "p"."ContentHash", "p"."FirstResponseJson", "p"."MessageType", "p"."ReceivedAt", "p"."RequestJson"
FROM "ProtocolInbox" AS "p"
WHERE "p"."MessageType" = 'SafetyStateSnapshot'
[16:58:39 INF] Executed DbCommand (0ms) [Parameters=[], CommandType='Text', CommandTimeout='30']
SELECT "p"."MessageId", "p"."ContentHash", "p"."FirstResponseJson", "p"."MessageType", "p"."ReceivedAt", "p"."RequestJson"
FROM "ProtocolInbox" AS "p"
WHERE "p"."MessageType" IN ('SafetyStateSnapshot', 'SafetyStateChanged')
[16:58:39 INF] Executed DbCommand (0ms) [Parameters=[], CommandType='Text', CommandTimeout='30']
SELECT "p"."MessageId", "p"."ContentHash", "p"."FirstResponseJson", "p"."MessageType", "p"."ReceivedAt", "p"."RequestJson"
FROM "ProtocolInbox" AS "p"
[16:58:39 INF] Start processing HTTP request GET http://127.0.0.1:48408/api/task/vehicles/getVehicleInfoByDeviceKey?key=BROKERX-L2-0001
[16:58:39 INF] Sending HTTP request GET http://127.0.0.1:48408/api/task/vehicles/getVehicleInfoByDeviceKey?key=BROKERX-L2-0001
[16:58:39 INF] Received HTTP response headers after 4.7165ms - 200
[16:58:39 INF] End processing HTTP request after 6.2977ms - 200
[16:58:39 INF] Executed DbCommand (0ms) [Parameters=[@p2='?' (Size = 36), @p0='?' (DbType = DateTimeOffset), @p1='?' (Size = 23)], CommandType='Text', CommandTimeout='30']
UPDATE "JourneyBacklog" SET "LastSeenAt" = @p0, "ReasonCode" = @p1
WHERE "DemandId" = @p2
RETURNING 1;
[16:58:39 INF] Executed DbCommand (0ms) [Parameters=[], CommandType='Text', CommandTimeout='30']
SELECT "s"."DemandId", "s"."ReasonCode", "s"."ClearedAt", "s"."DetailJson", "s"."FirstRaisedAt", "s"."LastSeenAt", "s"."TransportDemandKey"
FROM "StructuralDispatchBlocks" AS "s"
WHERE "s"."ClearedAt" IS NULL
[16:58:39 INF] Executed DbCommand (0ms) [Parameters=[@__messageId_0='?' (Size = 36)], CommandType='Text', CommandTimeout='30']
SELECT "p"."MessageId", "p"."ContentHash", "p"."FirstResponseJson", "p"."MessageType", "p"."ReceivedAt", "p"."RequestJson"
FROM "ProtocolInbox" AS "p"
WHERE "p"."MessageId" = @__messageId_0
LIMIT 2
[16:58:39 INF] Executed DbCommand (0ms) [Parameters=[@p0='?' (Size = 36), @p1='?' (Size = 64), @p2='?' (Size = 536), @p3='?' (Size = 9), @p4='?' (DbType = DateTimeOffset), @p5='?' (Size = 427)], CommandType='Text', CommandTimeout='30']
INSERT INTO "ProtocolInbox" ("MessageId", "ContentHash", "FirstResponseJson", "MessageType", "ReceivedAt", "RequestJson")
VALUES (@p0, @p1, @p2, @p3, @p4, @p5);
[16:58:39 WRN] Onboard connection ended with a protocol or transport error.
System.IO.IOException: Unable to read data from the transport connection: An existing connection was forcibly closed by the remote host..
 ---> System.Net.Sockets.SocketException (10054): An existing connection was forcibly closed by the remote host.
   --- End of inner exception stack trace ---
   at System.Net.Sockets.Socket.AwaitableSocketAsyncEventArgs.ThrowException(SocketError error, CancellationToken cancellationToken)
   at System.Net.Sockets.Socket.AwaitableSocketAsyncEventArgs.System.Threading.Tasks.Sources.IValueTaskSource<System.Int32>.GetResult(Int16 token)
   at System.IO.StreamReader.ReadBufferAsync(CancellationToken cancellationToken)
   at System.IO.StreamReader.ReadLineAsyncInternal(CancellationToken cancellationToken)
   at ControlServer.Host.Transport.OnboardTcpServer.HandleClientAsync(TcpClient client, CancellationToken cancellationToken) in C:\Users\szy\Desktop\8005-workspace-v2\worktrees\rig-hmi119-8005-agv-control-server\src\ControlServer.Host\Transport\OnboardTcpServer.cs:line 108
   at ControlServer.Host.Transport.OnboardTcpServer.HandleClientAsync(TcpClient client, CancellationToken cancellationToken) in C:\Users\szy\Desktop\8005-workspace-v2\worktrees\rig-hmi119-8005-agv-control-server\src\ControlServer.Host\Transport\OnboardTcpServer.cs:line 141
   at ControlServer.Host.Transport.OnboardTcpServer.HandleClientAsync(TcpClient client, CancellationToken cancellationToken) in C:\Users\szy\Desktop\8005-workspace-v2\worktrees\rig-hmi119-8005-agv-control-server\src\ControlServer.Host\Transport\OnboardTcpServer.cs:line 141
   at ControlServer.Host.Transport.OnboardTcpServer.HandleClientAsync(TcpClient client, CancellationToken cancellationToken) in C:\Users\szy\Desktop\8005-workspace-v2\worktrees\rig-hmi119-8005-agv-control-server\src\ControlServer.Host\Transport\OnboardTcpServer.cs:line 141
   at ControlServer.Host.Transport.OnboardTcpServer.ServeAsync(TcpClient client, SemaphoreSlim slots, CancellationToken cancellationToken) in C:\Users\szy\Desktop\8005-workspace-v2\worktrees\rig-hmi119-8005-agv-control-server\src\ControlServer.Host\Transport\OnboardTcpServer.cs:line 78
