info: Microsoft.Hosting.Lifetime[14]
      Now listening on: http://127.0.0.1:48408
info: Microsoft.Hosting.Lifetime[0]
      Application started. Press Ctrl+C to shut down.
info: Microsoft.Hosting.Lifetime[0]
      Hosting environment: Production
info: Microsoft.Hosting.Lifetime[0]
      Content root path: C:\Users\szy\Desktop\8005-workspace-v2\worktrees\rig-hmi119-8005-agv-control-server\tools\ControlServer.FakeRiot\bin\Release\net8.0\win-x64
info: Microsoft.AspNetCore.Hosting.Diagnostics[1]
      Request starting HTTP/1.1 GET http://127.0.0.1:48408/control/v1/health - - -
info: Microsoft.AspNetCore.Routing.EndpointMiddleware[0]
      Executing endpoint 'HTTP: GET /control/v1/health'
info: Microsoft.AspNetCore.Http.Result.JsonResult[3]
      Writing value of type '<>f__AnonymousType0`6' as Json.
info: Microsoft.AspNetCore.Routing.EndpointMiddleware[1]
      Executed endpoint 'HTTP: GET /control/v1/health'
info: Microsoft.AspNetCore.Hosting.Diagnostics[2]
      Request finished HTTP/1.1 GET http://127.0.0.1:48408/control/v1/health - 200 - application/json;+charset=utf-8 393.7728ms
info: Microsoft.AspNetCore.Hosting.Diagnostics[1]
      Request starting HTTP/1.1 GET http://127.0.0.1:48408/api/imap/v1/mapInfo/stations/25 - - -
info: Microsoft.AspNetCore.Routing.EndpointMiddleware[0]
      Executing endpoint 'HTTP: GET /api/imap/v1/mapInfo/stations/{mapId:int}'
info: Microsoft.AspNetCore.Http.Result.JsonResult[3]
      Writing value of type '<>f__AnonymousType5`3' as Json.
info: Microsoft.AspNetCore.Routing.EndpointMiddleware[1]
      Executed endpoint 'HTTP: GET /api/imap/v1/mapInfo/stations/{mapId:int}'
info: Microsoft.AspNetCore.Hosting.Diagnostics[2]
      Request finished HTTP/1.1 GET http://127.0.0.1:48408/api/imap/v1/mapInfo/stations/25 - 200 - application/json;+charset=utf-8 52.5295ms
info: Microsoft.AspNetCore.Hosting.Diagnostics[1]
      Request starting HTTP/1.1 GET http://127.0.0.1:48408/api/task/vehicles/getVehicleInfoByDeviceKey?key=BROKERX-L2-0001 - - -
info: Microsoft.AspNetCore.Routing.EndpointMiddleware[0]
      Executing endpoint 'HTTP: GET /api/task/vehicles/getVehicleInfoByDeviceKey'
info: Microsoft.AspNetCore.Http.Result.JsonResult[3]
      Writing value of type '<>f__AnonymousType5`3' as Json.
info: Microsoft.AspNetCore.Routing.EndpointMiddleware[1]
      Executed endpoint 'HTTP: GET /api/task/vehicles/getVehicleInfoByDeviceKey'
info: Microsoft.AspNetCore.Hosting.Diagnostics[2]
      Request finished HTTP/1.1 GET http://127.0.0.1:48408/api/task/vehicles/getVehicleInfoByDeviceKey?key=BROKERX-L2-0001 - 200 - application/json;+charset=utf-8 31.6542ms
info: Microsoft.AspNetCore.Hosting.Diagnostics[1]
      Request starting HTTP/1.1 GET http://127.0.0.1:48408/api/imap/v1/mapInfo/stations/25 - - -
info: Microsoft.AspNetCore.Routing.EndpointMiddleware[0]
      Executing endpoint 'HTTP: GET /api/imap/v1/mapInfo/stations/{mapId:int}'
info: Microsoft.AspNetCore.Http.Result.JsonResult[3]
      Writing value of type '<>f__AnonymousType5`3' as Json.
info: Microsoft.AspNetCore.Routing.EndpointMiddleware[1]
      Executed endpoint 'HTTP: GET /api/imap/v1/mapInfo/stations/{mapId:int}'
info: Microsoft.AspNetCore.Hosting.Diagnostics[2]
      Request finished HTTP/1.1 GET http://127.0.0.1:48408/api/imap/v1/mapInfo/stations/25 - 200 - application/json;+charset=utf-8 3.1365ms
info: Microsoft.AspNetCore.Hosting.Diagnostics[1]
      Request starting HTTP/1.1 GET http://127.0.0.1:48408/api/task/vehicles/getVehicleInfoByDeviceKey?key=BROKERX-L2-0001 - - -
info: Microsoft.AspNetCore.Routing.EndpointMiddleware[0]
      Executing endpoint 'HTTP: GET /api/task/vehicles/getVehicleInfoByDeviceKey'
info: Microsoft.AspNetCore.Http.Result.JsonResult[3]
      Writing value of type '<>f__AnonymousType5`3' as Json.
info: Microsoft.AspNetCore.Routing.EndpointMiddleware[1]
      Executed endpoint 'HTTP: GET /api/task/vehicles/getVehicleInfoByDeviceKey'
info: Microsoft.AspNetCore.Hosting.Diagnostics[2]
      Request finished HTTP/1.1 GET http://127.0.0.1:48408/api/task/vehicles/getVehicleInfoByDeviceKey?key=BROKERX-L2-0001 - 200 - application/json;+charset=utf-8 1.8051ms
info: Microsoft.AspNetCore.Hosting.Diagnostics[1]
      Request starting HTTP/1.1 GET http://127.0.0.1:48408/api/imap/v1/mapInfo/stations/25 - - -
info: Microsoft.AspNetCore.Routing.EndpointMiddleware[0]
      Executing endpoint 'HTTP: GET /api/imap/v1/mapInfo/stations/{mapId:int}'
info: Microsoft.AspNetCore.Http.Result.JsonResult[3]
      Writing value of type '<>f__AnonymousType5`3' as Json.
info: Microsoft.AspNetCore.Routing.EndpointMiddleware[1]
      Executed endpoint 'HTTP: GET /api/imap/v1/mapInfo/stations/{mapId:int}'
info: Microsoft.AspNetCore.Hosting.Diagnostics[2]
      Request finished HTTP/1.1 GET http://127.0.0.1:48408/api/imap/v1/mapInfo/stations/25 - 200 - application/json;+charset=utf-8 1.1816ms
info: Microsoft.AspNetCore.Hosting.Diagnostics[1]
      Request starting HTTP/1.1 GET http://127.0.0.1:48408/api/task/vehicles/getVehicleInfoByDeviceKey?key=BROKERX-L2-0001 - - -
info: Microsoft.AspNetCore.Routing.EndpointMiddleware[0]
      Executing endpoint 'HTTP: GET /api/task/vehicles/getVehicleInfoByDeviceKey'
info: Microsoft.AspNetCore.Http.Result.JsonResult[3]
      Writing value of type '<>f__AnonymousType5`3' as Json.
info: Microsoft.AspNetCore.Routing.EndpointMiddleware[1]
      Executed endpoint 'HTTP: GET /api/task/vehicles/getVehicleInfoByDeviceKey'
info: Microsoft.AspNetCore.Hosting.Diagnostics[2]
      Request finished HTTP/1.1 GET http://127.0.0.1:48408/api/task/vehicles/getVehicleInfoByDeviceKey?key=BROKERX-L2-0001 - 200 - application/json;+charset=utf-8 0.6076ms
info: Microsoft.AspNetCore.Hosting.Diagnostics[1]
      Request starting HTTP/1.1 GET http://127.0.0.1:48408/api/imap/v1/mapInfo/stations/25 - - -
info: Microsoft.AspNetCore.Routing.EndpointMiddleware[0]
      Executing endpoint 'HTTP: GET /api/imap/v1/mapInfo/stations/{mapId:int}'
info: Microsoft.AspNetCore.Http.Result.JsonResult[3]
      Writing value of type '<>f__AnonymousType5`3' as Json.
info: Microsoft.AspNetCore.Routing.EndpointMiddleware[1]
      Executed endpoint 'HTTP: GET /api/imap/v1/mapInfo/stations/{mapId:int}'
info: Microsoft.AspNetCore.Hosting.Diagnostics[2]
      Request finished HTTP/1.1 GET http://127.0.0.1:48408/api/imap/v1/mapInfo/stations/25 - 200 - application/json;+charset=utf-8 0.4693ms
info: Microsoft.AspNetCore.Hosting.Diagnostics[1]
      Request starting HTTP/1.1 GET http://127.0.0.1:48408/api/task/vehicles/getVehicleInfoByDeviceKey?key=BROKERX-L2-0001 - - -
info: Microsoft.AspNetCore.Routing.EndpointMiddleware[0]
      Executing endpoint 'HTTP: GET /api/task/vehicles/getVehicleInfoByDeviceKey'
info: Microsoft.AspNetCore.Http.Result.JsonResult[3]
      Writing value of type '<>f__AnonymousType5`3' as Json.
info: Microsoft.AspNetCore.Routing.EndpointMiddleware[1]
      Executed endpoint 'HTTP: GET /api/task/vehicles/getVehicleInfoByDeviceKey'
info: Microsoft.AspNetCore.Hosting.Diagnostics[2]
      Request finished HTTP/1.1 GET http://127.0.0.1:48408/api/task/vehicles/getVehicleInfoByDeviceKey?key=BROKERX-L2-0001 - 200 - application/json;+charset=utf-8 0.8424ms
info: Microsoft.AspNetCore.Hosting.Diagnostics[1]
      Request starting HTTP/1.1 GET http://127.0.0.1:48408/api/imap/v1/mapInfo/stations/25 - - -
info: Microsoft.AspNetCore.Routing.EndpointMiddleware[0]
      Executing endpoint 'HTTP: GET /api/imap/v1/mapInfo/stations/{mapId:int}'
info: Microsoft.AspNetCore.Http.Result.JsonResult[3]
      Writing value of type '<>f__AnonymousType5`3' as Json.
info: Microsoft.AspNetCore.Routing.EndpointMiddleware[1]
      Executed endpoint 'HTTP: GET /api/imap/v1/mapInfo/stations/{mapId:int}'
info: Microsoft.AspNetCore.Hosting.Diagnostics[2]
      Request finished HTTP/1.1 GET http://127.0.0.1:48408/api/imap/v1/mapInfo/stations/25 - 200 - application/json;+charset=utf-8 0.5686ms
info: Microsoft.AspNetCore.Hosting.Diagnostics[1]
      Request starting HTTP/1.1 GET http://127.0.0.1:48408/api/task/vehicles/getVehicleInfoByDeviceKey?key=BROKERX-L2-0001 - - -
info: Microsoft.AspNetCore.Routing.EndpointMiddleware[0]
      Executing endpoint 'HTTP: GET /api/task/vehicles/getVehicleInfoByDeviceKey'
info: Microsoft.AspNetCore.Http.Result.JsonResult[3]
      Writing value of type '<>f__AnonymousType5`3' as Json.
info: Microsoft.AspNetCore.Routing.EndpointMiddleware[1]
      Executed endpoint 'HTTP: GET /api/task/vehicles/getVehicleInfoByDeviceKey'
info: Microsoft.AspNetCore.Hosting.Diagnostics[2]
      Request finished HTTP/1.1 GET http://127.0.0.1:48408/api/task/vehicles/getVehicleInfoByDeviceKey?key=BROKERX-L2-0001 - 200 - application/json;+charset=utf-8 0.6585ms
info: Microsoft.AspNetCore.Hosting.Diagnostics[1]
      Request starting HTTP/1.1 GET http://127.0.0.1:48408/api/imap/v1/mapInfo/stations/25 - - -
info: Microsoft.AspNetCore.Routing.EndpointMiddleware[0]
      Executing endpoint 'HTTP: GET /api/imap/v1/mapInfo/stations/{mapId:int}'
info: Microsoft.AspNetCore.Http.Result.JsonResult[3]
      Writing value of type '<>f__AnonymousType5`3' as Json.
info: Microsoft.AspNetCore.Routing.EndpointMiddleware[1]
      Executed endpoint 'HTTP: GET /api/imap/v1/mapInfo/stations/{mapId:int}'
info: Microsoft.AspNetCore.Hosting.Diagnostics[2]
      Request finished HTTP/1.1 GET http://127.0.0.1:48408/api/imap/v1/mapInfo/stations/25 - 200 - application/json;+charset=utf-8 0.7496ms
info: Microsoft.AspNetCore.Hosting.Diagnostics[1]
      Request starting HTTP/1.1 GET http://127.0.0.1:48408/api/task/vehicles/getVehicleInfoByDeviceKey?key=BROKERX-L2-0001 - - -
info: Microsoft.AspNetCore.Routing.EndpointMiddleware[0]
      Executing endpoint 'HTTP: GET /api/task/vehicles/getVehicleInfoByDeviceKey'
info: Microsoft.AspNetCore.Http.Result.JsonResult[3]
      Writing value of type '<>f__AnonymousType5`3' as Json.
info: Microsoft.AspNetCore.Routing.EndpointMiddleware[1]
      Executed endpoint 'HTTP: GET /api/task/vehicles/getVehicleInfoByDeviceKey'
info: Microsoft.AspNetCore.Hosting.Diagnostics[2]
      Request finished HTTP/1.1 GET http://127.0.0.1:48408/api/task/vehicles/getVehicleInfoByDeviceKey?key=BROKERX-L2-0001 - 200 - application/json;+charset=utf-8 0.9015ms
info: Microsoft.AspNetCore.Hosting.Diagnostics[1]
      Request starting HTTP/1.1 GET http://127.0.0.1:48408/api/task/v1/task/getVehicleInfo/BROKERX-L2-0001 - - -
info: Microsoft.AspNetCore.Routing.EndpointMiddleware[0]
      Executing endpoint 'HTTP: GET /api/task/v1/task/getVehicleInfo/{deviceKey}'
info: Microsoft.AspNetCore.Http.Result.JsonResult[3]
      Writing value of type '<>f__AnonymousType7`2' as Json.
info: Microsoft.AspNetCore.Routing.EndpointMiddleware[1]
      Executed endpoint 'HTTP: GET /api/task/v1/task/getVehicleInfo/{deviceKey}'
info: Microsoft.AspNetCore.Hosting.Diagnostics[2]
      Request finished HTTP/1.1 GET http://127.0.0.1:48408/api/task/v1/task/getVehicleInfo/BROKERX-L2-0001 - 200 - application/json;+charset=utf-8 7.8396ms
info: Microsoft.AspNetCore.Hosting.Diagnostics[1]
      Request starting HTTP/1.1 GET http://127.0.0.1:48408/api/order/v1/orderRecord?pageNum=1&pageSize=100&filterByState=1&filterByState=3&filterByState=7&filterByState=9 - - -
info: Microsoft.AspNetCore.Routing.EndpointMiddleware[0]
      Executing endpoint 'HTTP: GET /api/order/v1/orderRecord'
info: Microsoft.AspNetCore.Http.Result.JsonResult[3]
      Writing value of type '<>f__AnonymousType5`3' as Json.
info: Microsoft.AspNetCore.Routing.EndpointMiddleware[1]
      Executed endpoint 'HTTP: GET /api/order/v1/orderRecord'
info: Microsoft.AspNetCore.Hosting.Diagnostics[2]
      Request finished HTTP/1.1 GET http://127.0.0.1:48408/api/order/v1/orderRecord?pageNum=1&pageSize=100&filterByState=1&filterByState=3&filterByState=7&filterByState=9 - 200 - application/json;+charset=utf-8 14.1380ms
info: Microsoft.AspNetCore.Hosting.Diagnostics[1]
      Request starting HTTP/1.1 GET http://127.0.0.1:48408/api/imap/v1/mapInfo/stations/25 - - -
info: Microsoft.AspNetCore.Routing.EndpointMiddleware[0]
      Executing endpoint 'HTTP: GET /api/imap/v1/mapInfo/stations/{mapId:int}'
info: Microsoft.AspNetCore.Http.Result.JsonResult[3]
      Writing value of type '<>f__AnonymousType5`3' as Json.
info: Microsoft.AspNetCore.Routing.EndpointMiddleware[1]
      Executed endpoint 'HTTP: GET /api/imap/v1/mapInfo/stations/{mapId:int}'
info: Microsoft.AspNetCore.Hosting.Diagnostics[2]
      Request finished HTTP/1.1 GET http://127.0.0.1:48408/api/imap/v1/mapInfo/stations/25 - 200 - application/json;+charset=utf-8 0.6923ms
info: Microsoft.AspNetCore.Hosting.Diagnostics[1]
      Request starting HTTP/1.1 GET http://127.0.0.1:48408/api/task/vehicles/getVehicleInfoByDeviceKey?key=BROKERX-L2-0001 - - -
info: Microsoft.AspNetCore.Routing.EndpointMiddleware[0]
      Executing endpoint 'HTTP: GET /api/task/vehicles/getVehicleInfoByDeviceKey'
info: Microsoft.AspNetCore.Http.Result.JsonResult[3]
      Writing value of type '<>f__AnonymousType5`3' as Json.
info: Microsoft.AspNetCore.Routing.EndpointMiddleware[1]
      Executed endpoint 'HTTP: GET /api/task/vehicles/getVehicleInfoByDeviceKey'
info: Microsoft.AspNetCore.Hosting.Diagnostics[2]
      Request finished HTTP/1.1 GET http://127.0.0.1:48408/api/task/vehicles/getVehicleInfoByDeviceKey?key=BROKERX-L2-0001 - 200 - application/json;+charset=utf-8 0.4207ms
info: Microsoft.AspNetCore.Hosting.Diagnostics[1]
      Request starting HTTP/1.1 GET http://127.0.0.1:48408/api/task/v1/task/getVehicleInfo/BROKERX-L2-0001 - - -
info: Microsoft.AspNetCore.Routing.EndpointMiddleware[0]
      Executing endpoint 'HTTP: GET /api/task/v1/task/getVehicleInfo/{deviceKey}'
info: Microsoft.AspNetCore.Http.Result.JsonResult[3]
      Writing value of type '<>f__AnonymousType7`2' as Json.
info: Microsoft.AspNetCore.Routing.EndpointMiddleware[1]
      Executed endpoint 'HTTP: GET /api/task/v1/task/getVehicleInfo/{deviceKey}'
info: Microsoft.AspNetCore.Hosting.Diagnostics[2]
      Request finished HTTP/1.1 GET http://127.0.0.1:48408/api/task/v1/task/getVehicleInfo/BROKERX-L2-0001 - 200 - application/json;+charset=utf-8 2.4450ms
info: Microsoft.AspNetCore.Hosting.Diagnostics[1]
      Request starting HTTP/1.1 GET http://127.0.0.1:48408/api/order/v1/orderRecord?pageNum=1&pageSize=100&filterByState=1&filterByState=3&filterByState=7&filterByState=9 - - -
info: Microsoft.AspNetCore.Routing.EndpointMiddleware[0]
      Executing endpoint 'HTTP: GET /api/order/v1/orderRecord'
info: Microsoft.AspNetCore.Http.Result.JsonResult[3]
      Writing value of type '<>f__AnonymousType5`3' as Json.
info: Microsoft.AspNetCore.Routing.EndpointMiddleware[1]
      Executed endpoint 'HTTP: GET /api/order/v1/orderRecord'
info: Microsoft.AspNetCore.Hosting.Diagnostics[2]
      Request finished HTTP/1.1 GET http://127.0.0.1:48408/api/order/v1/orderRecord?pageNum=1&pageSize=100&filterByState=1&filterByState=3&filterByState=7&filterByState=9 - 200 - application/json;+charset=utf-8 2.2384ms
info: Microsoft.AspNetCore.Hosting.Diagnostics[1]
      Request starting HTTP/1.1 GET http://127.0.0.1:48408/api/imap/v1/mapInfo/stations/25 - - -
info: Microsoft.AspNetCore.Routing.EndpointMiddleware[0]
      Executing endpoint 'HTTP: GET /api/imap/v1/mapInfo/stations/{mapId:int}'
info: Microsoft.AspNetCore.Http.Result.JsonResult[3]
      Writing value of type '<>f__AnonymousType5`3' as Json.
info: Microsoft.AspNetCore.Routing.EndpointMiddleware[1]
      Executed endpoint 'HTTP: GET /api/imap/v1/mapInfo/stations/{mapId:int}'
info: Microsoft.AspNetCore.Hosting.Diagnostics[2]
      Request finished HTTP/1.1 GET http://127.0.0.1:48408/api/imap/v1/mapInfo/stations/25 - 200 - application/json;+charset=utf-8 0.6903ms
info: Microsoft.AspNetCore.Hosting.Diagnostics[1]
      Request starting HTTP/1.1 GET http://127.0.0.1:48408/api/task/vehicles/getVehicleInfoByDeviceKey?key=BROKERX-L2-0001 - - -
info: Microsoft.AspNetCore.Routing.EndpointMiddleware[0]
      Executing endpoint 'HTTP: GET /api/task/vehicles/getVehicleInfoByDeviceKey'
info: Microsoft.AspNetCore.Http.Result.JsonResult[3]
      Writing value of type '<>f__AnonymousType5`3' as Json.
info: Microsoft.AspNetCore.Routing.EndpointMiddleware[1]
      Executed endpoint 'HTTP: GET /api/task/vehicles/getVehicleInfoByDeviceKey'
info: Microsoft.AspNetCore.Hosting.Diagnostics[2]
      Request finished HTTP/1.1 GET http://127.0.0.1:48408/api/task/vehicles/getVehicleInfoByDeviceKey?key=BROKERX-L2-0001 - 200 - application/json;+charset=utf-8 0.7099ms
info: Microsoft.AspNetCore.Hosting.Diagnostics[1]
      Request starting HTTP/1.1 GET http://127.0.0.1:48408/api/task/v1/task/getVehicleInfo/BROKERX-L2-0001 - - -
info: Microsoft.AspNetCore.Routing.EndpointMiddleware[0]
      Executing endpoint 'HTTP: GET /api/task/v1/task/getVehicleInfo/{deviceKey}'
info: Microsoft.AspNetCore.Http.Result.JsonResult[3]
      Writing value of type '<>f__AnonymousType7`2' as Json.
info: Microsoft.AspNetCore.Routing.EndpointMiddleware[1]
      Executed endpoint 'HTTP: GET /api/task/v1/task/getVehicleInfo/{deviceKey}'
info: Microsoft.AspNetCore.Hosting.Diagnostics[2]
      Request finished HTTP/1.1 GET http://127.0.0.1:48408/api/task/v1/task/getVehicleInfo/BROKERX-L2-0001 - 200 - application/json;+charset=utf-8 0.3533ms
info: Microsoft.AspNetCore.Hosting.Diagnostics[1]
      Request starting HTTP/1.1 GET http://127.0.0.1:48408/api/order/v1/orderRecord?pageNum=1&pageSize=100&filterByState=1&filterByState=3&filterByState=7&filterByState=9 - - -
info: Microsoft.AspNetCore.Routing.EndpointMiddleware[0]
      Executing endpoint 'HTTP: GET /api/order/v1/orderRecord'
info: Microsoft.AspNetCore.Http.Result.JsonResult[3]
      Writing value of type '<>f__AnonymousType5`3' as Json.
info: Microsoft.AspNetCore.Routing.EndpointMiddleware[1]
      Executed endpoint 'HTTP: GET /api/order/v1/orderRecord'
info: Microsoft.AspNetCore.Hosting.Diagnostics[2]
      Request finished HTTP/1.1 GET http://127.0.0.1:48408/api/order/v1/orderRecord?pageNum=1&pageSize=100&filterByState=1&filterByState=3&filterByState=7&filterByState=9 - 200 - application/json;+charset=utf-8 0.4548ms
info: Microsoft.AspNetCore.Hosting.Diagnostics[1]
      Request starting HTTP/1.1 GET http://127.0.0.1:48408/api/imap/v1/mapInfo/stations/25 - - -
info: Microsoft.AspNetCore.Routing.EndpointMiddleware[0]
      Executing endpoint 'HTTP: GET /api/imap/v1/mapInfo/stations/{mapId:int}'
info: Microsoft.AspNetCore.Http.Result.JsonResult[3]
      Writing value of type '<>f__AnonymousType5`3' as Json.
info: Microsoft.AspNetCore.Routing.EndpointMiddleware[1]
      Executed endpoint 'HTTP: GET /api/imap/v1/mapInfo/stations/{mapId:int}'
info: Microsoft.AspNetCore.Hosting.Diagnostics[2]
      Request finished HTTP/1.1 GET http://127.0.0.1:48408/api/imap/v1/mapInfo/stations/25 - 200 - application/json;+charset=utf-8 0.5209ms
info: Microsoft.AspNetCore.Hosting.Diagnostics[1]
      Request starting HTTP/1.1 GET http://127.0.0.1:48408/api/task/vehicles/getVehicleInfoByDeviceKey?key=BROKERX-L2-0001 - - -
info: Microsoft.AspNetCore.Routing.EndpointMiddleware[0]
      Executing endpoint 'HTTP: GET /api/task/vehicles/getVehicleInfoByDeviceKey'
info: Microsoft.AspNetCore.Http.Result.JsonResult[3]
      Writing value of type '<>f__AnonymousType5`3' as Json.
info: Microsoft.AspNetCore.Routing.EndpointMiddleware[1]
      Executed endpoint 'HTTP: GET /api/task/vehicles/getVehicleInfoByDeviceKey'
info: Microsoft.AspNetCore.Hosting.Diagnostics[2]
      Request finished HTTP/1.1 GET http://127.0.0.1:48408/api/task/vehicles/getVehicleInfoByDeviceKey?key=BROKERX-L2-0001 - 200 - application/json;+charset=utf-8 0.3362ms
info: Microsoft.AspNetCore.Hosting.Diagnostics[1]
      Request starting HTTP/1.1 GET http://127.0.0.1:48408/api/task/v1/task/getVehicleInfo/BROKERX-L2-0001 - - -
info: Microsoft.AspNetCore.Routing.EndpointMiddleware[0]
      Executing endpoint 'HTTP: GET /api/task/v1/task/getVehicleInfo/{deviceKey}'
info: Microsoft.AspNetCore.Http.Result.JsonResult[3]
      Writing value of type '<>f__AnonymousType7`2' as Json.
info: Microsoft.AspNetCore.Routing.EndpointMiddleware[1]
      Executed endpoint 'HTTP: GET /api/task/v1/task/getVehicleInfo/{deviceKey}'
info: Microsoft.AspNetCore.Hosting.Diagnostics[2]
      Request finished HTTP/1.1 GET http://127.0.0.1:48408/api/task/v1/task/getVehicleInfo/BROKERX-L2-0001 - 200 - application/json;+charset=utf-8 0.5703ms
info: Microsoft.AspNetCore.Hosting.Diagnostics[1]
      Request starting HTTP/1.1 GET http://127.0.0.1:48408/api/imap/v1/mapInfo/stations/25 - - -
info: Microsoft.AspNetCore.Routing.EndpointMiddleware[0]
      Executing endpoint 'HTTP: GET /api/imap/v1/mapInfo/stations/{mapId:int}'
info: Microsoft.AspNetCore.Http.Result.JsonResult[3]
      Writing value of type '<>f__AnonymousType5`3' as Json.
info: Microsoft.AspNetCore.Routing.EndpointMiddleware[1]
      Executed endpoint 'HTTP: GET /api/imap/v1/mapInfo/stations/{mapId:int}'
info: Microsoft.AspNetCore.Hosting.Diagnostics[2]
      Request finished HTTP/1.1 GET http://127.0.0.1:48408/api/imap/v1/mapInfo/stations/25 - 200 - application/json;+charset=utf-8 0.2645ms
info: Microsoft.AspNetCore.Hosting.Diagnostics[1]
      Request starting HTTP/1.1 GET http://127.0.0.1:48408/api/order/v1/orderRecord?pageNum=1&pageSize=100&filterByState=1&filterByState=3&filterByState=7&filterByState=9 - - -
info: Microsoft.AspNetCore.Routing.EndpointMiddleware[0]
      Executing endpoint 'HTTP: GET /api/order/v1/orderRecord'
info: Microsoft.AspNetCore.Http.Result.JsonResult[3]
      Writing value of type '<>f__AnonymousType5`3' as Json.
info: Microsoft.AspNetCore.Routing.EndpointMiddleware[1]
      Executed endpoint 'HTTP: GET /api/order/v1/orderRecord'
info: Microsoft.AspNetCore.Hosting.Diagnostics[2]
      Request finished HTTP/1.1 GET http://127.0.0.1:48408/api/order/v1/orderRecord?pageNum=1&pageSize=100&filterByState=1&filterByState=3&filterByState=7&filterByState=9 - 200 - application/json;+charset=utf-8 0.3969ms
info: Microsoft.AspNetCore.Hosting.Diagnostics[1]
      Request starting HTTP/1.1 GET http://127.0.0.1:48408/api/task/vehicles/getVehicleInfoByDeviceKey?key=BROKERX-L2-0001 - - -
info: Microsoft.AspNetCore.Routing.EndpointMiddleware[0]
      Executing endpoint 'HTTP: GET /api/task/vehicles/getVehicleInfoByDeviceKey'
info: Microsoft.AspNetCore.Http.Result.JsonResult[3]
      Writing value of type '<>f__AnonymousType5`3' as Json.
info: Microsoft.AspNetCore.Routing.EndpointMiddleware[1]
      Executed endpoint 'HTTP: GET /api/task/vehicles/getVehicleInfoByDeviceKey'
info: Microsoft.AspNetCore.Hosting.Diagnostics[2]
      Request finished HTTP/1.1 GET http://127.0.0.1:48408/api/task/vehicles/getVehicleInfoByDeviceKey?key=BROKERX-L2-0001 - 200 - application/json;+charset=utf-8 0.3401ms
info: Microsoft.AspNetCore.Hosting.Diagnostics[1]
      Request starting HTTP/1.1 GET http://127.0.0.1:48408/api/imap/v1/mapInfo/stations/25 - - -
info: Microsoft.AspNetCore.Routing.EndpointMiddleware[0]
      Executing endpoint 'HTTP: GET /api/imap/v1/mapInfo/stations/{mapId:int}'
info: Microsoft.AspNetCore.Http.Result.JsonResult[3]
      Writing value of type '<>f__AnonymousType5`3' as Json.
info: Microsoft.AspNetCore.Routing.EndpointMiddleware[1]
      Executed endpoint 'HTTP: GET /api/imap/v1/mapInfo/stations/{mapId:int}'
info: Microsoft.AspNetCore.Hosting.Diagnostics[2]
      Request finished HTTP/1.1 GET http://127.0.0.1:48408/api/imap/v1/mapInfo/stations/25 - 200 - application/json;+charset=utf-8 1.0511ms
info: Microsoft.AspNetCore.Hosting.Diagnostics[1]
      Request starting HTTP/1.1 GET http://127.0.0.1:48408/api/task/v1/task/getVehicleInfo/BROKERX-L2-0001 - - -
info: Microsoft.AspNetCore.Routing.EndpointMiddleware[0]
      Executing endpoint 'HTTP: GET /api/task/v1/task/getVehicleInfo/{deviceKey}'
info: Microsoft.AspNetCore.Http.Result.JsonResult[3]
      Writing value of type '<>f__AnonymousType7`2' as Json.
info: Microsoft.AspNetCore.Routing.EndpointMiddleware[1]
      Executed endpoint 'HTTP: GET /api/task/v1/task/getVehicleInfo/{deviceKey}'
info: Microsoft.AspNetCore.Hosting.Diagnostics[2]
      Request finished HTTP/1.1 GET http://127.0.0.1:48408/api/task/v1/task/getVehicleInfo/BROKERX-L2-0001 - 200 - application/json;+charset=utf-8 1.6665ms
info: Microsoft.AspNetCore.Hosting.Diagnostics[1]
      Request starting HTTP/1.1 GET http://127.0.0.1:48408/api/order/v1/orderRecord?pageNum=1&pageSize=100&filterByState=1&filterByState=3&filterByState=7&filterByState=9 - - -
info: Microsoft.AspNetCore.Routing.EndpointMiddleware[0]
      Executing endpoint 'HTTP: GET /api/order/v1/orderRecord'
info: Microsoft.AspNetCore.Http.Result.JsonResult[3]
      Writing value of type '<>f__AnonymousType5`3' as Json.
info: Microsoft.AspNetCore.Routing.EndpointMiddleware[1]
      Executed endpoint 'HTTP: GET /api/order/v1/orderRecord'
info: Microsoft.AspNetCore.Hosting.Diagnostics[2]
      Request finished HTTP/1.1 GET http://127.0.0.1:48408/api/order/v1/orderRecord?pageNum=1&pageSize=100&filterByState=1&filterByState=3&filterByState=7&filterByState=9 - 200 - application/json;+charset=utf-8 0.6544ms
info: Microsoft.AspNetCore.Hosting.Diagnostics[1]
      Request starting HTTP/1.1 GET http://127.0.0.1:48408/api/task/vehicles/getVehicleInfoByDeviceKey?key=BROKERX-L2-0001 - - -
info: Microsoft.AspNetCore.Routing.EndpointMiddleware[0]
      Executing endpoint 'HTTP: GET /api/task/vehicles/getVehicleInfoByDeviceKey'
info: Microsoft.AspNetCore.Http.Result.JsonResult[3]
      Writing value of type '<>f__AnonymousType5`3' as Json.
info: Microsoft.AspNetCore.Routing.EndpointMiddleware[1]
      Executed endpoint 'HTTP: GET /api/task/vehicles/getVehicleInfoByDeviceKey'
info: Microsoft.AspNetCore.Hosting.Diagnostics[2]
      Request finished HTTP/1.1 GET http://127.0.0.1:48408/api/task/vehicles/getVehicleInfoByDeviceKey?key=BROKERX-L2-0001 - 200 - application/json;+charset=utf-8 0.2329ms
info: Microsoft.AspNetCore.Hosting.Diagnostics[1]
      Request starting HTTP/1.1 GET http://127.0.0.1:48408/api/imap/v1/mapInfo/stations/25 - - -
info: Microsoft.AspNetCore.Routing.EndpointMiddleware[0]
      Executing endpoint 'HTTP: GET /api/imap/v1/mapInfo/stations/{mapId:int}'
info: Microsoft.AspNetCore.Http.Result.JsonResult[3]
      Writing value of type '<>f__AnonymousType5`3' as Json.
info: Microsoft.AspNetCore.Routing.EndpointMiddleware[1]
      Executed endpoint 'HTTP: GET /api/imap/v1/mapInfo/stations/{mapId:int}'
info: Microsoft.AspNetCore.Hosting.Diagnostics[2]
      Request finished HTTP/1.1 GET http://127.0.0.1:48408/api/imap/v1/mapInfo/stations/25 - 200 - application/json;+charset=utf-8 0.4165ms
info: Microsoft.AspNetCore.Hosting.Diagnostics[1]
      Request starting HTTP/1.1 GET http://127.0.0.1:48408/api/task/v1/task/getVehicleInfo/BROKERX-L2-0001 - - -
info: Microsoft.AspNetCore.Routing.EndpointMiddleware[0]
      Executing endpoint 'HTTP: GET /api/task/v1/task/getVehicleInfo/{deviceKey}'
info: Microsoft.AspNetCore.Http.Result.JsonResult[3]
      Writing value of type '<>f__AnonymousType7`2' as Json.
info: Microsoft.AspNetCore.Routing.EndpointMiddleware[1]
      Executed endpoint 'HTTP: GET /api/task/v1/task/getVehicleInfo/{deviceKey}'
info: Microsoft.AspNetCore.Hosting.Diagnostics[2]
      Request finished HTTP/1.1 GET http://127.0.0.1:48408/api/task/v1/task/getVehicleInfo/BROKERX-L2-0001 - 200 - application/json;+charset=utf-8 5.4777ms
info: Microsoft.AspNetCore.Hosting.Diagnostics[1]
      Request starting HTTP/1.1 GET http://127.0.0.1:48408/api/order/v1/orderRecord?pageNum=1&pageSize=100&filterByState=1&filterByState=3&filterByState=7&filterByState=9 - - -
info: Microsoft.AspNetCore.Routing.EndpointMiddleware[0]
      Executing endpoint 'HTTP: GET /api/order/v1/orderRecord'
info: Microsoft.AspNetCore.Http.Result.JsonResult[3]
      Writing value of type '<>f__AnonymousType5`3' as Json.
info: Microsoft.AspNetCore.Routing.EndpointMiddleware[1]
      Executed endpoint 'HTTP: GET /api/order/v1/orderRecord'
info: Microsoft.AspNetCore.Hosting.Diagnostics[2]
      Request finished HTTP/1.1 GET http://127.0.0.1:48408/api/order/v1/orderRecord?pageNum=1&pageSize=100&filterByState=1&filterByState=3&filterByState=7&filterByState=9 - 200 - application/json;+charset=utf-8 0.2746ms
info: Microsoft.AspNetCore.Hosting.Diagnostics[1]
      Request starting HTTP/1.1 GET http://127.0.0.1:48408/api/task/vehicles/getVehicleInfoByDeviceKey?key=BROKERX-L2-0001 - - -
info: Microsoft.AspNetCore.Routing.EndpointMiddleware[0]
      Executing endpoint 'HTTP: GET /api/task/vehicles/getVehicleInfoByDeviceKey'
info: Microsoft.AspNetCore.Http.Result.JsonResult[3]
      Writing value of type '<>f__AnonymousType5`3' as Json.
info: Microsoft.AspNetCore.Routing.EndpointMiddleware[1]
      Executed endpoint 'HTTP: GET /api/task/vehicles/getVehicleInfoByDeviceKey'
info: Microsoft.AspNetCore.Hosting.Diagnostics[2]
      Request finished HTTP/1.1 GET http://127.0.0.1:48408/api/task/vehicles/getVehicleInfoByDeviceKey?key=BROKERX-L2-0001 - 200 - application/json;+charset=utf-8 1.0206ms
info: Microsoft.AspNetCore.Hosting.Diagnostics[1]
      Request starting HTTP/1.1 GET http://127.0.0.1:48408/api/imap/v1/mapInfo/stations/25 - - -
info: Microsoft.AspNetCore.Routing.EndpointMiddleware[0]
      Executing endpoint 'HTTP: GET /api/imap/v1/mapInfo/stations/{mapId:int}'
info: Microsoft.AspNetCore.Http.Result.JsonResult[3]
      Writing value of type '<>f__AnonymousType5`3' as Json.
info: Microsoft.AspNetCore.Routing.EndpointMiddleware[1]
      Executed endpoint 'HTTP: GET /api/imap/v1/mapInfo/stations/{mapId:int}'
info: Microsoft.AspNetCore.Hosting.Diagnostics[2]
      Request finished HTTP/1.1 GET http://127.0.0.1:48408/api/imap/v1/mapInfo/stations/25 - 200 - application/json;+charset=utf-8 0.2211ms
info: Microsoft.AspNetCore.Hosting.Diagnostics[1]
      Request starting HTTP/1.1 GET http://127.0.0.1:48408/api/task/vehicles/getVehicleInfoByDeviceKey?key=BROKERX-L2-0001 - - -
info: Microsoft.AspNetCore.Routing.EndpointMiddleware[0]
      Executing endpoint 'HTTP: GET /api/task/vehicles/getVehicleInfoByDeviceKey'
info: Microsoft.AspNetCore.Http.Result.JsonResult[3]
      Writing value of type '<>f__AnonymousType5`3' as Json.
info: Microsoft.AspNetCore.Routing.EndpointMiddleware[1]
      Executed endpoint 'HTTP: GET /api/task/vehicles/getVehicleInfoByDeviceKey'
info: Microsoft.AspNetCore.Hosting.Diagnostics[2]
      Request finished HTTP/1.1 GET http://127.0.0.1:48408/api/task/vehicles/getVehicleInfoByDeviceKey?key=BROKERX-L2-0001 - 200 - application/json;+charset=utf-8 0.2196ms
info: Microsoft.AspNetCore.Hosting.Diagnostics[1]
      Request starting HTTP/1.1 GET http://127.0.0.1:48408/api/task/v1/task/getVehicleInfo/BROKERX-L2-0001 - - -
info: Microsoft.AspNetCore.Routing.EndpointMiddleware[0]
      Executing endpoint 'HTTP: GET /api/task/v1/task/getVehicleInfo/{deviceKey}'
info: Microsoft.AspNetCore.Http.Result.JsonResult[3]
      Writing value of type '<>f__AnonymousType7`2' as Json.
info: Microsoft.AspNetCore.Routing.EndpointMiddleware[1]
      Executed endpoint 'HTTP: GET /api/task/v1/task/getVehicleInfo/{deviceKey}'
info: Microsoft.AspNetCore.Hosting.Diagnostics[2]
      Request finished HTTP/1.1 GET http://127.0.0.1:48408/api/task/v1/task/getVehicleInfo/BROKERX-L2-0001 - 200 - application/json;+charset=utf-8 0.1840ms
info: Microsoft.AspNetCore.Hosting.Diagnostics[1]
      Request starting HTTP/1.1 GET http://127.0.0.1:48408/api/order/v1/orderRecord?pageNum=1&pageSize=100&filterByState=1&filterByState=3&filterByState=7&filterByState=9 - - -
info: Microsoft.AspNetCore.Routing.EndpointMiddleware[0]
      Executing endpoint 'HTTP: GET /api/order/v1/orderRecord'
info: Microsoft.AspNetCore.Http.Result.JsonResult[3]
      Writing value of type '<>f__AnonymousType5`3' as Json.
info: Microsoft.AspNetCore.Routing.EndpointMiddleware[1]
      Executed endpoint 'HTTP: GET /api/order/v1/orderRecord'
info: Microsoft.AspNetCore.Hosting.Diagnostics[2]
      Request finished HTTP/1.1 GET http://127.0.0.1:48408/api/order/v1/orderRecord?pageNum=1&pageSize=100&filterByState=1&filterByState=3&filterByState=7&filterByState=9 - 200 - application/json;+charset=utf-8 0.2515ms
info: Microsoft.AspNetCore.Hosting.Diagnostics[1]
      Request starting HTTP/1.1 GET http://127.0.0.1:48408/api/imap/v1/mapInfo/stations/25 - - -
info: Microsoft.AspNetCore.Routing.EndpointMiddleware[0]
      Executing endpoint 'HTTP: GET /api/imap/v1/mapInfo/stations/{mapId:int}'
info: Microsoft.AspNetCore.Http.Result.JsonResult[3]
      Writing value of type '<>f__AnonymousType5`3' as Json.
info: Microsoft.AspNetCore.Routing.EndpointMiddleware[1]
      Executed endpoint 'HTTP: GET /api/imap/v1/mapInfo/stations/{mapId:int}'
info: Microsoft.AspNetCore.Hosting.Diagnostics[2]
      Request finished HTTP/1.1 GET http://127.0.0.1:48408/api/imap/v1/mapInfo/stations/25 - 200 - application/json;+charset=utf-8 0.1948ms
info: Microsoft.AspNetCore.Hosting.Diagnostics[1]
      Request starting HTTP/1.1 GET http://127.0.0.1:48408/api/task/vehicles/getVehicleInfoByDeviceKey?key=BROKERX-L2-0001 - - -
info: Microsoft.AspNetCore.Routing.EndpointMiddleware[0]
      Executing endpoint 'HTTP: GET /api/task/vehicles/getVehicleInfoByDeviceKey'
info: Microsoft.AspNetCore.Http.Result.JsonResult[3]
      Writing value of type '<>f__AnonymousType5`3' as Json.
info: Microsoft.AspNetCore.Routing.EndpointMiddleware[1]
      Executed endpoint 'HTTP: GET /api/task/vehicles/getVehicleInfoByDeviceKey'
info: Microsoft.AspNetCore.Hosting.Diagnostics[2]
      Request finished HTTP/1.1 GET http://127.0.0.1:48408/api/task/vehicles/getVehicleInfoByDeviceKey?key=BROKERX-L2-0001 - 200 - application/json;+charset=utf-8 0.3007ms
info: Microsoft.AspNetCore.Hosting.Diagnostics[1]
      Request starting HTTP/1.1 GET http://127.0.0.1:48408/api/task/v1/task/getVehicleInfo/BROKERX-L2-0001 - - -
info: Microsoft.AspNetCore.Routing.EndpointMiddleware[0]
      Executing endpoint 'HTTP: GET /api/task/v1/task/getVehicleInfo/{deviceKey}'
info: Microsoft.AspNetCore.Http.Result.JsonResult[3]
      Writing value of type '<>f__AnonymousType7`2' as Json.
info: Microsoft.AspNetCore.Routing.EndpointMiddleware[1]
      Executed endpoint 'HTTP: GET /api/task/v1/task/getVehicleInfo/{deviceKey}'
info: Microsoft.AspNetCore.Hosting.Diagnostics[2]
      Request finished HTTP/1.1 GET http://127.0.0.1:48408/api/task/v1/task/getVehicleInfo/BROKERX-L2-0001 - 200 - application/json;+charset=utf-8 0.5907ms
info: Microsoft.AspNetCore.Hosting.Diagnostics[1]
      Request starting HTTP/1.1 GET http://127.0.0.1:48408/api/order/v1/orderRecord?pageNum=1&pageSize=100&filterByState=1&filterByState=3&filterByState=7&filterByState=9 - - -
info: Microsoft.AspNetCore.Routing.EndpointMiddleware[0]
      Executing endpoint 'HTTP: GET /api/order/v1/orderRecord'
info: Microsoft.AspNetCore.Http.Result.JsonResult[3]
      Writing value of type '<>f__AnonymousType5`3' as Json.
info: Microsoft.AspNetCore.Routing.EndpointMiddleware[1]
      Executed endpoint 'HTTP: GET /api/order/v1/orderRecord'
info: Microsoft.AspNetCore.Hosting.Diagnostics[2]
      Request finished HTTP/1.1 GET http://127.0.0.1:48408/api/order/v1/orderRecord?pageNum=1&pageSize=100&filterByState=1&filterByState=3&filterByState=7&filterByState=9 - 200 - application/json;+charset=utf-8 2.1530ms
info: Microsoft.AspNetCore.Hosting.Diagnostics[1]
      Request starting HTTP/1.1 GET http://127.0.0.1:48408/control/v1/snapshot - - -
info: Microsoft.AspNetCore.Routing.EndpointMiddleware[0]
      Executing endpoint 'HTTP: GET /control/v1/snapshot'
info: Microsoft.AspNetCore.Http.Result.JsonResult[3]
      Writing value of type '<>f__AnonymousType0`6' as Json.
info: Microsoft.AspNetCore.Routing.EndpointMiddleware[1]
      Executed endpoint 'HTTP: GET /control/v1/snapshot'
info: Microsoft.AspNetCore.Hosting.Diagnostics[2]
      Request finished HTTP/1.1 GET http://127.0.0.1:48408/control/v1/snapshot - 200 - application/json;+charset=utf-8 30.8358ms
info: Microsoft.AspNetCore.Hosting.Diagnostics[1]
      Request starting HTTP/1.1 GET http://127.0.0.1:48408/api/imap/v1/mapInfo/stations/25 - - -
info: Microsoft.AspNetCore.Routing.EndpointMiddleware[0]
      Executing endpoint 'HTTP: GET /api/imap/v1/mapInfo/stations/{mapId:int}'
info: Microsoft.AspNetCore.Http.Result.JsonResult[3]
      Writing value of type '<>f__AnonymousType5`3' as Json.
info: Microsoft.AspNetCore.Routing.EndpointMiddleware[1]
      Executed endpoint 'HTTP: GET /api/imap/v1/mapInfo/stations/{mapId:int}'
info: Microsoft.AspNetCore.Hosting.Diagnostics[2]
      Request finished HTTP/1.1 GET http://127.0.0.1:48408/api/imap/v1/mapInfo/stations/25 - 200 - application/json;+charset=utf-8 0.2487ms
info: Microsoft.AspNetCore.Hosting.Diagnostics[1]
      Request starting HTTP/1.1 GET http://127.0.0.1:48408/api/task/vehicles/getVehicleInfoByDeviceKey?key=BROKERX-L2-0001 - - -
info: Microsoft.AspNetCore.Routing.EndpointMiddleware[0]
      Executing endpoint 'HTTP: GET /api/task/vehicles/getVehicleInfoByDeviceKey'
info: Microsoft.AspNetCore.Http.Result.JsonResult[3]
      Writing value of type '<>f__AnonymousType5`3' as Json.
info: Microsoft.AspNetCore.Routing.EndpointMiddleware[1]
      Executed endpoint 'HTTP: GET /api/task/vehicles/getVehicleInfoByDeviceKey'
info: Microsoft.AspNetCore.Hosting.Diagnostics[2]
      Request finished HTTP/1.1 GET http://127.0.0.1:48408/api/task/vehicles/getVehicleInfoByDeviceKey?key=BROKERX-L2-0001 - 200 - application/json;+charset=utf-8 0.2123ms
info: Microsoft.AspNetCore.Hosting.Diagnostics[1]
      Request starting HTTP/1.1 GET http://127.0.0.1:48408/api/task/v1/task/getVehicleInfo/BROKERX-L2-0001 - - -
info: Microsoft.AspNetCore.Routing.EndpointMiddleware[0]
      Executing endpoint 'HTTP: GET /api/task/v1/task/getVehicleInfo/{deviceKey}'
info: Microsoft.AspNetCore.Http.Result.JsonResult[3]
      Writing value of type '<>f__AnonymousType7`2' as Json.
info: Microsoft.AspNetCore.Routing.EndpointMiddleware[1]
      Executed endpoint 'HTTP: GET /api/task/v1/task/getVehicleInfo/{deviceKey}'
info: Microsoft.AspNetCore.Hosting.Diagnostics[2]
      Request finished HTTP/1.1 GET http://127.0.0.1:48408/api/task/v1/task/getVehicleInfo/BROKERX-L2-0001 - 200 - application/json;+charset=utf-8 0.1955ms
info: Microsoft.AspNetCore.Hosting.Diagnostics[1]
      Request starting HTTP/1.1 GET http://127.0.0.1:48408/api/order/v1/orderRecord?pageNum=1&pageSize=100&filterByState=1&filterByState=3&filterByState=7&filterByState=9 - - -
info: Microsoft.AspNetCore.Routing.EndpointMiddleware[0]
      Executing endpoint 'HTTP: GET /api/order/v1/orderRecord'
info: Microsoft.AspNetCore.Http.Result.JsonResult[3]
      Writing value of type '<>f__AnonymousType5`3' as Json.
info: Microsoft.AspNetCore.Routing.EndpointMiddleware[1]
      Executed endpoint 'HTTP: GET /api/order/v1/orderRecord'
info: Microsoft.AspNetCore.Hosting.Diagnostics[2]
      Request finished HTTP/1.1 GET http://127.0.0.1:48408/api/order/v1/orderRecord?pageNum=1&pageSize=100&filterByState=1&filterByState=3&filterByState=7&filterByState=9 - 200 - application/json;+charset=utf-8 0.3521ms
info: Microsoft.AspNetCore.Hosting.Diagnostics[1]
      Request starting HTTP/1.1 GET http://127.0.0.1:48408/api/imap/v1/mapInfo/stations/25 - - -
info: Microsoft.AspNetCore.Routing.EndpointMiddleware[0]
      Executing endpoint 'HTTP: GET /api/imap/v1/mapInfo/stations/{mapId:int}'
info: Microsoft.AspNetCore.Http.Result.JsonResult[3]
      Writing value of type '<>f__AnonymousType5`3' as Json.
info: Microsoft.AspNetCore.Routing.EndpointMiddleware[1]
      Executed endpoint 'HTTP: GET /api/imap/v1/mapInfo/stations/{mapId:int}'
info: Microsoft.AspNetCore.Hosting.Diagnostics[2]
      Request finished HTTP/1.1 GET http://127.0.0.1:48408/api/imap/v1/mapInfo/stations/25 - 200 - application/json;+charset=utf-8 0.2153ms
info: Microsoft.AspNetCore.Hosting.Diagnostics[1]
      Request starting HTTP/1.1 GET http://127.0.0.1:48408/api/task/vehicles/getVehicleInfoByDeviceKey?key=BROKERX-L2-0001 - - -
info: Microsoft.AspNetCore.Routing.EndpointMiddleware[0]
      Executing endpoint 'HTTP: GET /api/task/vehicles/getVehicleInfoByDeviceKey'
info: Microsoft.AspNetCore.Http.Result.JsonResult[3]
      Writing value of type '<>f__AnonymousType5`3' as Json.
info: Microsoft.AspNetCore.Routing.EndpointMiddleware[1]
      Executed endpoint 'HTTP: GET /api/task/vehicles/getVehicleInfoByDeviceKey'
info: Microsoft.AspNetCore.Hosting.Diagnostics[2]
      Request finished HTTP/1.1 GET http://127.0.0.1:48408/api/task/vehicles/getVehicleInfoByDeviceKey?key=BROKERX-L2-0001 - 200 - application/json;+charset=utf-8 0.2029ms
info: Microsoft.AspNetCore.Hosting.Diagnostics[1]
      Request starting HTTP/1.1 GET http://127.0.0.1:48408/api/task/v1/task/getVehicleInfo/BROKERX-L2-0001 - - -
info: Microsoft.AspNetCore.Routing.EndpointMiddleware[0]
      Executing endpoint 'HTTP: GET /api/task/v1/task/getVehicleInfo/{deviceKey}'
info: Microsoft.AspNetCore.Http.Result.JsonResult[3]
      Writing value of type '<>f__AnonymousType7`2' as Json.
info: Microsoft.AspNetCore.Routing.EndpointMiddleware[1]
      Executed endpoint 'HTTP: GET /api/task/v1/task/getVehicleInfo/{deviceKey}'
info: Microsoft.AspNetCore.Hosting.Diagnostics[2]
      Request finished HTTP/1.1 GET http://127.0.0.1:48408/api/task/v1/task/getVehicleInfo/BROKERX-L2-0001 - 200 - application/json;+charset=utf-8 0.1914ms
info: Microsoft.AspNetCore.Hosting.Diagnostics[1]
      Request starting HTTP/1.1 GET http://127.0.0.1:48408/api/order/v1/orderRecord?pageNum=1&pageSize=100&filterByState=1&filterByState=3&filterByState=7&filterByState=9 - - -
info: Microsoft.AspNetCore.Routing.EndpointMiddleware[0]
      Executing endpoint 'HTTP: GET /api/order/v1/orderRecord'
info: Microsoft.AspNetCore.Http.Result.JsonResult[3]
      Writing value of type '<>f__AnonymousType5`3' as Json.
info: Microsoft.AspNetCore.Routing.EndpointMiddleware[1]
      Executed endpoint 'HTTP: GET /api/order/v1/orderRecord'
info: Microsoft.AspNetCore.Hosting.Diagnostics[2]
      Request finished HTTP/1.1 GET http://127.0.0.1:48408/api/order/v1/orderRecord?pageNum=1&pageSize=100&filterByState=1&filterByState=3&filterByState=7&filterByState=9 - 200 - application/json;+charset=utf-8 0.2064ms
info: Microsoft.AspNetCore.Hosting.Diagnostics[1]
      Request starting HTTP/1.1 GET http://127.0.0.1:48408/api/imap/v1/mapInfo/stations/25 - - -
info: Microsoft.AspNetCore.Routing.EndpointMiddleware[0]
      Executing endpoint 'HTTP: GET /api/imap/v1/mapInfo/stations/{mapId:int}'
info: Microsoft.AspNetCore.Http.Result.JsonResult[3]
      Writing value of type '<>f__AnonymousType5`3' as Json.
info: Microsoft.AspNetCore.Routing.EndpointMiddleware[1]
      Executed endpoint 'HTTP: GET /api/imap/v1/mapInfo/stations/{mapId:int}'
info: Microsoft.AspNetCore.Hosting.Diagnostics[2]
      Request finished HTTP/1.1 GET http://127.0.0.1:48408/api/imap/v1/mapInfo/stations/25 - 200 - application/json;+charset=utf-8 0.2615ms
info: Microsoft.AspNetCore.Hosting.Diagnostics[1]
      Request starting HTTP/1.1 GET http://127.0.0.1:48408/api/task/vehicles/getVehicleInfoByDeviceKey?key=BROKERX-L2-0001 - - -
info: Microsoft.AspNetCore.Routing.EndpointMiddleware[0]
      Executing endpoint 'HTTP: GET /api/task/vehicles/getVehicleInfoByDeviceKey'
info: Microsoft.AspNetCore.Http.Result.JsonResult[3]
      Writing value of type '<>f__AnonymousType5`3' as Json.
info: Microsoft.AspNetCore.Routing.EndpointMiddleware[1]
      Executed endpoint 'HTTP: GET /api/task/vehicles/getVehicleInfoByDeviceKey'
info: Microsoft.AspNetCore.Hosting.Diagnostics[2]
      Request finished HTTP/1.1 GET http://127.0.0.1:48408/api/task/vehicles/getVehicleInfoByDeviceKey?key=BROKERX-L2-0001 - 200 - application/json;+charset=utf-8 0.1985ms
info: Microsoft.AspNetCore.Hosting.Diagnostics[1]
      Request starting HTTP/1.1 GET http://127.0.0.1:48408/api/task/v1/task/getVehicleInfo/BROKERX-L2-0001 - - -
info: Microsoft.AspNetCore.Routing.EndpointMiddleware[0]
      Executing endpoint 'HTTP: GET /api/task/v1/task/getVehicleInfo/{deviceKey}'
info: Microsoft.AspNetCore.Http.Result.JsonResult[3]
      Writing value of type '<>f__AnonymousType7`2' as Json.
info: Microsoft.AspNetCore.Routing.EndpointMiddleware[1]
      Executed endpoint 'HTTP: GET /api/task/v1/task/getVehicleInfo/{deviceKey}'
info: Microsoft.AspNetCore.Hosting.Diagnostics[2]
      Request finished HTTP/1.1 GET http://127.0.0.1:48408/api/task/v1/task/getVehicleInfo/BROKERX-L2-0001 - 200 - application/json;+charset=utf-8 0.1887ms
info: Microsoft.AspNetCore.Hosting.Diagnostics[1]
      Request starting HTTP/1.1 GET http://127.0.0.1:48408/api/order/v1/orderRecord?pageNum=1&pageSize=100&filterByState=1&filterByState=3&filterByState=7&filterByState=9 - - -
info: Microsoft.AspNetCore.Routing.EndpointMiddleware[0]
      Executing endpoint 'HTTP: GET /api/order/v1/orderRecord'
info: Microsoft.AspNetCore.Http.Result.JsonResult[3]
      Writing value of type '<>f__AnonymousType5`3' as Json.
info: Microsoft.AspNetCore.Routing.EndpointMiddleware[1]
      Executed endpoint 'HTTP: GET /api/order/v1/orderRecord'
info: Microsoft.AspNetCore.Hosting.Diagnostics[2]
      Request finished HTTP/1.1 GET http://127.0.0.1:48408/api/order/v1/orderRecord?pageNum=1&pageSize=100&filterByState=1&filterByState=3&filterByState=7&filterByState=9 - 200 - application/json;+charset=utf-8 0.2494ms
info: Microsoft.AspNetCore.Hosting.Diagnostics[1]
      Request starting HTTP/1.1 GET http://127.0.0.1:48408/api/imap/v1/mapInfo/stations/25 - - -
info: Microsoft.AspNetCore.Routing.EndpointMiddleware[0]
      Executing endpoint 'HTTP: GET /api/imap/v1/mapInfo/stations/{mapId:int}'
info: Microsoft.AspNetCore.Http.Result.JsonResult[3]
      Writing value of type '<>f__AnonymousType5`3' as Json.
info: Microsoft.AspNetCore.Routing.EndpointMiddleware[1]
      Executed endpoint 'HTTP: GET /api/imap/v1/mapInfo/stations/{mapId:int}'
info: Microsoft.AspNetCore.Hosting.Diagnostics[2]
      Request finished HTTP/1.1 GET http://127.0.0.1:48408/api/imap/v1/mapInfo/stations/25 - 200 - application/json;+charset=utf-8 0.2419ms
info: Microsoft.AspNetCore.Hosting.Diagnostics[1]
      Request starting HTTP/1.1 GET http://127.0.0.1:48408/api/task/vehicles/getVehicleInfoByDeviceKey?key=BROKERX-L2-0001 - - -
info: Microsoft.AspNetCore.Routing.EndpointMiddleware[0]
      Executing endpoint 'HTTP: GET /api/task/vehicles/getVehicleInfoByDeviceKey'
info: Microsoft.AspNetCore.Http.Result.JsonResult[3]
      Writing value of type '<>f__AnonymousType5`3' as Json.
info: Microsoft.AspNetCore.Routing.EndpointMiddleware[1]
      Executed endpoint 'HTTP: GET /api/task/vehicles/getVehicleInfoByDeviceKey'
info: Microsoft.AspNetCore.Hosting.Diagnostics[2]
      Request finished HTTP/1.1 GET http://127.0.0.1:48408/api/task/vehicles/getVehicleInfoByDeviceKey?key=BROKERX-L2-0001 - 200 - application/json;+charset=utf-8 0.2053ms
info: Microsoft.AspNetCore.Hosting.Diagnostics[1]
      Request starting HTTP/1.1 POST http://127.0.0.1:48408/api/task/v1/route/getRouteCostsBy - application/json 60
info: Microsoft.AspNetCore.Routing.EndpointMiddleware[0]
      Executing endpoint 'HTTP: POST /api/task/v1/route/getRouteCostsBy'
info: Microsoft.AspNetCore.Http.Result.JsonResult[3]
      Writing value of type '<>f__AnonymousType5`3' as Json.
info: Microsoft.AspNetCore.Routing.EndpointMiddleware[1]
      Executed endpoint 'HTTP: POST /api/task/v1/route/getRouteCostsBy'
info: Microsoft.AspNetCore.Hosting.Diagnostics[2]
      Request finished HTTP/1.1 POST http://127.0.0.1:48408/api/task/v1/route/getRouteCostsBy - 200 - application/json;+charset=utf-8 11.9740ms
info: Microsoft.AspNetCore.Hosting.Diagnostics[1]
      Request starting HTTP/1.1 GET http://127.0.0.1:48408/api/task/v1/task/getVehicleInfo/BROKERX-L2-0001 - - -
info: Microsoft.AspNetCore.Routing.EndpointMiddleware[0]
      Executing endpoint 'HTTP: GET /api/task/v1/task/getVehicleInfo/{deviceKey}'
info: Microsoft.AspNetCore.Http.Result.JsonResult[3]
      Writing value of type '<>f__AnonymousType7`2' as Json.
info: Microsoft.AspNetCore.Routing.EndpointMiddleware[1]
      Executed endpoint 'HTTP: GET /api/task/v1/task/getVehicleInfo/{deviceKey}'
info: Microsoft.AspNetCore.Hosting.Diagnostics[2]
      Request finished HTTP/1.1 GET http://127.0.0.1:48408/api/task/v1/task/getVehicleInfo/BROKERX-L2-0001 - 200 - application/json;+charset=utf-8 0.1965ms
info: Microsoft.AspNetCore.Hosting.Diagnostics[1]
      Request starting HTTP/1.1 GET http://127.0.0.1:48408/api/order/v1/orderRecord?pageNum=1&pageSize=100&filterByState=1&filterByState=3&filterByState=7&filterByState=9 - - -
info: Microsoft.AspNetCore.Routing.EndpointMiddleware[0]
      Executing endpoint 'HTTP: GET /api/order/v1/orderRecord'
info: Microsoft.AspNetCore.Http.Result.JsonResult[3]
      Writing value of type '<>f__AnonymousType5`3' as Json.
info: Microsoft.AspNetCore.Routing.EndpointMiddleware[1]
      Executed endpoint 'HTTP: GET /api/order/v1/orderRecord'
info: Microsoft.AspNetCore.Hosting.Diagnostics[2]
      Request finished HTTP/1.1 GET http://127.0.0.1:48408/api/order/v1/orderRecord?pageNum=1&pageSize=100&filterByState=1&filterByState=3&filterByState=7&filterByState=9 - 200 - application/json;+charset=utf-8 0.3013ms
info: Microsoft.AspNetCore.Hosting.Diagnostics[1]
      Request starting HTTP/1.1 GET http://127.0.0.1:48408/api/task/vehicles/getVehicleInfoByDeviceKey?key=BROKERX-L2-0001 - - -
info: Microsoft.AspNetCore.Routing.EndpointMiddleware[0]
      Executing endpoint 'HTTP: GET /api/task/vehicles/getVehicleInfoByDeviceKey'
info: Microsoft.AspNetCore.Http.Result.JsonResult[3]
      Writing value of type '<>f__AnonymousType5`3' as Json.
info: Microsoft.AspNetCore.Routing.EndpointMiddleware[1]
      Executed endpoint 'HTTP: GET /api/task/vehicles/getVehicleInfoByDeviceKey'
info: Microsoft.AspNetCore.Hosting.Diagnostics[2]
      Request finished HTTP/1.1 GET http://127.0.0.1:48408/api/task/vehicles/getVehicleInfoByDeviceKey?key=BROKERX-L2-0001 - 200 - application/json;+charset=utf-8 0.2237ms
info: Microsoft.AspNetCore.Hosting.Diagnostics[1]
      Request starting HTTP/1.1 GET http://127.0.0.1:48408/api/task/vehicles/getVehicleInfoByDeviceKey?key=BROKERX-L2-0001 - - -
info: Microsoft.AspNetCore.Routing.EndpointMiddleware[0]
      Executing endpoint 'HTTP: GET /api/task/vehicles/getVehicleInfoByDeviceKey'
info: Microsoft.AspNetCore.Http.Result.JsonResult[3]
      Writing value of type '<>f__AnonymousType5`3' as Json.
info: Microsoft.AspNetCore.Routing.EndpointMiddleware[1]
      Executed endpoint 'HTTP: GET /api/task/vehicles/getVehicleInfoByDeviceKey'
info: Microsoft.AspNetCore.Hosting.Diagnostics[2]
      Request finished HTTP/1.1 GET http://127.0.0.1:48408/api/task/vehicles/getVehicleInfoByDeviceKey?key=BROKERX-L2-0001 - 200 - application/json;+charset=utf-8 0.2125ms
info: Microsoft.AspNetCore.Hosting.Diagnostics[1]
      Request starting HTTP/1.1 GET http://127.0.0.1:48408/api/order/v1/orderRecord/detailByUpperId/W2G-e157ea75-2bfe-44de-9fe9-3653986f2fac-PICKUP-1 - - -
info: Microsoft.AspNetCore.Routing.EndpointMiddleware[0]
      Executing endpoint 'HTTP: GET /api/order/v1/orderRecord/detailByUpperId/{upperId}'
info: Microsoft.AspNetCore.Http.Result.NotFoundObjectResult[1]
      Setting HTTP status code 404.
info: Microsoft.AspNetCore.Routing.EndpointMiddleware[1]
      Executed endpoint 'HTTP: GET /api/order/v1/orderRecord/detailByUpperId/{upperId}'
info: Microsoft.AspNetCore.Hosting.Diagnostics[2]
      Request finished HTTP/1.1 GET http://127.0.0.1:48408/api/order/v1/orderRecord/detailByUpperId/W2G-e157ea75-2bfe-44de-9fe9-3653986f2fac-PICKUP-1 - 404 0 - 5.8420ms
info: Microsoft.AspNetCore.Hosting.Diagnostics[1]
      Request starting HTTP/1.1 POST http://127.0.0.1:48408/api/order/v1/add/byDefaultMissions - application/json 256
info: Microsoft.AspNetCore.Routing.EndpointMiddleware[0]
      Executing endpoint 'HTTP: POST /api/order/v1/add/byDefaultMissions'
info: Microsoft.AspNetCore.Http.Result.JsonResult[3]
      Writing value of type '<>f__AnonymousType5`3' as Json.
info: Microsoft.AspNetCore.Routing.EndpointMiddleware[1]
      Executed endpoint 'HTTP: POST /api/order/v1/add/byDefaultMissions'
info: Microsoft.AspNetCore.Hosting.Diagnostics[2]
      Request finished HTTP/1.1 POST http://127.0.0.1:48408/api/order/v1/add/byDefaultMissions - 200 - application/json;+charset=utf-8 5.5471ms
info: Microsoft.AspNetCore.Hosting.Diagnostics[1]
      Request starting HTTP/1.1 GET http://127.0.0.1:48408/api/order/v1/orderRecord/detailByUpperId/W2G-e157ea75-2bfe-44de-9fe9-3653986f2fac-PICKUP-1 - - -
info: Microsoft.AspNetCore.Routing.EndpointMiddleware[0]
      Executing endpoint 'HTTP: GET /api/order/v1/orderRecord/detailByUpperId/{upperId}'
info: Microsoft.AspNetCore.Http.Result.JsonResult[3]
      Writing value of type '<>f__AnonymousType5`3' as Json.
info: Microsoft.AspNetCore.Routing.EndpointMiddleware[1]
      Executed endpoint 'HTTP: GET /api/order/v1/orderRecord/detailByUpperId/{upperId}'
info: Microsoft.AspNetCore.Hosting.Diagnostics[2]
      Request finished HTTP/1.1 GET http://127.0.0.1:48408/api/order/v1/orderRecord/detailByUpperId/W2G-e157ea75-2bfe-44de-9fe9-3653986f2fac-PICKUP-1 - 200 - application/json;+charset=utf-8 4.8567ms
info: Microsoft.AspNetCore.Hosting.Diagnostics[1]
      Request starting HTTP/1.1 GET http://127.0.0.1:48408/api/imap/v1/mapInfo/stations/25 - - -
info: Microsoft.AspNetCore.Routing.EndpointMiddleware[0]
      Executing endpoint 'HTTP: GET /api/imap/v1/mapInfo/stations/{mapId:int}'
info: Microsoft.AspNetCore.Http.Result.JsonResult[3]
      Writing value of type '<>f__AnonymousType5`3' as Json.
info: Microsoft.AspNetCore.Routing.EndpointMiddleware[1]
      Executed endpoint 'HTTP: GET /api/imap/v1/mapInfo/stations/{mapId:int}'
info: Microsoft.AspNetCore.Hosting.Diagnostics[2]
      Request finished HTTP/1.1 GET http://127.0.0.1:48408/api/imap/v1/mapInfo/stations/25 - 200 - application/json;+charset=utf-8 0.1839ms
info: Microsoft.AspNetCore.Hosting.Diagnostics[1]
      Request starting HTTP/1.1 GET http://127.0.0.1:48408/control/v1/snapshot - - -
info: Microsoft.AspNetCore.Routing.EndpointMiddleware[0]
      Executing endpoint 'HTTP: GET /control/v1/snapshot'
info: Microsoft.AspNetCore.Http.Result.JsonResult[3]
      Writing value of type '<>f__AnonymousType0`6' as Json.
info: Microsoft.AspNetCore.Routing.EndpointMiddleware[1]
      Executed endpoint 'HTTP: GET /control/v1/snapshot'
info: Microsoft.AspNetCore.Hosting.Diagnostics[2]
      Request finished HTTP/1.1 GET http://127.0.0.1:48408/control/v1/snapshot - 200 - application/json;+charset=utf-8 3.0590ms
info: Microsoft.AspNetCore.Hosting.Diagnostics[1]
      Request starting HTTP/1.1 PUT http://127.0.0.1:48408/control/v1/orders/W2G-e157ea75-2bfe-44de-9fe9-3653986f2fac-PICKUP-1 - application/json 146
info: Microsoft.AspNetCore.Routing.EndpointMiddleware[0]
      Executing endpoint 'HTTP: PUT /control/v1/orders/{upperId}'
info: Microsoft.AspNetCore.Http.Result.JsonResult[3]
      Writing value of type '<>f__AnonymousType0`6' as Json.
info: Microsoft.AspNetCore.Routing.EndpointMiddleware[1]
      Executed endpoint 'HTTP: PUT /control/v1/orders/{upperId}'
info: Microsoft.AspNetCore.Hosting.Diagnostics[2]
      Request finished HTTP/1.1 PUT http://127.0.0.1:48408/control/v1/orders/W2G-e157ea75-2bfe-44de-9fe9-3653986f2fac-PICKUP-1 - 200 - application/json;+charset=utf-8 17.0828ms
info: Microsoft.AspNetCore.Hosting.Diagnostics[1]
      Request starting HTTP/1.1 GET http://127.0.0.1:48408/control/v1/snapshot - - -
info: Microsoft.AspNetCore.Routing.EndpointMiddleware[0]
      Executing endpoint 'HTTP: GET /control/v1/snapshot'
info: Microsoft.AspNetCore.Http.Result.JsonResult[3]
      Writing value of type '<>f__AnonymousType0`6' as Json.
info: Microsoft.AspNetCore.Routing.EndpointMiddleware[1]
      Executed endpoint 'HTTP: GET /control/v1/snapshot'
info: Microsoft.AspNetCore.Hosting.Diagnostics[2]
      Request finished HTTP/1.1 GET http://127.0.0.1:48408/control/v1/snapshot - 200 - application/json;+charset=utf-8 0.3676ms
info: Microsoft.AspNetCore.Hosting.Diagnostics[1]
      Request starting HTTP/1.1 PUT http://127.0.0.1:48408/control/v1/vehicle - application/json 259
info: Microsoft.AspNetCore.Routing.EndpointMiddleware[0]
      Executing endpoint 'HTTP: PUT /control/v1/vehicle'
info: Microsoft.AspNetCore.Http.Result.JsonResult[3]
      Writing value of type '<>f__AnonymousType0`6' as Json.
info: Microsoft.AspNetCore.Routing.EndpointMiddleware[1]
      Executed endpoint 'HTTP: PUT /control/v1/vehicle'
info: Microsoft.AspNetCore.Hosting.Diagnostics[2]
      Request finished HTTP/1.1 PUT http://127.0.0.1:48408/control/v1/vehicle - 200 - application/json;+charset=utf-8 19.0257ms
info: Microsoft.AspNetCore.Hosting.Diagnostics[1]
      Request starting HTTP/1.1 GET http://127.0.0.1:48408/control/v1/snapshot - - -
info: Microsoft.AspNetCore.Routing.EndpointMiddleware[0]
      Executing endpoint 'HTTP: GET /control/v1/snapshot'
info: Microsoft.AspNetCore.Http.Result.JsonResult[3]
      Writing value of type '<>f__AnonymousType0`6' as Json.
info: Microsoft.AspNetCore.Routing.EndpointMiddleware[1]
      Executed endpoint 'HTTP: GET /control/v1/snapshot'
info: Microsoft.AspNetCore.Hosting.Diagnostics[2]
      Request finished HTTP/1.1 GET http://127.0.0.1:48408/control/v1/snapshot - 200 - application/json;+charset=utf-8 0.3138ms
info: Microsoft.AspNetCore.Hosting.Diagnostics[1]
      Request starting HTTP/1.1 PUT http://127.0.0.1:48408/control/v1/vehicle - application/json 277
info: Microsoft.AspNetCore.Routing.EndpointMiddleware[0]
      Executing endpoint 'HTTP: PUT /control/v1/vehicle'
info: Microsoft.AspNetCore.Http.Result.JsonResult[3]
      Writing value of type '<>f__AnonymousType0`6' as Json.
info: Microsoft.AspNetCore.Routing.EndpointMiddleware[1]
      Executed endpoint 'HTTP: PUT /control/v1/vehicle'
info: Microsoft.AspNetCore.Hosting.Diagnostics[2]
      Request finished HTTP/1.1 PUT http://127.0.0.1:48408/control/v1/vehicle - 200 - application/json;+charset=utf-8 2.0731ms
info: Microsoft.AspNetCore.Hosting.Diagnostics[1]
      Request starting HTTP/1.1 GET http://127.0.0.1:48408/control/v1/snapshot - - -
info: Microsoft.AspNetCore.Routing.EndpointMiddleware[0]
      Executing endpoint 'HTTP: GET /control/v1/snapshot'
info: Microsoft.AspNetCore.Http.Result.JsonResult[3]
      Writing value of type '<>f__AnonymousType0`6' as Json.
info: Microsoft.AspNetCore.Routing.EndpointMiddleware[1]
      Executed endpoint 'HTTP: GET /control/v1/snapshot'
info: Microsoft.AspNetCore.Hosting.Diagnostics[2]
      Request finished HTTP/1.1 GET http://127.0.0.1:48408/control/v1/snapshot - 200 - application/json;+charset=utf-8 0.3734ms
info: Microsoft.AspNetCore.Hosting.Diagnostics[1]
      Request starting HTTP/1.1 PUT http://127.0.0.1:48408/control/v1/orders/W2G-e157ea75-2bfe-44de-9fe9-3653986f2fac-PICKUP-1 - application/json 103
info: Microsoft.AspNetCore.Routing.EndpointMiddleware[0]
      Executing endpoint 'HTTP: PUT /control/v1/orders/{upperId}'
info: Microsoft.AspNetCore.Http.Result.JsonResult[3]
      Writing value of type '<>f__AnonymousType0`6' as Json.
info: Microsoft.AspNetCore.Routing.EndpointMiddleware[1]
      Executed endpoint 'HTTP: PUT /control/v1/orders/{upperId}'
info: Microsoft.AspNetCore.Hosting.Diagnostics[2]
      Request finished HTTP/1.1 PUT http://127.0.0.1:48408/control/v1/orders/W2G-e157ea75-2bfe-44de-9fe9-3653986f2fac-PICKUP-1 - 200 - application/json;+charset=utf-8 0.3801ms
info: Microsoft.AspNetCore.Hosting.Diagnostics[1]
      Request starting HTTP/1.1 GET http://127.0.0.1:48408/api/order/v1/orderRecord/detailByUpperId/W2G-e157ea75-2bfe-44de-9fe9-3653986f2fac-PICKUP-1 - - -
info: Microsoft.AspNetCore.Routing.EndpointMiddleware[0]
      Executing endpoint 'HTTP: GET /api/order/v1/orderRecord/detailByUpperId/{upperId}'
info: Microsoft.AspNetCore.Http.Result.JsonResult[3]
      Writing value of type '<>f__AnonymousType5`3' as Json.
info: Microsoft.AspNetCore.Routing.EndpointMiddleware[1]
      Executed endpoint 'HTTP: GET /api/order/v1/orderRecord/detailByUpperId/{upperId}'
info: Microsoft.AspNetCore.Hosting.Diagnostics[2]
      Request finished HTTP/1.1 GET http://127.0.0.1:48408/api/order/v1/orderRecord/detailByUpperId/W2G-e157ea75-2bfe-44de-9fe9-3653986f2fac-PICKUP-1 - 200 - application/json;+charset=utf-8 0.1660ms
info: Microsoft.AspNetCore.Hosting.Diagnostics[1]
      Request starting HTTP/1.1 GET http://127.0.0.1:48408/api/task/vehicles/getVehicleInfoByDeviceKey?key=BROKERX-L2-0001 - - -
info: Microsoft.AspNetCore.Routing.EndpointMiddleware[0]
      Executing endpoint 'HTTP: GET /api/task/vehicles/getVehicleInfoByDeviceKey'
info: Microsoft.AspNetCore.Http.Result.JsonResult[3]
      Writing value of type '<>f__AnonymousType5`3' as Json.
info: Microsoft.AspNetCore.Routing.EndpointMiddleware[1]
      Executed endpoint 'HTTP: GET /api/task/vehicles/getVehicleInfoByDeviceKey'
info: Microsoft.AspNetCore.Hosting.Diagnostics[2]
      Request finished HTTP/1.1 GET http://127.0.0.1:48408/api/task/vehicles/getVehicleInfoByDeviceKey?key=BROKERX-L2-0001 - 200 - application/json;+charset=utf-8 0.1546ms
info: Microsoft.AspNetCore.Hosting.Diagnostics[1]
      Request starting HTTP/1.1 GET http://127.0.0.1:48408/api/task/v1/task/getVehicleInfo/BROKERX-L2-0001 - - -
info: Microsoft.AspNetCore.Routing.EndpointMiddleware[0]
      Executing endpoint 'HTTP: GET /api/task/v1/task/getVehicleInfo/{deviceKey}'
info: Microsoft.AspNetCore.Http.Result.JsonResult[3]
      Writing value of type '<>f__AnonymousType7`2' as Json.
info: Microsoft.AspNetCore.Routing.EndpointMiddleware[1]
      Executed endpoint 'HTTP: GET /api/task/v1/task/getVehicleInfo/{deviceKey}'
info: Microsoft.AspNetCore.Hosting.Diagnostics[2]
      Request finished HTTP/1.1 GET http://127.0.0.1:48408/api/task/v1/task/getVehicleInfo/BROKERX-L2-0001 - 200 - application/json;+charset=utf-8 0.2517ms
info: Microsoft.AspNetCore.Hosting.Diagnostics[1]
      Request starting HTTP/1.1 GET http://127.0.0.1:48408/api/order/v1/orderRecord?pageNum=1&pageSize=100&filterByState=1&filterByState=3&filterByState=7&filterByState=9 - - -
info: Microsoft.AspNetCore.Routing.EndpointMiddleware[0]
      Executing endpoint 'HTTP: GET /api/order/v1/orderRecord'
info: Microsoft.AspNetCore.Http.Result.JsonResult[3]
      Writing value of type '<>f__AnonymousType5`3' as Json.
info: Microsoft.AspNetCore.Routing.EndpointMiddleware[1]
      Executed endpoint 'HTTP: GET /api/order/v1/orderRecord'
info: Microsoft.AspNetCore.Hosting.Diagnostics[2]
      Request finished HTTP/1.1 GET http://127.0.0.1:48408/api/order/v1/orderRecord?pageNum=1&pageSize=100&filterByState=1&filterByState=3&filterByState=7&filterByState=9 - 200 - application/json;+charset=utf-8 0.9203ms
info: Microsoft.AspNetCore.Hosting.Diagnostics[1]
      Request starting HTTP/1.1 GET http://127.0.0.1:48408/api/imap/v1/mapInfo/stations/25 - - -
info: Microsoft.AspNetCore.Routing.EndpointMiddleware[0]
      Executing endpoint 'HTTP: GET /api/imap/v1/mapInfo/stations/{mapId:int}'
info: Microsoft.AspNetCore.Http.Result.JsonResult[3]
      Writing value of type '<>f__AnonymousType5`3' as Json.
info: Microsoft.AspNetCore.Routing.EndpointMiddleware[1]
      Executed endpoint 'HTTP: GET /api/imap/v1/mapInfo/stations/{mapId:int}'
info: Microsoft.AspNetCore.Hosting.Diagnostics[2]
      Request finished HTTP/1.1 GET http://127.0.0.1:48408/api/imap/v1/mapInfo/stations/25 - 200 - application/json;+charset=utf-8 0.2221ms
info: Microsoft.AspNetCore.Hosting.Diagnostics[1]
      Request starting HTTP/1.1 GET http://127.0.0.1:48408/api/task/v1/task/getVehicleInfo/BROKERX-L2-0001 - - -
info: Microsoft.AspNetCore.Routing.EndpointMiddleware[0]
      Executing endpoint 'HTTP: GET /api/task/v1/task/getVehicleInfo/{deviceKey}'
info: Microsoft.AspNetCore.Http.Result.JsonResult[3]
      Writing value of type '<>f__AnonymousType7`2' as Json.
info: Microsoft.AspNetCore.Routing.EndpointMiddleware[1]
      Executed endpoint 'HTTP: GET /api/task/v1/task/getVehicleInfo/{deviceKey}'
info: Microsoft.AspNetCore.Hosting.Diagnostics[2]
      Request finished HTTP/1.1 GET http://127.0.0.1:48408/api/task/v1/task/getVehicleInfo/BROKERX-L2-0001 - 200 - application/json;+charset=utf-8 0.1490ms
info: Microsoft.AspNetCore.Hosting.Diagnostics[1]
      Request starting HTTP/1.1 GET http://127.0.0.1:48408/api/order/v1/orderRecord?pageNum=1&pageSize=100&filterByState=1&filterByState=3&filterByState=7&filterByState=9 - - -
info: Microsoft.AspNetCore.Routing.EndpointMiddleware[0]
      Executing endpoint 'HTTP: GET /api/order/v1/orderRecord'
info: Microsoft.AspNetCore.Http.Result.JsonResult[3]
      Writing value of type '<>f__AnonymousType5`3' as Json.
info: Microsoft.AspNetCore.Routing.EndpointMiddleware[1]
      Executed endpoint 'HTTP: GET /api/order/v1/orderRecord'
info: Microsoft.AspNetCore.Hosting.Diagnostics[2]
      Request finished HTTP/1.1 GET http://127.0.0.1:48408/api/order/v1/orderRecord?pageNum=1&pageSize=100&filterByState=1&filterByState=3&filterByState=7&filterByState=9 - 200 - application/json;+charset=utf-8 0.5657ms
info: Microsoft.AspNetCore.Hosting.Diagnostics[1]
      Request starting HTTP/1.1 GET http://127.0.0.1:48408/api/imap/v1/mapInfo/stations/25 - - -
info: Microsoft.AspNetCore.Routing.EndpointMiddleware[0]
      Executing endpoint 'HTTP: GET /api/imap/v1/mapInfo/stations/{mapId:int}'
info: Microsoft.AspNetCore.Http.Result.JsonResult[3]
      Writing value of type '<>f__AnonymousType5`3' as Json.
info: Microsoft.AspNetCore.Routing.EndpointMiddleware[1]
      Executed endpoint 'HTTP: GET /api/imap/v1/mapInfo/stations/{mapId:int}'
info: Microsoft.AspNetCore.Hosting.Diagnostics[2]
      Request finished HTTP/1.1 GET http://127.0.0.1:48408/api/imap/v1/mapInfo/stations/25 - 200 - application/json;+charset=utf-8 0.1913ms
info: Microsoft.AspNetCore.Hosting.Diagnostics[1]
      Request starting HTTP/1.1 GET http://127.0.0.1:48408/api/task/v1/task/getVehicleInfo/BROKERX-L2-0001 - - -
info: Microsoft.AspNetCore.Routing.EndpointMiddleware[0]
      Executing endpoint 'HTTP: GET /api/task/v1/task/getVehicleInfo/{deviceKey}'
info: Microsoft.AspNetCore.Http.Result.JsonResult[3]
      Writing value of type '<>f__AnonymousType7`2' as Json.
info: Microsoft.AspNetCore.Routing.EndpointMiddleware[1]
      Executed endpoint 'HTTP: GET /api/task/v1/task/getVehicleInfo/{deviceKey}'
info: Microsoft.AspNetCore.Hosting.Diagnostics[2]
      Request finished HTTP/1.1 GET http://127.0.0.1:48408/api/task/v1/task/getVehicleInfo/BROKERX-L2-0001 - 200 - application/json;+charset=utf-8 0.5465ms
info: Microsoft.AspNetCore.Hosting.Diagnostics[1]
      Request starting HTTP/1.1 GET http://127.0.0.1:48408/api/order/v1/orderRecord?pageNum=1&pageSize=100&filterByState=1&filterByState=3&filterByState=7&filterByState=9 - - -
info: Microsoft.AspNetCore.Routing.EndpointMiddleware[0]
      Executing endpoint 'HTTP: GET /api/order/v1/orderRecord'
info: Microsoft.AspNetCore.Http.Result.JsonResult[3]
      Writing value of type '<>f__AnonymousType5`3' as Json.
info: Microsoft.AspNetCore.Routing.EndpointMiddleware[1]
      Executed endpoint 'HTTP: GET /api/order/v1/orderRecord'
info: Microsoft.AspNetCore.Hosting.Diagnostics[2]
      Request finished HTTP/1.1 GET http://127.0.0.1:48408/api/order/v1/orderRecord?pageNum=1&pageSize=100&filterByState=1&filterByState=3&filterByState=7&filterByState=9 - 200 - application/json;+charset=utf-8 0.3159ms
info: Microsoft.AspNetCore.Hosting.Diagnostics[1]
      Request starting HTTP/1.1 GET http://127.0.0.1:48408/api/imap/v1/mapInfo/stations/25 - - -
info: Microsoft.AspNetCore.Routing.EndpointMiddleware[0]
      Executing endpoint 'HTTP: GET /api/imap/v1/mapInfo/stations/{mapId:int}'
info: Microsoft.AspNetCore.Http.Result.JsonResult[3]
      Writing value of type '<>f__AnonymousType5`3' as Json.
info: Microsoft.AspNetCore.Routing.EndpointMiddleware[1]
      Executed endpoint 'HTTP: GET /api/imap/v1/mapInfo/stations/{mapId:int}'
info: Microsoft.AspNetCore.Hosting.Diagnostics[2]
      Request finished HTTP/1.1 GET http://127.0.0.1:48408/api/imap/v1/mapInfo/stations/25 - 200 - application/json;+charset=utf-8 0.3253ms
info: Microsoft.AspNetCore.Hosting.Diagnostics[1]
      Request starting HTTP/1.1 GET http://127.0.0.1:48408/api/imap/v1/mapInfo/stations/25 - - -
info: Microsoft.AspNetCore.Routing.EndpointMiddleware[0]
      Executing endpoint 'HTTP: GET /api/imap/v1/mapInfo/stations/{mapId:int}'
info: Microsoft.AspNetCore.Http.Result.JsonResult[3]
      Writing value of type '<>f__AnonymousType5`3' as Json.
info: Microsoft.AspNetCore.Routing.EndpointMiddleware[1]
      Executed endpoint 'HTTP: GET /api/imap/v1/mapInfo/stations/{mapId:int}'
info: Microsoft.AspNetCore.Hosting.Diagnostics[2]
      Request finished HTTP/1.1 GET http://127.0.0.1:48408/api/imap/v1/mapInfo/stations/25 - 200 - application/json;+charset=utf-8 0.3180ms
info: Microsoft.AspNetCore.Hosting.Diagnostics[1]
      Request starting HTTP/1.1 GET http://127.0.0.1:48408/api/task/v1/task/getVehicleInfo/BROKERX-L2-0001 - - -
info: Microsoft.AspNetCore.Routing.EndpointMiddleware[0]
      Executing endpoint 'HTTP: GET /api/task/v1/task/getVehicleInfo/{deviceKey}'
info: Microsoft.AspNetCore.Http.Result.JsonResult[3]
      Writing value of type '<>f__AnonymousType7`2' as Json.
info: Microsoft.AspNetCore.Routing.EndpointMiddleware[1]
      Executed endpoint 'HTTP: GET /api/task/v1/task/getVehicleInfo/{deviceKey}'
info: Microsoft.AspNetCore.Hosting.Diagnostics[2]
      Request finished HTTP/1.1 GET http://127.0.0.1:48408/api/task/v1/task/getVehicleInfo/BROKERX-L2-0001 - 200 - application/json;+charset=utf-8 0.1661ms
info: Microsoft.AspNetCore.Hosting.Diagnostics[1]
      Request starting HTTP/1.1 GET http://127.0.0.1:48408/api/order/v1/orderRecord?pageNum=1&pageSize=100&filterByState=1&filterByState=3&filterByState=7&filterByState=9 - - -
info: Microsoft.AspNetCore.Routing.EndpointMiddleware[0]
      Executing endpoint 'HTTP: GET /api/order/v1/orderRecord'
info: Microsoft.AspNetCore.Http.Result.JsonResult[3]
      Writing value of type '<>f__AnonymousType5`3' as Json.
info: Microsoft.AspNetCore.Routing.EndpointMiddleware[1]
      Executed endpoint 'HTTP: GET /api/order/v1/orderRecord'
info: Microsoft.AspNetCore.Hosting.Diagnostics[2]
      Request finished HTTP/1.1 GET http://127.0.0.1:48408/api/order/v1/orderRecord?pageNum=1&pageSize=100&filterByState=1&filterByState=3&filterByState=7&filterByState=9 - 200 - application/json;+charset=utf-8 0.2534ms
info: Microsoft.AspNetCore.Hosting.Diagnostics[1]
      Request starting HTTP/1.1 GET http://127.0.0.1:48408/api/imap/v1/mapInfo/stations/25 - - -
info: Microsoft.AspNetCore.Routing.EndpointMiddleware[0]
      Executing endpoint 'HTTP: GET /api/imap/v1/mapInfo/stations/{mapId:int}'
info: Microsoft.AspNetCore.Http.Result.JsonResult[3]
      Writing value of type '<>f__AnonymousType5`3' as Json.
info: Microsoft.AspNetCore.Routing.EndpointMiddleware[1]
      Executed endpoint 'HTTP: GET /api/imap/v1/mapInfo/stations/{mapId:int}'
info: Microsoft.AspNetCore.Hosting.Diagnostics[2]
      Request finished HTTP/1.1 GET http://127.0.0.1:48408/api/imap/v1/mapInfo/stations/25 - 200 - application/json;+charset=utf-8 0.2277ms
info: Microsoft.AspNetCore.Hosting.Diagnostics[1]
      Request starting HTTP/1.1 GET http://127.0.0.1:48408/api/task/v1/task/getVehicleInfo/BROKERX-L2-0001 - - -
info: Microsoft.AspNetCore.Routing.EndpointMiddleware[0]
      Executing endpoint 'HTTP: GET /api/task/v1/task/getVehicleInfo/{deviceKey}'
info: Microsoft.AspNetCore.Http.Result.JsonResult[3]
      Writing value of type '<>f__AnonymousType7`2' as Json.
info: Microsoft.AspNetCore.Routing.EndpointMiddleware[1]
      Executed endpoint 'HTTP: GET /api/task/v1/task/getVehicleInfo/{deviceKey}'
info: Microsoft.AspNetCore.Hosting.Diagnostics[2]
      Request finished HTTP/1.1 GET http://127.0.0.1:48408/api/task/v1/task/getVehicleInfo/BROKERX-L2-0001 - 200 - application/json;+charset=utf-8 0.6482ms
info: Microsoft.AspNetCore.Hosting.Diagnostics[1]
      Request starting HTTP/1.1 GET http://127.0.0.1:48408/api/order/v1/orderRecord?pageNum=1&pageSize=100&filterByState=1&filterByState=3&filterByState=7&filterByState=9 - - -
info: Microsoft.AspNetCore.Routing.EndpointMiddleware[0]
      Executing endpoint 'HTTP: GET /api/order/v1/orderRecord'
info: Microsoft.AspNetCore.Http.Result.JsonResult[3]
      Writing value of type '<>f__AnonymousType5`3' as Json.
info: Microsoft.AspNetCore.Routing.EndpointMiddleware[1]
      Executed endpoint 'HTTP: GET /api/order/v1/orderRecord'
info: Microsoft.AspNetCore.Hosting.Diagnostics[2]
      Request finished HTTP/1.1 GET http://127.0.0.1:48408/api/order/v1/orderRecord?pageNum=1&pageSize=100&filterByState=1&filterByState=3&filterByState=7&filterByState=9 - 200 - application/json;+charset=utf-8 0.3366ms
info: Microsoft.AspNetCore.Hosting.Diagnostics[1]
      Request starting HTTP/1.1 GET http://127.0.0.1:48408/api/imap/v1/mapInfo/stations/25 - - -
info: Microsoft.AspNetCore.Routing.EndpointMiddleware[0]
      Executing endpoint 'HTTP: GET /api/imap/v1/mapInfo/stations/{mapId:int}'
info: Microsoft.AspNetCore.Http.Result.JsonResult[3]
      Writing value of type '<>f__AnonymousType5`3' as Json.
info: Microsoft.AspNetCore.Routing.EndpointMiddleware[1]
      Executed endpoint 'HTTP: GET /api/imap/v1/mapInfo/stations/{mapId:int}'
info: Microsoft.AspNetCore.Hosting.Diagnostics[2]
      Request finished HTTP/1.1 GET http://127.0.0.1:48408/api/imap/v1/mapInfo/stations/25 - 200 - application/json;+charset=utf-8 0.2074ms
info: Microsoft.AspNetCore.Hosting.Diagnostics[1]
      Request starting HTTP/1.1 GET http://127.0.0.1:48408/api/task/v1/task/getVehicleInfo/BROKERX-L2-0001 - - -
info: Microsoft.AspNetCore.Routing.EndpointMiddleware[0]
      Executing endpoint 'HTTP: GET /api/task/v1/task/getVehicleInfo/{deviceKey}'
info: Microsoft.AspNetCore.Http.Result.JsonResult[3]
      Writing value of type '<>f__AnonymousType7`2' as Json.
info: Microsoft.AspNetCore.Routing.EndpointMiddleware[1]
      Executed endpoint 'HTTP: GET /api/task/v1/task/getVehicleInfo/{deviceKey}'
info: Microsoft.AspNetCore.Hosting.Diagnostics[2]
      Request finished HTTP/1.1 GET http://127.0.0.1:48408/api/task/v1/task/getVehicleInfo/BROKERX-L2-0001 - 200 - application/json;+charset=utf-8 0.1975ms
info: Microsoft.AspNetCore.Hosting.Diagnostics[1]
      Request starting HTTP/1.1 GET http://127.0.0.1:48408/api/order/v1/orderRecord?pageNum=1&pageSize=100&filterByState=1&filterByState=3&filterByState=7&filterByState=9 - - -
info: Microsoft.AspNetCore.Routing.EndpointMiddleware[0]
      Executing endpoint 'HTTP: GET /api/order/v1/orderRecord'
info: Microsoft.AspNetCore.Http.Result.JsonResult[3]
      Writing value of type '<>f__AnonymousType5`3' as Json.
info: Microsoft.AspNetCore.Routing.EndpointMiddleware[1]
      Executed endpoint 'HTTP: GET /api/order/v1/orderRecord'
info: Microsoft.AspNetCore.Hosting.Diagnostics[2]
      Request finished HTTP/1.1 GET http://127.0.0.1:48408/api/order/v1/orderRecord?pageNum=1&pageSize=100&filterByState=1&filterByState=3&filterByState=7&filterByState=9 - 200 - application/json;+charset=utf-8 0.2302ms
info: Microsoft.AspNetCore.Hosting.Diagnostics[1]
      Request starting HTTP/1.1 GET http://127.0.0.1:48408/api/imap/v1/mapInfo/stations/25 - - -
info: Microsoft.AspNetCore.Routing.EndpointMiddleware[0]
      Executing endpoint 'HTTP: GET /api/imap/v1/mapInfo/stations/{mapId:int}'
info: Microsoft.AspNetCore.Http.Result.JsonResult[3]
      Writing value of type '<>f__AnonymousType5`3' as Json.
info: Microsoft.AspNetCore.Routing.EndpointMiddleware[1]
      Executed endpoint 'HTTP: GET /api/imap/v1/mapInfo/stations/{mapId:int}'
info: Microsoft.AspNetCore.Hosting.Diagnostics[2]
      Request finished HTTP/1.1 GET http://127.0.0.1:48408/api/imap/v1/mapInfo/stations/25 - 200 - application/json;+charset=utf-8 0.1998ms
info: Microsoft.AspNetCore.Hosting.Diagnostics[1]
      Request starting HTTP/1.1 GET http://127.0.0.1:48408/api/imap/v1/mapInfo/stations/25 - - -
info: Microsoft.AspNetCore.Routing.EndpointMiddleware[0]
      Executing endpoint 'HTTP: GET /api/imap/v1/mapInfo/stations/{mapId:int}'
info: Microsoft.AspNetCore.Http.Result.JsonResult[3]
      Writing value of type '<>f__AnonymousType5`3' as Json.
info: Microsoft.AspNetCore.Routing.EndpointMiddleware[1]
      Executed endpoint 'HTTP: GET /api/imap/v1/mapInfo/stations/{mapId:int}'
info: Microsoft.AspNetCore.Hosting.Diagnostics[2]
      Request finished HTTP/1.1 GET http://127.0.0.1:48408/api/imap/v1/mapInfo/stations/25 - 200 - application/json;+charset=utf-8 0.3165ms
info: Microsoft.AspNetCore.Hosting.Diagnostics[1]
      Request starting HTTP/1.1 GET http://127.0.0.1:48408/api/task/v1/task/getVehicleInfo/BROKERX-L2-0001 - - -
info: Microsoft.AspNetCore.Routing.EndpointMiddleware[0]
      Executing endpoint 'HTTP: GET /api/task/v1/task/getVehicleInfo/{deviceKey}'
info: Microsoft.AspNetCore.Http.Result.JsonResult[3]
      Writing value of type '<>f__AnonymousType7`2' as Json.
info: Microsoft.AspNetCore.Routing.EndpointMiddleware[1]
      Executed endpoint 'HTTP: GET /api/task/v1/task/getVehicleInfo/{deviceKey}'
info: Microsoft.AspNetCore.Hosting.Diagnostics[2]
      Request finished HTTP/1.1 GET http://127.0.0.1:48408/api/task/v1/task/getVehicleInfo/BROKERX-L2-0001 - 200 - application/json;+charset=utf-8 1.3735ms
info: Microsoft.AspNetCore.Hosting.Diagnostics[1]
      Request starting HTTP/1.1 GET http://127.0.0.1:48408/api/order/v1/orderRecord?pageNum=1&pageSize=100&filterByState=1&filterByState=3&filterByState=7&filterByState=9 - - -
info: Microsoft.AspNetCore.Routing.EndpointMiddleware[0]
      Executing endpoint 'HTTP: GET /api/order/v1/orderRecord'
info: Microsoft.AspNetCore.Http.Result.JsonResult[3]
      Writing value of type '<>f__AnonymousType5`3' as Json.
info: Microsoft.AspNetCore.Routing.EndpointMiddleware[1]
      Executed endpoint 'HTTP: GET /api/order/v1/orderRecord'
info: Microsoft.AspNetCore.Hosting.Diagnostics[2]
      Request finished HTTP/1.1 GET http://127.0.0.1:48408/api/order/v1/orderRecord?pageNum=1&pageSize=100&filterByState=1&filterByState=3&filterByState=7&filterByState=9 - 200 - application/json;+charset=utf-8 0.7340ms
info: Microsoft.AspNetCore.Hosting.Diagnostics[1]
      Request starting HTTP/1.1 GET http://127.0.0.1:48408/api/imap/v1/mapInfo/stations/25 - - -
info: Microsoft.AspNetCore.Routing.EndpointMiddleware[0]
      Executing endpoint 'HTTP: GET /api/imap/v1/mapInfo/stations/{mapId:int}'
info: Microsoft.AspNetCore.Http.Result.JsonResult[3]
      Writing value of type '<>f__AnonymousType5`3' as Json.
info: Microsoft.AspNetCore.Routing.EndpointMiddleware[1]
      Executed endpoint 'HTTP: GET /api/imap/v1/mapInfo/stations/{mapId:int}'
info: Microsoft.AspNetCore.Hosting.Diagnostics[2]
      Request finished HTTP/1.1 GET http://127.0.0.1:48408/api/imap/v1/mapInfo/stations/25 - 200 - application/json;+charset=utf-8 0.9575ms
info: Microsoft.AspNetCore.Hosting.Diagnostics[1]
      Request starting HTTP/1.1 GET http://127.0.0.1:48408/api/task/v1/task/getVehicleInfo/BROKERX-L2-0001 - - -
info: Microsoft.AspNetCore.Routing.EndpointMiddleware[0]
      Executing endpoint 'HTTP: GET /api/task/v1/task/getVehicleInfo/{deviceKey}'
info: Microsoft.AspNetCore.Http.Result.JsonResult[3]
      Writing value of type '<>f__AnonymousType7`2' as Json.
info: Microsoft.AspNetCore.Routing.EndpointMiddleware[1]
      Executed endpoint 'HTTP: GET /api/task/v1/task/getVehicleInfo/{deviceKey}'
info: Microsoft.AspNetCore.Hosting.Diagnostics[2]
      Request finished HTTP/1.1 GET http://127.0.0.1:48408/api/task/v1/task/getVehicleInfo/BROKERX-L2-0001 - 200 - application/json;+charset=utf-8 0.4567ms
info: Microsoft.AspNetCore.Hosting.Diagnostics[1]
      Request starting HTTP/1.1 GET http://127.0.0.1:48408/api/order/v1/orderRecord?pageNum=1&pageSize=100&filterByState=1&filterByState=3&filterByState=7&filterByState=9 - - -
info: Microsoft.AspNetCore.Routing.EndpointMiddleware[0]
      Executing endpoint 'HTTP: GET /api/order/v1/orderRecord'
info: Microsoft.AspNetCore.Http.Result.JsonResult[3]
      Writing value of type '<>f__AnonymousType5`3' as Json.
info: Microsoft.AspNetCore.Routing.EndpointMiddleware[1]
      Executed endpoint 'HTTP: GET /api/order/v1/orderRecord'
info: Microsoft.AspNetCore.Hosting.Diagnostics[2]
      Request finished HTTP/1.1 GET http://127.0.0.1:48408/api/order/v1/orderRecord?pageNum=1&pageSize=100&filterByState=1&filterByState=3&filterByState=7&filterByState=9 - 200 - application/json;+charset=utf-8 0.7949ms
info: Microsoft.AspNetCore.Hosting.Diagnostics[1]
      Request starting HTTP/1.1 GET http://127.0.0.1:48408/api/imap/v1/mapInfo/stations/25 - - -
info: Microsoft.AspNetCore.Routing.EndpointMiddleware[0]
      Executing endpoint 'HTTP: GET /api/imap/v1/mapInfo/stations/{mapId:int}'
info: Microsoft.AspNetCore.Http.Result.JsonResult[3]
      Writing value of type '<>f__AnonymousType5`3' as Json.
info: Microsoft.AspNetCore.Routing.EndpointMiddleware[1]
      Executed endpoint 'HTTP: GET /api/imap/v1/mapInfo/stations/{mapId:int}'
info: Microsoft.AspNetCore.Hosting.Diagnostics[2]
      Request finished HTTP/1.1 GET http://127.0.0.1:48408/api/imap/v1/mapInfo/stations/25 - 200 - application/json;+charset=utf-8 0.2240ms
info: Microsoft.AspNetCore.Hosting.Diagnostics[1]
      Request starting HTTP/1.1 GET http://127.0.0.1:48408/api/task/v1/task/getVehicleInfo/BROKERX-L2-0001 - - -
info: Microsoft.AspNetCore.Routing.EndpointMiddleware[0]
      Executing endpoint 'HTTP: GET /api/task/v1/task/getVehicleInfo/{deviceKey}'
info: Microsoft.AspNetCore.Http.Result.JsonResult[3]
      Writing value of type '<>f__AnonymousType7`2' as Json.
info: Microsoft.AspNetCore.Routing.EndpointMiddleware[1]
      Executed endpoint 'HTTP: GET /api/task/v1/task/getVehicleInfo/{deviceKey}'
info: Microsoft.AspNetCore.Hosting.Diagnostics[2]
      Request finished HTTP/1.1 GET http://127.0.0.1:48408/api/task/v1/task/getVehicleInfo/BROKERX-L2-0001 - 200 - application/json;+charset=utf-8 0.1800ms
info: Microsoft.AspNetCore.Hosting.Diagnostics[1]
      Request starting HTTP/1.1 GET http://127.0.0.1:48408/api/order/v1/orderRecord?pageNum=1&pageSize=100&filterByState=1&filterByState=3&filterByState=7&filterByState=9 - - -
info: Microsoft.AspNetCore.Routing.EndpointMiddleware[0]
      Executing endpoint 'HTTP: GET /api/order/v1/orderRecord'
info: Microsoft.AspNetCore.Http.Result.JsonResult[3]
      Writing value of type '<>f__AnonymousType5`3' as Json.
info: Microsoft.AspNetCore.Routing.EndpointMiddleware[1]
      Executed endpoint 'HTTP: GET /api/order/v1/orderRecord'
info: Microsoft.AspNetCore.Hosting.Diagnostics[2]
      Request finished HTTP/1.1 GET http://127.0.0.1:48408/api/order/v1/orderRecord?pageNum=1&pageSize=100&filterByState=1&filterByState=3&filterByState=7&filterByState=9 - 200 - application/json;+charset=utf-8 0.2610ms
info: Microsoft.AspNetCore.Hosting.Diagnostics[1]
      Request starting HTTP/1.1 GET http://127.0.0.1:48408/api/imap/v1/mapInfo/stations/25 - - -
info: Microsoft.AspNetCore.Routing.EndpointMiddleware[0]
      Executing endpoint 'HTTP: GET /api/imap/v1/mapInfo/stations/{mapId:int}'
info: Microsoft.AspNetCore.Http.Result.JsonResult[3]
      Writing value of type '<>f__AnonymousType5`3' as Json.
info: Microsoft.AspNetCore.Routing.EndpointMiddleware[1]
      Executed endpoint 'HTTP: GET /api/imap/v1/mapInfo/stations/{mapId:int}'
info: Microsoft.AspNetCore.Hosting.Diagnostics[2]
      Request finished HTTP/1.1 GET http://127.0.0.1:48408/api/imap/v1/mapInfo/stations/25 - 200 - application/json;+charset=utf-8 0.3528ms
info: Microsoft.AspNetCore.Hosting.Diagnostics[1]
      Request starting HTTP/1.1 GET http://127.0.0.1:48408/control/v1/snapshot - - -
info: Microsoft.AspNetCore.Routing.EndpointMiddleware[0]
      Executing endpoint 'HTTP: GET /control/v1/snapshot'
info: Microsoft.AspNetCore.Http.Result.JsonResult[3]
      Writing value of type '<>f__AnonymousType0`6' as Json.
info: Microsoft.AspNetCore.Routing.EndpointMiddleware[1]
      Executed endpoint 'HTTP: GET /control/v1/snapshot'
info: Microsoft.AspNetCore.Hosting.Diagnostics[2]
      Request finished HTTP/1.1 GET http://127.0.0.1:48408/control/v1/snapshot - 200 - application/json;+charset=utf-8 0.5737ms
info: Microsoft.AspNetCore.Hosting.Diagnostics[1]
      Request starting HTTP/1.1 GET http://127.0.0.1:48408/control/v1/snapshot - - -
info: Microsoft.AspNetCore.Routing.EndpointMiddleware[0]
      Executing endpoint 'HTTP: GET /control/v1/snapshot'
info: Microsoft.AspNetCore.Http.Result.JsonResult[3]
      Writing value of type '<>f__AnonymousType0`6' as Json.
info: Microsoft.AspNetCore.Routing.EndpointMiddleware[1]
      Executed endpoint 'HTTP: GET /control/v1/snapshot'
info: Microsoft.AspNetCore.Hosting.Diagnostics[2]
      Request finished HTTP/1.1 GET http://127.0.0.1:48408/control/v1/snapshot - 200 - application/json;+charset=utf-8 1.2221ms
info: Microsoft.AspNetCore.Hosting.Diagnostics[1]
      Request starting HTTP/1.1 GET http://127.0.0.1:48408/api/task/v1/task/getVehicleInfo/BROKERX-L2-0001 - - -
info: Microsoft.AspNetCore.Routing.EndpointMiddleware[0]
      Executing endpoint 'HTTP: GET /api/task/v1/task/getVehicleInfo/{deviceKey}'
info: Microsoft.AspNetCore.Http.Result.JsonResult[3]
      Writing value of type '<>f__AnonymousType7`2' as Json.
info: Microsoft.AspNetCore.Routing.EndpointMiddleware[1]
      Executed endpoint 'HTTP: GET /api/task/v1/task/getVehicleInfo/{deviceKey}'
info: Microsoft.AspNetCore.Hosting.Diagnostics[2]
      Request finished HTTP/1.1 GET http://127.0.0.1:48408/api/task/v1/task/getVehicleInfo/BROKERX-L2-0001 - 200 - application/json;+charset=utf-8 0.2909ms
info: Microsoft.AspNetCore.Hosting.Diagnostics[1]
      Request starting HTTP/1.1 GET http://127.0.0.1:48408/api/order/v1/orderRecord?pageNum=1&pageSize=100&filterByState=1&filterByState=3&filterByState=7&filterByState=9 - - -
info: Microsoft.AspNetCore.Routing.EndpointMiddleware[0]
      Executing endpoint 'HTTP: GET /api/order/v1/orderRecord'
info: Microsoft.AspNetCore.Http.Result.JsonResult[3]
      Writing value of type '<>f__AnonymousType5`3' as Json.
info: Microsoft.AspNetCore.Routing.EndpointMiddleware[1]
      Executed endpoint 'HTTP: GET /api/order/v1/orderRecord'
info: Microsoft.AspNetCore.Hosting.Diagnostics[2]
      Request finished HTTP/1.1 GET http://127.0.0.1:48408/api/order/v1/orderRecord?pageNum=1&pageSize=100&filterByState=1&filterByState=3&filterByState=7&filterByState=9 - 200 - application/json;+charset=utf-8 0.2144ms
info: Microsoft.AspNetCore.Hosting.Diagnostics[1]
      Request starting HTTP/1.1 GET http://127.0.0.1:48408/control/v1/snapshot - - -
info: Microsoft.AspNetCore.Routing.EndpointMiddleware[0]
      Executing endpoint 'HTTP: GET /control/v1/snapshot'
info: Microsoft.AspNetCore.Http.Result.JsonResult[3]
      Writing value of type '<>f__AnonymousType0`6' as Json.
info: Microsoft.AspNetCore.Routing.EndpointMiddleware[1]
      Executed endpoint 'HTTP: GET /control/v1/snapshot'
info: Microsoft.AspNetCore.Hosting.Diagnostics[2]
      Request finished HTTP/1.1 GET http://127.0.0.1:48408/control/v1/snapshot - 200 - application/json;+charset=utf-8 0.7045ms
info: Microsoft.AspNetCore.Hosting.Diagnostics[1]
      Request starting HTTP/1.1 GET http://127.0.0.1:48408/api/imap/v1/mapInfo/stations/25 - - -
info: Microsoft.AspNetCore.Routing.EndpointMiddleware[0]
      Executing endpoint 'HTTP: GET /api/imap/v1/mapInfo/stations/{mapId:int}'
info: Microsoft.AspNetCore.Http.Result.JsonResult[3]
      Writing value of type '<>f__AnonymousType5`3' as Json.
info: Microsoft.AspNetCore.Routing.EndpointMiddleware[1]
      Executed endpoint 'HTTP: GET /api/imap/v1/mapInfo/stations/{mapId:int}'
info: Microsoft.AspNetCore.Hosting.Diagnostics[2]
      Request finished HTTP/1.1 GET http://127.0.0.1:48408/api/imap/v1/mapInfo/stations/25 - 200 - application/json;+charset=utf-8 0.3219ms
info: Microsoft.AspNetCore.Hosting.Diagnostics[1]
      Request starting HTTP/1.1 GET http://127.0.0.1:48408/control/v1/snapshot - - -
info: Microsoft.AspNetCore.Routing.EndpointMiddleware[0]
      Executing endpoint 'HTTP: GET /control/v1/snapshot'
info: Microsoft.AspNetCore.Http.Result.JsonResult[3]
      Writing value of type '<>f__AnonymousType0`6' as Json.
info: Microsoft.AspNetCore.Routing.EndpointMiddleware[1]
      Executed endpoint 'HTTP: GET /control/v1/snapshot'
info: Microsoft.AspNetCore.Hosting.Diagnostics[2]
      Request finished HTTP/1.1 GET http://127.0.0.1:48408/control/v1/snapshot - 200 - application/json;+charset=utf-8 0.3817ms
info: Microsoft.AspNetCore.Hosting.Diagnostics[1]
      Request starting HTTP/1.1 GET http://127.0.0.1:48408/control/v1/snapshot - - -
info: Microsoft.AspNetCore.Routing.EndpointMiddleware[0]
      Executing endpoint 'HTTP: GET /control/v1/snapshot'
info: Microsoft.AspNetCore.Http.Result.JsonResult[3]
      Writing value of type '<>f__AnonymousType0`6' as Json.
info: Microsoft.AspNetCore.Routing.EndpointMiddleware[1]
      Executed endpoint 'HTTP: GET /control/v1/snapshot'
info: Microsoft.AspNetCore.Hosting.Diagnostics[2]
      Request finished HTTP/1.1 GET http://127.0.0.1:48408/control/v1/snapshot - 200 - application/json;+charset=utf-8 0.7290ms
info: Microsoft.AspNetCore.Hosting.Diagnostics[1]
      Request starting HTTP/1.1 GET http://127.0.0.1:48408/api/task/v1/task/getVehicleInfo/BROKERX-L2-0001 - - -
info: Microsoft.AspNetCore.Routing.EndpointMiddleware[0]
      Executing endpoint 'HTTP: GET /api/task/v1/task/getVehicleInfo/{deviceKey}'
info: Microsoft.AspNetCore.Http.Result.JsonResult[3]
      Writing value of type '<>f__AnonymousType7`2' as Json.
info: Microsoft.AspNetCore.Routing.EndpointMiddleware[1]
      Executed endpoint 'HTTP: GET /api/task/v1/task/getVehicleInfo/{deviceKey}'
info: Microsoft.AspNetCore.Hosting.Diagnostics[2]
      Request finished HTTP/1.1 GET http://127.0.0.1:48408/api/task/v1/task/getVehicleInfo/BROKERX-L2-0001 - 200 - application/json;+charset=utf-8 0.1613ms
info: Microsoft.AspNetCore.Hosting.Diagnostics[1]
      Request starting HTTP/1.1 GET http://127.0.0.1:48408/api/order/v1/orderRecord?pageNum=1&pageSize=100&filterByState=1&filterByState=3&filterByState=7&filterByState=9 - - -
info: Microsoft.AspNetCore.Routing.EndpointMiddleware[0]
      Executing endpoint 'HTTP: GET /api/order/v1/orderRecord'
info: Microsoft.AspNetCore.Http.Result.JsonResult[3]
      Writing value of type '<>f__AnonymousType5`3' as Json.
info: Microsoft.AspNetCore.Routing.EndpointMiddleware[1]
      Executed endpoint 'HTTP: GET /api/order/v1/orderRecord'
info: Microsoft.AspNetCore.Hosting.Diagnostics[2]
      Request finished HTTP/1.1 GET http://127.0.0.1:48408/api/order/v1/orderRecord?pageNum=1&pageSize=100&filterByState=1&filterByState=3&filterByState=7&filterByState=9 - 200 - application/json;+charset=utf-8 0.2633ms
info: Microsoft.AspNetCore.Hosting.Diagnostics[1]
      Request starting HTTP/1.1 GET http://127.0.0.1:48408/control/v1/snapshot - - -
info: Microsoft.AspNetCore.Routing.EndpointMiddleware[0]
      Executing endpoint 'HTTP: GET /control/v1/snapshot'
info: Microsoft.AspNetCore.Http.Result.JsonResult[3]
      Writing value of type '<>f__AnonymousType0`6' as Json.
info: Microsoft.AspNetCore.Routing.EndpointMiddleware[1]
      Executed endpoint 'HTTP: GET /control/v1/snapshot'
info: Microsoft.AspNetCore.Hosting.Diagnostics[2]
      Request finished HTTP/1.1 GET http://127.0.0.1:48408/control/v1/snapshot - 200 - application/json;+charset=utf-8 0.3871ms
info: Microsoft.AspNetCore.Hosting.Diagnostics[1]
      Request starting HTTP/1.1 GET http://127.0.0.1:48408/api/imap/v1/mapInfo/stations/25 - - -
info: Microsoft.AspNetCore.Routing.EndpointMiddleware[0]
      Executing endpoint 'HTTP: GET /api/imap/v1/mapInfo/stations/{mapId:int}'
info: Microsoft.AspNetCore.Http.Result.JsonResult[3]
      Writing value of type '<>f__AnonymousType5`3' as Json.
info: Microsoft.AspNetCore.Routing.EndpointMiddleware[1]
      Executed endpoint 'HTTP: GET /api/imap/v1/mapInfo/stations/{mapId:int}'
info: Microsoft.AspNetCore.Hosting.Diagnostics[2]
      Request finished HTTP/1.1 GET http://127.0.0.1:48408/api/imap/v1/mapInfo/stations/25 - 200 - application/json;+charset=utf-8 0.9190ms
info: Microsoft.AspNetCore.Hosting.Diagnostics[1]
      Request starting HTTP/1.1 GET http://127.0.0.1:48408/control/v1/snapshot - - -
info: Microsoft.AspNetCore.Routing.EndpointMiddleware[0]
      Executing endpoint 'HTTP: GET /control/v1/snapshot'
info: Microsoft.AspNetCore.Http.Result.JsonResult[3]
      Writing value of type '<>f__AnonymousType0`6' as Json.
info: Microsoft.AspNetCore.Routing.EndpointMiddleware[1]
      Executed endpoint 'HTTP: GET /control/v1/snapshot'
info: Microsoft.AspNetCore.Hosting.Diagnostics[2]
      Request finished HTTP/1.1 GET http://127.0.0.1:48408/control/v1/snapshot - 200 - application/json;+charset=utf-8 0.3604ms
info: Microsoft.AspNetCore.Hosting.Diagnostics[1]
      Request starting HTTP/1.1 GET http://127.0.0.1:48408/control/v1/snapshot - - -
info: Microsoft.AspNetCore.Routing.EndpointMiddleware[0]
      Executing endpoint 'HTTP: GET /control/v1/snapshot'
info: Microsoft.AspNetCore.Http.Result.JsonResult[3]
      Writing value of type '<>f__AnonymousType0`6' as Json.
info: Microsoft.AspNetCore.Routing.EndpointMiddleware[1]
      Executed endpoint 'HTTP: GET /control/v1/snapshot'
info: Microsoft.AspNetCore.Hosting.Diagnostics[2]
      Request finished HTTP/1.1 GET http://127.0.0.1:48408/control/v1/snapshot - 200 - application/json;+charset=utf-8 0.3569ms
info: Microsoft.AspNetCore.Hosting.Diagnostics[1]
      Request starting HTTP/1.1 GET http://127.0.0.1:48408/api/task/v1/task/getVehicleInfo/BROKERX-L2-0001 - - -
info: Microsoft.AspNetCore.Routing.EndpointMiddleware[0]
      Executing endpoint 'HTTP: GET /api/task/v1/task/getVehicleInfo/{deviceKey}'
info: Microsoft.AspNetCore.Http.Result.JsonResult[3]
      Writing value of type '<>f__AnonymousType7`2' as Json.
info: Microsoft.AspNetCore.Routing.EndpointMiddleware[1]
      Executed endpoint 'HTTP: GET /api/task/v1/task/getVehicleInfo/{deviceKey}'
info: Microsoft.AspNetCore.Hosting.Diagnostics[2]
      Request finished HTTP/1.1 GET http://127.0.0.1:48408/api/task/v1/task/getVehicleInfo/BROKERX-L2-0001 - 200 - application/json;+charset=utf-8 0.1521ms
info: Microsoft.AspNetCore.Hosting.Diagnostics[1]
      Request starting HTTP/1.1 GET http://127.0.0.1:48408/api/order/v1/orderRecord?pageNum=1&pageSize=100&filterByState=1&filterByState=3&filterByState=7&filterByState=9 - - -
info: Microsoft.AspNetCore.Routing.EndpointMiddleware[0]
      Executing endpoint 'HTTP: GET /api/order/v1/orderRecord'
info: Microsoft.AspNetCore.Http.Result.JsonResult[3]
      Writing value of type '<>f__AnonymousType5`3' as Json.
info: Microsoft.AspNetCore.Routing.EndpointMiddleware[1]
      Executed endpoint 'HTTP: GET /api/order/v1/orderRecord'
info: Microsoft.AspNetCore.Hosting.Diagnostics[2]
      Request finished HTTP/1.1 GET http://127.0.0.1:48408/api/order/v1/orderRecord?pageNum=1&pageSize=100&filterByState=1&filterByState=3&filterByState=7&filterByState=9 - 200 - application/json;+charset=utf-8 0.2783ms
info: Microsoft.AspNetCore.Hosting.Diagnostics[1]
      Request starting HTTP/1.1 GET http://127.0.0.1:48408/control/v1/snapshot - - -
info: Microsoft.AspNetCore.Routing.EndpointMiddleware[0]
      Executing endpoint 'HTTP: GET /control/v1/snapshot'
info: Microsoft.AspNetCore.Http.Result.JsonResult[3]
      Writing value of type '<>f__AnonymousType0`6' as Json.
info: Microsoft.AspNetCore.Routing.EndpointMiddleware[1]
      Executed endpoint 'HTTP: GET /control/v1/snapshot'
info: Microsoft.AspNetCore.Hosting.Diagnostics[2]
      Request finished HTTP/1.1 GET http://127.0.0.1:48408/control/v1/snapshot - 200 - application/json;+charset=utf-8 0.3677ms
info: Microsoft.AspNetCore.Hosting.Diagnostics[1]
      Request starting HTTP/1.1 GET http://127.0.0.1:48408/api/imap/v1/mapInfo/stations/25 - - -
info: Microsoft.AspNetCore.Routing.EndpointMiddleware[0]
      Executing endpoint 'HTTP: GET /api/imap/v1/mapInfo/stations/{mapId:int}'
info: Microsoft.AspNetCore.Http.Result.JsonResult[3]
      Writing value of type '<>f__AnonymousType5`3' as Json.
info: Microsoft.AspNetCore.Routing.EndpointMiddleware[1]
      Executed endpoint 'HTTP: GET /api/imap/v1/mapInfo/stations/{mapId:int}'
info: Microsoft.AspNetCore.Hosting.Diagnostics[2]
      Request finished HTTP/1.1 GET http://127.0.0.1:48408/api/imap/v1/mapInfo/stations/25 - 200 - application/json;+charset=utf-8 0.8929ms
info: Microsoft.AspNetCore.Hosting.Diagnostics[1]
      Request starting HTTP/1.1 GET http://127.0.0.1:48408/control/v1/snapshot - - -
info: Microsoft.AspNetCore.Routing.EndpointMiddleware[0]
      Executing endpoint 'HTTP: GET /control/v1/snapshot'
info: Microsoft.AspNetCore.Http.Result.JsonResult[3]
      Writing value of type '<>f__AnonymousType0`6' as Json.
info: Microsoft.AspNetCore.Routing.EndpointMiddleware[1]
      Executed endpoint 'HTTP: GET /control/v1/snapshot'
info: Microsoft.AspNetCore.Hosting.Diagnostics[2]
      Request finished HTTP/1.1 GET http://127.0.0.1:48408/control/v1/snapshot - 200 - application/json;+charset=utf-8 0.3891ms
info: Microsoft.AspNetCore.Hosting.Diagnostics[1]
      Request starting HTTP/1.1 GET http://127.0.0.1:48408/control/v1/snapshot - - -
info: Microsoft.AspNetCore.Routing.EndpointMiddleware[0]
      Executing endpoint 'HTTP: GET /control/v1/snapshot'
info: Microsoft.AspNetCore.Http.Result.JsonResult[3]
      Writing value of type '<>f__AnonymousType0`6' as Json.
info: Microsoft.AspNetCore.Routing.EndpointMiddleware[1]
      Executed endpoint 'HTTP: GET /control/v1/snapshot'
info: Microsoft.AspNetCore.Hosting.Diagnostics[2]
      Request finished HTTP/1.1 GET http://127.0.0.1:48408/control/v1/snapshot - 200 - application/json;+charset=utf-8 0.3967ms
info: Microsoft.AspNetCore.Hosting.Diagnostics[1]
      Request starting HTTP/1.1 GET http://127.0.0.1:48408/api/task/v1/task/getVehicleInfo/BROKERX-L2-0001 - - -
info: Microsoft.AspNetCore.Routing.EndpointMiddleware[0]
      Executing endpoint 'HTTP: GET /api/task/v1/task/getVehicleInfo/{deviceKey}'
info: Microsoft.AspNetCore.Http.Result.JsonResult[3]
      Writing value of type '<>f__AnonymousType7`2' as Json.
info: Microsoft.AspNetCore.Routing.EndpointMiddleware[1]
      Executed endpoint 'HTTP: GET /api/task/v1/task/getVehicleInfo/{deviceKey}'
info: Microsoft.AspNetCore.Hosting.Diagnostics[2]
      Request finished HTTP/1.1 GET http://127.0.0.1:48408/api/task/v1/task/getVehicleInfo/BROKERX-L2-0001 - 200 - application/json;+charset=utf-8 0.1579ms
info: Microsoft.AspNetCore.Hosting.Diagnostics[1]
      Request starting HTTP/1.1 GET http://127.0.0.1:48408/api/order/v1/orderRecord?pageNum=1&pageSize=100&filterByState=1&filterByState=3&filterByState=7&filterByState=9 - - -
info: Microsoft.AspNetCore.Routing.EndpointMiddleware[0]
      Executing endpoint 'HTTP: GET /api/order/v1/orderRecord'
info: Microsoft.AspNetCore.Http.Result.JsonResult[3]
      Writing value of type '<>f__AnonymousType5`3' as Json.
info: Microsoft.AspNetCore.Routing.EndpointMiddleware[1]
      Executed endpoint 'HTTP: GET /api/order/v1/orderRecord'
info: Microsoft.AspNetCore.Hosting.Diagnostics[2]
      Request finished HTTP/1.1 GET http://127.0.0.1:48408/api/order/v1/orderRecord?pageNum=1&pageSize=100&filterByState=1&filterByState=3&filterByState=7&filterByState=9 - 200 - application/json;+charset=utf-8 0.1921ms
info: Microsoft.AspNetCore.Hosting.Diagnostics[1]
      Request starting HTTP/1.1 GET http://127.0.0.1:48408/control/v1/snapshot - - -
info: Microsoft.AspNetCore.Routing.EndpointMiddleware[0]
      Executing endpoint 'HTTP: GET /control/v1/snapshot'
info: Microsoft.AspNetCore.Http.Result.JsonResult[3]
      Writing value of type '<>f__AnonymousType0`6' as Json.
info: Microsoft.AspNetCore.Routing.EndpointMiddleware[1]
      Executed endpoint 'HTTP: GET /control/v1/snapshot'
info: Microsoft.AspNetCore.Hosting.Diagnostics[2]
      Request finished HTTP/1.1 GET http://127.0.0.1:48408/control/v1/snapshot - 200 - application/json;+charset=utf-8 0.3796ms
info: Microsoft.AspNetCore.Hosting.Diagnostics[1]
      Request starting HTTP/1.1 GET http://127.0.0.1:48408/api/imap/v1/mapInfo/stations/25 - - -
info: Microsoft.AspNetCore.Routing.EndpointMiddleware[0]
      Executing endpoint 'HTTP: GET /api/imap/v1/mapInfo/stations/{mapId:int}'
info: Microsoft.AspNetCore.Http.Result.JsonResult[3]
      Writing value of type '<>f__AnonymousType5`3' as Json.
info: Microsoft.AspNetCore.Routing.EndpointMiddleware[1]
      Executed endpoint 'HTTP: GET /api/imap/v1/mapInfo/stations/{mapId:int}'
info: Microsoft.AspNetCore.Hosting.Diagnostics[2]
      Request finished HTTP/1.1 GET http://127.0.0.1:48408/api/imap/v1/mapInfo/stations/25 - 200 - application/json;+charset=utf-8 1.9297ms
info: Microsoft.AspNetCore.Hosting.Diagnostics[1]
      Request starting HTTP/1.1 GET http://127.0.0.1:48408/control/v1/snapshot - - -
info: Microsoft.AspNetCore.Routing.EndpointMiddleware[0]
      Executing endpoint 'HTTP: GET /control/v1/snapshot'
info: Microsoft.AspNetCore.Http.Result.JsonResult[3]
      Writing value of type '<>f__AnonymousType0`6' as Json.
info: Microsoft.AspNetCore.Routing.EndpointMiddleware[1]
      Executed endpoint 'HTTP: GET /control/v1/snapshot'
info: Microsoft.AspNetCore.Hosting.Diagnostics[2]
      Request finished HTTP/1.1 GET http://127.0.0.1:48408/control/v1/snapshot - 200 - application/json;+charset=utf-8 0.3512ms
info: Microsoft.AspNetCore.Hosting.Diagnostics[1]
      Request starting HTTP/1.1 GET http://127.0.0.1:48408/api/task/v1/task/getVehicleInfo/BROKERX-L2-0001 - - -
info: Microsoft.AspNetCore.Routing.EndpointMiddleware[0]
      Executing endpoint 'HTTP: GET /api/task/v1/task/getVehicleInfo/{deviceKey}'
info: Microsoft.AspNetCore.Http.Result.JsonResult[3]
      Writing value of type '<>f__AnonymousType7`2' as Json.
info: Microsoft.AspNetCore.Routing.EndpointMiddleware[1]
      Executed endpoint 'HTTP: GET /api/task/v1/task/getVehicleInfo/{deviceKey}'
info: Microsoft.AspNetCore.Hosting.Diagnostics[2]
      Request finished HTTP/1.1 GET http://127.0.0.1:48408/api/task/v1/task/getVehicleInfo/BROKERX-L2-0001 - 200 - application/json;+charset=utf-8 0.4244ms
info: Microsoft.AspNetCore.Hosting.Diagnostics[1]
      Request starting HTTP/1.1 GET http://127.0.0.1:48408/api/order/v1/orderRecord?pageNum=1&pageSize=100&filterByState=1&filterByState=3&filterByState=7&filterByState=9 - - -
info: Microsoft.AspNetCore.Routing.EndpointMiddleware[0]
      Executing endpoint 'HTTP: GET /api/order/v1/orderRecord'
info: Microsoft.AspNetCore.Http.Result.JsonResult[3]
      Writing value of type '<>f__AnonymousType5`3' as Json.
info: Microsoft.AspNetCore.Routing.EndpointMiddleware[1]
      Executed endpoint 'HTTP: GET /api/order/v1/orderRecord'
info: Microsoft.AspNetCore.Hosting.Diagnostics[2]
      Request finished HTTP/1.1 GET http://127.0.0.1:48408/api/order/v1/orderRecord?pageNum=1&pageSize=100&filterByState=1&filterByState=3&filterByState=7&filterByState=9 - 200 - application/json;+charset=utf-8 0.2233ms
info: Microsoft.AspNetCore.Hosting.Diagnostics[1]
      Request starting HTTP/1.1 GET http://127.0.0.1:48408/api/imap/v1/mapInfo/stations/25 - - -
info: Microsoft.AspNetCore.Routing.EndpointMiddleware[0]
      Executing endpoint 'HTTP: GET /api/imap/v1/mapInfo/stations/{mapId:int}'
info: Microsoft.AspNetCore.Http.Result.JsonResult[3]
      Writing value of type '<>f__AnonymousType5`3' as Json.
info: Microsoft.AspNetCore.Routing.EndpointMiddleware[1]
      Executed endpoint 'HTTP: GET /api/imap/v1/mapInfo/stations/{mapId:int}'
info: Microsoft.AspNetCore.Hosting.Diagnostics[2]
      Request finished HTTP/1.1 GET http://127.0.0.1:48408/api/imap/v1/mapInfo/stations/25 - 200 - application/json;+charset=utf-8 0.6631ms
info: Microsoft.AspNetCore.Hosting.Diagnostics[1]
      Request starting HTTP/1.1 GET http://127.0.0.1:48408/api/task/v1/task/getVehicleInfo/BROKERX-L2-0001 - - -
info: Microsoft.AspNetCore.Routing.EndpointMiddleware[0]
      Executing endpoint 'HTTP: GET /api/task/v1/task/getVehicleInfo/{deviceKey}'
info: Microsoft.AspNetCore.Http.Result.JsonResult[3]
      Writing value of type '<>f__AnonymousType7`2' as Json.
info: Microsoft.AspNetCore.Routing.EndpointMiddleware[1]
      Executed endpoint 'HTTP: GET /api/task/v1/task/getVehicleInfo/{deviceKey}'
info: Microsoft.AspNetCore.Hosting.Diagnostics[2]
      Request finished HTTP/1.1 GET http://127.0.0.1:48408/api/task/v1/task/getVehicleInfo/BROKERX-L2-0001 - 200 - application/json;+charset=utf-8 0.1715ms
info: Microsoft.AspNetCore.Hosting.Diagnostics[1]
      Request starting HTTP/1.1 GET http://127.0.0.1:48408/api/order/v1/orderRecord?pageNum=1&pageSize=100&filterByState=1&filterByState=3&filterByState=7&filterByState=9 - - -
info: Microsoft.AspNetCore.Routing.EndpointMiddleware[0]
      Executing endpoint 'HTTP: GET /api/order/v1/orderRecord'
info: Microsoft.AspNetCore.Http.Result.JsonResult[3]
      Writing value of type '<>f__AnonymousType5`3' as Json.
info: Microsoft.AspNetCore.Routing.EndpointMiddleware[1]
      Executed endpoint 'HTTP: GET /api/order/v1/orderRecord'
info: Microsoft.AspNetCore.Hosting.Diagnostics[2]
      Request finished HTTP/1.1 GET http://127.0.0.1:48408/api/order/v1/orderRecord?pageNum=1&pageSize=100&filterByState=1&filterByState=3&filterByState=7&filterByState=9 - 200 - application/json;+charset=utf-8 0.6137ms
info: Microsoft.AspNetCore.Hosting.Diagnostics[1]
      Request starting HTTP/1.1 GET http://127.0.0.1:48408/api/imap/v1/mapInfo/stations/25 - - -
info: Microsoft.AspNetCore.Routing.EndpointMiddleware[0]
      Executing endpoint 'HTTP: GET /api/imap/v1/mapInfo/stations/{mapId:int}'
info: Microsoft.AspNetCore.Http.Result.JsonResult[3]
      Writing value of type '<>f__AnonymousType5`3' as Json.
info: Microsoft.AspNetCore.Routing.EndpointMiddleware[1]
      Executed endpoint 'HTTP: GET /api/imap/v1/mapInfo/stations/{mapId:int}'
info: Microsoft.AspNetCore.Hosting.Diagnostics[2]
      Request finished HTTP/1.1 GET http://127.0.0.1:48408/api/imap/v1/mapInfo/stations/25 - 200 - application/json;+charset=utf-8 0.2413ms
info: Microsoft.AspNetCore.Hosting.Diagnostics[1]
      Request starting HTTP/1.1 GET http://127.0.0.1:48408/api/task/v1/task/getVehicleInfo/BROKERX-L2-0001 - - -
info: Microsoft.AspNetCore.Routing.EndpointMiddleware[0]
      Executing endpoint 'HTTP: GET /api/task/v1/task/getVehicleInfo/{deviceKey}'
info: Microsoft.AspNetCore.Http.Result.JsonResult[3]
      Writing value of type '<>f__AnonymousType7`2' as Json.
info: Microsoft.AspNetCore.Routing.EndpointMiddleware[1]
      Executed endpoint 'HTTP: GET /api/task/v1/task/getVehicleInfo/{deviceKey}'
info: Microsoft.AspNetCore.Hosting.Diagnostics[2]
      Request finished HTTP/1.1 GET http://127.0.0.1:48408/api/task/v1/task/getVehicleInfo/BROKERX-L2-0001 - 200 - application/json;+charset=utf-8 0.3012ms
info: Microsoft.AspNetCore.Hosting.Diagnostics[1]
      Request starting HTTP/1.1 GET http://127.0.0.1:48408/api/order/v1/orderRecord?pageNum=1&pageSize=100&filterByState=1&filterByState=3&filterByState=7&filterByState=9 - - -
info: Microsoft.AspNetCore.Routing.EndpointMiddleware[0]
      Executing endpoint 'HTTP: GET /api/order/v1/orderRecord'
info: Microsoft.AspNetCore.Http.Result.JsonResult[3]
      Writing value of type '<>f__AnonymousType5`3' as Json.
info: Microsoft.AspNetCore.Routing.EndpointMiddleware[1]
      Executed endpoint 'HTTP: GET /api/order/v1/orderRecord'
info: Microsoft.AspNetCore.Hosting.Diagnostics[2]
      Request finished HTTP/1.1 GET http://127.0.0.1:48408/api/order/v1/orderRecord?pageNum=1&pageSize=100&filterByState=1&filterByState=3&filterByState=7&filterByState=9 - 200 - application/json;+charset=utf-8 0.2194ms
info: Microsoft.AspNetCore.Hosting.Diagnostics[1]
      Request starting HTTP/1.1 GET http://127.0.0.1:48408/api/imap/v1/mapInfo/stations/25 - - -
info: Microsoft.AspNetCore.Routing.EndpointMiddleware[0]
      Executing endpoint 'HTTP: GET /api/imap/v1/mapInfo/stations/{mapId:int}'
info: Microsoft.AspNetCore.Http.Result.JsonResult[3]
      Writing value of type '<>f__AnonymousType5`3' as Json.
info: Microsoft.AspNetCore.Routing.EndpointMiddleware[1]
      Executed endpoint 'HTTP: GET /api/imap/v1/mapInfo/stations/{mapId:int}'
info: Microsoft.AspNetCore.Hosting.Diagnostics[2]
      Request finished HTTP/1.1 GET http://127.0.0.1:48408/api/imap/v1/mapInfo/stations/25 - 200 - application/json;+charset=utf-8 0.4234ms
info: Microsoft.AspNetCore.Hosting.Diagnostics[1]
      Request starting HTTP/1.1 GET http://127.0.0.1:48408/api/task/v1/task/getVehicleInfo/BROKERX-L2-0001 - - -
info: Microsoft.AspNetCore.Routing.EndpointMiddleware[0]
      Executing endpoint 'HTTP: GET /api/task/v1/task/getVehicleInfo/{deviceKey}'
info: Microsoft.AspNetCore.Http.Result.JsonResult[3]
      Writing value of type '<>f__AnonymousType7`2' as Json.
info: Microsoft.AspNetCore.Routing.EndpointMiddleware[1]
      Executed endpoint 'HTTP: GET /api/task/v1/task/getVehicleInfo/{deviceKey}'
info: Microsoft.AspNetCore.Hosting.Diagnostics[2]
      Request finished HTTP/1.1 GET http://127.0.0.1:48408/api/task/v1/task/getVehicleInfo/BROKERX-L2-0001 - 200 - application/json;+charset=utf-8 0.8215ms
info: Microsoft.AspNetCore.Hosting.Diagnostics[1]
      Request starting HTTP/1.1 GET http://127.0.0.1:48408/api/order/v1/orderRecord?pageNum=1&pageSize=100&filterByState=1&filterByState=3&filterByState=7&filterByState=9 - - -
info: Microsoft.AspNetCore.Routing.EndpointMiddleware[0]
      Executing endpoint 'HTTP: GET /api/order/v1/orderRecord'
info: Microsoft.AspNetCore.Http.Result.JsonResult[3]
      Writing value of type '<>f__AnonymousType5`3' as Json.
info: Microsoft.AspNetCore.Routing.EndpointMiddleware[1]
      Executed endpoint 'HTTP: GET /api/order/v1/orderRecord'
info: Microsoft.AspNetCore.Hosting.Diagnostics[2]
      Request finished HTTP/1.1 GET http://127.0.0.1:48408/api/order/v1/orderRecord?pageNum=1&pageSize=100&filterByState=1&filterByState=3&filterByState=7&filterByState=9 - 200 - application/json;+charset=utf-8 0.5447ms
info: Microsoft.AspNetCore.Hosting.Diagnostics[1]
      Request starting HTTP/1.1 GET http://127.0.0.1:48408/api/imap/v1/mapInfo/stations/25 - - -
info: Microsoft.AspNetCore.Routing.EndpointMiddleware[0]
      Executing endpoint 'HTTP: GET /api/imap/v1/mapInfo/stations/{mapId:int}'
info: Microsoft.AspNetCore.Http.Result.JsonResult[3]
      Writing value of type '<>f__AnonymousType5`3' as Json.
info: Microsoft.AspNetCore.Routing.EndpointMiddleware[1]
      Executed endpoint 'HTTP: GET /api/imap/v1/mapInfo/stations/{mapId:int}'
info: Microsoft.AspNetCore.Hosting.Diagnostics[2]
      Request finished HTTP/1.1 GET http://127.0.0.1:48408/api/imap/v1/mapInfo/stations/25 - 200 - application/json;+charset=utf-8 0.1916ms
info: Microsoft.AspNetCore.Hosting.Diagnostics[1]
      Request starting HTTP/1.1 GET http://127.0.0.1:48408/control/v1/snapshot - - -
info: Microsoft.AspNetCore.Routing.EndpointMiddleware[0]
      Executing endpoint 'HTTP: GET /control/v1/snapshot'
info: Microsoft.AspNetCore.Http.Result.JsonResult[3]
      Writing value of type '<>f__AnonymousType0`6' as Json.
info: Microsoft.AspNetCore.Routing.EndpointMiddleware[1]
      Executed endpoint 'HTTP: GET /control/v1/snapshot'
info: Microsoft.AspNetCore.Hosting.Diagnostics[2]
      Request finished HTTP/1.1 GET http://127.0.0.1:48408/control/v1/snapshot - 200 - application/json;+charset=utf-8 0.3139ms
info: Microsoft.AspNetCore.Hosting.Diagnostics[1]
      Request starting HTTP/1.1 GET http://127.0.0.1:48408/control/v1/snapshot - - -
info: Microsoft.AspNetCore.Routing.EndpointMiddleware[0]
      Executing endpoint 'HTTP: GET /control/v1/snapshot'
info: Microsoft.AspNetCore.Http.Result.JsonResult[3]
      Writing value of type '<>f__AnonymousType0`6' as Json.
info: Microsoft.AspNetCore.Routing.EndpointMiddleware[1]
      Executed endpoint 'HTTP: GET /control/v1/snapshot'
info: Microsoft.AspNetCore.Hosting.Diagnostics[2]
      Request finished HTTP/1.1 GET http://127.0.0.1:48408/control/v1/snapshot - 200 - application/json;+charset=utf-8 0.4250ms
info: Microsoft.AspNetCore.Hosting.Diagnostics[1]
      Request starting HTTP/1.1 GET http://127.0.0.1:48408/control/v1/snapshot - - -
info: Microsoft.AspNetCore.Routing.EndpointMiddleware[0]
      Executing endpoint 'HTTP: GET /control/v1/snapshot'
info: Microsoft.AspNetCore.Http.Result.JsonResult[3]
      Writing value of type '<>f__AnonymousType0`6' as Json.
info: Microsoft.AspNetCore.Routing.EndpointMiddleware[1]
      Executed endpoint 'HTTP: GET /control/v1/snapshot'
info: Microsoft.AspNetCore.Hosting.Diagnostics[2]
      Request finished HTTP/1.1 GET http://127.0.0.1:48408/control/v1/snapshot - 200 - application/json;+charset=utf-8 0.2748ms
info: Microsoft.AspNetCore.Hosting.Diagnostics[1]
      Request starting HTTP/1.1 GET http://127.0.0.1:48408/api/task/v1/task/getVehicleInfo/BROKERX-L2-0001 - - -
info: Microsoft.AspNetCore.Routing.EndpointMiddleware[0]
      Executing endpoint 'HTTP: GET /api/task/v1/task/getVehicleInfo/{deviceKey}'
info: Microsoft.AspNetCore.Http.Result.JsonResult[3]
      Writing value of type '<>f__AnonymousType7`2' as Json.
info: Microsoft.AspNetCore.Routing.EndpointMiddleware[1]
      Executed endpoint 'HTTP: GET /api/task/v1/task/getVehicleInfo/{deviceKey}'
info: Microsoft.AspNetCore.Hosting.Diagnostics[2]
      Request finished HTTP/1.1 GET http://127.0.0.1:48408/api/task/v1/task/getVehicleInfo/BROKERX-L2-0001 - 200 - application/json;+charset=utf-8 0.1573ms
info: Microsoft.AspNetCore.Hosting.Diagnostics[1]
      Request starting HTTP/1.1 GET http://127.0.0.1:48408/api/order/v1/orderRecord?pageNum=1&pageSize=100&filterByState=1&filterByState=3&filterByState=7&filterByState=9 - - -
info: Microsoft.AspNetCore.Routing.EndpointMiddleware[0]
      Executing endpoint 'HTTP: GET /api/order/v1/orderRecord'
info: Microsoft.AspNetCore.Http.Result.JsonResult[3]
      Writing value of type '<>f__AnonymousType5`3' as Json.
info: Microsoft.AspNetCore.Routing.EndpointMiddleware[1]
      Executed endpoint 'HTTP: GET /api/order/v1/orderRecord'
info: Microsoft.AspNetCore.Hosting.Diagnostics[2]
      Request finished HTTP/1.1 GET http://127.0.0.1:48408/api/order/v1/orderRecord?pageNum=1&pageSize=100&filterByState=1&filterByState=3&filterByState=7&filterByState=9 - 200 - application/json;+charset=utf-8 0.1846ms
info: Microsoft.AspNetCore.Hosting.Diagnostics[1]
      Request starting HTTP/1.1 GET http://127.0.0.1:48408/api/imap/v1/mapInfo/stations/25 - - -
info: Microsoft.AspNetCore.Routing.EndpointMiddleware[0]
      Executing endpoint 'HTTP: GET /api/imap/v1/mapInfo/stations/{mapId:int}'
info: Microsoft.AspNetCore.Http.Result.JsonResult[3]
      Writing value of type '<>f__AnonymousType5`3' as Json.
info: Microsoft.AspNetCore.Routing.EndpointMiddleware[1]
      Executed endpoint 'HTTP: GET /api/imap/v1/mapInfo/stations/{mapId:int}'
info: Microsoft.AspNetCore.Hosting.Diagnostics[2]
      Request finished HTTP/1.1 GET http://127.0.0.1:48408/api/imap/v1/mapInfo/stations/25 - 200 - application/json;+charset=utf-8 0.2068ms
info: Microsoft.AspNetCore.Hosting.Diagnostics[1]
      Request starting HTTP/1.1 GET http://127.0.0.1:48408/control/v1/snapshot - - -
info: Microsoft.AspNetCore.Routing.EndpointMiddleware[0]
      Executing endpoint 'HTTP: GET /control/v1/snapshot'
info: Microsoft.AspNetCore.Http.Result.JsonResult[3]
      Writing value of type '<>f__AnonymousType0`6' as Json.
info: Microsoft.AspNetCore.Routing.EndpointMiddleware[1]
      Executed endpoint 'HTTP: GET /control/v1/snapshot'
info: Microsoft.AspNetCore.Hosting.Diagnostics[2]
      Request finished HTTP/1.1 GET http://127.0.0.1:48408/control/v1/snapshot - 200 - application/json;+charset=utf-8 0.2875ms
info: Microsoft.AspNetCore.Hosting.Diagnostics[1]
      Request starting HTTP/1.1 GET http://127.0.0.1:48408/control/v1/snapshot - - -
info: Microsoft.AspNetCore.Routing.EndpointMiddleware[0]
      Executing endpoint 'HTTP: GET /control/v1/snapshot'
info: Microsoft.AspNetCore.Http.Result.JsonResult[3]
      Writing value of type '<>f__AnonymousType0`6' as Json.
info: Microsoft.AspNetCore.Routing.EndpointMiddleware[1]
      Executed endpoint 'HTTP: GET /control/v1/snapshot'
info: Microsoft.AspNetCore.Hosting.Diagnostics[2]
      Request finished HTTP/1.1 GET http://127.0.0.1:48408/control/v1/snapshot - 200 - application/json;+charset=utf-8 0.2633ms
info: Microsoft.AspNetCore.Hosting.Diagnostics[1]
      Request starting HTTP/1.1 GET http://127.0.0.1:48408/control/v1/snapshot - - -
info: Microsoft.AspNetCore.Routing.EndpointMiddleware[0]
      Executing endpoint 'HTTP: GET /control/v1/snapshot'
info: Microsoft.AspNetCore.Http.Result.JsonResult[3]
      Writing value of type '<>f__AnonymousType0`6' as Json.
info: Microsoft.AspNetCore.Routing.EndpointMiddleware[1]
      Executed endpoint 'HTTP: GET /control/v1/snapshot'
info: Microsoft.AspNetCore.Hosting.Diagnostics[2]
      Request finished HTTP/1.1 GET http://127.0.0.1:48408/control/v1/snapshot - 200 - application/json;+charset=utf-8 0.3134ms
info: Microsoft.AspNetCore.Hosting.Diagnostics[1]
      Request starting HTTP/1.1 GET http://127.0.0.1:48408/api/task/v1/task/getVehicleInfo/BROKERX-L2-0001 - - -
info: Microsoft.AspNetCore.Routing.EndpointMiddleware[0]
      Executing endpoint 'HTTP: GET /api/task/v1/task/getVehicleInfo/{deviceKey}'
info: Microsoft.AspNetCore.Http.Result.JsonResult[3]
      Writing value of type '<>f__AnonymousType7`2' as Json.
info: Microsoft.AspNetCore.Routing.EndpointMiddleware[1]
      Executed endpoint 'HTTP: GET /api/task/v1/task/getVehicleInfo/{deviceKey}'
info: Microsoft.AspNetCore.Hosting.Diagnostics[2]
      Request finished HTTP/1.1 GET http://127.0.0.1:48408/api/task/v1/task/getVehicleInfo/BROKERX-L2-0001 - 200 - application/json;+charset=utf-8 0.1599ms
info: Microsoft.AspNetCore.Hosting.Diagnostics[1]
      Request starting HTTP/1.1 GET http://127.0.0.1:48408/api/order/v1/orderRecord?pageNum=1&pageSize=100&filterByState=1&filterByState=3&filterByState=7&filterByState=9 - - -
info: Microsoft.AspNetCore.Routing.EndpointMiddleware[0]
      Executing endpoint 'HTTP: GET /api/order/v1/orderRecord'
info: Microsoft.AspNetCore.Http.Result.JsonResult[3]
      Writing value of type '<>f__AnonymousType5`3' as Json.
info: Microsoft.AspNetCore.Routing.EndpointMiddleware[1]
      Executed endpoint 'HTTP: GET /api/order/v1/orderRecord'
info: Microsoft.AspNetCore.Hosting.Diagnostics[2]
      Request finished HTTP/1.1 GET http://127.0.0.1:48408/api/order/v1/orderRecord?pageNum=1&pageSize=100&filterByState=1&filterByState=3&filterByState=7&filterByState=9 - 200 - application/json;+charset=utf-8 0.2957ms
info: Microsoft.AspNetCore.Hosting.Diagnostics[1]
      Request starting HTTP/1.1 GET http://127.0.0.1:48408/control/v1/snapshot - - -
info: Microsoft.AspNetCore.Routing.EndpointMiddleware[0]
      Executing endpoint 'HTTP: GET /control/v1/snapshot'
info: Microsoft.AspNetCore.Http.Result.JsonResult[3]
      Writing value of type '<>f__AnonymousType0`6' as Json.
info: Microsoft.AspNetCore.Routing.EndpointMiddleware[1]
      Executed endpoint 'HTTP: GET /control/v1/snapshot'
info: Microsoft.AspNetCore.Hosting.Diagnostics[2]
      Request finished HTTP/1.1 GET http://127.0.0.1:48408/control/v1/snapshot - 200 - application/json;+charset=utf-8 0.3182ms
info: Microsoft.AspNetCore.Hosting.Diagnostics[1]
      Request starting HTTP/1.1 GET http://127.0.0.1:48408/api/imap/v1/mapInfo/stations/25 - - -
info: Microsoft.AspNetCore.Routing.EndpointMiddleware[0]
      Executing endpoint 'HTTP: GET /api/imap/v1/mapInfo/stations/{mapId:int}'
info: Microsoft.AspNetCore.Http.Result.JsonResult[3]
      Writing value of type '<>f__AnonymousType5`3' as Json.
info: Microsoft.AspNetCore.Routing.EndpointMiddleware[1]
      Executed endpoint 'HTTP: GET /api/imap/v1/mapInfo/stations/{mapId:int}'
info: Microsoft.AspNetCore.Hosting.Diagnostics[2]
      Request finished HTTP/1.1 GET http://127.0.0.1:48408/api/imap/v1/mapInfo/stations/25 - 200 - application/json;+charset=utf-8 0.1574ms
info: Microsoft.AspNetCore.Hosting.Diagnostics[1]
      Request starting HTTP/1.1 GET http://127.0.0.1:48408/control/v1/snapshot - - -
info: Microsoft.AspNetCore.Routing.EndpointMiddleware[0]
      Executing endpoint 'HTTP: GET /control/v1/snapshot'
info: Microsoft.AspNetCore.Http.Result.JsonResult[3]
      Writing value of type '<>f__AnonymousType0`6' as Json.
info: Microsoft.AspNetCore.Routing.EndpointMiddleware[1]
      Executed endpoint 'HTTP: GET /control/v1/snapshot'
info: Microsoft.AspNetCore.Hosting.Diagnostics[2]
      Request finished HTTP/1.1 GET http://127.0.0.1:48408/control/v1/snapshot - 200 - application/json;+charset=utf-8 0.3629ms
info: Microsoft.AspNetCore.Hosting.Diagnostics[1]
      Request starting HTTP/1.1 GET http://127.0.0.1:48408/control/v1/snapshot - - -
info: Microsoft.AspNetCore.Routing.EndpointMiddleware[0]
      Executing endpoint 'HTTP: GET /control/v1/snapshot'
info: Microsoft.AspNetCore.Http.Result.JsonResult[3]
      Writing value of type '<>f__AnonymousType0`6' as Json.
info: Microsoft.AspNetCore.Routing.EndpointMiddleware[1]
      Executed endpoint 'HTTP: GET /control/v1/snapshot'
info: Microsoft.AspNetCore.Hosting.Diagnostics[2]
      Request finished HTTP/1.1 GET http://127.0.0.1:48408/control/v1/snapshot - 200 - application/json;+charset=utf-8 0.2834ms
info: Microsoft.AspNetCore.Hosting.Diagnostics[1]
      Request starting HTTP/1.1 GET http://127.0.0.1:48408/control/v1/snapshot - - -
info: Microsoft.AspNetCore.Routing.EndpointMiddleware[0]
      Executing endpoint 'HTTP: GET /control/v1/snapshot'
info: Microsoft.AspNetCore.Http.Result.JsonResult[3]
      Writing value of type '<>f__AnonymousType0`6' as Json.
info: Microsoft.AspNetCore.Routing.EndpointMiddleware[1]
      Executed endpoint 'HTTP: GET /control/v1/snapshot'
info: Microsoft.AspNetCore.Hosting.Diagnostics[2]
      Request finished HTTP/1.1 GET http://127.0.0.1:48408/control/v1/snapshot - 200 - application/json;+charset=utf-8 0.2723ms
info: Microsoft.AspNetCore.Hosting.Diagnostics[1]
      Request starting HTTP/1.1 GET http://127.0.0.1:48408/api/task/v1/task/getVehicleInfo/BROKERX-L2-0001 - - -
info: Microsoft.AspNetCore.Routing.EndpointMiddleware[0]
      Executing endpoint 'HTTP: GET /api/task/v1/task/getVehicleInfo/{deviceKey}'
info: Microsoft.AspNetCore.Http.Result.JsonResult[3]
      Writing value of type '<>f__AnonymousType7`2' as Json.
info: Microsoft.AspNetCore.Routing.EndpointMiddleware[1]
      Executed endpoint 'HTTP: GET /api/task/v1/task/getVehicleInfo/{deviceKey}'
info: Microsoft.AspNetCore.Hosting.Diagnostics[2]
      Request finished HTTP/1.1 GET http://127.0.0.1:48408/api/task/v1/task/getVehicleInfo/BROKERX-L2-0001 - 200 - application/json;+charset=utf-8 0.1368ms
info: Microsoft.AspNetCore.Hosting.Diagnostics[1]
      Request starting HTTP/1.1 GET http://127.0.0.1:48408/api/order/v1/orderRecord?pageNum=1&pageSize=100&filterByState=1&filterByState=3&filterByState=7&filterByState=9 - - -
info: Microsoft.AspNetCore.Routing.EndpointMiddleware[0]
      Executing endpoint 'HTTP: GET /api/order/v1/orderRecord'
info: Microsoft.AspNetCore.Http.Result.JsonResult[3]
      Writing value of type '<>f__AnonymousType5`3' as Json.
info: Microsoft.AspNetCore.Routing.EndpointMiddleware[1]
      Executed endpoint 'HTTP: GET /api/order/v1/orderRecord'
info: Microsoft.AspNetCore.Hosting.Diagnostics[2]
      Request finished HTTP/1.1 GET http://127.0.0.1:48408/api/order/v1/orderRecord?pageNum=1&pageSize=100&filterByState=1&filterByState=3&filterByState=7&filterByState=9 - 200 - application/json;+charset=utf-8 0.2227ms
info: Microsoft.AspNetCore.Hosting.Diagnostics[1]
      Request starting HTTP/1.1 GET http://127.0.0.1:48408/control/v1/snapshot - - -
info: Microsoft.AspNetCore.Routing.EndpointMiddleware[0]
      Executing endpoint 'HTTP: GET /control/v1/snapshot'
info: Microsoft.AspNetCore.Http.Result.JsonResult[3]
      Writing value of type '<>f__AnonymousType0`6' as Json.
info: Microsoft.AspNetCore.Routing.EndpointMiddleware[1]
      Executed endpoint 'HTTP: GET /control/v1/snapshot'
info: Microsoft.AspNetCore.Hosting.Diagnostics[2]
      Request finished HTTP/1.1 GET http://127.0.0.1:48408/control/v1/snapshot - 200 - application/json;+charset=utf-8 0.2527ms
info: Microsoft.AspNetCore.Hosting.Diagnostics[1]
      Request starting HTTP/1.1 GET http://127.0.0.1:48408/api/imap/v1/mapInfo/stations/25 - - -
info: Microsoft.AspNetCore.Routing.EndpointMiddleware[0]
      Executing endpoint 'HTTP: GET /api/imap/v1/mapInfo/stations/{mapId:int}'
info: Microsoft.AspNetCore.Http.Result.JsonResult[3]
      Writing value of type '<>f__AnonymousType5`3' as Json.
info: Microsoft.AspNetCore.Routing.EndpointMiddleware[1]
      Executed endpoint 'HTTP: GET /api/imap/v1/mapInfo/stations/{mapId:int}'
info: Microsoft.AspNetCore.Hosting.Diagnostics[2]
      Request finished HTTP/1.1 GET http://127.0.0.1:48408/api/imap/v1/mapInfo/stations/25 - 200 - application/json;+charset=utf-8 0.2656ms
info: Microsoft.AspNetCore.Hosting.Diagnostics[1]
      Request starting HTTP/1.1 GET http://127.0.0.1:48408/control/v1/snapshot - - -
info: Microsoft.AspNetCore.Routing.EndpointMiddleware[0]
      Executing endpoint 'HTTP: GET /control/v1/snapshot'
info: Microsoft.AspNetCore.Http.Result.JsonResult[3]
      Writing value of type '<>f__AnonymousType0`6' as Json.
info: Microsoft.AspNetCore.Routing.EndpointMiddleware[1]
      Executed endpoint 'HTTP: GET /control/v1/snapshot'
info: Microsoft.AspNetCore.Hosting.Diagnostics[2]
      Request finished HTTP/1.1 GET http://127.0.0.1:48408/control/v1/snapshot - 200 - application/json;+charset=utf-8 0.7788ms
info: Microsoft.AspNetCore.Hosting.Diagnostics[1]
      Request starting HTTP/1.1 GET http://127.0.0.1:48408/control/v1/snapshot - - -
info: Microsoft.AspNetCore.Routing.EndpointMiddleware[0]
      Executing endpoint 'HTTP: GET /control/v1/snapshot'
info: Microsoft.AspNetCore.Http.Result.JsonResult[3]
      Writing value of type '<>f__AnonymousType0`6' as Json.
info: Microsoft.AspNetCore.Routing.EndpointMiddleware[1]
      Executed endpoint 'HTTP: GET /control/v1/snapshot'
info: Microsoft.AspNetCore.Hosting.Diagnostics[2]
      Request finished HTTP/1.1 GET http://127.0.0.1:48408/control/v1/snapshot - 200 - application/json;+charset=utf-8 0.3562ms
info: Microsoft.AspNetCore.Hosting.Diagnostics[1]
      Request starting HTTP/1.1 GET http://127.0.0.1:48408/control/v1/snapshot - - -
info: Microsoft.AspNetCore.Routing.EndpointMiddleware[0]
      Executing endpoint 'HTTP: GET /control/v1/snapshot'
info: Microsoft.AspNetCore.Http.Result.JsonResult[3]
      Writing value of type '<>f__AnonymousType0`6' as Json.
info: Microsoft.AspNetCore.Routing.EndpointMiddleware[1]
      Executed endpoint 'HTTP: GET /control/v1/snapshot'
info: Microsoft.AspNetCore.Hosting.Diagnostics[2]
      Request finished HTTP/1.1 GET http://127.0.0.1:48408/control/v1/snapshot - 200 - application/json;+charset=utf-8 0.4033ms
info: Microsoft.AspNetCore.Hosting.Diagnostics[1]
      Request starting HTTP/1.1 GET http://127.0.0.1:48408/api/task/v1/task/getVehicleInfo/BROKERX-L2-0001 - - -
info: Microsoft.AspNetCore.Routing.EndpointMiddleware[0]
      Executing endpoint 'HTTP: GET /api/task/v1/task/getVehicleInfo/{deviceKey}'
info: Microsoft.AspNetCore.Http.Result.JsonResult[3]
      Writing value of type '<>f__AnonymousType7`2' as Json.
info: Microsoft.AspNetCore.Routing.EndpointMiddleware[1]
      Executed endpoint 'HTTP: GET /api/task/v1/task/getVehicleInfo/{deviceKey}'
info: Microsoft.AspNetCore.Hosting.Diagnostics[2]
      Request finished HTTP/1.1 GET http://127.0.0.1:48408/api/task/v1/task/getVehicleInfo/BROKERX-L2-0001 - 200 - application/json;+charset=utf-8 0.1335ms
info: Microsoft.AspNetCore.Hosting.Diagnostics[1]
      Request starting HTTP/1.1 GET http://127.0.0.1:48408/api/order/v1/orderRecord?pageNum=1&pageSize=100&filterByState=1&filterByState=3&filterByState=7&filterByState=9 - - -
info: Microsoft.AspNetCore.Routing.EndpointMiddleware[0]
      Executing endpoint 'HTTP: GET /api/order/v1/orderRecord'
info: Microsoft.AspNetCore.Http.Result.JsonResult[3]
      Writing value of type '<>f__AnonymousType5`3' as Json.
info: Microsoft.AspNetCore.Routing.EndpointMiddleware[1]
      Executed endpoint 'HTTP: GET /api/order/v1/orderRecord'
info: Microsoft.AspNetCore.Hosting.Diagnostics[2]
      Request finished HTTP/1.1 GET http://127.0.0.1:48408/api/order/v1/orderRecord?pageNum=1&pageSize=100&filterByState=1&filterByState=3&filterByState=7&filterByState=9 - 200 - application/json;+charset=utf-8 0.1486ms
info: Microsoft.AspNetCore.Hosting.Diagnostics[1]
      Request starting HTTP/1.1 GET http://127.0.0.1:48408/control/v1/snapshot - - -
info: Microsoft.AspNetCore.Routing.EndpointMiddleware[0]
      Executing endpoint 'HTTP: GET /control/v1/snapshot'
info: Microsoft.AspNetCore.Http.Result.JsonResult[3]
      Writing value of type '<>f__AnonymousType0`6' as Json.
info: Microsoft.AspNetCore.Routing.EndpointMiddleware[1]
      Executed endpoint 'HTTP: GET /control/v1/snapshot'
info: Microsoft.AspNetCore.Hosting.Diagnostics[2]
      Request finished HTTP/1.1 GET http://127.0.0.1:48408/control/v1/snapshot - 200 - application/json;+charset=utf-8 0.4550ms
info: Microsoft.AspNetCore.Hosting.Diagnostics[1]
      Request starting HTTP/1.1 GET http://127.0.0.1:48408/api/imap/v1/mapInfo/stations/25 - - -
info: Microsoft.AspNetCore.Routing.EndpointMiddleware[0]
      Executing endpoint 'HTTP: GET /api/imap/v1/mapInfo/stations/{mapId:int}'
info: Microsoft.AspNetCore.Http.Result.JsonResult[3]
      Writing value of type '<>f__AnonymousType5`3' as Json.
info: Microsoft.AspNetCore.Routing.EndpointMiddleware[1]
      Executed endpoint 'HTTP: GET /api/imap/v1/mapInfo/stations/{mapId:int}'
info: Microsoft.AspNetCore.Hosting.Diagnostics[2]
      Request finished HTTP/1.1 GET http://127.0.0.1:48408/api/imap/v1/mapInfo/stations/25 - 200 - application/json;+charset=utf-8 0.1925ms
info: Microsoft.AspNetCore.Hosting.Diagnostics[1]
      Request starting HTTP/1.1 GET http://127.0.0.1:48408/control/v1/snapshot - - -
info: Microsoft.AspNetCore.Routing.EndpointMiddleware[0]
      Executing endpoint 'HTTP: GET /control/v1/snapshot'
info: Microsoft.AspNetCore.Http.Result.JsonResult[3]
      Writing value of type '<>f__AnonymousType0`6' as Json.
info: Microsoft.AspNetCore.Routing.EndpointMiddleware[1]
      Executed endpoint 'HTTP: GET /control/v1/snapshot'
info: Microsoft.AspNetCore.Hosting.Diagnostics[2]
      Request finished HTTP/1.1 GET http://127.0.0.1:48408/control/v1/snapshot - 200 - application/json;+charset=utf-8 0.2189ms
info: Microsoft.AspNetCore.Hosting.Diagnostics[1]
      Request starting HTTP/1.1 GET http://127.0.0.1:48408/api/task/v1/task/getVehicleInfo/BROKERX-L2-0001 - - -
info: Microsoft.AspNetCore.Routing.EndpointMiddleware[0]
      Executing endpoint 'HTTP: GET /api/task/v1/task/getVehicleInfo/{deviceKey}'
info: Microsoft.AspNetCore.Http.Result.JsonResult[3]
      Writing value of type '<>f__AnonymousType7`2' as Json.
info: Microsoft.AspNetCore.Routing.EndpointMiddleware[1]
      Executed endpoint 'HTTP: GET /api/task/v1/task/getVehicleInfo/{deviceKey}'
info: Microsoft.AspNetCore.Hosting.Diagnostics[2]
      Request finished HTTP/1.1 GET http://127.0.0.1:48408/api/task/v1/task/getVehicleInfo/BROKERX-L2-0001 - 200 - application/json;+charset=utf-8 1.2244ms
info: Microsoft.AspNetCore.Hosting.Diagnostics[1]
      Request starting HTTP/1.1 GET http://127.0.0.1:48408/api/order/v1/orderRecord?pageNum=1&pageSize=100&filterByState=1&filterByState=3&filterByState=7&filterByState=9 - - -
info: Microsoft.AspNetCore.Routing.EndpointMiddleware[0]
      Executing endpoint 'HTTP: GET /api/order/v1/orderRecord'
info: Microsoft.AspNetCore.Http.Result.JsonResult[3]
      Writing value of type '<>f__AnonymousType5`3' as Json.
info: Microsoft.AspNetCore.Routing.EndpointMiddleware[1]
      Executed endpoint 'HTTP: GET /api/order/v1/orderRecord'
info: Microsoft.AspNetCore.Hosting.Diagnostics[2]
      Request finished HTTP/1.1 GET http://127.0.0.1:48408/api/order/v1/orderRecord?pageNum=1&pageSize=100&filterByState=1&filterByState=3&filterByState=7&filterByState=9 - 200 - application/json;+charset=utf-8 0.2990ms
info: Microsoft.AspNetCore.Hosting.Diagnostics[1]
      Request starting HTTP/1.1 GET http://127.0.0.1:48408/api/imap/v1/mapInfo/stations/25 - - -
info: Microsoft.AspNetCore.Routing.EndpointMiddleware[0]
      Executing endpoint 'HTTP: GET /api/imap/v1/mapInfo/stations/{mapId:int}'
info: Microsoft.AspNetCore.Http.Result.JsonResult[3]
      Writing value of type '<>f__AnonymousType5`3' as Json.
info: Microsoft.AspNetCore.Routing.EndpointMiddleware[1]
      Executed endpoint 'HTTP: GET /api/imap/v1/mapInfo/stations/{mapId:int}'
info: Microsoft.AspNetCore.Hosting.Diagnostics[2]
      Request finished HTTP/1.1 GET http://127.0.0.1:48408/api/imap/v1/mapInfo/stations/25 - 200 - application/json;+charset=utf-8 0.1894ms
info: Microsoft.AspNetCore.Hosting.Diagnostics[1]
      Request starting HTTP/1.1 GET http://127.0.0.1:48408/api/task/v1/task/getVehicleInfo/BROKERX-L2-0001 - - -
info: Microsoft.AspNetCore.Routing.EndpointMiddleware[0]
      Executing endpoint 'HTTP: GET /api/task/v1/task/getVehicleInfo/{deviceKey}'
info: Microsoft.AspNetCore.Http.Result.JsonResult[3]
      Writing value of type '<>f__AnonymousType7`2' as Json.
info: Microsoft.AspNetCore.Routing.EndpointMiddleware[1]
      Executed endpoint 'HTTP: GET /api/task/v1/task/getVehicleInfo/{deviceKey}'
info: Microsoft.AspNetCore.Hosting.Diagnostics[2]
      Request finished HTTP/1.1 GET http://127.0.0.1:48408/api/task/v1/task/getVehicleInfo/BROKERX-L2-0001 - 200 - application/json;+charset=utf-8 0.2306ms
info: Microsoft.AspNetCore.Hosting.Diagnostics[1]
      Request starting HTTP/1.1 GET http://127.0.0.1:48408/api/order/v1/orderRecord?pageNum=1&pageSize=100&filterByState=1&filterByState=3&filterByState=7&filterByState=9 - - -
info: Microsoft.AspNetCore.Routing.EndpointMiddleware[0]
      Executing endpoint 'HTTP: GET /api/order/v1/orderRecord'
info: Microsoft.AspNetCore.Http.Result.JsonResult[3]
      Writing value of type '<>f__AnonymousType5`3' as Json.
info: Microsoft.AspNetCore.Routing.EndpointMiddleware[1]
      Executed endpoint 'HTTP: GET /api/order/v1/orderRecord'
info: Microsoft.AspNetCore.Hosting.Diagnostics[2]
      Request finished HTTP/1.1 GET http://127.0.0.1:48408/api/order/v1/orderRecord?pageNum=1&pageSize=100&filterByState=1&filterByState=3&filterByState=7&filterByState=9 - 200 - application/json;+charset=utf-8 0.6535ms
info: Microsoft.AspNetCore.Hosting.Diagnostics[1]
      Request starting HTTP/1.1 GET http://127.0.0.1:48408/api/imap/v1/mapInfo/stations/25 - - -
info: Microsoft.AspNetCore.Routing.EndpointMiddleware[0]
      Executing endpoint 'HTTP: GET /api/imap/v1/mapInfo/stations/{mapId:int}'
info: Microsoft.AspNetCore.Http.Result.JsonResult[3]
      Writing value of type '<>f__AnonymousType5`3' as Json.
info: Microsoft.AspNetCore.Routing.EndpointMiddleware[1]
      Executed endpoint 'HTTP: GET /api/imap/v1/mapInfo/stations/{mapId:int}'
info: Microsoft.AspNetCore.Hosting.Diagnostics[2]
      Request finished HTTP/1.1 GET http://127.0.0.1:48408/api/imap/v1/mapInfo/stations/25 - 200 - application/json;+charset=utf-8 0.2627ms
info: Microsoft.AspNetCore.Hosting.Diagnostics[1]
      Request starting HTTP/1.1 GET http://127.0.0.1:48408/api/task/v1/task/getVehicleInfo/BROKERX-L2-0001 - - -
info: Microsoft.AspNetCore.Routing.EndpointMiddleware[0]
      Executing endpoint 'HTTP: GET /api/task/v1/task/getVehicleInfo/{deviceKey}'
info: Microsoft.AspNetCore.Http.Result.JsonResult[3]
      Writing value of type '<>f__AnonymousType7`2' as Json.
info: Microsoft.AspNetCore.Routing.EndpointMiddleware[1]
      Executed endpoint 'HTTP: GET /api/task/v1/task/getVehicleInfo/{deviceKey}'
info: Microsoft.AspNetCore.Hosting.Diagnostics[2]
      Request finished HTTP/1.1 GET http://127.0.0.1:48408/api/task/v1/task/getVehicleInfo/BROKERX-L2-0001 - 200 - application/json;+charset=utf-8 0.1581ms
info: Microsoft.AspNetCore.Hosting.Diagnostics[1]
      Request starting HTTP/1.1 GET http://127.0.0.1:48408/api/order/v1/orderRecord?pageNum=1&pageSize=100&filterByState=1&filterByState=3&filterByState=7&filterByState=9 - - -
info: Microsoft.AspNetCore.Routing.EndpointMiddleware[0]
      Executing endpoint 'HTTP: GET /api/order/v1/orderRecord'
info: Microsoft.AspNetCore.Http.Result.JsonResult[3]
      Writing value of type '<>f__AnonymousType5`3' as Json.
info: Microsoft.AspNetCore.Routing.EndpointMiddleware[1]
      Executed endpoint 'HTTP: GET /api/order/v1/orderRecord'
info: Microsoft.AspNetCore.Hosting.Diagnostics[2]
      Request finished HTTP/1.1 GET http://127.0.0.1:48408/api/order/v1/orderRecord?pageNum=1&pageSize=100&filterByState=1&filterByState=3&filterByState=7&filterByState=9 - 200 - application/json;+charset=utf-8 0.4422ms
info: Microsoft.AspNetCore.Hosting.Diagnostics[1]
      Request starting HTTP/1.1 GET http://127.0.0.1:48408/api/imap/v1/mapInfo/stations/25 - - -
info: Microsoft.AspNetCore.Routing.EndpointMiddleware[0]
      Executing endpoint 'HTTP: GET /api/imap/v1/mapInfo/stations/{mapId:int}'
info: Microsoft.AspNetCore.Http.Result.JsonResult[3]
      Writing value of type '<>f__AnonymousType5`3' as Json.
info: Microsoft.AspNetCore.Routing.EndpointMiddleware[1]
      Executed endpoint 'HTTP: GET /api/imap/v1/mapInfo/stations/{mapId:int}'
info: Microsoft.AspNetCore.Hosting.Diagnostics[2]
      Request finished HTTP/1.1 GET http://127.0.0.1:48408/api/imap/v1/mapInfo/stations/25 - 200 - application/json;+charset=utf-8 0.2157ms
info: Microsoft.AspNetCore.Hosting.Diagnostics[1]
      Request starting HTTP/1.1 GET http://127.0.0.1:48408/api/task/vehicles/getVehicleInfoByDeviceKey?key=BROKERX-L2-0001 - - -
info: Microsoft.AspNetCore.Routing.EndpointMiddleware[0]
      Executing endpoint 'HTTP: GET /api/task/vehicles/getVehicleInfoByDeviceKey'
info: Microsoft.AspNetCore.Http.Result.JsonResult[3]
      Writing value of type '<>f__AnonymousType5`3' as Json.
info: Microsoft.AspNetCore.Routing.EndpointMiddleware[1]
      Executed endpoint 'HTTP: GET /api/task/vehicles/getVehicleInfoByDeviceKey'
info: Microsoft.AspNetCore.Hosting.Diagnostics[2]
      Request finished HTTP/1.1 GET http://127.0.0.1:48408/api/task/vehicles/getVehicleInfoByDeviceKey?key=BROKERX-L2-0001 - 200 - application/json;+charset=utf-8 0.2174ms
info: Microsoft.AspNetCore.Hosting.Diagnostics[1]
      Request starting HTTP/1.1 GET http://127.0.0.1:48408/control/v1/snapshot - - -
info: Microsoft.AspNetCore.Routing.EndpointMiddleware[0]
      Executing endpoint 'HTTP: GET /control/v1/snapshot'
info: Microsoft.AspNetCore.Http.Result.JsonResult[3]
      Writing value of type '<>f__AnonymousType0`6' as Json.
info: Microsoft.AspNetCore.Routing.EndpointMiddleware[1]
      Executed endpoint 'HTTP: GET /control/v1/snapshot'
info: Microsoft.AspNetCore.Hosting.Diagnostics[2]
      Request finished HTTP/1.1 GET http://127.0.0.1:48408/control/v1/snapshot - 200 - application/json;+charset=utf-8 0.3457ms
