info: Microsoft.Hosting.Lifetime[14]
      Now listening on: http://127.0.0.1:48408
info: Microsoft.Hosting.Lifetime[0]
      Application started. Press Ctrl+C to shut down.
info: Microsoft.Hosting.Lifetime[0]
      Hosting environment: Production
info: Microsoft.Hosting.Lifetime[0]
      Content root path: C:\Users\szy\Desktop\8005-workspace-v2\worktrees\rig-hmi119-8005-agv-control-server\tools\ControlServer.FakeRiot\bin\Release\net8.0\win-x64
info: Microsoft.AspNetCore.Hosting.Diagnostics[1]
      Request starting HTTP/1.1 GET http://127.0.0.1:48408/control/v1/health - - -
info: Microsoft.AspNetCore.Routing.EndpointMiddleware[0]
      Executing endpoint 'HTTP: GET /control/v1/health'
info: Microsoft.AspNetCore.Http.Result.JsonResult[3]
      Writing value of type '<>f__AnonymousType0`6' as Json.
info: Microsoft.AspNetCore.Routing.EndpointMiddleware[1]
      Executed endpoint 'HTTP: GET /control/v1/health'
info: Microsoft.AspNetCore.Hosting.Diagnostics[2]
      Request finished HTTP/1.1 GET http://127.0.0.1:48408/control/v1/health - 200 - application/json;+charset=utf-8 403.7572ms
info: Microsoft.AspNetCore.Hosting.Diagnostics[1]
      Request starting HTTP/1.1 GET http://127.0.0.1:48408/api/imap/v1/mapInfo/stations/25 - - -
info: Microsoft.AspNetCore.Routing.EndpointMiddleware[0]
      Executing endpoint 'HTTP: GET /api/imap/v1/mapInfo/stations/{mapId:int}'
info: Microsoft.AspNetCore.Http.Result.JsonResult[3]
      Writing value of type '<>f__AnonymousType5`3' as Json.
info: Microsoft.AspNetCore.Routing.EndpointMiddleware[1]
      Executed endpoint 'HTTP: GET /api/imap/v1/mapInfo/stations/{mapId:int}'
info: Microsoft.AspNetCore.Hosting.Diagnostics[2]
      Request finished HTTP/1.1 GET http://127.0.0.1:48408/api/imap/v1/mapInfo/stations/25 - 200 - application/json;+charset=utf-8 55.7735ms
info: Microsoft.AspNetCore.Hosting.Diagnostics[1]
      Request starting HTTP/1.1 GET http://127.0.0.1:48408/api/task/vehicles/getVehicleInfoByDeviceKey?key=BROKERX-L2-0001 - - -
info: Microsoft.AspNetCore.Routing.EndpointMiddleware[0]
      Executing endpoint 'HTTP: GET /api/task/vehicles/getVehicleInfoByDeviceKey'
info: Microsoft.AspNetCore.Http.Result.JsonResult[3]
      Writing value of type '<>f__AnonymousType5`3' as Json.
info: Microsoft.AspNetCore.Routing.EndpointMiddleware[1]
      Executed endpoint 'HTTP: GET /api/task/vehicles/getVehicleInfoByDeviceKey'
info: Microsoft.AspNetCore.Hosting.Diagnostics[2]
      Request finished HTTP/1.1 GET http://127.0.0.1:48408/api/task/vehicles/getVehicleInfoByDeviceKey?key=BROKERX-L2-0001 - 200 - application/json;+charset=utf-8 34.1327ms
info: Microsoft.AspNetCore.Hosting.Diagnostics[1]
      Request starting HTTP/1.1 GET http://127.0.0.1:48408/api/imap/v1/mapInfo/stations/25 - - -
info: Microsoft.AspNetCore.Routing.EndpointMiddleware[0]
      Executing endpoint 'HTTP: GET /api/imap/v1/mapInfo/stations/{mapId:int}'
info: Microsoft.AspNetCore.Http.Result.JsonResult[3]
      Writing value of type '<>f__AnonymousType5`3' as Json.
info: Microsoft.AspNetCore.Routing.EndpointMiddleware[1]
      Executed endpoint 'HTTP: GET /api/imap/v1/mapInfo/stations/{mapId:int}'
info: Microsoft.AspNetCore.Hosting.Diagnostics[2]
      Request finished HTTP/1.1 GET http://127.0.0.1:48408/api/imap/v1/mapInfo/stations/25 - 200 - application/json;+charset=utf-8 5.2654ms
info: Microsoft.AspNetCore.Hosting.Diagnostics[1]
      Request starting HTTP/1.1 GET http://127.0.0.1:48408/api/task/vehicles/getVehicleInfoByDeviceKey?key=BROKERX-L2-0001 - - -
info: Microsoft.AspNetCore.Routing.EndpointMiddleware[0]
      Executing endpoint 'HTTP: GET /api/task/vehicles/getVehicleInfoByDeviceKey'
info: Microsoft.AspNetCore.Http.Result.JsonResult[3]
      Writing value of type '<>f__AnonymousType5`3' as Json.
info: Microsoft.AspNetCore.Routing.EndpointMiddleware[1]
      Executed endpoint 'HTTP: GET /api/task/vehicles/getVehicleInfoByDeviceKey'
info: Microsoft.AspNetCore.Hosting.Diagnostics[2]
      Request finished HTTP/1.1 GET http://127.0.0.1:48408/api/task/vehicles/getVehicleInfoByDeviceKey?key=BROKERX-L2-0001 - 200 - application/json;+charset=utf-8 1.7701ms
info: Microsoft.AspNetCore.Hosting.Diagnostics[1]
      Request starting HTTP/1.1 GET http://127.0.0.1:48408/api/imap/v1/mapInfo/stations/25 - - -
info: Microsoft.AspNetCore.Routing.EndpointMiddleware[0]
      Executing endpoint 'HTTP: GET /api/imap/v1/mapInfo/stations/{mapId:int}'
info: Microsoft.AspNetCore.Http.Result.JsonResult[3]
      Writing value of type '<>f__AnonymousType5`3' as Json.
info: Microsoft.AspNetCore.Routing.EndpointMiddleware[1]
      Executed endpoint 'HTTP: GET /api/imap/v1/mapInfo/stations/{mapId:int}'
info: Microsoft.AspNetCore.Hosting.Diagnostics[2]
      Request finished HTTP/1.1 GET http://127.0.0.1:48408/api/imap/v1/mapInfo/stations/25 - 200 - application/json;+charset=utf-8 1.7953ms
info: Microsoft.AspNetCore.Hosting.Diagnostics[1]
      Request starting HTTP/1.1 GET http://127.0.0.1:48408/api/task/vehicles/getVehicleInfoByDeviceKey?key=BROKERX-L2-0001 - - -
info: Microsoft.AspNetCore.Routing.EndpointMiddleware[0]
      Executing endpoint 'HTTP: GET /api/task/vehicles/getVehicleInfoByDeviceKey'
info: Microsoft.AspNetCore.Http.Result.JsonResult[3]
      Writing value of type '<>f__AnonymousType5`3' as Json.
info: Microsoft.AspNetCore.Routing.EndpointMiddleware[1]
      Executed endpoint 'HTTP: GET /api/task/vehicles/getVehicleInfoByDeviceKey'
info: Microsoft.AspNetCore.Hosting.Diagnostics[2]
      Request finished HTTP/1.1 GET http://127.0.0.1:48408/api/task/vehicles/getVehicleInfoByDeviceKey?key=BROKERX-L2-0001 - 200 - application/json;+charset=utf-8 1.8334ms
info: Microsoft.AspNetCore.Hosting.Diagnostics[1]
      Request starting HTTP/1.1 GET http://127.0.0.1:48408/api/imap/v1/mapInfo/stations/25 - - -
info: Microsoft.AspNetCore.Routing.EndpointMiddleware[0]
      Executing endpoint 'HTTP: GET /api/imap/v1/mapInfo/stations/{mapId:int}'
info: Microsoft.AspNetCore.Http.Result.JsonResult[3]
      Writing value of type '<>f__AnonymousType5`3' as Json.
info: Microsoft.AspNetCore.Routing.EndpointMiddleware[1]
      Executed endpoint 'HTTP: GET /api/imap/v1/mapInfo/stations/{mapId:int}'
info: Microsoft.AspNetCore.Hosting.Diagnostics[2]
      Request finished HTTP/1.1 GET http://127.0.0.1:48408/api/imap/v1/mapInfo/stations/25 - 200 - application/json;+charset=utf-8 0.5272ms
info: Microsoft.AspNetCore.Hosting.Diagnostics[1]
      Request starting HTTP/1.1 GET http://127.0.0.1:48408/api/task/vehicles/getVehicleInfoByDeviceKey?key=BROKERX-L2-0001 - - -
info: Microsoft.AspNetCore.Routing.EndpointMiddleware[0]
      Executing endpoint 'HTTP: GET /api/task/vehicles/getVehicleInfoByDeviceKey'
info: Microsoft.AspNetCore.Http.Result.JsonResult[3]
      Writing value of type '<>f__AnonymousType5`3' as Json.
info: Microsoft.AspNetCore.Routing.EndpointMiddleware[1]
      Executed endpoint 'HTTP: GET /api/task/vehicles/getVehicleInfoByDeviceKey'
info: Microsoft.AspNetCore.Hosting.Diagnostics[2]
      Request finished HTTP/1.1 GET http://127.0.0.1:48408/api/task/vehicles/getVehicleInfoByDeviceKey?key=BROKERX-L2-0001 - 200 - application/json;+charset=utf-8 0.5796ms
info: Microsoft.AspNetCore.Hosting.Diagnostics[1]
      Request starting HTTP/1.1 GET http://127.0.0.1:48408/api/imap/v1/mapInfo/stations/25 - - -
info: Microsoft.AspNetCore.Routing.EndpointMiddleware[0]
      Executing endpoint 'HTTP: GET /api/imap/v1/mapInfo/stations/{mapId:int}'
info: Microsoft.AspNetCore.Http.Result.JsonResult[3]
      Writing value of type '<>f__AnonymousType5`3' as Json.
info: Microsoft.AspNetCore.Routing.EndpointMiddleware[1]
      Executed endpoint 'HTTP: GET /api/imap/v1/mapInfo/stations/{mapId:int}'
info: Microsoft.AspNetCore.Hosting.Diagnostics[2]
      Request finished HTTP/1.1 GET http://127.0.0.1:48408/api/imap/v1/mapInfo/stations/25 - 200 - application/json;+charset=utf-8 13.7330ms
info: Microsoft.AspNetCore.Hosting.Diagnostics[1]
      Request starting HTTP/1.1 GET http://127.0.0.1:48408/api/task/vehicles/getVehicleInfoByDeviceKey?key=BROKERX-L2-0001 - - -
info: Microsoft.AspNetCore.Routing.EndpointMiddleware[0]
      Executing endpoint 'HTTP: GET /api/task/vehicles/getVehicleInfoByDeviceKey'
info: Microsoft.AspNetCore.Http.Result.JsonResult[3]
      Writing value of type '<>f__AnonymousType5`3' as Json.
info: Microsoft.AspNetCore.Routing.EndpointMiddleware[1]
      Executed endpoint 'HTTP: GET /api/task/vehicles/getVehicleInfoByDeviceKey'
info: Microsoft.AspNetCore.Hosting.Diagnostics[2]
      Request finished HTTP/1.1 GET http://127.0.0.1:48408/api/task/vehicles/getVehicleInfoByDeviceKey?key=BROKERX-L2-0001 - 200 - application/json;+charset=utf-8 9.4992ms
info: Microsoft.AspNetCore.Hosting.Diagnostics[1]
      Request starting HTTP/1.1 GET http://127.0.0.1:48408/api/imap/v1/mapInfo/stations/25 - - -
info: Microsoft.AspNetCore.Routing.EndpointMiddleware[0]
      Executing endpoint 'HTTP: GET /api/imap/v1/mapInfo/stations/{mapId:int}'
info: Microsoft.AspNetCore.Http.Result.JsonResult[3]
      Writing value of type '<>f__AnonymousType5`3' as Json.
info: Microsoft.AspNetCore.Routing.EndpointMiddleware[1]
      Executed endpoint 'HTTP: GET /api/imap/v1/mapInfo/stations/{mapId:int}'
info: Microsoft.AspNetCore.Hosting.Diagnostics[2]
      Request finished HTTP/1.1 GET http://127.0.0.1:48408/api/imap/v1/mapInfo/stations/25 - 200 - application/json;+charset=utf-8 0.6723ms
info: Microsoft.AspNetCore.Hosting.Diagnostics[1]
      Request starting HTTP/1.1 GET http://127.0.0.1:48408/api/task/vehicles/getVehicleInfoByDeviceKey?key=BROKERX-L2-0001 - - -
info: Microsoft.AspNetCore.Routing.EndpointMiddleware[0]
      Executing endpoint 'HTTP: GET /api/task/vehicles/getVehicleInfoByDeviceKey'
info: Microsoft.AspNetCore.Http.Result.JsonResult[3]
      Writing value of type '<>f__AnonymousType5`3' as Json.
info: Microsoft.AspNetCore.Routing.EndpointMiddleware[1]
      Executed endpoint 'HTTP: GET /api/task/vehicles/getVehicleInfoByDeviceKey'
info: Microsoft.AspNetCore.Hosting.Diagnostics[2]
      Request finished HTTP/1.1 GET http://127.0.0.1:48408/api/task/vehicles/getVehicleInfoByDeviceKey?key=BROKERX-L2-0001 - 200 - application/json;+charset=utf-8 0.4583ms
info: Microsoft.AspNetCore.Hosting.Diagnostics[1]
      Request starting HTTP/1.1 GET http://127.0.0.1:48408/api/imap/v1/mapInfo/stations/25 - - -
info: Microsoft.AspNetCore.Routing.EndpointMiddleware[0]
      Executing endpoint 'HTTP: GET /api/imap/v1/mapInfo/stations/{mapId:int}'
info: Microsoft.AspNetCore.Http.Result.JsonResult[3]
      Writing value of type '<>f__AnonymousType5`3' as Json.
info: Microsoft.AspNetCore.Routing.EndpointMiddleware[1]
      Executed endpoint 'HTTP: GET /api/imap/v1/mapInfo/stations/{mapId:int}'
info: Microsoft.AspNetCore.Hosting.Diagnostics[2]
      Request finished HTTP/1.1 GET http://127.0.0.1:48408/api/imap/v1/mapInfo/stations/25 - 200 - application/json;+charset=utf-8 0.4615ms
info: Microsoft.AspNetCore.Hosting.Diagnostics[1]
      Request starting HTTP/1.1 GET http://127.0.0.1:48408/api/task/vehicles/getVehicleInfoByDeviceKey?key=BROKERX-L2-0001 - - -
info: Microsoft.AspNetCore.Routing.EndpointMiddleware[0]
      Executing endpoint 'HTTP: GET /api/task/vehicles/getVehicleInfoByDeviceKey'
info: Microsoft.AspNetCore.Http.Result.JsonResult[3]
      Writing value of type '<>f__AnonymousType5`3' as Json.
info: Microsoft.AspNetCore.Routing.EndpointMiddleware[1]
      Executed endpoint 'HTTP: GET /api/task/vehicles/getVehicleInfoByDeviceKey'
info: Microsoft.AspNetCore.Hosting.Diagnostics[2]
      Request finished HTTP/1.1 GET http://127.0.0.1:48408/api/task/vehicles/getVehicleInfoByDeviceKey?key=BROKERX-L2-0001 - 200 - application/json;+charset=utf-8 0.9674ms
info: Microsoft.AspNetCore.Hosting.Diagnostics[1]
      Request starting HTTP/1.1 GET http://127.0.0.1:48408/api/imap/v1/mapInfo/stations/25 - - -
info: Microsoft.AspNetCore.Routing.EndpointMiddleware[0]
      Executing endpoint 'HTTP: GET /api/imap/v1/mapInfo/stations/{mapId:int}'
info: Microsoft.AspNetCore.Http.Result.JsonResult[3]
      Writing value of type '<>f__AnonymousType5`3' as Json.
info: Microsoft.AspNetCore.Routing.EndpointMiddleware[1]
      Executed endpoint 'HTTP: GET /api/imap/v1/mapInfo/stations/{mapId:int}'
info: Microsoft.AspNetCore.Hosting.Diagnostics[2]
      Request finished HTTP/1.1 GET http://127.0.0.1:48408/api/imap/v1/mapInfo/stations/25 - 200 - application/json;+charset=utf-8 0.8389ms
info: Microsoft.AspNetCore.Hosting.Diagnostics[1]
      Request starting HTTP/1.1 GET http://127.0.0.1:48408/api/task/vehicles/getVehicleInfoByDeviceKey?key=BROKERX-L2-0001 - - -
info: Microsoft.AspNetCore.Routing.EndpointMiddleware[0]
      Executing endpoint 'HTTP: GET /api/task/vehicles/getVehicleInfoByDeviceKey'
info: Microsoft.AspNetCore.Http.Result.JsonResult[3]
      Writing value of type '<>f__AnonymousType5`3' as Json.
info: Microsoft.AspNetCore.Routing.EndpointMiddleware[1]
      Executed endpoint 'HTTP: GET /api/task/vehicles/getVehicleInfoByDeviceKey'
info: Microsoft.AspNetCore.Hosting.Diagnostics[2]
      Request finished HTTP/1.1 GET http://127.0.0.1:48408/api/task/vehicles/getVehicleInfoByDeviceKey?key=BROKERX-L2-0001 - 200 - application/json;+charset=utf-8 0.9673ms
info: Microsoft.AspNetCore.Hosting.Diagnostics[1]
      Request starting HTTP/1.1 GET http://127.0.0.1:48408/api/imap/v1/mapInfo/stations/25 - - -
info: Microsoft.AspNetCore.Routing.EndpointMiddleware[0]
      Executing endpoint 'HTTP: GET /api/imap/v1/mapInfo/stations/{mapId:int}'
info: Microsoft.AspNetCore.Http.Result.JsonResult[3]
      Writing value of type '<>f__AnonymousType5`3' as Json.
info: Microsoft.AspNetCore.Routing.EndpointMiddleware[1]
      Executed endpoint 'HTTP: GET /api/imap/v1/mapInfo/stations/{mapId:int}'
info: Microsoft.AspNetCore.Hosting.Diagnostics[2]
      Request finished HTTP/1.1 GET http://127.0.0.1:48408/api/imap/v1/mapInfo/stations/25 - 200 - application/json;+charset=utf-8 0.4329ms
info: Microsoft.AspNetCore.Hosting.Diagnostics[1]
      Request starting HTTP/1.1 GET http://127.0.0.1:48408/api/task/vehicles/getVehicleInfoByDeviceKey?key=BROKERX-L2-0001 - - -
info: Microsoft.AspNetCore.Routing.EndpointMiddleware[0]
      Executing endpoint 'HTTP: GET /api/task/vehicles/getVehicleInfoByDeviceKey'
info: Microsoft.AspNetCore.Http.Result.JsonResult[3]
      Writing value of type '<>f__AnonymousType5`3' as Json.
info: Microsoft.AspNetCore.Routing.EndpointMiddleware[1]
      Executed endpoint 'HTTP: GET /api/task/vehicles/getVehicleInfoByDeviceKey'
info: Microsoft.AspNetCore.Hosting.Diagnostics[2]
      Request finished HTTP/1.1 GET http://127.0.0.1:48408/api/task/vehicles/getVehicleInfoByDeviceKey?key=BROKERX-L2-0001 - 200 - application/json;+charset=utf-8 0.4853ms
info: Microsoft.AspNetCore.Hosting.Diagnostics[1]
      Request starting HTTP/1.1 GET http://127.0.0.1:48408/api/imap/v1/mapInfo/stations/25 - - -
info: Microsoft.AspNetCore.Routing.EndpointMiddleware[0]
      Executing endpoint 'HTTP: GET /api/imap/v1/mapInfo/stations/{mapId:int}'
info: Microsoft.AspNetCore.Http.Result.JsonResult[3]
      Writing value of type '<>f__AnonymousType5`3' as Json.
info: Microsoft.AspNetCore.Routing.EndpointMiddleware[1]
      Executed endpoint 'HTTP: GET /api/imap/v1/mapInfo/stations/{mapId:int}'
info: Microsoft.AspNetCore.Hosting.Diagnostics[2]
      Request finished HTTP/1.1 GET http://127.0.0.1:48408/api/imap/v1/mapInfo/stations/25 - 200 - application/json;+charset=utf-8 2.1180ms
info: Microsoft.AspNetCore.Hosting.Diagnostics[1]
      Request starting HTTP/1.1 GET http://127.0.0.1:48408/api/task/vehicles/getVehicleInfoByDeviceKey?key=BROKERX-L2-0001 - - -
info: Microsoft.AspNetCore.Routing.EndpointMiddleware[0]
      Executing endpoint 'HTTP: GET /api/task/vehicles/getVehicleInfoByDeviceKey'
info: Microsoft.AspNetCore.Http.Result.JsonResult[3]
      Writing value of type '<>f__AnonymousType5`3' as Json.
info: Microsoft.AspNetCore.Routing.EndpointMiddleware[1]
      Executed endpoint 'HTTP: GET /api/task/vehicles/getVehicleInfoByDeviceKey'
info: Microsoft.AspNetCore.Hosting.Diagnostics[2]
      Request finished HTTP/1.1 GET http://127.0.0.1:48408/api/task/vehicles/getVehicleInfoByDeviceKey?key=BROKERX-L2-0001 - 200 - application/json;+charset=utf-8 0.6603ms
info: Microsoft.AspNetCore.Hosting.Diagnostics[1]
      Request starting HTTP/1.1 GET http://127.0.0.1:48408/api/imap/v1/mapInfo/stations/25 - - -
info: Microsoft.AspNetCore.Routing.EndpointMiddleware[0]
      Executing endpoint 'HTTP: GET /api/imap/v1/mapInfo/stations/{mapId:int}'
info: Microsoft.AspNetCore.Http.Result.JsonResult[3]
      Writing value of type '<>f__AnonymousType5`3' as Json.
info: Microsoft.AspNetCore.Routing.EndpointMiddleware[1]
      Executed endpoint 'HTTP: GET /api/imap/v1/mapInfo/stations/{mapId:int}'
info: Microsoft.AspNetCore.Hosting.Diagnostics[2]
      Request finished HTTP/1.1 GET http://127.0.0.1:48408/api/imap/v1/mapInfo/stations/25 - 200 - application/json;+charset=utf-8 0.5676ms
info: Microsoft.AspNetCore.Hosting.Diagnostics[1]
      Request starting HTTP/1.1 GET http://127.0.0.1:48408/api/task/vehicles/getVehicleInfoByDeviceKey?key=BROKERX-L2-0001 - - -
info: Microsoft.AspNetCore.Routing.EndpointMiddleware[0]
      Executing endpoint 'HTTP: GET /api/task/vehicles/getVehicleInfoByDeviceKey'
info: Microsoft.AspNetCore.Http.Result.JsonResult[3]
      Writing value of type '<>f__AnonymousType5`3' as Json.
info: Microsoft.AspNetCore.Routing.EndpointMiddleware[1]
      Executed endpoint 'HTTP: GET /api/task/vehicles/getVehicleInfoByDeviceKey'
info: Microsoft.AspNetCore.Hosting.Diagnostics[2]
      Request finished HTTP/1.1 GET http://127.0.0.1:48408/api/task/vehicles/getVehicleInfoByDeviceKey?key=BROKERX-L2-0001 - 200 - application/json;+charset=utf-8 2.3444ms
info: Microsoft.AspNetCore.Hosting.Diagnostics[1]
      Request starting HTTP/1.1 GET http://127.0.0.1:48408/api/task/v1/task/getVehicleInfo/BROKERX-L2-0001 - - -
info: Microsoft.AspNetCore.Routing.EndpointMiddleware[0]
      Executing endpoint 'HTTP: GET /api/task/v1/task/getVehicleInfo/{deviceKey}'
info: Microsoft.AspNetCore.Http.Result.JsonResult[3]
      Writing value of type '<>f__AnonymousType7`2' as Json.
info: Microsoft.AspNetCore.Routing.EndpointMiddleware[1]
      Executed endpoint 'HTTP: GET /api/task/v1/task/getVehicleInfo/{deviceKey}'
info: Microsoft.AspNetCore.Hosting.Diagnostics[2]
      Request finished HTTP/1.1 GET http://127.0.0.1:48408/api/task/v1/task/getVehicleInfo/BROKERX-L2-0001 - 200 - application/json;+charset=utf-8 31.5564ms
info: Microsoft.AspNetCore.Hosting.Diagnostics[1]
      Request starting HTTP/1.1 GET http://127.0.0.1:48408/api/order/v1/orderRecord?pageNum=1&pageSize=100&filterByState=1&filterByState=3&filterByState=7&filterByState=9 - - -
info: Microsoft.AspNetCore.Routing.EndpointMiddleware[0]
      Executing endpoint 'HTTP: GET /api/order/v1/orderRecord'
info: Microsoft.AspNetCore.Http.Result.JsonResult[3]
      Writing value of type '<>f__AnonymousType5`3' as Json.
info: Microsoft.AspNetCore.Routing.EndpointMiddleware[1]
      Executed endpoint 'HTTP: GET /api/order/v1/orderRecord'
info: Microsoft.AspNetCore.Hosting.Diagnostics[2]
      Request finished HTTP/1.1 GET http://127.0.0.1:48408/api/order/v1/orderRecord?pageNum=1&pageSize=100&filterByState=1&filterByState=3&filterByState=7&filterByState=9 - 200 - application/json;+charset=utf-8 14.3072ms
info: Microsoft.AspNetCore.Hosting.Diagnostics[1]
      Request starting HTTP/1.1 GET http://127.0.0.1:48408/api/imap/v1/mapInfo/stations/25 - - -
info: Microsoft.AspNetCore.Routing.EndpointMiddleware[0]
      Executing endpoint 'HTTP: GET /api/imap/v1/mapInfo/stations/{mapId:int}'
info: Microsoft.AspNetCore.Http.Result.JsonResult[3]
      Writing value of type '<>f__AnonymousType5`3' as Json.
info: Microsoft.AspNetCore.Routing.EndpointMiddleware[1]
      Executed endpoint 'HTTP: GET /api/imap/v1/mapInfo/stations/{mapId:int}'
info: Microsoft.AspNetCore.Hosting.Diagnostics[2]
      Request finished HTTP/1.1 GET http://127.0.0.1:48408/api/imap/v1/mapInfo/stations/25 - 200 - application/json;+charset=utf-8 10.4343ms
info: Microsoft.AspNetCore.Hosting.Diagnostics[1]
      Request starting HTTP/1.1 GET http://127.0.0.1:48408/api/task/vehicles/getVehicleInfoByDeviceKey?key=BROKERX-L2-0001 - - -
info: Microsoft.AspNetCore.Routing.EndpointMiddleware[0]
      Executing endpoint 'HTTP: GET /api/task/vehicles/getVehicleInfoByDeviceKey'
info: Microsoft.AspNetCore.Http.Result.JsonResult[3]
      Writing value of type '<>f__AnonymousType5`3' as Json.
info: Microsoft.AspNetCore.Routing.EndpointMiddleware[1]
      Executed endpoint 'HTTP: GET /api/task/vehicles/getVehicleInfoByDeviceKey'
info: Microsoft.AspNetCore.Hosting.Diagnostics[2]
      Request finished HTTP/1.1 GET http://127.0.0.1:48408/api/task/vehicles/getVehicleInfoByDeviceKey?key=BROKERX-L2-0001 - 200 - application/json;+charset=utf-8 0.6717ms
info: Microsoft.AspNetCore.Hosting.Diagnostics[1]
      Request starting HTTP/1.1 GET http://127.0.0.1:48408/api/task/v1/task/getVehicleInfo/BROKERX-L2-0001 - - -
info: Microsoft.AspNetCore.Routing.EndpointMiddleware[0]
      Executing endpoint 'HTTP: GET /api/task/v1/task/getVehicleInfo/{deviceKey}'
info: Microsoft.AspNetCore.Http.Result.JsonResult[3]
      Writing value of type '<>f__AnonymousType7`2' as Json.
info: Microsoft.AspNetCore.Routing.EndpointMiddleware[1]
      Executed endpoint 'HTTP: GET /api/task/v1/task/getVehicleInfo/{deviceKey}'
info: Microsoft.AspNetCore.Hosting.Diagnostics[2]
      Request finished HTTP/1.1 GET http://127.0.0.1:48408/api/task/v1/task/getVehicleInfo/BROKERX-L2-0001 - 200 - application/json;+charset=utf-8 2.0596ms
info: Microsoft.AspNetCore.Hosting.Diagnostics[1]
      Request starting HTTP/1.1 GET http://127.0.0.1:48408/api/order/v1/orderRecord?pageNum=1&pageSize=100&filterByState=1&filterByState=3&filterByState=7&filterByState=9 - - -
info: Microsoft.AspNetCore.Routing.EndpointMiddleware[0]
      Executing endpoint 'HTTP: GET /api/order/v1/orderRecord'
info: Microsoft.AspNetCore.Http.Result.JsonResult[3]
      Writing value of type '<>f__AnonymousType5`3' as Json.
info: Microsoft.AspNetCore.Routing.EndpointMiddleware[1]
      Executed endpoint 'HTTP: GET /api/order/v1/orderRecord'
info: Microsoft.AspNetCore.Hosting.Diagnostics[2]
      Request finished HTTP/1.1 GET http://127.0.0.1:48408/api/order/v1/orderRecord?pageNum=1&pageSize=100&filterByState=1&filterByState=3&filterByState=7&filterByState=9 - 200 - application/json;+charset=utf-8 2.2342ms
info: Microsoft.AspNetCore.Hosting.Diagnostics[1]
      Request starting HTTP/1.1 GET http://127.0.0.1:48408/api/imap/v1/mapInfo/stations/25 - - -
info: Microsoft.AspNetCore.Routing.EndpointMiddleware[0]
      Executing endpoint 'HTTP: GET /api/imap/v1/mapInfo/stations/{mapId:int}'
info: Microsoft.AspNetCore.Http.Result.JsonResult[3]
      Writing value of type '<>f__AnonymousType5`3' as Json.
info: Microsoft.AspNetCore.Routing.EndpointMiddleware[1]
      Executed endpoint 'HTTP: GET /api/imap/v1/mapInfo/stations/{mapId:int}'
info: Microsoft.AspNetCore.Hosting.Diagnostics[2]
      Request finished HTTP/1.1 GET http://127.0.0.1:48408/api/imap/v1/mapInfo/stations/25 - 200 - application/json;+charset=utf-8 1.0187ms
info: Microsoft.AspNetCore.Hosting.Diagnostics[1]
      Request starting HTTP/1.1 GET http://127.0.0.1:48408/api/task/vehicles/getVehicleInfoByDeviceKey?key=BROKERX-L2-0001 - - -
info: Microsoft.AspNetCore.Routing.EndpointMiddleware[0]
      Executing endpoint 'HTTP: GET /api/task/vehicles/getVehicleInfoByDeviceKey'
info: Microsoft.AspNetCore.Http.Result.JsonResult[3]
      Writing value of type '<>f__AnonymousType5`3' as Json.
info: Microsoft.AspNetCore.Routing.EndpointMiddleware[1]
      Executed endpoint 'HTTP: GET /api/task/vehicles/getVehicleInfoByDeviceKey'
info: Microsoft.AspNetCore.Hosting.Diagnostics[2]
      Request finished HTTP/1.1 GET http://127.0.0.1:48408/api/task/vehicles/getVehicleInfoByDeviceKey?key=BROKERX-L2-0001 - 200 - application/json;+charset=utf-8 0.5677ms
info: Microsoft.AspNetCore.Hosting.Diagnostics[1]
      Request starting HTTP/1.1 GET http://127.0.0.1:48408/api/task/v1/task/getVehicleInfo/BROKERX-L2-0001 - - -
info: Microsoft.AspNetCore.Routing.EndpointMiddleware[0]
      Executing endpoint 'HTTP: GET /api/task/v1/task/getVehicleInfo/{deviceKey}'
info: Microsoft.AspNetCore.Http.Result.JsonResult[3]
      Writing value of type '<>f__AnonymousType7`2' as Json.
info: Microsoft.AspNetCore.Routing.EndpointMiddleware[1]
      Executed endpoint 'HTTP: GET /api/task/v1/task/getVehicleInfo/{deviceKey}'
info: Microsoft.AspNetCore.Hosting.Diagnostics[2]
      Request finished HTTP/1.1 GET http://127.0.0.1:48408/api/task/v1/task/getVehicleInfo/BROKERX-L2-0001 - 200 - application/json;+charset=utf-8 0.5520ms
info: Microsoft.AspNetCore.Hosting.Diagnostics[1]
      Request starting HTTP/1.1 GET http://127.0.0.1:48408/api/order/v1/orderRecord?pageNum=1&pageSize=100&filterByState=1&filterByState=3&filterByState=7&filterByState=9 - - -
info: Microsoft.AspNetCore.Routing.EndpointMiddleware[0]
      Executing endpoint 'HTTP: GET /api/order/v1/orderRecord'
info: Microsoft.AspNetCore.Http.Result.JsonResult[3]
      Writing value of type '<>f__AnonymousType5`3' as Json.
info: Microsoft.AspNetCore.Routing.EndpointMiddleware[1]
      Executed endpoint 'HTTP: GET /api/order/v1/orderRecord'
info: Microsoft.AspNetCore.Hosting.Diagnostics[2]
      Request finished HTTP/1.1 GET http://127.0.0.1:48408/api/order/v1/orderRecord?pageNum=1&pageSize=100&filterByState=1&filterByState=3&filterByState=7&filterByState=9 - 200 - application/json;+charset=utf-8 0.4488ms
info: Microsoft.AspNetCore.Hosting.Diagnostics[1]
      Request starting HTTP/1.1 GET http://127.0.0.1:48408/api/imap/v1/mapInfo/stations/25 - - -
info: Microsoft.AspNetCore.Routing.EndpointMiddleware[0]
      Executing endpoint 'HTTP: GET /api/imap/v1/mapInfo/stations/{mapId:int}'
info: Microsoft.AspNetCore.Http.Result.JsonResult[3]
      Writing value of type '<>f__AnonymousType5`3' as Json.
info: Microsoft.AspNetCore.Routing.EndpointMiddleware[1]
      Executed endpoint 'HTTP: GET /api/imap/v1/mapInfo/stations/{mapId:int}'
info: Microsoft.AspNetCore.Hosting.Diagnostics[2]
      Request finished HTTP/1.1 GET http://127.0.0.1:48408/api/imap/v1/mapInfo/stations/25 - 200 - application/json;+charset=utf-8 0.4834ms
info: Microsoft.AspNetCore.Hosting.Diagnostics[1]
      Request starting HTTP/1.1 GET http://127.0.0.1:48408/api/task/vehicles/getVehicleInfoByDeviceKey?key=BROKERX-L2-0001 - - -
info: Microsoft.AspNetCore.Routing.EndpointMiddleware[0]
      Executing endpoint 'HTTP: GET /api/task/vehicles/getVehicleInfoByDeviceKey'
info: Microsoft.AspNetCore.Http.Result.JsonResult[3]
      Writing value of type '<>f__AnonymousType5`3' as Json.
info: Microsoft.AspNetCore.Routing.EndpointMiddleware[1]
      Executed endpoint 'HTTP: GET /api/task/vehicles/getVehicleInfoByDeviceKey'
info: Microsoft.AspNetCore.Hosting.Diagnostics[2]
      Request finished HTTP/1.1 GET http://127.0.0.1:48408/api/task/vehicles/getVehicleInfoByDeviceKey?key=BROKERX-L2-0001 - 200 - application/json;+charset=utf-8 0.2714ms
info: Microsoft.AspNetCore.Hosting.Diagnostics[1]
      Request starting HTTP/1.1 GET http://127.0.0.1:48408/api/task/v1/task/getVehicleInfo/BROKERX-L2-0001 - - -
info: Microsoft.AspNetCore.Routing.EndpointMiddleware[0]
      Executing endpoint 'HTTP: GET /api/task/v1/task/getVehicleInfo/{deviceKey}'
info: Microsoft.AspNetCore.Http.Result.JsonResult[3]
      Writing value of type '<>f__AnonymousType7`2' as Json.
info: Microsoft.AspNetCore.Routing.EndpointMiddleware[1]
      Executed endpoint 'HTTP: GET /api/task/v1/task/getVehicleInfo/{deviceKey}'
info: Microsoft.AspNetCore.Hosting.Diagnostics[2]
      Request finished HTTP/1.1 GET http://127.0.0.1:48408/api/task/v1/task/getVehicleInfo/BROKERX-L2-0001 - 200 - application/json;+charset=utf-8 0.6165ms
info: Microsoft.AspNetCore.Hosting.Diagnostics[1]
      Request starting HTTP/1.1 GET http://127.0.0.1:48408/api/order/v1/orderRecord?pageNum=1&pageSize=100&filterByState=1&filterByState=3&filterByState=7&filterByState=9 - - -
info: Microsoft.AspNetCore.Routing.EndpointMiddleware[0]
      Executing endpoint 'HTTP: GET /api/order/v1/orderRecord'
info: Microsoft.AspNetCore.Http.Result.JsonResult[3]
      Writing value of type '<>f__AnonymousType5`3' as Json.
info: Microsoft.AspNetCore.Routing.EndpointMiddleware[1]
      Executed endpoint 'HTTP: GET /api/order/v1/orderRecord'
info: Microsoft.AspNetCore.Hosting.Diagnostics[2]
      Request finished HTTP/1.1 GET http://127.0.0.1:48408/api/order/v1/orderRecord?pageNum=1&pageSize=100&filterByState=1&filterByState=3&filterByState=7&filterByState=9 - 200 - application/json;+charset=utf-8 0.3452ms
info: Microsoft.AspNetCore.Hosting.Diagnostics[1]
      Request starting HTTP/1.1 GET http://127.0.0.1:48408/api/imap/v1/mapInfo/stations/25 - - -
info: Microsoft.AspNetCore.Routing.EndpointMiddleware[0]
      Executing endpoint 'HTTP: GET /api/imap/v1/mapInfo/stations/{mapId:int}'
info: Microsoft.AspNetCore.Http.Result.JsonResult[3]
      Writing value of type '<>f__AnonymousType5`3' as Json.
info: Microsoft.AspNetCore.Routing.EndpointMiddleware[1]
      Executed endpoint 'HTTP: GET /api/imap/v1/mapInfo/stations/{mapId:int}'
info: Microsoft.AspNetCore.Hosting.Diagnostics[2]
      Request finished HTTP/1.1 GET http://127.0.0.1:48408/api/imap/v1/mapInfo/stations/25 - 200 - application/json;+charset=utf-8 0.5592ms
info: Microsoft.AspNetCore.Hosting.Diagnostics[1]
      Request starting HTTP/1.1 GET http://127.0.0.1:48408/api/task/vehicles/getVehicleInfoByDeviceKey?key=BROKERX-L2-0001 - - -
info: Microsoft.AspNetCore.Routing.EndpointMiddleware[0]
      Executing endpoint 'HTTP: GET /api/task/vehicles/getVehicleInfoByDeviceKey'
info: Microsoft.AspNetCore.Http.Result.JsonResult[3]
      Writing value of type '<>f__AnonymousType5`3' as Json.
info: Microsoft.AspNetCore.Routing.EndpointMiddleware[1]
      Executed endpoint 'HTTP: GET /api/task/vehicles/getVehicleInfoByDeviceKey'
info: Microsoft.AspNetCore.Hosting.Diagnostics[2]
      Request finished HTTP/1.1 GET http://127.0.0.1:48408/api/task/vehicles/getVehicleInfoByDeviceKey?key=BROKERX-L2-0001 - 200 - application/json;+charset=utf-8 0.2738ms
info: Microsoft.AspNetCore.Hosting.Diagnostics[1]
      Request starting HTTP/1.1 GET http://127.0.0.1:48408/api/task/v1/task/getVehicleInfo/BROKERX-L2-0001 - - -
info: Microsoft.AspNetCore.Routing.EndpointMiddleware[0]
      Executing endpoint 'HTTP: GET /api/task/v1/task/getVehicleInfo/{deviceKey}'
info: Microsoft.AspNetCore.Http.Result.JsonResult[3]
      Writing value of type '<>f__AnonymousType7`2' as Json.
info: Microsoft.AspNetCore.Routing.EndpointMiddleware[1]
      Executed endpoint 'HTTP: GET /api/task/v1/task/getVehicleInfo/{deviceKey}'
info: Microsoft.AspNetCore.Hosting.Diagnostics[2]
      Request finished HTTP/1.1 GET http://127.0.0.1:48408/api/task/v1/task/getVehicleInfo/BROKERX-L2-0001 - 200 - application/json;+charset=utf-8 0.2371ms
info: Microsoft.AspNetCore.Hosting.Diagnostics[1]
      Request starting HTTP/1.1 GET http://127.0.0.1:48408/api/order/v1/orderRecord?pageNum=1&pageSize=100&filterByState=1&filterByState=3&filterByState=7&filterByState=9 - - -
info: Microsoft.AspNetCore.Routing.EndpointMiddleware[0]
      Executing endpoint 'HTTP: GET /api/order/v1/orderRecord'
info: Microsoft.AspNetCore.Http.Result.JsonResult[3]
      Writing value of type '<>f__AnonymousType5`3' as Json.
info: Microsoft.AspNetCore.Routing.EndpointMiddleware[1]
      Executed endpoint 'HTTP: GET /api/order/v1/orderRecord'
info: Microsoft.AspNetCore.Hosting.Diagnostics[2]
      Request finished HTTP/1.1 GET http://127.0.0.1:48408/api/order/v1/orderRecord?pageNum=1&pageSize=100&filterByState=1&filterByState=3&filterByState=7&filterByState=9 - 200 - application/json;+charset=utf-8 0.4926ms
info: Microsoft.AspNetCore.Hosting.Diagnostics[1]
      Request starting HTTP/1.1 GET http://127.0.0.1:48408/api/imap/v1/mapInfo/stations/25 - - -
info: Microsoft.AspNetCore.Routing.EndpointMiddleware[0]
      Executing endpoint 'HTTP: GET /api/imap/v1/mapInfo/stations/{mapId:int}'
info: Microsoft.AspNetCore.Http.Result.JsonResult[3]
      Writing value of type '<>f__AnonymousType5`3' as Json.
info: Microsoft.AspNetCore.Routing.EndpointMiddleware[1]
      Executed endpoint 'HTTP: GET /api/imap/v1/mapInfo/stations/{mapId:int}'
info: Microsoft.AspNetCore.Hosting.Diagnostics[2]
      Request finished HTTP/1.1 GET http://127.0.0.1:48408/api/imap/v1/mapInfo/stations/25 - 200 - application/json;+charset=utf-8 0.3990ms
info: Microsoft.AspNetCore.Hosting.Diagnostics[1]
      Request starting HTTP/1.1 GET http://127.0.0.1:48408/api/task/vehicles/getVehicleInfoByDeviceKey?key=BROKERX-L2-0001 - - -
info: Microsoft.AspNetCore.Routing.EndpointMiddleware[0]
      Executing endpoint 'HTTP: GET /api/task/vehicles/getVehicleInfoByDeviceKey'
info: Microsoft.AspNetCore.Http.Result.JsonResult[3]
      Writing value of type '<>f__AnonymousType5`3' as Json.
info: Microsoft.AspNetCore.Routing.EndpointMiddleware[1]
      Executed endpoint 'HTTP: GET /api/task/vehicles/getVehicleInfoByDeviceKey'
info: Microsoft.AspNetCore.Hosting.Diagnostics[2]
      Request finished HTTP/1.1 GET http://127.0.0.1:48408/api/task/vehicles/getVehicleInfoByDeviceKey?key=BROKERX-L2-0001 - 200 - application/json;+charset=utf-8 0.2881ms
info: Microsoft.AspNetCore.Hosting.Diagnostics[1]
      Request starting HTTP/1.1 GET http://127.0.0.1:48408/api/task/v1/task/getVehicleInfo/BROKERX-L2-0001 - - -
info: Microsoft.AspNetCore.Routing.EndpointMiddleware[0]
      Executing endpoint 'HTTP: GET /api/task/v1/task/getVehicleInfo/{deviceKey}'
info: Microsoft.AspNetCore.Http.Result.JsonResult[3]
      Writing value of type '<>f__AnonymousType7`2' as Json.
info: Microsoft.AspNetCore.Routing.EndpointMiddleware[1]
      Executed endpoint 'HTTP: GET /api/task/v1/task/getVehicleInfo/{deviceKey}'
info: Microsoft.AspNetCore.Hosting.Diagnostics[2]
      Request finished HTTP/1.1 GET http://127.0.0.1:48408/api/task/v1/task/getVehicleInfo/BROKERX-L2-0001 - 200 - application/json;+charset=utf-8 0.4149ms
info: Microsoft.AspNetCore.Hosting.Diagnostics[1]
      Request starting HTTP/1.1 GET http://127.0.0.1:48408/api/order/v1/orderRecord?pageNum=1&pageSize=100&filterByState=1&filterByState=3&filterByState=7&filterByState=9 - - -
info: Microsoft.AspNetCore.Routing.EndpointMiddleware[0]
      Executing endpoint 'HTTP: GET /api/order/v1/orderRecord'
info: Microsoft.AspNetCore.Http.Result.JsonResult[3]
      Writing value of type '<>f__AnonymousType5`3' as Json.
info: Microsoft.AspNetCore.Routing.EndpointMiddleware[1]
      Executed endpoint 'HTTP: GET /api/order/v1/orderRecord'
info: Microsoft.AspNetCore.Hosting.Diagnostics[2]
      Request finished HTTP/1.1 GET http://127.0.0.1:48408/api/order/v1/orderRecord?pageNum=1&pageSize=100&filterByState=1&filterByState=3&filterByState=7&filterByState=9 - 200 - application/json;+charset=utf-8 0.3888ms
info: Microsoft.AspNetCore.Hosting.Diagnostics[1]
      Request starting HTTP/1.1 GET http://127.0.0.1:48408/api/imap/v1/mapInfo/stations/25 - - -
info: Microsoft.AspNetCore.Routing.EndpointMiddleware[0]
      Executing endpoint 'HTTP: GET /api/imap/v1/mapInfo/stations/{mapId:int}'
info: Microsoft.AspNetCore.Http.Result.JsonResult[3]
      Writing value of type '<>f__AnonymousType5`3' as Json.
info: Microsoft.AspNetCore.Routing.EndpointMiddleware[1]
      Executed endpoint 'HTTP: GET /api/imap/v1/mapInfo/stations/{mapId:int}'
info: Microsoft.AspNetCore.Hosting.Diagnostics[2]
      Request finished HTTP/1.1 GET http://127.0.0.1:48408/api/imap/v1/mapInfo/stations/25 - 200 - application/json;+charset=utf-8 1.7097ms
info: Microsoft.AspNetCore.Hosting.Diagnostics[1]
      Request starting HTTP/1.1 GET http://127.0.0.1:48408/api/task/vehicles/getVehicleInfoByDeviceKey?key=BROKERX-L2-0001 - - -
info: Microsoft.AspNetCore.Routing.EndpointMiddleware[0]
      Executing endpoint 'HTTP: GET /api/task/vehicles/getVehicleInfoByDeviceKey'
info: Microsoft.AspNetCore.Http.Result.JsonResult[3]
      Writing value of type '<>f__AnonymousType5`3' as Json.
info: Microsoft.AspNetCore.Routing.EndpointMiddleware[1]
      Executed endpoint 'HTTP: GET /api/task/vehicles/getVehicleInfoByDeviceKey'
info: Microsoft.AspNetCore.Hosting.Diagnostics[2]
      Request finished HTTP/1.1 GET http://127.0.0.1:48408/api/task/vehicles/getVehicleInfoByDeviceKey?key=BROKERX-L2-0001 - 200 - application/json;+charset=utf-8 0.4559ms
info: Microsoft.AspNetCore.Hosting.Diagnostics[1]
      Request starting HTTP/1.1 GET http://127.0.0.1:48408/api/imap/v1/mapInfo/stations/25 - - -
info: Microsoft.AspNetCore.Routing.EndpointMiddleware[0]
      Executing endpoint 'HTTP: GET /api/imap/v1/mapInfo/stations/{mapId:int}'
info: Microsoft.AspNetCore.Http.Result.JsonResult[3]
      Writing value of type '<>f__AnonymousType5`3' as Json.
info: Microsoft.AspNetCore.Routing.EndpointMiddleware[1]
      Executed endpoint 'HTTP: GET /api/imap/v1/mapInfo/stations/{mapId:int}'
info: Microsoft.AspNetCore.Hosting.Diagnostics[2]
      Request finished HTTP/1.1 GET http://127.0.0.1:48408/api/imap/v1/mapInfo/stations/25 - 200 - application/json;+charset=utf-8 0.3068ms
info: Microsoft.AspNetCore.Hosting.Diagnostics[1]
      Request starting HTTP/1.1 GET http://127.0.0.1:48408/api/task/v1/task/getVehicleInfo/BROKERX-L2-0001 - - -
info: Microsoft.AspNetCore.Routing.EndpointMiddleware[0]
      Executing endpoint 'HTTP: GET /api/task/v1/task/getVehicleInfo/{deviceKey}'
info: Microsoft.AspNetCore.Http.Result.JsonResult[3]
      Writing value of type '<>f__AnonymousType7`2' as Json.
info: Microsoft.AspNetCore.Routing.EndpointMiddleware[1]
      Executed endpoint 'HTTP: GET /api/task/v1/task/getVehicleInfo/{deviceKey}'
info: Microsoft.AspNetCore.Hosting.Diagnostics[2]
      Request finished HTTP/1.1 GET http://127.0.0.1:48408/api/task/v1/task/getVehicleInfo/BROKERX-L2-0001 - 200 - application/json;+charset=utf-8 0.1746ms
info: Microsoft.AspNetCore.Hosting.Diagnostics[1]
      Request starting HTTP/1.1 GET http://127.0.0.1:48408/api/order/v1/orderRecord?pageNum=1&pageSize=100&filterByState=1&filterByState=3&filterByState=7&filterByState=9 - - -
info: Microsoft.AspNetCore.Routing.EndpointMiddleware[0]
      Executing endpoint 'HTTP: GET /api/order/v1/orderRecord'
info: Microsoft.AspNetCore.Http.Result.JsonResult[3]
      Writing value of type '<>f__AnonymousType5`3' as Json.
info: Microsoft.AspNetCore.Routing.EndpointMiddleware[1]
      Executed endpoint 'HTTP: GET /api/order/v1/orderRecord'
info: Microsoft.AspNetCore.Hosting.Diagnostics[2]
      Request finished HTTP/1.1 GET http://127.0.0.1:48408/api/order/v1/orderRecord?pageNum=1&pageSize=100&filterByState=1&filterByState=3&filterByState=7&filterByState=9 - 200 - application/json;+charset=utf-8 1.4132ms
info: Microsoft.AspNetCore.Hosting.Diagnostics[1]
      Request starting HTTP/1.1 GET http://127.0.0.1:48408/api/task/vehicles/getVehicleInfoByDeviceKey?key=BROKERX-L2-0001 - - -
info: Microsoft.AspNetCore.Routing.EndpointMiddleware[0]
      Executing endpoint 'HTTP: GET /api/task/vehicles/getVehicleInfoByDeviceKey'
info: Microsoft.AspNetCore.Http.Result.JsonResult[3]
      Writing value of type '<>f__AnonymousType5`3' as Json.
info: Microsoft.AspNetCore.Routing.EndpointMiddleware[1]
      Executed endpoint 'HTTP: GET /api/task/vehicles/getVehicleInfoByDeviceKey'
info: Microsoft.AspNetCore.Hosting.Diagnostics[2]
      Request finished HTTP/1.1 GET http://127.0.0.1:48408/api/task/vehicles/getVehicleInfoByDeviceKey?key=BROKERX-L2-0001 - 200 - application/json;+charset=utf-8 0.3099ms
info: Microsoft.AspNetCore.Hosting.Diagnostics[1]
      Request starting HTTP/1.1 GET http://127.0.0.1:48408/api/imap/v1/mapInfo/stations/25 - - -
info: Microsoft.AspNetCore.Routing.EndpointMiddleware[0]
      Executing endpoint 'HTTP: GET /api/imap/v1/mapInfo/stations/{mapId:int}'
info: Microsoft.AspNetCore.Http.Result.JsonResult[3]
      Writing value of type '<>f__AnonymousType5`3' as Json.
info: Microsoft.AspNetCore.Routing.EndpointMiddleware[1]
      Executed endpoint 'HTTP: GET /api/imap/v1/mapInfo/stations/{mapId:int}'
info: Microsoft.AspNetCore.Hosting.Diagnostics[2]
      Request finished HTTP/1.1 GET http://127.0.0.1:48408/api/imap/v1/mapInfo/stations/25 - 200 - application/json;+charset=utf-8 0.3070ms
info: Microsoft.AspNetCore.Hosting.Diagnostics[1]
      Request starting HTTP/1.1 GET http://127.0.0.1:48408/api/task/v1/task/getVehicleInfo/BROKERX-L2-0001 - - -
info: Microsoft.AspNetCore.Routing.EndpointMiddleware[0]
      Executing endpoint 'HTTP: GET /api/task/v1/task/getVehicleInfo/{deviceKey}'
info: Microsoft.AspNetCore.Http.Result.JsonResult[3]
      Writing value of type '<>f__AnonymousType7`2' as Json.
info: Microsoft.AspNetCore.Routing.EndpointMiddleware[1]
      Executed endpoint 'HTTP: GET /api/task/v1/task/getVehicleInfo/{deviceKey}'
info: Microsoft.AspNetCore.Hosting.Diagnostics[2]
      Request finished HTTP/1.1 GET http://127.0.0.1:48408/api/task/v1/task/getVehicleInfo/BROKERX-L2-0001 - 200 - application/json;+charset=utf-8 0.2212ms
info: Microsoft.AspNetCore.Hosting.Diagnostics[1]
      Request starting HTTP/1.1 GET http://127.0.0.1:48408/api/order/v1/orderRecord?pageNum=1&pageSize=100&filterByState=1&filterByState=3&filterByState=7&filterByState=9 - - -
info: Microsoft.AspNetCore.Routing.EndpointMiddleware[0]
      Executing endpoint 'HTTP: GET /api/order/v1/orderRecord'
info: Microsoft.AspNetCore.Http.Result.JsonResult[3]
      Writing value of type '<>f__AnonymousType5`3' as Json.
info: Microsoft.AspNetCore.Routing.EndpointMiddleware[1]
      Executed endpoint 'HTTP: GET /api/order/v1/orderRecord'
info: Microsoft.AspNetCore.Hosting.Diagnostics[2]
      Request finished HTTP/1.1 GET http://127.0.0.1:48408/api/order/v1/orderRecord?pageNum=1&pageSize=100&filterByState=1&filterByState=3&filterByState=7&filterByState=9 - 200 - application/json;+charset=utf-8 2.8543ms
info: Microsoft.AspNetCore.Hosting.Diagnostics[1]
      Request starting HTTP/1.1 GET http://127.0.0.1:48408/api/task/vehicles/getVehicleInfoByDeviceKey?key=BROKERX-L2-0001 - - -
info: Microsoft.AspNetCore.Routing.EndpointMiddleware[0]
      Executing endpoint 'HTTP: GET /api/task/vehicles/getVehicleInfoByDeviceKey'
info: Microsoft.AspNetCore.Http.Result.JsonResult[3]
      Writing value of type '<>f__AnonymousType5`3' as Json.
info: Microsoft.AspNetCore.Routing.EndpointMiddleware[1]
      Executed endpoint 'HTTP: GET /api/task/vehicles/getVehicleInfoByDeviceKey'
info: Microsoft.AspNetCore.Hosting.Diagnostics[2]
      Request finished HTTP/1.1 GET http://127.0.0.1:48408/api/task/vehicles/getVehicleInfoByDeviceKey?key=BROKERX-L2-0001 - 200 - application/json;+charset=utf-8 0.2711ms
info: Microsoft.AspNetCore.Hosting.Diagnostics[1]
      Request starting HTTP/1.1 GET http://127.0.0.1:48408/api/imap/v1/mapInfo/stations/25 - - -
info: Microsoft.AspNetCore.Routing.EndpointMiddleware[0]
      Executing endpoint 'HTTP: GET /api/imap/v1/mapInfo/stations/{mapId:int}'
info: Microsoft.AspNetCore.Http.Result.JsonResult[3]
      Writing value of type '<>f__AnonymousType5`3' as Json.
info: Microsoft.AspNetCore.Routing.EndpointMiddleware[1]
      Executed endpoint 'HTTP: GET /api/imap/v1/mapInfo/stations/{mapId:int}'
info: Microsoft.AspNetCore.Hosting.Diagnostics[2]
      Request finished HTTP/1.1 GET http://127.0.0.1:48408/api/imap/v1/mapInfo/stations/25 - 200 - application/json;+charset=utf-8 0.5417ms
info: Microsoft.AspNetCore.Hosting.Diagnostics[1]
      Request starting HTTP/1.1 GET http://127.0.0.1:48408/api/task/v1/task/getVehicleInfo/BROKERX-L2-0001 - - -
info: Microsoft.AspNetCore.Routing.EndpointMiddleware[0]
      Executing endpoint 'HTTP: GET /api/task/v1/task/getVehicleInfo/{deviceKey}'
info: Microsoft.AspNetCore.Http.Result.JsonResult[3]
      Writing value of type '<>f__AnonymousType7`2' as Json.
info: Microsoft.AspNetCore.Routing.EndpointMiddleware[1]
      Executed endpoint 'HTTP: GET /api/task/v1/task/getVehicleInfo/{deviceKey}'
info: Microsoft.AspNetCore.Hosting.Diagnostics[2]
      Request finished HTTP/1.1 GET http://127.0.0.1:48408/api/task/v1/task/getVehicleInfo/BROKERX-L2-0001 - 200 - application/json;+charset=utf-8 0.3419ms
info: Microsoft.AspNetCore.Hosting.Diagnostics[1]
      Request starting HTTP/1.1 GET http://127.0.0.1:48408/api/order/v1/orderRecord?pageNum=1&pageSize=100&filterByState=1&filterByState=3&filterByState=7&filterByState=9 - - -
info: Microsoft.AspNetCore.Routing.EndpointMiddleware[0]
      Executing endpoint 'HTTP: GET /api/order/v1/orderRecord'
info: Microsoft.AspNetCore.Http.Result.JsonResult[3]
      Writing value of type '<>f__AnonymousType5`3' as Json.
info: Microsoft.AspNetCore.Routing.EndpointMiddleware[1]
      Executed endpoint 'HTTP: GET /api/order/v1/orderRecord'
info: Microsoft.AspNetCore.Hosting.Diagnostics[2]
      Request finished HTTP/1.1 GET http://127.0.0.1:48408/api/order/v1/orderRecord?pageNum=1&pageSize=100&filterByState=1&filterByState=3&filterByState=7&filterByState=9 - 200 - application/json;+charset=utf-8 0.4555ms
info: Microsoft.AspNetCore.Hosting.Diagnostics[1]
      Request starting HTTP/1.1 GET http://127.0.0.1:48408/api/task/vehicles/getVehicleInfoByDeviceKey?key=BROKERX-L2-0001 - - -
info: Microsoft.AspNetCore.Routing.EndpointMiddleware[0]
      Executing endpoint 'HTTP: GET /api/task/vehicles/getVehicleInfoByDeviceKey'
info: Microsoft.AspNetCore.Http.Result.JsonResult[3]
      Writing value of type '<>f__AnonymousType5`3' as Json.
info: Microsoft.AspNetCore.Routing.EndpointMiddleware[1]
      Executed endpoint 'HTTP: GET /api/task/vehicles/getVehicleInfoByDeviceKey'
info: Microsoft.AspNetCore.Hosting.Diagnostics[2]
      Request finished HTTP/1.1 GET http://127.0.0.1:48408/api/task/vehicles/getVehicleInfoByDeviceKey?key=BROKERX-L2-0001 - 200 - application/json;+charset=utf-8 0.5988ms
info: Microsoft.AspNetCore.Hosting.Diagnostics[1]
      Request starting HTTP/1.1 GET http://127.0.0.1:48408/api/imap/v1/mapInfo/stations/25 - - -
info: Microsoft.AspNetCore.Routing.EndpointMiddleware[0]
      Executing endpoint 'HTTP: GET /api/imap/v1/mapInfo/stations/{mapId:int}'
info: Microsoft.AspNetCore.Http.Result.JsonResult[3]
      Writing value of type '<>f__AnonymousType5`3' as Json.
info: Microsoft.AspNetCore.Routing.EndpointMiddleware[1]
      Executed endpoint 'HTTP: GET /api/imap/v1/mapInfo/stations/{mapId:int}'
info: Microsoft.AspNetCore.Hosting.Diagnostics[2]
      Request finished HTTP/1.1 GET http://127.0.0.1:48408/api/imap/v1/mapInfo/stations/25 - 200 - application/json;+charset=utf-8 0.3033ms
info: Microsoft.AspNetCore.Hosting.Diagnostics[1]
      Request starting HTTP/1.1 GET http://127.0.0.1:48408/api/task/vehicles/getVehicleInfoByDeviceKey?key=BROKERX-L2-0001 - - -
info: Microsoft.AspNetCore.Routing.EndpointMiddleware[0]
      Executing endpoint 'HTTP: GET /api/task/vehicles/getVehicleInfoByDeviceKey'
info: Microsoft.AspNetCore.Http.Result.JsonResult[3]
      Writing value of type '<>f__AnonymousType5`3' as Json.
info: Microsoft.AspNetCore.Routing.EndpointMiddleware[1]
      Executed endpoint 'HTTP: GET /api/task/vehicles/getVehicleInfoByDeviceKey'
info: Microsoft.AspNetCore.Hosting.Diagnostics[2]
      Request finished HTTP/1.1 GET http://127.0.0.1:48408/api/task/vehicles/getVehicleInfoByDeviceKey?key=BROKERX-L2-0001 - 200 - application/json;+charset=utf-8 0.3427ms
info: Microsoft.AspNetCore.Hosting.Diagnostics[1]
      Request starting HTTP/1.1 GET http://127.0.0.1:48408/api/task/v1/task/getVehicleInfo/BROKERX-L2-0001 - - -
info: Microsoft.AspNetCore.Routing.EndpointMiddleware[0]
      Executing endpoint 'HTTP: GET /api/task/v1/task/getVehicleInfo/{deviceKey}'
info: Microsoft.AspNetCore.Http.Result.JsonResult[3]
      Writing value of type '<>f__AnonymousType7`2' as Json.
info: Microsoft.AspNetCore.Routing.EndpointMiddleware[1]
      Executed endpoint 'HTTP: GET /api/task/v1/task/getVehicleInfo/{deviceKey}'
info: Microsoft.AspNetCore.Hosting.Diagnostics[2]
      Request finished HTTP/1.1 GET http://127.0.0.1:48408/api/task/v1/task/getVehicleInfo/BROKERX-L2-0001 - 200 - application/json;+charset=utf-8 0.2346ms
info: Microsoft.AspNetCore.Hosting.Diagnostics[1]
      Request starting HTTP/1.1 GET http://127.0.0.1:48408/api/order/v1/orderRecord?pageNum=1&pageSize=100&filterByState=1&filterByState=3&filterByState=7&filterByState=9 - - -
info: Microsoft.AspNetCore.Routing.EndpointMiddleware[0]
      Executing endpoint 'HTTP: GET /api/order/v1/orderRecord'
info: Microsoft.AspNetCore.Http.Result.JsonResult[3]
      Writing value of type '<>f__AnonymousType5`3' as Json.
info: Microsoft.AspNetCore.Routing.EndpointMiddleware[1]
      Executed endpoint 'HTTP: GET /api/order/v1/orderRecord'
info: Microsoft.AspNetCore.Hosting.Diagnostics[2]
      Request finished HTTP/1.1 GET http://127.0.0.1:48408/api/order/v1/orderRecord?pageNum=1&pageSize=100&filterByState=1&filterByState=3&filterByState=7&filterByState=9 - 200 - application/json;+charset=utf-8 0.4037ms
info: Microsoft.AspNetCore.Hosting.Diagnostics[1]
      Request starting HTTP/1.1 GET http://127.0.0.1:48408/api/imap/v1/mapInfo/stations/25 - - -
info: Microsoft.AspNetCore.Routing.EndpointMiddleware[0]
      Executing endpoint 'HTTP: GET /api/imap/v1/mapInfo/stations/{mapId:int}'
info: Microsoft.AspNetCore.Http.Result.JsonResult[3]
      Writing value of type '<>f__AnonymousType5`3' as Json.
info: Microsoft.AspNetCore.Routing.EndpointMiddleware[1]
      Executed endpoint 'HTTP: GET /api/imap/v1/mapInfo/stations/{mapId:int}'
info: Microsoft.AspNetCore.Hosting.Diagnostics[2]
      Request finished HTTP/1.1 GET http://127.0.0.1:48408/api/imap/v1/mapInfo/stations/25 - 200 - application/json;+charset=utf-8 0.3528ms
info: Microsoft.AspNetCore.Hosting.Diagnostics[1]
      Request starting HTTP/1.1 GET http://127.0.0.1:48408/api/task/vehicles/getVehicleInfoByDeviceKey?key=BROKERX-L2-0001 - - -
info: Microsoft.AspNetCore.Routing.EndpointMiddleware[0]
      Executing endpoint 'HTTP: GET /api/task/vehicles/getVehicleInfoByDeviceKey'
info: Microsoft.AspNetCore.Http.Result.JsonResult[3]
      Writing value of type '<>f__AnonymousType5`3' as Json.
info: Microsoft.AspNetCore.Routing.EndpointMiddleware[1]
      Executed endpoint 'HTTP: GET /api/task/vehicles/getVehicleInfoByDeviceKey'
info: Microsoft.AspNetCore.Hosting.Diagnostics[2]
      Request finished HTTP/1.1 GET http://127.0.0.1:48408/api/task/vehicles/getVehicleInfoByDeviceKey?key=BROKERX-L2-0001 - 200 - application/json;+charset=utf-8 0.2392ms
info: Microsoft.AspNetCore.Hosting.Diagnostics[1]
      Request starting HTTP/1.1 GET http://127.0.0.1:48408/api/task/v1/task/getVehicleInfo/BROKERX-L2-0001 - - -
info: Microsoft.AspNetCore.Routing.EndpointMiddleware[0]
      Executing endpoint 'HTTP: GET /api/task/v1/task/getVehicleInfo/{deviceKey}'
info: Microsoft.AspNetCore.Http.Result.JsonResult[3]
      Writing value of type '<>f__AnonymousType7`2' as Json.
info: Microsoft.AspNetCore.Routing.EndpointMiddleware[1]
      Executed endpoint 'HTTP: GET /api/task/v1/task/getVehicleInfo/{deviceKey}'
info: Microsoft.AspNetCore.Hosting.Diagnostics[2]
      Request finished HTTP/1.1 GET http://127.0.0.1:48408/api/task/v1/task/getVehicleInfo/BROKERX-L2-0001 - 200 - application/json;+charset=utf-8 0.2291ms
info: Microsoft.AspNetCore.Hosting.Diagnostics[1]
      Request starting HTTP/1.1 GET http://127.0.0.1:48408/api/order/v1/orderRecord?pageNum=1&pageSize=100&filterByState=1&filterByState=3&filterByState=7&filterByState=9 - - -
info: Microsoft.AspNetCore.Routing.EndpointMiddleware[0]
      Executing endpoint 'HTTP: GET /api/order/v1/orderRecord'
info: Microsoft.AspNetCore.Http.Result.JsonResult[3]
      Writing value of type '<>f__AnonymousType5`3' as Json.
info: Microsoft.AspNetCore.Routing.EndpointMiddleware[1]
      Executed endpoint 'HTTP: GET /api/order/v1/orderRecord'
info: Microsoft.AspNetCore.Hosting.Diagnostics[2]
      Request finished HTTP/1.1 GET http://127.0.0.1:48408/api/order/v1/orderRecord?pageNum=1&pageSize=100&filterByState=1&filterByState=3&filterByState=7&filterByState=9 - 200 - application/json;+charset=utf-8 0.2777ms
info: Microsoft.AspNetCore.Hosting.Diagnostics[1]
      Request starting HTTP/1.1 GET http://127.0.0.1:48408/api/imap/v1/mapInfo/stations/25 - - -
info: Microsoft.AspNetCore.Routing.EndpointMiddleware[0]
      Executing endpoint 'HTTP: GET /api/imap/v1/mapInfo/stations/{mapId:int}'
info: Microsoft.AspNetCore.Http.Result.JsonResult[3]
      Writing value of type '<>f__AnonymousType5`3' as Json.
info: Microsoft.AspNetCore.Routing.EndpointMiddleware[1]
      Executed endpoint 'HTTP: GET /api/imap/v1/mapInfo/stations/{mapId:int}'
info: Microsoft.AspNetCore.Hosting.Diagnostics[2]
      Request finished HTTP/1.1 GET http://127.0.0.1:48408/api/imap/v1/mapInfo/stations/25 - 200 - application/json;+charset=utf-8 0.2501ms
info: Microsoft.AspNetCore.Hosting.Diagnostics[1]
      Request starting HTTP/1.1 GET http://127.0.0.1:48408/api/task/vehicles/getVehicleInfoByDeviceKey?key=BROKERX-L2-0001 - - -
info: Microsoft.AspNetCore.Routing.EndpointMiddleware[0]
      Executing endpoint 'HTTP: GET /api/task/vehicles/getVehicleInfoByDeviceKey'
info: Microsoft.AspNetCore.Http.Result.JsonResult[3]
      Writing value of type '<>f__AnonymousType5`3' as Json.
info: Microsoft.AspNetCore.Routing.EndpointMiddleware[1]
      Executed endpoint 'HTTP: GET /api/task/vehicles/getVehicleInfoByDeviceKey'
info: Microsoft.AspNetCore.Hosting.Diagnostics[2]
      Request finished HTTP/1.1 GET http://127.0.0.1:48408/api/task/vehicles/getVehicleInfoByDeviceKey?key=BROKERX-L2-0001 - 200 - application/json;+charset=utf-8 0.2418ms
info: Microsoft.AspNetCore.Hosting.Diagnostics[1]
      Request starting HTTP/1.1 GET http://127.0.0.1:48408/api/task/v1/task/getVehicleInfo/BROKERX-L2-0001 - - -
info: Microsoft.AspNetCore.Routing.EndpointMiddleware[0]
      Executing endpoint 'HTTP: GET /api/task/v1/task/getVehicleInfo/{deviceKey}'
info: Microsoft.AspNetCore.Http.Result.JsonResult[3]
      Writing value of type '<>f__AnonymousType7`2' as Json.
info: Microsoft.AspNetCore.Routing.EndpointMiddleware[1]
      Executed endpoint 'HTTP: GET /api/task/v1/task/getVehicleInfo/{deviceKey}'
info: Microsoft.AspNetCore.Hosting.Diagnostics[2]
      Request finished HTTP/1.1 GET http://127.0.0.1:48408/api/task/v1/task/getVehicleInfo/BROKERX-L2-0001 - 200 - application/json;+charset=utf-8 0.5601ms
info: Microsoft.AspNetCore.Hosting.Diagnostics[1]
      Request starting HTTP/1.1 GET http://127.0.0.1:48408/api/order/v1/orderRecord?pageNum=1&pageSize=100&filterByState=1&filterByState=3&filterByState=7&filterByState=9 - - -
info: Microsoft.AspNetCore.Routing.EndpointMiddleware[0]
      Executing endpoint 'HTTP: GET /api/order/v1/orderRecord'
info: Microsoft.AspNetCore.Http.Result.JsonResult[3]
      Writing value of type '<>f__AnonymousType5`3' as Json.
info: Microsoft.AspNetCore.Routing.EndpointMiddleware[1]
      Executed endpoint 'HTTP: GET /api/order/v1/orderRecord'
info: Microsoft.AspNetCore.Hosting.Diagnostics[2]
      Request finished HTTP/1.1 GET http://127.0.0.1:48408/api/order/v1/orderRecord?pageNum=1&pageSize=100&filterByState=1&filterByState=3&filterByState=7&filterByState=9 - 200 - application/json;+charset=utf-8 0.8138ms
info: Microsoft.AspNetCore.Hosting.Diagnostics[1]
      Request starting HTTP/1.1 GET http://127.0.0.1:48408/api/imap/v1/mapInfo/stations/25 - - -
info: Microsoft.AspNetCore.Routing.EndpointMiddleware[0]
      Executing endpoint 'HTTP: GET /api/imap/v1/mapInfo/stations/{mapId:int}'
info: Microsoft.AspNetCore.Http.Result.JsonResult[3]
      Writing value of type '<>f__AnonymousType5`3' as Json.
info: Microsoft.AspNetCore.Routing.EndpointMiddleware[1]
      Executed endpoint 'HTTP: GET /api/imap/v1/mapInfo/stations/{mapId:int}'
info: Microsoft.AspNetCore.Hosting.Diagnostics[2]
      Request finished HTTP/1.1 GET http://127.0.0.1:48408/api/imap/v1/mapInfo/stations/25 - 200 - application/json;+charset=utf-8 0.2573ms
info: Microsoft.AspNetCore.Hosting.Diagnostics[1]
      Request starting HTTP/1.1 GET http://127.0.0.1:48408/api/task/vehicles/getVehicleInfoByDeviceKey?key=BROKERX-L2-0001 - - -
info: Microsoft.AspNetCore.Routing.EndpointMiddleware[0]
      Executing endpoint 'HTTP: GET /api/task/vehicles/getVehicleInfoByDeviceKey'
info: Microsoft.AspNetCore.Http.Result.JsonResult[3]
      Writing value of type '<>f__AnonymousType5`3' as Json.
info: Microsoft.AspNetCore.Routing.EndpointMiddleware[1]
      Executed endpoint 'HTTP: GET /api/task/vehicles/getVehicleInfoByDeviceKey'
info: Microsoft.AspNetCore.Hosting.Diagnostics[2]
      Request finished HTTP/1.1 GET http://127.0.0.1:48408/api/task/vehicles/getVehicleInfoByDeviceKey?key=BROKERX-L2-0001 - 200 - application/json;+charset=utf-8 0.7905ms
info: Microsoft.AspNetCore.Hosting.Diagnostics[1]
      Request starting HTTP/1.1 GET http://127.0.0.1:48408/api/task/v1/task/getVehicleInfo/BROKERX-L2-0001 - - -
info: Microsoft.AspNetCore.Routing.EndpointMiddleware[0]
      Executing endpoint 'HTTP: GET /api/task/v1/task/getVehicleInfo/{deviceKey}'
info: Microsoft.AspNetCore.Http.Result.JsonResult[3]
      Writing value of type '<>f__AnonymousType7`2' as Json.
info: Microsoft.AspNetCore.Routing.EndpointMiddleware[1]
      Executed endpoint 'HTTP: GET /api/task/v1/task/getVehicleInfo/{deviceKey}'
info: Microsoft.AspNetCore.Hosting.Diagnostics[2]
      Request finished HTTP/1.1 GET http://127.0.0.1:48408/api/task/v1/task/getVehicleInfo/BROKERX-L2-0001 - 200 - application/json;+charset=utf-8 0.2031ms
info: Microsoft.AspNetCore.Hosting.Diagnostics[1]
      Request starting HTTP/1.1 GET http://127.0.0.1:48408/api/order/v1/orderRecord?pageNum=1&pageSize=100&filterByState=1&filterByState=3&filterByState=7&filterByState=9 - - -
info: Microsoft.AspNetCore.Routing.EndpointMiddleware[0]
      Executing endpoint 'HTTP: GET /api/order/v1/orderRecord'
info: Microsoft.AspNetCore.Http.Result.JsonResult[3]
      Writing value of type '<>f__AnonymousType5`3' as Json.
info: Microsoft.AspNetCore.Routing.EndpointMiddleware[1]
      Executed endpoint 'HTTP: GET /api/order/v1/orderRecord'
info: Microsoft.AspNetCore.Hosting.Diagnostics[2]
      Request finished HTTP/1.1 GET http://127.0.0.1:48408/api/order/v1/orderRecord?pageNum=1&pageSize=100&filterByState=1&filterByState=3&filterByState=7&filterByState=9 - 200 - application/json;+charset=utf-8 0.2648ms
info: Microsoft.AspNetCore.Hosting.Diagnostics[1]
      Request starting HTTP/1.1 GET http://127.0.0.1:48408/api/imap/v1/mapInfo/stations/25 - - -
info: Microsoft.AspNetCore.Routing.EndpointMiddleware[0]
      Executing endpoint 'HTTP: GET /api/imap/v1/mapInfo/stations/{mapId:int}'
info: Microsoft.AspNetCore.Http.Result.JsonResult[3]
      Writing value of type '<>f__AnonymousType5`3' as Json.
info: Microsoft.AspNetCore.Routing.EndpointMiddleware[1]
      Executed endpoint 'HTTP: GET /api/imap/v1/mapInfo/stations/{mapId:int}'
info: Microsoft.AspNetCore.Hosting.Diagnostics[2]
      Request finished HTTP/1.1 GET http://127.0.0.1:48408/api/imap/v1/mapInfo/stations/25 - 200 - application/json;+charset=utf-8 0.2164ms
info: Microsoft.AspNetCore.Hosting.Diagnostics[1]
      Request starting HTTP/1.1 GET http://127.0.0.1:48408/api/task/vehicles/getVehicleInfoByDeviceKey?key=BROKERX-L2-0001 - - -
info: Microsoft.AspNetCore.Routing.EndpointMiddleware[0]
      Executing endpoint 'HTTP: GET /api/task/vehicles/getVehicleInfoByDeviceKey'
info: Microsoft.AspNetCore.Http.Result.JsonResult[3]
      Writing value of type '<>f__AnonymousType5`3' as Json.
info: Microsoft.AspNetCore.Routing.EndpointMiddleware[1]
      Executed endpoint 'HTTP: GET /api/task/vehicles/getVehicleInfoByDeviceKey'
info: Microsoft.AspNetCore.Hosting.Diagnostics[2]
      Request finished HTTP/1.1 GET http://127.0.0.1:48408/api/task/vehicles/getVehicleInfoByDeviceKey?key=BROKERX-L2-0001 - 200 - application/json;+charset=utf-8 0.3679ms
info: Microsoft.AspNetCore.Hosting.Diagnostics[1]
      Request starting HTTP/1.1 GET http://127.0.0.1:48408/api/task/v1/task/getVehicleInfo/BROKERX-L2-0001 - - -
info: Microsoft.AspNetCore.Routing.EndpointMiddleware[0]
      Executing endpoint 'HTTP: GET /api/task/v1/task/getVehicleInfo/{deviceKey}'
info: Microsoft.AspNetCore.Http.Result.JsonResult[3]
      Writing value of type '<>f__AnonymousType7`2' as Json.
info: Microsoft.AspNetCore.Routing.EndpointMiddleware[1]
      Executed endpoint 'HTTP: GET /api/task/v1/task/getVehicleInfo/{deviceKey}'
info: Microsoft.AspNetCore.Hosting.Diagnostics[2]
      Request finished HTTP/1.1 GET http://127.0.0.1:48408/api/task/v1/task/getVehicleInfo/BROKERX-L2-0001 - 200 - application/json;+charset=utf-8 0.3776ms
info: Microsoft.AspNetCore.Hosting.Diagnostics[1]
      Request starting HTTP/1.1 GET http://127.0.0.1:48408/api/order/v1/orderRecord?pageNum=1&pageSize=100&filterByState=1&filterByState=3&filterByState=7&filterByState=9 - - -
info: Microsoft.AspNetCore.Routing.EndpointMiddleware[0]
      Executing endpoint 'HTTP: GET /api/order/v1/orderRecord'
info: Microsoft.AspNetCore.Http.Result.JsonResult[3]
      Writing value of type '<>f__AnonymousType5`3' as Json.
info: Microsoft.AspNetCore.Routing.EndpointMiddleware[1]
      Executed endpoint 'HTTP: GET /api/order/v1/orderRecord'
info: Microsoft.AspNetCore.Hosting.Diagnostics[2]
      Request finished HTTP/1.1 GET http://127.0.0.1:48408/api/order/v1/orderRecord?pageNum=1&pageSize=100&filterByState=1&filterByState=3&filterByState=7&filterByState=9 - 200 - application/json;+charset=utf-8 0.4896ms
info: Microsoft.AspNetCore.Hosting.Diagnostics[1]
      Request starting HTTP/1.1 GET http://127.0.0.1:48408/api/imap/v1/mapInfo/stations/25 - - -
info: Microsoft.AspNetCore.Routing.EndpointMiddleware[0]
      Executing endpoint 'HTTP: GET /api/imap/v1/mapInfo/stations/{mapId:int}'
info: Microsoft.AspNetCore.Http.Result.JsonResult[3]
      Writing value of type '<>f__AnonymousType5`3' as Json.
info: Microsoft.AspNetCore.Routing.EndpointMiddleware[1]
      Executed endpoint 'HTTP: GET /api/imap/v1/mapInfo/stations/{mapId:int}'
info: Microsoft.AspNetCore.Hosting.Diagnostics[2]
      Request finished HTTP/1.1 GET http://127.0.0.1:48408/api/imap/v1/mapInfo/stations/25 - 200 - application/json;+charset=utf-8 0.7933ms
info: Microsoft.AspNetCore.Hosting.Diagnostics[1]
      Request starting HTTP/1.1 GET http://127.0.0.1:48408/api/task/vehicles/getVehicleInfoByDeviceKey?key=BROKERX-L2-0001 - - -
info: Microsoft.AspNetCore.Routing.EndpointMiddleware[0]
      Executing endpoint 'HTTP: GET /api/task/vehicles/getVehicleInfoByDeviceKey'
info: Microsoft.AspNetCore.Http.Result.JsonResult[3]
      Writing value of type '<>f__AnonymousType5`3' as Json.
info: Microsoft.AspNetCore.Routing.EndpointMiddleware[1]
      Executed endpoint 'HTTP: GET /api/task/vehicles/getVehicleInfoByDeviceKey'
info: Microsoft.AspNetCore.Hosting.Diagnostics[2]
      Request finished HTTP/1.1 GET http://127.0.0.1:48408/api/task/vehicles/getVehicleInfoByDeviceKey?key=BROKERX-L2-0001 - 200 - application/json;+charset=utf-8 0.2193ms
info: Microsoft.AspNetCore.Hosting.Diagnostics[1]
      Request starting HTTP/1.1 GET http://127.0.0.1:48408/api/task/v1/task/getVehicleInfo/BROKERX-L2-0001 - - -
info: Microsoft.AspNetCore.Routing.EndpointMiddleware[0]
      Executing endpoint 'HTTP: GET /api/task/v1/task/getVehicleInfo/{deviceKey}'
info: Microsoft.AspNetCore.Http.Result.JsonResult[3]
      Writing value of type '<>f__AnonymousType7`2' as Json.
info: Microsoft.AspNetCore.Routing.EndpointMiddleware[1]
      Executed endpoint 'HTTP: GET /api/task/v1/task/getVehicleInfo/{deviceKey}'
info: Microsoft.AspNetCore.Hosting.Diagnostics[2]
      Request finished HTTP/1.1 GET http://127.0.0.1:48408/api/task/v1/task/getVehicleInfo/BROKERX-L2-0001 - 200 - application/json;+charset=utf-8 0.1821ms
info: Microsoft.AspNetCore.Hosting.Diagnostics[1]
      Request starting HTTP/1.1 GET http://127.0.0.1:48408/api/order/v1/orderRecord?pageNum=1&pageSize=100&filterByState=1&filterByState=3&filterByState=7&filterByState=9 - - -
info: Microsoft.AspNetCore.Routing.EndpointMiddleware[0]
      Executing endpoint 'HTTP: GET /api/order/v1/orderRecord'
info: Microsoft.AspNetCore.Http.Result.JsonResult[3]
      Writing value of type '<>f__AnonymousType5`3' as Json.
info: Microsoft.AspNetCore.Routing.EndpointMiddleware[1]
      Executed endpoint 'HTTP: GET /api/order/v1/orderRecord'
info: Microsoft.AspNetCore.Hosting.Diagnostics[2]
      Request finished HTTP/1.1 GET http://127.0.0.1:48408/api/order/v1/orderRecord?pageNum=1&pageSize=100&filterByState=1&filterByState=3&filterByState=7&filterByState=9 - 200 - application/json;+charset=utf-8 5.8393ms
info: Microsoft.AspNetCore.Hosting.Diagnostics[1]
      Request starting HTTP/1.1 GET http://127.0.0.1:48408/api/imap/v1/mapInfo/stations/25 - - -
info: Microsoft.AspNetCore.Routing.EndpointMiddleware[0]
      Executing endpoint 'HTTP: GET /api/imap/v1/mapInfo/stations/{mapId:int}'
info: Microsoft.AspNetCore.Http.Result.JsonResult[3]
      Writing value of type '<>f__AnonymousType5`3' as Json.
info: Microsoft.AspNetCore.Routing.EndpointMiddleware[1]
      Executed endpoint 'HTTP: GET /api/imap/v1/mapInfo/stations/{mapId:int}'
info: Microsoft.AspNetCore.Hosting.Diagnostics[2]
      Request finished HTTP/1.1 GET http://127.0.0.1:48408/api/imap/v1/mapInfo/stations/25 - 200 - application/json;+charset=utf-8 0.2609ms
info: Microsoft.AspNetCore.Hosting.Diagnostics[1]
      Request starting HTTP/1.1 GET http://127.0.0.1:48408/api/task/vehicles/getVehicleInfoByDeviceKey?key=BROKERX-L2-0001 - - -
info: Microsoft.AspNetCore.Routing.EndpointMiddleware[0]
      Executing endpoint 'HTTP: GET /api/task/vehicles/getVehicleInfoByDeviceKey'
info: Microsoft.AspNetCore.Http.Result.JsonResult[3]
      Writing value of type '<>f__AnonymousType5`3' as Json.
info: Microsoft.AspNetCore.Routing.EndpointMiddleware[1]
      Executed endpoint 'HTTP: GET /api/task/vehicles/getVehicleInfoByDeviceKey'
info: Microsoft.AspNetCore.Hosting.Diagnostics[2]
      Request finished HTTP/1.1 GET http://127.0.0.1:48408/api/task/vehicles/getVehicleInfoByDeviceKey?key=BROKERX-L2-0001 - 200 - application/json;+charset=utf-8 0.1960ms
info: Microsoft.AspNetCore.Hosting.Diagnostics[1]
      Request starting HTTP/1.1 GET http://127.0.0.1:48408/api/task/v1/task/getVehicleInfo/BROKERX-L2-0001 - - -
info: Microsoft.AspNetCore.Routing.EndpointMiddleware[0]
      Executing endpoint 'HTTP: GET /api/task/v1/task/getVehicleInfo/{deviceKey}'
info: Microsoft.AspNetCore.Http.Result.JsonResult[3]
      Writing value of type '<>f__AnonymousType7`2' as Json.
info: Microsoft.AspNetCore.Routing.EndpointMiddleware[1]
      Executed endpoint 'HTTP: GET /api/task/v1/task/getVehicleInfo/{deviceKey}'
info: Microsoft.AspNetCore.Hosting.Diagnostics[2]
      Request finished HTTP/1.1 GET http://127.0.0.1:48408/api/task/v1/task/getVehicleInfo/BROKERX-L2-0001 - 200 - application/json;+charset=utf-8 0.2296ms
info: Microsoft.AspNetCore.Hosting.Diagnostics[1]
      Request starting HTTP/1.1 GET http://127.0.0.1:48408/api/order/v1/orderRecord?pageNum=1&pageSize=100&filterByState=1&filterByState=3&filterByState=7&filterByState=9 - - -
info: Microsoft.AspNetCore.Routing.EndpointMiddleware[0]
      Executing endpoint 'HTTP: GET /api/order/v1/orderRecord'
info: Microsoft.AspNetCore.Http.Result.JsonResult[3]
      Writing value of type '<>f__AnonymousType5`3' as Json.
info: Microsoft.AspNetCore.Routing.EndpointMiddleware[1]
      Executed endpoint 'HTTP: GET /api/order/v1/orderRecord'
info: Microsoft.AspNetCore.Hosting.Diagnostics[2]
      Request finished HTTP/1.1 GET http://127.0.0.1:48408/api/order/v1/orderRecord?pageNum=1&pageSize=100&filterByState=1&filterByState=3&filterByState=7&filterByState=9 - 200 - application/json;+charset=utf-8 0.8891ms
info: Microsoft.AspNetCore.Hosting.Diagnostics[1]
      Request starting HTTP/1.1 GET http://127.0.0.1:48408/api/imap/v1/mapInfo/stations/25 - - -
info: Microsoft.AspNetCore.Routing.EndpointMiddleware[0]
      Executing endpoint 'HTTP: GET /api/imap/v1/mapInfo/stations/{mapId:int}'
info: Microsoft.AspNetCore.Http.Result.JsonResult[3]
      Writing value of type '<>f__AnonymousType5`3' as Json.
info: Microsoft.AspNetCore.Routing.EndpointMiddleware[1]
      Executed endpoint 'HTTP: GET /api/imap/v1/mapInfo/stations/{mapId:int}'
info: Microsoft.AspNetCore.Hosting.Diagnostics[2]
      Request finished HTTP/1.1 GET http://127.0.0.1:48408/api/imap/v1/mapInfo/stations/25 - 200 - application/json;+charset=utf-8 0.5307ms
info: Microsoft.AspNetCore.Hosting.Diagnostics[1]
      Request starting HTTP/1.1 GET http://127.0.0.1:48408/api/task/v1/task/getVehicleInfo/BROKERX-L2-0001 - - -
info: Microsoft.AspNetCore.Routing.EndpointMiddleware[0]
      Executing endpoint 'HTTP: GET /api/task/v1/task/getVehicleInfo/{deviceKey}'
info: Microsoft.AspNetCore.Http.Result.JsonResult[3]
      Writing value of type '<>f__AnonymousType7`2' as Json.
info: Microsoft.AspNetCore.Routing.EndpointMiddleware[1]
      Executed endpoint 'HTTP: GET /api/task/v1/task/getVehicleInfo/{deviceKey}'
info: Microsoft.AspNetCore.Hosting.Diagnostics[2]
      Request finished HTTP/1.1 GET http://127.0.0.1:48408/api/task/v1/task/getVehicleInfo/BROKERX-L2-0001 - 200 - application/json;+charset=utf-8 0.1995ms
info: Microsoft.AspNetCore.Hosting.Diagnostics[1]
      Request starting HTTP/1.1 GET http://127.0.0.1:48408/api/order/v1/orderRecord?pageNum=1&pageSize=100&filterByState=1&filterByState=3&filterByState=7&filterByState=9 - - -
info: Microsoft.AspNetCore.Routing.EndpointMiddleware[0]
      Executing endpoint 'HTTP: GET /api/order/v1/orderRecord'
info: Microsoft.AspNetCore.Http.Result.JsonResult[3]
      Writing value of type '<>f__AnonymousType5`3' as Json.
info: Microsoft.AspNetCore.Routing.EndpointMiddleware[1]
      Executed endpoint 'HTTP: GET /api/order/v1/orderRecord'
info: Microsoft.AspNetCore.Hosting.Diagnostics[2]
      Request finished HTTP/1.1 GET http://127.0.0.1:48408/api/order/v1/orderRecord?pageNum=1&pageSize=100&filterByState=1&filterByState=3&filterByState=7&filterByState=9 - 200 - application/json;+charset=utf-8 0.2756ms
info: Microsoft.AspNetCore.Hosting.Diagnostics[1]
      Request starting HTTP/1.1 GET http://127.0.0.1:48408/api/task/vehicles/getVehicleInfoByDeviceKey?key=BROKERX-L2-0001 - - -
info: Microsoft.AspNetCore.Routing.EndpointMiddleware[0]
      Executing endpoint 'HTTP: GET /api/task/vehicles/getVehicleInfoByDeviceKey'
info: Microsoft.AspNetCore.Http.Result.JsonResult[3]
      Writing value of type '<>f__AnonymousType5`3' as Json.
info: Microsoft.AspNetCore.Routing.EndpointMiddleware[1]
      Executed endpoint 'HTTP: GET /api/task/vehicles/getVehicleInfoByDeviceKey'
info: Microsoft.AspNetCore.Hosting.Diagnostics[2]
      Request finished HTTP/1.1 GET http://127.0.0.1:48408/api/task/vehicles/getVehicleInfoByDeviceKey?key=BROKERX-L2-0001 - 200 - application/json;+charset=utf-8 0.2790ms
info: Microsoft.AspNetCore.Hosting.Diagnostics[1]
      Request starting HTTP/1.1 GET http://127.0.0.1:48408/control/v1/snapshot - - -
info: Microsoft.AspNetCore.Routing.EndpointMiddleware[0]
      Executing endpoint 'HTTP: GET /control/v1/snapshot'
info: Microsoft.AspNetCore.Http.Result.JsonResult[3]
      Writing value of type '<>f__AnonymousType0`6' as Json.
info: Microsoft.AspNetCore.Routing.EndpointMiddleware[1]
      Executed endpoint 'HTTP: GET /control/v1/snapshot'
info: Microsoft.AspNetCore.Hosting.Diagnostics[2]
      Request finished HTTP/1.1 GET http://127.0.0.1:48408/control/v1/snapshot - 200 - application/json;+charset=utf-8 74.4652ms
info: Microsoft.AspNetCore.Hosting.Diagnostics[1]
      Request starting HTTP/1.1 GET http://127.0.0.1:48408/api/imap/v1/mapInfo/stations/25 - - -
info: Microsoft.AspNetCore.Routing.EndpointMiddleware[0]
      Executing endpoint 'HTTP: GET /api/imap/v1/mapInfo/stations/{mapId:int}'
info: Microsoft.AspNetCore.Http.Result.JsonResult[3]
      Writing value of type '<>f__AnonymousType5`3' as Json.
info: Microsoft.AspNetCore.Routing.EndpointMiddleware[1]
      Executed endpoint 'HTTP: GET /api/imap/v1/mapInfo/stations/{mapId:int}'
info: Microsoft.AspNetCore.Hosting.Diagnostics[2]
      Request finished HTTP/1.1 GET http://127.0.0.1:48408/api/imap/v1/mapInfo/stations/25 - 200 - application/json;+charset=utf-8 0.3443ms
info: Microsoft.AspNetCore.Hosting.Diagnostics[1]
      Request starting HTTP/1.1 GET http://127.0.0.1:48408/api/task/vehicles/getVehicleInfoByDeviceKey?key=BROKERX-L2-0001 - - -
info: Microsoft.AspNetCore.Routing.EndpointMiddleware[0]
      Executing endpoint 'HTTP: GET /api/task/vehicles/getVehicleInfoByDeviceKey'
info: Microsoft.AspNetCore.Http.Result.JsonResult[3]
      Writing value of type '<>f__AnonymousType5`3' as Json.
info: Microsoft.AspNetCore.Routing.EndpointMiddleware[1]
      Executed endpoint 'HTTP: GET /api/task/vehicles/getVehicleInfoByDeviceKey'
info: Microsoft.AspNetCore.Hosting.Diagnostics[2]
      Request finished HTTP/1.1 GET http://127.0.0.1:48408/api/task/vehicles/getVehicleInfoByDeviceKey?key=BROKERX-L2-0001 - 200 - application/json;+charset=utf-8 0.8410ms
info: Microsoft.AspNetCore.Hosting.Diagnostics[1]
      Request starting HTTP/1.1 GET http://127.0.0.1:48408/api/task/v1/task/getVehicleInfo/BROKERX-L2-0001 - - -
info: Microsoft.AspNetCore.Routing.EndpointMiddleware[0]
      Executing endpoint 'HTTP: GET /api/task/v1/task/getVehicleInfo/{deviceKey}'
info: Microsoft.AspNetCore.Http.Result.JsonResult[3]
      Writing value of type '<>f__AnonymousType7`2' as Json.
info: Microsoft.AspNetCore.Routing.EndpointMiddleware[1]
      Executed endpoint 'HTTP: GET /api/task/v1/task/getVehicleInfo/{deviceKey}'
info: Microsoft.AspNetCore.Hosting.Diagnostics[2]
      Request finished HTTP/1.1 GET http://127.0.0.1:48408/api/task/v1/task/getVehicleInfo/BROKERX-L2-0001 - 200 - application/json;+charset=utf-8 0.1975ms
info: Microsoft.AspNetCore.Hosting.Diagnostics[1]
      Request starting HTTP/1.1 GET http://127.0.0.1:48408/api/order/v1/orderRecord?pageNum=1&pageSize=100&filterByState=1&filterByState=3&filterByState=7&filterByState=9 - - -
info: Microsoft.AspNetCore.Routing.EndpointMiddleware[0]
      Executing endpoint 'HTTP: GET /api/order/v1/orderRecord'
info: Microsoft.AspNetCore.Http.Result.JsonResult[3]
      Writing value of type '<>f__AnonymousType5`3' as Json.
info: Microsoft.AspNetCore.Routing.EndpointMiddleware[1]
      Executed endpoint 'HTTP: GET /api/order/v1/orderRecord'
info: Microsoft.AspNetCore.Hosting.Diagnostics[2]
      Request finished HTTP/1.1 GET http://127.0.0.1:48408/api/order/v1/orderRecord?pageNum=1&pageSize=100&filterByState=1&filterByState=3&filterByState=7&filterByState=9 - 200 - application/json;+charset=utf-8 0.2903ms
info: Microsoft.AspNetCore.Hosting.Diagnostics[1]
      Request starting HTTP/1.1 GET http://127.0.0.1:48408/api/imap/v1/mapInfo/stations/25 - - -
info: Microsoft.AspNetCore.Routing.EndpointMiddleware[0]
      Executing endpoint 'HTTP: GET /api/imap/v1/mapInfo/stations/{mapId:int}'
info: Microsoft.AspNetCore.Http.Result.JsonResult[3]
      Writing value of type '<>f__AnonymousType5`3' as Json.
info: Microsoft.AspNetCore.Routing.EndpointMiddleware[1]
      Executed endpoint 'HTTP: GET /api/imap/v1/mapInfo/stations/{mapId:int}'
info: Microsoft.AspNetCore.Hosting.Diagnostics[2]
      Request finished HTTP/1.1 GET http://127.0.0.1:48408/api/imap/v1/mapInfo/stations/25 - 200 - application/json;+charset=utf-8 0.2217ms
info: Microsoft.AspNetCore.Hosting.Diagnostics[1]
      Request starting HTTP/1.1 GET http://127.0.0.1:48408/api/task/vehicles/getVehicleInfoByDeviceKey?key=BROKERX-L2-0001 - - -
info: Microsoft.AspNetCore.Routing.EndpointMiddleware[0]
      Executing endpoint 'HTTP: GET /api/task/vehicles/getVehicleInfoByDeviceKey'
info: Microsoft.AspNetCore.Http.Result.JsonResult[3]
      Writing value of type '<>f__AnonymousType5`3' as Json.
info: Microsoft.AspNetCore.Routing.EndpointMiddleware[1]
      Executed endpoint 'HTTP: GET /api/task/vehicles/getVehicleInfoByDeviceKey'
info: Microsoft.AspNetCore.Hosting.Diagnostics[2]
      Request finished HTTP/1.1 GET http://127.0.0.1:48408/api/task/vehicles/getVehicleInfoByDeviceKey?key=BROKERX-L2-0001 - 200 - application/json;+charset=utf-8 0.2497ms
info: Microsoft.AspNetCore.Hosting.Diagnostics[1]
      Request starting HTTP/1.1 GET http://127.0.0.1:48408/api/task/v1/task/getVehicleInfo/BROKERX-L2-0001 - - -
info: Microsoft.AspNetCore.Routing.EndpointMiddleware[0]
      Executing endpoint 'HTTP: GET /api/task/v1/task/getVehicleInfo/{deviceKey}'
info: Microsoft.AspNetCore.Http.Result.JsonResult[3]
      Writing value of type '<>f__AnonymousType7`2' as Json.
info: Microsoft.AspNetCore.Routing.EndpointMiddleware[1]
      Executed endpoint 'HTTP: GET /api/task/v1/task/getVehicleInfo/{deviceKey}'
info: Microsoft.AspNetCore.Hosting.Diagnostics[2]
      Request finished HTTP/1.1 GET http://127.0.0.1:48408/api/task/v1/task/getVehicleInfo/BROKERX-L2-0001 - 200 - application/json;+charset=utf-8 0.1720ms
info: Microsoft.AspNetCore.Hosting.Diagnostics[1]
      Request starting HTTP/1.1 GET http://127.0.0.1:48408/api/order/v1/orderRecord?pageNum=1&pageSize=100&filterByState=1&filterByState=3&filterByState=7&filterByState=9 - - -
info: Microsoft.AspNetCore.Routing.EndpointMiddleware[0]
      Executing endpoint 'HTTP: GET /api/order/v1/orderRecord'
info: Microsoft.AspNetCore.Http.Result.JsonResult[3]
      Writing value of type '<>f__AnonymousType5`3' as Json.
info: Microsoft.AspNetCore.Routing.EndpointMiddleware[1]
      Executed endpoint 'HTTP: GET /api/order/v1/orderRecord'
info: Microsoft.AspNetCore.Hosting.Diagnostics[2]
      Request finished HTTP/1.1 GET http://127.0.0.1:48408/api/order/v1/orderRecord?pageNum=1&pageSize=100&filterByState=1&filterByState=3&filterByState=7&filterByState=9 - 200 - application/json;+charset=utf-8 0.8916ms
info: Microsoft.AspNetCore.Hosting.Diagnostics[1]
      Request starting HTTP/1.1 GET http://127.0.0.1:48408/api/imap/v1/mapInfo/stations/25 - - -
info: Microsoft.AspNetCore.Routing.EndpointMiddleware[0]
      Executing endpoint 'HTTP: GET /api/imap/v1/mapInfo/stations/{mapId:int}'
info: Microsoft.AspNetCore.Http.Result.JsonResult[3]
      Writing value of type '<>f__AnonymousType5`3' as Json.
info: Microsoft.AspNetCore.Routing.EndpointMiddleware[1]
      Executed endpoint 'HTTP: GET /api/imap/v1/mapInfo/stations/{mapId:int}'
info: Microsoft.AspNetCore.Hosting.Diagnostics[2]
      Request finished HTTP/1.1 GET http://127.0.0.1:48408/api/imap/v1/mapInfo/stations/25 - 200 - application/json;+charset=utf-8 0.2416ms
info: Microsoft.AspNetCore.Hosting.Diagnostics[1]
      Request starting HTTP/1.1 GET http://127.0.0.1:48408/api/task/vehicles/getVehicleInfoByDeviceKey?key=BROKERX-L2-0001 - - -
info: Microsoft.AspNetCore.Routing.EndpointMiddleware[0]
      Executing endpoint 'HTTP: GET /api/task/vehicles/getVehicleInfoByDeviceKey'
info: Microsoft.AspNetCore.Http.Result.JsonResult[3]
      Writing value of type '<>f__AnonymousType5`3' as Json.
info: Microsoft.AspNetCore.Routing.EndpointMiddleware[1]
      Executed endpoint 'HTTP: GET /api/task/vehicles/getVehicleInfoByDeviceKey'
info: Microsoft.AspNetCore.Hosting.Diagnostics[2]
      Request finished HTTP/1.1 GET http://127.0.0.1:48408/api/task/vehicles/getVehicleInfoByDeviceKey?key=BROKERX-L2-0001 - 200 - application/json;+charset=utf-8 0.2648ms
info: Microsoft.AspNetCore.Hosting.Diagnostics[1]
      Request starting HTTP/1.1 GET http://127.0.0.1:48408/api/task/v1/task/getVehicleInfo/BROKERX-L2-0001 - - -
info: Microsoft.AspNetCore.Routing.EndpointMiddleware[0]
      Executing endpoint 'HTTP: GET /api/task/v1/task/getVehicleInfo/{deviceKey}'
info: Microsoft.AspNetCore.Http.Result.JsonResult[3]
      Writing value of type '<>f__AnonymousType7`2' as Json.
info: Microsoft.AspNetCore.Routing.EndpointMiddleware[1]
      Executed endpoint 'HTTP: GET /api/task/v1/task/getVehicleInfo/{deviceKey}'
info: Microsoft.AspNetCore.Hosting.Diagnostics[2]
      Request finished HTTP/1.1 GET http://127.0.0.1:48408/api/task/v1/task/getVehicleInfo/BROKERX-L2-0001 - 200 - application/json;+charset=utf-8 0.2240ms
info: Microsoft.AspNetCore.Hosting.Diagnostics[1]
      Request starting HTTP/1.1 GET http://127.0.0.1:48408/api/order/v1/orderRecord?pageNum=1&pageSize=100&filterByState=1&filterByState=3&filterByState=7&filterByState=9 - - -
info: Microsoft.AspNetCore.Routing.EndpointMiddleware[0]
      Executing endpoint 'HTTP: GET /api/order/v1/orderRecord'
info: Microsoft.AspNetCore.Http.Result.JsonResult[3]
      Writing value of type '<>f__AnonymousType5`3' as Json.
info: Microsoft.AspNetCore.Routing.EndpointMiddleware[1]
      Executed endpoint 'HTTP: GET /api/order/v1/orderRecord'
info: Microsoft.AspNetCore.Hosting.Diagnostics[2]
      Request finished HTTP/1.1 GET http://127.0.0.1:48408/api/order/v1/orderRecord?pageNum=1&pageSize=100&filterByState=1&filterByState=3&filterByState=7&filterByState=9 - 200 - application/json;+charset=utf-8 0.2234ms
info: Microsoft.AspNetCore.Hosting.Diagnostics[1]
      Request starting HTTP/1.1 GET http://127.0.0.1:48408/api/imap/v1/mapInfo/stations/25 - - -
info: Microsoft.AspNetCore.Routing.EndpointMiddleware[0]
      Executing endpoint 'HTTP: GET /api/imap/v1/mapInfo/stations/{mapId:int}'
info: Microsoft.AspNetCore.Http.Result.JsonResult[3]
      Writing value of type '<>f__AnonymousType5`3' as Json.
info: Microsoft.AspNetCore.Routing.EndpointMiddleware[1]
      Executed endpoint 'HTTP: GET /api/imap/v1/mapInfo/stations/{mapId:int}'
info: Microsoft.AspNetCore.Hosting.Diagnostics[2]
      Request finished HTTP/1.1 GET http://127.0.0.1:48408/api/imap/v1/mapInfo/stations/25 - 200 - application/json;+charset=utf-8 0.3967ms
info: Microsoft.AspNetCore.Hosting.Diagnostics[1]
      Request starting HTTP/1.1 GET http://127.0.0.1:48408/api/task/vehicles/getVehicleInfoByDeviceKey?key=BROKERX-L2-0001 - - -
info: Microsoft.AspNetCore.Routing.EndpointMiddleware[0]
      Executing endpoint 'HTTP: GET /api/task/vehicles/getVehicleInfoByDeviceKey'
info: Microsoft.AspNetCore.Http.Result.JsonResult[3]
      Writing value of type '<>f__AnonymousType5`3' as Json.
info: Microsoft.AspNetCore.Routing.EndpointMiddleware[1]
      Executed endpoint 'HTTP: GET /api/task/vehicles/getVehicleInfoByDeviceKey'
info: Microsoft.AspNetCore.Hosting.Diagnostics[2]
      Request finished HTTP/1.1 GET http://127.0.0.1:48408/api/task/vehicles/getVehicleInfoByDeviceKey?key=BROKERX-L2-0001 - 200 - application/json;+charset=utf-8 0.2755ms
info: Microsoft.AspNetCore.Hosting.Diagnostics[1]
      Request starting HTTP/1.1 GET http://127.0.0.1:48408/api/task/v1/task/getVehicleInfo/BROKERX-L2-0001 - - -
info: Microsoft.AspNetCore.Routing.EndpointMiddleware[0]
      Executing endpoint 'HTTP: GET /api/task/v1/task/getVehicleInfo/{deviceKey}'
info: Microsoft.AspNetCore.Http.Result.JsonResult[3]
      Writing value of type '<>f__AnonymousType7`2' as Json.
info: Microsoft.AspNetCore.Routing.EndpointMiddleware[1]
      Executed endpoint 'HTTP: GET /api/task/v1/task/getVehicleInfo/{deviceKey}'
info: Microsoft.AspNetCore.Hosting.Diagnostics[2]
      Request finished HTTP/1.1 GET http://127.0.0.1:48408/api/task/v1/task/getVehicleInfo/BROKERX-L2-0001 - 200 - application/json;+charset=utf-8 0.1759ms
info: Microsoft.AspNetCore.Hosting.Diagnostics[1]
      Request starting HTTP/1.1 GET http://127.0.0.1:48408/api/order/v1/orderRecord?pageNum=1&pageSize=100&filterByState=1&filterByState=3&filterByState=7&filterByState=9 - - -
info: Microsoft.AspNetCore.Routing.EndpointMiddleware[0]
      Executing endpoint 'HTTP: GET /api/order/v1/orderRecord'
info: Microsoft.AspNetCore.Http.Result.JsonResult[3]
      Writing value of type '<>f__AnonymousType5`3' as Json.
info: Microsoft.AspNetCore.Routing.EndpointMiddleware[1]
      Executed endpoint 'HTTP: GET /api/order/v1/orderRecord'
info: Microsoft.AspNetCore.Hosting.Diagnostics[2]
      Request finished HTTP/1.1 GET http://127.0.0.1:48408/api/order/v1/orderRecord?pageNum=1&pageSize=100&filterByState=1&filterByState=3&filterByState=7&filterByState=9 - 200 - application/json;+charset=utf-8 0.2564ms
info: Microsoft.AspNetCore.Hosting.Diagnostics[1]
      Request starting HTTP/1.1 GET http://127.0.0.1:48408/api/imap/v1/mapInfo/stations/25 - - -
info: Microsoft.AspNetCore.Routing.EndpointMiddleware[0]
      Executing endpoint 'HTTP: GET /api/imap/v1/mapInfo/stations/{mapId:int}'
info: Microsoft.AspNetCore.Http.Result.JsonResult[3]
      Writing value of type '<>f__AnonymousType5`3' as Json.
info: Microsoft.AspNetCore.Routing.EndpointMiddleware[1]
      Executed endpoint 'HTTP: GET /api/imap/v1/mapInfo/stations/{mapId:int}'
info: Microsoft.AspNetCore.Hosting.Diagnostics[2]
      Request finished HTTP/1.1 GET http://127.0.0.1:48408/api/imap/v1/mapInfo/stations/25 - 200 - application/json;+charset=utf-8 0.2437ms
info: Microsoft.AspNetCore.Hosting.Diagnostics[1]
      Request starting HTTP/1.1 GET http://127.0.0.1:48408/api/task/vehicles/getVehicleInfoByDeviceKey?key=BROKERX-L2-0001 - - -
info: Microsoft.AspNetCore.Routing.EndpointMiddleware[0]
      Executing endpoint 'HTTP: GET /api/task/vehicles/getVehicleInfoByDeviceKey'
info: Microsoft.AspNetCore.Http.Result.JsonResult[3]
      Writing value of type '<>f__AnonymousType5`3' as Json.
info: Microsoft.AspNetCore.Routing.EndpointMiddleware[1]
      Executed endpoint 'HTTP: GET /api/task/vehicles/getVehicleInfoByDeviceKey'
info: Microsoft.AspNetCore.Hosting.Diagnostics[2]
      Request finished HTTP/1.1 GET http://127.0.0.1:48408/api/task/vehicles/getVehicleInfoByDeviceKey?key=BROKERX-L2-0001 - 200 - application/json;+charset=utf-8 0.1952ms
info: Microsoft.AspNetCore.Hosting.Diagnostics[1]
      Request starting HTTP/1.1 GET http://127.0.0.1:48408/api/imap/v1/mapInfo/stations/25 - - -
info: Microsoft.AspNetCore.Routing.EndpointMiddleware[0]
      Executing endpoint 'HTTP: GET /api/imap/v1/mapInfo/stations/{mapId:int}'
info: Microsoft.AspNetCore.Http.Result.JsonResult[3]
      Writing value of type '<>f__AnonymousType5`3' as Json.
info: Microsoft.AspNetCore.Routing.EndpointMiddleware[1]
      Executed endpoint 'HTTP: GET /api/imap/v1/mapInfo/stations/{mapId:int}'
info: Microsoft.AspNetCore.Hosting.Diagnostics[2]
      Request finished HTTP/1.1 GET http://127.0.0.1:48408/api/imap/v1/mapInfo/stations/25 - 200 - application/json;+charset=utf-8 0.3694ms
info: Microsoft.AspNetCore.Hosting.Diagnostics[1]
      Request starting HTTP/1.1 GET http://127.0.0.1:48408/api/task/v1/task/getVehicleInfo/BROKERX-L2-0001 - - -
info: Microsoft.AspNetCore.Routing.EndpointMiddleware[0]
      Executing endpoint 'HTTP: GET /api/task/v1/task/getVehicleInfo/{deviceKey}'
info: Microsoft.AspNetCore.Http.Result.JsonResult[3]
      Writing value of type '<>f__AnonymousType7`2' as Json.
info: Microsoft.AspNetCore.Routing.EndpointMiddleware[1]
      Executed endpoint 'HTTP: GET /api/task/v1/task/getVehicleInfo/{deviceKey}'
info: Microsoft.AspNetCore.Hosting.Diagnostics[2]
      Request finished HTTP/1.1 GET http://127.0.0.1:48408/api/task/v1/task/getVehicleInfo/BROKERX-L2-0001 - 200 - application/json;+charset=utf-8 0.0757ms
info: Microsoft.AspNetCore.Hosting.Diagnostics[1]
      Request starting HTTP/1.1 GET http://127.0.0.1:48408/api/order/v1/orderRecord?pageNum=1&pageSize=100&filterByState=1&filterByState=3&filterByState=7&filterByState=9 - - -
info: Microsoft.AspNetCore.Routing.EndpointMiddleware[0]
      Executing endpoint 'HTTP: GET /api/order/v1/orderRecord'
info: Microsoft.AspNetCore.Http.Result.JsonResult[3]
      Writing value of type '<>f__AnonymousType5`3' as Json.
info: Microsoft.AspNetCore.Routing.EndpointMiddleware[1]
      Executed endpoint 'HTTP: GET /api/order/v1/orderRecord'
info: Microsoft.AspNetCore.Hosting.Diagnostics[2]
      Request finished HTTP/1.1 GET http://127.0.0.1:48408/api/order/v1/orderRecord?pageNum=1&pageSize=100&filterByState=1&filterByState=3&filterByState=7&filterByState=9 - 200 - application/json;+charset=utf-8 0.2529ms
info: Microsoft.AspNetCore.Hosting.Diagnostics[1]
      Request starting HTTP/1.1 GET http://127.0.0.1:48408/api/task/vehicles/getVehicleInfoByDeviceKey?key=BROKERX-L2-0001 - - -
info: Microsoft.AspNetCore.Routing.EndpointMiddleware[0]
      Executing endpoint 'HTTP: GET /api/task/vehicles/getVehicleInfoByDeviceKey'
info: Microsoft.AspNetCore.Http.Result.JsonResult[3]
      Writing value of type '<>f__AnonymousType5`3' as Json.
info: Microsoft.AspNetCore.Routing.EndpointMiddleware[1]
      Executed endpoint 'HTTP: GET /api/task/vehicles/getVehicleInfoByDeviceKey'
info: Microsoft.AspNetCore.Hosting.Diagnostics[2]
      Request finished HTTP/1.1 GET http://127.0.0.1:48408/api/task/vehicles/getVehicleInfoByDeviceKey?key=BROKERX-L2-0001 - 200 - application/json;+charset=utf-8 0.1897ms
info: Microsoft.AspNetCore.Hosting.Diagnostics[1]
      Request starting HTTP/1.1 GET http://127.0.0.1:48408/api/imap/v1/mapInfo/stations/25 - - -
info: Microsoft.AspNetCore.Routing.EndpointMiddleware[0]
      Executing endpoint 'HTTP: GET /api/imap/v1/mapInfo/stations/{mapId:int}'
info: Microsoft.AspNetCore.Http.Result.JsonResult[3]
      Writing value of type '<>f__AnonymousType5`3' as Json.
info: Microsoft.AspNetCore.Routing.EndpointMiddleware[1]
      Executed endpoint 'HTTP: GET /api/imap/v1/mapInfo/stations/{mapId:int}'
info: Microsoft.AspNetCore.Hosting.Diagnostics[2]
      Request finished HTTP/1.1 GET http://127.0.0.1:48408/api/imap/v1/mapInfo/stations/25 - 200 - application/json;+charset=utf-8 0.3697ms
info: Microsoft.AspNetCore.Hosting.Diagnostics[1]
      Request starting HTTP/1.1 GET http://127.0.0.1:48408/api/task/v1/task/getVehicleInfo/BROKERX-L2-0001 - - -
info: Microsoft.AspNetCore.Routing.EndpointMiddleware[0]
      Executing endpoint 'HTTP: GET /api/task/v1/task/getVehicleInfo/{deviceKey}'
info: Microsoft.AspNetCore.Http.Result.JsonResult[3]
      Writing value of type '<>f__AnonymousType7`2' as Json.
info: Microsoft.AspNetCore.Routing.EndpointMiddleware[1]
      Executed endpoint 'HTTP: GET /api/task/v1/task/getVehicleInfo/{deviceKey}'
info: Microsoft.AspNetCore.Hosting.Diagnostics[2]
      Request finished HTTP/1.1 GET http://127.0.0.1:48408/api/task/v1/task/getVehicleInfo/BROKERX-L2-0001 - 200 - application/json;+charset=utf-8 0.1570ms
info: Microsoft.AspNetCore.Hosting.Diagnostics[1]
      Request starting HTTP/1.1 GET http://127.0.0.1:48408/api/task/vehicles/getVehicleInfoByDeviceKey?key=BROKERX-L2-0001 - - -
info: Microsoft.AspNetCore.Routing.EndpointMiddleware[0]
      Executing endpoint 'HTTP: GET /api/task/vehicles/getVehicleInfoByDeviceKey'
info: Microsoft.AspNetCore.Http.Result.JsonResult[3]
      Writing value of type '<>f__AnonymousType5`3' as Json.
info: Microsoft.AspNetCore.Routing.EndpointMiddleware[1]
      Executed endpoint 'HTTP: GET /api/task/vehicles/getVehicleInfoByDeviceKey'
info: Microsoft.AspNetCore.Hosting.Diagnostics[2]
      Request finished HTTP/1.1 GET http://127.0.0.1:48408/api/task/vehicles/getVehicleInfoByDeviceKey?key=BROKERX-L2-0001 - 200 - application/json;+charset=utf-8 0.0675ms
info: Microsoft.AspNetCore.Hosting.Diagnostics[1]
      Request starting HTTP/1.1 GET http://127.0.0.1:48408/api/order/v1/orderRecord?pageNum=1&pageSize=100&filterByState=1&filterByState=3&filterByState=7&filterByState=9 - - -
info: Microsoft.AspNetCore.Routing.EndpointMiddleware[0]
      Executing endpoint 'HTTP: GET /api/order/v1/orderRecord'
info: Microsoft.AspNetCore.Http.Result.JsonResult[3]
      Writing value of type '<>f__AnonymousType5`3' as Json.
info: Microsoft.AspNetCore.Routing.EndpointMiddleware[1]
      Executed endpoint 'HTTP: GET /api/order/v1/orderRecord'
info: Microsoft.AspNetCore.Hosting.Diagnostics[2]
      Request finished HTTP/1.1 GET http://127.0.0.1:48408/api/order/v1/orderRecord?pageNum=1&pageSize=100&filterByState=1&filterByState=3&filterByState=7&filterByState=9 - 200 - application/json;+charset=utf-8 0.5031ms
info: Microsoft.AspNetCore.Hosting.Diagnostics[1]
      Request starting HTTP/1.1 GET http://127.0.0.1:48408/api/imap/v1/mapInfo/stations/25 - - -
info: Microsoft.AspNetCore.Routing.EndpointMiddleware[0]
      Executing endpoint 'HTTP: GET /api/imap/v1/mapInfo/stations/{mapId:int}'
info: Microsoft.AspNetCore.Http.Result.JsonResult[3]
      Writing value of type '<>f__AnonymousType5`3' as Json.
info: Microsoft.AspNetCore.Routing.EndpointMiddleware[1]
      Executed endpoint 'HTTP: GET /api/imap/v1/mapInfo/stations/{mapId:int}'
info: Microsoft.AspNetCore.Hosting.Diagnostics[2]
      Request finished HTTP/1.1 GET http://127.0.0.1:48408/api/imap/v1/mapInfo/stations/25 - 200 - application/json;+charset=utf-8 0.1909ms
info: Microsoft.AspNetCore.Hosting.Diagnostics[1]
      Request starting HTTP/1.1 GET http://127.0.0.1:48408/api/task/v1/task/getVehicleInfo/BROKERX-L2-0001 - - -
info: Microsoft.AspNetCore.Routing.EndpointMiddleware[0]
      Executing endpoint 'HTTP: GET /api/task/v1/task/getVehicleInfo/{deviceKey}'
info: Microsoft.AspNetCore.Http.Result.JsonResult[3]
      Writing value of type '<>f__AnonymousType7`2' as Json.
info: Microsoft.AspNetCore.Routing.EndpointMiddleware[1]
      Executed endpoint 'HTTP: GET /api/task/v1/task/getVehicleInfo/{deviceKey}'
info: Microsoft.AspNetCore.Hosting.Diagnostics[2]
      Request finished HTTP/1.1 GET http://127.0.0.1:48408/api/task/v1/task/getVehicleInfo/BROKERX-L2-0001 - 200 - application/json;+charset=utf-8 0.1672ms
info: Microsoft.AspNetCore.Hosting.Diagnostics[1]
      Request starting HTTP/1.1 GET http://127.0.0.1:48408/api/order/v1/orderRecord?pageNum=1&pageSize=100&filterByState=1&filterByState=3&filterByState=7&filterByState=9 - - -
info: Microsoft.AspNetCore.Routing.EndpointMiddleware[0]
      Executing endpoint 'HTTP: GET /api/order/v1/orderRecord'
info: Microsoft.AspNetCore.Http.Result.JsonResult[3]
      Writing value of type '<>f__AnonymousType5`3' as Json.
info: Microsoft.AspNetCore.Routing.EndpointMiddleware[1]
      Executed endpoint 'HTTP: GET /api/order/v1/orderRecord'
info: Microsoft.AspNetCore.Hosting.Diagnostics[2]
      Request finished HTTP/1.1 GET http://127.0.0.1:48408/api/order/v1/orderRecord?pageNum=1&pageSize=100&filterByState=1&filterByState=3&filterByState=7&filterByState=9 - 200 - application/json;+charset=utf-8 0.3068ms
info: Microsoft.AspNetCore.Hosting.Diagnostics[1]
      Request starting HTTP/1.1 GET http://127.0.0.1:48408/api/task/vehicles/getVehicleInfoByDeviceKey?key=BROKERX-L2-0001 - - -
info: Microsoft.AspNetCore.Routing.EndpointMiddleware[0]
      Executing endpoint 'HTTP: GET /api/task/vehicles/getVehicleInfoByDeviceKey'
info: Microsoft.AspNetCore.Http.Result.JsonResult[3]
      Writing value of type '<>f__AnonymousType5`3' as Json.
info: Microsoft.AspNetCore.Routing.EndpointMiddleware[1]
      Executed endpoint 'HTTP: GET /api/task/vehicles/getVehicleInfoByDeviceKey'
info: Microsoft.AspNetCore.Hosting.Diagnostics[2]
      Request finished HTTP/1.1 GET http://127.0.0.1:48408/api/task/vehicles/getVehicleInfoByDeviceKey?key=BROKERX-L2-0001 - 200 - application/json;+charset=utf-8 0.2304ms
info: Microsoft.AspNetCore.Hosting.Diagnostics[1]
      Request starting HTTP/1.1 GET http://127.0.0.1:48408/api/imap/v1/mapInfo/stations/25 - - -
info: Microsoft.AspNetCore.Routing.EndpointMiddleware[0]
      Executing endpoint 'HTTP: GET /api/imap/v1/mapInfo/stations/{mapId:int}'
info: Microsoft.AspNetCore.Http.Result.JsonResult[3]
      Writing value of type '<>f__AnonymousType5`3' as Json.
info: Microsoft.AspNetCore.Routing.EndpointMiddleware[1]
      Executed endpoint 'HTTP: GET /api/imap/v1/mapInfo/stations/{mapId:int}'
info: Microsoft.AspNetCore.Hosting.Diagnostics[2]
      Request finished HTTP/1.1 GET http://127.0.0.1:48408/api/imap/v1/mapInfo/stations/25 - 200 - application/json;+charset=utf-8 0.2544ms
info: Microsoft.AspNetCore.Hosting.Diagnostics[1]
      Request starting HTTP/1.1 GET http://127.0.0.1:48408/api/task/vehicles/getVehicleInfoByDeviceKey?key=BROKERX-L2-0001 - - -
info: Microsoft.AspNetCore.Routing.EndpointMiddleware[0]
      Executing endpoint 'HTTP: GET /api/task/vehicles/getVehicleInfoByDeviceKey'
info: Microsoft.AspNetCore.Http.Result.JsonResult[3]
      Writing value of type '<>f__AnonymousType5`3' as Json.
info: Microsoft.AspNetCore.Routing.EndpointMiddleware[1]
      Executed endpoint 'HTTP: GET /api/task/vehicles/getVehicleInfoByDeviceKey'
info: Microsoft.AspNetCore.Hosting.Diagnostics[2]
      Request finished HTTP/1.1 GET http://127.0.0.1:48408/api/task/vehicles/getVehicleInfoByDeviceKey?key=BROKERX-L2-0001 - 200 - application/json;+charset=utf-8 2.9060ms
info: Microsoft.AspNetCore.Hosting.Diagnostics[1]
      Request starting HTTP/1.1 GET http://127.0.0.1:48408/api/task/v1/task/getVehicleInfo/BROKERX-L2-0001 - - -
info: Microsoft.AspNetCore.Routing.EndpointMiddleware[0]
      Executing endpoint 'HTTP: GET /api/task/v1/task/getVehicleInfo/{deviceKey}'
info: Microsoft.AspNetCore.Http.Result.JsonResult[3]
      Writing value of type '<>f__AnonymousType7`2' as Json.
info: Microsoft.AspNetCore.Routing.EndpointMiddleware[1]
      Executed endpoint 'HTTP: GET /api/task/v1/task/getVehicleInfo/{deviceKey}'
info: Microsoft.AspNetCore.Hosting.Diagnostics[2]
      Request finished HTTP/1.1 GET http://127.0.0.1:48408/api/task/v1/task/getVehicleInfo/BROKERX-L2-0001 - 200 - application/json;+charset=utf-8 0.3485ms
info: Microsoft.AspNetCore.Hosting.Diagnostics[1]
      Request starting HTTP/1.1 GET http://127.0.0.1:48408/api/order/v1/orderRecord?pageNum=1&pageSize=100&filterByState=1&filterByState=3&filterByState=7&filterByState=9 - - -
info: Microsoft.AspNetCore.Routing.EndpointMiddleware[0]
      Executing endpoint 'HTTP: GET /api/order/v1/orderRecord'
info: Microsoft.AspNetCore.Http.Result.JsonResult[3]
      Writing value of type '<>f__AnonymousType5`3' as Json.
info: Microsoft.AspNetCore.Routing.EndpointMiddleware[1]
      Executed endpoint 'HTTP: GET /api/order/v1/orderRecord'
info: Microsoft.AspNetCore.Hosting.Diagnostics[2]
      Request finished HTTP/1.1 GET http://127.0.0.1:48408/api/order/v1/orderRecord?pageNum=1&pageSize=100&filterByState=1&filterByState=3&filterByState=7&filterByState=9 - 200 - application/json;+charset=utf-8 0.2325ms
info: Microsoft.AspNetCore.Hosting.Diagnostics[1]
      Request starting HTTP/1.1 GET http://127.0.0.1:48408/api/imap/v1/mapInfo/stations/25 - - -
info: Microsoft.AspNetCore.Routing.EndpointMiddleware[0]
      Executing endpoint 'HTTP: GET /api/imap/v1/mapInfo/stations/{mapId:int}'
info: Microsoft.AspNetCore.Http.Result.JsonResult[3]
      Writing value of type '<>f__AnonymousType5`3' as Json.
info: Microsoft.AspNetCore.Routing.EndpointMiddleware[1]
      Executed endpoint 'HTTP: GET /api/imap/v1/mapInfo/stations/{mapId:int}'
info: Microsoft.AspNetCore.Hosting.Diagnostics[2]
      Request finished HTTP/1.1 GET http://127.0.0.1:48408/api/imap/v1/mapInfo/stations/25 - 200 - application/json;+charset=utf-8 0.1892ms
info: Microsoft.AspNetCore.Hosting.Diagnostics[1]
      Request starting HTTP/1.1 GET http://127.0.0.1:48408/api/task/vehicles/getVehicleInfoByDeviceKey?key=BROKERX-L2-0001 - - -
info: Microsoft.AspNetCore.Routing.EndpointMiddleware[0]
      Executing endpoint 'HTTP: GET /api/task/vehicles/getVehicleInfoByDeviceKey'
info: Microsoft.AspNetCore.Http.Result.JsonResult[3]
      Writing value of type '<>f__AnonymousType5`3' as Json.
info: Microsoft.AspNetCore.Routing.EndpointMiddleware[1]
      Executed endpoint 'HTTP: GET /api/task/vehicles/getVehicleInfoByDeviceKey'
info: Microsoft.AspNetCore.Hosting.Diagnostics[2]
      Request finished HTTP/1.1 GET http://127.0.0.1:48408/api/task/vehicles/getVehicleInfoByDeviceKey?key=BROKERX-L2-0001 - 200 - application/json;+charset=utf-8 0.5359ms
info: Microsoft.AspNetCore.Hosting.Diagnostics[1]
      Request starting HTTP/1.1 GET http://127.0.0.1:48408/api/task/v1/task/getVehicleInfo/BROKERX-L2-0001 - - -
info: Microsoft.AspNetCore.Routing.EndpointMiddleware[0]
      Executing endpoint 'HTTP: GET /api/task/v1/task/getVehicleInfo/{deviceKey}'
info: Microsoft.AspNetCore.Http.Result.JsonResult[3]
      Writing value of type '<>f__AnonymousType7`2' as Json.
info: Microsoft.AspNetCore.Routing.EndpointMiddleware[1]
      Executed endpoint 'HTTP: GET /api/task/v1/task/getVehicleInfo/{deviceKey}'
info: Microsoft.AspNetCore.Hosting.Diagnostics[2]
      Request finished HTTP/1.1 GET http://127.0.0.1:48408/api/task/v1/task/getVehicleInfo/BROKERX-L2-0001 - 200 - application/json;+charset=utf-8 0.3601ms
info: Microsoft.AspNetCore.Hosting.Diagnostics[1]
      Request starting HTTP/1.1 GET http://127.0.0.1:48408/api/order/v1/orderRecord?pageNum=1&pageSize=100&filterByState=1&filterByState=3&filterByState=7&filterByState=9 - - -
info: Microsoft.AspNetCore.Routing.EndpointMiddleware[0]
      Executing endpoint 'HTTP: GET /api/order/v1/orderRecord'
info: Microsoft.AspNetCore.Http.Result.JsonResult[3]
      Writing value of type '<>f__AnonymousType5`3' as Json.
info: Microsoft.AspNetCore.Routing.EndpointMiddleware[1]
      Executed endpoint 'HTTP: GET /api/order/v1/orderRecord'
info: Microsoft.AspNetCore.Hosting.Diagnostics[2]
      Request finished HTTP/1.1 GET http://127.0.0.1:48408/api/order/v1/orderRecord?pageNum=1&pageSize=100&filterByState=1&filterByState=3&filterByState=7&filterByState=9 - 200 - application/json;+charset=utf-8 1.3236ms
info: Microsoft.AspNetCore.Hosting.Diagnostics[1]
      Request starting HTTP/1.1 GET http://127.0.0.1:48408/api/imap/v1/mapInfo/stations/25 - - -
info: Microsoft.AspNetCore.Routing.EndpointMiddleware[0]
      Executing endpoint 'HTTP: GET /api/imap/v1/mapInfo/stations/{mapId:int}'
info: Microsoft.AspNetCore.Http.Result.JsonResult[3]
      Writing value of type '<>f__AnonymousType5`3' as Json.
info: Microsoft.AspNetCore.Routing.EndpointMiddleware[1]
      Executed endpoint 'HTTP: GET /api/imap/v1/mapInfo/stations/{mapId:int}'
info: Microsoft.AspNetCore.Hosting.Diagnostics[2]
      Request finished HTTP/1.1 GET http://127.0.0.1:48408/api/imap/v1/mapInfo/stations/25 - 200 - application/json;+charset=utf-8 6.5039ms
info: Microsoft.AspNetCore.Hosting.Diagnostics[1]
      Request starting HTTP/1.1 GET http://127.0.0.1:48408/api/task/vehicles/getVehicleInfoByDeviceKey?key=BROKERX-L2-0001 - - -
info: Microsoft.AspNetCore.Routing.EndpointMiddleware[0]
      Executing endpoint 'HTTP: GET /api/task/vehicles/getVehicleInfoByDeviceKey'
info: Microsoft.AspNetCore.Http.Result.JsonResult[3]
      Writing value of type '<>f__AnonymousType5`3' as Json.
info: Microsoft.AspNetCore.Routing.EndpointMiddleware[1]
      Executed endpoint 'HTTP: GET /api/task/vehicles/getVehicleInfoByDeviceKey'
info: Microsoft.AspNetCore.Hosting.Diagnostics[2]
      Request finished HTTP/1.1 GET http://127.0.0.1:48408/api/task/vehicles/getVehicleInfoByDeviceKey?key=BROKERX-L2-0001 - 200 - application/json;+charset=utf-8 0.2828ms
info: Microsoft.AspNetCore.Hosting.Diagnostics[1]
      Request starting HTTP/1.1 GET http://127.0.0.1:48408/api/task/v1/task/getVehicleInfo/BROKERX-L2-0001 - - -
info: Microsoft.AspNetCore.Routing.EndpointMiddleware[0]
      Executing endpoint 'HTTP: GET /api/task/v1/task/getVehicleInfo/{deviceKey}'
info: Microsoft.AspNetCore.Http.Result.JsonResult[3]
      Writing value of type '<>f__AnonymousType7`2' as Json.
info: Microsoft.AspNetCore.Routing.EndpointMiddleware[1]
      Executed endpoint 'HTTP: GET /api/task/v1/task/getVehicleInfo/{deviceKey}'
info: Microsoft.AspNetCore.Hosting.Diagnostics[2]
      Request finished HTTP/1.1 GET http://127.0.0.1:48408/api/task/v1/task/getVehicleInfo/BROKERX-L2-0001 - 200 - application/json;+charset=utf-8 0.1760ms
info: Microsoft.AspNetCore.Hosting.Diagnostics[1]
      Request starting HTTP/1.1 GET http://127.0.0.1:48408/api/order/v1/orderRecord?pageNum=1&pageSize=100&filterByState=1&filterByState=3&filterByState=7&filterByState=9 - - -
info: Microsoft.AspNetCore.Routing.EndpointMiddleware[0]
      Executing endpoint 'HTTP: GET /api/order/v1/orderRecord'
info: Microsoft.AspNetCore.Http.Result.JsonResult[3]
      Writing value of type '<>f__AnonymousType5`3' as Json.
info: Microsoft.AspNetCore.Routing.EndpointMiddleware[1]
      Executed endpoint 'HTTP: GET /api/order/v1/orderRecord'
info: Microsoft.AspNetCore.Hosting.Diagnostics[2]
      Request finished HTTP/1.1 GET http://127.0.0.1:48408/api/order/v1/orderRecord?pageNum=1&pageSize=100&filterByState=1&filterByState=3&filterByState=7&filterByState=9 - 200 - application/json;+charset=utf-8 0.4699ms
info: Microsoft.AspNetCore.Hosting.Diagnostics[1]
      Request starting HTTP/1.1 GET http://127.0.0.1:48408/api/imap/v1/mapInfo/stations/25 - - -
info: Microsoft.AspNetCore.Routing.EndpointMiddleware[0]
      Executing endpoint 'HTTP: GET /api/imap/v1/mapInfo/stations/{mapId:int}'
info: Microsoft.AspNetCore.Http.Result.JsonResult[3]
      Writing value of type '<>f__AnonymousType5`3' as Json.
info: Microsoft.AspNetCore.Routing.EndpointMiddleware[1]
      Executed endpoint 'HTTP: GET /api/imap/v1/mapInfo/stations/{mapId:int}'
info: Microsoft.AspNetCore.Hosting.Diagnostics[2]
      Request finished HTTP/1.1 GET http://127.0.0.1:48408/api/imap/v1/mapInfo/stations/25 - 200 - application/json;+charset=utf-8 0.1896ms
info: Microsoft.AspNetCore.Hosting.Diagnostics[1]
      Request starting HTTP/1.1 GET http://127.0.0.1:48408/api/task/vehicles/getVehicleInfoByDeviceKey?key=BROKERX-L2-0001 - - -
info: Microsoft.AspNetCore.Routing.EndpointMiddleware[0]
      Executing endpoint 'HTTP: GET /api/task/vehicles/getVehicleInfoByDeviceKey'
info: Microsoft.AspNetCore.Http.Result.JsonResult[3]
      Writing value of type '<>f__AnonymousType5`3' as Json.
info: Microsoft.AspNetCore.Routing.EndpointMiddleware[1]
      Executed endpoint 'HTTP: GET /api/task/vehicles/getVehicleInfoByDeviceKey'
info: Microsoft.AspNetCore.Hosting.Diagnostics[2]
      Request finished HTTP/1.1 GET http://127.0.0.1:48408/api/task/vehicles/getVehicleInfoByDeviceKey?key=BROKERX-L2-0001 - 200 - application/json;+charset=utf-8 1.6781ms
info: Microsoft.AspNetCore.Hosting.Diagnostics[1]
      Request starting HTTP/1.1 POST http://127.0.0.1:48408/api/task/v1/route/getRouteCostsBy - application/json 60
info: Microsoft.AspNetCore.Routing.EndpointMiddleware[0]
      Executing endpoint 'HTTP: POST /api/task/v1/route/getRouteCostsBy'
info: Microsoft.AspNetCore.Http.Result.JsonResult[3]
      Writing value of type '<>f__AnonymousType5`3' as Json.
info: Microsoft.AspNetCore.Routing.EndpointMiddleware[1]
      Executed endpoint 'HTTP: POST /api/task/v1/route/getRouteCostsBy'
info: Microsoft.AspNetCore.Hosting.Diagnostics[2]
      Request finished HTTP/1.1 POST http://127.0.0.1:48408/api/task/v1/route/getRouteCostsBy - 200 - application/json;+charset=utf-8 36.6859ms
info: Microsoft.AspNetCore.Hosting.Diagnostics[1]
      Request starting HTTP/1.1 GET http://127.0.0.1:48408/api/task/vehicles/getVehicleInfoByDeviceKey?key=BROKERX-L2-0001 - - -
info: Microsoft.AspNetCore.Routing.EndpointMiddleware[0]
      Executing endpoint 'HTTP: GET /api/task/vehicles/getVehicleInfoByDeviceKey'
info: Microsoft.AspNetCore.Http.Result.JsonResult[3]
      Writing value of type '<>f__AnonymousType5`3' as Json.
info: Microsoft.AspNetCore.Routing.EndpointMiddleware[1]
      Executed endpoint 'HTTP: GET /api/task/vehicles/getVehicleInfoByDeviceKey'
info: Microsoft.AspNetCore.Hosting.Diagnostics[2]
      Request finished HTTP/1.1 GET http://127.0.0.1:48408/api/task/vehicles/getVehicleInfoByDeviceKey?key=BROKERX-L2-0001 - 200 - application/json;+charset=utf-8 0.3638ms
info: Microsoft.AspNetCore.Hosting.Diagnostics[1]
      Request starting HTTP/1.1 GET http://127.0.0.1:48408/api/task/vehicles/getVehicleInfoByDeviceKey?key=BROKERX-L2-0001 - - -
info: Microsoft.AspNetCore.Routing.EndpointMiddleware[0]
      Executing endpoint 'HTTP: GET /api/task/vehicles/getVehicleInfoByDeviceKey'
info: Microsoft.AspNetCore.Http.Result.JsonResult[3]
      Writing value of type '<>f__AnonymousType5`3' as Json.
info: Microsoft.AspNetCore.Routing.EndpointMiddleware[1]
      Executed endpoint 'HTTP: GET /api/task/vehicles/getVehicleInfoByDeviceKey'
info: Microsoft.AspNetCore.Hosting.Diagnostics[2]
      Request finished HTTP/1.1 GET http://127.0.0.1:48408/api/task/vehicles/getVehicleInfoByDeviceKey?key=BROKERX-L2-0001 - 200 - application/json;+charset=utf-8 0.1940ms
info: Microsoft.AspNetCore.Hosting.Diagnostics[1]
      Request starting HTTP/1.1 GET http://127.0.0.1:48408/api/task/v1/task/getVehicleInfo/BROKERX-L2-0001 - - -
info: Microsoft.AspNetCore.Routing.EndpointMiddleware[0]
      Executing endpoint 'HTTP: GET /api/task/v1/task/getVehicleInfo/{deviceKey}'
info: Microsoft.AspNetCore.Http.Result.JsonResult[3]
      Writing value of type '<>f__AnonymousType7`2' as Json.
info: Microsoft.AspNetCore.Routing.EndpointMiddleware[1]
      Executed endpoint 'HTTP: GET /api/task/v1/task/getVehicleInfo/{deviceKey}'
info: Microsoft.AspNetCore.Hosting.Diagnostics[2]
      Request finished HTTP/1.1 GET http://127.0.0.1:48408/api/task/v1/task/getVehicleInfo/BROKERX-L2-0001 - 200 - application/json;+charset=utf-8 0.2043ms
info: Microsoft.AspNetCore.Hosting.Diagnostics[1]
      Request starting HTTP/1.1 GET http://127.0.0.1:48408/api/order/v1/orderRecord?pageNum=1&pageSize=100&filterByState=1&filterByState=3&filterByState=7&filterByState=9 - - -
info: Microsoft.AspNetCore.Routing.EndpointMiddleware[0]
      Executing endpoint 'HTTP: GET /api/order/v1/orderRecord'
info: Microsoft.AspNetCore.Http.Result.JsonResult[3]
      Writing value of type '<>f__AnonymousType5`3' as Json.
info: Microsoft.AspNetCore.Routing.EndpointMiddleware[1]
      Executed endpoint 'HTTP: GET /api/order/v1/orderRecord'
info: Microsoft.AspNetCore.Hosting.Diagnostics[2]
      Request finished HTTP/1.1 GET http://127.0.0.1:48408/api/order/v1/orderRecord?pageNum=1&pageSize=100&filterByState=1&filterByState=3&filterByState=7&filterByState=9 - 200 - application/json;+charset=utf-8 8.2506ms
info: Microsoft.AspNetCore.Hosting.Diagnostics[1]
      Request starting HTTP/1.1 GET http://127.0.0.1:48408/api/order/v1/orderRecord/detailByUpperId/W2G-a28e4e94-1ef5-4db9-809c-e657f34bcb07-PICKUP-1 - - -
info: Microsoft.AspNetCore.Routing.EndpointMiddleware[0]
      Executing endpoint 'HTTP: GET /api/order/v1/orderRecord/detailByUpperId/{upperId}'
info: Microsoft.AspNetCore.Http.Result.NotFoundObjectResult[1]
      Setting HTTP status code 404.
info: Microsoft.AspNetCore.Routing.EndpointMiddleware[1]
      Executed endpoint 'HTTP: GET /api/order/v1/orderRecord/detailByUpperId/{upperId}'
info: Microsoft.AspNetCore.Hosting.Diagnostics[2]
      Request finished HTTP/1.1 GET http://127.0.0.1:48408/api/order/v1/orderRecord/detailByUpperId/W2G-a28e4e94-1ef5-4db9-809c-e657f34bcb07-PICKUP-1 - 404 0 - 10.8525ms
info: Microsoft.AspNetCore.Hosting.Diagnostics[1]
      Request starting HTTP/1.1 POST http://127.0.0.1:48408/api/order/v1/add/byDefaultMissions - application/json 256
info: Microsoft.AspNetCore.Routing.EndpointMiddleware[0]
      Executing endpoint 'HTTP: POST /api/order/v1/add/byDefaultMissions'
info: Microsoft.AspNetCore.Http.Result.JsonResult[3]
      Writing value of type '<>f__AnonymousType5`3' as Json.
info: Microsoft.AspNetCore.Routing.EndpointMiddleware[1]
      Executed endpoint 'HTTP: POST /api/order/v1/add/byDefaultMissions'
info: Microsoft.AspNetCore.Hosting.Diagnostics[2]
      Request finished HTTP/1.1 POST http://127.0.0.1:48408/api/order/v1/add/byDefaultMissions - 200 - application/json;+charset=utf-8 24.8280ms
info: Microsoft.AspNetCore.Hosting.Diagnostics[1]
      Request starting HTTP/1.1 GET http://127.0.0.1:48408/api/order/v1/orderRecord/detailByUpperId/W2G-a28e4e94-1ef5-4db9-809c-e657f34bcb07-PICKUP-1 - - -
info: Microsoft.AspNetCore.Routing.EndpointMiddleware[0]
      Executing endpoint 'HTTP: GET /api/order/v1/orderRecord/detailByUpperId/{upperId}'
info: Microsoft.AspNetCore.Http.Result.JsonResult[3]
      Writing value of type '<>f__AnonymousType5`3' as Json.
info: Microsoft.AspNetCore.Routing.EndpointMiddleware[1]
      Executed endpoint 'HTTP: GET /api/order/v1/orderRecord/detailByUpperId/{upperId}'
info: Microsoft.AspNetCore.Hosting.Diagnostics[2]
      Request finished HTTP/1.1 GET http://127.0.0.1:48408/api/order/v1/orderRecord/detailByUpperId/W2G-a28e4e94-1ef5-4db9-809c-e657f34bcb07-PICKUP-1 - 200 - application/json;+charset=utf-8 7.0392ms
info: Microsoft.AspNetCore.Hosting.Diagnostics[1]
      Request starting HTTP/1.1 GET http://127.0.0.1:48408/api/task/v1/task/getVehicleInfo/BROKERX-L2-0001 - - -
info: Microsoft.AspNetCore.Routing.EndpointMiddleware[0]
      Executing endpoint 'HTTP: GET /api/task/v1/task/getVehicleInfo/{deviceKey}'
info: Microsoft.AspNetCore.Http.Result.JsonResult[3]
      Writing value of type '<>f__AnonymousType7`2' as Json.
info: Microsoft.AspNetCore.Routing.EndpointMiddleware[1]
      Executed endpoint 'HTTP: GET /api/task/v1/task/getVehicleInfo/{deviceKey}'
info: Microsoft.AspNetCore.Hosting.Diagnostics[2]
      Request finished HTTP/1.1 GET http://127.0.0.1:48408/api/task/v1/task/getVehicleInfo/BROKERX-L2-0001 - 200 - application/json;+charset=utf-8 0.1740ms
info: Microsoft.AspNetCore.Hosting.Diagnostics[1]
      Request starting HTTP/1.1 GET http://127.0.0.1:48408/api/imap/v1/mapInfo/stations/25 - - -
info: Microsoft.AspNetCore.Routing.EndpointMiddleware[0]
      Executing endpoint 'HTTP: GET /api/imap/v1/mapInfo/stations/{mapId:int}'
info: Microsoft.AspNetCore.Http.Result.JsonResult[3]
      Writing value of type '<>f__AnonymousType5`3' as Json.
info: Microsoft.AspNetCore.Routing.EndpointMiddleware[1]
      Executed endpoint 'HTTP: GET /api/imap/v1/mapInfo/stations/{mapId:int}'
info: Microsoft.AspNetCore.Hosting.Diagnostics[2]
      Request finished HTTP/1.1 GET http://127.0.0.1:48408/api/imap/v1/mapInfo/stations/25 - 200 - application/json;+charset=utf-8 2.0687ms
info: Microsoft.AspNetCore.Hosting.Diagnostics[1]
      Request starting HTTP/1.1 GET http://127.0.0.1:48408/api/order/v1/orderRecord?pageNum=1&pageSize=100&filterByState=1&filterByState=3&filterByState=7&filterByState=9 - - -
info: Microsoft.AspNetCore.Routing.EndpointMiddleware[0]
      Executing endpoint 'HTTP: GET /api/order/v1/orderRecord'
info: Microsoft.AspNetCore.Http.Result.JsonResult[3]
      Writing value of type '<>f__AnonymousType5`3' as Json.
info: Microsoft.AspNetCore.Routing.EndpointMiddleware[1]
      Executed endpoint 'HTTP: GET /api/order/v1/orderRecord'
info: Microsoft.AspNetCore.Hosting.Diagnostics[2]
      Request finished HTTP/1.1 GET http://127.0.0.1:48408/api/order/v1/orderRecord?pageNum=1&pageSize=100&filterByState=1&filterByState=3&filterByState=7&filterByState=9 - 200 - application/json;+charset=utf-8 1.8244ms
info: Microsoft.AspNetCore.Hosting.Diagnostics[1]
      Request starting HTTP/1.1 GET http://127.0.0.1:48408/api/order/v1/orderRecord/detailByUpperId/W2G-a28e4e94-1ef5-4db9-809c-e657f34bcb07-PICKUP-1 - - -
info: Microsoft.AspNetCore.Routing.EndpointMiddleware[0]
      Executing endpoint 'HTTP: GET /api/order/v1/orderRecord/detailByUpperId/{upperId}'
info: Microsoft.AspNetCore.Http.Result.JsonResult[3]
      Writing value of type '<>f__AnonymousType5`3' as Json.
info: Microsoft.AspNetCore.Routing.EndpointMiddleware[1]
      Executed endpoint 'HTTP: GET /api/order/v1/orderRecord/detailByUpperId/{upperId}'
info: Microsoft.AspNetCore.Hosting.Diagnostics[2]
      Request finished HTTP/1.1 GET http://127.0.0.1:48408/api/order/v1/orderRecord/detailByUpperId/W2G-a28e4e94-1ef5-4db9-809c-e657f34bcb07-PICKUP-1 - 200 - application/json;+charset=utf-8 0.3454ms
info: Microsoft.AspNetCore.Hosting.Diagnostics[1]
      Request starting HTTP/1.1 GET http://127.0.0.1:48408/control/v1/snapshot - - -
info: Microsoft.AspNetCore.Routing.EndpointMiddleware[0]
      Executing endpoint 'HTTP: GET /control/v1/snapshot'
info: Microsoft.AspNetCore.Http.Result.JsonResult[3]
      Writing value of type '<>f__AnonymousType0`6' as Json.
info: Microsoft.AspNetCore.Routing.EndpointMiddleware[1]
      Executed endpoint 'HTTP: GET /control/v1/snapshot'
info: Microsoft.AspNetCore.Hosting.Diagnostics[2]
      Request finished HTTP/1.1 GET http://127.0.0.1:48408/control/v1/snapshot - 200 - application/json;+charset=utf-8 32.7933ms
info: Microsoft.AspNetCore.Hosting.Diagnostics[1]
      Request starting HTTP/1.1 GET http://127.0.0.1:48408/api/task/v1/task/getVehicleInfo/BROKERX-L2-0001 - - -
info: Microsoft.AspNetCore.Routing.EndpointMiddleware[0]
      Executing endpoint 'HTTP: GET /api/task/v1/task/getVehicleInfo/{deviceKey}'
info: Microsoft.AspNetCore.Http.Result.JsonResult[3]
      Writing value of type '<>f__AnonymousType7`2' as Json.
info: Microsoft.AspNetCore.Routing.EndpointMiddleware[1]
      Executed endpoint 'HTTP: GET /api/task/v1/task/getVehicleInfo/{deviceKey}'
info: Microsoft.AspNetCore.Hosting.Diagnostics[2]
      Request finished HTTP/1.1 GET http://127.0.0.1:48408/api/task/v1/task/getVehicleInfo/BROKERX-L2-0001 - 200 - application/json;+charset=utf-8 0.3062ms
info: Microsoft.AspNetCore.Hosting.Diagnostics[1]
      Request starting HTTP/1.1 GET http://127.0.0.1:48408/api/task/vehicles/getVehicleInfoByDeviceKey?key=BROKERX-L2-0001 - - -
info: Microsoft.AspNetCore.Routing.EndpointMiddleware[0]
      Executing endpoint 'HTTP: GET /api/task/vehicles/getVehicleInfoByDeviceKey'
info: Microsoft.AspNetCore.Http.Result.JsonResult[3]
      Writing value of type '<>f__AnonymousType5`3' as Json.
info: Microsoft.AspNetCore.Routing.EndpointMiddleware[1]
      Executed endpoint 'HTTP: GET /api/task/vehicles/getVehicleInfoByDeviceKey'
info: Microsoft.AspNetCore.Hosting.Diagnostics[2]
      Request finished HTTP/1.1 GET http://127.0.0.1:48408/api/task/vehicles/getVehicleInfoByDeviceKey?key=BROKERX-L2-0001 - 200 - application/json;+charset=utf-8 0.2703ms
info: Microsoft.AspNetCore.Hosting.Diagnostics[1]
      Request starting HTTP/1.1 GET http://127.0.0.1:48408/api/imap/v1/mapInfo/stations/25 - - -
info: Microsoft.AspNetCore.Routing.EndpointMiddleware[0]
      Executing endpoint 'HTTP: GET /api/imap/v1/mapInfo/stations/{mapId:int}'
info: Microsoft.AspNetCore.Http.Result.JsonResult[3]
      Writing value of type '<>f__AnonymousType5`3' as Json.
info: Microsoft.AspNetCore.Routing.EndpointMiddleware[1]
      Executed endpoint 'HTTP: GET /api/imap/v1/mapInfo/stations/{mapId:int}'
info: Microsoft.AspNetCore.Hosting.Diagnostics[2]
      Request finished HTTP/1.1 GET http://127.0.0.1:48408/api/imap/v1/mapInfo/stations/25 - 200 - application/json;+charset=utf-8 0.4689ms
info: Microsoft.AspNetCore.Hosting.Diagnostics[1]
      Request starting HTTP/1.1 PUT http://127.0.0.1:48408/control/v1/orders/W2G-a28e4e94-1ef5-4db9-809c-e657f34bcb07-PICKUP-1 - application/json 146
info: Microsoft.AspNetCore.Routing.EndpointMiddleware[0]
      Executing endpoint 'HTTP: PUT /control/v1/orders/{upperId}'
info: Microsoft.AspNetCore.Http.Result.JsonResult[3]
      Writing value of type '<>f__AnonymousType0`6' as Json.
info: Microsoft.AspNetCore.Routing.EndpointMiddleware[1]
      Executed endpoint 'HTTP: PUT /control/v1/orders/{upperId}'
info: Microsoft.AspNetCore.Hosting.Diagnostics[2]
      Request finished HTTP/1.1 PUT http://127.0.0.1:48408/control/v1/orders/W2G-a28e4e94-1ef5-4db9-809c-e657f34bcb07-PICKUP-1 - 200 - application/json;+charset=utf-8 27.2281ms
info: Microsoft.AspNetCore.Hosting.Diagnostics[1]
      Request starting HTTP/1.1 GET http://127.0.0.1:48408/api/imap/v1/mapInfo/stations/25 - - -
info: Microsoft.AspNetCore.Routing.EndpointMiddleware[0]
      Executing endpoint 'HTTP: GET /api/imap/v1/mapInfo/stations/{mapId:int}'
info: Microsoft.AspNetCore.Http.Result.JsonResult[3]
      Writing value of type '<>f__AnonymousType5`3' as Json.
info: Microsoft.AspNetCore.Routing.EndpointMiddleware[1]
      Executed endpoint 'HTTP: GET /api/imap/v1/mapInfo/stations/{mapId:int}'
info: Microsoft.AspNetCore.Hosting.Diagnostics[2]
      Request finished HTTP/1.1 GET http://127.0.0.1:48408/api/imap/v1/mapInfo/stations/25 - 200 - application/json;+charset=utf-8 0.1368ms
info: Microsoft.AspNetCore.Hosting.Diagnostics[1]
      Request starting HTTP/1.1 GET http://127.0.0.1:48408/api/task/v1/task/getVehicleInfo/BROKERX-L2-0001 - - -
info: Microsoft.AspNetCore.Routing.EndpointMiddleware[0]
      Executing endpoint 'HTTP: GET /api/task/v1/task/getVehicleInfo/{deviceKey}'
info: Microsoft.AspNetCore.Http.Result.JsonResult[3]
      Writing value of type '<>f__AnonymousType7`2' as Json.
info: Microsoft.AspNetCore.Routing.EndpointMiddleware[1]
      Executed endpoint 'HTTP: GET /api/task/v1/task/getVehicleInfo/{deviceKey}'
info: Microsoft.AspNetCore.Hosting.Diagnostics[2]
      Request finished HTTP/1.1 GET http://127.0.0.1:48408/api/task/v1/task/getVehicleInfo/BROKERX-L2-0001 - 200 - application/json;+charset=utf-8 0.0723ms
info: Microsoft.AspNetCore.Hosting.Diagnostics[1]
      Request starting HTTP/1.1 GET http://127.0.0.1:48408/api/order/v1/orderRecord?pageNum=1&pageSize=100&filterByState=1&filterByState=3&filterByState=7&filterByState=9 - - -
info: Microsoft.AspNetCore.Routing.EndpointMiddleware[0]
      Executing endpoint 'HTTP: GET /api/order/v1/orderRecord'
info: Microsoft.AspNetCore.Http.Result.JsonResult[3]
      Writing value of type '<>f__AnonymousType5`3' as Json.
info: Microsoft.AspNetCore.Routing.EndpointMiddleware[1]
      Executed endpoint 'HTTP: GET /api/order/v1/orderRecord'
info: Microsoft.AspNetCore.Hosting.Diagnostics[2]
      Request finished HTTP/1.1 GET http://127.0.0.1:48408/api/order/v1/orderRecord?pageNum=1&pageSize=100&filterByState=1&filterByState=3&filterByState=7&filterByState=9 - 200 - application/json;+charset=utf-8 0.4231ms
info: Microsoft.AspNetCore.Hosting.Diagnostics[1]
      Request starting HTTP/1.1 GET http://127.0.0.1:48408/control/v1/snapshot - - -
info: Microsoft.AspNetCore.Routing.EndpointMiddleware[0]
      Executing endpoint 'HTTP: GET /control/v1/snapshot'
info: Microsoft.AspNetCore.Http.Result.JsonResult[3]
      Writing value of type '<>f__AnonymousType0`6' as Json.
info: Microsoft.AspNetCore.Routing.EndpointMiddleware[1]
      Executed endpoint 'HTTP: GET /control/v1/snapshot'
info: Microsoft.AspNetCore.Hosting.Diagnostics[2]
      Request finished HTTP/1.1 GET http://127.0.0.1:48408/control/v1/snapshot - 200 - application/json;+charset=utf-8 0.4852ms
info: Microsoft.AspNetCore.Hosting.Diagnostics[1]
      Request starting HTTP/1.1 PUT http://127.0.0.1:48408/control/v1/vehicle - application/json 259
info: Microsoft.AspNetCore.Routing.EndpointMiddleware[0]
      Executing endpoint 'HTTP: PUT /control/v1/vehicle'
info: Microsoft.AspNetCore.Http.Result.JsonResult[3]
      Writing value of type '<>f__AnonymousType0`6' as Json.
info: Microsoft.AspNetCore.Routing.EndpointMiddleware[1]
      Executed endpoint 'HTTP: PUT /control/v1/vehicle'
info: Microsoft.AspNetCore.Hosting.Diagnostics[2]
      Request finished HTTP/1.1 PUT http://127.0.0.1:48408/control/v1/vehicle - 200 - application/json;+charset=utf-8 99.5271ms
info: Microsoft.AspNetCore.Hosting.Diagnostics[1]
      Request starting HTTP/1.1 GET http://127.0.0.1:48408/api/imap/v1/mapInfo/stations/25 - - -
info: Microsoft.AspNetCore.Routing.EndpointMiddleware[0]
      Executing endpoint 'HTTP: GET /api/imap/v1/mapInfo/stations/{mapId:int}'
info: Microsoft.AspNetCore.Http.Result.JsonResult[3]
      Writing value of type '<>f__AnonymousType5`3' as Json.
info: Microsoft.AspNetCore.Routing.EndpointMiddleware[1]
      Executed endpoint 'HTTP: GET /api/imap/v1/mapInfo/stations/{mapId:int}'
info: Microsoft.AspNetCore.Hosting.Diagnostics[2]
      Request finished HTTP/1.1 GET http://127.0.0.1:48408/api/imap/v1/mapInfo/stations/25 - 200 - application/json;+charset=utf-8 0.2301ms
info: Microsoft.AspNetCore.Hosting.Diagnostics[1]
      Request starting HTTP/1.1 GET http://127.0.0.1:48408/control/v1/snapshot - - -
info: Microsoft.AspNetCore.Routing.EndpointMiddleware[0]
      Executing endpoint 'HTTP: GET /control/v1/snapshot'
info: Microsoft.AspNetCore.Http.Result.JsonResult[3]
      Writing value of type '<>f__AnonymousType0`6' as Json.
info: Microsoft.AspNetCore.Routing.EndpointMiddleware[1]
      Executed endpoint 'HTTP: GET /control/v1/snapshot'
info: Microsoft.AspNetCore.Hosting.Diagnostics[2]
      Request finished HTTP/1.1 GET http://127.0.0.1:48408/control/v1/snapshot - 200 - application/json;+charset=utf-8 0.3542ms
info: Microsoft.AspNetCore.Hosting.Diagnostics[1]
      Request starting HTTP/1.1 GET http://127.0.0.1:48408/api/task/v1/task/getVehicleInfo/BROKERX-L2-0001 - - -
info: Microsoft.AspNetCore.Routing.EndpointMiddleware[0]
      Executing endpoint 'HTTP: GET /api/task/v1/task/getVehicleInfo/{deviceKey}'
info: Microsoft.AspNetCore.Http.Result.JsonResult[3]
      Writing value of type '<>f__AnonymousType7`2' as Json.
info: Microsoft.AspNetCore.Routing.EndpointMiddleware[1]
      Executed endpoint 'HTTP: GET /api/task/v1/task/getVehicleInfo/{deviceKey}'
info: Microsoft.AspNetCore.Hosting.Diagnostics[2]
      Request finished HTTP/1.1 GET http://127.0.0.1:48408/api/task/v1/task/getVehicleInfo/BROKERX-L2-0001 - 200 - application/json;+charset=utf-8 0.1571ms
info: Microsoft.AspNetCore.Hosting.Diagnostics[1]
      Request starting HTTP/1.1 GET http://127.0.0.1:48408/api/order/v1/orderRecord?pageNum=1&pageSize=100&filterByState=1&filterByState=3&filterByState=7&filterByState=9 - - -
info: Microsoft.AspNetCore.Routing.EndpointMiddleware[0]
      Executing endpoint 'HTTP: GET /api/order/v1/orderRecord'
info: Microsoft.AspNetCore.Http.Result.JsonResult[3]
      Writing value of type '<>f__AnonymousType5`3' as Json.
info: Microsoft.AspNetCore.Routing.EndpointMiddleware[1]
      Executed endpoint 'HTTP: GET /api/order/v1/orderRecord'
info: Microsoft.AspNetCore.Hosting.Diagnostics[2]
      Request finished HTTP/1.1 GET http://127.0.0.1:48408/api/order/v1/orderRecord?pageNum=1&pageSize=100&filterByState=1&filterByState=3&filterByState=7&filterByState=9 - 200 - application/json;+charset=utf-8 1.5639ms
info: Microsoft.AspNetCore.Hosting.Diagnostics[1]
      Request starting HTTP/1.1 PUT http://127.0.0.1:48408/control/v1/vehicle - application/json 277
info: Microsoft.AspNetCore.Routing.EndpointMiddleware[0]
      Executing endpoint 'HTTP: PUT /control/v1/vehicle'
info: Microsoft.AspNetCore.Http.Result.JsonResult[3]
      Writing value of type '<>f__AnonymousType0`6' as Json.
info: Microsoft.AspNetCore.Routing.EndpointMiddleware[1]
      Executed endpoint 'HTTP: PUT /control/v1/vehicle'
info: Microsoft.AspNetCore.Hosting.Diagnostics[2]
      Request finished HTTP/1.1 PUT http://127.0.0.1:48408/control/v1/vehicle - 200 - application/json;+charset=utf-8 5.5826ms
info: Microsoft.AspNetCore.Hosting.Diagnostics[1]
      Request starting HTTP/1.1 GET http://127.0.0.1:48408/control/v1/snapshot - - -
info: Microsoft.AspNetCore.Routing.EndpointMiddleware[0]
      Executing endpoint 'HTTP: GET /control/v1/snapshot'
info: Microsoft.AspNetCore.Http.Result.JsonResult[3]
      Writing value of type '<>f__AnonymousType0`6' as Json.
info: Microsoft.AspNetCore.Routing.EndpointMiddleware[1]
      Executed endpoint 'HTTP: GET /control/v1/snapshot'
info: Microsoft.AspNetCore.Hosting.Diagnostics[2]
      Request finished HTTP/1.1 GET http://127.0.0.1:48408/control/v1/snapshot - 200 - application/json;+charset=utf-8 0.9552ms
info: Microsoft.AspNetCore.Hosting.Diagnostics[1]
      Request starting HTTP/1.1 PUT http://127.0.0.1:48408/control/v1/orders/W2G-a28e4e94-1ef5-4db9-809c-e657f34bcb07-PICKUP-1 - application/json 103
info: Microsoft.AspNetCore.Routing.EndpointMiddleware[0]
      Executing endpoint 'HTTP: PUT /control/v1/orders/{upperId}'
info: Microsoft.AspNetCore.Http.Result.JsonResult[3]
      Writing value of type '<>f__AnonymousType0`6' as Json.
info: Microsoft.AspNetCore.Routing.EndpointMiddleware[1]
      Executed endpoint 'HTTP: PUT /control/v1/orders/{upperId}'
info: Microsoft.AspNetCore.Hosting.Diagnostics[2]
      Request finished HTTP/1.1 PUT http://127.0.0.1:48408/control/v1/orders/W2G-a28e4e94-1ef5-4db9-809c-e657f34bcb07-PICKUP-1 - 200 - application/json;+charset=utf-8 0.6815ms
info: Microsoft.AspNetCore.Hosting.Diagnostics[1]
      Request starting HTTP/1.1 GET http://127.0.0.1:48408/api/imap/v1/mapInfo/stations/25 - - -
info: Microsoft.AspNetCore.Routing.EndpointMiddleware[0]
      Executing endpoint 'HTTP: GET /api/imap/v1/mapInfo/stations/{mapId:int}'
info: Microsoft.AspNetCore.Http.Result.JsonResult[3]
      Writing value of type '<>f__AnonymousType5`3' as Json.
info: Microsoft.AspNetCore.Routing.EndpointMiddleware[1]
      Executed endpoint 'HTTP: GET /api/imap/v1/mapInfo/stations/{mapId:int}'
info: Microsoft.AspNetCore.Hosting.Diagnostics[2]
      Request finished HTTP/1.1 GET http://127.0.0.1:48408/api/imap/v1/mapInfo/stations/25 - 200 - application/json;+charset=utf-8 0.2211ms
info: Microsoft.AspNetCore.Hosting.Diagnostics[1]
      Request starting HTTP/1.1 GET http://127.0.0.1:48408/api/task/v1/task/getVehicleInfo/BROKERX-L2-0001 - - -
info: Microsoft.AspNetCore.Routing.EndpointMiddleware[0]
      Executing endpoint 'HTTP: GET /api/task/v1/task/getVehicleInfo/{deviceKey}'
info: Microsoft.AspNetCore.Http.Result.JsonResult[3]
      Writing value of type '<>f__AnonymousType7`2' as Json.
info: Microsoft.AspNetCore.Routing.EndpointMiddleware[1]
      Executed endpoint 'HTTP: GET /api/task/v1/task/getVehicleInfo/{deviceKey}'
info: Microsoft.AspNetCore.Hosting.Diagnostics[2]
      Request finished HTTP/1.1 GET http://127.0.0.1:48408/api/task/v1/task/getVehicleInfo/BROKERX-L2-0001 - 200 - application/json;+charset=utf-8 1.1728ms
info: Microsoft.AspNetCore.Hosting.Diagnostics[1]
      Request starting HTTP/1.1 GET http://127.0.0.1:48408/api/order/v1/orderRecord?pageNum=1&pageSize=100&filterByState=1&filterByState=3&filterByState=7&filterByState=9 - - -
info: Microsoft.AspNetCore.Routing.EndpointMiddleware[0]
      Executing endpoint 'HTTP: GET /api/order/v1/orderRecord'
info: Microsoft.AspNetCore.Http.Result.JsonResult[3]
      Writing value of type '<>f__AnonymousType5`3' as Json.
info: Microsoft.AspNetCore.Routing.EndpointMiddleware[1]
      Executed endpoint 'HTTP: GET /api/order/v1/orderRecord'
info: Microsoft.AspNetCore.Hosting.Diagnostics[2]
      Request finished HTTP/1.1 GET http://127.0.0.1:48408/api/order/v1/orderRecord?pageNum=1&pageSize=100&filterByState=1&filterByState=3&filterByState=7&filterByState=9 - 200 - application/json;+charset=utf-8 1.6649ms
info: Microsoft.AspNetCore.Hosting.Diagnostics[1]
      Request starting HTTP/1.1 GET http://127.0.0.1:48408/api/imap/v1/mapInfo/stations/25 - - -
info: Microsoft.AspNetCore.Routing.EndpointMiddleware[0]
      Executing endpoint 'HTTP: GET /api/imap/v1/mapInfo/stations/{mapId:int}'
info: Microsoft.AspNetCore.Http.Result.JsonResult[3]
      Writing value of type '<>f__AnonymousType5`3' as Json.
info: Microsoft.AspNetCore.Routing.EndpointMiddleware[1]
      Executed endpoint 'HTTP: GET /api/imap/v1/mapInfo/stations/{mapId:int}'
info: Microsoft.AspNetCore.Hosting.Diagnostics[2]
      Request finished HTTP/1.1 GET http://127.0.0.1:48408/api/imap/v1/mapInfo/stations/25 - 200 - application/json;+charset=utf-8 0.2134ms
info: Microsoft.AspNetCore.Hosting.Diagnostics[1]
      Request starting HTTP/1.1 GET http://127.0.0.1:48408/api/order/v1/orderRecord/detailByUpperId/W2G-a28e4e94-1ef5-4db9-809c-e657f34bcb07-PICKUP-1 - - -
info: Microsoft.AspNetCore.Routing.EndpointMiddleware[0]
      Executing endpoint 'HTTP: GET /api/order/v1/orderRecord/detailByUpperId/{upperId}'
info: Microsoft.AspNetCore.Http.Result.JsonResult[3]
      Writing value of type '<>f__AnonymousType5`3' as Json.
info: Microsoft.AspNetCore.Routing.EndpointMiddleware[1]
      Executed endpoint 'HTTP: GET /api/order/v1/orderRecord/detailByUpperId/{upperId}'
info: Microsoft.AspNetCore.Hosting.Diagnostics[2]
      Request finished HTTP/1.1 GET http://127.0.0.1:48408/api/order/v1/orderRecord/detailByUpperId/W2G-a28e4e94-1ef5-4db9-809c-e657f34bcb07-PICKUP-1 - 200 - application/json;+charset=utf-8 0.3014ms
info: Microsoft.AspNetCore.Hosting.Diagnostics[1]
      Request starting HTTP/1.1 GET http://127.0.0.1:48408/api/task/vehicles/getVehicleInfoByDeviceKey?key=BROKERX-L2-0001 - - -
info: Microsoft.AspNetCore.Routing.EndpointMiddleware[0]
      Executing endpoint 'HTTP: GET /api/task/vehicles/getVehicleInfoByDeviceKey'
info: Microsoft.AspNetCore.Http.Result.JsonResult[3]
      Writing value of type '<>f__AnonymousType5`3' as Json.
info: Microsoft.AspNetCore.Routing.EndpointMiddleware[1]
      Executed endpoint 'HTTP: GET /api/task/vehicles/getVehicleInfoByDeviceKey'
info: Microsoft.AspNetCore.Hosting.Diagnostics[2]
      Request finished HTTP/1.1 GET http://127.0.0.1:48408/api/task/vehicles/getVehicleInfoByDeviceKey?key=BROKERX-L2-0001 - 200 - application/json;+charset=utf-8 0.1815ms
info: Microsoft.AspNetCore.Hosting.Diagnostics[1]
      Request starting HTTP/1.1 GET http://127.0.0.1:48408/api/task/v1/task/getVehicleInfo/BROKERX-L2-0001 - - -
info: Microsoft.AspNetCore.Routing.EndpointMiddleware[0]
      Executing endpoint 'HTTP: GET /api/task/v1/task/getVehicleInfo/{deviceKey}'
info: Microsoft.AspNetCore.Http.Result.JsonResult[3]
      Writing value of type '<>f__AnonymousType7`2' as Json.
info: Microsoft.AspNetCore.Routing.EndpointMiddleware[1]
      Executed endpoint 'HTTP: GET /api/task/v1/task/getVehicleInfo/{deviceKey}'
info: Microsoft.AspNetCore.Hosting.Diagnostics[2]
      Request finished HTTP/1.1 GET http://127.0.0.1:48408/api/task/v1/task/getVehicleInfo/BROKERX-L2-0001 - 200 - application/json;+charset=utf-8 0.3049ms
info: Microsoft.AspNetCore.Hosting.Diagnostics[1]
      Request starting HTTP/1.1 GET http://127.0.0.1:48408/api/order/v1/orderRecord?pageNum=1&pageSize=100&filterByState=1&filterByState=3&filterByState=7&filterByState=9 - - -
info: Microsoft.AspNetCore.Routing.EndpointMiddleware[0]
      Executing endpoint 'HTTP: GET /api/order/v1/orderRecord'
info: Microsoft.AspNetCore.Http.Result.JsonResult[3]
      Writing value of type '<>f__AnonymousType5`3' as Json.
info: Microsoft.AspNetCore.Routing.EndpointMiddleware[1]
      Executed endpoint 'HTTP: GET /api/order/v1/orderRecord'
info: Microsoft.AspNetCore.Hosting.Diagnostics[2]
      Request finished HTTP/1.1 GET http://127.0.0.1:48408/api/order/v1/orderRecord?pageNum=1&pageSize=100&filterByState=1&filterByState=3&filterByState=7&filterByState=9 - 200 - application/json;+charset=utf-8 0.2120ms
info: Microsoft.AspNetCore.Hosting.Diagnostics[1]
      Request starting HTTP/1.1 GET http://127.0.0.1:48408/api/imap/v1/mapInfo/stations/25 - - -
info: Microsoft.AspNetCore.Routing.EndpointMiddleware[0]
      Executing endpoint 'HTTP: GET /api/imap/v1/mapInfo/stations/{mapId:int}'
info: Microsoft.AspNetCore.Http.Result.JsonResult[3]
      Writing value of type '<>f__AnonymousType5`3' as Json.
info: Microsoft.AspNetCore.Routing.EndpointMiddleware[1]
      Executed endpoint 'HTTP: GET /api/imap/v1/mapInfo/stations/{mapId:int}'
info: Microsoft.AspNetCore.Hosting.Diagnostics[2]
      Request finished HTTP/1.1 GET http://127.0.0.1:48408/api/imap/v1/mapInfo/stations/25 - 200 - application/json;+charset=utf-8 0.3489ms
info: Microsoft.AspNetCore.Hosting.Diagnostics[1]
      Request starting HTTP/1.1 GET http://127.0.0.1:48408/api/task/v1/task/getVehicleInfo/BROKERX-L2-0001 - - -
info: Microsoft.AspNetCore.Routing.EndpointMiddleware[0]
      Executing endpoint 'HTTP: GET /api/task/v1/task/getVehicleInfo/{deviceKey}'
info: Microsoft.AspNetCore.Http.Result.JsonResult[3]
      Writing value of type '<>f__AnonymousType7`2' as Json.
info: Microsoft.AspNetCore.Routing.EndpointMiddleware[1]
      Executed endpoint 'HTTP: GET /api/task/v1/task/getVehicleInfo/{deviceKey}'
info: Microsoft.AspNetCore.Hosting.Diagnostics[2]
      Request finished HTTP/1.1 GET http://127.0.0.1:48408/api/task/v1/task/getVehicleInfo/BROKERX-L2-0001 - 200 - application/json;+charset=utf-8 0.1616ms
info: Microsoft.AspNetCore.Hosting.Diagnostics[1]
      Request starting HTTP/1.1 GET http://127.0.0.1:48408/api/order/v1/orderRecord?pageNum=1&pageSize=100&filterByState=1&filterByState=3&filterByState=7&filterByState=9 - - -
info: Microsoft.AspNetCore.Routing.EndpointMiddleware[0]
      Executing endpoint 'HTTP: GET /api/order/v1/orderRecord'
info: Microsoft.AspNetCore.Http.Result.JsonResult[3]
      Writing value of type '<>f__AnonymousType5`3' as Json.
info: Microsoft.AspNetCore.Routing.EndpointMiddleware[1]
      Executed endpoint 'HTTP: GET /api/order/v1/orderRecord'
info: Microsoft.AspNetCore.Hosting.Diagnostics[2]
      Request finished HTTP/1.1 GET http://127.0.0.1:48408/api/order/v1/orderRecord?pageNum=1&pageSize=100&filterByState=1&filterByState=3&filterByState=7&filterByState=9 - 200 - application/json;+charset=utf-8 0.2329ms
info: Microsoft.AspNetCore.Hosting.Diagnostics[1]
      Request starting HTTP/1.1 GET http://127.0.0.1:48408/api/imap/v1/mapInfo/stations/25 - - -
info: Microsoft.AspNetCore.Routing.EndpointMiddleware[0]
      Executing endpoint 'HTTP: GET /api/imap/v1/mapInfo/stations/{mapId:int}'
info: Microsoft.AspNetCore.Http.Result.JsonResult[3]
      Writing value of type '<>f__AnonymousType5`3' as Json.
info: Microsoft.AspNetCore.Routing.EndpointMiddleware[1]
      Executed endpoint 'HTTP: GET /api/imap/v1/mapInfo/stations/{mapId:int}'
info: Microsoft.AspNetCore.Hosting.Diagnostics[2]
      Request finished HTTP/1.1 GET http://127.0.0.1:48408/api/imap/v1/mapInfo/stations/25 - 200 - application/json;+charset=utf-8 0.2266ms
info: Microsoft.AspNetCore.Hosting.Diagnostics[1]
      Request starting HTTP/1.1 GET http://127.0.0.1:48408/api/task/v1/task/getVehicleInfo/BROKERX-L2-0001 - - -
info: Microsoft.AspNetCore.Routing.EndpointMiddleware[0]
      Executing endpoint 'HTTP: GET /api/task/v1/task/getVehicleInfo/{deviceKey}'
info: Microsoft.AspNetCore.Http.Result.JsonResult[3]
      Writing value of type '<>f__AnonymousType7`2' as Json.
info: Microsoft.AspNetCore.Routing.EndpointMiddleware[1]
      Executed endpoint 'HTTP: GET /api/task/v1/task/getVehicleInfo/{deviceKey}'
info: Microsoft.AspNetCore.Hosting.Diagnostics[2]
      Request finished HTTP/1.1 GET http://127.0.0.1:48408/api/task/v1/task/getVehicleInfo/BROKERX-L2-0001 - 200 - application/json;+charset=utf-8 0.1559ms
info: Microsoft.AspNetCore.Hosting.Diagnostics[1]
      Request starting HTTP/1.1 GET http://127.0.0.1:48408/api/order/v1/orderRecord?pageNum=1&pageSize=100&filterByState=1&filterByState=3&filterByState=7&filterByState=9 - - -
info: Microsoft.AspNetCore.Routing.EndpointMiddleware[0]
      Executing endpoint 'HTTP: GET /api/order/v1/orderRecord'
info: Microsoft.AspNetCore.Http.Result.JsonResult[3]
      Writing value of type '<>f__AnonymousType5`3' as Json.
info: Microsoft.AspNetCore.Routing.EndpointMiddleware[1]
      Executed endpoint 'HTTP: GET /api/order/v1/orderRecord'
info: Microsoft.AspNetCore.Hosting.Diagnostics[2]
      Request finished HTTP/1.1 GET http://127.0.0.1:48408/api/order/v1/orderRecord?pageNum=1&pageSize=100&filterByState=1&filterByState=3&filterByState=7&filterByState=9 - 200 - application/json;+charset=utf-8 0.1992ms
info: Microsoft.AspNetCore.Hosting.Diagnostics[1]
      Request starting HTTP/1.1 GET http://127.0.0.1:48408/api/imap/v1/mapInfo/stations/25 - - -
info: Microsoft.AspNetCore.Routing.EndpointMiddleware[0]
      Executing endpoint 'HTTP: GET /api/imap/v1/mapInfo/stations/{mapId:int}'
info: Microsoft.AspNetCore.Http.Result.JsonResult[3]
      Writing value of type '<>f__AnonymousType5`3' as Json.
info: Microsoft.AspNetCore.Routing.EndpointMiddleware[1]
      Executed endpoint 'HTTP: GET /api/imap/v1/mapInfo/stations/{mapId:int}'
info: Microsoft.AspNetCore.Hosting.Diagnostics[2]
      Request finished HTTP/1.1 GET http://127.0.0.1:48408/api/imap/v1/mapInfo/stations/25 - 200 - application/json;+charset=utf-8 0.2167ms
info: Microsoft.AspNetCore.Hosting.Diagnostics[1]
      Request starting HTTP/1.1 GET http://127.0.0.1:48408/api/imap/v1/mapInfo/stations/25 - - -
info: Microsoft.AspNetCore.Routing.EndpointMiddleware[0]
      Executing endpoint 'HTTP: GET /api/imap/v1/mapInfo/stations/{mapId:int}'
info: Microsoft.AspNetCore.Http.Result.JsonResult[3]
      Writing value of type '<>f__AnonymousType5`3' as Json.
info: Microsoft.AspNetCore.Routing.EndpointMiddleware[1]
      Executed endpoint 'HTTP: GET /api/imap/v1/mapInfo/stations/{mapId:int}'
info: Microsoft.AspNetCore.Hosting.Diagnostics[2]
      Request finished HTTP/1.1 GET http://127.0.0.1:48408/api/imap/v1/mapInfo/stations/25 - 200 - application/json;+charset=utf-8 0.3065ms
info: Microsoft.AspNetCore.Hosting.Diagnostics[1]
      Request starting HTTP/1.1 GET http://127.0.0.1:48408/api/imap/v1/mapInfo/stations/25 - - -
info: Microsoft.AspNetCore.Routing.EndpointMiddleware[0]
      Executing endpoint 'HTTP: GET /api/imap/v1/mapInfo/stations/{mapId:int}'
info: Microsoft.AspNetCore.Http.Result.JsonResult[3]
      Writing value of type '<>f__AnonymousType5`3' as Json.
info: Microsoft.AspNetCore.Routing.EndpointMiddleware[1]
      Executed endpoint 'HTTP: GET /api/imap/v1/mapInfo/stations/{mapId:int}'
info: Microsoft.AspNetCore.Hosting.Diagnostics[2]
      Request finished HTTP/1.1 GET http://127.0.0.1:48408/api/imap/v1/mapInfo/stations/25 - 200 - application/json;+charset=utf-8 0.9467ms
info: Microsoft.AspNetCore.Hosting.Diagnostics[1]
      Request starting HTTP/1.1 GET http://127.0.0.1:48408/api/imap/v1/mapInfo/stations/25 - - -
info: Microsoft.AspNetCore.Routing.EndpointMiddleware[0]
      Executing endpoint 'HTTP: GET /api/imap/v1/mapInfo/stations/{mapId:int}'
info: Microsoft.AspNetCore.Http.Result.JsonResult[3]
      Writing value of type '<>f__AnonymousType5`3' as Json.
info: Microsoft.AspNetCore.Routing.EndpointMiddleware[1]
      Executed endpoint 'HTTP: GET /api/imap/v1/mapInfo/stations/{mapId:int}'
info: Microsoft.AspNetCore.Hosting.Diagnostics[2]
      Request finished HTTP/1.1 GET http://127.0.0.1:48408/api/imap/v1/mapInfo/stations/25 - 200 - application/json;+charset=utf-8 1.2547ms
info: Microsoft.AspNetCore.Hosting.Diagnostics[1]
      Request starting HTTP/1.1 GET http://127.0.0.1:48408/api/task/v1/task/getVehicleInfo/BROKERX-L2-0001 - - -
info: Microsoft.AspNetCore.Routing.EndpointMiddleware[0]
      Executing endpoint 'HTTP: GET /api/task/v1/task/getVehicleInfo/{deviceKey}'
info: Microsoft.AspNetCore.Http.Result.JsonResult[3]
      Writing value of type '<>f__AnonymousType7`2' as Json.
info: Microsoft.AspNetCore.Routing.EndpointMiddleware[1]
      Executed endpoint 'HTTP: GET /api/task/v1/task/getVehicleInfo/{deviceKey}'
info: Microsoft.AspNetCore.Hosting.Diagnostics[2]
      Request finished HTTP/1.1 GET http://127.0.0.1:48408/api/task/v1/task/getVehicleInfo/BROKERX-L2-0001 - 200 - application/json;+charset=utf-8 0.1571ms
info: Microsoft.AspNetCore.Hosting.Diagnostics[1]
      Request starting HTTP/1.1 GET http://127.0.0.1:48408/api/order/v1/orderRecord?pageNum=1&pageSize=100&filterByState=1&filterByState=3&filterByState=7&filterByState=9 - - -
info: Microsoft.AspNetCore.Routing.EndpointMiddleware[0]
      Executing endpoint 'HTTP: GET /api/order/v1/orderRecord'
info: Microsoft.AspNetCore.Http.Result.JsonResult[3]
      Writing value of type '<>f__AnonymousType5`3' as Json.
info: Microsoft.AspNetCore.Routing.EndpointMiddleware[1]
      Executed endpoint 'HTTP: GET /api/order/v1/orderRecord'
info: Microsoft.AspNetCore.Hosting.Diagnostics[2]
      Request finished HTTP/1.1 GET http://127.0.0.1:48408/api/order/v1/orderRecord?pageNum=1&pageSize=100&filterByState=1&filterByState=3&filterByState=7&filterByState=9 - 200 - application/json;+charset=utf-8 0.6591ms
info: Microsoft.AspNetCore.Hosting.Diagnostics[1]
      Request starting HTTP/1.1 GET http://127.0.0.1:48408/api/imap/v1/mapInfo/stations/25 - - -
info: Microsoft.AspNetCore.Routing.EndpointMiddleware[0]
      Executing endpoint 'HTTP: GET /api/imap/v1/mapInfo/stations/{mapId:int}'
info: Microsoft.AspNetCore.Http.Result.JsonResult[3]
      Writing value of type '<>f__AnonymousType5`3' as Json.
info: Microsoft.AspNetCore.Routing.EndpointMiddleware[1]
      Executed endpoint 'HTTP: GET /api/imap/v1/mapInfo/stations/{mapId:int}'
info: Microsoft.AspNetCore.Hosting.Diagnostics[2]
      Request finished HTTP/1.1 GET http://127.0.0.1:48408/api/imap/v1/mapInfo/stations/25 - 200 - application/json;+charset=utf-8 0.2247ms
info: Microsoft.AspNetCore.Hosting.Diagnostics[1]
      Request starting HTTP/1.1 GET http://127.0.0.1:48408/api/task/v1/task/getVehicleInfo/BROKERX-L2-0001 - - -
info: Microsoft.AspNetCore.Routing.EndpointMiddleware[0]
      Executing endpoint 'HTTP: GET /api/task/v1/task/getVehicleInfo/{deviceKey}'
info: Microsoft.AspNetCore.Http.Result.JsonResult[3]
      Writing value of type '<>f__AnonymousType7`2' as Json.
info: Microsoft.AspNetCore.Routing.EndpointMiddleware[1]
      Executed endpoint 'HTTP: GET /api/task/v1/task/getVehicleInfo/{deviceKey}'
info: Microsoft.AspNetCore.Hosting.Diagnostics[2]
      Request finished HTTP/1.1 GET http://127.0.0.1:48408/api/task/v1/task/getVehicleInfo/BROKERX-L2-0001 - 200 - application/json;+charset=utf-8 0.7155ms
info: Microsoft.AspNetCore.Hosting.Diagnostics[1]
      Request starting HTTP/1.1 GET http://127.0.0.1:48408/api/order/v1/orderRecord?pageNum=1&pageSize=100&filterByState=1&filterByState=3&filterByState=7&filterByState=9 - - -
info: Microsoft.AspNetCore.Routing.EndpointMiddleware[0]
      Executing endpoint 'HTTP: GET /api/order/v1/orderRecord'
info: Microsoft.AspNetCore.Http.Result.JsonResult[3]
      Writing value of type '<>f__AnonymousType5`3' as Json.
info: Microsoft.AspNetCore.Routing.EndpointMiddleware[1]
      Executed endpoint 'HTTP: GET /api/order/v1/orderRecord'
info: Microsoft.AspNetCore.Hosting.Diagnostics[2]
      Request finished HTTP/1.1 GET http://127.0.0.1:48408/api/order/v1/orderRecord?pageNum=1&pageSize=100&filterByState=1&filterByState=3&filterByState=7&filterByState=9 - 200 - application/json;+charset=utf-8 8.3659ms
info: Microsoft.AspNetCore.Hosting.Diagnostics[1]
      Request starting HTTP/1.1 GET http://127.0.0.1:48408/api/imap/v1/mapInfo/stations/25 - - -
info: Microsoft.AspNetCore.Routing.EndpointMiddleware[0]
      Executing endpoint 'HTTP: GET /api/imap/v1/mapInfo/stations/{mapId:int}'
info: Microsoft.AspNetCore.Http.Result.JsonResult[3]
      Writing value of type '<>f__AnonymousType5`3' as Json.
info: Microsoft.AspNetCore.Routing.EndpointMiddleware[1]
      Executed endpoint 'HTTP: GET /api/imap/v1/mapInfo/stations/{mapId:int}'
info: Microsoft.AspNetCore.Hosting.Diagnostics[2]
      Request finished HTTP/1.1 GET http://127.0.0.1:48408/api/imap/v1/mapInfo/stations/25 - 200 - application/json;+charset=utf-8 0.4082ms
info: Microsoft.AspNetCore.Hosting.Diagnostics[1]
      Request starting HTTP/1.1 GET http://127.0.0.1:48408/api/task/v1/task/getVehicleInfo/BROKERX-L2-0001 - - -
info: Microsoft.AspNetCore.Routing.EndpointMiddleware[0]
      Executing endpoint 'HTTP: GET /api/task/v1/task/getVehicleInfo/{deviceKey}'
info: Microsoft.AspNetCore.Http.Result.JsonResult[3]
      Writing value of type '<>f__AnonymousType7`2' as Json.
info: Microsoft.AspNetCore.Routing.EndpointMiddleware[1]
      Executed endpoint 'HTTP: GET /api/task/v1/task/getVehicleInfo/{deviceKey}'
info: Microsoft.AspNetCore.Hosting.Diagnostics[2]
      Request finished HTTP/1.1 GET http://127.0.0.1:48408/api/task/v1/task/getVehicleInfo/BROKERX-L2-0001 - 200 - application/json;+charset=utf-8 0.2275ms
info: Microsoft.AspNetCore.Hosting.Diagnostics[1]
      Request starting HTTP/1.1 GET http://127.0.0.1:48408/api/order/v1/orderRecord?pageNum=1&pageSize=100&filterByState=1&filterByState=3&filterByState=7&filterByState=9 - - -
info: Microsoft.AspNetCore.Routing.EndpointMiddleware[0]
      Executing endpoint 'HTTP: GET /api/order/v1/orderRecord'
info: Microsoft.AspNetCore.Http.Result.JsonResult[3]
      Writing value of type '<>f__AnonymousType5`3' as Json.
info: Microsoft.AspNetCore.Routing.EndpointMiddleware[1]
      Executed endpoint 'HTTP: GET /api/order/v1/orderRecord'
info: Microsoft.AspNetCore.Hosting.Diagnostics[2]
      Request finished HTTP/1.1 GET http://127.0.0.1:48408/api/order/v1/orderRecord?pageNum=1&pageSize=100&filterByState=1&filterByState=3&filterByState=7&filterByState=9 - 200 - application/json;+charset=utf-8 0.2442ms
info: Microsoft.AspNetCore.Hosting.Diagnostics[1]
      Request starting HTTP/1.1 GET http://127.0.0.1:48408/api/imap/v1/mapInfo/stations/25 - - -
info: Microsoft.AspNetCore.Routing.EndpointMiddleware[0]
      Executing endpoint 'HTTP: GET /api/imap/v1/mapInfo/stations/{mapId:int}'
info: Microsoft.AspNetCore.Http.Result.JsonResult[3]
      Writing value of type '<>f__AnonymousType5`3' as Json.
info: Microsoft.AspNetCore.Routing.EndpointMiddleware[1]
      Executed endpoint 'HTTP: GET /api/imap/v1/mapInfo/stations/{mapId:int}'
info: Microsoft.AspNetCore.Hosting.Diagnostics[2]
      Request finished HTTP/1.1 GET http://127.0.0.1:48408/api/imap/v1/mapInfo/stations/25 - 200 - application/json;+charset=utf-8 0.2786ms
info: Microsoft.AspNetCore.Hosting.Diagnostics[1]
      Request starting HTTP/1.1 GET http://127.0.0.1:48408/api/task/v1/task/getVehicleInfo/BROKERX-L2-0001 - - -
info: Microsoft.AspNetCore.Routing.EndpointMiddleware[0]
      Executing endpoint 'HTTP: GET /api/task/v1/task/getVehicleInfo/{deviceKey}'
info: Microsoft.AspNetCore.Http.Result.JsonResult[3]
      Writing value of type '<>f__AnonymousType7`2' as Json.
info: Microsoft.AspNetCore.Routing.EndpointMiddleware[1]
      Executed endpoint 'HTTP: GET /api/task/v1/task/getVehicleInfo/{deviceKey}'
info: Microsoft.AspNetCore.Hosting.Diagnostics[2]
      Request finished HTTP/1.1 GET http://127.0.0.1:48408/api/task/v1/task/getVehicleInfo/BROKERX-L2-0001 - 200 - application/json;+charset=utf-8 0.1586ms
info: Microsoft.AspNetCore.Hosting.Diagnostics[1]
      Request starting HTTP/1.1 GET http://127.0.0.1:48408/api/order/v1/orderRecord?pageNum=1&pageSize=100&filterByState=1&filterByState=3&filterByState=7&filterByState=9 - - -
info: Microsoft.AspNetCore.Routing.EndpointMiddleware[0]
      Executing endpoint 'HTTP: GET /api/order/v1/orderRecord'
info: Microsoft.AspNetCore.Http.Result.JsonResult[3]
      Writing value of type '<>f__AnonymousType5`3' as Json.
info: Microsoft.AspNetCore.Routing.EndpointMiddleware[1]
      Executed endpoint 'HTTP: GET /api/order/v1/orderRecord'
info: Microsoft.AspNetCore.Hosting.Diagnostics[2]
      Request finished HTTP/1.1 GET http://127.0.0.1:48408/api/order/v1/orderRecord?pageNum=1&pageSize=100&filterByState=1&filterByState=3&filterByState=7&filterByState=9 - 200 - application/json;+charset=utf-8 0.2041ms
info: Microsoft.AspNetCore.Hosting.Diagnostics[1]
      Request starting HTTP/1.1 GET http://127.0.0.1:48408/api/imap/v1/mapInfo/stations/25 - - -
info: Microsoft.AspNetCore.Routing.EndpointMiddleware[0]
      Executing endpoint 'HTTP: GET /api/imap/v1/mapInfo/stations/{mapId:int}'
info: Microsoft.AspNetCore.Http.Result.JsonResult[3]
      Writing value of type '<>f__AnonymousType5`3' as Json.
info: Microsoft.AspNetCore.Routing.EndpointMiddleware[1]
      Executed endpoint 'HTTP: GET /api/imap/v1/mapInfo/stations/{mapId:int}'
info: Microsoft.AspNetCore.Hosting.Diagnostics[2]
      Request finished HTTP/1.1 GET http://127.0.0.1:48408/api/imap/v1/mapInfo/stations/25 - 200 - application/json;+charset=utf-8 0.2183ms
info: Microsoft.AspNetCore.Hosting.Diagnostics[1]
      Request starting HTTP/1.1 GET http://127.0.0.1:48408/api/task/v1/task/getVehicleInfo/BROKERX-L2-0001 - - -
info: Microsoft.AspNetCore.Routing.EndpointMiddleware[0]
      Executing endpoint 'HTTP: GET /api/task/v1/task/getVehicleInfo/{deviceKey}'
info: Microsoft.AspNetCore.Http.Result.JsonResult[3]
      Writing value of type '<>f__AnonymousType7`2' as Json.
info: Microsoft.AspNetCore.Routing.EndpointMiddleware[1]
      Executed endpoint 'HTTP: GET /api/task/v1/task/getVehicleInfo/{deviceKey}'
info: Microsoft.AspNetCore.Hosting.Diagnostics[2]
      Request finished HTTP/1.1 GET http://127.0.0.1:48408/api/task/v1/task/getVehicleInfo/BROKERX-L2-0001 - 200 - application/json;+charset=utf-8 0.1455ms
info: Microsoft.AspNetCore.Hosting.Diagnostics[1]
      Request starting HTTP/1.1 GET http://127.0.0.1:48408/api/order/v1/orderRecord?pageNum=1&pageSize=100&filterByState=1&filterByState=3&filterByState=7&filterByState=9 - - -
info: Microsoft.AspNetCore.Routing.EndpointMiddleware[0]
      Executing endpoint 'HTTP: GET /api/order/v1/orderRecord'
info: Microsoft.AspNetCore.Http.Result.JsonResult[3]
      Writing value of type '<>f__AnonymousType5`3' as Json.
info: Microsoft.AspNetCore.Routing.EndpointMiddleware[1]
      Executed endpoint 'HTTP: GET /api/order/v1/orderRecord'
info: Microsoft.AspNetCore.Hosting.Diagnostics[2]
      Request finished HTTP/1.1 GET http://127.0.0.1:48408/api/order/v1/orderRecord?pageNum=1&pageSize=100&filterByState=1&filterByState=3&filterByState=7&filterByState=9 - 200 - application/json;+charset=utf-8 0.1628ms
info: Microsoft.AspNetCore.Hosting.Diagnostics[1]
      Request starting HTTP/1.1 GET http://127.0.0.1:48408/api/imap/v1/mapInfo/stations/25 - - -
info: Microsoft.AspNetCore.Routing.EndpointMiddleware[0]
      Executing endpoint 'HTTP: GET /api/imap/v1/mapInfo/stations/{mapId:int}'
info: Microsoft.AspNetCore.Http.Result.JsonResult[3]
      Writing value of type '<>f__AnonymousType5`3' as Json.
info: Microsoft.AspNetCore.Routing.EndpointMiddleware[1]
      Executed endpoint 'HTTP: GET /api/imap/v1/mapInfo/stations/{mapId:int}'
info: Microsoft.AspNetCore.Hosting.Diagnostics[2]
      Request finished HTTP/1.1 GET http://127.0.0.1:48408/api/imap/v1/mapInfo/stations/25 - 200 - application/json;+charset=utf-8 0.1971ms
info: Microsoft.AspNetCore.Hosting.Diagnostics[1]
      Request starting HTTP/1.1 GET http://127.0.0.1:48408/api/task/v1/task/getVehicleInfo/BROKERX-L2-0001 - - -
info: Microsoft.AspNetCore.Routing.EndpointMiddleware[0]
      Executing endpoint 'HTTP: GET /api/task/v1/task/getVehicleInfo/{deviceKey}'
info: Microsoft.AspNetCore.Http.Result.JsonResult[3]
      Writing value of type '<>f__AnonymousType7`2' as Json.
info: Microsoft.AspNetCore.Routing.EndpointMiddleware[1]
      Executed endpoint 'HTTP: GET /api/task/v1/task/getVehicleInfo/{deviceKey}'
info: Microsoft.AspNetCore.Hosting.Diagnostics[2]
      Request finished HTTP/1.1 GET http://127.0.0.1:48408/api/task/v1/task/getVehicleInfo/BROKERX-L2-0001 - 200 - application/json;+charset=utf-8 0.1543ms
info: Microsoft.AspNetCore.Hosting.Diagnostics[1]
      Request starting HTTP/1.1 GET http://127.0.0.1:48408/api/order/v1/orderRecord?pageNum=1&pageSize=100&filterByState=1&filterByState=3&filterByState=7&filterByState=9 - - -
info: Microsoft.AspNetCore.Routing.EndpointMiddleware[0]
      Executing endpoint 'HTTP: GET /api/order/v1/orderRecord'
info: Microsoft.AspNetCore.Http.Result.JsonResult[3]
      Writing value of type '<>f__AnonymousType5`3' as Json.
info: Microsoft.AspNetCore.Routing.EndpointMiddleware[1]
      Executed endpoint 'HTTP: GET /api/order/v1/orderRecord'
info: Microsoft.AspNetCore.Hosting.Diagnostics[2]
      Request finished HTTP/1.1 GET http://127.0.0.1:48408/api/order/v1/orderRecord?pageNum=1&pageSize=100&filterByState=1&filterByState=3&filterByState=7&filterByState=9 - 200 - application/json;+charset=utf-8 0.1725ms
info: Microsoft.AspNetCore.Hosting.Diagnostics[1]
      Request starting HTTP/1.1 GET http://127.0.0.1:48408/api/imap/v1/mapInfo/stations/25 - - -
info: Microsoft.AspNetCore.Routing.EndpointMiddleware[0]
      Executing endpoint 'HTTP: GET /api/imap/v1/mapInfo/stations/{mapId:int}'
info: Microsoft.AspNetCore.Http.Result.JsonResult[3]
      Writing value of type '<>f__AnonymousType5`3' as Json.
info: Microsoft.AspNetCore.Routing.EndpointMiddleware[1]
      Executed endpoint 'HTTP: GET /api/imap/v1/mapInfo/stations/{mapId:int}'
info: Microsoft.AspNetCore.Hosting.Diagnostics[2]
      Request finished HTTP/1.1 GET http://127.0.0.1:48408/api/imap/v1/mapInfo/stations/25 - 200 - application/json;+charset=utf-8 0.1949ms
info: Microsoft.AspNetCore.Hosting.Diagnostics[1]
      Request starting HTTP/1.1 GET http://127.0.0.1:48408/api/task/v1/task/getVehicleInfo/BROKERX-L2-0001 - - -
info: Microsoft.AspNetCore.Routing.EndpointMiddleware[0]
      Executing endpoint 'HTTP: GET /api/task/v1/task/getVehicleInfo/{deviceKey}'
info: Microsoft.AspNetCore.Http.Result.JsonResult[3]
      Writing value of type '<>f__AnonymousType7`2' as Json.
info: Microsoft.AspNetCore.Routing.EndpointMiddleware[1]
      Executed endpoint 'HTTP: GET /api/task/v1/task/getVehicleInfo/{deviceKey}'
info: Microsoft.AspNetCore.Hosting.Diagnostics[2]
      Request finished HTTP/1.1 GET http://127.0.0.1:48408/api/task/v1/task/getVehicleInfo/BROKERX-L2-0001 - 200 - application/json;+charset=utf-8 0.1921ms
info: Microsoft.AspNetCore.Hosting.Diagnostics[1]
      Request starting HTTP/1.1 GET http://127.0.0.1:48408/api/order/v1/orderRecord?pageNum=1&pageSize=100&filterByState=1&filterByState=3&filterByState=7&filterByState=9 - - -
info: Microsoft.AspNetCore.Routing.EndpointMiddleware[0]
      Executing endpoint 'HTTP: GET /api/order/v1/orderRecord'
info: Microsoft.AspNetCore.Http.Result.JsonResult[3]
      Writing value of type '<>f__AnonymousType5`3' as Json.
info: Microsoft.AspNetCore.Routing.EndpointMiddleware[1]
      Executed endpoint 'HTTP: GET /api/order/v1/orderRecord'
info: Microsoft.AspNetCore.Hosting.Diagnostics[2]
      Request finished HTTP/1.1 GET http://127.0.0.1:48408/api/order/v1/orderRecord?pageNum=1&pageSize=100&filterByState=1&filterByState=3&filterByState=7&filterByState=9 - 200 - application/json;+charset=utf-8 0.5182ms
info: Microsoft.AspNetCore.Hosting.Diagnostics[1]
      Request starting HTTP/1.1 GET http://127.0.0.1:48408/api/imap/v1/mapInfo/stations/25 - - -
info: Microsoft.AspNetCore.Routing.EndpointMiddleware[0]
      Executing endpoint 'HTTP: GET /api/imap/v1/mapInfo/stations/{mapId:int}'
info: Microsoft.AspNetCore.Http.Result.JsonResult[3]
      Writing value of type '<>f__AnonymousType5`3' as Json.
info: Microsoft.AspNetCore.Routing.EndpointMiddleware[1]
      Executed endpoint 'HTTP: GET /api/imap/v1/mapInfo/stations/{mapId:int}'
info: Microsoft.AspNetCore.Hosting.Diagnostics[2]
      Request finished HTTP/1.1 GET http://127.0.0.1:48408/api/imap/v1/mapInfo/stations/25 - 200 - application/json;+charset=utf-8 0.1833ms
info: Microsoft.AspNetCore.Hosting.Diagnostics[1]
      Request starting HTTP/1.1 GET http://127.0.0.1:48408/api/task/v1/task/getVehicleInfo/BROKERX-L2-0001 - - -
info: Microsoft.AspNetCore.Routing.EndpointMiddleware[0]
      Executing endpoint 'HTTP: GET /api/task/v1/task/getVehicleInfo/{deviceKey}'
info: Microsoft.AspNetCore.Http.Result.JsonResult[3]
      Writing value of type '<>f__AnonymousType7`2' as Json.
info: Microsoft.AspNetCore.Routing.EndpointMiddleware[1]
      Executed endpoint 'HTTP: GET /api/task/v1/task/getVehicleInfo/{deviceKey}'
info: Microsoft.AspNetCore.Hosting.Diagnostics[2]
      Request finished HTTP/1.1 GET http://127.0.0.1:48408/api/task/v1/task/getVehicleInfo/BROKERX-L2-0001 - 200 - application/json;+charset=utf-8 0.3737ms
info: Microsoft.AspNetCore.Hosting.Diagnostics[1]
      Request starting HTTP/1.1 GET http://127.0.0.1:48408/api/order/v1/orderRecord?pageNum=1&pageSize=100&filterByState=1&filterByState=3&filterByState=7&filterByState=9 - - -
info: Microsoft.AspNetCore.Routing.EndpointMiddleware[0]
      Executing endpoint 'HTTP: GET /api/order/v1/orderRecord'
info: Microsoft.AspNetCore.Http.Result.JsonResult[3]
      Writing value of type '<>f__AnonymousType5`3' as Json.
info: Microsoft.AspNetCore.Routing.EndpointMiddleware[1]
      Executed endpoint 'HTTP: GET /api/order/v1/orderRecord'
info: Microsoft.AspNetCore.Hosting.Diagnostics[2]
      Request finished HTTP/1.1 GET http://127.0.0.1:48408/api/order/v1/orderRecord?pageNum=1&pageSize=100&filterByState=1&filterByState=3&filterByState=7&filterByState=9 - 200 - application/json;+charset=utf-8 0.2582ms
info: Microsoft.AspNetCore.Hosting.Diagnostics[1]
      Request starting HTTP/1.1 GET http://127.0.0.1:48408/api/imap/v1/mapInfo/stations/25 - - -
info: Microsoft.AspNetCore.Routing.EndpointMiddleware[0]
      Executing endpoint 'HTTP: GET /api/imap/v1/mapInfo/stations/{mapId:int}'
info: Microsoft.AspNetCore.Http.Result.JsonResult[3]
      Writing value of type '<>f__AnonymousType5`3' as Json.
info: Microsoft.AspNetCore.Routing.EndpointMiddleware[1]
      Executed endpoint 'HTTP: GET /api/imap/v1/mapInfo/stations/{mapId:int}'
info: Microsoft.AspNetCore.Hosting.Diagnostics[2]
      Request finished HTTP/1.1 GET http://127.0.0.1:48408/api/imap/v1/mapInfo/stations/25 - 200 - application/json;+charset=utf-8 0.2014ms
info: Microsoft.AspNetCore.Hosting.Diagnostics[1]
      Request starting HTTP/1.1 GET http://127.0.0.1:48408/api/task/v1/task/getVehicleInfo/BROKERX-L2-0001 - - -
info: Microsoft.AspNetCore.Routing.EndpointMiddleware[0]
      Executing endpoint 'HTTP: GET /api/task/v1/task/getVehicleInfo/{deviceKey}'
info: Microsoft.AspNetCore.Http.Result.JsonResult[3]
      Writing value of type '<>f__AnonymousType7`2' as Json.
info: Microsoft.AspNetCore.Routing.EndpointMiddleware[1]
      Executed endpoint 'HTTP: GET /api/task/v1/task/getVehicleInfo/{deviceKey}'
info: Microsoft.AspNetCore.Hosting.Diagnostics[2]
      Request finished HTTP/1.1 GET http://127.0.0.1:48408/api/task/v1/task/getVehicleInfo/BROKERX-L2-0001 - 200 - application/json;+charset=utf-8 3.4421ms
info: Microsoft.AspNetCore.Hosting.Diagnostics[1]
      Request starting HTTP/1.1 GET http://127.0.0.1:48408/api/order/v1/orderRecord?pageNum=1&pageSize=100&filterByState=1&filterByState=3&filterByState=7&filterByState=9 - - -
info: Microsoft.AspNetCore.Routing.EndpointMiddleware[0]
      Executing endpoint 'HTTP: GET /api/order/v1/orderRecord'
info: Microsoft.AspNetCore.Http.Result.JsonResult[3]
      Writing value of type '<>f__AnonymousType5`3' as Json.
info: Microsoft.AspNetCore.Routing.EndpointMiddleware[1]
      Executed endpoint 'HTTP: GET /api/order/v1/orderRecord'
info: Microsoft.AspNetCore.Hosting.Diagnostics[2]
      Request finished HTTP/1.1 GET http://127.0.0.1:48408/api/order/v1/orderRecord?pageNum=1&pageSize=100&filterByState=1&filterByState=3&filterByState=7&filterByState=9 - 200 - application/json;+charset=utf-8 0.2049ms
info: Microsoft.AspNetCore.Hosting.Diagnostics[1]
      Request starting HTTP/1.1 GET http://127.0.0.1:48408/api/imap/v1/mapInfo/stations/25 - - -
info: Microsoft.AspNetCore.Routing.EndpointMiddleware[0]
      Executing endpoint 'HTTP: GET /api/imap/v1/mapInfo/stations/{mapId:int}'
info: Microsoft.AspNetCore.Http.Result.JsonResult[3]
      Writing value of type '<>f__AnonymousType5`3' as Json.
info: Microsoft.AspNetCore.Routing.EndpointMiddleware[1]
      Executed endpoint 'HTTP: GET /api/imap/v1/mapInfo/stations/{mapId:int}'
info: Microsoft.AspNetCore.Hosting.Diagnostics[2]
      Request finished HTTP/1.1 GET http://127.0.0.1:48408/api/imap/v1/mapInfo/stations/25 - 200 - application/json;+charset=utf-8 0.5259ms
info: Microsoft.AspNetCore.Hosting.Diagnostics[1]
      Request starting HTTP/1.1 GET http://127.0.0.1:48408/api/task/vehicles/getVehicleInfoByDeviceKey?key=BROKERX-L2-0001 - - -
info: Microsoft.AspNetCore.Routing.EndpointMiddleware[0]
      Executing endpoint 'HTTP: GET /api/task/vehicles/getVehicleInfoByDeviceKey'
info: Microsoft.AspNetCore.Http.Result.JsonResult[3]
      Writing value of type '<>f__AnonymousType5`3' as Json.
info: Microsoft.AspNetCore.Routing.EndpointMiddleware[1]
      Executed endpoint 'HTTP: GET /api/task/vehicles/getVehicleInfoByDeviceKey'
info: Microsoft.AspNetCore.Hosting.Diagnostics[2]
      Request finished HTTP/1.1 GET http://127.0.0.1:48408/api/task/vehicles/getVehicleInfoByDeviceKey?key=BROKERX-L2-0001 - 200 - application/json;+charset=utf-8 8.8794ms
info: Microsoft.AspNetCore.Hosting.Diagnostics[1]
      Request starting HTTP/1.1 GET http://127.0.0.1:48408/api/task/v1/task/getVehicleInfo/BROKERX-L2-0001 - - -
info: Microsoft.AspNetCore.Routing.EndpointMiddleware[0]
      Executing endpoint 'HTTP: GET /api/task/v1/task/getVehicleInfo/{deviceKey}'
info: Microsoft.AspNetCore.Http.Result.JsonResult[3]
      Writing value of type '<>f__AnonymousType7`2' as Json.
info: Microsoft.AspNetCore.Routing.EndpointMiddleware[1]
      Executed endpoint 'HTTP: GET /api/task/v1/task/getVehicleInfo/{deviceKey}'
info: Microsoft.AspNetCore.Hosting.Diagnostics[2]
      Request finished HTTP/1.1 GET http://127.0.0.1:48408/api/task/v1/task/getVehicleInfo/BROKERX-L2-0001 - 200 - application/json;+charset=utf-8 0.2248ms
info: Microsoft.AspNetCore.Hosting.Diagnostics[1]
      Request starting HTTP/1.1 GET http://127.0.0.1:48408/api/order/v1/orderRecord?pageNum=1&pageSize=100&filterByState=1&filterByState=3&filterByState=7&filterByState=9 - - -
info: Microsoft.AspNetCore.Routing.EndpointMiddleware[0]
      Executing endpoint 'HTTP: GET /api/order/v1/orderRecord'
info: Microsoft.AspNetCore.Http.Result.JsonResult[3]
      Writing value of type '<>f__AnonymousType5`3' as Json.
info: Microsoft.AspNetCore.Routing.EndpointMiddleware[1]
      Executed endpoint 'HTTP: GET /api/order/v1/orderRecord'
info: Microsoft.AspNetCore.Hosting.Diagnostics[2]
      Request finished HTTP/1.1 GET http://127.0.0.1:48408/api/order/v1/orderRecord?pageNum=1&pageSize=100&filterByState=1&filterByState=3&filterByState=7&filterByState=9 - 200 - application/json;+charset=utf-8 0.1987ms
info: Microsoft.AspNetCore.Hosting.Diagnostics[1]
      Request starting HTTP/1.1 GET http://127.0.0.1:48408/api/imap/v1/mapInfo/stations/25 - - -
info: Microsoft.AspNetCore.Routing.EndpointMiddleware[0]
      Executing endpoint 'HTTP: GET /api/imap/v1/mapInfo/stations/{mapId:int}'
info: Microsoft.AspNetCore.Http.Result.JsonResult[3]
      Writing value of type '<>f__AnonymousType5`3' as Json.
info: Microsoft.AspNetCore.Routing.EndpointMiddleware[1]
      Executed endpoint 'HTTP: GET /api/imap/v1/mapInfo/stations/{mapId:int}'
info: Microsoft.AspNetCore.Hosting.Diagnostics[2]
      Request finished HTTP/1.1 GET http://127.0.0.1:48408/api/imap/v1/mapInfo/stations/25 - 200 - application/json;+charset=utf-8 0.3500ms
info: Microsoft.AspNetCore.Hosting.Diagnostics[1]
      Request starting HTTP/1.1 GET http://127.0.0.1:48408/api/task/vehicles/getVehicleInfoByDeviceKey?key=BROKERX-L2-0001 - - -
info: Microsoft.AspNetCore.Routing.EndpointMiddleware[0]
      Executing endpoint 'HTTP: GET /api/task/vehicles/getVehicleInfoByDeviceKey'
info: Microsoft.AspNetCore.Http.Result.JsonResult[3]
      Writing value of type '<>f__AnonymousType5`3' as Json.
info: Microsoft.AspNetCore.Routing.EndpointMiddleware[1]
      Executed endpoint 'HTTP: GET /api/task/vehicles/getVehicleInfoByDeviceKey'
info: Microsoft.AspNetCore.Hosting.Diagnostics[2]
      Request finished HTTP/1.1 GET http://127.0.0.1:48408/api/task/vehicles/getVehicleInfoByDeviceKey?key=BROKERX-L2-0001 - 200 - application/json;+charset=utf-8 0.1743ms
info: Microsoft.AspNetCore.Hosting.Diagnostics[1]
      Request starting HTTP/1.1 GET http://127.0.0.1:48408/api/task/v1/task/getVehicleInfo/BROKERX-L2-0001 - - -
info: Microsoft.AspNetCore.Routing.EndpointMiddleware[0]
      Executing endpoint 'HTTP: GET /api/task/v1/task/getVehicleInfo/{deviceKey}'
info: Microsoft.AspNetCore.Http.Result.JsonResult[3]
      Writing value of type '<>f__AnonymousType7`2' as Json.
info: Microsoft.AspNetCore.Routing.EndpointMiddleware[1]
      Executed endpoint 'HTTP: GET /api/task/v1/task/getVehicleInfo/{deviceKey}'
info: Microsoft.AspNetCore.Hosting.Diagnostics[2]
      Request finished HTTP/1.1 GET http://127.0.0.1:48408/api/task/v1/task/getVehicleInfo/BROKERX-L2-0001 - 200 - application/json;+charset=utf-8 0.1831ms
info: Microsoft.AspNetCore.Hosting.Diagnostics[1]
      Request starting HTTP/1.1 GET http://127.0.0.1:48408/api/order/v1/orderRecord?pageNum=1&pageSize=100&filterByState=1&filterByState=3&filterByState=7&filterByState=9 - - -
info: Microsoft.AspNetCore.Routing.EndpointMiddleware[0]
      Executing endpoint 'HTTP: GET /api/order/v1/orderRecord'
info: Microsoft.AspNetCore.Http.Result.JsonResult[3]
      Writing value of type '<>f__AnonymousType5`3' as Json.
info: Microsoft.AspNetCore.Routing.EndpointMiddleware[1]
      Executed endpoint 'HTTP: GET /api/order/v1/orderRecord'
info: Microsoft.AspNetCore.Hosting.Diagnostics[2]
      Request finished HTTP/1.1 GET http://127.0.0.1:48408/api/order/v1/orderRecord?pageNum=1&pageSize=100&filterByState=1&filterByState=3&filterByState=7&filterByState=9 - 200 - application/json;+charset=utf-8 0.2028ms
info: Microsoft.AspNetCore.Hosting.Diagnostics[1]
      Request starting HTTP/1.1 GET http://127.0.0.1:48408/api/imap/v1/mapInfo/stations/25 - - -
info: Microsoft.AspNetCore.Routing.EndpointMiddleware[0]
      Executing endpoint 'HTTP: GET /api/imap/v1/mapInfo/stations/{mapId:int}'
info: Microsoft.AspNetCore.Http.Result.JsonResult[3]
      Writing value of type '<>f__AnonymousType5`3' as Json.
info: Microsoft.AspNetCore.Routing.EndpointMiddleware[1]
      Executed endpoint 'HTTP: GET /api/imap/v1/mapInfo/stations/{mapId:int}'
info: Microsoft.AspNetCore.Hosting.Diagnostics[2]
      Request finished HTTP/1.1 GET http://127.0.0.1:48408/api/imap/v1/mapInfo/stations/25 - 200 - application/json;+charset=utf-8 0.2044ms
info: Microsoft.AspNetCore.Hosting.Diagnostics[1]
      Request starting HTTP/1.1 GET http://127.0.0.1:48408/api/task/vehicles/getVehicleInfoByDeviceKey?key=BROKERX-L2-0001 - - -
info: Microsoft.AspNetCore.Routing.EndpointMiddleware[0]
      Executing endpoint 'HTTP: GET /api/task/vehicles/getVehicleInfoByDeviceKey'
info: Microsoft.AspNetCore.Http.Result.JsonResult[3]
      Writing value of type '<>f__AnonymousType5`3' as Json.
info: Microsoft.AspNetCore.Routing.EndpointMiddleware[1]
      Executed endpoint 'HTTP: GET /api/task/vehicles/getVehicleInfoByDeviceKey'
info: Microsoft.AspNetCore.Hosting.Diagnostics[2]
      Request finished HTTP/1.1 GET http://127.0.0.1:48408/api/task/vehicles/getVehicleInfoByDeviceKey?key=BROKERX-L2-0001 - 200 - application/json;+charset=utf-8 0.1657ms
info: Microsoft.AspNetCore.Hosting.Diagnostics[1]
      Request starting HTTP/1.1 GET http://127.0.0.1:48408/api/task/v1/task/getVehicleInfo/BROKERX-L2-0001 - - -
info: Microsoft.AspNetCore.Routing.EndpointMiddleware[0]
      Executing endpoint 'HTTP: GET /api/task/v1/task/getVehicleInfo/{deviceKey}'
info: Microsoft.AspNetCore.Http.Result.JsonResult[3]
      Writing value of type '<>f__AnonymousType7`2' as Json.
info: Microsoft.AspNetCore.Routing.EndpointMiddleware[1]
      Executed endpoint 'HTTP: GET /api/task/v1/task/getVehicleInfo/{deviceKey}'
info: Microsoft.AspNetCore.Hosting.Diagnostics[2]
      Request finished HTTP/1.1 GET http://127.0.0.1:48408/api/task/v1/task/getVehicleInfo/BROKERX-L2-0001 - 200 - application/json;+charset=utf-8 0.1508ms
info: Microsoft.AspNetCore.Hosting.Diagnostics[1]
      Request starting HTTP/1.1 GET http://127.0.0.1:48408/api/order/v1/orderRecord?pageNum=1&pageSize=100&filterByState=1&filterByState=3&filterByState=7&filterByState=9 - - -
info: Microsoft.AspNetCore.Routing.EndpointMiddleware[0]
      Executing endpoint 'HTTP: GET /api/order/v1/orderRecord'
info: Microsoft.AspNetCore.Http.Result.JsonResult[3]
      Writing value of type '<>f__AnonymousType5`3' as Json.
info: Microsoft.AspNetCore.Routing.EndpointMiddleware[1]
      Executed endpoint 'HTTP: GET /api/order/v1/orderRecord'
info: Microsoft.AspNetCore.Hosting.Diagnostics[2]
      Request finished HTTP/1.1 GET http://127.0.0.1:48408/api/order/v1/orderRecord?pageNum=1&pageSize=100&filterByState=1&filterByState=3&filterByState=7&filterByState=9 - 200 - application/json;+charset=utf-8 0.1616ms
info: Microsoft.AspNetCore.Hosting.Diagnostics[1]
      Request starting HTTP/1.1 GET http://127.0.0.1:48408/api/imap/v1/mapInfo/stations/25 - - -
info: Microsoft.AspNetCore.Routing.EndpointMiddleware[0]
      Executing endpoint 'HTTP: GET /api/imap/v1/mapInfo/stations/{mapId:int}'
info: Microsoft.AspNetCore.Http.Result.JsonResult[3]
      Writing value of type '<>f__AnonymousType5`3' as Json.
info: Microsoft.AspNetCore.Routing.EndpointMiddleware[1]
      Executed endpoint 'HTTP: GET /api/imap/v1/mapInfo/stations/{mapId:int}'
info: Microsoft.AspNetCore.Hosting.Diagnostics[2]
      Request finished HTTP/1.1 GET http://127.0.0.1:48408/api/imap/v1/mapInfo/stations/25 - 200 - application/json;+charset=utf-8 0.2024ms
info: Microsoft.AspNetCore.Hosting.Diagnostics[1]
      Request starting HTTP/1.1 GET http://127.0.0.1:48408/api/task/vehicles/getVehicleInfoByDeviceKey?key=BROKERX-L2-0001 - - -
info: Microsoft.AspNetCore.Routing.EndpointMiddleware[0]
      Executing endpoint 'HTTP: GET /api/task/vehicles/getVehicleInfoByDeviceKey'
info: Microsoft.AspNetCore.Http.Result.JsonResult[3]
      Writing value of type '<>f__AnonymousType5`3' as Json.
info: Microsoft.AspNetCore.Routing.EndpointMiddleware[1]
      Executed endpoint 'HTTP: GET /api/task/vehicles/getVehicleInfoByDeviceKey'
info: Microsoft.AspNetCore.Hosting.Diagnostics[2]
      Request finished HTTP/1.1 GET http://127.0.0.1:48408/api/task/vehicles/getVehicleInfoByDeviceKey?key=BROKERX-L2-0001 - 200 - application/json;+charset=utf-8 0.1578ms
info: Microsoft.AspNetCore.Hosting.Diagnostics[1]
      Request starting HTTP/1.1 GET http://127.0.0.1:48408/api/task/v1/task/getVehicleInfo/BROKERX-L2-0001 - - -
info: Microsoft.AspNetCore.Routing.EndpointMiddleware[0]
      Executing endpoint 'HTTP: GET /api/task/v1/task/getVehicleInfo/{deviceKey}'
info: Microsoft.AspNetCore.Http.Result.JsonResult[3]
      Writing value of type '<>f__AnonymousType7`2' as Json.
info: Microsoft.AspNetCore.Routing.EndpointMiddleware[1]
      Executed endpoint 'HTTP: GET /api/task/v1/task/getVehicleInfo/{deviceKey}'
info: Microsoft.AspNetCore.Hosting.Diagnostics[2]
      Request finished HTTP/1.1 GET http://127.0.0.1:48408/api/task/v1/task/getVehicleInfo/BROKERX-L2-0001 - 200 - application/json;+charset=utf-8 0.1606ms
info: Microsoft.AspNetCore.Hosting.Diagnostics[1]
      Request starting HTTP/1.1 GET http://127.0.0.1:48408/api/order/v1/orderRecord?pageNum=1&pageSize=100&filterByState=1&filterByState=3&filterByState=7&filterByState=9 - - -
info: Microsoft.AspNetCore.Routing.EndpointMiddleware[0]
      Executing endpoint 'HTTP: GET /api/order/v1/orderRecord'
info: Microsoft.AspNetCore.Http.Result.JsonResult[3]
      Writing value of type '<>f__AnonymousType5`3' as Json.
info: Microsoft.AspNetCore.Routing.EndpointMiddleware[1]
      Executed endpoint 'HTTP: GET /api/order/v1/orderRecord'
info: Microsoft.AspNetCore.Hosting.Diagnostics[2]
      Request finished HTTP/1.1 GET http://127.0.0.1:48408/api/order/v1/orderRecord?pageNum=1&pageSize=100&filterByState=1&filterByState=3&filterByState=7&filterByState=9 - 200 - application/json;+charset=utf-8 0.1496ms
info: Microsoft.AspNetCore.Hosting.Diagnostics[1]
      Request starting HTTP/1.1 GET http://127.0.0.1:48408/api/imap/v1/mapInfo/stations/25 - - -
info: Microsoft.AspNetCore.Routing.EndpointMiddleware[0]
      Executing endpoint 'HTTP: GET /api/imap/v1/mapInfo/stations/{mapId:int}'
info: Microsoft.AspNetCore.Http.Result.JsonResult[3]
      Writing value of type '<>f__AnonymousType5`3' as Json.
info: Microsoft.AspNetCore.Routing.EndpointMiddleware[1]
      Executed endpoint 'HTTP: GET /api/imap/v1/mapInfo/stations/{mapId:int}'
info: Microsoft.AspNetCore.Hosting.Diagnostics[2]
      Request finished HTTP/1.1 GET http://127.0.0.1:48408/api/imap/v1/mapInfo/stations/25 - 200 - application/json;+charset=utf-8 0.1842ms
info: Microsoft.AspNetCore.Hosting.Diagnostics[1]
      Request starting HTTP/1.1 GET http://127.0.0.1:48408/api/task/vehicles/getVehicleInfoByDeviceKey?key=BROKERX-L2-0001 - - -
info: Microsoft.AspNetCore.Routing.EndpointMiddleware[0]
      Executing endpoint 'HTTP: GET /api/task/vehicles/getVehicleInfoByDeviceKey'
info: Microsoft.AspNetCore.Http.Result.JsonResult[3]
      Writing value of type '<>f__AnonymousType5`3' as Json.
info: Microsoft.AspNetCore.Routing.EndpointMiddleware[1]
      Executed endpoint 'HTTP: GET /api/task/vehicles/getVehicleInfoByDeviceKey'
info: Microsoft.AspNetCore.Hosting.Diagnostics[2]
      Request finished HTTP/1.1 GET http://127.0.0.1:48408/api/task/vehicles/getVehicleInfoByDeviceKey?key=BROKERX-L2-0001 - 200 - application/json;+charset=utf-8 0.1585ms
info: Microsoft.AspNetCore.Hosting.Diagnostics[1]
      Request starting HTTP/1.1 GET http://127.0.0.1:48408/api/imap/v1/mapInfo/stations/25 - - -
info: Microsoft.AspNetCore.Routing.EndpointMiddleware[0]
      Executing endpoint 'HTTP: GET /api/imap/v1/mapInfo/stations/{mapId:int}'
info: Microsoft.AspNetCore.Http.Result.JsonResult[3]
      Writing value of type '<>f__AnonymousType5`3' as Json.
info: Microsoft.AspNetCore.Routing.EndpointMiddleware[1]
      Executed endpoint 'HTTP: GET /api/imap/v1/mapInfo/stations/{mapId:int}'
info: Microsoft.AspNetCore.Hosting.Diagnostics[2]
      Request finished HTTP/1.1 GET http://127.0.0.1:48408/api/imap/v1/mapInfo/stations/25 - 200 - application/json;+charset=utf-8 0.1635ms
info: Microsoft.AspNetCore.Hosting.Diagnostics[1]
      Request starting HTTP/1.1 GET http://127.0.0.1:48408/api/task/v1/task/getVehicleInfo/BROKERX-L2-0001 - - -
info: Microsoft.AspNetCore.Routing.EndpointMiddleware[0]
      Executing endpoint 'HTTP: GET /api/task/v1/task/getVehicleInfo/{deviceKey}'
info: Microsoft.AspNetCore.Http.Result.JsonResult[3]
      Writing value of type '<>f__AnonymousType7`2' as Json.
info: Microsoft.AspNetCore.Routing.EndpointMiddleware[1]
      Executed endpoint 'HTTP: GET /api/task/v1/task/getVehicleInfo/{deviceKey}'
info: Microsoft.AspNetCore.Hosting.Diagnostics[2]
      Request finished HTTP/1.1 GET http://127.0.0.1:48408/api/task/v1/task/getVehicleInfo/BROKERX-L2-0001 - 200 - application/json;+charset=utf-8 0.0819ms
info: Microsoft.AspNetCore.Hosting.Diagnostics[1]
      Request starting HTTP/1.1 GET http://127.0.0.1:48408/api/order/v1/orderRecord?pageNum=1&pageSize=100&filterByState=1&filterByState=3&filterByState=7&filterByState=9 - - -
info: Microsoft.AspNetCore.Routing.EndpointMiddleware[0]
      Executing endpoint 'HTTP: GET /api/order/v1/orderRecord'
info: Microsoft.AspNetCore.Http.Result.JsonResult[3]
      Writing value of type '<>f__AnonymousType5`3' as Json.
info: Microsoft.AspNetCore.Routing.EndpointMiddleware[1]
      Executed endpoint 'HTTP: GET /api/order/v1/orderRecord'
info: Microsoft.AspNetCore.Hosting.Diagnostics[2]
      Request finished HTTP/1.1 GET http://127.0.0.1:48408/api/order/v1/orderRecord?pageNum=1&pageSize=100&filterByState=1&filterByState=3&filterByState=7&filterByState=9 - 200 - application/json;+charset=utf-8 0.1747ms
info: Microsoft.AspNetCore.Hosting.Diagnostics[1]
      Request starting HTTP/1.1 GET http://127.0.0.1:48408/api/task/vehicles/getVehicleInfoByDeviceKey?key=BROKERX-L2-0001 - - -
info: Microsoft.AspNetCore.Routing.EndpointMiddleware[0]
      Executing endpoint 'HTTP: GET /api/task/vehicles/getVehicleInfoByDeviceKey'
info: Microsoft.AspNetCore.Http.Result.JsonResult[3]
      Writing value of type '<>f__AnonymousType5`3' as Json.
info: Microsoft.AspNetCore.Routing.EndpointMiddleware[1]
      Executed endpoint 'HTTP: GET /api/task/vehicles/getVehicleInfoByDeviceKey'
info: Microsoft.AspNetCore.Hosting.Diagnostics[2]
      Request finished HTTP/1.1 GET http://127.0.0.1:48408/api/task/vehicles/getVehicleInfoByDeviceKey?key=BROKERX-L2-0001 - 200 - application/json;+charset=utf-8 0.1477ms
info: Microsoft.AspNetCore.Hosting.Diagnostics[1]
      Request starting HTTP/1.1 GET http://127.0.0.1:48408/api/imap/v1/mapInfo/stations/25 - - -
info: Microsoft.AspNetCore.Routing.EndpointMiddleware[0]
      Executing endpoint 'HTTP: GET /api/imap/v1/mapInfo/stations/{mapId:int}'
info: Microsoft.AspNetCore.Http.Result.JsonResult[3]
      Writing value of type '<>f__AnonymousType5`3' as Json.
info: Microsoft.AspNetCore.Routing.EndpointMiddleware[1]
      Executed endpoint 'HTTP: GET /api/imap/v1/mapInfo/stations/{mapId:int}'
info: Microsoft.AspNetCore.Hosting.Diagnostics[2]
      Request finished HTTP/1.1 GET http://127.0.0.1:48408/api/imap/v1/mapInfo/stations/25 - 200 - application/json;+charset=utf-8 1.8959ms
info: Microsoft.AspNetCore.Hosting.Diagnostics[1]
      Request starting HTTP/1.1 GET http://127.0.0.1:48408/api/task/v1/task/getVehicleInfo/BROKERX-L2-0001 - - -
info: Microsoft.AspNetCore.Routing.EndpointMiddleware[0]
      Executing endpoint 'HTTP: GET /api/task/v1/task/getVehicleInfo/{deviceKey}'
info: Microsoft.AspNetCore.Http.Result.JsonResult[3]
      Writing value of type '<>f__AnonymousType7`2' as Json.
info: Microsoft.AspNetCore.Routing.EndpointMiddleware[1]
      Executed endpoint 'HTTP: GET /api/task/v1/task/getVehicleInfo/{deviceKey}'
info: Microsoft.AspNetCore.Hosting.Diagnostics[2]
      Request finished HTTP/1.1 GET http://127.0.0.1:48408/api/task/v1/task/getVehicleInfo/BROKERX-L2-0001 - 200 - application/json;+charset=utf-8 0.1493ms
info: Microsoft.AspNetCore.Hosting.Diagnostics[1]
      Request starting HTTP/1.1 GET http://127.0.0.1:48408/api/order/v1/orderRecord?pageNum=1&pageSize=100&filterByState=1&filterByState=3&filterByState=7&filterByState=9 - - -
info: Microsoft.AspNetCore.Routing.EndpointMiddleware[0]
      Executing endpoint 'HTTP: GET /api/order/v1/orderRecord'
info: Microsoft.AspNetCore.Http.Result.JsonResult[3]
      Writing value of type '<>f__AnonymousType5`3' as Json.
info: Microsoft.AspNetCore.Routing.EndpointMiddleware[1]
      Executed endpoint 'HTTP: GET /api/order/v1/orderRecord'
info: Microsoft.AspNetCore.Hosting.Diagnostics[2]
      Request finished HTTP/1.1 GET http://127.0.0.1:48408/api/order/v1/orderRecord?pageNum=1&pageSize=100&filterByState=1&filterByState=3&filterByState=7&filterByState=9 - 200 - application/json;+charset=utf-8 0.2091ms
info: Microsoft.AspNetCore.Hosting.Diagnostics[1]
      Request starting HTTP/1.1 GET http://127.0.0.1:48408/api/task/vehicles/getVehicleInfoByDeviceKey?key=BROKERX-L2-0001 - - -
info: Microsoft.AspNetCore.Routing.EndpointMiddleware[0]
      Executing endpoint 'HTTP: GET /api/task/vehicles/getVehicleInfoByDeviceKey'
info: Microsoft.AspNetCore.Http.Result.JsonResult[3]
      Writing value of type '<>f__AnonymousType5`3' as Json.
info: Microsoft.AspNetCore.Routing.EndpointMiddleware[1]
      Executed endpoint 'HTTP: GET /api/task/vehicles/getVehicleInfoByDeviceKey'
info: Microsoft.AspNetCore.Hosting.Diagnostics[2]
      Request finished HTTP/1.1 GET http://127.0.0.1:48408/api/task/vehicles/getVehicleInfoByDeviceKey?key=BROKERX-L2-0001 - 200 - application/json;+charset=utf-8 0.1779ms
info: Microsoft.AspNetCore.Hosting.Diagnostics[1]
      Request starting HTTP/1.1 GET http://127.0.0.1:48408/api/imap/v1/mapInfo/stations/25 - - -
info: Microsoft.AspNetCore.Routing.EndpointMiddleware[0]
      Executing endpoint 'HTTP: GET /api/imap/v1/mapInfo/stations/{mapId:int}'
info: Microsoft.AspNetCore.Http.Result.JsonResult[3]
      Writing value of type '<>f__AnonymousType5`3' as Json.
info: Microsoft.AspNetCore.Routing.EndpointMiddleware[1]
      Executed endpoint 'HTTP: GET /api/imap/v1/mapInfo/stations/{mapId:int}'
info: Microsoft.AspNetCore.Hosting.Diagnostics[2]
      Request finished HTTP/1.1 GET http://127.0.0.1:48408/api/imap/v1/mapInfo/stations/25 - 200 - application/json;+charset=utf-8 0.1721ms
info: Microsoft.AspNetCore.Hosting.Diagnostics[1]
      Request starting HTTP/1.1 GET http://127.0.0.1:48408/api/task/v1/task/getVehicleInfo/BROKERX-L2-0001 - - -
info: Microsoft.AspNetCore.Routing.EndpointMiddleware[0]
      Executing endpoint 'HTTP: GET /api/task/v1/task/getVehicleInfo/{deviceKey}'
info: Microsoft.AspNetCore.Http.Result.JsonResult[3]
      Writing value of type '<>f__AnonymousType7`2' as Json.
info: Microsoft.AspNetCore.Routing.EndpointMiddleware[1]
      Executed endpoint 'HTTP: GET /api/task/v1/task/getVehicleInfo/{deviceKey}'
info: Microsoft.AspNetCore.Hosting.Diagnostics[2]
      Request finished HTTP/1.1 GET http://127.0.0.1:48408/api/task/v1/task/getVehicleInfo/BROKERX-L2-0001 - 200 - application/json;+charset=utf-8 0.1644ms
info: Microsoft.AspNetCore.Hosting.Diagnostics[1]
      Request starting HTTP/1.1 GET http://127.0.0.1:48408/api/order/v1/orderRecord?pageNum=1&pageSize=100&filterByState=1&filterByState=3&filterByState=7&filterByState=9 - - -
info: Microsoft.AspNetCore.Routing.EndpointMiddleware[0]
      Executing endpoint 'HTTP: GET /api/order/v1/orderRecord'
info: Microsoft.AspNetCore.Http.Result.JsonResult[3]
      Writing value of type '<>f__AnonymousType5`3' as Json.
info: Microsoft.AspNetCore.Routing.EndpointMiddleware[1]
      Executed endpoint 'HTTP: GET /api/order/v1/orderRecord'
info: Microsoft.AspNetCore.Hosting.Diagnostics[2]
      Request finished HTTP/1.1 GET http://127.0.0.1:48408/api/order/v1/orderRecord?pageNum=1&pageSize=100&filterByState=1&filterByState=3&filterByState=7&filterByState=9 - 200 - application/json;+charset=utf-8 0.2362ms
info: Microsoft.AspNetCore.Hosting.Diagnostics[1]
      Request starting HTTP/1.1 GET http://127.0.0.1:48408/api/task/vehicles/getVehicleInfoByDeviceKey?key=BROKERX-L2-0001 - - -
info: Microsoft.AspNetCore.Routing.EndpointMiddleware[0]
      Executing endpoint 'HTTP: GET /api/task/vehicles/getVehicleInfoByDeviceKey'
info: Microsoft.AspNetCore.Http.Result.JsonResult[3]
      Writing value of type '<>f__AnonymousType5`3' as Json.
info: Microsoft.AspNetCore.Routing.EndpointMiddleware[1]
      Executed endpoint 'HTTP: GET /api/task/vehicles/getVehicleInfoByDeviceKey'
info: Microsoft.AspNetCore.Hosting.Diagnostics[2]
      Request finished HTTP/1.1 GET http://127.0.0.1:48408/api/task/vehicles/getVehicleInfoByDeviceKey?key=BROKERX-L2-0001 - 200 - application/json;+charset=utf-8 0.2228ms
info: Microsoft.AspNetCore.Hosting.Diagnostics[1]
      Request starting HTTP/1.1 GET http://127.0.0.1:48408/control/v1/snapshot - - -
info: Microsoft.AspNetCore.Routing.EndpointMiddleware[0]
      Executing endpoint 'HTTP: GET /control/v1/snapshot'
info: Microsoft.AspNetCore.Http.Result.JsonResult[3]
      Writing value of type '<>f__AnonymousType0`6' as Json.
info: Microsoft.AspNetCore.Routing.EndpointMiddleware[1]
      Executed endpoint 'HTTP: GET /control/v1/snapshot'
info: Microsoft.AspNetCore.Hosting.Diagnostics[2]
      Request finished HTTP/1.1 GET http://127.0.0.1:48408/control/v1/snapshot - 200 - application/json;+charset=utf-8 0.6941ms
info: Microsoft.AspNetCore.Hosting.Diagnostics[1]
      Request starting HTTP/1.1 GET http://127.0.0.1:48408/control/v1/snapshot - - -
info: Microsoft.AspNetCore.Routing.EndpointMiddleware[0]
      Executing endpoint 'HTTP: GET /control/v1/snapshot'
info: Microsoft.AspNetCore.Http.Result.JsonResult[3]
      Writing value of type '<>f__AnonymousType0`6' as Json.
info: Microsoft.AspNetCore.Routing.EndpointMiddleware[1]
      Executed endpoint 'HTTP: GET /control/v1/snapshot'
info: Microsoft.AspNetCore.Hosting.Diagnostics[2]
      Request finished HTTP/1.1 GET http://127.0.0.1:48408/control/v1/snapshot - 200 - application/json;+charset=utf-8 0.4665ms
info: Microsoft.AspNetCore.Hosting.Diagnostics[1]
      Request starting HTTP/1.1 GET http://127.0.0.1:48408/control/v1/snapshot - - -
info: Microsoft.AspNetCore.Routing.EndpointMiddleware[0]
      Executing endpoint 'HTTP: GET /control/v1/snapshot'
info: Microsoft.AspNetCore.Http.Result.JsonResult[3]
      Writing value of type '<>f__AnonymousType0`6' as Json.
info: Microsoft.AspNetCore.Routing.EndpointMiddleware[1]
      Executed endpoint 'HTTP: GET /control/v1/snapshot'
info: Microsoft.AspNetCore.Hosting.Diagnostics[2]
      Request finished HTTP/1.1 GET http://127.0.0.1:48408/control/v1/snapshot - 200 - application/json;+charset=utf-8 0.3545ms
info: Microsoft.AspNetCore.Hosting.Diagnostics[1]
      Request starting HTTP/1.1 GET http://127.0.0.1:48408/api/imap/v1/mapInfo/stations/25 - - -
info: Microsoft.AspNetCore.Routing.EndpointMiddleware[0]
      Executing endpoint 'HTTP: GET /api/imap/v1/mapInfo/stations/{mapId:int}'
info: Microsoft.AspNetCore.Http.Result.JsonResult[3]
      Writing value of type '<>f__AnonymousType5`3' as Json.
info: Microsoft.AspNetCore.Routing.EndpointMiddleware[1]
      Executed endpoint 'HTTP: GET /api/imap/v1/mapInfo/stations/{mapId:int}'
info: Microsoft.AspNetCore.Hosting.Diagnostics[2]
      Request finished HTTP/1.1 GET http://127.0.0.1:48408/api/imap/v1/mapInfo/stations/25 - 200 - application/json;+charset=utf-8 0.1893ms
info: Microsoft.AspNetCore.Hosting.Diagnostics[1]
      Request starting HTTP/1.1 GET http://127.0.0.1:48408/api/task/v1/task/getVehicleInfo/BROKERX-L2-0001 - - -
info: Microsoft.AspNetCore.Routing.EndpointMiddleware[0]
      Executing endpoint 'HTTP: GET /api/task/v1/task/getVehicleInfo/{deviceKey}'
info: Microsoft.AspNetCore.Http.Result.JsonResult[3]
      Writing value of type '<>f__AnonymousType7`2' as Json.
info: Microsoft.AspNetCore.Routing.EndpointMiddleware[1]
      Executed endpoint 'HTTP: GET /api/task/v1/task/getVehicleInfo/{deviceKey}'
info: Microsoft.AspNetCore.Hosting.Diagnostics[2]
      Request finished HTTP/1.1 GET http://127.0.0.1:48408/api/task/v1/task/getVehicleInfo/BROKERX-L2-0001 - 200 - application/json;+charset=utf-8 0.1551ms
info: Microsoft.AspNetCore.Hosting.Diagnostics[1]
      Request starting HTTP/1.1 GET http://127.0.0.1:48408/api/order/v1/orderRecord?pageNum=1&pageSize=100&filterByState=1&filterByState=3&filterByState=7&filterByState=9 - - -
info: Microsoft.AspNetCore.Routing.EndpointMiddleware[0]
      Executing endpoint 'HTTP: GET /api/order/v1/orderRecord'
info: Microsoft.AspNetCore.Http.Result.JsonResult[3]
      Writing value of type '<>f__AnonymousType5`3' as Json.
info: Microsoft.AspNetCore.Routing.EndpointMiddleware[1]
      Executed endpoint 'HTTP: GET /api/order/v1/orderRecord'
info: Microsoft.AspNetCore.Hosting.Diagnostics[2]
      Request finished HTTP/1.1 GET http://127.0.0.1:48408/api/order/v1/orderRecord?pageNum=1&pageSize=100&filterByState=1&filterByState=3&filterByState=7&filterByState=9 - 200 - application/json;+charset=utf-8 0.2129ms
info: Microsoft.AspNetCore.Hosting.Diagnostics[1]
      Request starting HTTP/1.1 GET http://127.0.0.1:48408/api/task/vehicles/getVehicleInfoByDeviceKey?key=BROKERX-L2-0001 - - -
info: Microsoft.AspNetCore.Routing.EndpointMiddleware[0]
      Executing endpoint 'HTTP: GET /api/task/vehicles/getVehicleInfoByDeviceKey'
info: Microsoft.AspNetCore.Http.Result.JsonResult[3]
      Writing value of type '<>f__AnonymousType5`3' as Json.
info: Microsoft.AspNetCore.Routing.EndpointMiddleware[1]
      Executed endpoint 'HTTP: GET /api/task/vehicles/getVehicleInfoByDeviceKey'
info: Microsoft.AspNetCore.Hosting.Diagnostics[2]
      Request finished HTTP/1.1 GET http://127.0.0.1:48408/api/task/vehicles/getVehicleInfoByDeviceKey?key=BROKERX-L2-0001 - 200 - application/json;+charset=utf-8 0.1998ms
info: Microsoft.AspNetCore.Hosting.Diagnostics[1]
      Request starting HTTP/1.1 GET http://127.0.0.1:48408/control/v1/snapshot - - -
info: Microsoft.AspNetCore.Routing.EndpointMiddleware[0]
      Executing endpoint 'HTTP: GET /control/v1/snapshot'
info: Microsoft.AspNetCore.Http.Result.JsonResult[3]
      Writing value of type '<>f__AnonymousType0`6' as Json.
info: Microsoft.AspNetCore.Routing.EndpointMiddleware[1]
      Executed endpoint 'HTTP: GET /control/v1/snapshot'
info: Microsoft.AspNetCore.Hosting.Diagnostics[2]
      Request finished HTTP/1.1 GET http://127.0.0.1:48408/control/v1/snapshot - 200 - application/json;+charset=utf-8 0.5277ms
info: Microsoft.AspNetCore.Hosting.Diagnostics[1]
      Request starting HTTP/1.1 GET http://127.0.0.1:48408/control/v1/snapshot - - -
info: Microsoft.AspNetCore.Routing.EndpointMiddleware[0]
      Executing endpoint 'HTTP: GET /control/v1/snapshot'
info: Microsoft.AspNetCore.Http.Result.JsonResult[3]
      Writing value of type '<>f__AnonymousType0`6' as Json.
info: Microsoft.AspNetCore.Routing.EndpointMiddleware[1]
      Executed endpoint 'HTTP: GET /control/v1/snapshot'
info: Microsoft.AspNetCore.Hosting.Diagnostics[2]
      Request finished HTTP/1.1 GET http://127.0.0.1:48408/control/v1/snapshot - 200 - application/json;+charset=utf-8 0.4958ms
info: Microsoft.AspNetCore.Hosting.Diagnostics[1]
      Request starting HTTP/1.1 GET http://127.0.0.1:48408/control/v1/snapshot - - -
info: Microsoft.AspNetCore.Routing.EndpointMiddleware[0]
      Executing endpoint 'HTTP: GET /control/v1/snapshot'
info: Microsoft.AspNetCore.Http.Result.JsonResult[3]
      Writing value of type '<>f__AnonymousType0`6' as Json.
info: Microsoft.AspNetCore.Routing.EndpointMiddleware[1]
      Executed endpoint 'HTTP: GET /control/v1/snapshot'
info: Microsoft.AspNetCore.Hosting.Diagnostics[2]
      Request finished HTTP/1.1 GET http://127.0.0.1:48408/control/v1/snapshot - 200 - application/json;+charset=utf-8 0.3606ms
info: Microsoft.AspNetCore.Hosting.Diagnostics[1]
      Request starting HTTP/1.1 GET http://127.0.0.1:48408/api/imap/v1/mapInfo/stations/25 - - -
info: Microsoft.AspNetCore.Routing.EndpointMiddleware[0]
      Executing endpoint 'HTTP: GET /api/imap/v1/mapInfo/stations/{mapId:int}'
info: Microsoft.AspNetCore.Http.Result.JsonResult[3]
      Writing value of type '<>f__AnonymousType5`3' as Json.
info: Microsoft.AspNetCore.Routing.EndpointMiddleware[1]
      Executed endpoint 'HTTP: GET /api/imap/v1/mapInfo/stations/{mapId:int}'
info: Microsoft.AspNetCore.Hosting.Diagnostics[2]
      Request finished HTTP/1.1 GET http://127.0.0.1:48408/api/imap/v1/mapInfo/stations/25 - 200 - application/json;+charset=utf-8 0.1888ms
info: Microsoft.AspNetCore.Hosting.Diagnostics[1]
      Request starting HTTP/1.1 GET http://127.0.0.1:48408/api/task/vehicles/getVehicleInfoByDeviceKey?key=BROKERX-L2-0001 - - -
info: Microsoft.AspNetCore.Routing.EndpointMiddleware[0]
      Executing endpoint 'HTTP: GET /api/task/vehicles/getVehicleInfoByDeviceKey'
info: Microsoft.AspNetCore.Http.Result.JsonResult[3]
      Writing value of type '<>f__AnonymousType5`3' as Json.
info: Microsoft.AspNetCore.Routing.EndpointMiddleware[1]
      Executed endpoint 'HTTP: GET /api/task/vehicles/getVehicleInfoByDeviceKey'
info: Microsoft.AspNetCore.Hosting.Diagnostics[2]
      Request finished HTTP/1.1 GET http://127.0.0.1:48408/api/task/vehicles/getVehicleInfoByDeviceKey?key=BROKERX-L2-0001 - 200 - application/json;+charset=utf-8 0.1687ms
info: Microsoft.AspNetCore.Hosting.Diagnostics[1]
      Request starting HTTP/1.1 GET http://127.0.0.1:48408/api/task/v1/task/getVehicleInfo/BROKERX-L2-0001 - - -
info: Microsoft.AspNetCore.Routing.EndpointMiddleware[0]
      Executing endpoint 'HTTP: GET /api/task/v1/task/getVehicleInfo/{deviceKey}'
info: Microsoft.AspNetCore.Http.Result.JsonResult[3]
      Writing value of type '<>f__AnonymousType7`2' as Json.
info: Microsoft.AspNetCore.Routing.EndpointMiddleware[1]
      Executed endpoint 'HTTP: GET /api/task/v1/task/getVehicleInfo/{deviceKey}'
info: Microsoft.AspNetCore.Hosting.Diagnostics[2]
      Request finished HTTP/1.1 GET http://127.0.0.1:48408/api/task/v1/task/getVehicleInfo/BROKERX-L2-0001 - 200 - application/json;+charset=utf-8 0.3050ms
info: Microsoft.AspNetCore.Hosting.Diagnostics[1]
      Request starting HTTP/1.1 GET http://127.0.0.1:48408/api/order/v1/orderRecord?pageNum=1&pageSize=100&filterByState=1&filterByState=3&filterByState=7&filterByState=9 - - -
info: Microsoft.AspNetCore.Routing.EndpointMiddleware[0]
      Executing endpoint 'HTTP: GET /api/order/v1/orderRecord'
info: Microsoft.AspNetCore.Http.Result.JsonResult[3]
      Writing value of type '<>f__AnonymousType5`3' as Json.
info: Microsoft.AspNetCore.Routing.EndpointMiddleware[1]
      Executed endpoint 'HTTP: GET /api/order/v1/orderRecord'
info: Microsoft.AspNetCore.Hosting.Diagnostics[2]
      Request finished HTTP/1.1 GET http://127.0.0.1:48408/api/order/v1/orderRecord?pageNum=1&pageSize=100&filterByState=1&filterByState=3&filterByState=7&filterByState=9 - 200 - application/json;+charset=utf-8 0.2058ms
info: Microsoft.AspNetCore.Hosting.Diagnostics[1]
      Request starting HTTP/1.1 GET http://127.0.0.1:48408/control/v1/snapshot - - -
info: Microsoft.AspNetCore.Routing.EndpointMiddleware[0]
      Executing endpoint 'HTTP: GET /control/v1/snapshot'
info: Microsoft.AspNetCore.Http.Result.JsonResult[3]
      Writing value of type '<>f__AnonymousType0`6' as Json.
info: Microsoft.AspNetCore.Routing.EndpointMiddleware[1]
      Executed endpoint 'HTTP: GET /control/v1/snapshot'
info: Microsoft.AspNetCore.Hosting.Diagnostics[2]
      Request finished HTTP/1.1 GET http://127.0.0.1:48408/control/v1/snapshot - 200 - application/json;+charset=utf-8 0.3976ms
info: Microsoft.AspNetCore.Hosting.Diagnostics[1]
      Request starting HTTP/1.1 GET http://127.0.0.1:48408/control/v1/snapshot - - -
info: Microsoft.AspNetCore.Routing.EndpointMiddleware[0]
      Executing endpoint 'HTTP: GET /control/v1/snapshot'
info: Microsoft.AspNetCore.Http.Result.JsonResult[3]
      Writing value of type '<>f__AnonymousType0`6' as Json.
info: Microsoft.AspNetCore.Routing.EndpointMiddleware[1]
      Executed endpoint 'HTTP: GET /control/v1/snapshot'
info: Microsoft.AspNetCore.Hosting.Diagnostics[2]
      Request finished HTTP/1.1 GET http://127.0.0.1:48408/control/v1/snapshot - 200 - application/json;+charset=utf-8 0.3668ms
info: Microsoft.AspNetCore.Hosting.Diagnostics[1]
      Request starting HTTP/1.1 GET http://127.0.0.1:48408/control/v1/snapshot - - -
info: Microsoft.AspNetCore.Routing.EndpointMiddleware[0]
      Executing endpoint 'HTTP: GET /control/v1/snapshot'
info: Microsoft.AspNetCore.Http.Result.JsonResult[3]
      Writing value of type '<>f__AnonymousType0`6' as Json.
info: Microsoft.AspNetCore.Routing.EndpointMiddleware[1]
      Executed endpoint 'HTTP: GET /control/v1/snapshot'
info: Microsoft.AspNetCore.Hosting.Diagnostics[2]
      Request finished HTTP/1.1 GET http://127.0.0.1:48408/control/v1/snapshot - 200 - application/json;+charset=utf-8 0.5230ms
info: Microsoft.AspNetCore.Hosting.Diagnostics[1]
      Request starting HTTP/1.1 GET http://127.0.0.1:48408/api/imap/v1/mapInfo/stations/25 - - -
info: Microsoft.AspNetCore.Routing.EndpointMiddleware[0]
      Executing endpoint 'HTTP: GET /api/imap/v1/mapInfo/stations/{mapId:int}'
info: Microsoft.AspNetCore.Http.Result.JsonResult[3]
      Writing value of type '<>f__AnonymousType5`3' as Json.
info: Microsoft.AspNetCore.Routing.EndpointMiddleware[1]
      Executed endpoint 'HTTP: GET /api/imap/v1/mapInfo/stations/{mapId:int}'
info: Microsoft.AspNetCore.Hosting.Diagnostics[2]
      Request finished HTTP/1.1 GET http://127.0.0.1:48408/api/imap/v1/mapInfo/stations/25 - 200 - application/json;+charset=utf-8 0.1624ms
info: Microsoft.AspNetCore.Hosting.Diagnostics[1]
      Request starting HTTP/1.1 GET http://127.0.0.1:48408/api/task/vehicles/getVehicleInfoByDeviceKey?key=BROKERX-L2-0001 - - -
info: Microsoft.AspNetCore.Routing.EndpointMiddleware[0]
      Executing endpoint 'HTTP: GET /api/task/vehicles/getVehicleInfoByDeviceKey'
info: Microsoft.AspNetCore.Http.Result.JsonResult[3]
      Writing value of type '<>f__AnonymousType5`3' as Json.
info: Microsoft.AspNetCore.Routing.EndpointMiddleware[1]
      Executed endpoint 'HTTP: GET /api/task/vehicles/getVehicleInfoByDeviceKey'
info: Microsoft.AspNetCore.Hosting.Diagnostics[2]
      Request finished HTTP/1.1 GET http://127.0.0.1:48408/api/task/vehicles/getVehicleInfoByDeviceKey?key=BROKERX-L2-0001 - 200 - application/json;+charset=utf-8 0.1556ms
info: Microsoft.AspNetCore.Hosting.Diagnostics[1]
      Request starting HTTP/1.1 GET http://127.0.0.1:48408/api/task/v1/task/getVehicleInfo/BROKERX-L2-0001 - - -
info: Microsoft.AspNetCore.Routing.EndpointMiddleware[0]
      Executing endpoint 'HTTP: GET /api/task/v1/task/getVehicleInfo/{deviceKey}'
info: Microsoft.AspNetCore.Http.Result.JsonResult[3]
      Writing value of type '<>f__AnonymousType7`2' as Json.
info: Microsoft.AspNetCore.Routing.EndpointMiddleware[1]
      Executed endpoint 'HTTP: GET /api/task/v1/task/getVehicleInfo/{deviceKey}'
info: Microsoft.AspNetCore.Hosting.Diagnostics[2]
      Request finished HTTP/1.1 GET http://127.0.0.1:48408/api/task/v1/task/getVehicleInfo/BROKERX-L2-0001 - 200 - application/json;+charset=utf-8 0.2962ms
info: Microsoft.AspNetCore.Hosting.Diagnostics[1]
      Request starting HTTP/1.1 GET http://127.0.0.1:48408/api/order/v1/orderRecord?pageNum=1&pageSize=100&filterByState=1&filterByState=3&filterByState=7&filterByState=9 - - -
info: Microsoft.AspNetCore.Routing.EndpointMiddleware[0]
      Executing endpoint 'HTTP: GET /api/order/v1/orderRecord'
info: Microsoft.AspNetCore.Http.Result.JsonResult[3]
      Writing value of type '<>f__AnonymousType5`3' as Json.
info: Microsoft.AspNetCore.Routing.EndpointMiddleware[1]
      Executed endpoint 'HTTP: GET /api/order/v1/orderRecord'
info: Microsoft.AspNetCore.Hosting.Diagnostics[2]
      Request finished HTTP/1.1 GET http://127.0.0.1:48408/api/order/v1/orderRecord?pageNum=1&pageSize=100&filterByState=1&filterByState=3&filterByState=7&filterByState=9 - 200 - application/json;+charset=utf-8 0.2010ms
info: Microsoft.AspNetCore.Hosting.Diagnostics[1]
      Request starting HTTP/1.1 GET http://127.0.0.1:48408/control/v1/snapshot - - -
info: Microsoft.AspNetCore.Routing.EndpointMiddleware[0]
      Executing endpoint 'HTTP: GET /control/v1/snapshot'
info: Microsoft.AspNetCore.Http.Result.JsonResult[3]
      Writing value of type '<>f__AnonymousType0`6' as Json.
info: Microsoft.AspNetCore.Routing.EndpointMiddleware[1]
      Executed endpoint 'HTTP: GET /control/v1/snapshot'
info: Microsoft.AspNetCore.Hosting.Diagnostics[2]
      Request finished HTTP/1.1 GET http://127.0.0.1:48408/control/v1/snapshot - 200 - application/json;+charset=utf-8 0.3109ms
info: Microsoft.AspNetCore.Hosting.Diagnostics[1]
      Request starting HTTP/1.1 GET http://127.0.0.1:48408/control/v1/snapshot - - -
info: Microsoft.AspNetCore.Routing.EndpointMiddleware[0]
      Executing endpoint 'HTTP: GET /control/v1/snapshot'
info: Microsoft.AspNetCore.Http.Result.JsonResult[3]
      Writing value of type '<>f__AnonymousType0`6' as Json.
info: Microsoft.AspNetCore.Routing.EndpointMiddleware[1]
      Executed endpoint 'HTTP: GET /control/v1/snapshot'
info: Microsoft.AspNetCore.Hosting.Diagnostics[2]
      Request finished HTTP/1.1 GET http://127.0.0.1:48408/control/v1/snapshot - 200 - application/json;+charset=utf-8 0.3952ms
info: Microsoft.AspNetCore.Hosting.Diagnostics[1]
      Request starting HTTP/1.1 GET http://127.0.0.1:48408/control/v1/snapshot - - -
info: Microsoft.AspNetCore.Routing.EndpointMiddleware[0]
      Executing endpoint 'HTTP: GET /control/v1/snapshot'
info: Microsoft.AspNetCore.Http.Result.JsonResult[3]
      Writing value of type '<>f__AnonymousType0`6' as Json.
info: Microsoft.AspNetCore.Routing.EndpointMiddleware[1]
      Executed endpoint 'HTTP: GET /control/v1/snapshot'
info: Microsoft.AspNetCore.Hosting.Diagnostics[2]
      Request finished HTTP/1.1 GET http://127.0.0.1:48408/control/v1/snapshot - 200 - application/json;+charset=utf-8 0.5427ms
info: Microsoft.AspNetCore.Hosting.Diagnostics[1]
      Request starting HTTP/1.1 GET http://127.0.0.1:48408/api/imap/v1/mapInfo/stations/25 - - -
info: Microsoft.AspNetCore.Routing.EndpointMiddleware[0]
      Executing endpoint 'HTTP: GET /api/imap/v1/mapInfo/stations/{mapId:int}'
info: Microsoft.AspNetCore.Http.Result.JsonResult[3]
      Writing value of type '<>f__AnonymousType5`3' as Json.
info: Microsoft.AspNetCore.Routing.EndpointMiddleware[1]
      Executed endpoint 'HTTP: GET /api/imap/v1/mapInfo/stations/{mapId:int}'
info: Microsoft.AspNetCore.Hosting.Diagnostics[2]
      Request finished HTTP/1.1 GET http://127.0.0.1:48408/api/imap/v1/mapInfo/stations/25 - 200 - application/json;+charset=utf-8 0.1584ms
info: Microsoft.AspNetCore.Hosting.Diagnostics[1]
      Request starting HTTP/1.1 GET http://127.0.0.1:48408/api/task/vehicles/getVehicleInfoByDeviceKey?key=BROKERX-L2-0001 - - -
info: Microsoft.AspNetCore.Routing.EndpointMiddleware[0]
      Executing endpoint 'HTTP: GET /api/task/vehicles/getVehicleInfoByDeviceKey'
info: Microsoft.AspNetCore.Http.Result.JsonResult[3]
      Writing value of type '<>f__AnonymousType5`3' as Json.
info: Microsoft.AspNetCore.Routing.EndpointMiddleware[1]
      Executed endpoint 'HTTP: GET /api/task/vehicles/getVehicleInfoByDeviceKey'
info: Microsoft.AspNetCore.Hosting.Diagnostics[2]
      Request finished HTTP/1.1 GET http://127.0.0.1:48408/api/task/vehicles/getVehicleInfoByDeviceKey?key=BROKERX-L2-0001 - 200 - application/json;+charset=utf-8 0.1586ms
info: Microsoft.AspNetCore.Hosting.Diagnostics[1]
      Request starting HTTP/1.1 GET http://127.0.0.1:48408/control/v1/snapshot - - -
info: Microsoft.AspNetCore.Routing.EndpointMiddleware[0]
      Executing endpoint 'HTTP: GET /control/v1/snapshot'
info: Microsoft.AspNetCore.Http.Result.JsonResult[3]
      Writing value of type '<>f__AnonymousType0`6' as Json.
info: Microsoft.AspNetCore.Hosting.Diagnostics[1]
      Request starting HTTP/1.1 GET http://127.0.0.1:48408/api/task/v1/task/getVehicleInfo/BROKERX-L2-0001 - - -
info: Microsoft.AspNetCore.Routing.EndpointMiddleware[0]
      Executing endpoint 'HTTP: GET /api/task/v1/task/getVehicleInfo/{deviceKey}'
info: Microsoft.AspNetCore.Http.Result.JsonResult[3]
      Writing value of type '<>f__AnonymousType7`2' as Json.
info: Microsoft.AspNetCore.Routing.EndpointMiddleware[1]
      Executed endpoint 'HTTP: GET /api/task/v1/task/getVehicleInfo/{deviceKey}'
info: Microsoft.AspNetCore.Hosting.Diagnostics[2]
      Request finished HTTP/1.1 GET http://127.0.0.1:48408/api/task/v1/task/getVehicleInfo/BROKERX-L2-0001 - 200 - application/json;+charset=utf-8 0.0931ms
info: Microsoft.AspNetCore.Routing.EndpointMiddleware[1]
      Executed endpoint 'HTTP: GET /control/v1/snapshot'
info: Microsoft.AspNetCore.Hosting.Diagnostics[2]
      Request finished HTTP/1.1 GET http://127.0.0.1:48408/control/v1/snapshot - 200 - application/json;+charset=utf-8 0.3756ms
info: Microsoft.AspNetCore.Hosting.Diagnostics[1]
      Request starting HTTP/1.1 GET http://127.0.0.1:48408/api/order/v1/orderRecord?pageNum=1&pageSize=100&filterByState=1&filterByState=3&filterByState=7&filterByState=9 - - -
info: Microsoft.AspNetCore.Routing.EndpointMiddleware[0]
      Executing endpoint 'HTTP: GET /api/order/v1/orderRecord'
info: Microsoft.AspNetCore.Http.Result.JsonResult[3]
      Writing value of type '<>f__AnonymousType5`3' as Json.
info: Microsoft.AspNetCore.Routing.EndpointMiddleware[1]
      Executed endpoint 'HTTP: GET /api/order/v1/orderRecord'
info: Microsoft.AspNetCore.Hosting.Diagnostics[2]
      Request finished HTTP/1.1 GET http://127.0.0.1:48408/api/order/v1/orderRecord?pageNum=1&pageSize=100&filterByState=1&filterByState=3&filterByState=7&filterByState=9 - 200 - application/json;+charset=utf-8 0.2069ms
info: Microsoft.AspNetCore.Hosting.Diagnostics[1]
      Request starting HTTP/1.1 GET http://127.0.0.1:48408/api/imap/v1/mapInfo/stations/25 - - -
info: Microsoft.AspNetCore.Routing.EndpointMiddleware[0]
      Executing endpoint 'HTTP: GET /api/imap/v1/mapInfo/stations/{mapId:int}'
info: Microsoft.AspNetCore.Http.Result.JsonResult[3]
      Writing value of type '<>f__AnonymousType5`3' as Json.
info: Microsoft.AspNetCore.Routing.EndpointMiddleware[1]
      Executed endpoint 'HTTP: GET /api/imap/v1/mapInfo/stations/{mapId:int}'
info: Microsoft.AspNetCore.Hosting.Diagnostics[2]
      Request finished HTTP/1.1 GET http://127.0.0.1:48408/api/imap/v1/mapInfo/stations/25 - 200 - application/json;+charset=utf-8 0.1742ms
info: Microsoft.AspNetCore.Hosting.Diagnostics[1]
      Request starting HTTP/1.1 GET http://127.0.0.1:48408/api/task/vehicles/getVehicleInfoByDeviceKey?key=BROKERX-L2-0001 - - -
info: Microsoft.AspNetCore.Routing.EndpointMiddleware[0]
      Executing endpoint 'HTTP: GET /api/task/vehicles/getVehicleInfoByDeviceKey'
info: Microsoft.AspNetCore.Http.Result.JsonResult[3]
      Writing value of type '<>f__AnonymousType5`3' as Json.
info: Microsoft.AspNetCore.Routing.EndpointMiddleware[1]
      Executed endpoint 'HTTP: GET /api/task/vehicles/getVehicleInfoByDeviceKey'
info: Microsoft.AspNetCore.Hosting.Diagnostics[2]
      Request finished HTTP/1.1 GET http://127.0.0.1:48408/api/task/vehicles/getVehicleInfoByDeviceKey?key=BROKERX-L2-0001 - 200 - application/json;+charset=utf-8 0.1503ms
info: Microsoft.AspNetCore.Hosting.Diagnostics[1]
      Request starting HTTP/1.1 POST http://127.0.0.1:48408/api/task/v1/route/getRouteCostsBy - application/json 60
info: Microsoft.AspNetCore.Routing.EndpointMiddleware[0]
      Executing endpoint 'HTTP: POST /api/task/v1/route/getRouteCostsBy'
info: Microsoft.AspNetCore.Http.Result.JsonResult[3]
      Writing value of type '<>f__AnonymousType5`3' as Json.
info: Microsoft.AspNetCore.Routing.EndpointMiddleware[1]
      Executed endpoint 'HTTP: POST /api/task/v1/route/getRouteCostsBy'
info: Microsoft.AspNetCore.Hosting.Diagnostics[2]
      Request finished HTTP/1.1 POST http://127.0.0.1:48408/api/task/v1/route/getRouteCostsBy - 200 - application/json;+charset=utf-8 0.3197ms
info: Microsoft.AspNetCore.Hosting.Diagnostics[1]
      Request starting HTTP/1.1 GET http://127.0.0.1:48408/api/task/vehicles/getVehicleInfoByDeviceKey?key=BROKERX-L2-0001 - - -
info: Microsoft.AspNetCore.Routing.EndpointMiddleware[0]
      Executing endpoint 'HTTP: GET /api/task/vehicles/getVehicleInfoByDeviceKey'
info: Microsoft.AspNetCore.Http.Result.JsonResult[3]
      Writing value of type '<>f__AnonymousType5`3' as Json.
info: Microsoft.AspNetCore.Routing.EndpointMiddleware[1]
      Executed endpoint 'HTTP: GET /api/task/vehicles/getVehicleInfoByDeviceKey'
info: Microsoft.AspNetCore.Hosting.Diagnostics[2]
      Request finished HTTP/1.1 GET http://127.0.0.1:48408/api/task/vehicles/getVehicleInfoByDeviceKey?key=BROKERX-L2-0001 - 200 - application/json;+charset=utf-8 0.1850ms
info: Microsoft.AspNetCore.Hosting.Diagnostics[1]
      Request starting HTTP/1.1 GET http://127.0.0.1:48408/api/task/vehicles/getVehicleInfoByDeviceKey?key=BROKERX-L2-0001 - - -
info: Microsoft.AspNetCore.Routing.EndpointMiddleware[0]
      Executing endpoint 'HTTP: GET /api/task/vehicles/getVehicleInfoByDeviceKey'
info: Microsoft.AspNetCore.Http.Result.JsonResult[3]
      Writing value of type '<>f__AnonymousType5`3' as Json.
info: Microsoft.AspNetCore.Routing.EndpointMiddleware[1]
      Executed endpoint 'HTTP: GET /api/task/vehicles/getVehicleInfoByDeviceKey'
info: Microsoft.AspNetCore.Hosting.Diagnostics[2]
      Request finished HTTP/1.1 GET http://127.0.0.1:48408/api/task/vehicles/getVehicleInfoByDeviceKey?key=BROKERX-L2-0001 - 200 - application/json;+charset=utf-8 0.1632ms
info: Microsoft.AspNetCore.Hosting.Diagnostics[1]
      Request starting HTTP/1.1 GET http://127.0.0.1:48408/api/order/v1/orderRecord/detailByUpperId/W2G-a2dd45de-ce5a-4c0a-9365-14ba547bdb8a-PICKUP-1 - - -
info: Microsoft.AspNetCore.Routing.EndpointMiddleware[0]
      Executing endpoint 'HTTP: GET /api/order/v1/orderRecord/detailByUpperId/{upperId}'
info: Microsoft.AspNetCore.Http.Result.NotFoundObjectResult[1]
      Setting HTTP status code 404.
info: Microsoft.AspNetCore.Routing.EndpointMiddleware[1]
      Executed endpoint 'HTTP: GET /api/order/v1/orderRecord/detailByUpperId/{upperId}'
info: Microsoft.AspNetCore.Hosting.Diagnostics[2]
      Request finished HTTP/1.1 GET http://127.0.0.1:48408/api/order/v1/orderRecord/detailByUpperId/W2G-a2dd45de-ce5a-4c0a-9365-14ba547bdb8a-PICKUP-1 - 404 0 - 0.2582ms
info: Microsoft.AspNetCore.Hosting.Diagnostics[1]
      Request starting HTTP/1.1 POST http://127.0.0.1:48408/api/order/v1/add/byDefaultMissions - application/json 256
info: Microsoft.AspNetCore.Routing.EndpointMiddleware[0]
      Executing endpoint 'HTTP: POST /api/order/v1/add/byDefaultMissions'
info: Microsoft.AspNetCore.Http.Result.JsonResult[3]
      Writing value of type '<>f__AnonymousType5`3' as Json.
info: Microsoft.AspNetCore.Routing.EndpointMiddleware[1]
      Executed endpoint 'HTTP: POST /api/order/v1/add/byDefaultMissions'
info: Microsoft.AspNetCore.Hosting.Diagnostics[2]
      Request finished HTTP/1.1 POST http://127.0.0.1:48408/api/order/v1/add/byDefaultMissions - 200 - application/json;+charset=utf-8 0.3913ms
info: Microsoft.AspNetCore.Hosting.Diagnostics[1]
      Request starting HTTP/1.1 GET http://127.0.0.1:48408/api/order/v1/orderRecord/detailByUpperId/W2G-a2dd45de-ce5a-4c0a-9365-14ba547bdb8a-PICKUP-1 - - -
info: Microsoft.AspNetCore.Routing.EndpointMiddleware[0]
      Executing endpoint 'HTTP: GET /api/order/v1/orderRecord/detailByUpperId/{upperId}'
info: Microsoft.AspNetCore.Http.Result.JsonResult[3]
      Writing value of type '<>f__AnonymousType5`3' as Json.
info: Microsoft.AspNetCore.Routing.EndpointMiddleware[1]
      Executed endpoint 'HTTP: GET /api/order/v1/orderRecord/detailByUpperId/{upperId}'
info: Microsoft.AspNetCore.Hosting.Diagnostics[2]
      Request finished HTTP/1.1 GET http://127.0.0.1:48408/api/order/v1/orderRecord/detailByUpperId/W2G-a2dd45de-ce5a-4c0a-9365-14ba547bdb8a-PICKUP-1 - 200 - application/json;+charset=utf-8 0.1704ms
info: Microsoft.AspNetCore.Hosting.Diagnostics[1]
      Request starting HTTP/1.1 GET http://127.0.0.1:48408/api/task/v1/task/getVehicleInfo/BROKERX-L2-0001 - - -
info: Microsoft.AspNetCore.Routing.EndpointMiddleware[0]
      Executing endpoint 'HTTP: GET /api/task/v1/task/getVehicleInfo/{deviceKey}'
info: Microsoft.AspNetCore.Http.Result.JsonResult[3]
      Writing value of type '<>f__AnonymousType7`2' as Json.
info: Microsoft.AspNetCore.Routing.EndpointMiddleware[1]
      Executed endpoint 'HTTP: GET /api/task/v1/task/getVehicleInfo/{deviceKey}'
info: Microsoft.AspNetCore.Hosting.Diagnostics[2]
      Request finished HTTP/1.1 GET http://127.0.0.1:48408/api/task/v1/task/getVehicleInfo/BROKERX-L2-0001 - 200 - application/json;+charset=utf-8 0.1381ms
info: Microsoft.AspNetCore.Hosting.Diagnostics[1]
      Request starting HTTP/1.1 GET http://127.0.0.1:48408/api/order/v1/orderRecord?pageNum=1&pageSize=100&filterByState=1&filterByState=3&filterByState=7&filterByState=9 - - -
info: Microsoft.AspNetCore.Routing.EndpointMiddleware[0]
      Executing endpoint 'HTTP: GET /api/order/v1/orderRecord'
info: Microsoft.AspNetCore.Http.Result.JsonResult[3]
      Writing value of type '<>f__AnonymousType5`3' as Json.
info: Microsoft.AspNetCore.Routing.EndpointMiddleware[1]
      Executed endpoint 'HTTP: GET /api/order/v1/orderRecord'
info: Microsoft.AspNetCore.Hosting.Diagnostics[2]
      Request finished HTTP/1.1 GET http://127.0.0.1:48408/api/order/v1/orderRecord?pageNum=1&pageSize=100&filterByState=1&filterByState=3&filterByState=7&filterByState=9 - 200 - application/json;+charset=utf-8 0.2972ms
info: Microsoft.AspNetCore.Hosting.Diagnostics[1]
      Request starting HTTP/1.1 GET http://127.0.0.1:48408/control/v1/snapshot - - -
info: Microsoft.AspNetCore.Routing.EndpointMiddleware[0]
      Executing endpoint 'HTTP: GET /control/v1/snapshot'
info: Microsoft.AspNetCore.Http.Result.JsonResult[3]
      Writing value of type '<>f__AnonymousType0`6' as Json.
info: Microsoft.AspNetCore.Routing.EndpointMiddleware[1]
      Executed endpoint 'HTTP: GET /control/v1/snapshot'
info: Microsoft.AspNetCore.Hosting.Diagnostics[2]
      Request finished HTTP/1.1 GET http://127.0.0.1:48408/control/v1/snapshot - 200 - application/json;+charset=utf-8 0.4233ms
info: Microsoft.AspNetCore.Hosting.Diagnostics[1]
      Request starting HTTP/1.1 PUT http://127.0.0.1:48408/control/v1/orders/W2G-a2dd45de-ce5a-4c0a-9365-14ba547bdb8a-PICKUP-1 - application/json 146
info: Microsoft.AspNetCore.Routing.EndpointMiddleware[0]
      Executing endpoint 'HTTP: PUT /control/v1/orders/{upperId}'
info: Microsoft.AspNetCore.Http.Result.JsonResult[3]
      Writing value of type '<>f__AnonymousType0`6' as Json.
info: Microsoft.AspNetCore.Routing.EndpointMiddleware[1]
      Executed endpoint 'HTTP: PUT /control/v1/orders/{upperId}'
info: Microsoft.AspNetCore.Hosting.Diagnostics[2]
      Request finished HTTP/1.1 PUT http://127.0.0.1:48408/control/v1/orders/W2G-a2dd45de-ce5a-4c0a-9365-14ba547bdb8a-PICKUP-1 - 200 - application/json;+charset=utf-8 0.4271ms
info: Microsoft.AspNetCore.Hosting.Diagnostics[1]
      Request starting HTTP/1.1 GET http://127.0.0.1:48408/control/v1/snapshot - - -
info: Microsoft.AspNetCore.Routing.EndpointMiddleware[0]
      Executing endpoint 'HTTP: GET /control/v1/snapshot'
info: Microsoft.AspNetCore.Http.Result.JsonResult[3]
      Writing value of type '<>f__AnonymousType0`6' as Json.
info: Microsoft.AspNetCore.Routing.EndpointMiddleware[1]
      Executed endpoint 'HTTP: GET /control/v1/snapshot'
info: Microsoft.AspNetCore.Hosting.Diagnostics[2]
      Request finished HTTP/1.1 GET http://127.0.0.1:48408/control/v1/snapshot - 200 - application/json;+charset=utf-8 0.3517ms
info: Microsoft.AspNetCore.Hosting.Diagnostics[1]
      Request starting HTTP/1.1 PUT http://127.0.0.1:48408/control/v1/vehicle - application/json 259
info: Microsoft.AspNetCore.Routing.EndpointMiddleware[0]
      Executing endpoint 'HTTP: PUT /control/v1/vehicle'
info: Microsoft.AspNetCore.Http.Result.JsonResult[3]
      Writing value of type '<>f__AnonymousType0`6' as Json.
info: Microsoft.AspNetCore.Routing.EndpointMiddleware[1]
      Executed endpoint 'HTTP: PUT /control/v1/vehicle'
info: Microsoft.AspNetCore.Hosting.Diagnostics[2]
      Request finished HTTP/1.1 PUT http://127.0.0.1:48408/control/v1/vehicle - 200 - application/json;+charset=utf-8 0.4831ms
info: Microsoft.AspNetCore.Hosting.Diagnostics[1]
      Request starting HTTP/1.1 GET http://127.0.0.1:48408/control/v1/snapshot - - -
info: Microsoft.AspNetCore.Routing.EndpointMiddleware[0]
      Executing endpoint 'HTTP: GET /control/v1/snapshot'
info: Microsoft.AspNetCore.Http.Result.JsonResult[3]
      Writing value of type '<>f__AnonymousType0`6' as Json.
info: Microsoft.AspNetCore.Routing.EndpointMiddleware[1]
      Executed endpoint 'HTTP: GET /control/v1/snapshot'
info: Microsoft.AspNetCore.Hosting.Diagnostics[2]
      Request finished HTTP/1.1 GET http://127.0.0.1:48408/control/v1/snapshot - 200 - application/json;+charset=utf-8 0.4741ms
info: Microsoft.AspNetCore.Hosting.Diagnostics[1]
      Request starting HTTP/1.1 PUT http://127.0.0.1:48408/control/v1/vehicle - application/json 277
info: Microsoft.AspNetCore.Routing.EndpointMiddleware[0]
      Executing endpoint 'HTTP: PUT /control/v1/vehicle'
info: Microsoft.AspNetCore.Http.Result.JsonResult[3]
      Writing value of type '<>f__AnonymousType0`6' as Json.
info: Microsoft.AspNetCore.Routing.EndpointMiddleware[1]
      Executed endpoint 'HTTP: PUT /control/v1/vehicle'
info: Microsoft.AspNetCore.Hosting.Diagnostics[2]
      Request finished HTTP/1.1 PUT http://127.0.0.1:48408/control/v1/vehicle - 200 - application/json;+charset=utf-8 0.4634ms
info: Microsoft.AspNetCore.Hosting.Diagnostics[1]
      Request starting HTTP/1.1 GET http://127.0.0.1:48408/control/v1/snapshot - - -
info: Microsoft.AspNetCore.Routing.EndpointMiddleware[0]
      Executing endpoint 'HTTP: GET /control/v1/snapshot'
info: Microsoft.AspNetCore.Http.Result.JsonResult[3]
      Writing value of type '<>f__AnonymousType0`6' as Json.
info: Microsoft.AspNetCore.Routing.EndpointMiddleware[1]
      Executed endpoint 'HTTP: GET /control/v1/snapshot'
info: Microsoft.AspNetCore.Hosting.Diagnostics[2]
      Request finished HTTP/1.1 GET http://127.0.0.1:48408/control/v1/snapshot - 200 - application/json;+charset=utf-8 0.3198ms
info: Microsoft.AspNetCore.Hosting.Diagnostics[1]
      Request starting HTTP/1.1 PUT http://127.0.0.1:48408/control/v1/orders/W2G-a2dd45de-ce5a-4c0a-9365-14ba547bdb8a-PICKUP-1 - application/json 103
info: Microsoft.AspNetCore.Routing.EndpointMiddleware[0]
      Executing endpoint 'HTTP: PUT /control/v1/orders/{upperId}'
info: Microsoft.AspNetCore.Http.Result.JsonResult[3]
      Writing value of type '<>f__AnonymousType0`6' as Json.
info: Microsoft.AspNetCore.Routing.EndpointMiddleware[1]
      Executed endpoint 'HTTP: PUT /control/v1/orders/{upperId}'
info: Microsoft.AspNetCore.Hosting.Diagnostics[2]
      Request finished HTTP/1.1 PUT http://127.0.0.1:48408/control/v1/orders/W2G-a2dd45de-ce5a-4c0a-9365-14ba547bdb8a-PICKUP-1 - 200 - application/json;+charset=utf-8 0.4295ms
info: Microsoft.AspNetCore.Hosting.Diagnostics[1]
      Request starting HTTP/1.1 GET http://127.0.0.1:48408/api/imap/v1/mapInfo/stations/25 - - -
info: Microsoft.AspNetCore.Routing.EndpointMiddleware[0]
      Executing endpoint 'HTTP: GET /api/imap/v1/mapInfo/stations/{mapId:int}'
info: Microsoft.AspNetCore.Http.Result.JsonResult[3]
      Writing value of type '<>f__AnonymousType5`3' as Json.
info: Microsoft.AspNetCore.Routing.EndpointMiddleware[1]
      Executed endpoint 'HTTP: GET /api/imap/v1/mapInfo/stations/{mapId:int}'
info: Microsoft.AspNetCore.Hosting.Diagnostics[2]
      Request finished HTTP/1.1 GET http://127.0.0.1:48408/api/imap/v1/mapInfo/stations/25 - 200 - application/json;+charset=utf-8 0.2702ms
info: Microsoft.AspNetCore.Hosting.Diagnostics[1]
      Request starting HTTP/1.1 GET http://127.0.0.1:48408/api/task/v1/task/getVehicleInfo/BROKERX-L2-0001 - - -
info: Microsoft.AspNetCore.Routing.EndpointMiddleware[0]
      Executing endpoint 'HTTP: GET /api/task/v1/task/getVehicleInfo/{deviceKey}'
info: Microsoft.AspNetCore.Http.Result.JsonResult[3]
      Writing value of type '<>f__AnonymousType7`2' as Json.
info: Microsoft.AspNetCore.Routing.EndpointMiddleware[1]
      Executed endpoint 'HTTP: GET /api/task/v1/task/getVehicleInfo/{deviceKey}'
info: Microsoft.AspNetCore.Hosting.Diagnostics[2]
      Request finished HTTP/1.1 GET http://127.0.0.1:48408/api/task/v1/task/getVehicleInfo/BROKERX-L2-0001 - 200 - application/json;+charset=utf-8 0.1645ms
info: Microsoft.AspNetCore.Hosting.Diagnostics[1]
      Request starting HTTP/1.1 GET http://127.0.0.1:48408/api/order/v1/orderRecord?pageNum=1&pageSize=100&filterByState=1&filterByState=3&filterByState=7&filterByState=9 - - -
info: Microsoft.AspNetCore.Routing.EndpointMiddleware[0]
      Executing endpoint 'HTTP: GET /api/order/v1/orderRecord'
info: Microsoft.AspNetCore.Http.Result.JsonResult[3]
      Writing value of type '<>f__AnonymousType5`3' as Json.
info: Microsoft.AspNetCore.Routing.EndpointMiddleware[1]
      Executed endpoint 'HTTP: GET /api/order/v1/orderRecord'
info: Microsoft.AspNetCore.Hosting.Diagnostics[2]
      Request finished HTTP/1.1 GET http://127.0.0.1:48408/api/order/v1/orderRecord?pageNum=1&pageSize=100&filterByState=1&filterByState=3&filterByState=7&filterByState=9 - 200 - application/json;+charset=utf-8 0.2258ms
info: Microsoft.AspNetCore.Hosting.Diagnostics[1]
      Request starting HTTP/1.1 GET http://127.0.0.1:48408/api/imap/v1/mapInfo/stations/25 - - -
info: Microsoft.AspNetCore.Routing.EndpointMiddleware[0]
      Executing endpoint 'HTTP: GET /api/imap/v1/mapInfo/stations/{mapId:int}'
info: Microsoft.AspNetCore.Http.Result.JsonResult[3]
      Writing value of type '<>f__AnonymousType5`3' as Json.
info: Microsoft.AspNetCore.Routing.EndpointMiddleware[1]
      Executed endpoint 'HTTP: GET /api/imap/v1/mapInfo/stations/{mapId:int}'
info: Microsoft.AspNetCore.Hosting.Diagnostics[2]
      Request finished HTTP/1.1 GET http://127.0.0.1:48408/api/imap/v1/mapInfo/stations/25 - 200 - application/json;+charset=utf-8 0.1612ms
info: Microsoft.AspNetCore.Hosting.Diagnostics[1]
      Request starting HTTP/1.1 GET http://127.0.0.1:48408/api/order/v1/orderRecord/detailByUpperId/W2G-a2dd45de-ce5a-4c0a-9365-14ba547bdb8a-PICKUP-1 - - -
info: Microsoft.AspNetCore.Routing.EndpointMiddleware[0]
      Executing endpoint 'HTTP: GET /api/order/v1/orderRecord/detailByUpperId/{upperId}'
info: Microsoft.AspNetCore.Http.Result.JsonResult[3]
      Writing value of type '<>f__AnonymousType5`3' as Json.
info: Microsoft.AspNetCore.Routing.EndpointMiddleware[1]
      Executed endpoint 'HTTP: GET /api/order/v1/orderRecord/detailByUpperId/{upperId}'
info: Microsoft.AspNetCore.Hosting.Diagnostics[2]
      Request finished HTTP/1.1 GET http://127.0.0.1:48408/api/order/v1/orderRecord/detailByUpperId/W2G-a2dd45de-ce5a-4c0a-9365-14ba547bdb8a-PICKUP-1 - 200 - application/json;+charset=utf-8 0.1979ms
info: Microsoft.AspNetCore.Hosting.Diagnostics[1]
      Request starting HTTP/1.1 GET http://127.0.0.1:48408/api/task/vehicles/getVehicleInfoByDeviceKey?key=BROKERX-L2-0001 - - -
info: Microsoft.AspNetCore.Routing.EndpointMiddleware[0]
      Executing endpoint 'HTTP: GET /api/task/vehicles/getVehicleInfoByDeviceKey'
info: Microsoft.AspNetCore.Http.Result.JsonResult[3]
      Writing value of type '<>f__AnonymousType5`3' as Json.
info: Microsoft.AspNetCore.Routing.EndpointMiddleware[1]
      Executed endpoint 'HTTP: GET /api/task/vehicles/getVehicleInfoByDeviceKey'
info: Microsoft.AspNetCore.Hosting.Diagnostics[2]
      Request finished HTTP/1.1 GET http://127.0.0.1:48408/api/task/vehicles/getVehicleInfoByDeviceKey?key=BROKERX-L2-0001 - 200 - application/json;+charset=utf-8 0.1948ms
info: Microsoft.AspNetCore.Hosting.Diagnostics[1]
      Request starting HTTP/1.1 GET http://127.0.0.1:48408/api/task/v1/task/getVehicleInfo/BROKERX-L2-0001 - - -
info: Microsoft.AspNetCore.Routing.EndpointMiddleware[0]
      Executing endpoint 'HTTP: GET /api/task/v1/task/getVehicleInfo/{deviceKey}'
info: Microsoft.AspNetCore.Http.Result.JsonResult[3]
      Writing value of type '<>f__AnonymousType7`2' as Json.
info: Microsoft.AspNetCore.Routing.EndpointMiddleware[1]
      Executed endpoint 'HTTP: GET /api/task/v1/task/getVehicleInfo/{deviceKey}'
info: Microsoft.AspNetCore.Hosting.Diagnostics[2]
      Request finished HTTP/1.1 GET http://127.0.0.1:48408/api/task/v1/task/getVehicleInfo/BROKERX-L2-0001 - 200 - application/json;+charset=utf-8 0.1566ms
info: Microsoft.AspNetCore.Hosting.Diagnostics[1]
      Request starting HTTP/1.1 GET http://127.0.0.1:48408/api/order/v1/orderRecord?pageNum=1&pageSize=100&filterByState=1&filterByState=3&filterByState=7&filterByState=9 - - -
info: Microsoft.AspNetCore.Routing.EndpointMiddleware[0]
      Executing endpoint 'HTTP: GET /api/order/v1/orderRecord'
info: Microsoft.AspNetCore.Http.Result.JsonResult[3]
      Writing value of type '<>f__AnonymousType5`3' as Json.
info: Microsoft.AspNetCore.Routing.EndpointMiddleware[1]
      Executed endpoint 'HTTP: GET /api/order/v1/orderRecord'
info: Microsoft.AspNetCore.Hosting.Diagnostics[2]
      Request finished HTTP/1.1 GET http://127.0.0.1:48408/api/order/v1/orderRecord?pageNum=1&pageSize=100&filterByState=1&filterByState=3&filterByState=7&filterByState=9 - 200 - application/json;+charset=utf-8 0.2037ms
info: Microsoft.AspNetCore.Hosting.Diagnostics[1]
      Request starting HTTP/1.1 GET http://127.0.0.1:48408/api/imap/v1/mapInfo/stations/25 - - -
info: Microsoft.AspNetCore.Routing.EndpointMiddleware[0]
      Executing endpoint 'HTTP: GET /api/imap/v1/mapInfo/stations/{mapId:int}'
info: Microsoft.AspNetCore.Http.Result.JsonResult[3]
      Writing value of type '<>f__AnonymousType5`3' as Json.
info: Microsoft.AspNetCore.Routing.EndpointMiddleware[1]
      Executed endpoint 'HTTP: GET /api/imap/v1/mapInfo/stations/{mapId:int}'
info: Microsoft.AspNetCore.Hosting.Diagnostics[2]
      Request finished HTTP/1.1 GET http://127.0.0.1:48408/api/imap/v1/mapInfo/stations/25 - 200 - application/json;+charset=utf-8 0.1759ms
info: Microsoft.AspNetCore.Hosting.Diagnostics[1]
      Request starting HTTP/1.1 GET http://127.0.0.1:48408/control/v1/snapshot - - -
info: Microsoft.AspNetCore.Routing.EndpointMiddleware[0]
      Executing endpoint 'HTTP: GET /control/v1/snapshot'
info: Microsoft.AspNetCore.Http.Result.JsonResult[3]
      Writing value of type '<>f__AnonymousType0`6' as Json.
info: Microsoft.AspNetCore.Routing.EndpointMiddleware[1]
      Executed endpoint 'HTTP: GET /control/v1/snapshot'
info: Microsoft.AspNetCore.Hosting.Diagnostics[2]
      Request finished HTTP/1.1 GET http://127.0.0.1:48408/control/v1/snapshot - 200 - application/json;+charset=utf-8 0.6681ms
info: Microsoft.AspNetCore.Hosting.Diagnostics[1]
      Request starting HTTP/1.1 GET http://127.0.0.1:48408/api/task/v1/task/getVehicleInfo/BROKERX-L2-0001 - - -
info: Microsoft.AspNetCore.Routing.EndpointMiddleware[0]
      Executing endpoint 'HTTP: GET /api/task/v1/task/getVehicleInfo/{deviceKey}'
info: Microsoft.AspNetCore.Http.Result.JsonResult[3]
      Writing value of type '<>f__AnonymousType7`2' as Json.
info: Microsoft.AspNetCore.Routing.EndpointMiddleware[1]
      Executed endpoint 'HTTP: GET /api/task/v1/task/getVehicleInfo/{deviceKey}'
info: Microsoft.AspNetCore.Hosting.Diagnostics[2]
      Request finished HTTP/1.1 GET http://127.0.0.1:48408/api/task/v1/task/getVehicleInfo/BROKERX-L2-0001 - 200 - application/json;+charset=utf-8 0.1987ms
info: Microsoft.AspNetCore.Hosting.Diagnostics[1]
      Request starting HTTP/1.1 GET http://127.0.0.1:48408/api/order/v1/orderRecord?pageNum=1&pageSize=100&filterByState=1&filterByState=3&filterByState=7&filterByState=9 - - -
info: Microsoft.AspNetCore.Routing.EndpointMiddleware[0]
      Executing endpoint 'HTTP: GET /api/order/v1/orderRecord'
info: Microsoft.AspNetCore.Http.Result.JsonResult[3]
      Writing value of type '<>f__AnonymousType5`3' as Json.
info: Microsoft.AspNetCore.Routing.EndpointMiddleware[1]
      Executed endpoint 'HTTP: GET /api/order/v1/orderRecord'
info: Microsoft.AspNetCore.Hosting.Diagnostics[2]
      Request finished HTTP/1.1 GET http://127.0.0.1:48408/api/order/v1/orderRecord?pageNum=1&pageSize=100&filterByState=1&filterByState=3&filterByState=7&filterByState=9 - 200 - application/json;+charset=utf-8 0.4319ms
info: Microsoft.AspNetCore.Hosting.Diagnostics[1]
      Request starting HTTP/1.1 GET http://127.0.0.1:48408/api/imap/v1/mapInfo/stations/25 - - -
info: Microsoft.AspNetCore.Routing.EndpointMiddleware[0]
      Executing endpoint 'HTTP: GET /api/imap/v1/mapInfo/stations/{mapId:int}'
info: Microsoft.AspNetCore.Http.Result.JsonResult[3]
      Writing value of type '<>f__AnonymousType5`3' as Json.
info: Microsoft.AspNetCore.Routing.EndpointMiddleware[1]
      Executed endpoint 'HTTP: GET /api/imap/v1/mapInfo/stations/{mapId:int}'
info: Microsoft.AspNetCore.Hosting.Diagnostics[2]
      Request finished HTTP/1.1 GET http://127.0.0.1:48408/api/imap/v1/mapInfo/stations/25 - 200 - application/json;+charset=utf-8 0.2011ms
