[09:05:00 INF] Executed DbCommand (11ms) [Parameters=[], CommandType='Text', CommandTimeout='30']
SELECT COUNT(*) FROM "sqlite_master" WHERE "name" = '__EFMigrationsHistory' AND "type" = 'table';
[09:05:00 INF] Executed DbCommand (0ms) [Parameters=[], CommandType='Text', CommandTimeout='30']
SELECT COUNT(*) FROM "sqlite_master" WHERE "name" = '__EFMigrationsHistory' AND "type" = 'table';
[09:05:00 INF] Executed DbCommand (1ms) [Parameters=[], CommandType='Text', CommandTimeout='30']
SELECT "MigrationId", "ProductVersion"
FROM "__EFMigrationsHistory"
ORDER BY "MigrationId";
[09:05:00 INF] No migrations were applied. The database is already up to date.
[09:05:00 INF] Executed DbCommand (0ms) [Parameters=[], CommandType='Text', CommandTimeout='30']
SELECT "a"."AuditRecordId", "a"."Action", "a"."ActorAttribution", "a"."ActorIdentity", "a"."ClaimedAdministratorRole", "a"."DetailJson", "a"."ObjectId", "a"."ObjectKind", "a"."Outcome", "a"."RecordedAt", "a"."RecordedAtUtcTicks", "a"."SnapshotId", "a"."Version"
FROM "AdministratorAuditRecords" AS "a"
WHERE "a"."Action" = 'AUDIT_RETENTION_POLICY_CONFIGURED'
ORDER BY "a"."RecordedAtUtcTicks" DESC, "a"."AuditRecordId" DESC
LIMIT 1
[09:05:00 INF] Executed DbCommand (0ms) [Parameters=[], CommandType='Text', CommandTimeout='30']
SELECT MAX("d"."Version")
FROM "DispatchZoneAreaAssignmentVersions" AS "d"
[09:05:00 INF] Executed DbCommand (0ms) [Parameters=[], CommandType='Text', CommandTimeout='30']
SELECT "t"."Version", "t"."ContentSha256", "t"."LoadedAt", "t"."SnapshotId", "t"."Source"
FROM "TaskTypeStationRuleVersions" AS "t"
ORDER BY "t"."Version" DESC
LIMIT 1
[09:05:00 INF] Executed DbCommand (3ms) [Parameters=[@__objectKind_0='?' (Size = 19), @__objectId_1='?' (Size = 23), @__version_2='?' (DbType = Int64)], CommandType='Text', CommandTimeout='30']
SELECT "g"."SnapshotId", "g"."ContentJson", "g"."ContentSha256", "g"."FrozenAt", "g"."ObjectId", "g"."ObjectKind", "g"."Version"
FROM "GovernedConfigurationSnapshots" AS "g"
WHERE "g"."ObjectKind" = @__objectKind_0 AND "g"."ObjectId" = @__objectId_1 AND "g"."Version" = @__version_2
LIMIT 2
[09:05:00 INF] Executed DbCommand (4ms) [Parameters=[@p0='?' (Size = 32), @p1='?' (Size = 340), @p2='?' (Size = 64), @p3='?' (DbType = DateTimeOffset), @p4='?' (Size = 23), @p5='?' (Size = 19), @p6='?' (DbType = Int64)], CommandType='Text', CommandTimeout='30']
INSERT INTO "GovernedConfigurationSnapshots" ("SnapshotId", "ContentJson", "ContentSha256", "FrozenAt", "ObjectId", "ObjectKind", "Version")
VALUES (@p0, @p1, @p2, @p3, @p4, @p5, @p6);
[09:05:00 INF] Executed DbCommand (0ms) [Parameters=[@p0='?' (Size = 32), @p1='?' (Size = 37), @p2='?' (Size = 34), @p3='?' (Size = 45), @p4='?' (Size = 131), @p5='?' (Size = 23), @p6='?' (Size = 19), @p7='?' (Size = 9), @p8='?' (DbType = DateTimeOffset), @p9='?' (DbType = Int64), @p10='?' (Size = 32), @p11='?' (DbType = Int64)], CommandType='Text', CommandTimeout='30']
INSERT INTO "BusinessAuditRecords" ("AuditRecordId", "Action", "ActorAttribution", "ActorIdentity", "DetailJson", "ObjectId", "ObjectKind", "Outcome", "RecordedAt", "RecordedAtUtcTicks", "SnapshotId", "Version")
VALUES (@p0, @p1, @p2, @p3, @p4, @p5, @p6, @p7, @p8, @p9, @p10, @p11);
[09:05:00 INF] Executed DbCommand (0ms) [Parameters=[@p0='?' (DbType = Int64), @p1='?' (Size = 64), @p2='?' (DbType = DateTimeOffset), @p3='?' (Size = 32), @p4='?' (Size = 154)], CommandType='Text', CommandTimeout='30']
INSERT INTO "TaskTypeStationRuleVersions" ("Version", "ContentSha256", "LoadedAt", "SnapshotId", "Source")
VALUES (@p0, @p1, @p2, @p3, @p4);
[09:05:00 INF] Executed DbCommand (0ms) [Parameters=[@p0='?' (Size = 11), @p1='?' (DbType = Int64), @p2='?' (Size = 11)], CommandType='Text', CommandTimeout='30']
INSERT INTO "TaskTypeStationRules" ("TaskType", "Version", "FixedEnd")
VALUES (@p0, @p1, @p2);
[09:05:00 INF] Executed DbCommand (0ms) [Parameters=[@p0='?' (Size = 19), @p1='?' (DbType = Int64), @p2='?' (Size = 11)], CommandType='Text', CommandTimeout='30']
INSERT INTO "TaskTypeStationRules" ("TaskType", "Version", "FixedEnd")
VALUES (@p0, @p1, @p2);
[09:05:00 INF] Executed DbCommand (0ms) [Parameters=[@p0='?' (Size = 15), @p1='?' (DbType = Int64), @p2='?' (Size = 6)], CommandType='Text', CommandTimeout='30']
INSERT INTO "TaskTypeStationRules" ("TaskType", "Version", "FixedEnd")
VALUES (@p0, @p1, @p2);
[09:05:00 INF] Executed DbCommand (0ms) [Parameters=[@p0='?' (Size = 12), @p1='?' (DbType = Int64), @p2='?' (Size = 11)], CommandType='Text', CommandTimeout='30']
INSERT INTO "TaskTypeStationRules" ("TaskType", "Version", "FixedEnd")
VALUES (@p0, @p1, @p2);
[09:05:01 INF] Executed DbCommand (0ms) [Parameters=[@p0='?' (Size = 16), @p1='?' (DbType = Int64), @p2='?' (Size = 11)], CommandType='Text', CommandTimeout='30']
INSERT INTO "TaskTypeStationRules" ("TaskType", "Version", "FixedEnd")
VALUES (@p0, @p1, @p2);
[09:05:01 INF] Executed DbCommand (0ms) [Parameters=[@p0='?' (Size = 15), @p1='?' (DbType = Int64), @p2='?' (Size = 11)], CommandType='Text', CommandTimeout='30']
INSERT INTO "TaskTypeStationRules" ("TaskType", "Version", "FixedEnd")
VALUES (@p0, @p1, @p2);
[09:05:01 INF] Executed DbCommand (0ms) [Parameters=[@__mapId_0='?' (DbType = Int32)], CommandType='Text', CommandTimeout='30']
SELECT "t"."MapId", "t"."ActiveVersion", "t"."PendingVersion", "t"."State", "t"."UpdatedAt"
FROM "TaskTypeStationActiveBindingSets" AS "t"
WHERE "t"."MapId" = @__mapId_0
LIMIT 2
[09:05:01 INF] Executed DbCommand (0ms) [Parameters=[@__ruleVersion_0='?' (DbType = Int64)], CommandType='Text', CommandTimeout='30']
SELECT EXISTS (
    SELECT 1
    FROM "TaskTypeStationRuleVersions" AS "t"
    WHERE "t"."Version" = @__ruleVersion_0)
[09:05:01 INF] Executed DbCommand (0ms) [Parameters=[@__ruleVersion_0='?' (DbType = Int64)], CommandType='Text', CommandTimeout='30']
SELECT "t"."TaskType", "t"."FixedEnd"
FROM "TaskTypeStationRules" AS "t"
WHERE "t"."Version" = @__ruleVersion_0
[09:05:01 INF] Executed DbCommand (0ms) [Parameters=[@__mapId_0='?' (DbType = Int32)], CommandType='Text', CommandTimeout='30']
SELECT "t"."MapId", "t"."Version", "t"."CatalogRevision", "t"."ContentSha256", "t"."LoadedAt", "t"."RuleVersion", "t"."SnapshotId", "t"."Source"
FROM "TaskTypeStationBindingSetVersions" AS "t"
WHERE "t"."MapId" = @__mapId_0
ORDER BY "t"."Version" DESC
LIMIT 1
[09:05:01 INF] Executed DbCommand (0ms) [Parameters=[@__objectKind_0='?' (Size = 20), @__objectId_1='?' (Size = 6), @__version_2='?' (DbType = Int64)], CommandType='Text', CommandTimeout='30']
SELECT "g"."SnapshotId", "g"."ContentJson", "g"."ContentSha256", "g"."FrozenAt", "g"."ObjectId", "g"."ObjectKind", "g"."Version"
FROM "GovernedConfigurationSnapshots" AS "g"
WHERE "g"."ObjectKind" = @__objectKind_0 AND "g"."ObjectId" = @__objectId_1 AND "g"."Version" = @__version_2
LIMIT 2
[09:05:01 INF] Executed DbCommand (0ms) [Parameters=[@p0='?' (Size = 32), @p1='?' (Size = 193), @p2='?' (Size = 64), @p3='?' (DbType = DateTimeOffset), @p4='?' (Size = 6), @p5='?' (Size = 20), @p6='?' (DbType = Int64)], CommandType='Text', CommandTimeout='30']
INSERT INTO "GovernedConfigurationSnapshots" ("SnapshotId", "ContentJson", "ContentSha256", "FrozenAt", "ObjectId", "ObjectKind", "Version")
VALUES (@p0, @p1, @p2, @p3, @p4, @p5, @p6);
[09:05:01 INF] Executed DbCommand (0ms) [Parameters=[@p0='?' (Size = 32), @p1='?' (Size = 44), @p2='?' (Size = 34), @p3='?' (Size = 45), @p4='?' (Size = 131), @p5='?' (Size = 6), @p6='?' (Size = 20), @p7='?' (Size = 9), @p8='?' (DbType = DateTimeOffset), @p9='?' (DbType = Int64), @p10='?' (Size = 32), @p11='?' (DbType = Int64)], CommandType='Text', CommandTimeout='30']
INSERT INTO "BusinessAuditRecords" ("AuditRecordId", "Action", "ActorAttribution", "ActorIdentity", "DetailJson", "ObjectId", "ObjectKind", "Outcome", "RecordedAt", "RecordedAtUtcTicks", "SnapshotId", "Version")
VALUES (@p0, @p1, @p2, @p3, @p4, @p5, @p6, @p7, @p8, @p9, @p10, @p11);
[09:05:01 INF] Executed DbCommand (0ms) [Parameters=[@p0='?' (DbType = Int32), @p1='?' (DbType = Int64), @p2='?' (DbType = Int64), @p3='?' (Size = 64), @p4='?' (DbType = DateTimeOffset), @p5='?' (DbType = Int64), @p6='?' (Size = 32), @p7='?' (Size = 154)], CommandType='Text', CommandTimeout='30']
INSERT INTO "TaskTypeStationBindingSetVersions" ("MapId", "Version", "CatalogRevision", "ContentSha256", "LoadedAt", "RuleVersion", "SnapshotId", "Source")
VALUES (@p0, @p1, @p2, @p3, @p4, @p5, @p6, @p7);
[09:05:01 INF] Executed DbCommand (0ms) [Parameters=[@p0='?' (DbType = Int32), @p1='?' (Size = 12), @p2='?' (DbType = Int64), @p3='?' (Size = 23), @p4='?' (Size = 2), @p5='?' (DbType = Int32)], CommandType='Text', CommandTimeout='30']
INSERT INTO "TaskTypeStationBindings" ("MapId", "TaskType", "Version", "SiteVerificationRef", "StationName", "StationRiotId")
VALUES (@p0, @p1, @p2, @p3, @p4, @p5);
[09:05:01 INF] Executed DbCommand (0ms) [Parameters=[@p0='?' (DbType = Int32), @p1='?' (Size = 12), @p2='?' (DbType = Int64)], CommandType='Text', CommandTimeout='30']
INSERT INTO "TaskTypeStationRequirements" ("MapId", "TaskType", "Version")
VALUES (@p0, @p1, @p2);
[09:05:01 INF] Executed DbCommand (0ms) [Parameters=[@__mapId_0='?' (DbType = Int32), @__version_1='?' (DbType = Int64)], CommandType='Text', CommandTimeout='30']
SELECT EXISTS (
    SELECT 1
    FROM "TaskTypeStationBindingSetVersions" AS "t"
    WHERE "t"."MapId" = @__mapId_0 AND "t"."Version" = @__version_1)
[09:05:01 INF] Executed DbCommand (0ms) [Parameters=[@__mapId_0='?' (DbType = Int32)], CommandType='Text', CommandTimeout='30']
SELECT "t"."MapId", "t"."ActiveVersion", "t"."PendingVersion", "t"."State", "t"."UpdatedAt"
FROM "TaskTypeStationActiveBindingSets" AS "t"
WHERE "t"."MapId" = @__mapId_0
LIMIT 2
[09:05:01 INF] Executed DbCommand (0ms) [Parameters=[@p0='?' (DbType = Int32), @p1='?' (DbType = Int64), @p2='?' (DbType = Int64), @p3='?' (Size = 6), @p4='?' (DbType = DateTimeOffset)], CommandType='Text', CommandTimeout='30']
INSERT INTO "TaskTypeStationActiveBindingSets" ("MapId", "ActiveVersion", "PendingVersion", "State", "UpdatedAt")
VALUES (@p0, @p1, @p2, @p3, @p4);
[09:05:01 INF] Task type station preset C:\actions-runner\win11-01-control-server-desktop\_work\_temp\real-rig-35480344066-1\_stage\l2-20260920T010422824Z\task-type-stations.settings.json loaded: rule version 1 (new), Map 25 binding set version 1 (new) active.
[09:05:01 INF] Onboard NDJSON listener started on 127.0.0.1:48405; transport=plaintext
[09:05:01 INF] Start processing HTTP request GET http://127.0.0.1:48408/api/imap/v1/mapInfo/stations/25
[09:05:01 INF] Sending HTTP request GET http://127.0.0.1:48408/api/imap/v1/mapInfo/stations/25
[09:05:01 INF] Now listening on: http://127.0.0.1:48407
[09:05:01 INF] Application started. Press Ctrl+C to shut down.
[09:05:01 INF] Hosting environment: Production
[09:05:01 INF] Content root path: C:\actions-runner\win11-01-control-server-desktop\_work\8005-agv-control-server\8005-agv-control-server\control-server\src\ControlServer.Host\bin\Release\net8.0\win-x64
[09:05:01 INF] Received HTTP response headers after 84.74ms - 200
[09:05:01 INF] End processing HTTP request after 100.3418ms - 200
[09:05:01 INF] Executed DbCommand (0ms) [Parameters=[@__mapId_0='?' (DbType = Int32)], CommandType='Text', CommandTimeout='30']
SELECT "t"."MapId", "t"."ActiveVersion", "t"."PendingVersion", "t"."State", "t"."UpdatedAt"
FROM "TaskTypeStationActiveBindingSets" AS "t"
WHERE "t"."MapId" = @__mapId_0
LIMIT 2
[09:05:01 INF] Executed DbCommand (0ms) [Parameters=[@__mapId_0='?' (DbType = Int32), @__version_1='?' (DbType = Int64)], CommandType='Text', CommandTimeout='30']
SELECT "t"."MapId", "t"."Version", "t"."CatalogRevision", "t"."ContentSha256", "t"."LoadedAt", "t"."RuleVersion", "t"."SnapshotId", "t"."Source"
FROM "TaskTypeStationBindingSetVersions" AS "t"
WHERE "t"."MapId" = @__mapId_0 AND "t"."Version" = @__version_1
LIMIT 2
[09:05:01 INF] Executed DbCommand (0ms) [Parameters=[@__mapId_0='?' (DbType = Int32), @__version_1='?' (DbType = Int64)], CommandType='Text', CommandTimeout='30']
SELECT "t"."TaskType"
FROM "TaskTypeStationRequirements" AS "t"
WHERE "t"."MapId" = @__mapId_0 AND "t"."Version" = @__version_1
[09:05:01 INF] Executed DbCommand (0ms) [Parameters=[@__mapId_0='?' (DbType = Int32), @__version_1='?' (DbType = Int64)], CommandType='Text', CommandTimeout='30']
SELECT "t"."MapId", "t"."Version", "t"."TaskType", "t"."SiteVerificationRef", "t"."StationName", "t"."StationRiotId"
FROM "TaskTypeStationBindings" AS "t"
WHERE "t"."MapId" = @__mapId_0 AND "t"."Version" = @__version_1
[09:05:01 INF] Executed DbCommand (0ms) [Parameters=[@__version_0='?' (DbType = Int64)], CommandType='Text', CommandTimeout='30']
SELECT "t"."Version", "t"."ContentSha256", "t"."LoadedAt", "t"."SnapshotId", "t"."Source"
FROM "TaskTypeStationRuleVersions" AS "t"
WHERE "t"."Version" = @__version_0
LIMIT 2
[09:05:01 INF] Executed DbCommand (0ms) [Parameters=[@__version_0='?' (DbType = Int64)], CommandType='Text', CommandTimeout='30']
SELECT "t"."Version", "t"."TaskType", "t"."FixedEnd"
FROM "TaskTypeStationRules" AS "t"
WHERE "t"."Version" = @__version_0
[09:05:01 INF] Executed DbCommand (0ms) [Parameters=[@__mapId_0='?' (DbType = Int32)], CommandType='Text', CommandTimeout='30']
SELECT "t"."MapId", "t"."ActiveVersion", "t"."PendingVersion", "t"."State", "t"."UpdatedAt"
FROM "TaskTypeStationActiveBindingSets" AS "t"
WHERE "t"."MapId" = @__mapId_0
LIMIT 2
[09:05:01 INF] Executed DbCommand (0ms) [Parameters=[@__mapId_0='?' (DbType = Int32)], CommandType='Text', CommandTimeout='30']
SELECT "t"."HoldId", "t"."DetailJson", "t"."MapId", "t"."RaisedAt", "t"."RaisedBy", "t"."ReasonCode", "t"."ReleasedAt", "t"."ReleasedBy", "t"."Source", "t"."TaskType"
FROM "TaskTypeStationHolds" AS "t"
WHERE "t"."MapId" = @__mapId_0 AND "t"."ReleasedAt" IS NULL
[09:05:01 INF] Executed DbCommand (0ms) [Parameters=[@__mapId_0='?' (DbType = Int32)], CommandType='Text', CommandTimeout='30']
SELECT "m"."MapId", "m"."ApprovedMaxUnconfirmedSeconds", "m"."ApprovedSyncPeriodSeconds", "m"."CatalogRevision", "m"."LastAttemptAt", "m"."LastCompleteConfirmationAt", "m"."LastFailureReason", "m"."State", "m"."UpdatedAt"
FROM "MapStationCatalogStates" AS "m"
WHERE "m"."MapId" = @__mapId_0
LIMIT 2
[09:05:01 INF] Executed DbCommand (41ms) [Parameters=[@p0='?' (DbType = Int32), @p1='?' (DbType = Int32), @p2='?' (DbType = Int32), @p3='?' (DbType = Int64), @p4='?' (DbType = DateTimeOffset), @p5='?' (DbType = DateTimeOffset), @p6='?', @p7='?' (Size = 5), @p8='?' (DbType = DateTimeOffset)], CommandType='Text', CommandTimeout='30']
INSERT INTO "MapStationCatalogStates" ("MapId", "ApprovedMaxUnconfirmedSeconds", "ApprovedSyncPeriodSeconds", "CatalogRevision", "LastAttemptAt", "LastCompleteConfirmationAt", "LastFailureReason", "State", "UpdatedAt")
VALUES (@p0, @p1, @p2, @p3, @p4, @p5, @p6, @p7, @p8);
[09:05:02 INF] Executed DbCommand (0ms) [Parameters=[@__mapId_0='?' (DbType = Int32)], CommandType='Text', CommandTimeout='30']
SELECT "t"."MapId", "t"."ActiveVersion", "t"."PendingVersion", "t"."State", "t"."UpdatedAt"
FROM "TaskTypeStationActiveBindingSets" AS "t"
WHERE "t"."MapId" = @__mapId_0
LIMIT 2
[09:05:02 INF] Executed DbCommand (0ms) [Parameters=[@__mapId_0='?' (DbType = Int32), @__version_1='?' (DbType = Int64)], CommandType='Text', CommandTimeout='30']
SELECT "t"."MapId", "t"."Version", "t"."CatalogRevision", "t"."ContentSha256", "t"."LoadedAt", "t"."RuleVersion", "t"."SnapshotId", "t"."Source"
FROM "TaskTypeStationBindingSetVersions" AS "t"
WHERE "t"."MapId" = @__mapId_0 AND "t"."Version" = @__version_1
LIMIT 2
[09:05:02 INF] Executed DbCommand (0ms) [Parameters=[@__mapId_0='?' (DbType = Int32), @__version_1='?' (DbType = Int64)], CommandType='Text', CommandTimeout='30']
SELECT "t"."TaskType"
FROM "TaskTypeStationRequirements" AS "t"
WHERE "t"."MapId" = @__mapId_0 AND "t"."Version" = @__version_1
[09:05:02 INF] Executed DbCommand (0ms) [Parameters=[@__mapId_0='?' (DbType = Int32), @__version_1='?' (DbType = Int64)], CommandType='Text', CommandTimeout='30']
SELECT "t"."MapId", "t"."Version", "t"."TaskType", "t"."SiteVerificationRef", "t"."StationName", "t"."StationRiotId"
FROM "TaskTypeStationBindings" AS "t"
WHERE "t"."MapId" = @__mapId_0 AND "t"."Version" = @__version_1
[09:05:02 INF] Executed DbCommand (0ms) [Parameters=[@__mapId_0='?' (DbType = Int32)], CommandType='Text', CommandTimeout='30']
SELECT "t"."MapId", "t"."ActiveVersion", "t"."PendingVersion", "t"."State", "t"."UpdatedAt"
FROM "TaskTypeStationActiveBindingSets" AS "t"
WHERE "t"."MapId" = @__mapId_0
LIMIT 2
[09:05:02 INF] Executed DbCommand (0ms) [Parameters=[@__mapId_0='?' (DbType = Int32), @__version_1='?' (DbType = Int64)], CommandType='Text', CommandTimeout='30']
SELECT "t"."MapId", "t"."Version", "t"."CatalogRevision", "t"."ContentSha256", "t"."LoadedAt", "t"."RuleVersion", "t"."SnapshotId", "t"."Source"
FROM "TaskTypeStationBindingSetVersions" AS "t"
WHERE "t"."MapId" = @__mapId_0 AND "t"."Version" = @__version_1
LIMIT 2
[09:05:02 INF] Executed DbCommand (0ms) [Parameters=[@__mapId_0='?' (DbType = Int32), @__version_1='?' (DbType = Int64)], CommandType='Text', CommandTimeout='30']
SELECT "t"."TaskType"
FROM "TaskTypeStationRequirements" AS "t"
WHERE "t"."MapId" = @__mapId_0 AND "t"."Version" = @__version_1
[09:05:02 INF] Executed DbCommand (0ms) [Parameters=[@__mapId_0='?' (DbType = Int32), @__version_1='?' (DbType = Int64)], CommandType='Text', CommandTimeout='30']
SELECT "t"."MapId", "t"."Version", "t"."TaskType", "t"."SiteVerificationRef", "t"."StationName", "t"."StationRiotId"
FROM "TaskTypeStationBindings" AS "t"
WHERE "t"."MapId" = @__mapId_0 AND "t"."Version" = @__version_1
[09:05:02 INF] Executed DbCommand (0ms) [Parameters=[@__version_0='?' (DbType = Int64)], CommandType='Text', CommandTimeout='30']
SELECT "t"."Version", "t"."ContentSha256", "t"."LoadedAt", "t"."SnapshotId", "t"."Source"
FROM "TaskTypeStationRuleVersions" AS "t"
WHERE "t"."Version" = @__version_0
LIMIT 2
[09:05:02 INF] Executed DbCommand (0ms) [Parameters=[@__version_0='?' (DbType = Int64)], CommandType='Text', CommandTimeout='30']
SELECT "t"."Version", "t"."TaskType", "t"."FixedEnd"
FROM "TaskTypeStationRules" AS "t"
WHERE "t"."Version" = @__version_0
[09:05:02 INF] Executed DbCommand (0ms) [Parameters=[], CommandType='Text', CommandTimeout='30']
SELECT "a"."Id", "a"."ContentHash", "a"."DeploymentId", "a"."ImportedAt", "a"."Version"
FROM "AdmissionPolicyState" AS "a"
WHERE "a"."Id" = 1
LIMIT 2
[09:05:02 INF] Executed DbCommand (0ms) [Parameters=[@p0='?' (DbType = Int64), @p1='?' (Size = 64), @p2='?' (Size = 22), @p3='?' (DbType = DateTimeOffset), @p4='?', @p5='?' (Size = 209)], CommandType='Text', CommandTimeout='30']
INSERT INTO "AdmissionPolicyAudit" ("Version", "ContentHash", "DeploymentId", "ImportedAt", "PreviousContentHash", "RelationsJson")
VALUES (@p0, @p1, @p2, @p3, @p4, @p5);
[09:05:02 INF] Executed DbCommand (0ms) [Parameters=[@p0='?' (DbType = Int32), @p1='?' (Size = 64), @p2='?' (Size = 22), @p3='?' (DbType = DateTimeOffset), @p4='?' (DbType = Int64)], CommandType='Text', CommandTimeout='30']
INSERT INTO "AdmissionPolicyState" ("Id", "ContentHash", "DeploymentId", "ImportedAt", "Version")
VALUES (@p0, @p1, @p2, @p3, @p4);
[09:05:02 INF] Executed DbCommand (0ms) [Parameters=[@p0='?' (Size = 6), @p1='?' (Size = 15), @p2='?' (DbType = Int64)], CommandType='Text', CommandTimeout='30']
INSERT INTO "StationTaskTypeAdmissions" ("StationId", "TaskType", "PolicyVersion")
VALUES (@p0, @p1, @p2);
[09:05:02 INF] Executed DbCommand (0ms) [Parameters=[@p0='?' (Size = 6), @p1='?' (Size = 12), @p2='?' (DbType = Int64)], CommandType='Text', CommandTimeout='30']
INSERT INTO "StationTaskTypeAdmissions" ("StationId", "TaskType", "PolicyVersion")
VALUES (@p0, @p1, @p2);
[09:05:02 INF] Executed DbCommand (0ms) [Parameters=[@p0='?' (Size = 9), @p1='?' (Size = 15), @p2='?' (DbType = Int64)], CommandType='Text', CommandTimeout='30']
INSERT INTO "StationTaskTypeAdmissions" ("StationId", "TaskType", "PolicyVersion")
VALUES (@p0, @p1, @p2);
[09:05:02 INF] Executed DbCommand (0ms) [Parameters=[@p0='?' (Size = 9), @p1='?' (Size = 12), @p2='?' (DbType = Int64)], CommandType='Text', CommandTimeout='30']
INSERT INTO "StationTaskTypeAdmissions" ("StationId", "TaskType", "PolicyVersion")
VALUES (@p0, @p1, @p2);
[09:05:02 INF] Executed DbCommand (0ms) [Parameters=[], CommandType='Text', CommandTimeout='30']
SELECT "j"."JourneyId", "j"."AgvId", "j"."AgvLifecycleGeneration", "j"."AreaEndAdmissionRevokedSince", "j"."BlockReasonCode", "j"."BlockReasonSince", "j"."CargoHoldingStartedAt", "j"."ConsumedSafetyResultMessageId", "j"."ConsumedSublotMessageId", "j"."CreatedAt", "j"."DemandId", "j"."DispatchGeneration", "j"."DispatchZone", "j"."ExpectedBasketCount", "j"."FullSlotPositionsJson", "j"."GateMovementLegId", "j"."GatePlanMessageId", "j"."GateStationId", "j"."GateStationRiotId", "j"."GateUpperId", "j"."GateVehicleBusinessMessageId", "j"."GateWorklistMessageId", "j"."LoadCommandMessageId", "j"."LoadSlotOperationAttemptId", "j"."LoadingClosedReason", "j"."LoadingPhaseState", "j"."MapId", "j"."MapIdentity", "j"."OperationSessionId", "j"."PickupMovementLegId", "j"."PickupStationId", "j"."PickupStationRiotId", "j"."PickupUpperId", "j"."PlanMessageId", "j"."PlanRevision", "j"."PreDepartureSafetyCheckId", "j"."PreDepartureSafetyCheckMessageId", "j"."RouteEvidenceId", "j"."Stage", "j"."StationDepartureWaitStartedAt", "j"."SublotRequestMessageId", "j"."TargetSlotsJson", "j"."UnloadCommandMessageId", "j"."UnloadSlotOperationAttemptId", "j"."UpdatedAt", "j"."VehicleBusinessMessageId", "j"."VehicleBusinessRevision", "j"."VehicleKey", "j"."WorklistMessageId", "j"."WorklistRevision", "j"."YieldTriggeredAt", "j"."YieldTriggeredByVehicleKey"
FROM "JourneyRuntimes" AS "j"
WHERE "j"."Stage" <> 'Completed'
[09:05:02 INF] Executed DbCommand (0ms) [Parameters=[], CommandType='Text', CommandTimeout='30']
SELECT "a"."DemandId"
FROM "AcceptedDemands" AS "a"
WHERE "a"."Status" NOT IN ('Succeeded', 'Cancelled')
[09:05:02 INF] Executed DbCommand (0ms) [Parameters=[], CommandType='Text', CommandTimeout='30']
SELECT "j"."DemandId"
FROM "JourneyDemands" AS "j"
WHERE "j"."RemovedAt" IS NULL
[09:05:02 INF] Start processing HTTP request GET http://127.0.0.1:48409/api/v2/contract
[09:05:02 INF] Sending HTTP request GET http://127.0.0.1:48409/api/v2/contract
[09:05:02 INF] Received HTTP response headers after 25.7042ms - 200
[09:05:02 INF] End processing HTTP request after 46.0856ms - 200
[09:05:02 INF] HTTP GET /health/live responded 200 in 5.2716 ms
[09:05:02 INF] Start processing HTTP request GET http://127.0.0.1:48409/api/v2/externally-readable-demand-catalog
[09:05:02 INF] Sending HTTP request GET http://127.0.0.1:48409/api/v2/externally-readable-demand-catalog
[09:05:02 INF] Received HTTP response headers after 6.7296ms - 200
[09:05:02 INF] End processing HTTP request after 11.9037ms - 200
[09:05:02 INF] Executed DbCommand (0ms) [Parameters=[], CommandType='Text', CommandTimeout='30']
SELECT "j"."DemandId", "j"."AcceptedAt", "j"."DecisionFingerprint", "j"."DemandCreatedAt", "j"."FirstSeenAt", "j"."LastSeenAt", "j"."ReasonCode", "j"."StarvationEscalatedAt", "j"."StarvationEscalationParameterVersion", "j"."TransportDemandKey"
FROM "JourneyBacklog" AS "j"
[09:05:02 INF] Executed DbCommand (0ms) [Parameters=[], CommandType='Text', CommandTimeout='30']
SELECT "a"."DemandId"
FROM "AcceptedDemands" AS "a"
[09:05:02 INF] Executed DbCommand (0ms) [Parameters=[], CommandType='Text', CommandTimeout='30']
SELECT "v"."AgvId", "v"."TaskType", "v"."Allowed", "v"."ConfigurationVersion", "v"."UpdatedAt"
FROM "VehicleTaskTypeAdmissions" AS "v"
[09:05:02 INF] Executed DbCommand (0ms) [Parameters=[], CommandType='Text', CommandTimeout='30']
SELECT "v"."AgvId", "v"."ConfigurationVersion", "v"."RoundTimeoutMilliseconds", "v"."UpdatedAt"
FROM "VehicleDispatchBudgets" AS "v"
[09:05:02 INF] Executed DbCommand (0ms) [Parameters=[], CommandType='Text', CommandTimeout='30']
SELECT "d"."Zone", "d"."AgvId", "d"."ConfigurationVersion", "d"."UpdatedAt"
FROM "DispatchZoneVehicles" AS "d"
[09:05:02 INF] Executed DbCommand (0ms) [Parameters=[], CommandType='Text', CommandTimeout='30']
SELECT "v"."AgvId", "v"."TaskType", "v"."Allowed", "v"."ConfigurationVersion", "v"."UpdatedAt"
FROM "VehicleTaskTypeAdmissions" AS "v"
[09:05:02 INF] Executed DbCommand (0ms) [Parameters=[], CommandType='Text', CommandTimeout='30']
SELECT "v"."AgvId", "v"."ConfigurationVersion", "v"."RoundTimeoutMilliseconds", "v"."UpdatedAt"
FROM "VehicleDispatchBudgets" AS "v"
[09:05:02 INF] Executed DbCommand (0ms) [Parameters=[], CommandType='Text', CommandTimeout='30']
SELECT "d"."Zone", "d"."AgvId", "d"."ConfigurationVersion", "d"."UpdatedAt"
FROM "DispatchZoneVehicles" AS "d"
[09:05:02 INF] HTTP GET /version responded 200 in 2.3704 ms
[09:05:02 INF] Executed DbCommand (0ms) [Parameters=[@p0='?' (Size = 10), @p1='?' (Size = 19), @p2='?' (Size = 64), @p3='?' (DbType = DateTimeOffset)], CommandType='Text', CommandTimeout='30']
INSERT INTO "DispatchZoneVehicles" ("AgvId", "Zone", "ConfigurationVersion", "UpdatedAt")
VALUES (@p0, @p1, @p2, @p3);
[09:05:02 INF] Executed DbCommand (0ms) [Parameters=[@p0='?' (Size = 10), @p1='?' (Size = 64), @p2='?' (DbType = Int32), @p3='?' (DbType = DateTimeOffset)], CommandType='Text', CommandTimeout='30']
INSERT INTO "VehicleDispatchBudgets" ("AgvId", "ConfigurationVersion", "RoundTimeoutMilliseconds", "UpdatedAt")
VALUES (@p0, @p1, @p2, @p3);
[09:05:02 INF] Executed DbCommand (0ms) [Parameters=[@p0='?' (Size = 10), @p1='?' (Size = 11), @p2='?' (DbType = Boolean), @p3='?' (Size = 64), @p4='?' (DbType = DateTimeOffset)], CommandType='Text', CommandTimeout='30']
INSERT INTO "VehicleTaskTypeAdmissions" ("AgvId", "TaskType", "Allowed", "ConfigurationVersion", "UpdatedAt")
VALUES (@p0, @p1, @p2, @p3, @p4);
[09:05:02 INF] Executed DbCommand (0ms) [Parameters=[@p0='?' (Size = 10), @p1='?' (Size = 19), @p2='?' (DbType = Boolean), @p3='?' (Size = 64), @p4='?' (DbType = DateTimeOffset)], CommandType='Text', CommandTimeout='30']
INSERT INTO "VehicleTaskTypeAdmissions" ("AgvId", "TaskType", "Allowed", "ConfigurationVersion", "UpdatedAt")
VALUES (@p0, @p1, @p2, @p3, @p4);
[09:05:02 INF] Executed DbCommand (0ms) [Parameters=[@p0='?' (Size = 10), @p1='?' (Size = 15), @p2='?' (DbType = Boolean), @p3='?' (Size = 64), @p4='?' (DbType = DateTimeOffset)], CommandType='Text', CommandTimeout='30']
INSERT INTO "VehicleTaskTypeAdmissions" ("AgvId", "TaskType", "Allowed", "ConfigurationVersion", "UpdatedAt")
VALUES (@p0, @p1, @p2, @p3, @p4);
[09:05:02 INF] Executed DbCommand (0ms) [Parameters=[@p0='?' (Size = 10), @p1='?' (Size = 12), @p2='?' (DbType = Boolean), @p3='?' (Size = 64), @p4='?' (DbType = DateTimeOffset)], CommandType='Text', CommandTimeout='30']
INSERT INTO "VehicleTaskTypeAdmissions" ("AgvId", "TaskType", "Allowed", "ConfigurationVersion", "UpdatedAt")
VALUES (@p0, @p1, @p2, @p3, @p4);
[09:05:02 INF] Executed DbCommand (0ms) [Parameters=[@p0='?' (Size = 10), @p1='?' (Size = 16), @p2='?' (DbType = Boolean), @p3='?' (Size = 64), @p4='?' (DbType = DateTimeOffset)], CommandType='Text', CommandTimeout='30']
INSERT INTO "VehicleTaskTypeAdmissions" ("AgvId", "TaskType", "Allowed", "ConfigurationVersion", "UpdatedAt")
VALUES (@p0, @p1, @p2, @p3, @p4);
[09:05:02 INF] Executed DbCommand (0ms) [Parameters=[@p0='?' (Size = 10), @p1='?' (Size = 15), @p2='?' (DbType = Boolean), @p3='?' (Size = 64), @p4='?' (DbType = DateTimeOffset)], CommandType='Text', CommandTimeout='30']
INSERT INTO "VehicleTaskTypeAdmissions" ("AgvId", "TaskType", "Allowed", "ConfigurationVersion", "UpdatedAt")
VALUES (@p0, @p1, @p2, @p3, @p4);
[09:05:02 INF] Executed DbCommand (0ms) [Parameters=[], CommandType='Text', CommandTimeout='30']
SELECT MAX("d"."Version")
FROM "DispatchZoneAreaAssignmentVersions" AS "d"
[09:05:02 INF] Executed DbCommand (0ms) [Parameters=[@__agvId_0='?' (Size = 10)], CommandType='Text', CommandTimeout='30']
SELECT "a"."SlotModelVersionId", "a"."SnapshotId"
FROM "ActiveSlotConfigurations" AS "a"
WHERE "a"."AgvId" = @__agvId_0
LIMIT 2
[09:05:02 INF] Executed DbCommand (0ms) [Parameters=[@__agvId_0='?' (Size = 10)], CommandType='Text', CommandTimeout='30']
SELECT "s"."SlotModelVersionId", "s"."CreatedAt"
FROM "SlotIoBindings" AS "s"
WHERE "s"."AgvId" = @__agvId_0 AND "s"."Status" = 'PUBLISHED'
[09:05:02 INF] Executed DbCommand (0ms) [Parameters=[@__agvId_0='?' (Size = 10)], CommandType='Text', CommandTimeout='30']
SELECT "s"."AgvId", "s"."ActiveUnlockSlotsJson", "s"."CapabilityHash", "s"."CapabilityRevision", "s"."DepartureSafe", "s"."ForcedRecoveryGeneration", "s"."ManifestSha256", "s"."PendingAttemptIdsJson", "s"."PendingResultIdsJson", "s"."ProfileId", "s"."ProtocolCommit", "s"."ProtocolVersion", "s"."ProvenRecoveryCheckpoint", "s"."Readiness", "s"."ReasonCode", "s"."RecoveryReportId", "s"."ReportedForcedRecoveryGeneration", "s"."ReportedSlotConfigurationFingerprint", "s"."SafetyHash", "s"."SafetyReasonCodesJson", "s"."SafetyRevision", "s"."SafetyUnknownPresent", "s"."SessionGeneration", "s"."UnsettledSlotOperationAttemptId", "s"."UpdatedAt"
FROM "SessionRecoveries" AS "s"
WHERE "s"."AgvId" = @__agvId_0 AND "s"."Readiness" = 'Ready'
LIMIT 2
[09:05:02 INF] Start processing HTTP request GET http://127.0.0.1:48408/api/task/vehicles/getVehicleInfoByDeviceKey?key=BROKERX-L2-0001
[09:05:02 INF] Sending HTTP request GET http://127.0.0.1:48408/api/task/vehicles/getVehicleInfoByDeviceKey?key=BROKERX-L2-0001
[09:05:02 INF] Received HTTP response headers after 23.4755ms - 200
[09:05:02 INF] End processing HTTP request after 28.2104ms - 200
[09:05:02 INF] Executed DbCommand (0ms) [Parameters=[], CommandType='Text', CommandTimeout='30']
SELECT "s"."DemandId", "s"."ReasonCode", "s"."ClearedAt", "s"."DetailJson", "s"."FirstRaisedAt", "s"."LastSeenAt", "s"."TransportDemandKey"
FROM "StructuralDispatchBlocks" AS "s"
WHERE "s"."ClearedAt" IS NULL
[09:05:02 INF] Start processing HTTP request GET http://127.0.0.1:48408/api/imap/v1/mapInfo/stations/25
[09:05:02 INF] Sending HTTP request GET http://127.0.0.1:48408/api/imap/v1/mapInfo/stations/25
[09:05:02 INF] Received HTTP response headers after 2.7523ms - 200
[09:05:02 INF] End processing HTTP request after 5.5213ms - 200
[09:05:02 INF] Executed DbCommand (0ms) [Parameters=[@__mapId_0='?' (DbType = Int32)], CommandType='Text', CommandTimeout='30']
SELECT "t"."MapId", "t"."ActiveVersion", "t"."PendingVersion", "t"."State", "t"."UpdatedAt"
FROM "TaskTypeStationActiveBindingSets" AS "t"
WHERE "t"."MapId" = @__mapId_0
LIMIT 2
[09:05:02 INF] Executed DbCommand (0ms) [Parameters=[@__mapId_0='?' (DbType = Int32), @__version_1='?' (DbType = Int64)], CommandType='Text', CommandTimeout='30']
SELECT "t"."MapId", "t"."Version", "t"."CatalogRevision", "t"."ContentSha256", "t"."LoadedAt", "t"."RuleVersion", "t"."SnapshotId", "t"."Source"
FROM "TaskTypeStationBindingSetVersions" AS "t"
WHERE "t"."MapId" = @__mapId_0 AND "t"."Version" = @__version_1
LIMIT 2
[09:05:02 INF] Executed DbCommand (0ms) [Parameters=[@__mapId_0='?' (DbType = Int32), @__version_1='?' (DbType = Int64)], CommandType='Text', CommandTimeout='30']
SELECT "t"."TaskType"
FROM "TaskTypeStationRequirements" AS "t"
WHERE "t"."MapId" = @__mapId_0 AND "t"."Version" = @__version_1
[09:05:02 INF] Executed DbCommand (0ms) [Parameters=[@__mapId_0='?' (DbType = Int32), @__version_1='?' (DbType = Int64)], CommandType='Text', CommandTimeout='30']
SELECT "t"."MapId", "t"."Version", "t"."TaskType", "t"."SiteVerificationRef", "t"."StationName", "t"."StationRiotId"
FROM "TaskTypeStationBindings" AS "t"
WHERE "t"."MapId" = @__mapId_0 AND "t"."Version" = @__version_1
[09:05:02 INF] Executed DbCommand (0ms) [Parameters=[@__version_0='?' (DbType = Int64)], CommandType='Text', CommandTimeout='30']
SELECT "t"."Version", "t"."ContentSha256", "t"."LoadedAt", "t"."SnapshotId", "t"."Source"
FROM "TaskTypeStationRuleVersions" AS "t"
WHERE "t"."Version" = @__version_0
LIMIT 2
[09:05:02 INF] Executed DbCommand (0ms) [Parameters=[@__version_0='?' (DbType = Int64)], CommandType='Text', CommandTimeout='30']
SELECT "t"."Version", "t"."TaskType", "t"."FixedEnd"
FROM "TaskTypeStationRules" AS "t"
WHERE "t"."Version" = @__version_0
[09:05:02 INF] Executed DbCommand (0ms) [Parameters=[@__mapId_0='?' (DbType = Int32)], CommandType='Text', CommandTimeout='30']
SELECT "t"."MapId", "t"."ActiveVersion", "t"."PendingVersion", "t"."State", "t"."UpdatedAt"
FROM "TaskTypeStationActiveBindingSets" AS "t"
WHERE "t"."MapId" = @__mapId_0
LIMIT 2
[09:05:02 INF] Executed DbCommand (0ms) [Parameters=[@__mapId_0='?' (DbType = Int32)], CommandType='Text', CommandTimeout='30']
SELECT "t"."HoldId", "t"."DetailJson", "t"."MapId", "t"."RaisedAt", "t"."RaisedBy", "t"."ReasonCode", "t"."ReleasedAt", "t"."ReleasedBy", "t"."Source", "t"."TaskType"
FROM "TaskTypeStationHolds" AS "t"
WHERE "t"."MapId" = @__mapId_0 AND "t"."ReleasedAt" IS NULL
[09:05:02 INF] Executed DbCommand (0ms) [Parameters=[@__mapId_0='?' (DbType = Int32)], CommandType='Text', CommandTimeout='30']
SELECT "m"."MapId", "m"."ApprovedMaxUnconfirmedSeconds", "m"."ApprovedSyncPeriodSeconds", "m"."CatalogRevision", "m"."LastAttemptAt", "m"."LastCompleteConfirmationAt", "m"."LastFailureReason", "m"."State", "m"."UpdatedAt"
FROM "MapStationCatalogStates" AS "m"
WHERE "m"."MapId" = @__mapId_0
LIMIT 2
[09:05:02 INF] Executed DbCommand (0ms) [Parameters=[@p3='?' (DbType = Int32), @p0='?' (DbType = DateTimeOffset), @p1='?' (DbType = DateTimeOffset), @p2='?' (DbType = DateTimeOffset)], CommandType='Text', CommandTimeout='30']
UPDATE "MapStationCatalogStates" SET "LastAttemptAt" = @p0, "LastCompleteConfirmationAt" = @p1, "UpdatedAt" = @p2
WHERE "MapId" = @p3
RETURNING 1;
[09:05:02 INF] Executed DbCommand (0ms) [Parameters=[@__mapId_0='?' (DbType = Int32)], CommandType='Text', CommandTimeout='30']
SELECT "t"."MapId", "t"."ActiveVersion", "t"."PendingVersion", "t"."State", "t"."UpdatedAt"
FROM "TaskTypeStationActiveBindingSets" AS "t"
WHERE "t"."MapId" = @__mapId_0
LIMIT 2
[09:05:02 INF] Executed DbCommand (0ms) [Parameters=[@__mapId_0='?' (DbType = Int32), @__version_1='?' (DbType = Int64)], CommandType='Text', CommandTimeout='30']
SELECT "t"."MapId", "t"."Version", "t"."CatalogRevision", "t"."ContentSha256", "t"."LoadedAt", "t"."RuleVersion", "t"."SnapshotId", "t"."Source"
FROM "TaskTypeStationBindingSetVersions" AS "t"
WHERE "t"."MapId" = @__mapId_0 AND "t"."Version" = @__version_1
LIMIT 2
[09:05:02 INF] Executed DbCommand (0ms) [Parameters=[@__mapId_0='?' (DbType = Int32), @__version_1='?' (DbType = Int64)], CommandType='Text', CommandTimeout='30']
SELECT "t"."TaskType"
FROM "TaskTypeStationRequirements" AS "t"
WHERE "t"."MapId" = @__mapId_0 AND "t"."Version" = @__version_1
[09:05:02 INF] Executed DbCommand (0ms) [Parameters=[@__mapId_0='?' (DbType = Int32), @__version_1='?' (DbType = Int64)], CommandType='Text', CommandTimeout='30']
SELECT "t"."MapId", "t"."Version", "t"."TaskType", "t"."SiteVerificationRef", "t"."StationName", "t"."StationRiotId"
FROM "TaskTypeStationBindings" AS "t"
WHERE "t"."MapId" = @__mapId_0 AND "t"."Version" = @__version_1
[09:05:02 INF] Executed DbCommand (0ms) [Parameters=[@__mapId_0='?' (DbType = Int32)], CommandType='Text', CommandTimeout='30']
SELECT "t"."MapId", "t"."ActiveVersion", "t"."PendingVersion", "t"."State", "t"."UpdatedAt"
FROM "TaskTypeStationActiveBindingSets" AS "t"
WHERE "t"."MapId" = @__mapId_0
LIMIT 2
[09:05:02 INF] Executed DbCommand (0ms) [Parameters=[@__mapId_0='?' (DbType = Int32), @__version_1='?' (DbType = Int64)], CommandType='Text', CommandTimeout='30']
SELECT "t"."MapId", "t"."Version", "t"."CatalogRevision", "t"."ContentSha256", "t"."LoadedAt", "t"."RuleVersion", "t"."SnapshotId", "t"."Source"
FROM "TaskTypeStationBindingSetVersions" AS "t"
WHERE "t"."MapId" = @__mapId_0 AND "t"."Version" = @__version_1
LIMIT 2
[09:05:02 INF] Executed DbCommand (0ms) [Parameters=[@__mapId_0='?' (DbType = Int32), @__version_1='?' (DbType = Int64)], CommandType='Text', CommandTimeout='30']
SELECT "t"."TaskType"
FROM "TaskTypeStationRequirements" AS "t"
WHERE "t"."MapId" = @__mapId_0 AND "t"."Version" = @__version_1
[09:05:02 INF] Executed DbCommand (0ms) [Parameters=[@__mapId_0='?' (DbType = Int32), @__version_1='?' (DbType = Int64)], CommandType='Text', CommandTimeout='30']
SELECT "t"."MapId", "t"."Version", "t"."TaskType", "t"."SiteVerificationRef", "t"."StationName", "t"."StationRiotId"
FROM "TaskTypeStationBindings" AS "t"
WHERE "t"."MapId" = @__mapId_0 AND "t"."Version" = @__version_1
[09:05:02 INF] Executed DbCommand (0ms) [Parameters=[@__version_0='?' (DbType = Int64)], CommandType='Text', CommandTimeout='30']
SELECT "t"."Version", "t"."ContentSha256", "t"."LoadedAt", "t"."SnapshotId", "t"."Source"
FROM "TaskTypeStationRuleVersions" AS "t"
WHERE "t"."Version" = @__version_0
LIMIT 2
[09:05:02 INF] Executed DbCommand (0ms) [Parameters=[@__version_0='?' (DbType = Int64)], CommandType='Text', CommandTimeout='30']
SELECT "t"."Version", "t"."TaskType", "t"."FixedEnd"
FROM "TaskTypeStationRules" AS "t"
WHERE "t"."Version" = @__version_0
[09:05:02 INF] Executed DbCommand (0ms) [Parameters=[], CommandType='Text', CommandTimeout='30']
SELECT "a"."Id", "a"."ContentHash", "a"."DeploymentId", "a"."ImportedAt", "a"."Version"
FROM "AdmissionPolicyState" AS "a"
WHERE "a"."Id" = 1
LIMIT 2
[09:05:02 INF] Executed DbCommand (0ms) [Parameters=[], CommandType='Text', CommandTimeout='30']
SELECT "j"."JourneyId", "j"."AgvId", "j"."AgvLifecycleGeneration", "j"."AreaEndAdmissionRevokedSince", "j"."BlockReasonCode", "j"."BlockReasonSince", "j"."CargoHoldingStartedAt", "j"."ConsumedSafetyResultMessageId", "j"."ConsumedSublotMessageId", "j"."CreatedAt", "j"."DemandId", "j"."DispatchGeneration", "j"."DispatchZone", "j"."ExpectedBasketCount", "j"."FullSlotPositionsJson", "j"."GateMovementLegId", "j"."GatePlanMessageId", "j"."GateStationId", "j"."GateStationRiotId", "j"."GateUpperId", "j"."GateVehicleBusinessMessageId", "j"."GateWorklistMessageId", "j"."LoadCommandMessageId", "j"."LoadSlotOperationAttemptId", "j"."LoadingClosedReason", "j"."LoadingPhaseState", "j"."MapId", "j"."MapIdentity", "j"."OperationSessionId", "j"."PickupMovementLegId", "j"."PickupStationId", "j"."PickupStationRiotId", "j"."PickupUpperId", "j"."PlanMessageId", "j"."PlanRevision", "j"."PreDepartureSafetyCheckId", "j"."PreDepartureSafetyCheckMessageId", "j"."RouteEvidenceId", "j"."Stage", "j"."StationDepartureWaitStartedAt", "j"."SublotRequestMessageId", "j"."TargetSlotsJson", "j"."UnloadCommandMessageId", "j"."UnloadSlotOperationAttemptId", "j"."UpdatedAt", "j"."VehicleBusinessMessageId", "j"."VehicleBusinessRevision", "j"."VehicleKey", "j"."WorklistMessageId", "j"."WorklistRevision", "j"."YieldTriggeredAt", "j"."YieldTriggeredByVehicleKey"
FROM "JourneyRuntimes" AS "j"
WHERE "j"."Stage" <> 'Completed'
[09:05:02 INF] Executed DbCommand (0ms) [Parameters=[], CommandType='Text', CommandTimeout='30']
SELECT "a"."DemandId"
FROM "AcceptedDemands" AS "a"
WHERE "a"."Status" NOT IN ('Succeeded', 'Cancelled')
[09:05:02 INF] Executed DbCommand (0ms) [Parameters=[], CommandType='Text', CommandTimeout='30']
SELECT "j"."DemandId"
FROM "JourneyDemands" AS "j"
WHERE "j"."RemovedAt" IS NULL
[09:05:02 INF] Start processing HTTP request GET http://127.0.0.1:48409/api/v2/contract
[09:05:02 INF] Sending HTTP request GET http://127.0.0.1:48409/api/v2/contract
[09:05:02 INF] Received HTTP response headers after 1.6689ms - 200
[09:05:02 INF] End processing HTTP request after 3.4825ms - 200
[09:05:02 INF] Start processing HTTP request GET http://127.0.0.1:48409/api/v2/externally-readable-demand-catalog
[09:05:02 INF] Sending HTTP request GET http://127.0.0.1:48409/api/v2/externally-readable-demand-catalog
[09:05:02 INF] Received HTTP response headers after 1.1273ms - 200
[09:05:02 INF] End processing HTTP request after 32.5963ms - 200
[09:05:02 INF] Executed DbCommand (0ms) [Parameters=[], CommandType='Text', CommandTimeout='30']
SELECT "j"."DemandId", "j"."AcceptedAt", "j"."DecisionFingerprint", "j"."DemandCreatedAt", "j"."FirstSeenAt", "j"."LastSeenAt", "j"."ReasonCode", "j"."StarvationEscalatedAt", "j"."StarvationEscalationParameterVersion", "j"."TransportDemandKey"
FROM "JourneyBacklog" AS "j"
[09:05:02 INF] Executed DbCommand (0ms) [Parameters=[], CommandType='Text', CommandTimeout='30']
SELECT "a"."DemandId"
FROM "AcceptedDemands" AS "a"
[09:05:02 INF] Executed DbCommand (0ms) [Parameters=[], CommandType='Text', CommandTimeout='30']
SELECT "v"."AgvId", "v"."TaskType", "v"."Allowed", "v"."ConfigurationVersion", "v"."UpdatedAt"
FROM "VehicleTaskTypeAdmissions" AS "v"
[09:05:02 INF] Executed DbCommand (0ms) [Parameters=[], CommandType='Text', CommandTimeout='30']
SELECT "v"."AgvId", "v"."ConfigurationVersion", "v"."RoundTimeoutMilliseconds", "v"."UpdatedAt"
FROM "VehicleDispatchBudgets" AS "v"
[09:05:02 INF] Executed DbCommand (0ms) [Parameters=[], CommandType='Text', CommandTimeout='30']
SELECT "d"."Zone", "d"."AgvId", "d"."ConfigurationVersion", "d"."UpdatedAt"
FROM "DispatchZoneVehicles" AS "d"
[09:05:02 INF] Executed DbCommand (0ms) [Parameters=[], CommandType='Text', CommandTimeout='30']
SELECT MAX("d"."Version")
FROM "DispatchZoneAreaAssignmentVersions" AS "d"
[09:05:02 INF] Executed DbCommand (0ms) [Parameters=[@__agvId_0='?' (Size = 10)], CommandType='Text', CommandTimeout='30']
SELECT "a"."SlotModelVersionId", "a"."SnapshotId"
FROM "ActiveSlotConfigurations" AS "a"
WHERE "a"."AgvId" = @__agvId_0
LIMIT 2
[09:05:02 INF] Executed DbCommand (0ms) [Parameters=[@__agvId_0='?' (Size = 10)], CommandType='Text', CommandTimeout='30']
SELECT "s"."SlotModelVersionId", "s"."CreatedAt"
FROM "SlotIoBindings" AS "s"
WHERE "s"."AgvId" = @__agvId_0 AND "s"."Status" = 'PUBLISHED'
[09:05:02 INF] Executed DbCommand (0ms) [Parameters=[@__agvId_0='?' (Size = 10)], CommandType='Text', CommandTimeout='30']
SELECT "s"."AgvId", "s"."ActiveUnlockSlotsJson", "s"."CapabilityHash", "s"."CapabilityRevision", "s"."DepartureSafe", "s"."ForcedRecoveryGeneration", "s"."ManifestSha256", "s"."PendingAttemptIdsJson", "s"."PendingResultIdsJson", "s"."ProfileId", "s"."ProtocolCommit", "s"."ProtocolVersion", "s"."ProvenRecoveryCheckpoint", "s"."Readiness", "s"."ReasonCode", "s"."RecoveryReportId", "s"."ReportedForcedRecoveryGeneration", "s"."ReportedSlotConfigurationFingerprint", "s"."SafetyHash", "s"."SafetyReasonCodesJson", "s"."SafetyRevision", "s"."SafetyUnknownPresent", "s"."SessionGeneration", "s"."UnsettledSlotOperationAttemptId", "s"."UpdatedAt"
FROM "SessionRecoveries" AS "s"
WHERE "s"."AgvId" = @__agvId_0 AND "s"."Readiness" = 'Ready'
LIMIT 2
[09:05:02 INF] Start processing HTTP request GET http://127.0.0.1:48408/api/task/vehicles/getVehicleInfoByDeviceKey?key=BROKERX-L2-0001
[09:05:02 INF] Sending HTTP request GET http://127.0.0.1:48408/api/task/vehicles/getVehicleInfoByDeviceKey?key=BROKERX-L2-0001
[09:05:02 INF] Received HTTP response headers after 1.9631ms - 200
[09:05:02 INF] End processing HTTP request after 18.7504ms - 200
[09:05:02 INF] Executed DbCommand (0ms) [Parameters=[], CommandType='Text', CommandTimeout='30']
SELECT "s"."DemandId", "s"."ReasonCode", "s"."ClearedAt", "s"."DetailJson", "s"."FirstRaisedAt", "s"."LastSeenAt", "s"."TransportDemandKey"
FROM "StructuralDispatchBlocks" AS "s"
WHERE "s"."ClearedAt" IS NULL
[09:05:03 INF] Start processing HTTP request GET http://127.0.0.1:48408/api/imap/v1/mapInfo/stations/25
[09:05:03 INF] Sending HTTP request GET http://127.0.0.1:48408/api/imap/v1/mapInfo/stations/25
[09:05:03 INF] Received HTTP response headers after 1.8405ms - 200
[09:05:03 INF] End processing HTTP request after 62.5227ms - 200
[09:05:03 INF] Executed DbCommand (0ms) [Parameters=[@__mapId_0='?' (DbType = Int32)], CommandType='Text', CommandTimeout='30']
SELECT "t"."MapId", "t"."ActiveVersion", "t"."PendingVersion", "t"."State", "t"."UpdatedAt"
FROM "TaskTypeStationActiveBindingSets" AS "t"
WHERE "t"."MapId" = @__mapId_0
LIMIT 2
[09:05:03 INF] Executed DbCommand (0ms) [Parameters=[@__mapId_0='?' (DbType = Int32), @__version_1='?' (DbType = Int64)], CommandType='Text', CommandTimeout='30']
SELECT "t"."MapId", "t"."Version", "t"."CatalogRevision", "t"."ContentSha256", "t"."LoadedAt", "t"."RuleVersion", "t"."SnapshotId", "t"."Source"
FROM "TaskTypeStationBindingSetVersions" AS "t"
WHERE "t"."MapId" = @__mapId_0 AND "t"."Version" = @__version_1
LIMIT 2
[09:05:03 INF] Executed DbCommand (0ms) [Parameters=[@__mapId_0='?' (DbType = Int32), @__version_1='?' (DbType = Int64)], CommandType='Text', CommandTimeout='30']
SELECT "t"."TaskType"
FROM "TaskTypeStationRequirements" AS "t"
WHERE "t"."MapId" = @__mapId_0 AND "t"."Version" = @__version_1
[09:05:03 INF] Executed DbCommand (0ms) [Parameters=[@__mapId_0='?' (DbType = Int32), @__version_1='?' (DbType = Int64)], CommandType='Text', CommandTimeout='30']
SELECT "t"."MapId", "t"."Version", "t"."TaskType", "t"."SiteVerificationRef", "t"."StationName", "t"."StationRiotId"
FROM "TaskTypeStationBindings" AS "t"
WHERE "t"."MapId" = @__mapId_0 AND "t"."Version" = @__version_1
[09:05:03 INF] Executed DbCommand (0ms) [Parameters=[@__version_0='?' (DbType = Int64)], CommandType='Text', CommandTimeout='30']
SELECT "t"."Version", "t"."ContentSha256", "t"."LoadedAt", "t"."SnapshotId", "t"."Source"
FROM "TaskTypeStationRuleVersions" AS "t"
WHERE "t"."Version" = @__version_0
LIMIT 2
[09:05:03 INF] Executed DbCommand (0ms) [Parameters=[@__version_0='?' (DbType = Int64)], CommandType='Text', CommandTimeout='30']
SELECT "t"."Version", "t"."TaskType", "t"."FixedEnd"
FROM "TaskTypeStationRules" AS "t"
WHERE "t"."Version" = @__version_0
[09:05:03 INF] Executed DbCommand (0ms) [Parameters=[@__mapId_0='?' (DbType = Int32)], CommandType='Text', CommandTimeout='30']
SELECT "t"."MapId", "t"."ActiveVersion", "t"."PendingVersion", "t"."State", "t"."UpdatedAt"
FROM "TaskTypeStationActiveBindingSets" AS "t"
WHERE "t"."MapId" = @__mapId_0
LIMIT 2
[09:05:03 INF] Executed DbCommand (0ms) [Parameters=[@__mapId_0='?' (DbType = Int32)], CommandType='Text', CommandTimeout='30']
SELECT "t"."HoldId", "t"."DetailJson", "t"."MapId", "t"."RaisedAt", "t"."RaisedBy", "t"."ReasonCode", "t"."ReleasedAt", "t"."ReleasedBy", "t"."Source", "t"."TaskType"
FROM "TaskTypeStationHolds" AS "t"
WHERE "t"."MapId" = @__mapId_0 AND "t"."ReleasedAt" IS NULL
[09:05:03 INF] Executed DbCommand (0ms) [Parameters=[@__mapId_0='?' (DbType = Int32)], CommandType='Text', CommandTimeout='30']
SELECT "m"."MapId", "m"."ApprovedMaxUnconfirmedSeconds", "m"."ApprovedSyncPeriodSeconds", "m"."CatalogRevision", "m"."LastAttemptAt", "m"."LastCompleteConfirmationAt", "m"."LastFailureReason", "m"."State", "m"."UpdatedAt"
FROM "MapStationCatalogStates" AS "m"
WHERE "m"."MapId" = @__mapId_0
LIMIT 2
[09:05:03 INF] Executed DbCommand (0ms) [Parameters=[@p3='?' (DbType = Int32), @p0='?' (DbType = DateTimeOffset), @p1='?' (DbType = DateTimeOffset), @p2='?' (DbType = DateTimeOffset)], CommandType='Text', CommandTimeout='30']
UPDATE "MapStationCatalogStates" SET "LastAttemptAt" = @p0, "LastCompleteConfirmationAt" = @p1, "UpdatedAt" = @p2
WHERE "MapId" = @p3
RETURNING 1;
[09:05:03 INF] Executed DbCommand (0ms) [Parameters=[@__mapId_0='?' (DbType = Int32)], CommandType='Text', CommandTimeout='30']
SELECT "t"."MapId", "t"."ActiveVersion", "t"."PendingVersion", "t"."State", "t"."UpdatedAt"
FROM "TaskTypeStationActiveBindingSets" AS "t"
WHERE "t"."MapId" = @__mapId_0
LIMIT 2
[09:05:03 INF] Executed DbCommand (0ms) [Parameters=[@__mapId_0='?' (DbType = Int32), @__version_1='?' (DbType = Int64)], CommandType='Text', CommandTimeout='30']
SELECT "t"."MapId", "t"."Version", "t"."CatalogRevision", "t"."ContentSha256", "t"."LoadedAt", "t"."RuleVersion", "t"."SnapshotId", "t"."Source"
FROM "TaskTypeStationBindingSetVersions" AS "t"
WHERE "t"."MapId" = @__mapId_0 AND "t"."Version" = @__version_1
LIMIT 2
[09:05:03 INF] Executed DbCommand (0ms) [Parameters=[@__mapId_0='?' (DbType = Int32), @__version_1='?' (DbType = Int64)], CommandType='Text', CommandTimeout='30']
SELECT "t"."TaskType"
FROM "TaskTypeStationRequirements" AS "t"
WHERE "t"."MapId" = @__mapId_0 AND "t"."Version" = @__version_1
[09:05:03 INF] Executed DbCommand (0ms) [Parameters=[@__mapId_0='?' (DbType = Int32), @__version_1='?' (DbType = Int64)], CommandType='Text', CommandTimeout='30']
SELECT "t"."MapId", "t"."Version", "t"."TaskType", "t"."SiteVerificationRef", "t"."StationName", "t"."StationRiotId"
FROM "TaskTypeStationBindings" AS "t"
WHERE "t"."MapId" = @__mapId_0 AND "t"."Version" = @__version_1
[09:05:03 INF] Executed DbCommand (0ms) [Parameters=[@__mapId_0='?' (DbType = Int32)], CommandType='Text', CommandTimeout='30']
SELECT "t"."MapId", "t"."ActiveVersion", "t"."PendingVersion", "t"."State", "t"."UpdatedAt"
FROM "TaskTypeStationActiveBindingSets" AS "t"
WHERE "t"."MapId" = @__mapId_0
LIMIT 2
[09:05:03 INF] Executed DbCommand (0ms) [Parameters=[@__mapId_0='?' (DbType = Int32), @__version_1='?' (DbType = Int64)], CommandType='Text', CommandTimeout='30']
SELECT "t"."MapId", "t"."Version", "t"."CatalogRevision", "t"."ContentSha256", "t"."LoadedAt", "t"."RuleVersion", "t"."SnapshotId", "t"."Source"
FROM "TaskTypeStationBindingSetVersions" AS "t"
WHERE "t"."MapId" = @__mapId_0 AND "t"."Version" = @__version_1
LIMIT 2
[09:05:03 INF] Executed DbCommand (0ms) [Parameters=[@__mapId_0='?' (DbType = Int32), @__version_1='?' (DbType = Int64)], CommandType='Text', CommandTimeout='30']
SELECT "t"."TaskType"
FROM "TaskTypeStationRequirements" AS "t"
WHERE "t"."MapId" = @__mapId_0 AND "t"."Version" = @__version_1
[09:05:03 INF] Executed DbCommand (0ms) [Parameters=[@__mapId_0='?' (DbType = Int32), @__version_1='?' (DbType = Int64)], CommandType='Text', CommandTimeout='30']
SELECT "t"."MapId", "t"."Version", "t"."TaskType", "t"."SiteVerificationRef", "t"."StationName", "t"."StationRiotId"
FROM "TaskTypeStationBindings" AS "t"
WHERE "t"."MapId" = @__mapId_0 AND "t"."Version" = @__version_1
[09:05:03 INF] Executed DbCommand (0ms) [Parameters=[@__version_0='?' (DbType = Int64)], CommandType='Text', CommandTimeout='30']
SELECT "t"."Version", "t"."ContentSha256", "t"."LoadedAt", "t"."SnapshotId", "t"."Source"
FROM "TaskTypeStationRuleVersions" AS "t"
WHERE "t"."Version" = @__version_0
LIMIT 2
[09:05:03 INF] Executed DbCommand (0ms) [Parameters=[@__version_0='?' (DbType = Int64)], CommandType='Text', CommandTimeout='30']
SELECT "t"."Version", "t"."TaskType", "t"."FixedEnd"
FROM "TaskTypeStationRules" AS "t"
WHERE "t"."Version" = @__version_0
[09:05:03 INF] Executed DbCommand (0ms) [Parameters=[], CommandType='Text', CommandTimeout='30']
SELECT "a"."Id", "a"."ContentHash", "a"."DeploymentId", "a"."ImportedAt", "a"."Version"
FROM "AdmissionPolicyState" AS "a"
WHERE "a"."Id" = 1
LIMIT 2
[09:05:03 INF] Executed DbCommand (0ms) [Parameters=[], CommandType='Text', CommandTimeout='30']
SELECT "j"."JourneyId", "j"."AgvId", "j"."AgvLifecycleGeneration", "j"."AreaEndAdmissionRevokedSince", "j"."BlockReasonCode", "j"."BlockReasonSince", "j"."CargoHoldingStartedAt", "j"."ConsumedSafetyResultMessageId", "j"."ConsumedSublotMessageId", "j"."CreatedAt", "j"."DemandId", "j"."DispatchGeneration", "j"."DispatchZone", "j"."ExpectedBasketCount", "j"."FullSlotPositionsJson", "j"."GateMovementLegId", "j"."GatePlanMessageId", "j"."GateStationId", "j"."GateStationRiotId", "j"."GateUpperId", "j"."GateVehicleBusinessMessageId", "j"."GateWorklistMessageId", "j"."LoadCommandMessageId", "j"."LoadSlotOperationAttemptId", "j"."LoadingClosedReason", "j"."LoadingPhaseState", "j"."MapId", "j"."MapIdentity", "j"."OperationSessionId", "j"."PickupMovementLegId", "j"."PickupStationId", "j"."PickupStationRiotId", "j"."PickupUpperId", "j"."PlanMessageId", "j"."PlanRevision", "j"."PreDepartureSafetyCheckId", "j"."PreDepartureSafetyCheckMessageId", "j"."RouteEvidenceId", "j"."Stage", "j"."StationDepartureWaitStartedAt", "j"."SublotRequestMessageId", "j"."TargetSlotsJson", "j"."UnloadCommandMessageId", "j"."UnloadSlotOperationAttemptId", "j"."UpdatedAt", "j"."VehicleBusinessMessageId", "j"."VehicleBusinessRevision", "j"."VehicleKey", "j"."WorklistMessageId", "j"."WorklistRevision", "j"."YieldTriggeredAt", "j"."YieldTriggeredByVehicleKey"
FROM "JourneyRuntimes" AS "j"
WHERE "j"."Stage" <> 'Completed'
[09:05:03 INF] Executed DbCommand (0ms) [Parameters=[], CommandType='Text', CommandTimeout='30']
SELECT "a"."DemandId"
FROM "AcceptedDemands" AS "a"
WHERE "a"."Status" NOT IN ('Succeeded', 'Cancelled')
[09:05:03 INF] Executed DbCommand (0ms) [Parameters=[], CommandType='Text', CommandTimeout='30']
SELECT "j"."DemandId"
FROM "JourneyDemands" AS "j"
WHERE "j"."RemovedAt" IS NULL
[09:05:03 INF] Start processing HTTP request GET http://127.0.0.1:48409/api/v2/contract
[09:05:03 INF] Sending HTTP request GET http://127.0.0.1:48409/api/v2/contract
[09:05:03 INF] Received HTTP response headers after 1.0255ms - 200
[09:05:03 INF] End processing HTTP request after 2.2825ms - 200
[09:05:03 INF] Start processing HTTP request GET http://127.0.0.1:48409/api/v2/externally-readable-demand-catalog
[09:05:03 INF] Sending HTTP request GET http://127.0.0.1:48409/api/v2/externally-readable-demand-catalog
[09:05:03 INF] Received HTTP response headers after 0.8216ms - 200
[09:05:03 INF] End processing HTTP request after 24.063ms - 200
[09:05:03 INF] Executed DbCommand (0ms) [Parameters=[], CommandType='Text', CommandTimeout='30']
SELECT "j"."DemandId", "j"."AcceptedAt", "j"."DecisionFingerprint", "j"."DemandCreatedAt", "j"."FirstSeenAt", "j"."LastSeenAt", "j"."ReasonCode", "j"."StarvationEscalatedAt", "j"."StarvationEscalationParameterVersion", "j"."TransportDemandKey"
FROM "JourneyBacklog" AS "j"
[09:05:03 INF] Executed DbCommand (0ms) [Parameters=[], CommandType='Text', CommandTimeout='30']
SELECT "a"."DemandId"
FROM "AcceptedDemands" AS "a"
[09:05:03 INF] Executed DbCommand (0ms) [Parameters=[], CommandType='Text', CommandTimeout='30']
SELECT "v"."AgvId", "v"."TaskType", "v"."Allowed", "v"."ConfigurationVersion", "v"."UpdatedAt"
FROM "VehicleTaskTypeAdmissions" AS "v"
[09:05:03 INF] Executed DbCommand (0ms) [Parameters=[], CommandType='Text', CommandTimeout='30']
SELECT "v"."AgvId", "v"."ConfigurationVersion", "v"."RoundTimeoutMilliseconds", "v"."UpdatedAt"
FROM "VehicleDispatchBudgets" AS "v"
[09:05:03 INF] Executed DbCommand (0ms) [Parameters=[], CommandType='Text', CommandTimeout='30']
SELECT "d"."Zone", "d"."AgvId", "d"."ConfigurationVersion", "d"."UpdatedAt"
FROM "DispatchZoneVehicles" AS "d"
[09:05:03 INF] Executed DbCommand (0ms) [Parameters=[], CommandType='Text', CommandTimeout='30']
SELECT MAX("d"."Version")
FROM "DispatchZoneAreaAssignmentVersions" AS "d"
[09:05:03 INF] Executed DbCommand (0ms) [Parameters=[@__agvId_0='?' (Size = 10)], CommandType='Text', CommandTimeout='30']
SELECT "a"."SlotModelVersionId", "a"."SnapshotId"
FROM "ActiveSlotConfigurations" AS "a"
WHERE "a"."AgvId" = @__agvId_0
LIMIT 2
[09:05:03 INF] Executed DbCommand (0ms) [Parameters=[@__agvId_0='?' (Size = 10)], CommandType='Text', CommandTimeout='30']
SELECT "s"."SlotModelVersionId", "s"."CreatedAt"
FROM "SlotIoBindings" AS "s"
WHERE "s"."AgvId" = @__agvId_0 AND "s"."Status" = 'PUBLISHED'
[09:05:03 INF] Executed DbCommand (0ms) [Parameters=[@__agvId_0='?' (Size = 10)], CommandType='Text', CommandTimeout='30']
SELECT "s"."AgvId", "s"."ActiveUnlockSlotsJson", "s"."CapabilityHash", "s"."CapabilityRevision", "s"."DepartureSafe", "s"."ForcedRecoveryGeneration", "s"."ManifestSha256", "s"."PendingAttemptIdsJson", "s"."PendingResultIdsJson", "s"."ProfileId", "s"."ProtocolCommit", "s"."ProtocolVersion", "s"."ProvenRecoveryCheckpoint", "s"."Readiness", "s"."ReasonCode", "s"."RecoveryReportId", "s"."ReportedForcedRecoveryGeneration", "s"."ReportedSlotConfigurationFingerprint", "s"."SafetyHash", "s"."SafetyReasonCodesJson", "s"."SafetyRevision", "s"."SafetyUnknownPresent", "s"."SessionGeneration", "s"."UnsettledSlotOperationAttemptId", "s"."UpdatedAt"
FROM "SessionRecoveries" AS "s"
WHERE "s"."AgvId" = @__agvId_0 AND "s"."Readiness" = 'Ready'
LIMIT 2
[09:05:03 INF] Start processing HTTP request GET http://127.0.0.1:48408/api/task/vehicles/getVehicleInfoByDeviceKey?key=BROKERX-L2-0001
[09:05:03 INF] Sending HTTP request GET http://127.0.0.1:48408/api/task/vehicles/getVehicleInfoByDeviceKey?key=BROKERX-L2-0001
[09:05:03 INF] Received HTTP response headers after 1.2428ms - 200
[09:05:03 INF] End processing HTTP request after 2.9645ms - 200
[09:05:03 INF] Executed DbCommand (0ms) [Parameters=[], CommandType='Text', CommandTimeout='30']
SELECT "s"."DemandId", "s"."ReasonCode", "s"."ClearedAt", "s"."DetailJson", "s"."FirstRaisedAt", "s"."LastSeenAt", "s"."TransportDemandKey"
FROM "StructuralDispatchBlocks" AS "s"
WHERE "s"."ClearedAt" IS NULL
[09:05:04 INF] Start processing HTTP request GET http://127.0.0.1:48408/api/imap/v1/mapInfo/stations/25
[09:05:04 INF] Sending HTTP request GET http://127.0.0.1:48408/api/imap/v1/mapInfo/stations/25
[09:05:04 INF] Received HTTP response headers after 1.7412ms - 200
[09:05:04 INF] End processing HTTP request after 30.0048ms - 200
[09:05:04 INF] Executed DbCommand (0ms) [Parameters=[@__mapId_0='?' (DbType = Int32)], CommandType='Text', CommandTimeout='30']
SELECT "t"."MapId", "t"."ActiveVersion", "t"."PendingVersion", "t"."State", "t"."UpdatedAt"
FROM "TaskTypeStationActiveBindingSets" AS "t"
WHERE "t"."MapId" = @__mapId_0
LIMIT 2
[09:05:04 INF] Executed DbCommand (0ms) [Parameters=[@__mapId_0='?' (DbType = Int32), @__version_1='?' (DbType = Int64)], CommandType='Text', CommandTimeout='30']
SELECT "t"."MapId", "t"."Version", "t"."CatalogRevision", "t"."ContentSha256", "t"."LoadedAt", "t"."RuleVersion", "t"."SnapshotId", "t"."Source"
FROM "TaskTypeStationBindingSetVersions" AS "t"
WHERE "t"."MapId" = @__mapId_0 AND "t"."Version" = @__version_1
LIMIT 2
[09:05:04 INF] Executed DbCommand (0ms) [Parameters=[@__mapId_0='?' (DbType = Int32), @__version_1='?' (DbType = Int64)], CommandType='Text', CommandTimeout='30']
SELECT "t"."TaskType"
FROM "TaskTypeStationRequirements" AS "t"
WHERE "t"."MapId" = @__mapId_0 AND "t"."Version" = @__version_1
[09:05:04 INF] Executed DbCommand (0ms) [Parameters=[@__mapId_0='?' (DbType = Int32), @__version_1='?' (DbType = Int64)], CommandType='Text', CommandTimeout='30']
SELECT "t"."MapId", "t"."Version", "t"."TaskType", "t"."SiteVerificationRef", "t"."StationName", "t"."StationRiotId"
FROM "TaskTypeStationBindings" AS "t"
WHERE "t"."MapId" = @__mapId_0 AND "t"."Version" = @__version_1
[09:05:04 INF] Executed DbCommand (0ms) [Parameters=[@__version_0='?' (DbType = Int64)], CommandType='Text', CommandTimeout='30']
SELECT "t"."Version", "t"."ContentSha256", "t"."LoadedAt", "t"."SnapshotId", "t"."Source"
FROM "TaskTypeStationRuleVersions" AS "t"
WHERE "t"."Version" = @__version_0
LIMIT 2
[09:05:04 INF] Executed DbCommand (0ms) [Parameters=[@__version_0='?' (DbType = Int64)], CommandType='Text', CommandTimeout='30']
SELECT "t"."Version", "t"."TaskType", "t"."FixedEnd"
FROM "TaskTypeStationRules" AS "t"
WHERE "t"."Version" = @__version_0
[09:05:04 INF] Executed DbCommand (0ms) [Parameters=[@__mapId_0='?' (DbType = Int32)], CommandType='Text', CommandTimeout='30']
SELECT "t"."MapId", "t"."ActiveVersion", "t"."PendingVersion", "t"."State", "t"."UpdatedAt"
FROM "TaskTypeStationActiveBindingSets" AS "t"
WHERE "t"."MapId" = @__mapId_0
LIMIT 2
[09:05:04 INF] Executed DbCommand (0ms) [Parameters=[@__mapId_0='?' (DbType = Int32)], CommandType='Text', CommandTimeout='30']
SELECT "t"."HoldId", "t"."DetailJson", "t"."MapId", "t"."RaisedAt", "t"."RaisedBy", "t"."ReasonCode", "t"."ReleasedAt", "t"."ReleasedBy", "t"."Source", "t"."TaskType"
FROM "TaskTypeStationHolds" AS "t"
WHERE "t"."MapId" = @__mapId_0 AND "t"."ReleasedAt" IS NULL
[09:05:04 INF] Executed DbCommand (0ms) [Parameters=[@__mapId_0='?' (DbType = Int32)], CommandType='Text', CommandTimeout='30']
SELECT "m"."MapId", "m"."ApprovedMaxUnconfirmedSeconds", "m"."ApprovedSyncPeriodSeconds", "m"."CatalogRevision", "m"."LastAttemptAt", "m"."LastCompleteConfirmationAt", "m"."LastFailureReason", "m"."State", "m"."UpdatedAt"
FROM "MapStationCatalogStates" AS "m"
WHERE "m"."MapId" = @__mapId_0
LIMIT 2
[09:05:04 INF] Executed DbCommand (0ms) [Parameters=[@p3='?' (DbType = Int32), @p0='?' (DbType = DateTimeOffset), @p1='?' (DbType = DateTimeOffset), @p2='?' (DbType = DateTimeOffset)], CommandType='Text', CommandTimeout='30']
UPDATE "MapStationCatalogStates" SET "LastAttemptAt" = @p0, "LastCompleteConfirmationAt" = @p1, "UpdatedAt" = @p2
WHERE "MapId" = @p3
RETURNING 1;
[09:05:04 INF] Executed DbCommand (0ms) [Parameters=[@__mapId_0='?' (DbType = Int32)], CommandType='Text', CommandTimeout='30']
SELECT "t"."MapId", "t"."ActiveVersion", "t"."PendingVersion", "t"."State", "t"."UpdatedAt"
FROM "TaskTypeStationActiveBindingSets" AS "t"
WHERE "t"."MapId" = @__mapId_0
LIMIT 2
[09:05:04 INF] Executed DbCommand (0ms) [Parameters=[@__mapId_0='?' (DbType = Int32), @__version_1='?' (DbType = Int64)], CommandType='Text', CommandTimeout='30']
SELECT "t"."MapId", "t"."Version", "t"."CatalogRevision", "t"."ContentSha256", "t"."LoadedAt", "t"."RuleVersion", "t"."SnapshotId", "t"."Source"
FROM "TaskTypeStationBindingSetVersions" AS "t"
WHERE "t"."MapId" = @__mapId_0 AND "t"."Version" = @__version_1
LIMIT 2
[09:05:04 INF] Executed DbCommand (0ms) [Parameters=[@__mapId_0='?' (DbType = Int32), @__version_1='?' (DbType = Int64)], CommandType='Text', CommandTimeout='30']
SELECT "t"."TaskType"
FROM "TaskTypeStationRequirements" AS "t"
WHERE "t"."MapId" = @__mapId_0 AND "t"."Version" = @__version_1
[09:05:04 INF] Executed DbCommand (0ms) [Parameters=[@__mapId_0='?' (DbType = Int32), @__version_1='?' (DbType = Int64)], CommandType='Text', CommandTimeout='30']
SELECT "t"."MapId", "t"."Version", "t"."TaskType", "t"."SiteVerificationRef", "t"."StationName", "t"."StationRiotId"
FROM "TaskTypeStationBindings" AS "t"
WHERE "t"."MapId" = @__mapId_0 AND "t"."Version" = @__version_1
[09:05:04 INF] Executed DbCommand (0ms) [Parameters=[@__mapId_0='?' (DbType = Int32)], CommandType='Text', CommandTimeout='30']
SELECT "t"."MapId", "t"."ActiveVersion", "t"."PendingVersion", "t"."State", "t"."UpdatedAt"
FROM "TaskTypeStationActiveBindingSets" AS "t"
WHERE "t"."MapId" = @__mapId_0
LIMIT 2
[09:05:04 INF] Executed DbCommand (0ms) [Parameters=[@__mapId_0='?' (DbType = Int32), @__version_1='?' (DbType = Int64)], CommandType='Text', CommandTimeout='30']
SELECT "t"."MapId", "t"."Version", "t"."CatalogRevision", "t"."ContentSha256", "t"."LoadedAt", "t"."RuleVersion", "t"."SnapshotId", "t"."Source"
FROM "TaskTypeStationBindingSetVersions" AS "t"
WHERE "t"."MapId" = @__mapId_0 AND "t"."Version" = @__version_1
LIMIT 2
[09:05:04 INF] Executed DbCommand (0ms) [Parameters=[@__mapId_0='?' (DbType = Int32), @__version_1='?' (DbType = Int64)], CommandType='Text', CommandTimeout='30']
SELECT "t"."TaskType"
FROM "TaskTypeStationRequirements" AS "t"
WHERE "t"."MapId" = @__mapId_0 AND "t"."Version" = @__version_1
[09:05:04 INF] Executed DbCommand (0ms) [Parameters=[@__mapId_0='?' (DbType = Int32), @__version_1='?' (DbType = Int64)], CommandType='Text', CommandTimeout='30']
SELECT "t"."MapId", "t"."Version", "t"."TaskType", "t"."SiteVerificationRef", "t"."StationName", "t"."StationRiotId"
FROM "TaskTypeStationBindings" AS "t"
WHERE "t"."MapId" = @__mapId_0 AND "t"."Version" = @__version_1
[09:05:04 INF] Executed DbCommand (0ms) [Parameters=[@__version_0='?' (DbType = Int64)], CommandType='Text', CommandTimeout='30']
SELECT "t"."Version", "t"."ContentSha256", "t"."LoadedAt", "t"."SnapshotId", "t"."Source"
FROM "TaskTypeStationRuleVersions" AS "t"
WHERE "t"."Version" = @__version_0
LIMIT 2
[09:05:04 INF] Executed DbCommand (0ms) [Parameters=[@__version_0='?' (DbType = Int64)], CommandType='Text', CommandTimeout='30']
SELECT "t"."Version", "t"."TaskType", "t"."FixedEnd"
FROM "TaskTypeStationRules" AS "t"
WHERE "t"."Version" = @__version_0
[09:05:04 INF] Executed DbCommand (0ms) [Parameters=[], CommandType='Text', CommandTimeout='30']
SELECT "a"."Id", "a"."ContentHash", "a"."DeploymentId", "a"."ImportedAt", "a"."Version"
FROM "AdmissionPolicyState" AS "a"
WHERE "a"."Id" = 1
LIMIT 2
[09:05:04 INF] Executed DbCommand (0ms) [Parameters=[], CommandType='Text', CommandTimeout='30']
SELECT "j"."JourneyId", "j"."AgvId", "j"."AgvLifecycleGeneration", "j"."AreaEndAdmissionRevokedSince", "j"."BlockReasonCode", "j"."BlockReasonSince", "j"."CargoHoldingStartedAt", "j"."ConsumedSafetyResultMessageId", "j"."ConsumedSublotMessageId", "j"."CreatedAt", "j"."DemandId", "j"."DispatchGeneration", "j"."DispatchZone", "j"."ExpectedBasketCount", "j"."FullSlotPositionsJson", "j"."GateMovementLegId", "j"."GatePlanMessageId", "j"."GateStationId", "j"."GateStationRiotId", "j"."GateUpperId", "j"."GateVehicleBusinessMessageId", "j"."GateWorklistMessageId", "j"."LoadCommandMessageId", "j"."LoadSlotOperationAttemptId", "j"."LoadingClosedReason", "j"."LoadingPhaseState", "j"."MapId", "j"."MapIdentity", "j"."OperationSessionId", "j"."PickupMovementLegId", "j"."PickupStationId", "j"."PickupStationRiotId", "j"."PickupUpperId", "j"."PlanMessageId", "j"."PlanRevision", "j"."PreDepartureSafetyCheckId", "j"."PreDepartureSafetyCheckMessageId", "j"."RouteEvidenceId", "j"."Stage", "j"."StationDepartureWaitStartedAt", "j"."SublotRequestMessageId", "j"."TargetSlotsJson", "j"."UnloadCommandMessageId", "j"."UnloadSlotOperationAttemptId", "j"."UpdatedAt", "j"."VehicleBusinessMessageId", "j"."VehicleBusinessRevision", "j"."VehicleKey", "j"."WorklistMessageId", "j"."WorklistRevision", "j"."YieldTriggeredAt", "j"."YieldTriggeredByVehicleKey"
FROM "JourneyRuntimes" AS "j"
WHERE "j"."Stage" <> 'Completed'
[09:05:04 INF] Executed DbCommand (0ms) [Parameters=[], CommandType='Text', CommandTimeout='30']
SELECT "a"."DemandId"
FROM "AcceptedDemands" AS "a"
WHERE "a"."Status" NOT IN ('Succeeded', 'Cancelled')
[09:05:04 INF] Executed DbCommand (0ms) [Parameters=[], CommandType='Text', CommandTimeout='30']
SELECT "j"."DemandId"
FROM "JourneyDemands" AS "j"
WHERE "j"."RemovedAt" IS NULL
[09:05:04 INF] Start processing HTTP request GET http://127.0.0.1:48409/api/v2/contract
[09:05:04 INF] Sending HTTP request GET http://127.0.0.1:48409/api/v2/contract
[09:05:04 INF] Received HTTP response headers after 1.562ms - 200
[09:05:04 INF] End processing HTTP request after 3.722ms - 200
[09:05:04 INF] Start processing HTTP request GET http://127.0.0.1:48409/api/v2/externally-readable-demand-catalog
[09:05:04 INF] Sending HTTP request GET http://127.0.0.1:48409/api/v2/externally-readable-demand-catalog
[09:05:04 INF] Received HTTP response headers after 1.5496ms - 200
[09:05:04 INF] End processing HTTP request after 4.3174ms - 200
[09:05:04 INF] Executed DbCommand (0ms) [Parameters=[], CommandType='Text', CommandTimeout='30']
SELECT "j"."DemandId", "j"."AcceptedAt", "j"."DecisionFingerprint", "j"."DemandCreatedAt", "j"."FirstSeenAt", "j"."LastSeenAt", "j"."ReasonCode", "j"."StarvationEscalatedAt", "j"."StarvationEscalationParameterVersion", "j"."TransportDemandKey"
FROM "JourneyBacklog" AS "j"
[09:05:04 INF] Executed DbCommand (0ms) [Parameters=[], CommandType='Text', CommandTimeout='30']
SELECT "a"."DemandId"
FROM "AcceptedDemands" AS "a"
[09:05:04 INF] Executed DbCommand (0ms) [Parameters=[], CommandType='Text', CommandTimeout='30']
SELECT "v"."AgvId", "v"."TaskType", "v"."Allowed", "v"."ConfigurationVersion", "v"."UpdatedAt"
FROM "VehicleTaskTypeAdmissions" AS "v"
[09:05:04 INF] Executed DbCommand (0ms) [Parameters=[], CommandType='Text', CommandTimeout='30']
SELECT "v"."AgvId", "v"."ConfigurationVersion", "v"."RoundTimeoutMilliseconds", "v"."UpdatedAt"
FROM "VehicleDispatchBudgets" AS "v"
[09:05:04 INF] Executed DbCommand (0ms) [Parameters=[], CommandType='Text', CommandTimeout='30']
SELECT "d"."Zone", "d"."AgvId", "d"."ConfigurationVersion", "d"."UpdatedAt"
FROM "DispatchZoneVehicles" AS "d"
[09:05:04 INF] Executed DbCommand (0ms) [Parameters=[], CommandType='Text', CommandTimeout='30']
SELECT MAX("d"."Version")
FROM "DispatchZoneAreaAssignmentVersions" AS "d"
[09:05:04 INF] Executed DbCommand (0ms) [Parameters=[@__agvId_0='?' (Size = 10)], CommandType='Text', CommandTimeout='30']
SELECT "a"."SlotModelVersionId", "a"."SnapshotId"
FROM "ActiveSlotConfigurations" AS "a"
WHERE "a"."AgvId" = @__agvId_0
LIMIT 2
[09:05:04 INF] Executed DbCommand (0ms) [Parameters=[@__agvId_0='?' (Size = 10)], CommandType='Text', CommandTimeout='30']
SELECT "s"."SlotModelVersionId", "s"."CreatedAt"
FROM "SlotIoBindings" AS "s"
WHERE "s"."AgvId" = @__agvId_0 AND "s"."Status" = 'PUBLISHED'
[09:05:04 INF] Executed DbCommand (0ms) [Parameters=[@__agvId_0='?' (Size = 10)], CommandType='Text', CommandTimeout='30']
SELECT "s"."AgvId", "s"."ActiveUnlockSlotsJson", "s"."CapabilityHash", "s"."CapabilityRevision", "s"."DepartureSafe", "s"."ForcedRecoveryGeneration", "s"."ManifestSha256", "s"."PendingAttemptIdsJson", "s"."PendingResultIdsJson", "s"."ProfileId", "s"."ProtocolCommit", "s"."ProtocolVersion", "s"."ProvenRecoveryCheckpoint", "s"."Readiness", "s"."ReasonCode", "s"."RecoveryReportId", "s"."ReportedForcedRecoveryGeneration", "s"."ReportedSlotConfigurationFingerprint", "s"."SafetyHash", "s"."SafetyReasonCodesJson", "s"."SafetyRevision", "s"."SafetyUnknownPresent", "s"."SessionGeneration", "s"."UnsettledSlotOperationAttemptId", "s"."UpdatedAt"
FROM "SessionRecoveries" AS "s"
WHERE "s"."AgvId" = @__agvId_0 AND "s"."Readiness" = 'Ready'
LIMIT 2
[09:05:04 INF] Start processing HTTP request GET http://127.0.0.1:48408/api/task/vehicles/getVehicleInfoByDeviceKey?key=BROKERX-L2-0001
[09:05:04 INF] Sending HTTP request GET http://127.0.0.1:48408/api/task/vehicles/getVehicleInfoByDeviceKey?key=BROKERX-L2-0001
[09:05:04 INF] Received HTTP response headers after 1.2685ms - 200
[09:05:05 INF] End processing HTTP request after 31.1363ms - 200
[09:05:05 INF] Executed DbCommand (0ms) [Parameters=[], CommandType='Text', CommandTimeout='30']
SELECT "s"."DemandId", "s"."ReasonCode", "s"."ClearedAt", "s"."DetailJson", "s"."FirstRaisedAt", "s"."LastSeenAt", "s"."TransportDemandKey"
FROM "StructuralDispatchBlocks" AS "s"
WHERE "s"."ClearedAt" IS NULL
[09:05:05 INF] Start processing HTTP request GET http://127.0.0.1:48408/api/task/v1/task/getVehicleInfo/BROKERX-L2-0001
[09:05:05 INF] Sending HTTP request GET http://127.0.0.1:48408/api/task/v1/task/getVehicleInfo/BROKERX-L2-0001
[09:05:05 INF] Received HTTP response headers after 8.9849ms - 200
[09:05:05 INF] End processing HTTP request after 24.5345ms - 200
[09:05:05 INF] Start processing HTTP request GET http://127.0.0.1:48408/api/order/v1/orderRecord?pageNum=1&pageSize=100&filterByState=1&filterByState=3&filterByState=7&filterByState=9
[09:05:05 INF] Sending HTTP request GET http://127.0.0.1:48408/api/order/v1/orderRecord?pageNum=1&pageSize=100&filterByState=1&filterByState=3&filterByState=7&filterByState=9
[09:05:05 INF] Received HTTP response headers after 39.9891ms - 200
[09:05:05 INF] End processing HTTP request after 61.5952ms - 200
[09:05:05 INF] HTTP GET /api/onboard/v1/vehicle-safety responded 200 in 162.5222 ms
[09:05:05 INF] Start processing HTTP request GET http://127.0.0.1:48408/api/imap/v1/mapInfo/stations/25
[09:05:05 INF] Sending HTTP request GET http://127.0.0.1:48408/api/imap/v1/mapInfo/stations/25
[09:05:05 INF] Received HTTP response headers after 1.7939ms - 200
[09:05:05 INF] End processing HTTP request after 4.4951ms - 200
[09:05:05 INF] Executed DbCommand (1ms) [Parameters=[@__mapId_0='?' (DbType = Int32)], CommandType='Text', CommandTimeout='30']
SELECT "t"."MapId", "t"."ActiveVersion", "t"."PendingVersion", "t"."State", "t"."UpdatedAt"
FROM "TaskTypeStationActiveBindingSets" AS "t"
WHERE "t"."MapId" = @__mapId_0
LIMIT 2
[09:05:05 INF] Executed DbCommand (0ms) [Parameters=[@__mapId_0='?' (DbType = Int32), @__version_1='?' (DbType = Int64)], CommandType='Text', CommandTimeout='30']
SELECT "t"."MapId", "t"."Version", "t"."CatalogRevision", "t"."ContentSha256", "t"."LoadedAt", "t"."RuleVersion", "t"."SnapshotId", "t"."Source"
FROM "TaskTypeStationBindingSetVersions" AS "t"
WHERE "t"."MapId" = @__mapId_0 AND "t"."Version" = @__version_1
LIMIT 2
[09:05:05 INF] Executed DbCommand (0ms) [Parameters=[@__mapId_0='?' (DbType = Int32), @__version_1='?' (DbType = Int64)], CommandType='Text', CommandTimeout='30']
SELECT "t"."TaskType"
FROM "TaskTypeStationRequirements" AS "t"
WHERE "t"."MapId" = @__mapId_0 AND "t"."Version" = @__version_1
[09:05:05 INF] Executed DbCommand (0ms) [Parameters=[@__mapId_0='?' (DbType = Int32), @__version_1='?' (DbType = Int64)], CommandType='Text', CommandTimeout='30']
SELECT "t"."MapId", "t"."Version", "t"."TaskType", "t"."SiteVerificationRef", "t"."StationName", "t"."StationRiotId"
FROM "TaskTypeStationBindings" AS "t"
WHERE "t"."MapId" = @__mapId_0 AND "t"."Version" = @__version_1
[09:05:05 INF] Executed DbCommand (0ms) [Parameters=[@__version_0='?' (DbType = Int64)], CommandType='Text', CommandTimeout='30']
SELECT "t"."Version", "t"."ContentSha256", "t"."LoadedAt", "t"."SnapshotId", "t"."Source"
FROM "TaskTypeStationRuleVersions" AS "t"
WHERE "t"."Version" = @__version_0
LIMIT 2
[09:05:05 INF] Executed DbCommand (0ms) [Parameters=[@__version_0='?' (DbType = Int64)], CommandType='Text', CommandTimeout='30']
SELECT "t"."Version", "t"."TaskType", "t"."FixedEnd"
FROM "TaskTypeStationRules" AS "t"
WHERE "t"."Version" = @__version_0
[09:05:05 INF] Executed DbCommand (0ms) [Parameters=[@__mapId_0='?' (DbType = Int32)], CommandType='Text', CommandTimeout='30']
SELECT "t"."MapId", "t"."ActiveVersion", "t"."PendingVersion", "t"."State", "t"."UpdatedAt"
FROM "TaskTypeStationActiveBindingSets" AS "t"
WHERE "t"."MapId" = @__mapId_0
LIMIT 2
[09:05:05 INF] Executed DbCommand (0ms) [Parameters=[@__mapId_0='?' (DbType = Int32)], CommandType='Text', CommandTimeout='30']
SELECT "t"."HoldId", "t"."DetailJson", "t"."MapId", "t"."RaisedAt", "t"."RaisedBy", "t"."ReasonCode", "t"."ReleasedAt", "t"."ReleasedBy", "t"."Source", "t"."TaskType"
FROM "TaskTypeStationHolds" AS "t"
WHERE "t"."MapId" = @__mapId_0 AND "t"."ReleasedAt" IS NULL
[09:05:05 INF] Executed DbCommand (0ms) [Parameters=[@__mapId_0='?' (DbType = Int32)], CommandType='Text', CommandTimeout='30']
SELECT "m"."MapId", "m"."ApprovedMaxUnconfirmedSeconds", "m"."ApprovedSyncPeriodSeconds", "m"."CatalogRevision", "m"."LastAttemptAt", "m"."LastCompleteConfirmationAt", "m"."LastFailureReason", "m"."State", "m"."UpdatedAt"
FROM "MapStationCatalogStates" AS "m"
WHERE "m"."MapId" = @__mapId_0
LIMIT 2
[09:05:05 INF] Executed DbCommand (0ms) [Parameters=[@p3='?' (DbType = Int32), @p0='?' (DbType = DateTimeOffset), @p1='?' (DbType = DateTimeOffset), @p2='?' (DbType = DateTimeOffset)], CommandType='Text', CommandTimeout='30']
UPDATE "MapStationCatalogStates" SET "LastAttemptAt" = @p0, "LastCompleteConfirmationAt" = @p1, "UpdatedAt" = @p2
WHERE "MapId" = @p3
RETURNING 1;
[09:05:05 INF] Executed DbCommand (0ms) [Parameters=[@__mapId_0='?' (DbType = Int32)], CommandType='Text', CommandTimeout='30']
SELECT "t"."MapId", "t"."ActiveVersion", "t"."PendingVersion", "t"."State", "t"."UpdatedAt"
FROM "TaskTypeStationActiveBindingSets" AS "t"
WHERE "t"."MapId" = @__mapId_0
LIMIT 2
[09:05:05 INF] Executed DbCommand (0ms) [Parameters=[@__mapId_0='?' (DbType = Int32), @__version_1='?' (DbType = Int64)], CommandType='Text', CommandTimeout='30']
SELECT "t"."MapId", "t"."Version", "t"."CatalogRevision", "t"."ContentSha256", "t"."LoadedAt", "t"."RuleVersion", "t"."SnapshotId", "t"."Source"
FROM "TaskTypeStationBindingSetVersions" AS "t"
WHERE "t"."MapId" = @__mapId_0 AND "t"."Version" = @__version_1
LIMIT 2
[09:05:05 INF] Executed DbCommand (0ms) [Parameters=[@__mapId_0='?' (DbType = Int32), @__version_1='?' (DbType = Int64)], CommandType='Text', CommandTimeout='30']
SELECT "t"."TaskType"
FROM "TaskTypeStationRequirements" AS "t"
WHERE "t"."MapId" = @__mapId_0 AND "t"."Version" = @__version_1
[09:05:05 INF] Executed DbCommand (0ms) [Parameters=[@__mapId_0='?' (DbType = Int32), @__version_1='?' (DbType = Int64)], CommandType='Text', CommandTimeout='30']
SELECT "t"."MapId", "t"."Version", "t"."TaskType", "t"."SiteVerificationRef", "t"."StationName", "t"."StationRiotId"
FROM "TaskTypeStationBindings" AS "t"
WHERE "t"."MapId" = @__mapId_0 AND "t"."Version" = @__version_1
[09:05:05 INF] Executed DbCommand (0ms) [Parameters=[@__mapId_0='?' (DbType = Int32)], CommandType='Text', CommandTimeout='30']
SELECT "t"."MapId", "t"."ActiveVersion", "t"."PendingVersion", "t"."State", "t"."UpdatedAt"
FROM "TaskTypeStationActiveBindingSets" AS "t"
WHERE "t"."MapId" = @__mapId_0
LIMIT 2
[09:05:06 INF] Executed DbCommand (0ms) [Parameters=[@__mapId_0='?' (DbType = Int32), @__version_1='?' (DbType = Int64)], CommandType='Text', CommandTimeout='30']
SELECT "t"."MapId", "t"."Version", "t"."CatalogRevision", "t"."ContentSha256", "t"."LoadedAt", "t"."RuleVersion", "t"."SnapshotId", "t"."Source"
FROM "TaskTypeStationBindingSetVersions" AS "t"
WHERE "t"."MapId" = @__mapId_0 AND "t"."Version" = @__version_1
LIMIT 2
[09:05:06 INF] Executed DbCommand (0ms) [Parameters=[@__mapId_0='?' (DbType = Int32), @__version_1='?' (DbType = Int64)], CommandType='Text', CommandTimeout='30']
SELECT "t"."TaskType"
FROM "TaskTypeStationRequirements" AS "t"
WHERE "t"."MapId" = @__mapId_0 AND "t"."Version" = @__version_1
[09:05:06 INF] Executed DbCommand (0ms) [Parameters=[@__mapId_0='?' (DbType = Int32), @__version_1='?' (DbType = Int64)], CommandType='Text', CommandTimeout='30']
SELECT "t"."MapId", "t"."Version", "t"."TaskType", "t"."SiteVerificationRef", "t"."StationName", "t"."StationRiotId"
FROM "TaskTypeStationBindings" AS "t"
WHERE "t"."MapId" = @__mapId_0 AND "t"."Version" = @__version_1
[09:05:06 INF] Executed DbCommand (0ms) [Parameters=[@__version_0='?' (DbType = Int64)], CommandType='Text', CommandTimeout='30']
SELECT "t"."Version", "t"."ContentSha256", "t"."LoadedAt", "t"."SnapshotId", "t"."Source"
FROM "TaskTypeStationRuleVersions" AS "t"
WHERE "t"."Version" = @__version_0
LIMIT 2
[09:05:06 INF] Executed DbCommand (0ms) [Parameters=[@__version_0='?' (DbType = Int64)], CommandType='Text', CommandTimeout='30']
SELECT "t"."Version", "t"."TaskType", "t"."FixedEnd"
FROM "TaskTypeStationRules" AS "t"
WHERE "t"."Version" = @__version_0
[09:05:06 INF] Executed DbCommand (0ms) [Parameters=[], CommandType='Text', CommandTimeout='30']
SELECT "a"."Id", "a"."ContentHash", "a"."DeploymentId", "a"."ImportedAt", "a"."Version"
FROM "AdmissionPolicyState" AS "a"
WHERE "a"."Id" = 1
LIMIT 2
[09:05:06 INF] Executed DbCommand (0ms) [Parameters=[], CommandType='Text', CommandTimeout='30']
SELECT "j"."JourneyId", "j"."AgvId", "j"."AgvLifecycleGeneration", "j"."AreaEndAdmissionRevokedSince", "j"."BlockReasonCode", "j"."BlockReasonSince", "j"."CargoHoldingStartedAt", "j"."ConsumedSafetyResultMessageId", "j"."ConsumedSublotMessageId", "j"."CreatedAt", "j"."DemandId", "j"."DispatchGeneration", "j"."DispatchZone", "j"."ExpectedBasketCount", "j"."FullSlotPositionsJson", "j"."GateMovementLegId", "j"."GatePlanMessageId", "j"."GateStationId", "j"."GateStationRiotId", "j"."GateUpperId", "j"."GateVehicleBusinessMessageId", "j"."GateWorklistMessageId", "j"."LoadCommandMessageId", "j"."LoadSlotOperationAttemptId", "j"."LoadingClosedReason", "j"."LoadingPhaseState", "j"."MapId", "j"."MapIdentity", "j"."OperationSessionId", "j"."PickupMovementLegId", "j"."PickupStationId", "j"."PickupStationRiotId", "j"."PickupUpperId", "j"."PlanMessageId", "j"."PlanRevision", "j"."PreDepartureSafetyCheckId", "j"."PreDepartureSafetyCheckMessageId", "j"."RouteEvidenceId", "j"."Stage", "j"."StationDepartureWaitStartedAt", "j"."SublotRequestMessageId", "j"."TargetSlotsJson", "j"."UnloadCommandMessageId", "j"."UnloadSlotOperationAttemptId", "j"."UpdatedAt", "j"."VehicleBusinessMessageId", "j"."VehicleBusinessRevision", "j"."VehicleKey", "j"."WorklistMessageId", "j"."WorklistRevision", "j"."YieldTriggeredAt", "j"."YieldTriggeredByVehicleKey"
FROM "JourneyRuntimes" AS "j"
WHERE "j"."Stage" <> 'Completed'
[09:05:06 INF] Executed DbCommand (0ms) [Parameters=[], CommandType='Text', CommandTimeout='30']
SELECT "a"."DemandId"
FROM "AcceptedDemands" AS "a"
WHERE "a"."Status" NOT IN ('Succeeded', 'Cancelled')
[09:05:06 INF] Executed DbCommand (0ms) [Parameters=[], CommandType='Text', CommandTimeout='30']
SELECT "j"."DemandId"
FROM "JourneyDemands" AS "j"
WHERE "j"."RemovedAt" IS NULL
[09:05:06 INF] Start processing HTTP request GET http://127.0.0.1:48409/api/v2/contract
[09:05:06 INF] Sending HTTP request GET http://127.0.0.1:48409/api/v2/contract
[09:05:06 INF] Received HTTP response headers after 1.5216ms - 200
[09:05:06 INF] End processing HTTP request after 16.2847ms - 200
[09:05:06 INF] Start processing HTTP request GET http://127.0.0.1:48409/api/v2/externally-readable-demand-catalog
[09:05:06 INF] Sending HTTP request GET http://127.0.0.1:48409/api/v2/externally-readable-demand-catalog
[09:05:06 INF] Received HTTP response headers after 1.7702ms - 200
[09:05:06 INF] End processing HTTP request after 92.59ms - 200
[09:05:06 INF] Executed DbCommand (0ms) [Parameters=[], CommandType='Text', CommandTimeout='30']
SELECT "j"."DemandId", "j"."AcceptedAt", "j"."DecisionFingerprint", "j"."DemandCreatedAt", "j"."FirstSeenAt", "j"."LastSeenAt", "j"."ReasonCode", "j"."StarvationEscalatedAt", "j"."StarvationEscalationParameterVersion", "j"."TransportDemandKey"
FROM "JourneyBacklog" AS "j"
[09:05:06 INF] Executed DbCommand (0ms) [Parameters=[], CommandType='Text', CommandTimeout='30']
SELECT "a"."DemandId"
FROM "AcceptedDemands" AS "a"
[09:05:06 INF] Executed DbCommand (0ms) [Parameters=[], CommandType='Text', CommandTimeout='30']
SELECT "v"."AgvId", "v"."TaskType", "v"."Allowed", "v"."ConfigurationVersion", "v"."UpdatedAt"
FROM "VehicleTaskTypeAdmissions" AS "v"
[09:05:06 INF] Executed DbCommand (0ms) [Parameters=[], CommandType='Text', CommandTimeout='30']
SELECT "v"."AgvId", "v"."ConfigurationVersion", "v"."RoundTimeoutMilliseconds", "v"."UpdatedAt"
FROM "VehicleDispatchBudgets" AS "v"
[09:05:06 INF] Executed DbCommand (0ms) [Parameters=[], CommandType='Text', CommandTimeout='30']
SELECT "d"."Zone", "d"."AgvId", "d"."ConfigurationVersion", "d"."UpdatedAt"
FROM "DispatchZoneVehicles" AS "d"
[09:05:06 INF] Executed DbCommand (0ms) [Parameters=[], CommandType='Text', CommandTimeout='30']
SELECT MAX("d"."Version")
FROM "DispatchZoneAreaAssignmentVersions" AS "d"
[09:05:06 INF] Executed DbCommand (0ms) [Parameters=[@__agvId_0='?' (Size = 10)], CommandType='Text', CommandTimeout='30']
SELECT "a"."SlotModelVersionId", "a"."SnapshotId"
FROM "ActiveSlotConfigurations" AS "a"
WHERE "a"."AgvId" = @__agvId_0
LIMIT 2
[09:05:06 INF] Executed DbCommand (0ms) [Parameters=[@__agvId_0='?' (Size = 10)], CommandType='Text', CommandTimeout='30']
SELECT "s"."SlotModelVersionId", "s"."CreatedAt"
FROM "SlotIoBindings" AS "s"
WHERE "s"."AgvId" = @__agvId_0 AND "s"."Status" = 'PUBLISHED'
[09:05:06 INF] Executed DbCommand (0ms) [Parameters=[@__agvId_0='?' (Size = 10)], CommandType='Text', CommandTimeout='30']
SELECT "s"."AgvId", "s"."ActiveUnlockSlotsJson", "s"."CapabilityHash", "s"."CapabilityRevision", "s"."DepartureSafe", "s"."ForcedRecoveryGeneration", "s"."ManifestSha256", "s"."PendingAttemptIdsJson", "s"."PendingResultIdsJson", "s"."ProfileId", "s"."ProtocolCommit", "s"."ProtocolVersion", "s"."ProvenRecoveryCheckpoint", "s"."Readiness", "s"."ReasonCode", "s"."RecoveryReportId", "s"."ReportedForcedRecoveryGeneration", "s"."ReportedSlotConfigurationFingerprint", "s"."SafetyHash", "s"."SafetyReasonCodesJson", "s"."SafetyRevision", "s"."SafetyUnknownPresent", "s"."SessionGeneration", "s"."UnsettledSlotOperationAttemptId", "s"."UpdatedAt"
FROM "SessionRecoveries" AS "s"
WHERE "s"."AgvId" = @__agvId_0 AND "s"."Readiness" = 'Ready'
LIMIT 2
[09:05:06 INF] Start processing HTTP request GET http://127.0.0.1:48408/api/task/vehicles/getVehicleInfoByDeviceKey?key=BROKERX-L2-0001
[09:05:06 INF] Sending HTTP request GET http://127.0.0.1:48408/api/task/vehicles/getVehicleInfoByDeviceKey?key=BROKERX-L2-0001
[09:05:06 INF] Received HTTP response headers after 1.1961ms - 200
[09:05:06 INF] End processing HTTP request after 18.3188ms - 200
[09:05:06 INF] Executed DbCommand (0ms) [Parameters=[], CommandType='Text', CommandTimeout='30']
SELECT "s"."DemandId", "s"."ReasonCode", "s"."ClearedAt", "s"."DetailJson", "s"."FirstRaisedAt", "s"."LastSeenAt", "s"."TransportDemandKey"
FROM "StructuralDispatchBlocks" AS "s"
WHERE "s"."ClearedAt" IS NULL
[09:05:06 INF] Start processing HTTP request GET http://127.0.0.1:48408/api/imap/v1/mapInfo/stations/25
[09:05:06 INF] Sending HTTP request GET http://127.0.0.1:48408/api/imap/v1/mapInfo/stations/25
[09:05:06 INF] Received HTTP response headers after 1.1027ms - 200
[09:05:06 INF] End processing HTTP request after 3.5549ms - 200
[09:05:06 INF] Executed DbCommand (0ms) [Parameters=[@__mapId_0='?' (DbType = Int32)], CommandType='Text', CommandTimeout='30']
SELECT "t"."MapId", "t"."ActiveVersion", "t"."PendingVersion", "t"."State", "t"."UpdatedAt"
FROM "TaskTypeStationActiveBindingSets" AS "t"
WHERE "t"."MapId" = @__mapId_0
LIMIT 2
[09:05:06 INF] Executed DbCommand (0ms) [Parameters=[@__mapId_0='?' (DbType = Int32), @__version_1='?' (DbType = Int64)], CommandType='Text', CommandTimeout='30']
SELECT "t"."MapId", "t"."Version", "t"."CatalogRevision", "t"."ContentSha256", "t"."LoadedAt", "t"."RuleVersion", "t"."SnapshotId", "t"."Source"
FROM "TaskTypeStationBindingSetVersions" AS "t"
WHERE "t"."MapId" = @__mapId_0 AND "t"."Version" = @__version_1
LIMIT 2
[09:05:06 INF] Start processing HTTP request GET http://127.0.0.1:48408/api/task/v1/task/getVehicleInfo/BROKERX-L2-0001
[09:05:06 INF] Executed DbCommand (0ms) [Parameters=[@__mapId_0='?' (DbType = Int32), @__version_1='?' (DbType = Int64)], CommandType='Text', CommandTimeout='30']
SELECT "t"."TaskType"
FROM "TaskTypeStationRequirements" AS "t"
WHERE "t"."MapId" = @__mapId_0 AND "t"."Version" = @__version_1
[09:05:06 INF] Sending HTTP request GET http://127.0.0.1:48408/api/task/v1/task/getVehicleInfo/BROKERX-L2-0001
[09:05:06 INF] Executed DbCommand (0ms) [Parameters=[@__mapId_0='?' (DbType = Int32), @__version_1='?' (DbType = Int64)], CommandType='Text', CommandTimeout='30']
SELECT "t"."MapId", "t"."Version", "t"."TaskType", "t"."SiteVerificationRef", "t"."StationName", "t"."StationRiotId"
FROM "TaskTypeStationBindings" AS "t"
WHERE "t"."MapId" = @__mapId_0 AND "t"."Version" = @__version_1
[09:05:06 INF] Received HTTP response headers after 2.1162ms - 200
[09:05:06 INF] Executed DbCommand (0ms) [Parameters=[@__version_0='?' (DbType = Int64)], CommandType='Text', CommandTimeout='30']
SELECT "t"."Version", "t"."ContentSha256", "t"."LoadedAt", "t"."SnapshotId", "t"."Source"
FROM "TaskTypeStationRuleVersions" AS "t"
WHERE "t"."Version" = @__version_0
LIMIT 2
[09:05:06 INF] End processing HTTP request after 142.1277ms - 200
[09:05:06 INF] Executed DbCommand (0ms) [Parameters=[@__version_0='?' (DbType = Int64)], CommandType='Text', CommandTimeout='30']
SELECT "t"."Version", "t"."TaskType", "t"."FixedEnd"
FROM "TaskTypeStationRules" AS "t"
WHERE "t"."Version" = @__version_0
[09:05:06 INF] Start processing HTTP request GET http://127.0.0.1:48408/api/order/v1/orderRecord?pageNum=1&pageSize=100&filterByState=1&filterByState=3&filterByState=7&filterByState=9
[09:05:06 INF] Executed DbCommand (0ms) [Parameters=[@__mapId_0='?' (DbType = Int32)], CommandType='Text', CommandTimeout='30']
SELECT "t"."MapId", "t"."ActiveVersion", "t"."PendingVersion", "t"."State", "t"."UpdatedAt"
FROM "TaskTypeStationActiveBindingSets" AS "t"
WHERE "t"."MapId" = @__mapId_0
LIMIT 2
[09:05:06 INF] Sending HTTP request GET http://127.0.0.1:48408/api/order/v1/orderRecord?pageNum=1&pageSize=100&filterByState=1&filterByState=3&filterByState=7&filterByState=9
[09:05:06 INF] Executed DbCommand (0ms) [Parameters=[@__mapId_0='?' (DbType = Int32)], CommandType='Text', CommandTimeout='30']
SELECT "t"."HoldId", "t"."DetailJson", "t"."MapId", "t"."RaisedAt", "t"."RaisedBy", "t"."ReasonCode", "t"."ReleasedAt", "t"."ReleasedBy", "t"."Source", "t"."TaskType"
FROM "TaskTypeStationHolds" AS "t"
WHERE "t"."MapId" = @__mapId_0 AND "t"."ReleasedAt" IS NULL
[09:05:06 INF] Received HTTP response headers after 4.0908ms - 200
[09:05:06 INF] Executed DbCommand (0ms) [Parameters=[@__mapId_0='?' (DbType = Int32)], CommandType='Text', CommandTimeout='30']
SELECT "m"."MapId", "m"."ApprovedMaxUnconfirmedSeconds", "m"."ApprovedSyncPeriodSeconds", "m"."CatalogRevision", "m"."LastAttemptAt", "m"."LastCompleteConfirmationAt", "m"."LastFailureReason", "m"."State", "m"."UpdatedAt"
FROM "MapStationCatalogStates" AS "m"
WHERE "m"."MapId" = @__mapId_0
LIMIT 2
[09:05:06 INF] End processing HTTP request after 172.7052ms - 200
[09:05:06 INF] Executed DbCommand (0ms) [Parameters=[@p3='?' (DbType = Int32), @p0='?' (DbType = DateTimeOffset), @p1='?' (DbType = DateTimeOffset), @p2='?' (DbType = DateTimeOffset)], CommandType='Text', CommandTimeout='30']
UPDATE "MapStationCatalogStates" SET "LastAttemptAt" = @p0, "LastCompleteConfirmationAt" = @p1, "UpdatedAt" = @p2
WHERE "MapId" = @p3
RETURNING 1;
[09:05:06 INF] HTTP GET /api/onboard/v1/vehicle-safety responded 200 in 474.7144 ms
[09:05:07 INF] Executed DbCommand (0ms) [Parameters=[@__mapId_0='?' (DbType = Int32)], CommandType='Text', CommandTimeout='30']
SELECT "t"."MapId", "t"."ActiveVersion", "t"."PendingVersion", "t"."State", "t"."UpdatedAt"
FROM "TaskTypeStationActiveBindingSets" AS "t"
WHERE "t"."MapId" = @__mapId_0
LIMIT 2
[09:05:07 INF] Executed DbCommand (0ms) [Parameters=[@__mapId_0='?' (DbType = Int32), @__version_1='?' (DbType = Int64)], CommandType='Text', CommandTimeout='30']
SELECT "t"."MapId", "t"."Version", "t"."CatalogRevision", "t"."ContentSha256", "t"."LoadedAt", "t"."RuleVersion", "t"."SnapshotId", "t"."Source"
FROM "TaskTypeStationBindingSetVersions" AS "t"
WHERE "t"."MapId" = @__mapId_0 AND "t"."Version" = @__version_1
LIMIT 2
[09:05:07 INF] Executed DbCommand (0ms) [Parameters=[@__mapId_0='?' (DbType = Int32), @__version_1='?' (DbType = Int64)], CommandType='Text', CommandTimeout='30']
SELECT "t"."TaskType"
FROM "TaskTypeStationRequirements" AS "t"
WHERE "t"."MapId" = @__mapId_0 AND "t"."Version" = @__version_1
[09:05:07 INF] Executed DbCommand (0ms) [Parameters=[@__mapId_0='?' (DbType = Int32), @__version_1='?' (DbType = Int64)], CommandType='Text', CommandTimeout='30']
SELECT "t"."MapId", "t"."Version", "t"."TaskType", "t"."SiteVerificationRef", "t"."StationName", "t"."StationRiotId"
FROM "TaskTypeStationBindings" AS "t"
WHERE "t"."MapId" = @__mapId_0 AND "t"."Version" = @__version_1
[09:05:07 INF] Executed DbCommand (28ms) [Parameters=[@__messageId_0='?' (Size = 36)], CommandType='Text', CommandTimeout='30']
SELECT "p"."MessageId", "p"."ContentHash", "p"."FirstResponseJson", "p"."MessageType", "p"."ReceivedAt", "p"."RequestJson"
FROM "ProtocolInbox" AS "p"
WHERE "p"."MessageId" = @__messageId_0
LIMIT 2
[09:05:07 INF] Executed DbCommand (0ms) [Parameters=[@__mapId_0='?' (DbType = Int32)], CommandType='Text', CommandTimeout='30']
SELECT "t"."MapId", "t"."ActiveVersion", "t"."PendingVersion", "t"."State", "t"."UpdatedAt"
FROM "TaskTypeStationActiveBindingSets" AS "t"
WHERE "t"."MapId" = @__mapId_0
LIMIT 2
[09:05:07 INF] Executed DbCommand (0ms) [Parameters=[@__agvId_0='?' (Size = 10)], CommandType='Text', CommandTimeout='30']
SELECT "s"."SessionGeneration"
FROM "SessionRecoveries" AS "s"
WHERE "s"."AgvId" = @__agvId_0
LIMIT 2
[09:05:07 INF] Executed DbCommand (0ms) [Parameters=[@__mapId_0='?' (DbType = Int32), @__version_1='?' (DbType = Int64)], CommandType='Text', CommandTimeout='30']
SELECT "t"."MapId", "t"."Version", "t"."CatalogRevision", "t"."ContentSha256", "t"."LoadedAt", "t"."RuleVersion", "t"."SnapshotId", "t"."Source"
FROM "TaskTypeStationBindingSetVersions" AS "t"
WHERE "t"."MapId" = @__mapId_0 AND "t"."Version" = @__version_1
LIMIT 2
[09:05:07 INF] Executed DbCommand (0ms) [Parameters=[@__identity_AgvId_0='?' (Size = 10)], CommandType='Text', CommandTimeout='30']
SELECT "s"."AgvId", "s"."ActiveUnlockSlotsJson", "s"."CapabilityHash", "s"."CapabilityRevision", "s"."DepartureSafe", "s"."ForcedRecoveryGeneration", "s"."ManifestSha256", "s"."PendingAttemptIdsJson", "s"."PendingResultIdsJson", "s"."ProfileId", "s"."ProtocolCommit", "s"."ProtocolVersion", "s"."ProvenRecoveryCheckpoint", "s"."Readiness", "s"."ReasonCode", "s"."RecoveryReportId", "s"."ReportedForcedRecoveryGeneration", "s"."ReportedSlotConfigurationFingerprint", "s"."SafetyHash", "s"."SafetyReasonCodesJson", "s"."SafetyRevision", "s"."SafetyUnknownPresent", "s"."SessionGeneration", "s"."UnsettledSlotOperationAttemptId", "s"."UpdatedAt"
FROM "SessionRecoveries" AS "s"
WHERE "s"."AgvId" = @__identity_AgvId_0
LIMIT 2
[09:05:07 INF] Executed DbCommand (0ms) [Parameters=[@__mapId_0='?' (DbType = Int32), @__version_1='?' (DbType = Int64)], CommandType='Text', CommandTimeout='30']
SELECT "t"."TaskType"
FROM "TaskTypeStationRequirements" AS "t"
WHERE "t"."MapId" = @__mapId_0 AND "t"."Version" = @__version_1
[09:05:07 INF] Executed DbCommand (0ms) [Parameters=[@__identity_AgvId_0='?' (Size = 10)], CommandType='Text', CommandTimeout='30']
SELECT "j"."JourneyId", "j"."AgvId", "j"."AgvLifecycleGeneration", "j"."AreaEndAdmissionRevokedSince", "j"."BlockReasonCode", "j"."BlockReasonSince", "j"."CargoHoldingStartedAt", "j"."ConsumedSafetyResultMessageId", "j"."ConsumedSublotMessageId", "j"."CreatedAt", "j"."DemandId", "j"."DispatchGeneration", "j"."DispatchZone", "j"."ExpectedBasketCount", "j"."FullSlotPositionsJson", "j"."GateMovementLegId", "j"."GatePlanMessageId", "j"."GateStationId", "j"."GateStationRiotId", "j"."GateUpperId", "j"."GateVehicleBusinessMessageId", "j"."GateWorklistMessageId", "j"."LoadCommandMessageId", "j"."LoadSlotOperationAttemptId", "j"."LoadingClosedReason", "j"."LoadingPhaseState", "j"."MapId", "j"."MapIdentity", "j"."OperationSessionId", "j"."PickupMovementLegId", "j"."PickupStationId", "j"."PickupStationRiotId", "j"."PickupUpperId", "j"."PlanMessageId", "j"."PlanRevision", "j"."PreDepartureSafetyCheckId", "j"."PreDepartureSafetyCheckMessageId", "j"."RouteEvidenceId", "j"."Stage", "j"."StationDepartureWaitStartedAt", "j"."SublotRequestMessageId", "j"."TargetSlotsJson", "j"."UnloadCommandMessageId", "j"."UnloadSlotOperationAttemptId", "j"."UpdatedAt", "j"."VehicleBusinessMessageId", "j"."VehicleBusinessRevision", "j"."VehicleKey", "j"."WorklistMessageId", "j"."WorklistRevision", "j"."YieldTriggeredAt", "j"."YieldTriggeredByVehicleKey"
FROM "JourneyRuntimes" AS "j"
WHERE "j"."AgvId" = @__identity_AgvId_0 AND "j"."StationDepartureWaitStartedAt" IS NOT NULL
[09:05:07 INF] Executed DbCommand (0ms) [Parameters=[@__mapId_0='?' (DbType = Int32), @__version_1='?' (DbType = Int64)], CommandType='Text', CommandTimeout='30']
SELECT "t"."MapId", "t"."Version", "t"."TaskType", "t"."SiteVerificationRef", "t"."StationName", "t"."StationRiotId"
FROM "TaskTypeStationBindings" AS "t"
WHERE "t"."MapId" = @__mapId_0 AND "t"."Version" = @__version_1
[09:05:07 INF] Executed DbCommand (0ms) [Parameters=[@__version_0='?' (DbType = Int64)], CommandType='Text', CommandTimeout='30']
SELECT "t"."Version", "t"."ContentSha256", "t"."LoadedAt", "t"."SnapshotId", "t"."Source"
FROM "TaskTypeStationRuleVersions" AS "t"
WHERE "t"."Version" = @__version_0
LIMIT 2
[09:05:07 INF] Executed DbCommand (0ms) [Parameters=[@__version_0='?' (DbType = Int64)], CommandType='Text', CommandTimeout='30']
SELECT "t"."Version", "t"."TaskType", "t"."FixedEnd"
FROM "TaskTypeStationRules" AS "t"
WHERE "t"."Version" = @__version_0
[09:05:07 INF] Executed DbCommand (0ms) [Parameters=[], CommandType='Text', CommandTimeout='30']
SELECT "a"."Id", "a"."ContentHash", "a"."DeploymentId", "a"."ImportedAt", "a"."Version"
FROM "AdmissionPolicyState" AS "a"
WHERE "a"."Id" = 1
LIMIT 2
[09:05:07 INF] Executed DbCommand (0ms) [Parameters=[], CommandType='Text', CommandTimeout='30']
SELECT "j"."JourneyId", "j"."AgvId", "j"."AgvLifecycleGeneration", "j"."AreaEndAdmissionRevokedSince", "j"."BlockReasonCode", "j"."BlockReasonSince", "j"."CargoHoldingStartedAt", "j"."ConsumedSafetyResultMessageId", "j"."ConsumedSublotMessageId", "j"."CreatedAt", "j"."DemandId", "j"."DispatchGeneration", "j"."DispatchZone", "j"."ExpectedBasketCount", "j"."FullSlotPositionsJson", "j"."GateMovementLegId", "j"."GatePlanMessageId", "j"."GateStationId", "j"."GateStationRiotId", "j"."GateUpperId", "j"."GateVehicleBusinessMessageId", "j"."GateWorklistMessageId", "j"."LoadCommandMessageId", "j"."LoadSlotOperationAttemptId", "j"."LoadingClosedReason", "j"."LoadingPhaseState", "j"."MapId", "j"."MapIdentity", "j"."OperationSessionId", "j"."PickupMovementLegId", "j"."PickupStationId", "j"."PickupStationRiotId", "j"."PickupUpperId", "j"."PlanMessageId", "j"."PlanRevision", "j"."PreDepartureSafetyCheckId", "j"."PreDepartureSafetyCheckMessageId", "j"."RouteEvidenceId", "j"."Stage", "j"."StationDepartureWaitStartedAt", "j"."SublotRequestMessageId", "j"."TargetSlotsJson", "j"."UnloadCommandMessageId", "j"."UnloadSlotOperationAttemptId", "j"."UpdatedAt", "j"."VehicleBusinessMessageId", "j"."VehicleBusinessRevision", "j"."VehicleKey", "j"."WorklistMessageId", "j"."WorklistRevision", "j"."YieldTriggeredAt", "j"."YieldTriggeredByVehicleKey"
FROM "JourneyRuntimes" AS "j"
WHERE "j"."Stage" <> 'Completed'
[09:05:07 INF] Executed DbCommand (0ms) [Parameters=[], CommandType='Text', CommandTimeout='30']
SELECT "a"."DemandId"
FROM "AcceptedDemands" AS "a"
WHERE "a"."Status" NOT IN ('Succeeded', 'Cancelled')
[09:05:07 INF] Executed DbCommand (0ms) [Parameters=[], CommandType='Text', CommandTimeout='30']
SELECT "j"."DemandId"
FROM "JourneyDemands" AS "j"
WHERE "j"."RemovedAt" IS NULL
[09:05:07 INF] Start processing HTTP request GET http://127.0.0.1:48409/api/v2/contract
[09:05:07 INF] Sending HTTP request GET http://127.0.0.1:48409/api/v2/contract
[09:05:07 INF] Received HTTP response headers after 1.7636ms - 200
[09:05:07 INF] End processing HTTP request after 4.2912ms - 200
[09:05:07 INF] Executed DbCommand (0ms) [Parameters=[@p0='?' (Size = 10), @p1='?' (Size = 2), @p2='?', @p3='?' (DbType = Int64), @p4='?' (DbType = Boolean), @p5='?' (DbType = Int64), @p6='?' (Size = 64), @p7='?' (Size = 2), @p8='?' (Size = 2), @p9='?' (Size = 16), @p10='?' (Size = 40), @p11='?' (DbType = Int32), @p12='?', @p13='?' (Size = 16), @p14='?' (Size = 20), @p15='?', @p16='?' (DbType = Int64), @p17='?', @p18='?', @p19='?', @p20='?' (DbType = Int64), @p21='?' (DbType = Boolean), @p22='?' (DbType = Int64), @p23='?', @p24='?' (DbType = DateTimeOffset)], CommandType='Text', CommandTimeout='30']
INSERT INTO "SessionRecoveries" ("AgvId", "ActiveUnlockSlotsJson", "CapabilityHash", "CapabilityRevision", "DepartureSafe", "ForcedRecoveryGeneration", "ManifestSha256", "PendingAttemptIdsJson", "PendingResultIdsJson", "ProfileId", "ProtocolCommit", "ProtocolVersion", "ProvenRecoveryCheckpoint", "Readiness", "ReasonCode", "RecoveryReportId", "ReportedForcedRecoveryGeneration", "ReportedSlotConfigurationFingerprint", "SafetyHash", "SafetyReasonCodesJson", "SafetyRevision", "SafetyUnknownPresent", "SessionGeneration", "UnsettledSlotOperationAttemptId", "UpdatedAt")
VALUES (@p0, @p1, @p2, @p3, @p4, @p5, @p6, @p7, @p8, @p9, @p10, @p11, @p12, @p13, @p14, @p15, @p16, @p17, @p18, @p19, @p20, @p21, @p22, @p23, @p24);
[09:05:07 INF] Start processing HTTP request GET http://127.0.0.1:48409/api/v2/externally-readable-demand-catalog
[09:05:07 INF] Sending HTTP request GET http://127.0.0.1:48409/api/v2/externally-readable-demand-catalog
[09:05:07 INF] Received HTTP response headers after 1.2795ms - 200
[09:05:07 INF] End processing HTTP request after 97.5833ms - 200
[09:05:07 INF] Executed DbCommand (0ms) [Parameters=[], CommandType='Text', CommandTimeout='30']
SELECT "j"."DemandId", "j"."AcceptedAt", "j"."DecisionFingerprint", "j"."DemandCreatedAt", "j"."FirstSeenAt", "j"."LastSeenAt", "j"."ReasonCode", "j"."StarvationEscalatedAt", "j"."StarvationEscalationParameterVersion", "j"."TransportDemandKey"
FROM "JourneyBacklog" AS "j"
[09:05:07 INF] Executed DbCommand (0ms) [Parameters=[], CommandType='Text', CommandTimeout='30']
SELECT "a"."DemandId"
FROM "AcceptedDemands" AS "a"
[09:05:07 INF] Executed DbCommand (0ms) [Parameters=[@p0='?' (Size = 36), @p1='?' (Size = 64), @p2='?' (Size = 1064), @p3='?' (Size = 12), @p4='?' (DbType = DateTimeOffset), @p5='?' (Size = 1075)], CommandType='Text', CommandTimeout='30']
INSERT INTO "ProtocolInbox" ("MessageId", "ContentHash", "FirstResponseJson", "MessageType", "ReceivedAt", "RequestJson")
VALUES (@p0, @p1, @p2, @p3, @p4, @p5);
[09:05:07 INF] Executed DbCommand (0ms) [Parameters=[], CommandType='Text', CommandTimeout='30']
SELECT "v"."AgvId", "v"."TaskType", "v"."Allowed", "v"."ConfigurationVersion", "v"."UpdatedAt"
FROM "VehicleTaskTypeAdmissions" AS "v"
[09:05:07 INF] Executed DbCommand (0ms) [Parameters=[], CommandType='Text', CommandTimeout='30']
SELECT "v"."AgvId", "v"."ConfigurationVersion", "v"."RoundTimeoutMilliseconds", "v"."UpdatedAt"
FROM "VehicleDispatchBudgets" AS "v"
[09:05:07 INF] Executed DbCommand (0ms) [Parameters=[], CommandType='Text', CommandTimeout='30']
SELECT "d"."Zone", "d"."AgvId", "d"."ConfigurationVersion", "d"."UpdatedAt"
FROM "DispatchZoneVehicles" AS "d"
[09:05:07 INF] Executed DbCommand (0ms) [Parameters=[], CommandType='Text', CommandTimeout='30']
SELECT MAX("d"."Version")
FROM "DispatchZoneAreaAssignmentVersions" AS "d"
[09:05:07 INF] Executed DbCommand (0ms) [Parameters=[@__agvId_0='?' (Size = 10)], CommandType='Text', CommandTimeout='30']
SELECT "a"."SlotModelVersionId", "a"."SnapshotId"
FROM "ActiveSlotConfigurations" AS "a"
WHERE "a"."AgvId" = @__agvId_0
LIMIT 2
[09:05:07 INF] Executed DbCommand (0ms) [Parameters=[@__agvId_0='?' (Size = 10)], CommandType='Text', CommandTimeout='30']
SELECT "s"."SlotModelVersionId", "s"."CreatedAt"
FROM "SlotIoBindings" AS "s"
WHERE "s"."AgvId" = @__agvId_0 AND "s"."Status" = 'PUBLISHED'
[09:05:07 INF] Executed DbCommand (0ms) [Parameters=[@__agvId_0='?' (Size = 10)], CommandType='Text', CommandTimeout='30']
SELECT "s"."AgvId", "s"."ActiveUnlockSlotsJson", "s"."CapabilityHash", "s"."CapabilityRevision", "s"."DepartureSafe", "s"."ForcedRecoveryGeneration", "s"."ManifestSha256", "s"."PendingAttemptIdsJson", "s"."PendingResultIdsJson", "s"."ProfileId", "s"."ProtocolCommit", "s"."ProtocolVersion", "s"."ProvenRecoveryCheckpoint", "s"."Readiness", "s"."ReasonCode", "s"."RecoveryReportId", "s"."ReportedForcedRecoveryGeneration", "s"."ReportedSlotConfigurationFingerprint", "s"."SafetyHash", "s"."SafetyReasonCodesJson", "s"."SafetyRevision", "s"."SafetyUnknownPresent", "s"."SessionGeneration", "s"."UnsettledSlotOperationAttemptId", "s"."UpdatedAt"
FROM "SessionRecoveries" AS "s"
WHERE "s"."AgvId" = @__agvId_0 AND "s"."Readiness" = 'Ready'
LIMIT 2
[09:05:07 INF] Start processing HTTP request GET http://127.0.0.1:48408/api/task/vehicles/getVehicleInfoByDeviceKey?key=BROKERX-L2-0001
[09:05:07 INF] Sending HTTP request GET http://127.0.0.1:48408/api/task/vehicles/getVehicleInfoByDeviceKey?key=BROKERX-L2-0001
[09:05:07 INF] Received HTTP response headers after 1.1468ms - 200
[09:05:07 INF] End processing HTTP request after 2.5292ms - 200
[09:05:07 INF] Executed DbCommand (0ms) [Parameters=[@__messageId_0='?' (Size = 36)], CommandType='Text', CommandTimeout='30']
SELECT "p"."MessageId", "p"."ContentHash", "p"."FirstResponseJson", "p"."MessageType", "p"."ReceivedAt", "p"."RequestJson"
FROM "ProtocolInbox" AS "p"
WHERE "p"."MessageId" = @__messageId_0
LIMIT 2
[09:05:07 INF] Executed DbCommand (0ms) [Parameters=[], CommandType='Text', CommandTimeout='30']
SELECT "s"."DemandId", "s"."ReasonCode", "s"."ClearedAt", "s"."DetailJson", "s"."FirstRaisedAt", "s"."LastSeenAt", "s"."TransportDemandKey"
FROM "StructuralDispatchBlocks" AS "s"
WHERE "s"."ClearedAt" IS NULL
[09:05:07 INF] Start processing HTTP request GET http://127.0.0.1:48408/api/imap/v1/mapInfo/stations/25
[09:05:07 INF] Sending HTTP request GET http://127.0.0.1:48408/api/imap/v1/mapInfo/stations/25
[09:05:07 INF] Received HTTP response headers after 1.6537ms - 200
[09:05:07 INF] Executed DbCommand (0ms) [Parameters=[@__agvId_0='?' (Size = 10)], CommandType='Text', CommandTimeout='30']
SELECT "a"."AgvId", "a"."ActivatedAt", "a"."ActivationId", "a"."ConfigurationVersion", "a"."Fingerprint", "a"."SlotModelVersionId", "a"."SnapshotId"
FROM "ActiveSlotConfigurations" AS "a"
WHERE "a"."AgvId" = @__agvId_0
LIMIT 1
[09:05:07 INF] End processing HTTP request after 14.7879ms - 200
[09:05:07 INF] Executed DbCommand (0ms) [Parameters=[@__agvId_0='?' (Size = 10)], CommandType='Text', CommandTimeout='30']
SELECT "a"."AgvId", "a"."ArchiveReason", "a"."ArchivedActiveSlotConfigurationFingerprint", "a"."ArchivedAt", "a"."ArchivedLifecycleGeneration"
FROM "AgvArchives" AS "a"
WHERE "a"."AgvId" = @__agvId_0
LIMIT 1
[09:05:07 INF] Executed DbCommand (0ms) [Parameters=[@__mapId_0='?' (DbType = Int32)], CommandType='Text', CommandTimeout='30']
SELECT "t"."MapId", "t"."ActiveVersion", "t"."PendingVersion", "t"."State", "t"."UpdatedAt"
FROM "TaskTypeStationActiveBindingSets" AS "t"
WHERE "t"."MapId" = @__mapId_0
LIMIT 2
[09:05:07 INF] Executed DbCommand (0ms) [Parameters=[@__agvId_0='?' (Size = 10)], CommandType='Text', CommandTimeout='30']
SELECT "s"."AgvId", "s"."ActiveUnlockSlotsJson", "s"."CapabilityHash", "s"."CapabilityRevision", "s"."DepartureSafe", "s"."ForcedRecoveryGeneration", "s"."ManifestSha256", "s"."PendingAttemptIdsJson", "s"."PendingResultIdsJson", "s"."ProfileId", "s"."ProtocolCommit", "s"."ProtocolVersion", "s"."ProvenRecoveryCheckpoint", "s"."Readiness", "s"."ReasonCode", "s"."RecoveryReportId", "s"."ReportedForcedRecoveryGeneration", "s"."ReportedSlotConfigurationFingerprint", "s"."SafetyHash", "s"."SafetyReasonCodesJson", "s"."SafetyRevision", "s"."SafetyUnknownPresent", "s"."SessionGeneration", "s"."UnsettledSlotOperationAttemptId", "s"."UpdatedAt"
FROM "SessionRecoveries" AS "s"
WHERE "s"."AgvId" = @__agvId_0
LIMIT 2
[09:05:07 INF] Executed DbCommand (0ms) [Parameters=[@__mapId_0='?' (DbType = Int32), @__version_1='?' (DbType = Int64)], CommandType='Text', CommandTimeout='30']
SELECT "t"."MapId", "t"."Version", "t"."CatalogRevision", "t"."ContentSha256", "t"."LoadedAt", "t"."RuleVersion", "t"."SnapshotId", "t"."Source"
FROM "TaskTypeStationBindingSetVersions" AS "t"
WHERE "t"."MapId" = @__mapId_0 AND "t"."Version" = @__version_1
LIMIT 2
[09:05:07 INF] Executed DbCommand (0ms) [Parameters=[@__mapId_0='?' (DbType = Int32), @__version_1='?' (DbType = Int64)], CommandType='Text', CommandTimeout='30']
SELECT "t"."TaskType"
FROM "TaskTypeStationRequirements" AS "t"
WHERE "t"."MapId" = @__mapId_0 AND "t"."Version" = @__version_1
[09:05:07 INF] Executed DbCommand (0ms) [Parameters=[@p4='?' (Size = 10), @p0='?' (Size = 64), @p1='?' (DbType = Int64), @p2='?' (Size = 64), @p3='?' (DbType = DateTimeOffset)], CommandType='Text', CommandTimeout='30']
UPDATE "SessionRecoveries" SET "CapabilityHash" = @p0, "CapabilityRevision" = @p1, "ReportedSlotConfigurationFingerprint" = @p2, "UpdatedAt" = @p3
WHERE "AgvId" = @p4
RETURNING 1;
[09:05:07 INF] Executed DbCommand (0ms) [Parameters=[@__mapId_0='?' (DbType = Int32), @__version_1='?' (DbType = Int64)], CommandType='Text', CommandTimeout='30']
SELECT "t"."MapId", "t"."Version", "t"."TaskType", "t"."SiteVerificationRef", "t"."StationName", "t"."StationRiotId"
FROM "TaskTypeStationBindings" AS "t"
WHERE "t"."MapId" = @__mapId_0 AND "t"."Version" = @__version_1
[09:05:07 INF] Executed DbCommand (0ms) [Parameters=[@__version_0='?' (DbType = Int64)], CommandType='Text', CommandTimeout='30']
SELECT "t"."Version", "t"."ContentSha256", "t"."LoadedAt", "t"."SnapshotId", "t"."Source"
FROM "TaskTypeStationRuleVersions" AS "t"
WHERE "t"."Version" = @__version_0
LIMIT 2
[09:05:07 INF] Executed DbCommand (0ms) [Parameters=[@__version_0='?' (DbType = Int64)], CommandType='Text', CommandTimeout='30']
SELECT "t"."Version", "t"."TaskType", "t"."FixedEnd"
FROM "TaskTypeStationRules" AS "t"
WHERE "t"."Version" = @__version_0
[09:05:07 INF] Executed DbCommand (0ms) [Parameters=[@__mapId_0='?' (DbType = Int32)], CommandType='Text', CommandTimeout='30']
SELECT "t"."MapId", "t"."ActiveVersion", "t"."PendingVersion", "t"."State", "t"."UpdatedAt"
FROM "TaskTypeStationActiveBindingSets" AS "t"
WHERE "t"."MapId" = @__mapId_0
LIMIT 2
[09:05:07 INF] Executed DbCommand (0ms) [Parameters=[@p0='?' (Size = 36), @p1='?' (Size = 64), @p2='?' (Size = 622), @p3='?' (Size = 18), @p4='?' (DbType = DateTimeOffset), @p5='?' (Size = 2073)], CommandType='Text', CommandTimeout='30']
INSERT INTO "ProtocolInbox" ("MessageId", "ContentHash", "FirstResponseJson", "MessageType", "ReceivedAt", "RequestJson")
VALUES (@p0, @p1, @p2, @p3, @p4, @p5);
[09:05:07 INF] Executed DbCommand (0ms) [Parameters=[@__mapId_0='?' (DbType = Int32)], CommandType='Text', CommandTimeout='30']
SELECT "t"."HoldId", "t"."DetailJson", "t"."MapId", "t"."RaisedAt", "t"."RaisedBy", "t"."ReasonCode", "t"."ReleasedAt", "t"."ReleasedBy", "t"."Source", "t"."TaskType"
FROM "TaskTypeStationHolds" AS "t"
WHERE "t"."MapId" = @__mapId_0 AND "t"."ReleasedAt" IS NULL
[09:05:07 INF] Executed DbCommand (0ms) [Parameters=[@__mapId_0='?' (DbType = Int32)], CommandType='Text', CommandTimeout='30']
SELECT "m"."MapId", "m"."ApprovedMaxUnconfirmedSeconds", "m"."ApprovedSyncPeriodSeconds", "m"."CatalogRevision", "m"."LastAttemptAt", "m"."LastCompleteConfirmationAt", "m"."LastFailureReason", "m"."State", "m"."UpdatedAt"
FROM "MapStationCatalogStates" AS "m"
WHERE "m"."MapId" = @__mapId_0
LIMIT 2
[09:05:07 INF] Executed DbCommand (0ms) [Parameters=[@__messageId_0='?' (Size = 36)], CommandType='Text', CommandTimeout='30']
SELECT "p"."MessageId", "p"."ContentHash", "p"."FirstResponseJson", "p"."MessageType", "p"."ReceivedAt", "p"."RequestJson"
FROM "ProtocolInbox" AS "p"
WHERE "p"."MessageId" = @__messageId_0
LIMIT 2
[09:05:07 INF] Executed DbCommand (0ms) [Parameters=[@p3='?' (DbType = Int32), @p0='?' (DbType = DateTimeOffset), @p1='?' (DbType = DateTimeOffset), @p2='?' (DbType = DateTimeOffset)], CommandType='Text', CommandTimeout='30']
UPDATE "MapStationCatalogStates" SET "LastAttemptAt" = @p0, "LastCompleteConfirmationAt" = @p1, "UpdatedAt" = @p2
WHERE "MapId" = @p3
RETURNING 1;
[09:05:07 INF] Executed DbCommand (0ms) [Parameters=[@__mapId_0='?' (DbType = Int32)], CommandType='Text', CommandTimeout='30']
SELECT "t"."MapId", "t"."ActiveVersion", "t"."PendingVersion", "t"."State", "t"."UpdatedAt"
FROM "TaskTypeStationActiveBindingSets" AS "t"
WHERE "t"."MapId" = @__mapId_0
LIMIT 2
[09:05:07 INF] Executed DbCommand (0ms) [Parameters=[@__mapId_0='?' (DbType = Int32), @__version_1='?' (DbType = Int64)], CommandType='Text', CommandTimeout='30']
SELECT "t"."MapId", "t"."Version", "t"."CatalogRevision", "t"."ContentSha256", "t"."LoadedAt", "t"."RuleVersion", "t"."SnapshotId", "t"."Source"
FROM "TaskTypeStationBindingSetVersions" AS "t"
WHERE "t"."MapId" = @__mapId_0 AND "t"."Version" = @__version_1
LIMIT 2
[09:05:07 INF] Executed DbCommand (0ms) [Parameters=[@__mapId_0='?' (DbType = Int32), @__version_1='?' (DbType = Int64)], CommandType='Text', CommandTimeout='30']
SELECT "t"."TaskType"
FROM "TaskTypeStationRequirements" AS "t"
WHERE "t"."MapId" = @__mapId_0 AND "t"."Version" = @__version_1
[09:05:07 INF] Executed DbCommand (0ms) [Parameters=[@__mapId_0='?' (DbType = Int32), @__version_1='?' (DbType = Int64)], CommandType='Text', CommandTimeout='30']
SELECT "t"."MapId", "t"."Version", "t"."TaskType", "t"."SiteVerificationRef", "t"."StationName", "t"."StationRiotId"
FROM "TaskTypeStationBindings" AS "t"
WHERE "t"."MapId" = @__mapId_0 AND "t"."Version" = @__version_1
[09:05:07 INF] Executed DbCommand (0ms) [Parameters=[@__mapId_0='?' (DbType = Int32)], CommandType='Text', CommandTimeout='30']
SELECT "t"."MapId", "t"."ActiveVersion", "t"."PendingVersion", "t"."State", "t"."UpdatedAt"
FROM "TaskTypeStationActiveBindingSets" AS "t"
WHERE "t"."MapId" = @__mapId_0
LIMIT 2
[09:05:07 INF] Executed DbCommand (0ms) [Parameters=[@__mapId_0='?' (DbType = Int32), @__version_1='?' (DbType = Int64)], CommandType='Text', CommandTimeout='30']
SELECT "t"."MapId", "t"."Version", "t"."CatalogRevision", "t"."ContentSha256", "t"."LoadedAt", "t"."RuleVersion", "t"."SnapshotId", "t"."Source"
FROM "TaskTypeStationBindingSetVersions" AS "t"
WHERE "t"."MapId" = @__mapId_0 AND "t"."Version" = @__version_1
LIMIT 2
[09:05:07 INF] Executed DbCommand (0ms) [Parameters=[@__mapId_0='?' (DbType = Int32), @__version_1='?' (DbType = Int64)], CommandType='Text', CommandTimeout='30']
SELECT "t"."TaskType"
FROM "TaskTypeStationRequirements" AS "t"
WHERE "t"."MapId" = @__mapId_0 AND "t"."Version" = @__version_1
[09:05:08 INF] Executed DbCommand (0ms) [Parameters=[@__mapId_0='?' (DbType = Int32), @__version_1='?' (DbType = Int64)], CommandType='Text', CommandTimeout='30']
SELECT "t"."MapId", "t"."Version", "t"."TaskType", "t"."SiteVerificationRef", "t"."StationName", "t"."StationRiotId"
FROM "TaskTypeStationBindings" AS "t"
WHERE "t"."MapId" = @__mapId_0 AND "t"."Version" = @__version_1
[09:05:08 INF] Executed DbCommand (0ms) [Parameters=[@__version_0='?' (DbType = Int64)], CommandType='Text', CommandTimeout='30']
SELECT "t"."Version", "t"."ContentSha256", "t"."LoadedAt", "t"."SnapshotId", "t"."Source"
FROM "TaskTypeStationRuleVersions" AS "t"
WHERE "t"."Version" = @__version_0
LIMIT 2
[09:05:08 INF] Executed DbCommand (0ms) [Parameters=[@__version_0='?' (DbType = Int64)], CommandType='Text', CommandTimeout='30']
SELECT "t"."Version", "t"."TaskType", "t"."FixedEnd"
FROM "TaskTypeStationRules" AS "t"
WHERE "t"."Version" = @__version_0
[09:05:08 INF] Executed DbCommand (0ms) [Parameters=[], CommandType='Text', CommandTimeout='30']
SELECT "a"."Id", "a"."ContentHash", "a"."DeploymentId", "a"."ImportedAt", "a"."Version"
FROM "AdmissionPolicyState" AS "a"
WHERE "a"."Id" = 1
LIMIT 2
[09:05:08 INF] Executed DbCommand (0ms) [Parameters=[], CommandType='Text', CommandTimeout='30']
SELECT "j"."JourneyId", "j"."AgvId", "j"."AgvLifecycleGeneration", "j"."AreaEndAdmissionRevokedSince", "j"."BlockReasonCode", "j"."BlockReasonSince", "j"."CargoHoldingStartedAt", "j"."ConsumedSafetyResultMessageId", "j"."ConsumedSublotMessageId", "j"."CreatedAt", "j"."DemandId", "j"."DispatchGeneration", "j"."DispatchZone", "j"."ExpectedBasketCount", "j"."FullSlotPositionsJson", "j"."GateMovementLegId", "j"."GatePlanMessageId", "j"."GateStationId", "j"."GateStationRiotId", "j"."GateUpperId", "j"."GateVehicleBusinessMessageId", "j"."GateWorklistMessageId", "j"."LoadCommandMessageId", "j"."LoadSlotOperationAttemptId", "j"."LoadingClosedReason", "j"."LoadingPhaseState", "j"."MapId", "j"."MapIdentity", "j"."OperationSessionId", "j"."PickupMovementLegId", "j"."PickupStationId", "j"."PickupStationRiotId", "j"."PickupUpperId", "j"."PlanMessageId", "j"."PlanRevision", "j"."PreDepartureSafetyCheckId", "j"."PreDepartureSafetyCheckMessageId", "j"."RouteEvidenceId", "j"."Stage", "j"."StationDepartureWaitStartedAt", "j"."SublotRequestMessageId", "j"."TargetSlotsJson", "j"."UnloadCommandMessageId", "j"."UnloadSlotOperationAttemptId", "j"."UpdatedAt", "j"."VehicleBusinessMessageId", "j"."VehicleBusinessRevision", "j"."VehicleKey", "j"."WorklistMessageId", "j"."WorklistRevision", "j"."YieldTriggeredAt", "j"."YieldTriggeredByVehicleKey"
FROM "JourneyRuntimes" AS "j"
WHERE "j"."Stage" <> 'Completed'
[09:05:08 INF] Executed DbCommand (0ms) [Parameters=[], CommandType='Text', CommandTimeout='30']
SELECT "a"."DemandId"
FROM "AcceptedDemands" AS "a"
WHERE "a"."Status" NOT IN ('Succeeded', 'Cancelled')
[09:05:08 INF] Start processing HTTP request GET http://127.0.0.1:48408/api/task/v1/task/getVehicleInfo/BROKERX-L2-0001
[09:05:08 INF] Executed DbCommand (0ms) [Parameters=[], CommandType='Text', CommandTimeout='30']
SELECT "j"."DemandId"
FROM "JourneyDemands" AS "j"
WHERE "j"."RemovedAt" IS NULL
[09:05:08 INF] Sending HTTP request GET http://127.0.0.1:48408/api/task/v1/task/getVehicleInfo/BROKERX-L2-0001
[09:05:08 INF] Start processing HTTP request GET http://127.0.0.1:48409/api/v2/contract
[09:05:08 INF] Sending HTTP request GET http://127.0.0.1:48409/api/v2/contract
[09:05:08 INF] Received HTTP response headers after 1.416ms - 200
[09:05:08 INF] Received HTTP response headers after 1.262ms - 200
[09:05:08 INF] End processing HTTP request after 29.8248ms - 200
[09:05:08 INF] End processing HTTP request after 59.3407ms - 200
[09:05:08 INF] Executed DbCommand (0ms) [Parameters=[@__agvId_0='?' (Size = 10)], CommandType='Text', CommandTimeout='30']
SELECT "s"."AgvId", "s"."ActiveUnlockSlotsJson", "s"."CapabilityHash", "s"."CapabilityRevision", "s"."DepartureSafe", "s"."ForcedRecoveryGeneration", "s"."ManifestSha256", "s"."PendingAttemptIdsJson", "s"."PendingResultIdsJson", "s"."ProfileId", "s"."ProtocolCommit", "s"."ProtocolVersion", "s"."ProvenRecoveryCheckpoint", "s"."Readiness", "s"."ReasonCode", "s"."RecoveryReportId", "s"."ReportedForcedRecoveryGeneration", "s"."ReportedSlotConfigurationFingerprint", "s"."SafetyHash", "s"."SafetyReasonCodesJson", "s"."SafetyRevision", "s"."SafetyUnknownPresent", "s"."SessionGeneration", "s"."UnsettledSlotOperationAttemptId", "s"."UpdatedAt"
FROM "SessionRecoveries" AS "s"
WHERE "s"."AgvId" = @__agvId_0
LIMIT 2
[09:05:08 INF] Start processing HTTP request GET http://127.0.0.1:48408/api/order/v1/orderRecord?pageNum=1&pageSize=100&filterByState=1&filterByState=3&filterByState=7&filterByState=9
[09:05:08 INF] Start processing HTTP request GET http://127.0.0.1:48409/api/v2/externally-readable-demand-catalog
[09:05:08 INF] Sending HTTP request GET http://127.0.0.1:48408/api/order/v1/orderRecord?pageNum=1&pageSize=100&filterByState=1&filterByState=3&filterByState=7&filterByState=9
[09:05:08 INF] Sending HTTP request GET http://127.0.0.1:48409/api/v2/externally-readable-demand-catalog
[09:05:08 INF] Executed DbCommand (0ms) [Parameters=[@p6='?' (Size = 10), @p0='?' (DbType = Boolean), @p1='?' (Size = 64), @p2='?' (Size = 2), @p3='?' (DbType = Int64), @p4='?' (DbType = Boolean), @p5='?' (DbType = DateTimeOffset)], CommandType='Text', CommandTimeout='30']
UPDATE "SessionRecoveries" SET "DepartureSafe" = @p0, "SafetyHash" = @p1, "SafetyReasonCodesJson" = @p2, "SafetyRevision" = @p3, "SafetyUnknownPresent" = @p4, "UpdatedAt" = @p5
WHERE "AgvId" = @p6
RETURNING 1;
[09:05:08 INF] Received HTTP response headers after 1.6517ms - 200
[09:05:08 INF] Received HTTP response headers after 1.2361ms - 200
[09:05:08 INF] Executed DbCommand (0ms) [Parameters=[@p0='?' (Size = 36), @p1='?' (Size = 64), @p2='?' (Size = 624), @p3='?' (Size = 19), @p4='?' (DbType = DateTimeOffset), @p5='?' (Size = 1971)], CommandType='Text', CommandTimeout='30']
INSERT INTO "ProtocolInbox" ("MessageId", "ContentHash", "FirstResponseJson", "MessageType", "ReceivedAt", "RequestJson")
VALUES (@p0, @p1, @p2, @p3, @p4, @p5);
[09:05:08 INF] End processing HTTP request after 158.0375ms - 200
[09:05:08 INF] End processing HTTP request after 95.1542ms - 200
[09:05:08 INF] HTTP GET /api/onboard/v1/vehicle-safety responded 200 in 334.4421 ms
[09:05:08 INF] Executed DbCommand (0ms) [Parameters=[], CommandType='Text', CommandTimeout='30']
SELECT "j"."DemandId", "j"."AcceptedAt", "j"."DecisionFingerprint", "j"."DemandCreatedAt", "j"."FirstSeenAt", "j"."LastSeenAt", "j"."ReasonCode", "j"."StarvationEscalatedAt", "j"."StarvationEscalationParameterVersion", "j"."TransportDemandKey"
FROM "JourneyBacklog" AS "j"
[09:05:08 INF] Executed DbCommand (0ms) [Parameters=[@__messageId_0='?' (Size = 36)], CommandType='Text', CommandTimeout='30']
SELECT "p"."MessageId", "p"."ContentHash", "p"."FirstResponseJson", "p"."MessageType", "p"."ReceivedAt", "p"."RequestJson"
FROM "ProtocolInbox" AS "p"
WHERE "p"."MessageId" = @__messageId_0
LIMIT 2
[09:05:08 INF] Executed DbCommand (0ms) [Parameters=[], CommandType='Text', CommandTimeout='30']
SELECT "a"."DemandId"
FROM "AcceptedDemands" AS "a"
[09:05:08 INF] Executed DbCommand (0ms) [Parameters=[], CommandType='Text', CommandTimeout='30']
SELECT "v"."AgvId", "v"."TaskType", "v"."Allowed", "v"."ConfigurationVersion", "v"."UpdatedAt"
FROM "VehicleTaskTypeAdmissions" AS "v"
[09:05:08 INF] Executed DbCommand (0ms) [Parameters=[], CommandType='Text', CommandTimeout='30']
SELECT "v"."AgvId", "v"."ConfigurationVersion", "v"."RoundTimeoutMilliseconds", "v"."UpdatedAt"
FROM "VehicleDispatchBudgets" AS "v"
[09:05:08 INF] Executed DbCommand (0ms) [Parameters=[], CommandType='Text', CommandTimeout='30']
SELECT "d"."Zone", "d"."AgvId", "d"."ConfigurationVersion", "d"."UpdatedAt"
FROM "DispatchZoneVehicles" AS "d"
[09:05:08 INF] Executed DbCommand (0ms) [Parameters=[], CommandType='Text', CommandTimeout='30']
SELECT MAX("d"."Version")
FROM "DispatchZoneAreaAssignmentVersions" AS "d"
[09:05:08 INF] Executed DbCommand (0ms) [Parameters=[@__agvId_0='?' (Size = 10)], CommandType='Text', CommandTimeout='30']
SELECT "a"."SlotModelVersionId", "a"."SnapshotId"
FROM "ActiveSlotConfigurations" AS "a"
WHERE "a"."AgvId" = @__agvId_0
LIMIT 2
[09:05:08 INF] Executed DbCommand (0ms) [Parameters=[@__agvId_0='?' (Size = 10)], CommandType='Text', CommandTimeout='30']
SELECT "s"."SlotModelVersionId", "s"."CreatedAt"
FROM "SlotIoBindings" AS "s"
WHERE "s"."AgvId" = @__agvId_0 AND "s"."Status" = 'PUBLISHED'
[09:05:08 INF] Executed DbCommand (0ms) [Parameters=[@__agvId_0='?' (Size = 10)], CommandType='Text', CommandTimeout='30']
SELECT "s"."AgvId", "s"."ActiveUnlockSlotsJson", "s"."CapabilityHash", "s"."CapabilityRevision", "s"."DepartureSafe", "s"."ForcedRecoveryGeneration", "s"."ManifestSha256", "s"."PendingAttemptIdsJson", "s"."PendingResultIdsJson", "s"."ProfileId", "s"."ProtocolCommit", "s"."ProtocolVersion", "s"."ProvenRecoveryCheckpoint", "s"."Readiness", "s"."ReasonCode", "s"."RecoveryReportId", "s"."ReportedForcedRecoveryGeneration", "s"."ReportedSlotConfigurationFingerprint", "s"."SafetyHash", "s"."SafetyReasonCodesJson", "s"."SafetyRevision", "s"."SafetyUnknownPresent", "s"."SessionGeneration", "s"."UnsettledSlotOperationAttemptId", "s"."UpdatedAt"
FROM "SessionRecoveries" AS "s"
WHERE "s"."AgvId" = @__agvId_0 AND "s"."Readiness" = 'Ready'
LIMIT 2
[09:05:08 INF] Executed DbCommand (0ms) [Parameters=[@__agvId_0='?' (Size = 10)], CommandType='Text', CommandTimeout='30']
SELECT "o"."AlarmsJson"
FROM "OnboardAlarmSnapshots" AS "o"
WHERE "o"."AgvId" = @__agvId_0
LIMIT 1
[09:05:08 INF] Start processing HTTP request GET http://127.0.0.1:48408/api/task/vehicles/getVehicleInfoByDeviceKey?key=BROKERX-L2-0001
[09:05:08 INF] Sending HTTP request GET http://127.0.0.1:48408/api/task/vehicles/getVehicleInfoByDeviceKey?key=BROKERX-L2-0001
[09:05:08 INF] Received HTTP response headers after 1.2242ms - 200
[09:05:08 INF] Executed DbCommand (0ms) [Parameters=[@__snapshot_AgvId_0='?' (Size = 10)], CommandType='Text', CommandTimeout='30']
SELECT "o"."AgvId", "o"."AlarmsJson", "o"."CapturedAt", "o"."ReceivedAt", "o"."SessionGeneration", "o"."SnapshotSequence"
FROM "OnboardAlarmSnapshots" AS "o"
WHERE "o"."AgvId" = @__snapshot_AgvId_0
LIMIT 1
[09:05:08 INF] End processing HTTP request after 15.8531ms - 200
[09:05:08 INF] Executed DbCommand (0ms) [Parameters=[], CommandType='Text', CommandTimeout='30']
SELECT "s"."DemandId", "s"."ReasonCode", "s"."ClearedAt", "s"."DetailJson", "s"."FirstRaisedAt", "s"."LastSeenAt", "s"."TransportDemandKey"
FROM "StructuralDispatchBlocks" AS "s"
WHERE "s"."ClearedAt" IS NULL
[09:05:08 INF] Executed DbCommand (0ms) [Parameters=[@p0='?' (Size = 10), @p1='?' (Size = 2), @p2='?' (DbType = DateTimeOffset), @p3='?' (DbType = DateTimeOffset), @p4='?' (DbType = Int64), @p5='?' (DbType = Int64)], CommandType='Text', CommandTimeout='30']
INSERT INTO "OnboardAlarmSnapshots" ("AgvId", "AlarmsJson", "CapturedAt", "ReceivedAt", "SessionGeneration", "SnapshotSequence")
VALUES (@p0, @p1, @p2, @p3, @p4, @p5);
[09:05:08 INF] Start processing HTTP request GET http://127.0.0.1:48408/api/imap/v1/mapInfo/stations/25
[09:05:08 INF] Sending HTTP request GET http://127.0.0.1:48408/api/imap/v1/mapInfo/stations/25
[09:05:08 INF] Executed DbCommand (0ms) [Parameters=[@__agvId_0='?' (Size = 10)], CommandType='Text', CommandTimeout='30']
SELECT "o"."AlarmsJson"
FROM "OnboardAlarmSnapshots" AS "o"
WHERE "o"."AgvId" = @__agvId_0
LIMIT 1
[09:05:08 INF] Received HTTP response headers after 1.5432ms - 200
[09:05:08 INF] End processing HTTP request after 67.5624ms - 200
[09:05:08 INF] Executed DbCommand (0ms) [Parameters=[@p0='?' (Size = 36), @p1='?' (Size = 64), @p2='?' (Size = 625), @p3='?' (Size = 20), @p4='?' (DbType = DateTimeOffset), @p5='?' (Size = 485)], CommandType='Text', CommandTimeout='30']
INSERT INTO "ProtocolInbox" ("MessageId", "ContentHash", "FirstResponseJson", "MessageType", "ReceivedAt", "RequestJson")
VALUES (@p0, @p1, @p2, @p3, @p4, @p5);
[09:05:08 INF] Executed DbCommand (0ms) [Parameters=[@__mapId_0='?' (DbType = Int32)], CommandType='Text', CommandTimeout='30']
SELECT "t"."MapId", "t"."ActiveVersion", "t"."PendingVersion", "t"."State", "t"."UpdatedAt"
FROM "TaskTypeStationActiveBindingSets" AS "t"
WHERE "t"."MapId" = @__mapId_0
LIMIT 2
[09:05:08 INF] Executed DbCommand (0ms) [Parameters=[@__mapId_0='?' (DbType = Int32), @__version_1='?' (DbType = Int64)], CommandType='Text', CommandTimeout='30']
SELECT "t"."MapId", "t"."Version", "t"."CatalogRevision", "t"."ContentSha256", "t"."LoadedAt", "t"."RuleVersion", "t"."SnapshotId", "t"."Source"
FROM "TaskTypeStationBindingSetVersions" AS "t"
WHERE "t"."MapId" = @__mapId_0 AND "t"."Version" = @__version_1
LIMIT 2
[09:05:08 INF] Executed DbCommand (0ms) [Parameters=[@__mapId_0='?' (DbType = Int32), @__version_1='?' (DbType = Int64)], CommandType='Text', CommandTimeout='30']
SELECT "t"."TaskType"
FROM "TaskTypeStationRequirements" AS "t"
WHERE "t"."MapId" = @__mapId_0 AND "t"."Version" = @__version_1
[09:05:08 INF] Executed DbCommand (0ms) [Parameters=[@__mapId_0='?' (DbType = Int32), @__version_1='?' (DbType = Int64)], CommandType='Text', CommandTimeout='30']
SELECT "t"."MapId", "t"."Version", "t"."TaskType", "t"."SiteVerificationRef", "t"."StationName", "t"."StationRiotId"
FROM "TaskTypeStationBindings" AS "t"
WHERE "t"."MapId" = @__mapId_0 AND "t"."Version" = @__version_1
[09:05:08 INF] Executed DbCommand (0ms) [Parameters=[@__version_0='?' (DbType = Int64)], CommandType='Text', CommandTimeout='30']
SELECT "t"."Version", "t"."ContentSha256", "t"."LoadedAt", "t"."SnapshotId", "t"."Source"
FROM "TaskTypeStationRuleVersions" AS "t"
WHERE "t"."Version" = @__version_0
LIMIT 2
[09:05:08 INF] Executed DbCommand (0ms) [Parameters=[@__version_0='?' (DbType = Int64)], CommandType='Text', CommandTimeout='30']
SELECT "t"."Version", "t"."TaskType", "t"."FixedEnd"
FROM "TaskTypeStationRules" AS "t"
WHERE "t"."Version" = @__version_0
[09:05:08 INF] Executed DbCommand (0ms) [Parameters=[@__mapId_0='?' (DbType = Int32)], CommandType='Text', CommandTimeout='30']
SELECT "t"."MapId", "t"."ActiveVersion", "t"."PendingVersion", "t"."State", "t"."UpdatedAt"
FROM "TaskTypeStationActiveBindingSets" AS "t"
WHERE "t"."MapId" = @__mapId_0
LIMIT 2
[09:05:08 INF] Executed DbCommand (0ms) [Parameters=[@__mapId_0='?' (DbType = Int32)], CommandType='Text', CommandTimeout='30']
SELECT "t"."HoldId", "t"."DetailJson", "t"."MapId", "t"."RaisedAt", "t"."RaisedBy", "t"."ReasonCode", "t"."ReleasedAt", "t"."ReleasedBy", "t"."Source", "t"."TaskType"
FROM "TaskTypeStationHolds" AS "t"
WHERE "t"."MapId" = @__mapId_0 AND "t"."ReleasedAt" IS NULL
[09:05:08 INF] Executed DbCommand (0ms) [Parameters=[@__mapId_0='?' (DbType = Int32)], CommandType='Text', CommandTimeout='30']
SELECT "m"."MapId", "m"."ApprovedMaxUnconfirmedSeconds", "m"."ApprovedSyncPeriodSeconds", "m"."CatalogRevision", "m"."LastAttemptAt", "m"."LastCompleteConfirmationAt", "m"."LastFailureReason", "m"."State", "m"."UpdatedAt"
FROM "MapStationCatalogStates" AS "m"
WHERE "m"."MapId" = @__mapId_0
LIMIT 2
[09:05:08 INF] Executed DbCommand (0ms) [Parameters=[@p3='?' (DbType = Int32), @p0='?' (DbType = DateTimeOffset), @p1='?' (DbType = DateTimeOffset), @p2='?' (DbType = DateTimeOffset)], CommandType='Text', CommandTimeout='30']
UPDATE "MapStationCatalogStates" SET "LastAttemptAt" = @p0, "LastCompleteConfirmationAt" = @p1, "UpdatedAt" = @p2
WHERE "MapId" = @p3
RETURNING 1;
[09:05:08 INF] Executed DbCommand (0ms) [Parameters=[@__mapId_0='?' (DbType = Int32)], CommandType='Text', CommandTimeout='30']
SELECT "t"."MapId", "t"."ActiveVersion", "t"."PendingVersion", "t"."State", "t"."UpdatedAt"
FROM "TaskTypeStationActiveBindingSets" AS "t"
WHERE "t"."MapId" = @__mapId_0
LIMIT 2
[09:05:08 INF] Executed DbCommand (0ms) [Parameters=[@__messageId_0='?' (Size = 36)], CommandType='Text', CommandTimeout='30']
SELECT "p"."MessageId", "p"."ContentHash", "p"."FirstResponseJson", "p"."MessageType", "p"."ReceivedAt", "p"."RequestJson"
FROM "ProtocolInbox" AS "p"
WHERE "p"."MessageId" = @__messageId_0
LIMIT 2
[09:05:08 INF] Executed DbCommand (0ms) [Parameters=[@__mapId_0='?' (DbType = Int32), @__version_1='?' (DbType = Int64)], CommandType='Text', CommandTimeout='30']
SELECT "t"."MapId", "t"."Version", "t"."CatalogRevision", "t"."ContentSha256", "t"."LoadedAt", "t"."RuleVersion", "t"."SnapshotId", "t"."Source"
FROM "TaskTypeStationBindingSetVersions" AS "t"
WHERE "t"."MapId" = @__mapId_0 AND "t"."Version" = @__version_1
LIMIT 2
[09:05:08 INF] Executed DbCommand (0ms) [Parameters=[@__agvId_0='?' (Size = 10)], CommandType='Text', CommandTimeout='30']
SELECT "s"."AgvId", "s"."ActiveUnlockSlotsJson", "s"."CapabilityHash", "s"."CapabilityRevision", "s"."DepartureSafe", "s"."ForcedRecoveryGeneration", "s"."ManifestSha256", "s"."PendingAttemptIdsJson", "s"."PendingResultIdsJson", "s"."ProfileId", "s"."ProtocolCommit", "s"."ProtocolVersion", "s"."ProvenRecoveryCheckpoint", "s"."Readiness", "s"."ReasonCode", "s"."RecoveryReportId", "s"."ReportedForcedRecoveryGeneration", "s"."ReportedSlotConfigurationFingerprint", "s"."SafetyHash", "s"."SafetyReasonCodesJson", "s"."SafetyRevision", "s"."SafetyUnknownPresent", "s"."SessionGeneration", "s"."UnsettledSlotOperationAttemptId", "s"."UpdatedAt"
FROM "SessionRecoveries" AS "s"
WHERE "s"."AgvId" = @__agvId_0
LIMIT 2
[09:05:08 INF] Executed DbCommand (0ms) [Parameters=[@__mapId_0='?' (DbType = Int32), @__version_1='?' (DbType = Int64)], CommandType='Text', CommandTimeout='30']
SELECT "t"."TaskType"
FROM "TaskTypeStationRequirements" AS "t"
WHERE "t"."MapId" = @__mapId_0 AND "t"."Version" = @__version_1
[09:05:08 INF] Executed DbCommand (0ms) [Parameters=[@__mapId_0='?' (DbType = Int32), @__version_1='?' (DbType = Int64)], CommandType='Text', CommandTimeout='30']
SELECT "t"."MapId", "t"."Version", "t"."TaskType", "t"."SiteVerificationRef", "t"."StationName", "t"."StationRiotId"
FROM "TaskTypeStationBindings" AS "t"
WHERE "t"."MapId" = @__mapId_0 AND "t"."Version" = @__version_1
[09:05:08 INF] Executed DbCommand (0ms) [Parameters=[@__mapId_0='?' (DbType = Int32)], CommandType='Text', CommandTimeout='30']
SELECT "t"."MapId", "t"."ActiveVersion", "t"."PendingVersion", "t"."State", "t"."UpdatedAt"
FROM "TaskTypeStationActiveBindingSets" AS "t"
WHERE "t"."MapId" = @__mapId_0
LIMIT 2
[09:05:08 INF] Executed DbCommand (0ms) [Parameters=[@__mapId_0='?' (DbType = Int32), @__version_1='?' (DbType = Int64)], CommandType='Text', CommandTimeout='30']
SELECT "t"."MapId", "t"."Version", "t"."CatalogRevision", "t"."ContentSha256", "t"."LoadedAt", "t"."RuleVersion", "t"."SnapshotId", "t"."Source"
FROM "TaskTypeStationBindingSetVersions" AS "t"
WHERE "t"."MapId" = @__mapId_0 AND "t"."Version" = @__version_1
LIMIT 2
[09:05:08 INF] Executed DbCommand (0ms) [Parameters=[@__mapId_0='?' (DbType = Int32), @__version_1='?' (DbType = Int64)], CommandType='Text', CommandTimeout='30']
SELECT "t"."TaskType"
FROM "TaskTypeStationRequirements" AS "t"
WHERE "t"."MapId" = @__mapId_0 AND "t"."Version" = @__version_1
[09:05:08 INF] Executed DbCommand (0ms) [Parameters=[@__mapId_0='?' (DbType = Int32), @__version_1='?' (DbType = Int64)], CommandType='Text', CommandTimeout='30']
SELECT "t"."MapId", "t"."Version", "t"."TaskType", "t"."SiteVerificationRef", "t"."StationName", "t"."StationRiotId"
FROM "TaskTypeStationBindings" AS "t"
WHERE "t"."MapId" = @__mapId_0 AND "t"."Version" = @__version_1
[09:05:08 INF] Executed DbCommand (0ms) [Parameters=[@__version_0='?' (DbType = Int64)], CommandType='Text', CommandTimeout='30']
SELECT "t"."Version", "t"."ContentSha256", "t"."LoadedAt", "t"."SnapshotId", "t"."Source"
FROM "TaskTypeStationRuleVersions" AS "t"
WHERE "t"."Version" = @__version_0
LIMIT 2
[09:05:08 INF] Executed DbCommand (0ms) [Parameters=[@__agvId_0='?' (Size = 10)], CommandType='Text', CommandTimeout='30']
SELECT "v"."ForcedRecoveryGeneration"
FROM "VehicleRecoveryGenerations" AS "v"
WHERE "v"."AgvId" = @__agvId_0
LIMIT 2
[09:05:08 INF] Executed DbCommand (0ms) [Parameters=[@__version_0='?' (DbType = Int64)], CommandType='Text', CommandTimeout='30']
SELECT "t"."Version", "t"."TaskType", "t"."FixedEnd"
FROM "TaskTypeStationRules" AS "t"
WHERE "t"."Version" = @__version_0
[09:05:08 INF] Executed DbCommand (0ms) [Parameters=[], CommandType='Text', CommandTimeout='30']
SELECT "a"."Id", "a"."ContentHash", "a"."DeploymentId", "a"."ImportedAt", "a"."Version"
FROM "AdmissionPolicyState" AS "a"
WHERE "a"."Id" = 1
LIMIT 2
[09:05:08 INF] Executed DbCommand (0ms) [Parameters=[], CommandType='Text', CommandTimeout='30']
SELECT "j"."JourneyId", "j"."AgvId", "j"."AgvLifecycleGeneration", "j"."AreaEndAdmissionRevokedSince", "j"."BlockReasonCode", "j"."BlockReasonSince", "j"."CargoHoldingStartedAt", "j"."ConsumedSafetyResultMessageId", "j"."ConsumedSublotMessageId", "j"."CreatedAt", "j"."DemandId", "j"."DispatchGeneration", "j"."DispatchZone", "j"."ExpectedBasketCount", "j"."FullSlotPositionsJson", "j"."GateMovementLegId", "j"."GatePlanMessageId", "j"."GateStationId", "j"."GateStationRiotId", "j"."GateUpperId", "j"."GateVehicleBusinessMessageId", "j"."GateWorklistMessageId", "j"."LoadCommandMessageId", "j"."LoadSlotOperationAttemptId", "j"."LoadingClosedReason", "j"."LoadingPhaseState", "j"."MapId", "j"."MapIdentity", "j"."OperationSessionId", "j"."PickupMovementLegId", "j"."PickupStationId", "j"."PickupStationRiotId", "j"."PickupUpperId", "j"."PlanMessageId", "j"."PlanRevision", "j"."PreDepartureSafetyCheckId", "j"."PreDepartureSafetyCheckMessageId", "j"."RouteEvidenceId", "j"."Stage", "j"."StationDepartureWaitStartedAt", "j"."SublotRequestMessageId", "j"."TargetSlotsJson", "j"."UnloadCommandMessageId", "j"."UnloadSlotOperationAttemptId", "j"."UpdatedAt", "j"."VehicleBusinessMessageId", "j"."VehicleBusinessRevision", "j"."VehicleKey", "j"."WorklistMessageId", "j"."WorklistRevision", "j"."YieldTriggeredAt", "j"."YieldTriggeredByVehicleKey"
FROM "JourneyRuntimes" AS "j"
WHERE "j"."Stage" <> 'Completed'
[09:05:08 INF] Executed DbCommand (0ms) [Parameters=[@p4='?' (Size = 10), @p0='?' (Size = 4), @p1='?' (Size = 31), @p2='?' (Size = 36), @p3='?' (DbType = DateTimeOffset)], CommandType='Text', CommandTimeout='30']
UPDATE "SessionRecoveries" SET "ProvenRecoveryCheckpoint" = @p0, "ReasonCode" = @p1, "RecoveryReportId" = @p2, "UpdatedAt" = @p3
WHERE "AgvId" = @p4
RETURNING 1;
[09:05:08 INF] Executed DbCommand (0ms) [Parameters=[], CommandType='Text', CommandTimeout='30']
SELECT "a"."DemandId"
FROM "AcceptedDemands" AS "a"
WHERE "a"."Status" NOT IN ('Succeeded', 'Cancelled')
[09:05:08 INF] Executed DbCommand (0ms) [Parameters=[], CommandType='Text', CommandTimeout='30']
SELECT "j"."DemandId"
FROM "JourneyDemands" AS "j"
WHERE "j"."RemovedAt" IS NULL
[09:05:08 INF] Start processing HTTP request GET http://127.0.0.1:48409/api/v2/contract
[09:05:08 INF] Sending HTTP request GET http://127.0.0.1:48409/api/v2/contract
[09:05:08 INF] Executed DbCommand (0ms) [Parameters=[@__agvId_0='?' (Size = 10)], CommandType='Text', CommandTimeout='30']
SELECT "s"."AgvId", "s"."ActiveUnlockSlotsJson", "s"."CapabilityHash", "s"."CapabilityRevision", "s"."DepartureSafe", "s"."ForcedRecoveryGeneration", "s"."ManifestSha256", "s"."PendingAttemptIdsJson", "s"."PendingResultIdsJson", "s"."ProfileId", "s"."ProtocolCommit", "s"."ProtocolVersion", "s"."ProvenRecoveryCheckpoint", "s"."Readiness", "s"."ReasonCode", "s"."RecoveryReportId", "s"."ReportedForcedRecoveryGeneration", "s"."ReportedSlotConfigurationFingerprint", "s"."SafetyHash", "s"."SafetyReasonCodesJson", "s"."SafetyRevision", "s"."SafetyUnknownPresent", "s"."SessionGeneration", "s"."UnsettledSlotOperationAttemptId", "s"."UpdatedAt"
FROM "SessionRecoveries" AS "s"
WHERE "s"."AgvId" = @__agvId_0
LIMIT 2
[09:05:08 INF] Received HTTP response headers after 1.1878ms - 200
[09:05:08 INF] End processing HTTP request after 117.1473ms - 200
[09:05:08 INF] Start processing HTTP request GET http://127.0.0.1:48409/api/v2/externally-readable-demand-catalog
[09:05:08 INF] Sending HTTP request GET http://127.0.0.1:48409/api/v2/externally-readable-demand-catalog
[09:05:08 INF] Received HTTP response headers after 1.2671ms - 200
[09:05:08 INF] End processing HTTP request after 3.6302ms - 200
[09:05:08 INF] Executed DbCommand (0ms) [Parameters=[], CommandType='Text', CommandTimeout='30']
SELECT "j"."DemandId", "j"."AcceptedAt", "j"."DecisionFingerprint", "j"."DemandCreatedAt", "j"."FirstSeenAt", "j"."LastSeenAt", "j"."ReasonCode", "j"."StarvationEscalatedAt", "j"."StarvationEscalationParameterVersion", "j"."TransportDemandKey"
FROM "JourneyBacklog" AS "j"
[09:05:08 INF] Executed DbCommand (0ms) [Parameters=[@__agvId_0='?' (Size = 10)], CommandType='Text', CommandTimeout='30']
SELECT EXISTS (
    SELECT 1
    FROM "StationOperations" AS "s"
    INNER JOIN (
        SELECT "j"."JourneyId", "j"."DemandId", "j"."AddedAt", "j"."DispatchGeneration", "j"."DispatchZone", "j"."DispatchZoneParameterVersion", "j"."ExpectedBasketCount", "j"."LoadCommandMessageId", "j"."LoadSlotOperationAttemptId", "j"."LoadedSlotsJson", "j"."PickupStopId", "j"."RemovalReason", "j"."RemovedAt", "j"."Status", "j"."TargetSlotsJson", "j"."UnloadCommandMessageId", "j"."UnloadSlotOperationAttemptId", "j"."UnloadStopId"
        FROM "JourneyDemands" AS "j"
        WHERE "j"."RemovedAt" IS NULL
    ) AS "t" ON "s"."DemandId" = "t"."DemandId"
    INNER JOIN "JourneyRuntimes" AS "j0" ON "t"."JourneyId" = "j0"."JourneyId"
    WHERE "j0"."AgvId" = @__agvId_0 AND "s"."Status" = 'RecoveryRequired')
[09:05:09 INF] Executed DbCommand (0ms) [Parameters=[], CommandType='Text', CommandTimeout='30']
SELECT "a"."DemandId"
FROM "AcceptedDemands" AS "a"
[09:05:09 INF] Executed DbCommand (0ms) [Parameters=[], CommandType='Text', CommandTimeout='30']
SELECT "v"."AgvId", "v"."TaskType", "v"."Allowed", "v"."ConfigurationVersion", "v"."UpdatedAt"
FROM "VehicleTaskTypeAdmissions" AS "v"
[09:05:09 INF] Executed DbCommand (0ms) [Parameters=[], CommandType='Text', CommandTimeout='30']
SELECT "v"."AgvId", "v"."ConfigurationVersion", "v"."RoundTimeoutMilliseconds", "v"."UpdatedAt"
FROM "VehicleDispatchBudgets" AS "v"
[09:05:09 INF] Executed DbCommand (0ms) [Parameters=[], CommandType='Text', CommandTimeout='30']
SELECT "d"."Zone", "d"."AgvId", "d"."ConfigurationVersion", "d"."UpdatedAt"
FROM "DispatchZoneVehicles" AS "d"
[09:05:09 INF] Executed DbCommand (0ms) [Parameters=[], CommandType='Text', CommandTimeout='30']
SELECT MAX("d"."Version")
FROM "DispatchZoneAreaAssignmentVersions" AS "d"
[09:05:09 INF] Executed DbCommand (0ms) [Parameters=[@__agvId_0='?' (Size = 10)], CommandType='Text', CommandTimeout='30']
SELECT "a"."SlotModelVersionId", "a"."SnapshotId"
FROM "ActiveSlotConfigurations" AS "a"
WHERE "a"."AgvId" = @__agvId_0
LIMIT 2
[09:05:09 INF] Executed DbCommand (0ms) [Parameters=[@__agvId_0='?' (Size = 10)], CommandType='Text', CommandTimeout='30']
SELECT EXISTS (
    SELECT 1
    FROM "RecoveryWorkflows" AS "r"
    WHERE "r"."AgvId" = @__agvId_0 AND "r"."WorkflowType" = 'FORCED_MECHANICAL_RECOVERY' AND "r"."State" <> 'HistoricalOnly' AND NOT EXISTS (
        SELECT 1
        FROM "HardwareRecoveryRecords" AS "h"
        WHERE "h"."RecoveryActionId" = "r"."WorkflowId"))
[09:05:09 INF] Executed DbCommand (0ms) [Parameters=[@__agvId_0='?' (Size = 10)], CommandType='Text', CommandTimeout='30']
SELECT "s"."SlotModelVersionId", "s"."CreatedAt"
FROM "SlotIoBindings" AS "s"
WHERE "s"."AgvId" = @__agvId_0 AND "s"."Status" = 'PUBLISHED'
[09:05:09 INF] Executed DbCommand (0ms) [Parameters=[@__agvId_0='?' (Size = 10)], CommandType='Text', CommandTimeout='30']
SELECT "s"."AgvId", "s"."ActiveUnlockSlotsJson", "s"."CapabilityHash", "s"."CapabilityRevision", "s"."DepartureSafe", "s"."ForcedRecoveryGeneration", "s"."ManifestSha256", "s"."PendingAttemptIdsJson", "s"."PendingResultIdsJson", "s"."ProfileId", "s"."ProtocolCommit", "s"."ProtocolVersion", "s"."ProvenRecoveryCheckpoint", "s"."Readiness", "s"."ReasonCode", "s"."RecoveryReportId", "s"."ReportedForcedRecoveryGeneration", "s"."ReportedSlotConfigurationFingerprint", "s"."SafetyHash", "s"."SafetyReasonCodesJson", "s"."SafetyRevision", "s"."SafetyUnknownPresent", "s"."SessionGeneration", "s"."UnsettledSlotOperationAttemptId", "s"."UpdatedAt"
FROM "SessionRecoveries" AS "s"
WHERE "s"."AgvId" = @__agvId_0 AND "s"."Readiness" = 'Ready'
LIMIT 2
[09:05:09 INF] Executed DbCommand (0ms) [Parameters=[@__agvId_0='?' (Size = 10)], CommandType='Text', CommandTimeout='30']
SELECT "a"."AgvId", "a"."ActivatedAt", "a"."ActivationId", "a"."ConfigurationVersion", "a"."Fingerprint", "a"."SlotModelVersionId", "a"."SnapshotId"
FROM "ActiveSlotConfigurations" AS "a"
WHERE "a"."AgvId" = @__agvId_0
LIMIT 1
[09:05:09 INF] Start processing HTTP request GET http://127.0.0.1:48408/api/task/vehicles/getVehicleInfoByDeviceKey?key=BROKERX-L2-0001
[09:05:09 INF] Sending HTTP request GET http://127.0.0.1:48408/api/task/vehicles/getVehicleInfoByDeviceKey?key=BROKERX-L2-0001
[09:05:09 INF] Executed DbCommand (0ms) [Parameters=[@p3='?' (Size = 10), @p0='?' (Size = 5), @p1='?' (Size = 5), @p2='?' (DbType = DateTimeOffset)], CommandType='Text', CommandTimeout='30']
UPDATE "SessionRecoveries" SET "Readiness" = @p0, "ReasonCode" = @p1, "UpdatedAt" = @p2
WHERE "AgvId" = @p3
RETURNING 1;
[09:05:09 INF] Received HTTP response headers after 1.1849ms - 200
[09:05:09 INF] Executed DbCommand (0ms) [Parameters=[@p0='?' (Size = 36), @p1='?' (Size = 64), @p2='?' (Size = 1236), @p3='?' (Size = 19), @p4='?' (DbType = DateTimeOffset), @p5='?' (Size = 731)], CommandType='Text', CommandTimeout='30']
INSERT INTO "ProtocolInbox" ("MessageId", "ContentHash", "FirstResponseJson", "MessageType", "ReceivedAt", "RequestJson")
VALUES (@p0, @p1, @p2, @p3, @p4, @p5);
[09:05:09 INF] End processing HTTP request after 26.4583ms - 200
[09:05:09 INF] Executed DbCommand (0ms) [Parameters=[], CommandType='Text', CommandTimeout='30']
SELECT "s"."DemandId", "s"."ReasonCode", "s"."ClearedAt", "s"."DetailJson", "s"."FirstRaisedAt", "s"."LastSeenAt", "s"."TransportDemandKey"
FROM "StructuralDispatchBlocks" AS "s"
WHERE "s"."ClearedAt" IS NULL
[09:05:09 INF] Executed DbCommand (0ms) [Parameters=[@__agvId_0='?' (Size = 10)], CommandType='Text', CommandTimeout='30']
SELECT "r"."CommandMessageId"
FROM "RecoveryWorkflows" AS "r"
WHERE "r"."AgvId" = @__agvId_0 AND "r"."CommandMessageId" IS NOT NULL AND "r"."State" <> 'Reconciled' AND "r"."State" <> 'HistoricalOnly'
[09:05:09 INF] Executed DbCommand (0ms) [Parameters=[], CommandType='Text', CommandTimeout='30']
SELECT "p"."MessageId", "p"."AcknowledgedAt", "p"."CreatedAt", "p"."FencedAt", "p"."MessageType", "p"."PayloadJson"
FROM "ProtocolOutbox" AS "p"
WHERE "p"."MessageType" = 'ExceptionRecoverySessionSnapshot' AND "p"."AcknowledgedAt" IS NULL AND "p"."FencedAt" IS NULL
[09:05:09 INF] Executed DbCommand (0ms) [Parameters=[@__agvId_0='?' (Size = 10)], CommandType='Text', CommandTimeout='30']
SELECT "s"."ActivationId", "s"."AgvId", "s"."CommandMessageId", "s"."ConfigurationVersion", "s"."Fingerprint", "s"."IssuedAt", "s"."Kind", "s"."RecoveryRole", "s"."ResultJson", "s"."ResultReceivedAt", "s"."RolledBackToVersion", "s"."SlotModelVersionId", "s"."SnapshotId", "s"."State"
FROM "SlotConfigurationActivations" AS "s"
WHERE "s"."AgvId" = @__agvId_0 AND "s"."State" = 'PENDING_RESULT' AND "s"."RecoveryRole" = 'SLOT_CONFIGURATION'
[09:05:09 INF] Executed DbCommand (0ms) [Parameters=[@__messageId_0='?' (Size = 36)], CommandType='Text', CommandTimeout='30']
SELECT "p"."MessageId", "p"."ContentHash", "p"."FirstResponseJson", "p"."MessageType", "p"."ReceivedAt", "p"."RequestJson"
FROM "ProtocolInbox" AS "p"
WHERE "p"."MessageId" = @__messageId_0
LIMIT 2
[09:05:09 INF] Executed DbCommand (0ms) [Parameters=[@__agvId_0='?' (Size = 10)], CommandType='Text', CommandTimeout='30']
SELECT "s"."AgvId", "s"."ActiveUnlockSlotsJson", "s"."CapabilityHash", "s"."CapabilityRevision", "s"."DepartureSafe", "s"."ForcedRecoveryGeneration", "s"."ManifestSha256", "s"."PendingAttemptIdsJson", "s"."PendingResultIdsJson", "s"."ProfileId", "s"."ProtocolCommit", "s"."ProtocolVersion", "s"."ProvenRecoveryCheckpoint", "s"."Readiness", "s"."ReasonCode", "s"."RecoveryReportId", "s"."ReportedForcedRecoveryGeneration", "s"."ReportedSlotConfigurationFingerprint", "s"."SafetyHash", "s"."SafetyReasonCodesJson", "s"."SafetyRevision", "s"."SafetyUnknownPresent", "s"."SessionGeneration", "s"."UnsettledSlotOperationAttemptId", "s"."UpdatedAt"
FROM "SessionRecoveries" AS "s"
WHERE "s"."AgvId" = @__agvId_0
LIMIT 2
[09:05:09 INF] Executed DbCommand (0ms) [Parameters=[@p5='?' (Size = 10), @p0='?' (Size = 16), @p1='?' (Size = 20), @p2='?' (Size = 64), @p3='?' (DbType = Int64), @p4='?' (DbType = DateTimeOffset)], CommandType='Text', CommandTimeout='30']
UPDATE "SessionRecoveries" SET "Readiness" = @p0, "ReasonCode" = @p1, "SafetyHash" = @p2, "SafetyRevision" = @p3, "UpdatedAt" = @p4
WHERE "AgvId" = @p5
RETURNING 1;
[09:05:09 INF] Executed DbCommand (0ms) [Parameters=[@__agvId_0='?' (Size = 10)], CommandType='Text', CommandTimeout='30']
SELECT "s"."AgvId", "s"."ActiveUnlockSlotsJson", "s"."CapabilityHash", "s"."CapabilityRevision", "s"."DepartureSafe", "s"."ForcedRecoveryGeneration", "s"."ManifestSha256", "s"."PendingAttemptIdsJson", "s"."PendingResultIdsJson", "s"."ProfileId", "s"."ProtocolCommit", "s"."ProtocolVersion", "s"."ProvenRecoveryCheckpoint", "s"."Readiness", "s"."ReasonCode", "s"."RecoveryReportId", "s"."ReportedForcedRecoveryGeneration", "s"."ReportedSlotConfigurationFingerprint", "s"."SafetyHash", "s"."SafetyReasonCodesJson", "s"."SafetyRevision", "s"."SafetyUnknownPresent", "s"."SessionGeneration", "s"."UnsettledSlotOperationAttemptId", "s"."UpdatedAt"
FROM "SessionRecoveries" AS "s"
WHERE "s"."AgvId" = @__agvId_0
LIMIT 2
[09:05:09 INF] Executed DbCommand (0ms) [Parameters=[@__agvId_0='?' (Size = 10)], CommandType='Text', CommandTimeout='30']
SELECT EXISTS (
    SELECT 1
    FROM "StationOperations" AS "s"
    INNER JOIN (
        SELECT "j"."JourneyId", "j"."DemandId", "j"."AddedAt", "j"."DispatchGeneration", "j"."DispatchZone", "j"."DispatchZoneParameterVersion", "j"."ExpectedBasketCount", "j"."LoadCommandMessageId", "j"."LoadSlotOperationAttemptId", "j"."LoadedSlotsJson", "j"."PickupStopId", "j"."RemovalReason", "j"."RemovedAt", "j"."Status", "j"."TargetSlotsJson", "j"."UnloadCommandMessageId", "j"."UnloadSlotOperationAttemptId", "j"."UnloadStopId"
        FROM "JourneyDemands" AS "j"
        WHERE "j"."RemovedAt" IS NULL
    ) AS "t" ON "s"."DemandId" = "t"."DemandId"
    INNER JOIN "JourneyRuntimes" AS "j0" ON "t"."JourneyId" = "j0"."JourneyId"
    WHERE "j0"."AgvId" = @__agvId_0 AND "s"."Status" = 'RecoveryRequired')
[09:05:09 INF] Executed DbCommand (0ms) [Parameters=[@__agvId_0='?' (Size = 10)], CommandType='Text', CommandTimeout='30']
SELECT EXISTS (
    SELECT 1
    FROM "RecoveryWorkflows" AS "r"
    WHERE "r"."AgvId" = @__agvId_0 AND "r"."WorkflowType" = 'FORCED_MECHANICAL_RECOVERY' AND "r"."State" <> 'HistoricalOnly' AND NOT EXISTS (
        SELECT 1
        FROM "HardwareRecoveryRecords" AS "h"
        WHERE "h"."RecoveryActionId" = "r"."WorkflowId"))
[09:05:09 INF] Executed DbCommand (0ms) [Parameters=[@__agvId_0='?' (Size = 10)], CommandType='Text', CommandTimeout='30']
SELECT "a"."AgvId", "a"."ActivatedAt", "a"."ActivationId", "a"."ConfigurationVersion", "a"."Fingerprint", "a"."SlotModelVersionId", "a"."SnapshotId"
FROM "ActiveSlotConfigurations" AS "a"
WHERE "a"."AgvId" = @__agvId_0
LIMIT 1
[09:05:09 INF] Executed DbCommand (0ms) [Parameters=[@p3='?' (Size = 10), @p0='?' (Size = 5), @p1='?' (Size = 5), @p2='?' (DbType = DateTimeOffset)], CommandType='Text', CommandTimeout='30']
UPDATE "SessionRecoveries" SET "Readiness" = @p0, "ReasonCode" = @p1, "UpdatedAt" = @p2
WHERE "AgvId" = @p3
RETURNING 1;
[09:05:09 INF] Executed DbCommand (0ms) [Parameters=[@__agvId_0='?' (Size = 10)], CommandType='Text', CommandTimeout='30']
SELECT "o"."AlarmsJson"
FROM "OnboardAlarmSnapshots" AS "o"
WHERE "o"."AgvId" = @__agvId_0
LIMIT 1
[09:05:09 INF] Executed DbCommand (0ms) [Parameters=[@p0='?' (Size = 36), @p1='?' (Size = 64), @p2='?' (Size = 1234), @p3='?' (Size = 18), @p4='?' (DbType = DateTimeOffset), @p5='?' (Size = 653)], CommandType='Text', CommandTimeout='30']
INSERT INTO "ProtocolInbox" ("MessageId", "ContentHash", "FirstResponseJson", "MessageType", "ReceivedAt", "RequestJson")
VALUES (@p0, @p1, @p2, @p3, @p4, @p5);
[09:05:09 INF] Start processing HTTP request GET http://127.0.0.1:48408/api/task/v1/task/getVehicleInfo/BROKERX-L2-0001
[09:05:09 INF] Sending HTTP request GET http://127.0.0.1:48408/api/task/v1/task/getVehicleInfo/BROKERX-L2-0001
[09:05:09 INF] Received HTTP response headers after 1.07ms - 200
[09:05:09 INF] End processing HTTP request after 33.6459ms - 200
[09:05:09 INF] Start processing HTTP request GET http://127.0.0.1:48408/api/imap/v1/mapInfo/stations/25
[09:05:09 INF] Start processing HTTP request GET http://127.0.0.1:48408/api/order/v1/orderRecord?pageNum=1&pageSize=100&filterByState=1&filterByState=3&filterByState=7&filterByState=9
[09:05:09 INF] Sending HTTP request GET http://127.0.0.1:48408/api/imap/v1/mapInfo/stations/25
[09:05:09 INF] Sending HTTP request GET http://127.0.0.1:48408/api/order/v1/orderRecord?pageNum=1&pageSize=100&filterByState=1&filterByState=3&filterByState=7&filterByState=9
[09:05:09 INF] Received HTTP response headers after 1.2797ms - 200
[09:05:09 INF] Received HTTP response headers after 2.3997ms - 200
[09:05:09 INF] End processing HTTP request after 94.1553ms - 200
[09:05:09 INF] End processing HTTP request after 126.1808ms - 200
[09:05:09 INF] HTTP GET /api/onboard/v1/vehicle-safety responded 200 in 206.4210 ms
[09:05:09 INF] Executed DbCommand (0ms) [Parameters=[@__mapId_0='?' (DbType = Int32)], CommandType='Text', CommandTimeout='30']
SELECT "t"."MapId", "t"."ActiveVersion", "t"."PendingVersion", "t"."State", "t"."UpdatedAt"
FROM "TaskTypeStationActiveBindingSets" AS "t"
WHERE "t"."MapId" = @__mapId_0
LIMIT 2
[09:05:09 INF] Executed DbCommand (0ms) [Parameters=[@__mapId_0='?' (DbType = Int32), @__version_1='?' (DbType = Int64)], CommandType='Text', CommandTimeout='30']
SELECT "t"."MapId", "t"."Version", "t"."CatalogRevision", "t"."ContentSha256", "t"."LoadedAt", "t"."RuleVersion", "t"."SnapshotId", "t"."Source"
FROM "TaskTypeStationBindingSetVersions" AS "t"
WHERE "t"."MapId" = @__mapId_0 AND "t"."Version" = @__version_1
LIMIT 2
[09:05:09 INF] Executed DbCommand (0ms) [Parameters=[@__mapId_0='?' (DbType = Int32), @__version_1='?' (DbType = Int64)], CommandType='Text', CommandTimeout='30']
SELECT "t"."TaskType"
FROM "TaskTypeStationRequirements" AS "t"
WHERE "t"."MapId" = @__mapId_0 AND "t"."Version" = @__version_1
[09:05:09 INF] Executed DbCommand (0ms) [Parameters=[@__mapId_0='?' (DbType = Int32), @__version_1='?' (DbType = Int64)], CommandType='Text', CommandTimeout='30']
SELECT "t"."MapId", "t"."Version", "t"."TaskType", "t"."SiteVerificationRef", "t"."StationName", "t"."StationRiotId"
FROM "TaskTypeStationBindings" AS "t"
WHERE "t"."MapId" = @__mapId_0 AND "t"."Version" = @__version_1
[09:05:09 INF] Executed DbCommand (0ms) [Parameters=[@__version_0='?' (DbType = Int64)], CommandType='Text', CommandTimeout='30']
SELECT "t"."Version", "t"."ContentSha256", "t"."LoadedAt", "t"."SnapshotId", "t"."Source"
FROM "TaskTypeStationRuleVersions" AS "t"
WHERE "t"."Version" = @__version_0
LIMIT 2
[09:05:09 INF] Executed DbCommand (0ms) [Parameters=[@__version_0='?' (DbType = Int64)], CommandType='Text', CommandTimeout='30']
SELECT "t"."Version", "t"."TaskType", "t"."FixedEnd"
FROM "TaskTypeStationRules" AS "t"
WHERE "t"."Version" = @__version_0
[09:05:09 INF] Executed DbCommand (0ms) [Parameters=[@__mapId_0='?' (DbType = Int32)], CommandType='Text', CommandTimeout='30']
SELECT "t"."MapId", "t"."ActiveVersion", "t"."PendingVersion", "t"."State", "t"."UpdatedAt"
FROM "TaskTypeStationActiveBindingSets" AS "t"
WHERE "t"."MapId" = @__mapId_0
LIMIT 2
[09:05:09 INF] Executed DbCommand (0ms) [Parameters=[@__mapId_0='?' (DbType = Int32)], CommandType='Text', CommandTimeout='30']
SELECT "t"."HoldId", "t"."DetailJson", "t"."MapId", "t"."RaisedAt", "t"."RaisedBy", "t"."ReasonCode", "t"."ReleasedAt", "t"."ReleasedBy", "t"."Source", "t"."TaskType"
FROM "TaskTypeStationHolds" AS "t"
WHERE "t"."MapId" = @__mapId_0 AND "t"."ReleasedAt" IS NULL
[09:05:09 INF] Executed DbCommand (0ms) [Parameters=[@__mapId_0='?' (DbType = Int32)], CommandType='Text', CommandTimeout='30']
SELECT "m"."MapId", "m"."ApprovedMaxUnconfirmedSeconds", "m"."ApprovedSyncPeriodSeconds", "m"."CatalogRevision", "m"."LastAttemptAt", "m"."LastCompleteConfirmationAt", "m"."LastFailureReason", "m"."State", "m"."UpdatedAt"
FROM "MapStationCatalogStates" AS "m"
WHERE "m"."MapId" = @__mapId_0
LIMIT 2
[09:05:09 INF] Executed DbCommand (0ms) [Parameters=[@p3='?' (DbType = Int32), @p0='?' (DbType = DateTimeOffset), @p1='?' (DbType = DateTimeOffset), @p2='?' (DbType = DateTimeOffset)], CommandType='Text', CommandTimeout='30']
UPDATE "MapStationCatalogStates" SET "LastAttemptAt" = @p0, "LastCompleteConfirmationAt" = @p1, "UpdatedAt" = @p2
WHERE "MapId" = @p3
RETURNING 1;
[09:05:09 INF] Executed DbCommand (0ms) [Parameters=[@__mapId_0='?' (DbType = Int32)], CommandType='Text', CommandTimeout='30']
SELECT "t"."MapId", "t"."ActiveVersion", "t"."PendingVersion", "t"."State", "t"."UpdatedAt"
FROM "TaskTypeStationActiveBindingSets" AS "t"
WHERE "t"."MapId" = @__mapId_0
LIMIT 2
[09:05:09 INF] Executed DbCommand (0ms) [Parameters=[@__mapId_0='?' (DbType = Int32), @__version_1='?' (DbType = Int64)], CommandType='Text', CommandTimeout='30']
SELECT "t"."MapId", "t"."Version", "t"."CatalogRevision", "t"."ContentSha256", "t"."LoadedAt", "t"."RuleVersion", "t"."SnapshotId", "t"."Source"
FROM "TaskTypeStationBindingSetVersions" AS "t"
WHERE "t"."MapId" = @__mapId_0 AND "t"."Version" = @__version_1
LIMIT 2
[09:05:09 INF] Executed DbCommand (0ms) [Parameters=[@__mapId_0='?' (DbType = Int32), @__version_1='?' (DbType = Int64)], CommandType='Text', CommandTimeout='30']
SELECT "t"."TaskType"
FROM "TaskTypeStationRequirements" AS "t"
WHERE "t"."MapId" = @__mapId_0 AND "t"."Version" = @__version_1
[09:05:09 INF] Executed DbCommand (0ms) [Parameters=[@__mapId_0='?' (DbType = Int32), @__version_1='?' (DbType = Int64)], CommandType='Text', CommandTimeout='30']
SELECT "t"."MapId", "t"."Version", "t"."TaskType", "t"."SiteVerificationRef", "t"."StationName", "t"."StationRiotId"
FROM "TaskTypeStationBindings" AS "t"
WHERE "t"."MapId" = @__mapId_0 AND "t"."Version" = @__version_1
[09:05:09 INF] Executed DbCommand (0ms) [Parameters=[@__mapId_0='?' (DbType = Int32)], CommandType='Text', CommandTimeout='30']
SELECT "t"."MapId", "t"."ActiveVersion", "t"."PendingVersion", "t"."State", "t"."UpdatedAt"
FROM "TaskTypeStationActiveBindingSets" AS "t"
WHERE "t"."MapId" = @__mapId_0
LIMIT 2
[09:05:09 INF] Executed DbCommand (0ms) [Parameters=[@__mapId_0='?' (DbType = Int32), @__version_1='?' (DbType = Int64)], CommandType='Text', CommandTimeout='30']
SELECT "t"."MapId", "t"."Version", "t"."CatalogRevision", "t"."ContentSha256", "t"."LoadedAt", "t"."RuleVersion", "t"."SnapshotId", "t"."Source"
FROM "TaskTypeStationBindingSetVersions" AS "t"
WHERE "t"."MapId" = @__mapId_0 AND "t"."Version" = @__version_1
LIMIT 2
[09:05:09 INF] Executed DbCommand (0ms) [Parameters=[@__mapId_0='?' (DbType = Int32), @__version_1='?' (DbType = Int64)], CommandType='Text', CommandTimeout='30']
SELECT "t"."TaskType"
FROM "TaskTypeStationRequirements" AS "t"
WHERE "t"."MapId" = @__mapId_0 AND "t"."Version" = @__version_1
[09:05:09 INF] Executed DbCommand (0ms) [Parameters=[@__mapId_0='?' (DbType = Int32), @__version_1='?' (DbType = Int64)], CommandType='Text', CommandTimeout='30']
SELECT "t"."MapId", "t"."Version", "t"."TaskType", "t"."SiteVerificationRef", "t"."StationName", "t"."StationRiotId"
FROM "TaskTypeStationBindings" AS "t"
WHERE "t"."MapId" = @__mapId_0 AND "t"."Version" = @__version_1
[09:05:09 INF] Executed DbCommand (0ms) [Parameters=[@__version_0='?' (DbType = Int64)], CommandType='Text', CommandTimeout='30']
SELECT "t"."Version", "t"."ContentSha256", "t"."LoadedAt", "t"."SnapshotId", "t"."Source"
FROM "TaskTypeStationRuleVersions" AS "t"
WHERE "t"."Version" = @__version_0
LIMIT 2
[09:05:09 INF] Executed DbCommand (0ms) [Parameters=[@__version_0='?' (DbType = Int64)], CommandType='Text', CommandTimeout='30']
SELECT "t"."Version", "t"."TaskType", "t"."FixedEnd"
FROM "TaskTypeStationRules" AS "t"
WHERE "t"."Version" = @__version_0
[09:05:09 INF] Executed DbCommand (0ms) [Parameters=[], CommandType='Text', CommandTimeout='30']
SELECT "a"."Id", "a"."ContentHash", "a"."DeploymentId", "a"."ImportedAt", "a"."Version"
FROM "AdmissionPolicyState" AS "a"
WHERE "a"."Id" = 1
LIMIT 2
[09:05:09 INF] Executed DbCommand (0ms) [Parameters=[], CommandType='Text', CommandTimeout='30']
SELECT "j"."JourneyId", "j"."AgvId", "j"."AgvLifecycleGeneration", "j"."AreaEndAdmissionRevokedSince", "j"."BlockReasonCode", "j"."BlockReasonSince", "j"."CargoHoldingStartedAt", "j"."ConsumedSafetyResultMessageId", "j"."ConsumedSublotMessageId", "j"."CreatedAt", "j"."DemandId", "j"."DispatchGeneration", "j"."DispatchZone", "j"."ExpectedBasketCount", "j"."FullSlotPositionsJson", "j"."GateMovementLegId", "j"."GatePlanMessageId", "j"."GateStationId", "j"."GateStationRiotId", "j"."GateUpperId", "j"."GateVehicleBusinessMessageId", "j"."GateWorklistMessageId", "j"."LoadCommandMessageId", "j"."LoadSlotOperationAttemptId", "j"."LoadingClosedReason", "j"."LoadingPhaseState", "j"."MapId", "j"."MapIdentity", "j"."OperationSessionId", "j"."PickupMovementLegId", "j"."PickupStationId", "j"."PickupStationRiotId", "j"."PickupUpperId", "j"."PlanMessageId", "j"."PlanRevision", "j"."PreDepartureSafetyCheckId", "j"."PreDepartureSafetyCheckMessageId", "j"."RouteEvidenceId", "j"."Stage", "j"."StationDepartureWaitStartedAt", "j"."SublotRequestMessageId", "j"."TargetSlotsJson", "j"."UnloadCommandMessageId", "j"."UnloadSlotOperationAttemptId", "j"."UpdatedAt", "j"."VehicleBusinessMessageId", "j"."VehicleBusinessRevision", "j"."VehicleKey", "j"."WorklistMessageId", "j"."WorklistRevision", "j"."YieldTriggeredAt", "j"."YieldTriggeredByVehicleKey"
FROM "JourneyRuntimes" AS "j"
WHERE "j"."Stage" <> 'Completed'
[09:05:09 INF] Executed DbCommand (0ms) [Parameters=[], CommandType='Text', CommandTimeout='30']
SELECT "a"."DemandId"
FROM "AcceptedDemands" AS "a"
WHERE "a"."Status" NOT IN ('Succeeded', 'Cancelled')
[09:05:09 INF] Executed DbCommand (0ms) [Parameters=[], CommandType='Text', CommandTimeout='30']
SELECT "j"."DemandId"
FROM "JourneyDemands" AS "j"
WHERE "j"."RemovedAt" IS NULL
[09:05:09 INF] Start processing HTTP request GET http://127.0.0.1:48409/api/v2/contract
[09:05:09 INF] Sending HTTP request GET http://127.0.0.1:48409/api/v2/contract
[09:05:09 INF] Received HTTP response headers after 1.3441ms - 200
[09:05:09 INF] End processing HTTP request after 2.7525ms - 200
[09:05:09 INF] Start processing HTTP request GET http://127.0.0.1:48409/api/v2/externally-readable-demand-catalog
[09:05:09 INF] Sending HTTP request GET http://127.0.0.1:48409/api/v2/externally-readable-demand-catalog
[09:05:09 INF] Received HTTP response headers after 0.8494ms - 200
[09:05:09 INF] End processing HTTP request after 94.2519ms - 200
[09:05:10 INF] Executed DbCommand (0ms) [Parameters=[], CommandType='Text', CommandTimeout='30']
SELECT "j"."DemandId", "j"."AcceptedAt", "j"."DecisionFingerprint", "j"."DemandCreatedAt", "j"."FirstSeenAt", "j"."LastSeenAt", "j"."ReasonCode", "j"."StarvationEscalatedAt", "j"."StarvationEscalationParameterVersion", "j"."TransportDemandKey"
FROM "JourneyBacklog" AS "j"
[09:05:10 INF] Executed DbCommand (0ms) [Parameters=[], CommandType='Text', CommandTimeout='30']
SELECT "a"."DemandId"
FROM "AcceptedDemands" AS "a"
[09:05:10 INF] Executed DbCommand (0ms) [Parameters=[], CommandType='Text', CommandTimeout='30']
SELECT "v"."AgvId", "v"."TaskType", "v"."Allowed", "v"."ConfigurationVersion", "v"."UpdatedAt"
FROM "VehicleTaskTypeAdmissions" AS "v"
[09:05:10 INF] Executed DbCommand (0ms) [Parameters=[], CommandType='Text', CommandTimeout='30']
SELECT "v"."AgvId", "v"."ConfigurationVersion", "v"."RoundTimeoutMilliseconds", "v"."UpdatedAt"
FROM "VehicleDispatchBudgets" AS "v"
[09:05:10 INF] Executed DbCommand (0ms) [Parameters=[], CommandType='Text', CommandTimeout='30']
SELECT "d"."Zone", "d"."AgvId", "d"."ConfigurationVersion", "d"."UpdatedAt"
FROM "DispatchZoneVehicles" AS "d"
[09:05:10 INF] Executed DbCommand (0ms) [Parameters=[], CommandType='Text', CommandTimeout='30']
SELECT MAX("d"."Version")
FROM "DispatchZoneAreaAssignmentVersions" AS "d"
[09:05:10 INF] Executed DbCommand (0ms) [Parameters=[@__agvId_0='?' (Size = 10)], CommandType='Text', CommandTimeout='30']
SELECT "a"."SlotModelVersionId", "a"."SnapshotId"
FROM "ActiveSlotConfigurations" AS "a"
WHERE "a"."AgvId" = @__agvId_0
LIMIT 2
[09:05:10 INF] Executed DbCommand (0ms) [Parameters=[@__agvId_0='?' (Size = 10)], CommandType='Text', CommandTimeout='30']
SELECT "s"."SlotModelVersionId", "s"."CreatedAt"
FROM "SlotIoBindings" AS "s"
WHERE "s"."AgvId" = @__agvId_0 AND "s"."Status" = 'PUBLISHED'
[09:05:10 INF] Executed DbCommand (0ms) [Parameters=[@__agvId_0='?' (Size = 10)], CommandType='Text', CommandTimeout='30']
SELECT "s"."AgvId", "s"."ActiveUnlockSlotsJson", "s"."CapabilityHash", "s"."CapabilityRevision", "s"."DepartureSafe", "s"."ForcedRecoveryGeneration", "s"."ManifestSha256", "s"."PendingAttemptIdsJson", "s"."PendingResultIdsJson", "s"."ProfileId", "s"."ProtocolCommit", "s"."ProtocolVersion", "s"."ProvenRecoveryCheckpoint", "s"."Readiness", "s"."ReasonCode", "s"."RecoveryReportId", "s"."ReportedForcedRecoveryGeneration", "s"."ReportedSlotConfigurationFingerprint", "s"."SafetyHash", "s"."SafetyReasonCodesJson", "s"."SafetyRevision", "s"."SafetyUnknownPresent", "s"."SessionGeneration", "s"."UnsettledSlotOperationAttemptId", "s"."UpdatedAt"
FROM "SessionRecoveries" AS "s"
WHERE "s"."AgvId" = @__agvId_0 AND "s"."Readiness" = 'Ready'
LIMIT 2
[09:05:10 INF] Executed DbCommand (0ms) [Parameters=[@__messageType_0='?' (Size = 18)], CommandType='Text', CommandTimeout='30']
SELECT "p"."MessageId", "p"."ContentHash", "p"."FirstResponseJson", "p"."MessageType", "p"."ReceivedAt", "p"."RequestJson"
FROM "ProtocolInbox" AS "p"
WHERE "p"."MessageType" = @__messageType_0
[09:05:10 INF] Executed DbCommand (0ms) [Parameters=[], CommandType='Text', CommandTimeout='30']
SELECT "p"."MessageId", "p"."ContentHash", "p"."FirstResponseJson", "p"."MessageType", "p"."ReceivedAt", "p"."RequestJson"
FROM "ProtocolInbox" AS "p"
WHERE "p"."MessageType" = 'SafetyStateSnapshot'
[09:05:10 INF] Executed DbCommand (0ms) [Parameters=[], CommandType='Text', CommandTimeout='30']
SELECT "p"."MessageId", "p"."ContentHash", "p"."FirstResponseJson", "p"."MessageType", "p"."ReceivedAt", "p"."RequestJson"
FROM "ProtocolInbox" AS "p"
WHERE "p"."MessageType" IN ('SafetyStateSnapshot', 'SafetyStateChanged')
[09:05:10 INF] Executed DbCommand (0ms) [Parameters=[], CommandType='Text', CommandTimeout='30']
SELECT "p"."MessageId", "p"."ContentHash", "p"."FirstResponseJson", "p"."MessageType", "p"."ReceivedAt", "p"."RequestJson"
FROM "ProtocolInbox" AS "p"
[09:05:10 INF] Start processing HTTP request GET http://127.0.0.1:48408/api/task/vehicles/getVehicleInfoByDeviceKey?key=BROKERX-L2-0001
[09:05:10 INF] Sending HTTP request GET http://127.0.0.1:48408/api/task/vehicles/getVehicleInfoByDeviceKey?key=BROKERX-L2-0001
[09:05:10 INF] Received HTTP response headers after 1.2744ms - 200
[09:05:10 INF] End processing HTTP request after 2.916ms - 200
[09:05:10 INF] Executed DbCommand (0ms) [Parameters=[], CommandType='Text', CommandTimeout='30']
SELECT "s"."DemandId", "s"."ReasonCode", "s"."ClearedAt", "s"."DetailJson", "s"."FirstRaisedAt", "s"."LastSeenAt", "s"."TransportDemandKey"
FROM "StructuralDispatchBlocks" AS "s"
WHERE "s"."ClearedAt" IS NULL
[09:05:10 INF] Executed DbCommand (0ms) [Parameters=[], CommandType='Text', CommandTimeout='30']
SELECT EXISTS (
    SELECT 1
    FROM "SessionRecoveries" AS "s"
    WHERE "s"."Readiness" = 'Ready')
[09:05:10 INF] HTTP GET /health/ready responded 200 in 6.5799 ms
[09:05:10 INF] Start processing HTTP request GET http://127.0.0.1:48408/api/imap/v1/mapInfo/stations/25
[09:05:10 INF] Sending HTTP request GET http://127.0.0.1:48408/api/imap/v1/mapInfo/stations/25
[09:05:10 INF] Received HTTP response headers after 1.0969ms - 200
[09:05:10 INF] End processing HTTP request after 2.3794ms - 200
[09:05:10 INF] Executed DbCommand (0ms) [Parameters=[@__mapId_0='?' (DbType = Int32)], CommandType='Text', CommandTimeout='30']
SELECT "t"."MapId", "t"."ActiveVersion", "t"."PendingVersion", "t"."State", "t"."UpdatedAt"
FROM "TaskTypeStationActiveBindingSets" AS "t"
WHERE "t"."MapId" = @__mapId_0
LIMIT 2
[09:05:10 INF] Executed DbCommand (0ms) [Parameters=[@__mapId_0='?' (DbType = Int32), @__version_1='?' (DbType = Int64)], CommandType='Text', CommandTimeout='30']
SELECT "t"."MapId", "t"."Version", "t"."CatalogRevision", "t"."ContentSha256", "t"."LoadedAt", "t"."RuleVersion", "t"."SnapshotId", "t"."Source"
FROM "TaskTypeStationBindingSetVersions" AS "t"
WHERE "t"."MapId" = @__mapId_0 AND "t"."Version" = @__version_1
LIMIT 2
[09:05:10 INF] Executed DbCommand (0ms) [Parameters=[@__mapId_0='?' (DbType = Int32), @__version_1='?' (DbType = Int64)], CommandType='Text', CommandTimeout='30']
SELECT "t"."TaskType"
FROM "TaskTypeStationRequirements" AS "t"
WHERE "t"."MapId" = @__mapId_0 AND "t"."Version" = @__version_1
[09:05:10 INF] Executed DbCommand (0ms) [Parameters=[@__mapId_0='?' (DbType = Int32), @__version_1='?' (DbType = Int64)], CommandType='Text', CommandTimeout='30']
SELECT "t"."MapId", "t"."Version", "t"."TaskType", "t"."SiteVerificationRef", "t"."StationName", "t"."StationRiotId"
FROM "TaskTypeStationBindings" AS "t"
WHERE "t"."MapId" = @__mapId_0 AND "t"."Version" = @__version_1
[09:05:10 INF] Executed DbCommand (0ms) [Parameters=[@__version_0='?' (DbType = Int64)], CommandType='Text', CommandTimeout='30']
SELECT "t"."Version", "t"."ContentSha256", "t"."LoadedAt", "t"."SnapshotId", "t"."Source"
FROM "TaskTypeStationRuleVersions" AS "t"
WHERE "t"."Version" = @__version_0
LIMIT 2
[09:05:10 INF] Executed DbCommand (0ms) [Parameters=[@__version_0='?' (DbType = Int64)], CommandType='Text', CommandTimeout='30']
SELECT "t"."Version", "t"."TaskType", "t"."FixedEnd"
FROM "TaskTypeStationRules" AS "t"
WHERE "t"."Version" = @__version_0
[09:05:10 INF] Executed DbCommand (0ms) [Parameters=[@__mapId_0='?' (DbType = Int32)], CommandType='Text', CommandTimeout='30']
SELECT "t"."MapId", "t"."ActiveVersion", "t"."PendingVersion", "t"."State", "t"."UpdatedAt"
FROM "TaskTypeStationActiveBindingSets" AS "t"
WHERE "t"."MapId" = @__mapId_0
LIMIT 2
[09:05:10 INF] Executed DbCommand (0ms) [Parameters=[@__mapId_0='?' (DbType = Int32)], CommandType='Text', CommandTimeout='30']
SELECT "t"."HoldId", "t"."DetailJson", "t"."MapId", "t"."RaisedAt", "t"."RaisedBy", "t"."ReasonCode", "t"."ReleasedAt", "t"."ReleasedBy", "t"."Source", "t"."TaskType"
FROM "TaskTypeStationHolds" AS "t"
WHERE "t"."MapId" = @__mapId_0 AND "t"."ReleasedAt" IS NULL
[09:05:10 INF] Executed DbCommand (0ms) [Parameters=[@__mapId_0='?' (DbType = Int32)], CommandType='Text', CommandTimeout='30']
SELECT "m"."MapId", "m"."ApprovedMaxUnconfirmedSeconds", "m"."ApprovedSyncPeriodSeconds", "m"."CatalogRevision", "m"."LastAttemptAt", "m"."LastCompleteConfirmationAt", "m"."LastFailureReason", "m"."State", "m"."UpdatedAt"
FROM "MapStationCatalogStates" AS "m"
WHERE "m"."MapId" = @__mapId_0
LIMIT 2
[09:05:10 INF] Executed DbCommand (0ms) [Parameters=[@p3='?' (DbType = Int32), @p0='?' (DbType = DateTimeOffset), @p1='?' (DbType = DateTimeOffset), @p2='?' (DbType = DateTimeOffset)], CommandType='Text', CommandTimeout='30']
UPDATE "MapStationCatalogStates" SET "LastAttemptAt" = @p0, "LastCompleteConfirmationAt" = @p1, "UpdatedAt" = @p2
WHERE "MapId" = @p3
RETURNING 1;
[09:05:10 INF] Executed DbCommand (0ms) [Parameters=[@__mapId_0='?' (DbType = Int32)], CommandType='Text', CommandTimeout='30']
SELECT "t"."MapId", "t"."ActiveVersion", "t"."PendingVersion", "t"."State", "t"."UpdatedAt"
FROM "TaskTypeStationActiveBindingSets" AS "t"
WHERE "t"."MapId" = @__mapId_0
LIMIT 2
[09:05:10 INF] Executed DbCommand (0ms) [Parameters=[@__mapId_0='?' (DbType = Int32), @__version_1='?' (DbType = Int64)], CommandType='Text', CommandTimeout='30']
SELECT "t"."MapId", "t"."Version", "t"."CatalogRevision", "t"."ContentSha256", "t"."LoadedAt", "t"."RuleVersion", "t"."SnapshotId", "t"."Source"
FROM "TaskTypeStationBindingSetVersions" AS "t"
WHERE "t"."MapId" = @__mapId_0 AND "t"."Version" = @__version_1
LIMIT 2
[09:05:10 INF] Executed DbCommand (0ms) [Parameters=[@__mapId_0='?' (DbType = Int32), @__version_1='?' (DbType = Int64)], CommandType='Text', CommandTimeout='30']
SELECT "t"."TaskType"
FROM "TaskTypeStationRequirements" AS "t"
WHERE "t"."MapId" = @__mapId_0 AND "t"."Version" = @__version_1
[09:05:10 INF] Executed DbCommand (0ms) [Parameters=[@__mapId_0='?' (DbType = Int32), @__version_1='?' (DbType = Int64)], CommandType='Text', CommandTimeout='30']
SELECT "t"."MapId", "t"."Version", "t"."TaskType", "t"."SiteVerificationRef", "t"."StationName", "t"."StationRiotId"
FROM "TaskTypeStationBindings" AS "t"
WHERE "t"."MapId" = @__mapId_0 AND "t"."Version" = @__version_1
[09:05:10 INF] Executed DbCommand (0ms) [Parameters=[@__mapId_0='?' (DbType = Int32)], CommandType='Text', CommandTimeout='30']
SELECT "t"."MapId", "t"."ActiveVersion", "t"."PendingVersion", "t"."State", "t"."UpdatedAt"
FROM "TaskTypeStationActiveBindingSets" AS "t"
WHERE "t"."MapId" = @__mapId_0
LIMIT 2
[09:05:10 INF] Executed DbCommand (0ms) [Parameters=[@__mapId_0='?' (DbType = Int32), @__version_1='?' (DbType = Int64)], CommandType='Text', CommandTimeout='30']
SELECT "t"."MapId", "t"."Version", "t"."CatalogRevision", "t"."ContentSha256", "t"."LoadedAt", "t"."RuleVersion", "t"."SnapshotId", "t"."Source"
FROM "TaskTypeStationBindingSetVersions" AS "t"
WHERE "t"."MapId" = @__mapId_0 AND "t"."Version" = @__version_1
LIMIT 2
[09:05:10 INF] Executed DbCommand (0ms) [Parameters=[@__mapId_0='?' (DbType = Int32), @__version_1='?' (DbType = Int64)], CommandType='Text', CommandTimeout='30']
SELECT "t"."TaskType"
FROM "TaskTypeStationRequirements" AS "t"
WHERE "t"."MapId" = @__mapId_0 AND "t"."Version" = @__version_1
[09:05:10 INF] Executed DbCommand (0ms) [Parameters=[@__mapId_0='?' (DbType = Int32), @__version_1='?' (DbType = Int64)], CommandType='Text', CommandTimeout='30']
SELECT "t"."MapId", "t"."Version", "t"."TaskType", "t"."SiteVerificationRef", "t"."StationName", "t"."StationRiotId"
FROM "TaskTypeStationBindings" AS "t"
WHERE "t"."MapId" = @__mapId_0 AND "t"."Version" = @__version_1
[09:05:10 INF] Executed DbCommand (0ms) [Parameters=[@__version_0='?' (DbType = Int64)], CommandType='Text', CommandTimeout='30']
SELECT "t"."Version", "t"."ContentSha256", "t"."LoadedAt", "t"."SnapshotId", "t"."Source"
FROM "TaskTypeStationRuleVersions" AS "t"
WHERE "t"."Version" = @__version_0
LIMIT 2
[09:05:10 INF] Executed DbCommand (0ms) [Parameters=[@__version_0='?' (DbType = Int64)], CommandType='Text', CommandTimeout='30']
SELECT "t"."Version", "t"."TaskType", "t"."FixedEnd"
FROM "TaskTypeStationRules" AS "t"
WHERE "t"."Version" = @__version_0
[09:05:10 INF] Executed DbCommand (0ms) [Parameters=[], CommandType='Text', CommandTimeout='30']
SELECT "a"."Id", "a"."ContentHash", "a"."DeploymentId", "a"."ImportedAt", "a"."Version"
FROM "AdmissionPolicyState" AS "a"
WHERE "a"."Id" = 1
LIMIT 2
[09:05:10 INF] Executed DbCommand (0ms) [Parameters=[], CommandType='Text', CommandTimeout='30']
SELECT "j"."JourneyId", "j"."AgvId", "j"."AgvLifecycleGeneration", "j"."AreaEndAdmissionRevokedSince", "j"."BlockReasonCode", "j"."BlockReasonSince", "j"."CargoHoldingStartedAt", "j"."ConsumedSafetyResultMessageId", "j"."ConsumedSublotMessageId", "j"."CreatedAt", "j"."DemandId", "j"."DispatchGeneration", "j"."DispatchZone", "j"."ExpectedBasketCount", "j"."FullSlotPositionsJson", "j"."GateMovementLegId", "j"."GatePlanMessageId", "j"."GateStationId", "j"."GateStationRiotId", "j"."GateUpperId", "j"."GateVehicleBusinessMessageId", "j"."GateWorklistMessageId", "j"."LoadCommandMessageId", "j"."LoadSlotOperationAttemptId", "j"."LoadingClosedReason", "j"."LoadingPhaseState", "j"."MapId", "j"."MapIdentity", "j"."OperationSessionId", "j"."PickupMovementLegId", "j"."PickupStationId", "j"."PickupStationRiotId", "j"."PickupUpperId", "j"."PlanMessageId", "j"."PlanRevision", "j"."PreDepartureSafetyCheckId", "j"."PreDepartureSafetyCheckMessageId", "j"."RouteEvidenceId", "j"."Stage", "j"."StationDepartureWaitStartedAt", "j"."SublotRequestMessageId", "j"."TargetSlotsJson", "j"."UnloadCommandMessageId", "j"."UnloadSlotOperationAttemptId", "j"."UpdatedAt", "j"."VehicleBusinessMessageId", "j"."VehicleBusinessRevision", "j"."VehicleKey", "j"."WorklistMessageId", "j"."WorklistRevision", "j"."YieldTriggeredAt", "j"."YieldTriggeredByVehicleKey"
FROM "JourneyRuntimes" AS "j"
WHERE "j"."Stage" <> 'Completed'
[09:05:10 INF] Executed DbCommand (0ms) [Parameters=[], CommandType='Text', CommandTimeout='30']
SELECT "a"."DemandId"
FROM "AcceptedDemands" AS "a"
WHERE "a"."Status" NOT IN ('Succeeded', 'Cancelled')
[09:05:10 INF] Executed DbCommand (0ms) [Parameters=[], CommandType='Text', CommandTimeout='30']
SELECT "j"."DemandId"
FROM "JourneyDemands" AS "j"
WHERE "j"."RemovedAt" IS NULL
[09:05:10 INF] Start processing HTTP request GET http://127.0.0.1:48409/api/v2/contract
[09:05:10 INF] Sending HTTP request GET http://127.0.0.1:48409/api/v2/contract
[09:05:10 INF] Received HTTP response headers after 1.6263ms - 200
[09:05:10 INF] End processing HTTP request after 3.5027ms - 200
[09:05:10 INF] Start processing HTTP request GET http://127.0.0.1:48409/api/v2/externally-readable-demand-catalog
[09:05:10 INF] Start processing HTTP request GET http://127.0.0.1:48408/api/task/v1/task/getVehicleInfo/BROKERX-L2-0001
[09:05:10 INF] Sending HTTP request GET http://127.0.0.1:48409/api/v2/externally-readable-demand-catalog
[09:05:10 INF] Sending HTTP request GET http://127.0.0.1:48408/api/task/v1/task/getVehicleInfo/BROKERX-L2-0001
[09:05:10 INF] Received HTTP response headers after 1.0691ms - 200
[09:05:10 INF] Received HTTP response headers after 1.2615ms - 200
[09:05:10 INF] End processing HTTP request after 79.4276ms - 200
[09:05:10 INF] End processing HTTP request after 110.2976ms - 200
[09:05:10 INF] Executed DbCommand (0ms) [Parameters=[], CommandType='Text', CommandTimeout='30']
SELECT "j"."DemandId", "j"."AcceptedAt", "j"."DecisionFingerprint", "j"."DemandCreatedAt", "j"."FirstSeenAt", "j"."LastSeenAt", "j"."ReasonCode", "j"."StarvationEscalatedAt", "j"."StarvationEscalationParameterVersion", "j"."TransportDemandKey"
FROM "JourneyBacklog" AS "j"
[09:05:10 INF] Start processing HTTP request GET http://127.0.0.1:48408/api/order/v1/orderRecord?pageNum=1&pageSize=100&filterByState=1&filterByState=3&filterByState=7&filterByState=9
[09:05:10 INF] Executed DbCommand (0ms) [Parameters=[], CommandType='Text', CommandTimeout='30']
SELECT "a"."DemandId"
FROM "AcceptedDemands" AS "a"
[09:05:10 INF] Sending HTTP request GET http://127.0.0.1:48408/api/order/v1/orderRecord?pageNum=1&pageSize=100&filterByState=1&filterByState=3&filterByState=7&filterByState=9
[09:05:10 INF] Executed DbCommand (0ms) [Parameters=[], CommandType='Text', CommandTimeout='30']
SELECT "v"."AgvId", "v"."TaskType", "v"."Allowed", "v"."ConfigurationVersion", "v"."UpdatedAt"
FROM "VehicleTaskTypeAdmissions" AS "v"
[09:05:10 INF] Received HTTP response headers after 1.3733ms - 200
[09:05:10 INF] Executed DbCommand (0ms) [Parameters=[], CommandType='Text', CommandTimeout='30']
SELECT "v"."AgvId", "v"."ConfigurationVersion", "v"."RoundTimeoutMilliseconds", "v"."UpdatedAt"
FROM "VehicleDispatchBudgets" AS "v"
[09:05:10 INF] End processing HTTP request after 12.3738ms - 200
[09:05:10 INF] Executed DbCommand (0ms) [Parameters=[], CommandType='Text', CommandTimeout='30']
SELECT "d"."Zone", "d"."AgvId", "d"."ConfigurationVersion", "d"."UpdatedAt"
FROM "DispatchZoneVehicles" AS "d"
[09:05:10 INF] HTTP GET /api/onboard/v1/vehicle-safety responded 200 in 158.6199 ms
[09:05:10 INF] Executed DbCommand (0ms) [Parameters=[], CommandType='Text', CommandTimeout='30']
SELECT MAX("d"."Version")
FROM "DispatchZoneAreaAssignmentVersions" AS "d"
[09:05:10 INF] Executed DbCommand (0ms) [Parameters=[@__agvId_0='?' (Size = 10)], CommandType='Text', CommandTimeout='30']
SELECT "a"."SlotModelVersionId", "a"."SnapshotId"
FROM "ActiveSlotConfigurations" AS "a"
WHERE "a"."AgvId" = @__agvId_0
LIMIT 2
[09:05:10 INF] Executed DbCommand (0ms) [Parameters=[@__agvId_0='?' (Size = 10)], CommandType='Text', CommandTimeout='30']
SELECT "s"."SlotModelVersionId", "s"."CreatedAt"
FROM "SlotIoBindings" AS "s"
WHERE "s"."AgvId" = @__agvId_0 AND "s"."Status" = 'PUBLISHED'
[09:05:10 INF] Executed DbCommand (0ms) [Parameters=[@__agvId_0='?' (Size = 10)], CommandType='Text', CommandTimeout='30']
SELECT "s"."AgvId", "s"."ActiveUnlockSlotsJson", "s"."CapabilityHash", "s"."CapabilityRevision", "s"."DepartureSafe", "s"."ForcedRecoveryGeneration", "s"."ManifestSha256", "s"."PendingAttemptIdsJson", "s"."PendingResultIdsJson", "s"."ProfileId", "s"."ProtocolCommit", "s"."ProtocolVersion", "s"."ProvenRecoveryCheckpoint", "s"."Readiness", "s"."ReasonCode", "s"."RecoveryReportId", "s"."ReportedForcedRecoveryGeneration", "s"."ReportedSlotConfigurationFingerprint", "s"."SafetyHash", "s"."SafetyReasonCodesJson", "s"."SafetyRevision", "s"."SafetyUnknownPresent", "s"."SessionGeneration", "s"."UnsettledSlotOperationAttemptId", "s"."UpdatedAt"
FROM "SessionRecoveries" AS "s"
WHERE "s"."AgvId" = @__agvId_0 AND "s"."Readiness" = 'Ready'
LIMIT 2
[09:05:10 INF] Executed DbCommand (0ms) [Parameters=[@__messageType_0='?' (Size = 18)], CommandType='Text', CommandTimeout='30']
SELECT "p"."MessageId", "p"."ContentHash", "p"."FirstResponseJson", "p"."MessageType", "p"."ReceivedAt", "p"."RequestJson"
FROM "ProtocolInbox" AS "p"
WHERE "p"."MessageType" = @__messageType_0
[09:05:10 INF] Executed DbCommand (0ms) [Parameters=[], CommandType='Text', CommandTimeout='30']
SELECT "p"."MessageId", "p"."ContentHash", "p"."FirstResponseJson", "p"."MessageType", "p"."ReceivedAt", "p"."RequestJson"
FROM "ProtocolInbox" AS "p"
WHERE "p"."MessageType" = 'SafetyStateSnapshot'
[09:05:10 INF] Executed DbCommand (0ms) [Parameters=[], CommandType='Text', CommandTimeout='30']
SELECT "p"."MessageId", "p"."ContentHash", "p"."FirstResponseJson", "p"."MessageType", "p"."ReceivedAt", "p"."RequestJson"
FROM "ProtocolInbox" AS "p"
WHERE "p"."MessageType" IN ('SafetyStateSnapshot', 'SafetyStateChanged')
[09:05:10 INF] Executed DbCommand (0ms) [Parameters=[], CommandType='Text', CommandTimeout='30']
SELECT "p"."MessageId", "p"."ContentHash", "p"."FirstResponseJson", "p"."MessageType", "p"."ReceivedAt", "p"."RequestJson"
FROM "ProtocolInbox" AS "p"
[09:05:10 INF] Start processing HTTP request GET http://127.0.0.1:48408/api/task/vehicles/getVehicleInfoByDeviceKey?key=BROKERX-L2-0001
[09:05:10 INF] Sending HTTP request GET http://127.0.0.1:48408/api/task/vehicles/getVehicleInfoByDeviceKey?key=BROKERX-L2-0001
[09:05:10 INF] Received HTTP response headers after 1.1517ms - 200
[09:05:10 INF] End processing HTTP request after 2.5127ms - 200
[09:05:10 INF] Executed DbCommand (0ms) [Parameters=[], CommandType='Text', CommandTimeout='30']
SELECT "s"."DemandId", "s"."ReasonCode", "s"."ClearedAt", "s"."DetailJson", "s"."FirstRaisedAt", "s"."LastSeenAt", "s"."TransportDemandKey"
FROM "StructuralDispatchBlocks" AS "s"
WHERE "s"."ClearedAt" IS NULL
[09:05:11 INF] Executed DbCommand (0ms) [Parameters=[@__messageId_0='?' (Size = 36)], CommandType='Text', CommandTimeout='30']
SELECT "p"."MessageId", "p"."ContentHash", "p"."FirstResponseJson", "p"."MessageType", "p"."ReceivedAt", "p"."RequestJson"
FROM "ProtocolInbox" AS "p"
WHERE "p"."MessageId" = @__messageId_0
LIMIT 2
[09:05:11 INF] Executed DbCommand (0ms) [Parameters=[@p0='?' (Size = 36), @p1='?' (Size = 64), @p2='?' (Size = 536), @p3='?' (Size = 9), @p4='?' (DbType = DateTimeOffset), @p5='?' (Size = 427)], CommandType='Text', CommandTimeout='30']
INSERT INTO "ProtocolInbox" ("MessageId", "ContentHash", "FirstResponseJson", "MessageType", "ReceivedAt", "RequestJson")
VALUES (@p0, @p1, @p2, @p3, @p4, @p5);
[09:05:11 INF] Start processing HTTP request GET http://127.0.0.1:48408/api/imap/v1/mapInfo/stations/25
[09:05:11 INF] Sending HTTP request GET http://127.0.0.1:48408/api/imap/v1/mapInfo/stations/25
[09:05:11 INF] Received HTTP response headers after 1.1462ms - 200
[09:05:11 INF] End processing HTTP request after 18.9495ms - 200
[09:05:11 INF] Executed DbCommand (0ms) [Parameters=[@__mapId_0='?' (DbType = Int32)], CommandType='Text', CommandTimeout='30']
SELECT "t"."MapId", "t"."ActiveVersion", "t"."PendingVersion", "t"."State", "t"."UpdatedAt"
FROM "TaskTypeStationActiveBindingSets" AS "t"
WHERE "t"."MapId" = @__mapId_0
LIMIT 2
[09:05:11 INF] Executed DbCommand (0ms) [Parameters=[@__mapId_0='?' (DbType = Int32), @__version_1='?' (DbType = Int64)], CommandType='Text', CommandTimeout='30']
SELECT "t"."MapId", "t"."Version", "t"."CatalogRevision", "t"."ContentSha256", "t"."LoadedAt", "t"."RuleVersion", "t"."SnapshotId", "t"."Source"
FROM "TaskTypeStationBindingSetVersions" AS "t"
WHERE "t"."MapId" = @__mapId_0 AND "t"."Version" = @__version_1
LIMIT 2
[09:05:11 INF] Executed DbCommand (0ms) [Parameters=[@__mapId_0='?' (DbType = Int32), @__version_1='?' (DbType = Int64)], CommandType='Text', CommandTimeout='30']
SELECT "t"."TaskType"
FROM "TaskTypeStationRequirements" AS "t"
WHERE "t"."MapId" = @__mapId_0 AND "t"."Version" = @__version_1
[09:05:11 INF] Executed DbCommand (0ms) [Parameters=[@__mapId_0='?' (DbType = Int32), @__version_1='?' (DbType = Int64)], CommandType='Text', CommandTimeout='30']
SELECT "t"."MapId", "t"."Version", "t"."TaskType", "t"."SiteVerificationRef", "t"."StationName", "t"."StationRiotId"
FROM "TaskTypeStationBindings" AS "t"
WHERE "t"."MapId" = @__mapId_0 AND "t"."Version" = @__version_1
[09:05:11 INF] Executed DbCommand (0ms) [Parameters=[@__version_0='?' (DbType = Int64)], CommandType='Text', CommandTimeout='30']
SELECT "t"."Version", "t"."ContentSha256", "t"."LoadedAt", "t"."SnapshotId", "t"."Source"
FROM "TaskTypeStationRuleVersions" AS "t"
WHERE "t"."Version" = @__version_0
LIMIT 2
[09:05:11 INF] Executed DbCommand (0ms) [Parameters=[@__version_0='?' (DbType = Int64)], CommandType='Text', CommandTimeout='30']
SELECT "t"."Version", "t"."TaskType", "t"."FixedEnd"
FROM "TaskTypeStationRules" AS "t"
WHERE "t"."Version" = @__version_0
[09:05:11 INF] Executed DbCommand (0ms) [Parameters=[@__mapId_0='?' (DbType = Int32)], CommandType='Text', CommandTimeout='30']
SELECT "t"."MapId", "t"."ActiveVersion", "t"."PendingVersion", "t"."State", "t"."UpdatedAt"
FROM "TaskTypeStationActiveBindingSets" AS "t"
WHERE "t"."MapId" = @__mapId_0
LIMIT 2
[09:05:11 INF] Executed DbCommand (0ms) [Parameters=[@__mapId_0='?' (DbType = Int32)], CommandType='Text', CommandTimeout='30']
SELECT "t"."HoldId", "t"."DetailJson", "t"."MapId", "t"."RaisedAt", "t"."RaisedBy", "t"."ReasonCode", "t"."ReleasedAt", "t"."ReleasedBy", "t"."Source", "t"."TaskType"
FROM "TaskTypeStationHolds" AS "t"
WHERE "t"."MapId" = @__mapId_0 AND "t"."ReleasedAt" IS NULL
[09:05:11 INF] Executed DbCommand (0ms) [Parameters=[@__mapId_0='?' (DbType = Int32)], CommandType='Text', CommandTimeout='30']
SELECT "m"."MapId", "m"."ApprovedMaxUnconfirmedSeconds", "m"."ApprovedSyncPeriodSeconds", "m"."CatalogRevision", "m"."LastAttemptAt", "m"."LastCompleteConfirmationAt", "m"."LastFailureReason", "m"."State", "m"."UpdatedAt"
FROM "MapStationCatalogStates" AS "m"
WHERE "m"."MapId" = @__mapId_0
LIMIT 2
[09:05:11 INF] Executed DbCommand (0ms) [Parameters=[@p3='?' (DbType = Int32), @p0='?' (DbType = DateTimeOffset), @p1='?' (DbType = DateTimeOffset), @p2='?' (DbType = DateTimeOffset)], CommandType='Text', CommandTimeout='30']
UPDATE "MapStationCatalogStates" SET "LastAttemptAt" = @p0, "LastCompleteConfirmationAt" = @p1, "UpdatedAt" = @p2
WHERE "MapId" = @p3
RETURNING 1;
[09:05:11 INF] Executed DbCommand (0ms) [Parameters=[@__mapId_0='?' (DbType = Int32)], CommandType='Text', CommandTimeout='30']
SELECT "t"."MapId", "t"."ActiveVersion", "t"."PendingVersion", "t"."State", "t"."UpdatedAt"
FROM "TaskTypeStationActiveBindingSets" AS "t"
WHERE "t"."MapId" = @__mapId_0
LIMIT 2
[09:05:11 INF] Executed DbCommand (0ms) [Parameters=[@__mapId_0='?' (DbType = Int32), @__version_1='?' (DbType = Int64)], CommandType='Text', CommandTimeout='30']
SELECT "t"."MapId", "t"."Version", "t"."CatalogRevision", "t"."ContentSha256", "t"."LoadedAt", "t"."RuleVersion", "t"."SnapshotId", "t"."Source"
FROM "TaskTypeStationBindingSetVersions" AS "t"
WHERE "t"."MapId" = @__mapId_0 AND "t"."Version" = @__version_1
LIMIT 2
[09:05:11 INF] Executed DbCommand (0ms) [Parameters=[@__mapId_0='?' (DbType = Int32), @__version_1='?' (DbType = Int64)], CommandType='Text', CommandTimeout='30']
SELECT "t"."TaskType"
FROM "TaskTypeStationRequirements" AS "t"
WHERE "t"."MapId" = @__mapId_0 AND "t"."Version" = @__version_1
[09:05:11 INF] Executed DbCommand (0ms) [Parameters=[@__mapId_0='?' (DbType = Int32), @__version_1='?' (DbType = Int64)], CommandType='Text', CommandTimeout='30']
SELECT "t"."MapId", "t"."Version", "t"."TaskType", "t"."SiteVerificationRef", "t"."StationName", "t"."StationRiotId"
FROM "TaskTypeStationBindings" AS "t"
WHERE "t"."MapId" = @__mapId_0 AND "t"."Version" = @__version_1
[09:05:11 INF] Executed DbCommand (0ms) [Parameters=[@__mapId_0='?' (DbType = Int32)], CommandType='Text', CommandTimeout='30']
SELECT "t"."MapId", "t"."ActiveVersion", "t"."PendingVersion", "t"."State", "t"."UpdatedAt"
FROM "TaskTypeStationActiveBindingSets" AS "t"
WHERE "t"."MapId" = @__mapId_0
LIMIT 2
[09:05:11 INF] Executed DbCommand (0ms) [Parameters=[@__mapId_0='?' (DbType = Int32), @__version_1='?' (DbType = Int64)], CommandType='Text', CommandTimeout='30']
SELECT "t"."MapId", "t"."Version", "t"."CatalogRevision", "t"."ContentSha256", "t"."LoadedAt", "t"."RuleVersion", "t"."SnapshotId", "t"."Source"
FROM "TaskTypeStationBindingSetVersions" AS "t"
WHERE "t"."MapId" = @__mapId_0 AND "t"."Version" = @__version_1
LIMIT 2
[09:05:11 INF] Executed DbCommand (0ms) [Parameters=[@__mapId_0='?' (DbType = Int32), @__version_1='?' (DbType = Int64)], CommandType='Text', CommandTimeout='30']
SELECT "t"."TaskType"
FROM "TaskTypeStationRequirements" AS "t"
WHERE "t"."MapId" = @__mapId_0 AND "t"."Version" = @__version_1
[09:05:11 INF] Executed DbCommand (0ms) [Parameters=[@__mapId_0='?' (DbType = Int32), @__version_1='?' (DbType = Int64)], CommandType='Text', CommandTimeout='30']
SELECT "t"."MapId", "t"."Version", "t"."TaskType", "t"."SiteVerificationRef", "t"."StationName", "t"."StationRiotId"
FROM "TaskTypeStationBindings" AS "t"
WHERE "t"."MapId" = @__mapId_0 AND "t"."Version" = @__version_1
[09:05:11 INF] Executed DbCommand (0ms) [Parameters=[@__version_0='?' (DbType = Int64)], CommandType='Text', CommandTimeout='30']
SELECT "t"."Version", "t"."ContentSha256", "t"."LoadedAt", "t"."SnapshotId", "t"."Source"
FROM "TaskTypeStationRuleVersions" AS "t"
WHERE "t"."Version" = @__version_0
LIMIT 2
[09:05:11 INF] Executed DbCommand (0ms) [Parameters=[@__version_0='?' (DbType = Int64)], CommandType='Text', CommandTimeout='30']
SELECT "t"."Version", "t"."TaskType", "t"."FixedEnd"
FROM "TaskTypeStationRules" AS "t"
WHERE "t"."Version" = @__version_0
[09:05:11 INF] Executed DbCommand (0ms) [Parameters=[], CommandType='Text', CommandTimeout='30']
SELECT "a"."Id", "a"."ContentHash", "a"."DeploymentId", "a"."ImportedAt", "a"."Version"
FROM "AdmissionPolicyState" AS "a"
WHERE "a"."Id" = 1
LIMIT 2
[09:05:11 INF] Executed DbCommand (0ms) [Parameters=[], CommandType='Text', CommandTimeout='30']
SELECT "j"."JourneyId", "j"."AgvId", "j"."AgvLifecycleGeneration", "j"."AreaEndAdmissionRevokedSince", "j"."BlockReasonCode", "j"."BlockReasonSince", "j"."CargoHoldingStartedAt", "j"."ConsumedSafetyResultMessageId", "j"."ConsumedSublotMessageId", "j"."CreatedAt", "j"."DemandId", "j"."DispatchGeneration", "j"."DispatchZone", "j"."ExpectedBasketCount", "j"."FullSlotPositionsJson", "j"."GateMovementLegId", "j"."GatePlanMessageId", "j"."GateStationId", "j"."GateStationRiotId", "j"."GateUpperId", "j"."GateVehicleBusinessMessageId", "j"."GateWorklistMessageId", "j"."LoadCommandMessageId", "j"."LoadSlotOperationAttemptId", "j"."LoadingClosedReason", "j"."LoadingPhaseState", "j"."MapId", "j"."MapIdentity", "j"."OperationSessionId", "j"."PickupMovementLegId", "j"."PickupStationId", "j"."PickupStationRiotId", "j"."PickupUpperId", "j"."PlanMessageId", "j"."PlanRevision", "j"."PreDepartureSafetyCheckId", "j"."PreDepartureSafetyCheckMessageId", "j"."RouteEvidenceId", "j"."Stage", "j"."StationDepartureWaitStartedAt", "j"."SublotRequestMessageId", "j"."TargetSlotsJson", "j"."UnloadCommandMessageId", "j"."UnloadSlotOperationAttemptId", "j"."UpdatedAt", "j"."VehicleBusinessMessageId", "j"."VehicleBusinessRevision", "j"."VehicleKey", "j"."WorklistMessageId", "j"."WorklistRevision", "j"."YieldTriggeredAt", "j"."YieldTriggeredByVehicleKey"
FROM "JourneyRuntimes" AS "j"
WHERE "j"."Stage" <> 'Completed'
[09:05:11 INF] Executed DbCommand (0ms) [Parameters=[], CommandType='Text', CommandTimeout='30']
SELECT "a"."DemandId"
FROM "AcceptedDemands" AS "a"
WHERE "a"."Status" NOT IN ('Succeeded', 'Cancelled')
[09:05:11 INF] Executed DbCommand (0ms) [Parameters=[], CommandType='Text', CommandTimeout='30']
SELECT "j"."DemandId"
FROM "JourneyDemands" AS "j"
WHERE "j"."RemovedAt" IS NULL
[09:05:11 INF] Start processing HTTP request GET http://127.0.0.1:48409/api/v2/contract
[09:05:11 INF] Sending HTTP request GET http://127.0.0.1:48409/api/v2/contract
[09:05:11 INF] Received HTTP response headers after 1.145ms - 200
[09:05:11 INF] End processing HTTP request after 3.406ms - 200
[09:05:11 INF] Start processing HTTP request GET http://127.0.0.1:48409/api/v2/externally-readable-demand-catalog
[09:05:11 INF] Sending HTTP request GET http://127.0.0.1:48409/api/v2/externally-readable-demand-catalog
[09:05:11 INF] Received HTTP response headers after 1.1926ms - 200
[09:05:11 INF] End processing HTTP request after 34.4692ms - 200
[09:05:11 INF] Executed DbCommand (0ms) [Parameters=[], CommandType='Text', CommandTimeout='30']
SELECT "j"."DemandId", "j"."AcceptedAt", "j"."DecisionFingerprint", "j"."DemandCreatedAt", "j"."FirstSeenAt", "j"."LastSeenAt", "j"."ReasonCode", "j"."StarvationEscalatedAt", "j"."StarvationEscalationParameterVersion", "j"."TransportDemandKey"
FROM "JourneyBacklog" AS "j"
[09:05:11 INF] Executed DbCommand (0ms) [Parameters=[], CommandType='Text', CommandTimeout='30']
SELECT "a"."DemandId"
FROM "AcceptedDemands" AS "a"
[09:05:11 INF] Executed DbCommand (0ms) [Parameters=[], CommandType='Text', CommandTimeout='30']
SELECT "v"."AgvId", "v"."TaskType", "v"."Allowed", "v"."ConfigurationVersion", "v"."UpdatedAt"
FROM "VehicleTaskTypeAdmissions" AS "v"
[09:05:11 INF] Executed DbCommand (0ms) [Parameters=[], CommandType='Text', CommandTimeout='30']
SELECT "v"."AgvId", "v"."ConfigurationVersion", "v"."RoundTimeoutMilliseconds", "v"."UpdatedAt"
FROM "VehicleDispatchBudgets" AS "v"
[09:05:11 INF] Executed DbCommand (0ms) [Parameters=[], CommandType='Text', CommandTimeout='30']
SELECT "d"."Zone", "d"."AgvId", "d"."ConfigurationVersion", "d"."UpdatedAt"
FROM "DispatchZoneVehicles" AS "d"
[09:05:11 INF] Executed DbCommand (0ms) [Parameters=[], CommandType='Text', CommandTimeout='30']
SELECT MAX("d"."Version")
FROM "DispatchZoneAreaAssignmentVersions" AS "d"
[09:05:11 INF] Executed DbCommand (0ms) [Parameters=[@__agvId_0='?' (Size = 10)], CommandType='Text', CommandTimeout='30']
SELECT "a"."SlotModelVersionId", "a"."SnapshotId"
FROM "ActiveSlotConfigurations" AS "a"
WHERE "a"."AgvId" = @__agvId_0
LIMIT 2
[09:05:11 INF] Executed DbCommand (0ms) [Parameters=[@__agvId_0='?' (Size = 10)], CommandType='Text', CommandTimeout='30']
SELECT "s"."SlotModelVersionId", "s"."CreatedAt"
FROM "SlotIoBindings" AS "s"
WHERE "s"."AgvId" = @__agvId_0 AND "s"."Status" = 'PUBLISHED'
[09:05:11 INF] Executed DbCommand (0ms) [Parameters=[@__agvId_0='?' (Size = 10)], CommandType='Text', CommandTimeout='30']
SELECT "s"."AgvId", "s"."ActiveUnlockSlotsJson", "s"."CapabilityHash", "s"."CapabilityRevision", "s"."DepartureSafe", "s"."ForcedRecoveryGeneration", "s"."ManifestSha256", "s"."PendingAttemptIdsJson", "s"."PendingResultIdsJson", "s"."ProfileId", "s"."ProtocolCommit", "s"."ProtocolVersion", "s"."ProvenRecoveryCheckpoint", "s"."Readiness", "s"."ReasonCode", "s"."RecoveryReportId", "s"."ReportedForcedRecoveryGeneration", "s"."ReportedSlotConfigurationFingerprint", "s"."SafetyHash", "s"."SafetyReasonCodesJson", "s"."SafetyRevision", "s"."SafetyUnknownPresent", "s"."SessionGeneration", "s"."UnsettledSlotOperationAttemptId", "s"."UpdatedAt"
FROM "SessionRecoveries" AS "s"
WHERE "s"."AgvId" = @__agvId_0 AND "s"."Readiness" = 'Ready'
LIMIT 2
[09:05:11 INF] Executed DbCommand (0ms) [Parameters=[@__messageType_0='?' (Size = 18)], CommandType='Text', CommandTimeout='30']
SELECT "p"."MessageId", "p"."ContentHash", "p"."FirstResponseJson", "p"."MessageType", "p"."ReceivedAt", "p"."RequestJson"
FROM "ProtocolInbox" AS "p"
WHERE "p"."MessageType" = @__messageType_0
[09:05:11 INF] Executed DbCommand (0ms) [Parameters=[], CommandType='Text', CommandTimeout='30']
SELECT "p"."MessageId", "p"."ContentHash", "p"."FirstResponseJson", "p"."MessageType", "p"."ReceivedAt", "p"."RequestJson"
FROM "ProtocolInbox" AS "p"
WHERE "p"."MessageType" = 'SafetyStateSnapshot'
[09:05:11 INF] Executed DbCommand (0ms) [Parameters=[], CommandType='Text', CommandTimeout='30']
SELECT "p"."MessageId", "p"."ContentHash", "p"."FirstResponseJson", "p"."MessageType", "p"."ReceivedAt", "p"."RequestJson"
FROM "ProtocolInbox" AS "p"
WHERE "p"."MessageType" IN ('SafetyStateSnapshot', 'SafetyStateChanged')
[09:05:11 INF] Executed DbCommand (0ms) [Parameters=[], CommandType='Text', CommandTimeout='30']
SELECT "p"."MessageId", "p"."ContentHash", "p"."FirstResponseJson", "p"."MessageType", "p"."ReceivedAt", "p"."RequestJson"
FROM "ProtocolInbox" AS "p"
[09:05:11 INF] Start processing HTTP request GET http://127.0.0.1:48408/api/task/vehicles/getVehicleInfoByDeviceKey?key=BROKERX-L2-0001
[09:05:11 INF] Sending HTTP request GET http://127.0.0.1:48408/api/task/vehicles/getVehicleInfoByDeviceKey?key=BROKERX-L2-0001
[09:05:11 INF] Received HTTP response headers after 1.0595ms - 200
[09:05:11 INF] End processing HTTP request after 4.1573ms - 200
[09:05:11 INF] Start processing HTTP request GET http://127.0.0.1:48408/api/task/v1/task/getVehicleInfo/BROKERX-L2-0001
[09:05:11 INF] Executed DbCommand (0ms) [Parameters=[], CommandType='Text', CommandTimeout='30']
SELECT "s"."DemandId", "s"."ReasonCode", "s"."ClearedAt", "s"."DetailJson", "s"."FirstRaisedAt", "s"."LastSeenAt", "s"."TransportDemandKey"
FROM "StructuralDispatchBlocks" AS "s"
WHERE "s"."ClearedAt" IS NULL
[09:05:11 INF] Sending HTTP request GET http://127.0.0.1:48408/api/task/v1/task/getVehicleInfo/BROKERX-L2-0001
[09:05:11 INF] Received HTTP response headers after 1.1592ms - 200
[09:05:11 INF] End processing HTTP request after 34.1881ms - 200
[09:05:11 INF] Start processing HTTP request GET http://127.0.0.1:48408/api/order/v1/orderRecord?pageNum=1&pageSize=100&filterByState=1&filterByState=3&filterByState=7&filterByState=9
[09:05:11 INF] Sending HTTP request GET http://127.0.0.1:48408/api/order/v1/orderRecord?pageNum=1&pageSize=100&filterByState=1&filterByState=3&filterByState=7&filterByState=9
[09:05:11 INF] Received HTTP response headers after 0.8222ms - 200
[09:05:11 INF] End processing HTTP request after 46.7891ms - 200
[09:05:11 INF] HTTP GET /api/onboard/v1/vehicle-safety responded 200 in 142.2032 ms
[09:05:12 INF] Start processing HTTP request GET http://127.0.0.1:48408/api/imap/v1/mapInfo/stations/25
[09:05:12 INF] Sending HTTP request GET http://127.0.0.1:48408/api/imap/v1/mapInfo/stations/25
[09:05:12 INF] Received HTTP response headers after 0.7427ms - 200
[09:05:12 INF] End processing HTTP request after 17.5811ms - 200
[09:05:12 INF] Executed DbCommand (0ms) [Parameters=[@__mapId_0='?' (DbType = Int32)], CommandType='Text', CommandTimeout='30']
SELECT "t"."MapId", "t"."ActiveVersion", "t"."PendingVersion", "t"."State", "t"."UpdatedAt"
FROM "TaskTypeStationActiveBindingSets" AS "t"
WHERE "t"."MapId" = @__mapId_0
LIMIT 2
[09:05:12 INF] Executed DbCommand (0ms) [Parameters=[@__mapId_0='?' (DbType = Int32), @__version_1='?' (DbType = Int64)], CommandType='Text', CommandTimeout='30']
SELECT "t"."MapId", "t"."Version", "t"."CatalogRevision", "t"."ContentSha256", "t"."LoadedAt", "t"."RuleVersion", "t"."SnapshotId", "t"."Source"
FROM "TaskTypeStationBindingSetVersions" AS "t"
WHERE "t"."MapId" = @__mapId_0 AND "t"."Version" = @__version_1
LIMIT 2
[09:05:12 INF] Executed DbCommand (0ms) [Parameters=[@__mapId_0='?' (DbType = Int32), @__version_1='?' (DbType = Int64)], CommandType='Text', CommandTimeout='30']
SELECT "t"."TaskType"
FROM "TaskTypeStationRequirements" AS "t"
WHERE "t"."MapId" = @__mapId_0 AND "t"."Version" = @__version_1
[09:05:12 INF] Executed DbCommand (0ms) [Parameters=[@__mapId_0='?' (DbType = Int32), @__version_1='?' (DbType = Int64)], CommandType='Text', CommandTimeout='30']
SELECT "t"."MapId", "t"."Version", "t"."TaskType", "t"."SiteVerificationRef", "t"."StationName", "t"."StationRiotId"
FROM "TaskTypeStationBindings" AS "t"
WHERE "t"."MapId" = @__mapId_0 AND "t"."Version" = @__version_1
[09:05:12 INF] Executed DbCommand (0ms) [Parameters=[@__version_0='?' (DbType = Int64)], CommandType='Text', CommandTimeout='30']
SELECT "t"."Version", "t"."ContentSha256", "t"."LoadedAt", "t"."SnapshotId", "t"."Source"
FROM "TaskTypeStationRuleVersions" AS "t"
WHERE "t"."Version" = @__version_0
LIMIT 2
[09:05:12 INF] Executed DbCommand (0ms) [Parameters=[@__version_0='?' (DbType = Int64)], CommandType='Text', CommandTimeout='30']
SELECT "t"."Version", "t"."TaskType", "t"."FixedEnd"
FROM "TaskTypeStationRules" AS "t"
WHERE "t"."Version" = @__version_0
[09:05:12 INF] Executed DbCommand (0ms) [Parameters=[@__mapId_0='?' (DbType = Int32)], CommandType='Text', CommandTimeout='30']
SELECT "t"."MapId", "t"."ActiveVersion", "t"."PendingVersion", "t"."State", "t"."UpdatedAt"
FROM "TaskTypeStationActiveBindingSets" AS "t"
WHERE "t"."MapId" = @__mapId_0
LIMIT 2
[09:05:12 INF] Executed DbCommand (0ms) [Parameters=[@__mapId_0='?' (DbType = Int32)], CommandType='Text', CommandTimeout='30']
SELECT "t"."HoldId", "t"."DetailJson", "t"."MapId", "t"."RaisedAt", "t"."RaisedBy", "t"."ReasonCode", "t"."ReleasedAt", "t"."ReleasedBy", "t"."Source", "t"."TaskType"
FROM "TaskTypeStationHolds" AS "t"
WHERE "t"."MapId" = @__mapId_0 AND "t"."ReleasedAt" IS NULL
[09:05:12 INF] Executed DbCommand (0ms) [Parameters=[@__mapId_0='?' (DbType = Int32)], CommandType='Text', CommandTimeout='30']
SELECT "m"."MapId", "m"."ApprovedMaxUnconfirmedSeconds", "m"."ApprovedSyncPeriodSeconds", "m"."CatalogRevision", "m"."LastAttemptAt", "m"."LastCompleteConfirmationAt", "m"."LastFailureReason", "m"."State", "m"."UpdatedAt"
FROM "MapStationCatalogStates" AS "m"
WHERE "m"."MapId" = @__mapId_0
LIMIT 2
[09:05:12 INF] Executed DbCommand (0ms) [Parameters=[@p3='?' (DbType = Int32), @p0='?' (DbType = DateTimeOffset), @p1='?' (DbType = DateTimeOffset), @p2='?' (DbType = DateTimeOffset)], CommandType='Text', CommandTimeout='30']
UPDATE "MapStationCatalogStates" SET "LastAttemptAt" = @p0, "LastCompleteConfirmationAt" = @p1, "UpdatedAt" = @p2
WHERE "MapId" = @p3
RETURNING 1;
[09:05:12 INF] Executed DbCommand (0ms) [Parameters=[@__mapId_0='?' (DbType = Int32)], CommandType='Text', CommandTimeout='30']
SELECT "t"."MapId", "t"."ActiveVersion", "t"."PendingVersion", "t"."State", "t"."UpdatedAt"
FROM "TaskTypeStationActiveBindingSets" AS "t"
WHERE "t"."MapId" = @__mapId_0
LIMIT 2
[09:05:12 INF] Executed DbCommand (0ms) [Parameters=[@__mapId_0='?' (DbType = Int32), @__version_1='?' (DbType = Int64)], CommandType='Text', CommandTimeout='30']
SELECT "t"."MapId", "t"."Version", "t"."CatalogRevision", "t"."ContentSha256", "t"."LoadedAt", "t"."RuleVersion", "t"."SnapshotId", "t"."Source"
FROM "TaskTypeStationBindingSetVersions" AS "t"
WHERE "t"."MapId" = @__mapId_0 AND "t"."Version" = @__version_1
LIMIT 2
[09:05:12 INF] Executed DbCommand (0ms) [Parameters=[@__mapId_0='?' (DbType = Int32), @__version_1='?' (DbType = Int64)], CommandType='Text', CommandTimeout='30']
SELECT "t"."TaskType"
FROM "TaskTypeStationRequirements" AS "t"
WHERE "t"."MapId" = @__mapId_0 AND "t"."Version" = @__version_1
[09:05:12 INF] Executed DbCommand (0ms) [Parameters=[@__mapId_0='?' (DbType = Int32), @__version_1='?' (DbType = Int64)], CommandType='Text', CommandTimeout='30']
SELECT "t"."MapId", "t"."Version", "t"."TaskType", "t"."SiteVerificationRef", "t"."StationName", "t"."StationRiotId"
FROM "TaskTypeStationBindings" AS "t"
WHERE "t"."MapId" = @__mapId_0 AND "t"."Version" = @__version_1
[09:05:12 INF] Executed DbCommand (0ms) [Parameters=[@__mapId_0='?' (DbType = Int32)], CommandType='Text', CommandTimeout='30']
SELECT "t"."MapId", "t"."ActiveVersion", "t"."PendingVersion", "t"."State", "t"."UpdatedAt"
FROM "TaskTypeStationActiveBindingSets" AS "t"
WHERE "t"."MapId" = @__mapId_0
LIMIT 2
[09:05:12 INF] Executed DbCommand (0ms) [Parameters=[@__mapId_0='?' (DbType = Int32), @__version_1='?' (DbType = Int64)], CommandType='Text', CommandTimeout='30']
SELECT "t"."MapId", "t"."Version", "t"."CatalogRevision", "t"."ContentSha256", "t"."LoadedAt", "t"."RuleVersion", "t"."SnapshotId", "t"."Source"
FROM "TaskTypeStationBindingSetVersions" AS "t"
WHERE "t"."MapId" = @__mapId_0 AND "t"."Version" = @__version_1
LIMIT 2
[09:05:12 INF] Executed DbCommand (0ms) [Parameters=[@__mapId_0='?' (DbType = Int32), @__version_1='?' (DbType = Int64)], CommandType='Text', CommandTimeout='30']
SELECT "t"."TaskType"
FROM "TaskTypeStationRequirements" AS "t"
WHERE "t"."MapId" = @__mapId_0 AND "t"."Version" = @__version_1
[09:05:12 INF] Executed DbCommand (0ms) [Parameters=[@__mapId_0='?' (DbType = Int32), @__version_1='?' (DbType = Int64)], CommandType='Text', CommandTimeout='30']
SELECT "t"."MapId", "t"."Version", "t"."TaskType", "t"."SiteVerificationRef", "t"."StationName", "t"."StationRiotId"
FROM "TaskTypeStationBindings" AS "t"
WHERE "t"."MapId" = @__mapId_0 AND "t"."Version" = @__version_1
[09:05:12 INF] Executed DbCommand (0ms) [Parameters=[@__version_0='?' (DbType = Int64)], CommandType='Text', CommandTimeout='30']
SELECT "t"."Version", "t"."ContentSha256", "t"."LoadedAt", "t"."SnapshotId", "t"."Source"
FROM "TaskTypeStationRuleVersions" AS "t"
WHERE "t"."Version" = @__version_0
LIMIT 2
[09:05:12 INF] Executed DbCommand (0ms) [Parameters=[@__version_0='?' (DbType = Int64)], CommandType='Text', CommandTimeout='30']
SELECT "t"."Version", "t"."TaskType", "t"."FixedEnd"
FROM "TaskTypeStationRules" AS "t"
WHERE "t"."Version" = @__version_0
[09:05:12 INF] Executed DbCommand (0ms) [Parameters=[], CommandType='Text', CommandTimeout='30']
SELECT "a"."Id", "a"."ContentHash", "a"."DeploymentId", "a"."ImportedAt", "a"."Version"
FROM "AdmissionPolicyState" AS "a"
WHERE "a"."Id" = 1
LIMIT 2
[09:05:12 INF] Executed DbCommand (0ms) [Parameters=[], CommandType='Text', CommandTimeout='30']
SELECT "j"."JourneyId", "j"."AgvId", "j"."AgvLifecycleGeneration", "j"."AreaEndAdmissionRevokedSince", "j"."BlockReasonCode", "j"."BlockReasonSince", "j"."CargoHoldingStartedAt", "j"."ConsumedSafetyResultMessageId", "j"."ConsumedSublotMessageId", "j"."CreatedAt", "j"."DemandId", "j"."DispatchGeneration", "j"."DispatchZone", "j"."ExpectedBasketCount", "j"."FullSlotPositionsJson", "j"."GateMovementLegId", "j"."GatePlanMessageId", "j"."GateStationId", "j"."GateStationRiotId", "j"."GateUpperId", "j"."GateVehicleBusinessMessageId", "j"."GateWorklistMessageId", "j"."LoadCommandMessageId", "j"."LoadSlotOperationAttemptId", "j"."LoadingClosedReason", "j"."LoadingPhaseState", "j"."MapId", "j"."MapIdentity", "j"."OperationSessionId", "j"."PickupMovementLegId", "j"."PickupStationId", "j"."PickupStationRiotId", "j"."PickupUpperId", "j"."PlanMessageId", "j"."PlanRevision", "j"."PreDepartureSafetyCheckId", "j"."PreDepartureSafetyCheckMessageId", "j"."RouteEvidenceId", "j"."Stage", "j"."StationDepartureWaitStartedAt", "j"."SublotRequestMessageId", "j"."TargetSlotsJson", "j"."UnloadCommandMessageId", "j"."UnloadSlotOperationAttemptId", "j"."UpdatedAt", "j"."VehicleBusinessMessageId", "j"."VehicleBusinessRevision", "j"."VehicleKey", "j"."WorklistMessageId", "j"."WorklistRevision", "j"."YieldTriggeredAt", "j"."YieldTriggeredByVehicleKey"
FROM "JourneyRuntimes" AS "j"
WHERE "j"."Stage" <> 'Completed'
[09:05:12 INF] Executed DbCommand (0ms) [Parameters=[], CommandType='Text', CommandTimeout='30']
SELECT "a"."DemandId"
FROM "AcceptedDemands" AS "a"
WHERE "a"."Status" NOT IN ('Succeeded', 'Cancelled')
[09:05:12 INF] Executed DbCommand (0ms) [Parameters=[], CommandType='Text', CommandTimeout='30']
SELECT "j"."DemandId"
FROM "JourneyDemands" AS "j"
WHERE "j"."RemovedAt" IS NULL
[09:05:12 INF] Start processing HTTP request GET http://127.0.0.1:48409/api/v2/contract
[09:05:12 INF] Sending HTTP request GET http://127.0.0.1:48409/api/v2/contract
[09:05:12 INF] Received HTTP response headers after 1.0844ms - 200
[09:05:12 INF] End processing HTTP request after 3.0058ms - 200
[09:05:12 INF] Start processing HTTP request GET http://127.0.0.1:48409/api/v2/externally-readable-demand-catalog
[09:05:12 INF] Sending HTTP request GET http://127.0.0.1:48409/api/v2/externally-readable-demand-catalog
[09:05:12 INF] Received HTTP response headers after 1.0928ms - 200
[09:05:12 INF] End processing HTTP request after 34.0636ms - 200
[09:05:12 INF] Executed DbCommand (0ms) [Parameters=[], CommandType='Text', CommandTimeout='30']
SELECT "j"."DemandId", "j"."AcceptedAt", "j"."DecisionFingerprint", "j"."DemandCreatedAt", "j"."FirstSeenAt", "j"."LastSeenAt", "j"."ReasonCode", "j"."StarvationEscalatedAt", "j"."StarvationEscalationParameterVersion", "j"."TransportDemandKey"
FROM "JourneyBacklog" AS "j"
[09:05:12 INF] Executed DbCommand (0ms) [Parameters=[], CommandType='Text', CommandTimeout='30']
SELECT "a"."DemandId"
FROM "AcceptedDemands" AS "a"
[09:05:12 INF] Executed DbCommand (0ms) [Parameters=[], CommandType='Text', CommandTimeout='30']
SELECT "v"."AgvId", "v"."TaskType", "v"."Allowed", "v"."ConfigurationVersion", "v"."UpdatedAt"
FROM "VehicleTaskTypeAdmissions" AS "v"
[09:05:12 INF] Executed DbCommand (0ms) [Parameters=[], CommandType='Text', CommandTimeout='30']
SELECT "v"."AgvId", "v"."ConfigurationVersion", "v"."RoundTimeoutMilliseconds", "v"."UpdatedAt"
FROM "VehicleDispatchBudgets" AS "v"
[09:05:12 INF] Executed DbCommand (0ms) [Parameters=[], CommandType='Text', CommandTimeout='30']
SELECT "d"."Zone", "d"."AgvId", "d"."ConfigurationVersion", "d"."UpdatedAt"
FROM "DispatchZoneVehicles" AS "d"
[09:05:12 INF] Executed DbCommand (0ms) [Parameters=[], CommandType='Text', CommandTimeout='30']
SELECT MAX("d"."Version")
FROM "DispatchZoneAreaAssignmentVersions" AS "d"
[09:05:12 INF] Executed DbCommand (0ms) [Parameters=[@__agvId_0='?' (Size = 10)], CommandType='Text', CommandTimeout='30']
SELECT "a"."SlotModelVersionId", "a"."SnapshotId"
FROM "ActiveSlotConfigurations" AS "a"
WHERE "a"."AgvId" = @__agvId_0
LIMIT 2
[09:05:12 INF] Executed DbCommand (0ms) [Parameters=[@__agvId_0='?' (Size = 10)], CommandType='Text', CommandTimeout='30']
SELECT "s"."SlotModelVersionId", "s"."CreatedAt"
FROM "SlotIoBindings" AS "s"
WHERE "s"."AgvId" = @__agvId_0 AND "s"."Status" = 'PUBLISHED'
[09:05:12 INF] Executed DbCommand (0ms) [Parameters=[@__agvId_0='?' (Size = 10)], CommandType='Text', CommandTimeout='30']
SELECT "s"."AgvId", "s"."ActiveUnlockSlotsJson", "s"."CapabilityHash", "s"."CapabilityRevision", "s"."DepartureSafe", "s"."ForcedRecoveryGeneration", "s"."ManifestSha256", "s"."PendingAttemptIdsJson", "s"."PendingResultIdsJson", "s"."ProfileId", "s"."ProtocolCommit", "s"."ProtocolVersion", "s"."ProvenRecoveryCheckpoint", "s"."Readiness", "s"."ReasonCode", "s"."RecoveryReportId", "s"."ReportedForcedRecoveryGeneration", "s"."ReportedSlotConfigurationFingerprint", "s"."SafetyHash", "s"."SafetyReasonCodesJson", "s"."SafetyRevision", "s"."SafetyUnknownPresent", "s"."SessionGeneration", "s"."UnsettledSlotOperationAttemptId", "s"."UpdatedAt"
FROM "SessionRecoveries" AS "s"
WHERE "s"."AgvId" = @__agvId_0 AND "s"."Readiness" = 'Ready'
LIMIT 2
[09:05:12 INF] Executed DbCommand (0ms) [Parameters=[@__messageType_0='?' (Size = 18)], CommandType='Text', CommandTimeout='30']
SELECT "p"."MessageId", "p"."ContentHash", "p"."FirstResponseJson", "p"."MessageType", "p"."ReceivedAt", "p"."RequestJson"
FROM "ProtocolInbox" AS "p"
WHERE "p"."MessageType" = @__messageType_0
[09:05:12 INF] Executed DbCommand (0ms) [Parameters=[], CommandType='Text', CommandTimeout='30']
SELECT "p"."MessageId", "p"."ContentHash", "p"."FirstResponseJson", "p"."MessageType", "p"."ReceivedAt", "p"."RequestJson"
FROM "ProtocolInbox" AS "p"
WHERE "p"."MessageType" = 'SafetyStateSnapshot'
[09:05:12 INF] Executed DbCommand (0ms) [Parameters=[], CommandType='Text', CommandTimeout='30']
SELECT "p"."MessageId", "p"."ContentHash", "p"."FirstResponseJson", "p"."MessageType", "p"."ReceivedAt", "p"."RequestJson"
FROM "ProtocolInbox" AS "p"
WHERE "p"."MessageType" IN ('SafetyStateSnapshot', 'SafetyStateChanged')
[09:05:12 INF] Executed DbCommand (0ms) [Parameters=[], CommandType='Text', CommandTimeout='30']
SELECT "p"."MessageId", "p"."ContentHash", "p"."FirstResponseJson", "p"."MessageType", "p"."ReceivedAt", "p"."RequestJson"
FROM "ProtocolInbox" AS "p"
[09:05:12 INF] Start processing HTTP request GET http://127.0.0.1:48408/api/task/vehicles/getVehicleInfoByDeviceKey?key=BROKERX-L2-0001
[09:05:12 INF] Sending HTTP request GET http://127.0.0.1:48408/api/task/vehicles/getVehicleInfoByDeviceKey?key=BROKERX-L2-0001
[09:05:12 INF] Received HTTP response headers after 0.9598ms - 200
[09:05:12 INF] End processing HTTP request after 2.1234ms - 200
[09:05:12 INF] Executed DbCommand (0ms) [Parameters=[], CommandType='Text', CommandTimeout='30']
SELECT "s"."DemandId", "s"."ReasonCode", "s"."ClearedAt", "s"."DetailJson", "s"."FirstRaisedAt", "s"."LastSeenAt", "s"."TransportDemandKey"
FROM "StructuralDispatchBlocks" AS "s"
WHERE "s"."ClearedAt" IS NULL
[09:05:12 INF] Start processing HTTP request GET http://127.0.0.1:48408/api/task/v1/task/getVehicleInfo/BROKERX-L2-0001
[09:05:12 INF] Sending HTTP request GET http://127.0.0.1:48408/api/task/v1/task/getVehicleInfo/BROKERX-L2-0001
[09:05:12 INF] Received HTTP response headers after 1.0713ms - 200
[09:05:12 INF] End processing HTTP request after 4.2148ms - 200
[09:05:12 INF] Start processing HTTP request GET http://127.0.0.1:48408/api/order/v1/orderRecord?pageNum=1&pageSize=100&filterByState=1&filterByState=3&filterByState=7&filterByState=9
[09:05:12 INF] Sending HTTP request GET http://127.0.0.1:48408/api/order/v1/orderRecord?pageNum=1&pageSize=100&filterByState=1&filterByState=3&filterByState=7&filterByState=9
[09:05:13 INF] Received HTTP response headers after 1.3176ms - 200
[09:05:13 INF] End processing HTTP request after 16.9119ms - 200
[09:05:13 INF] HTTP GET /api/onboard/v1/vehicle-safety responded 200 in 50.8083 ms
[09:05:13 INF] Executed DbCommand (0ms) [Parameters=[@__messageId_0='?' (Size = 36)], CommandType='Text', CommandTimeout='30']
SELECT "p"."MessageId", "p"."ContentHash", "p"."FirstResponseJson", "p"."MessageType", "p"."ReceivedAt", "p"."RequestJson"
FROM "ProtocolInbox" AS "p"
WHERE "p"."MessageId" = @__messageId_0
LIMIT 2
[09:05:13 INF] Executed DbCommand (0ms) [Parameters=[@p0='?' (Size = 36), @p1='?' (Size = 64), @p2='?' (Size = 535), @p3='?' (Size = 9), @p4='?' (DbType = DateTimeOffset), @p5='?' (Size = 427)], CommandType='Text', CommandTimeout='30']
INSERT INTO "ProtocolInbox" ("MessageId", "ContentHash", "FirstResponseJson", "MessageType", "ReceivedAt", "RequestJson")
VALUES (@p0, @p1, @p2, @p3, @p4, @p5);
[09:05:13 INF] Start processing HTTP request GET http://127.0.0.1:48408/api/imap/v1/mapInfo/stations/25
[09:05:13 INF] Sending HTTP request GET http://127.0.0.1:48408/api/imap/v1/mapInfo/stations/25
[09:05:13 INF] Received HTTP response headers after 0.947ms - 200
[09:05:13 INF] End processing HTTP request after 18.2729ms - 200
[09:05:13 INF] Executed DbCommand (0ms) [Parameters=[@__mapId_0='?' (DbType = Int32)], CommandType='Text', CommandTimeout='30']
SELECT "t"."MapId", "t"."ActiveVersion", "t"."PendingVersion", "t"."State", "t"."UpdatedAt"
FROM "TaskTypeStationActiveBindingSets" AS "t"
WHERE "t"."MapId" = @__mapId_0
LIMIT 2
[09:05:13 INF] Executed DbCommand (0ms) [Parameters=[@__mapId_0='?' (DbType = Int32), @__version_1='?' (DbType = Int64)], CommandType='Text', CommandTimeout='30']
SELECT "t"."MapId", "t"."Version", "t"."CatalogRevision", "t"."ContentSha256", "t"."LoadedAt", "t"."RuleVersion", "t"."SnapshotId", "t"."Source"
FROM "TaskTypeStationBindingSetVersions" AS "t"
WHERE "t"."MapId" = @__mapId_0 AND "t"."Version" = @__version_1
LIMIT 2
[09:05:13 INF] Executed DbCommand (0ms) [Parameters=[@__mapId_0='?' (DbType = Int32), @__version_1='?' (DbType = Int64)], CommandType='Text', CommandTimeout='30']
SELECT "t"."TaskType"
FROM "TaskTypeStationRequirements" AS "t"
WHERE "t"."MapId" = @__mapId_0 AND "t"."Version" = @__version_1
[09:05:13 INF] Executed DbCommand (0ms) [Parameters=[@__mapId_0='?' (DbType = Int32), @__version_1='?' (DbType = Int64)], CommandType='Text', CommandTimeout='30']
SELECT "t"."MapId", "t"."Version", "t"."TaskType", "t"."SiteVerificationRef", "t"."StationName", "t"."StationRiotId"
FROM "TaskTypeStationBindings" AS "t"
WHERE "t"."MapId" = @__mapId_0 AND "t"."Version" = @__version_1
[09:05:13 INF] Executed DbCommand (0ms) [Parameters=[@__version_0='?' (DbType = Int64)], CommandType='Text', CommandTimeout='30']
SELECT "t"."Version", "t"."ContentSha256", "t"."LoadedAt", "t"."SnapshotId", "t"."Source"
FROM "TaskTypeStationRuleVersions" AS "t"
WHERE "t"."Version" = @__version_0
LIMIT 2
[09:05:13 INF] Executed DbCommand (0ms) [Parameters=[@__version_0='?' (DbType = Int64)], CommandType='Text', CommandTimeout='30']
SELECT "t"."Version", "t"."TaskType", "t"."FixedEnd"
FROM "TaskTypeStationRules" AS "t"
WHERE "t"."Version" = @__version_0
[09:05:13 INF] Executed DbCommand (0ms) [Parameters=[@__mapId_0='?' (DbType = Int32)], CommandType='Text', CommandTimeout='30']
SELECT "t"."MapId", "t"."ActiveVersion", "t"."PendingVersion", "t"."State", "t"."UpdatedAt"
FROM "TaskTypeStationActiveBindingSets" AS "t"
WHERE "t"."MapId" = @__mapId_0
LIMIT 2
[09:05:13 INF] Executed DbCommand (0ms) [Parameters=[@__mapId_0='?' (DbType = Int32)], CommandType='Text', CommandTimeout='30']
SELECT "t"."HoldId", "t"."DetailJson", "t"."MapId", "t"."RaisedAt", "t"."RaisedBy", "t"."ReasonCode", "t"."ReleasedAt", "t"."ReleasedBy", "t"."Source", "t"."TaskType"
FROM "TaskTypeStationHolds" AS "t"
WHERE "t"."MapId" = @__mapId_0 AND "t"."ReleasedAt" IS NULL
[09:05:13 INF] Executed DbCommand (0ms) [Parameters=[@__mapId_0='?' (DbType = Int32)], CommandType='Text', CommandTimeout='30']
SELECT "m"."MapId", "m"."ApprovedMaxUnconfirmedSeconds", "m"."ApprovedSyncPeriodSeconds", "m"."CatalogRevision", "m"."LastAttemptAt", "m"."LastCompleteConfirmationAt", "m"."LastFailureReason", "m"."State", "m"."UpdatedAt"
FROM "MapStationCatalogStates" AS "m"
WHERE "m"."MapId" = @__mapId_0
LIMIT 2
[09:05:13 INF] Executed DbCommand (0ms) [Parameters=[@p3='?' (DbType = Int32), @p0='?' (DbType = DateTimeOffset), @p1='?' (DbType = DateTimeOffset), @p2='?' (DbType = DateTimeOffset)], CommandType='Text', CommandTimeout='30']
UPDATE "MapStationCatalogStates" SET "LastAttemptAt" = @p0, "LastCompleteConfirmationAt" = @p1, "UpdatedAt" = @p2
WHERE "MapId" = @p3
RETURNING 1;
[09:05:13 INF] Executed DbCommand (0ms) [Parameters=[@__mapId_0='?' (DbType = Int32)], CommandType='Text', CommandTimeout='30']
SELECT "t"."MapId", "t"."ActiveVersion", "t"."PendingVersion", "t"."State", "t"."UpdatedAt"
FROM "TaskTypeStationActiveBindingSets" AS "t"
WHERE "t"."MapId" = @__mapId_0
LIMIT 2
[09:05:13 INF] Executed DbCommand (0ms) [Parameters=[@__mapId_0='?' (DbType = Int32), @__version_1='?' (DbType = Int64)], CommandType='Text', CommandTimeout='30']
SELECT "t"."MapId", "t"."Version", "t"."CatalogRevision", "t"."ContentSha256", "t"."LoadedAt", "t"."RuleVersion", "t"."SnapshotId", "t"."Source"
FROM "TaskTypeStationBindingSetVersions" AS "t"
WHERE "t"."MapId" = @__mapId_0 AND "t"."Version" = @__version_1
LIMIT 2
[09:05:13 INF] Executed DbCommand (0ms) [Parameters=[@__mapId_0='?' (DbType = Int32), @__version_1='?' (DbType = Int64)], CommandType='Text', CommandTimeout='30']
SELECT "t"."TaskType"
FROM "TaskTypeStationRequirements" AS "t"
WHERE "t"."MapId" = @__mapId_0 AND "t"."Version" = @__version_1
[09:05:13 INF] Executed DbCommand (0ms) [Parameters=[@__mapId_0='?' (DbType = Int32), @__version_1='?' (DbType = Int64)], CommandType='Text', CommandTimeout='30']
SELECT "t"."MapId", "t"."Version", "t"."TaskType", "t"."SiteVerificationRef", "t"."StationName", "t"."StationRiotId"
FROM "TaskTypeStationBindings" AS "t"
WHERE "t"."MapId" = @__mapId_0 AND "t"."Version" = @__version_1
[09:05:13 INF] Executed DbCommand (0ms) [Parameters=[@__mapId_0='?' (DbType = Int32)], CommandType='Text', CommandTimeout='30']
SELECT "t"."MapId", "t"."ActiveVersion", "t"."PendingVersion", "t"."State", "t"."UpdatedAt"
FROM "TaskTypeStationActiveBindingSets" AS "t"
WHERE "t"."MapId" = @__mapId_0
LIMIT 2
[09:05:13 INF] Executed DbCommand (0ms) [Parameters=[@__mapId_0='?' (DbType = Int32), @__version_1='?' (DbType = Int64)], CommandType='Text', CommandTimeout='30']
SELECT "t"."MapId", "t"."Version", "t"."CatalogRevision", "t"."ContentSha256", "t"."LoadedAt", "t"."RuleVersion", "t"."SnapshotId", "t"."Source"
FROM "TaskTypeStationBindingSetVersions" AS "t"
WHERE "t"."MapId" = @__mapId_0 AND "t"."Version" = @__version_1
LIMIT 2
[09:05:13 INF] Executed DbCommand (0ms) [Parameters=[@__mapId_0='?' (DbType = Int32), @__version_1='?' (DbType = Int64)], CommandType='Text', CommandTimeout='30']
SELECT "t"."TaskType"
FROM "TaskTypeStationRequirements" AS "t"
WHERE "t"."MapId" = @__mapId_0 AND "t"."Version" = @__version_1
[09:05:13 INF] Executed DbCommand (0ms) [Parameters=[@__mapId_0='?' (DbType = Int32), @__version_1='?' (DbType = Int64)], CommandType='Text', CommandTimeout='30']
SELECT "t"."MapId", "t"."Version", "t"."TaskType", "t"."SiteVerificationRef", "t"."StationName", "t"."StationRiotId"
FROM "TaskTypeStationBindings" AS "t"
WHERE "t"."MapId" = @__mapId_0 AND "t"."Version" = @__version_1
[09:05:13 INF] Executed DbCommand (0ms) [Parameters=[@__version_0='?' (DbType = Int64)], CommandType='Text', CommandTimeout='30']
SELECT "t"."Version", "t"."ContentSha256", "t"."LoadedAt", "t"."SnapshotId", "t"."Source"
FROM "TaskTypeStationRuleVersions" AS "t"
WHERE "t"."Version" = @__version_0
LIMIT 2
[09:05:13 INF] Executed DbCommand (0ms) [Parameters=[@__version_0='?' (DbType = Int64)], CommandType='Text', CommandTimeout='30']
SELECT "t"."Version", "t"."TaskType", "t"."FixedEnd"
FROM "TaskTypeStationRules" AS "t"
WHERE "t"."Version" = @__version_0
[09:05:13 INF] Executed DbCommand (0ms) [Parameters=[], CommandType='Text', CommandTimeout='30']
SELECT "a"."Id", "a"."ContentHash", "a"."DeploymentId", "a"."ImportedAt", "a"."Version"
FROM "AdmissionPolicyState" AS "a"
WHERE "a"."Id" = 1
LIMIT 2
[09:05:13 INF] Executed DbCommand (0ms) [Parameters=[], CommandType='Text', CommandTimeout='30']
SELECT "j"."JourneyId", "j"."AgvId", "j"."AgvLifecycleGeneration", "j"."AreaEndAdmissionRevokedSince", "j"."BlockReasonCode", "j"."BlockReasonSince", "j"."CargoHoldingStartedAt", "j"."ConsumedSafetyResultMessageId", "j"."ConsumedSublotMessageId", "j"."CreatedAt", "j"."DemandId", "j"."DispatchGeneration", "j"."DispatchZone", "j"."ExpectedBasketCount", "j"."FullSlotPositionsJson", "j"."GateMovementLegId", "j"."GatePlanMessageId", "j"."GateStationId", "j"."GateStationRiotId", "j"."GateUpperId", "j"."GateVehicleBusinessMessageId", "j"."GateWorklistMessageId", "j"."LoadCommandMessageId", "j"."LoadSlotOperationAttemptId", "j"."LoadingClosedReason", "j"."LoadingPhaseState", "j"."MapId", "j"."MapIdentity", "j"."OperationSessionId", "j"."PickupMovementLegId", "j"."PickupStationId", "j"."PickupStationRiotId", "j"."PickupUpperId", "j"."PlanMessageId", "j"."PlanRevision", "j"."PreDepartureSafetyCheckId", "j"."PreDepartureSafetyCheckMessageId", "j"."RouteEvidenceId", "j"."Stage", "j"."StationDepartureWaitStartedAt", "j"."SublotRequestMessageId", "j"."TargetSlotsJson", "j"."UnloadCommandMessageId", "j"."UnloadSlotOperationAttemptId", "j"."UpdatedAt", "j"."VehicleBusinessMessageId", "j"."VehicleBusinessRevision", "j"."VehicleKey", "j"."WorklistMessageId", "j"."WorklistRevision", "j"."YieldTriggeredAt", "j"."YieldTriggeredByVehicleKey"
FROM "JourneyRuntimes" AS "j"
WHERE "j"."Stage" <> 'Completed'
[09:05:13 INF] Executed DbCommand (0ms) [Parameters=[], CommandType='Text', CommandTimeout='30']
SELECT "a"."DemandId"
FROM "AcceptedDemands" AS "a"
WHERE "a"."Status" NOT IN ('Succeeded', 'Cancelled')
[09:05:13 INF] Executed DbCommand (0ms) [Parameters=[], CommandType='Text', CommandTimeout='30']
SELECT "j"."DemandId"
FROM "JourneyDemands" AS "j"
WHERE "j"."RemovedAt" IS NULL
[09:05:13 INF] Start processing HTTP request GET http://127.0.0.1:48409/api/v2/contract
[09:05:13 INF] Sending HTTP request GET http://127.0.0.1:48409/api/v2/contract
[09:05:13 INF] Received HTTP response headers after 1.1064ms - 200
[09:05:13 INF] End processing HTTP request after 2.9313ms - 200
[09:05:13 INF] Start processing HTTP request GET http://127.0.0.1:48409/api/v2/externally-readable-demand-catalog
[09:05:13 INF] Sending HTTP request GET http://127.0.0.1:48409/api/v2/externally-readable-demand-catalog
[09:05:13 INF] Received HTTP response headers after 1.1138ms - 200
[09:05:13 INF] End processing HTTP request after 46.8989ms - 200
[09:05:13 INF] Executed DbCommand (0ms) [Parameters=[], CommandType='Text', CommandTimeout='30']
SELECT "j"."DemandId", "j"."AcceptedAt", "j"."DecisionFingerprint", "j"."DemandCreatedAt", "j"."FirstSeenAt", "j"."LastSeenAt", "j"."ReasonCode", "j"."StarvationEscalatedAt", "j"."StarvationEscalationParameterVersion", "j"."TransportDemandKey"
FROM "JourneyBacklog" AS "j"
[09:05:13 INF] Executed DbCommand (0ms) [Parameters=[], CommandType='Text', CommandTimeout='30']
SELECT "a"."DemandId"
FROM "AcceptedDemands" AS "a"
[09:05:13 INF] Executed DbCommand (0ms) [Parameters=[], CommandType='Text', CommandTimeout='30']
SELECT "v"."AgvId", "v"."TaskType", "v"."Allowed", "v"."ConfigurationVersion", "v"."UpdatedAt"
FROM "VehicleTaskTypeAdmissions" AS "v"
[09:05:13 INF] Executed DbCommand (0ms) [Parameters=[], CommandType='Text', CommandTimeout='30']
SELECT "v"."AgvId", "v"."ConfigurationVersion", "v"."RoundTimeoutMilliseconds", "v"."UpdatedAt"
FROM "VehicleDispatchBudgets" AS "v"
[09:05:13 INF] Executed DbCommand (0ms) [Parameters=[], CommandType='Text', CommandTimeout='30']
SELECT "d"."Zone", "d"."AgvId", "d"."ConfigurationVersion", "d"."UpdatedAt"
FROM "DispatchZoneVehicles" AS "d"
[09:05:13 INF] Executed DbCommand (0ms) [Parameters=[], CommandType='Text', CommandTimeout='30']
SELECT MAX("d"."Version")
FROM "DispatchZoneAreaAssignmentVersions" AS "d"
[09:05:13 INF] Executed DbCommand (0ms) [Parameters=[@__agvId_0='?' (Size = 10)], CommandType='Text', CommandTimeout='30']
SELECT "a"."SlotModelVersionId", "a"."SnapshotId"
FROM "ActiveSlotConfigurations" AS "a"
WHERE "a"."AgvId" = @__agvId_0
LIMIT 2
[09:05:13 INF] Executed DbCommand (0ms) [Parameters=[@__agvId_0='?' (Size = 10)], CommandType='Text', CommandTimeout='30']
SELECT "s"."SlotModelVersionId", "s"."CreatedAt"
FROM "SlotIoBindings" AS "s"
WHERE "s"."AgvId" = @__agvId_0 AND "s"."Status" = 'PUBLISHED'
[09:05:13 INF] Executed DbCommand (0ms) [Parameters=[@__agvId_0='?' (Size = 10)], CommandType='Text', CommandTimeout='30']
SELECT "s"."AgvId", "s"."ActiveUnlockSlotsJson", "s"."CapabilityHash", "s"."CapabilityRevision", "s"."DepartureSafe", "s"."ForcedRecoveryGeneration", "s"."ManifestSha256", "s"."PendingAttemptIdsJson", "s"."PendingResultIdsJson", "s"."ProfileId", "s"."ProtocolCommit", "s"."ProtocolVersion", "s"."ProvenRecoveryCheckpoint", "s"."Readiness", "s"."ReasonCode", "s"."RecoveryReportId", "s"."ReportedForcedRecoveryGeneration", "s"."ReportedSlotConfigurationFingerprint", "s"."SafetyHash", "s"."SafetyReasonCodesJson", "s"."SafetyRevision", "s"."SafetyUnknownPresent", "s"."SessionGeneration", "s"."UnsettledSlotOperationAttemptId", "s"."UpdatedAt"
FROM "SessionRecoveries" AS "s"
WHERE "s"."AgvId" = @__agvId_0 AND "s"."Readiness" = 'Ready'
LIMIT 2
[09:05:13 INF] Executed DbCommand (0ms) [Parameters=[@__messageType_0='?' (Size = 18)], CommandType='Text', CommandTimeout='30']
SELECT "p"."MessageId", "p"."ContentHash", "p"."FirstResponseJson", "p"."MessageType", "p"."ReceivedAt", "p"."RequestJson"
FROM "ProtocolInbox" AS "p"
WHERE "p"."MessageType" = @__messageType_0
[09:05:13 INF] Executed DbCommand (0ms) [Parameters=[], CommandType='Text', CommandTimeout='30']
SELECT "p"."MessageId", "p"."ContentHash", "p"."FirstResponseJson", "p"."MessageType", "p"."ReceivedAt", "p"."RequestJson"
FROM "ProtocolInbox" AS "p"
WHERE "p"."MessageType" = 'SafetyStateSnapshot'
[09:05:13 INF] Executed DbCommand (0ms) [Parameters=[], CommandType='Text', CommandTimeout='30']
SELECT "p"."MessageId", "p"."ContentHash", "p"."FirstResponseJson", "p"."MessageType", "p"."ReceivedAt", "p"."RequestJson"
FROM "ProtocolInbox" AS "p"
WHERE "p"."MessageType" IN ('SafetyStateSnapshot', 'SafetyStateChanged')
[09:05:13 INF] Executed DbCommand (0ms) [Parameters=[], CommandType='Text', CommandTimeout='30']
SELECT "p"."MessageId", "p"."ContentHash", "p"."FirstResponseJson", "p"."MessageType", "p"."ReceivedAt", "p"."RequestJson"
FROM "ProtocolInbox" AS "p"
[09:05:13 INF] Start processing HTTP request GET http://127.0.0.1:48408/api/task/vehicles/getVehicleInfoByDeviceKey?key=BROKERX-L2-0001
[09:05:13 INF] Sending HTTP request GET http://127.0.0.1:48408/api/task/vehicles/getVehicleInfoByDeviceKey?key=BROKERX-L2-0001
[09:05:13 INF] Received HTTP response headers after 0.8143ms - 200
[09:05:13 INF] End processing HTTP request after 2.2182ms - 200
[09:05:13 INF] Executed DbCommand (0ms) [Parameters=[], CommandType='Text', CommandTimeout='30']
SELECT "s"."DemandId", "s"."ReasonCode", "s"."ClearedAt", "s"."DetailJson", "s"."FirstRaisedAt", "s"."LastSeenAt", "s"."TransportDemandKey"
FROM "StructuralDispatchBlocks" AS "s"
WHERE "s"."ClearedAt" IS NULL
[09:05:14 INF] Start processing HTTP request GET http://127.0.0.1:48408/api/task/v1/task/getVehicleInfo/BROKERX-L2-0001
[09:05:14 INF] Sending HTTP request GET http://127.0.0.1:48408/api/task/v1/task/getVehicleInfo/BROKERX-L2-0001
[09:05:14 INF] Received HTTP response headers after 0.764ms - 200
[09:05:14 INF] End processing HTTP request after 15.9897ms - 200
[09:05:14 INF] Start processing HTTP request GET http://127.0.0.1:48408/api/order/v1/orderRecord?pageNum=1&pageSize=100&filterByState=1&filterByState=3&filterByState=7&filterByState=9
[09:05:14 INF] Sending HTTP request GET http://127.0.0.1:48408/api/order/v1/orderRecord?pageNum=1&pageSize=100&filterByState=1&filterByState=3&filterByState=7&filterByState=9
[09:05:14 INF] Received HTTP response headers after 1.2029ms - 200
[09:05:14 INF] End processing HTTP request after 63.5149ms - 200
[09:05:14 INF] HTTP GET /api/onboard/v1/vehicle-safety responded 200 in 111.6783 ms
[09:05:14 INF] Start processing HTTP request GET http://127.0.0.1:48408/api/imap/v1/mapInfo/stations/25
[09:05:14 INF] Sending HTTP request GET http://127.0.0.1:48408/api/imap/v1/mapInfo/stations/25
[09:05:14 INF] Received HTTP response headers after 1.0317ms - 200
[09:05:14 INF] End processing HTTP request after 4.6953ms - 200
[09:05:14 INF] Executed DbCommand (0ms) [Parameters=[@__mapId_0='?' (DbType = Int32)], CommandType='Text', CommandTimeout='30']
SELECT "t"."MapId", "t"."ActiveVersion", "t"."PendingVersion", "t"."State", "t"."UpdatedAt"
FROM "TaskTypeStationActiveBindingSets" AS "t"
WHERE "t"."MapId" = @__mapId_0
LIMIT 2
[09:05:14 INF] Executed DbCommand (0ms) [Parameters=[@__mapId_0='?' (DbType = Int32), @__version_1='?' (DbType = Int64)], CommandType='Text', CommandTimeout='30']
SELECT "t"."MapId", "t"."Version", "t"."CatalogRevision", "t"."ContentSha256", "t"."LoadedAt", "t"."RuleVersion", "t"."SnapshotId", "t"."Source"
FROM "TaskTypeStationBindingSetVersions" AS "t"
WHERE "t"."MapId" = @__mapId_0 AND "t"."Version" = @__version_1
LIMIT 2
[09:05:14 INF] Executed DbCommand (0ms) [Parameters=[@__mapId_0='?' (DbType = Int32), @__version_1='?' (DbType = Int64)], CommandType='Text', CommandTimeout='30']
SELECT "t"."TaskType"
FROM "TaskTypeStationRequirements" AS "t"
WHERE "t"."MapId" = @__mapId_0 AND "t"."Version" = @__version_1
[09:05:14 INF] Executed DbCommand (0ms) [Parameters=[@__mapId_0='?' (DbType = Int32), @__version_1='?' (DbType = Int64)], CommandType='Text', CommandTimeout='30']
SELECT "t"."MapId", "t"."Version", "t"."TaskType", "t"."SiteVerificationRef", "t"."StationName", "t"."StationRiotId"
FROM "TaskTypeStationBindings" AS "t"
WHERE "t"."MapId" = @__mapId_0 AND "t"."Version" = @__version_1
[09:05:14 INF] Executed DbCommand (0ms) [Parameters=[@__version_0='?' (DbType = Int64)], CommandType='Text', CommandTimeout='30']
SELECT "t"."Version", "t"."ContentSha256", "t"."LoadedAt", "t"."SnapshotId", "t"."Source"
FROM "TaskTypeStationRuleVersions" AS "t"
WHERE "t"."Version" = @__version_0
LIMIT 2
[09:05:14 INF] Executed DbCommand (0ms) [Parameters=[@__version_0='?' (DbType = Int64)], CommandType='Text', CommandTimeout='30']
SELECT "t"."Version", "t"."TaskType", "t"."FixedEnd"
FROM "TaskTypeStationRules" AS "t"
WHERE "t"."Version" = @__version_0
[09:05:14 INF] Executed DbCommand (0ms) [Parameters=[@__mapId_0='?' (DbType = Int32)], CommandType='Text', CommandTimeout='30']
SELECT "t"."MapId", "t"."ActiveVersion", "t"."PendingVersion", "t"."State", "t"."UpdatedAt"
FROM "TaskTypeStationActiveBindingSets" AS "t"
WHERE "t"."MapId" = @__mapId_0
LIMIT 2
[09:05:14 INF] Executed DbCommand (0ms) [Parameters=[@__mapId_0='?' (DbType = Int32)], CommandType='Text', CommandTimeout='30']
SELECT "t"."HoldId", "t"."DetailJson", "t"."MapId", "t"."RaisedAt", "t"."RaisedBy", "t"."ReasonCode", "t"."ReleasedAt", "t"."ReleasedBy", "t"."Source", "t"."TaskType"
FROM "TaskTypeStationHolds" AS "t"
WHERE "t"."MapId" = @__mapId_0 AND "t"."ReleasedAt" IS NULL
[09:05:14 INF] Executed DbCommand (0ms) [Parameters=[@__mapId_0='?' (DbType = Int32)], CommandType='Text', CommandTimeout='30']
SELECT "m"."MapId", "m"."ApprovedMaxUnconfirmedSeconds", "m"."ApprovedSyncPeriodSeconds", "m"."CatalogRevision", "m"."LastAttemptAt", "m"."LastCompleteConfirmationAt", "m"."LastFailureReason", "m"."State", "m"."UpdatedAt"
FROM "MapStationCatalogStates" AS "m"
WHERE "m"."MapId" = @__mapId_0
LIMIT 2
[09:05:14 INF] Executed DbCommand (0ms) [Parameters=[@p3='?' (DbType = Int32), @p0='?' (DbType = DateTimeOffset), @p1='?' (DbType = DateTimeOffset), @p2='?' (DbType = DateTimeOffset)], CommandType='Text', CommandTimeout='30']
UPDATE "MapStationCatalogStates" SET "LastAttemptAt" = @p0, "LastCompleteConfirmationAt" = @p1, "UpdatedAt" = @p2
WHERE "MapId" = @p3
RETURNING 1;
[09:05:14 INF] Executed DbCommand (0ms) [Parameters=[@__mapId_0='?' (DbType = Int32)], CommandType='Text', CommandTimeout='30']
SELECT "t"."MapId", "t"."ActiveVersion", "t"."PendingVersion", "t"."State", "t"."UpdatedAt"
FROM "TaskTypeStationActiveBindingSets" AS "t"
WHERE "t"."MapId" = @__mapId_0
LIMIT 2
[09:05:14 INF] Executed DbCommand (0ms) [Parameters=[@__mapId_0='?' (DbType = Int32), @__version_1='?' (DbType = Int64)], CommandType='Text', CommandTimeout='30']
SELECT "t"."MapId", "t"."Version", "t"."CatalogRevision", "t"."ContentSha256", "t"."LoadedAt", "t"."RuleVersion", "t"."SnapshotId", "t"."Source"
FROM "TaskTypeStationBindingSetVersions" AS "t"
WHERE "t"."MapId" = @__mapId_0 AND "t"."Version" = @__version_1
LIMIT 2
[09:05:14 INF] Executed DbCommand (0ms) [Parameters=[@__mapId_0='?' (DbType = Int32), @__version_1='?' (DbType = Int64)], CommandType='Text', CommandTimeout='30']
SELECT "t"."TaskType"
FROM "TaskTypeStationRequirements" AS "t"
WHERE "t"."MapId" = @__mapId_0 AND "t"."Version" = @__version_1
[09:05:14 INF] Executed DbCommand (0ms) [Parameters=[@__mapId_0='?' (DbType = Int32), @__version_1='?' (DbType = Int64)], CommandType='Text', CommandTimeout='30']
SELECT "t"."MapId", "t"."Version", "t"."TaskType", "t"."SiteVerificationRef", "t"."StationName", "t"."StationRiotId"
FROM "TaskTypeStationBindings" AS "t"
WHERE "t"."MapId" = @__mapId_0 AND "t"."Version" = @__version_1
[09:05:14 INF] Executed DbCommand (0ms) [Parameters=[@__mapId_0='?' (DbType = Int32)], CommandType='Text', CommandTimeout='30']
SELECT "t"."MapId", "t"."ActiveVersion", "t"."PendingVersion", "t"."State", "t"."UpdatedAt"
FROM "TaskTypeStationActiveBindingSets" AS "t"
WHERE "t"."MapId" = @__mapId_0
LIMIT 2
[09:05:14 INF] Executed DbCommand (0ms) [Parameters=[@__mapId_0='?' (DbType = Int32), @__version_1='?' (DbType = Int64)], CommandType='Text', CommandTimeout='30']
SELECT "t"."MapId", "t"."Version", "t"."CatalogRevision", "t"."ContentSha256", "t"."LoadedAt", "t"."RuleVersion", "t"."SnapshotId", "t"."Source"
FROM "TaskTypeStationBindingSetVersions" AS "t"
WHERE "t"."MapId" = @__mapId_0 AND "t"."Version" = @__version_1
LIMIT 2
[09:05:14 INF] Executed DbCommand (0ms) [Parameters=[@__mapId_0='?' (DbType = Int32), @__version_1='?' (DbType = Int64)], CommandType='Text', CommandTimeout='30']
SELECT "t"."TaskType"
FROM "TaskTypeStationRequirements" AS "t"
WHERE "t"."MapId" = @__mapId_0 AND "t"."Version" = @__version_1
[09:05:14 INF] Executed DbCommand (0ms) [Parameters=[@__mapId_0='?' (DbType = Int32), @__version_1='?' (DbType = Int64)], CommandType='Text', CommandTimeout='30']
SELECT "t"."MapId", "t"."Version", "t"."TaskType", "t"."SiteVerificationRef", "t"."StationName", "t"."StationRiotId"
FROM "TaskTypeStationBindings" AS "t"
WHERE "t"."MapId" = @__mapId_0 AND "t"."Version" = @__version_1
[09:05:14 INF] Executed DbCommand (0ms) [Parameters=[@__version_0='?' (DbType = Int64)], CommandType='Text', CommandTimeout='30']
SELECT "t"."Version", "t"."ContentSha256", "t"."LoadedAt", "t"."SnapshotId", "t"."Source"
FROM "TaskTypeStationRuleVersions" AS "t"
WHERE "t"."Version" = @__version_0
LIMIT 2
[09:05:14 INF] Executed DbCommand (0ms) [Parameters=[@__version_0='?' (DbType = Int64)], CommandType='Text', CommandTimeout='30']
SELECT "t"."Version", "t"."TaskType", "t"."FixedEnd"
FROM "TaskTypeStationRules" AS "t"
WHERE "t"."Version" = @__version_0
[09:05:14 INF] Executed DbCommand (0ms) [Parameters=[], CommandType='Text', CommandTimeout='30']
SELECT "a"."Id", "a"."ContentHash", "a"."DeploymentId", "a"."ImportedAt", "a"."Version"
FROM "AdmissionPolicyState" AS "a"
WHERE "a"."Id" = 1
LIMIT 2
[09:05:14 INF] Executed DbCommand (0ms) [Parameters=[], CommandType='Text', CommandTimeout='30']
SELECT "j"."JourneyId", "j"."AgvId", "j"."AgvLifecycleGeneration", "j"."AreaEndAdmissionRevokedSince", "j"."BlockReasonCode", "j"."BlockReasonSince", "j"."CargoHoldingStartedAt", "j"."ConsumedSafetyResultMessageId", "j"."ConsumedSublotMessageId", "j"."CreatedAt", "j"."DemandId", "j"."DispatchGeneration", "j"."DispatchZone", "j"."ExpectedBasketCount", "j"."FullSlotPositionsJson", "j"."GateMovementLegId", "j"."GatePlanMessageId", "j"."GateStationId", "j"."GateStationRiotId", "j"."GateUpperId", "j"."GateVehicleBusinessMessageId", "j"."GateWorklistMessageId", "j"."LoadCommandMessageId", "j"."LoadSlotOperationAttemptId", "j"."LoadingClosedReason", "j"."LoadingPhaseState", "j"."MapId", "j"."MapIdentity", "j"."OperationSessionId", "j"."PickupMovementLegId", "j"."PickupStationId", "j"."PickupStationRiotId", "j"."PickupUpperId", "j"."PlanMessageId", "j"."PlanRevision", "j"."PreDepartureSafetyCheckId", "j"."PreDepartureSafetyCheckMessageId", "j"."RouteEvidenceId", "j"."Stage", "j"."StationDepartureWaitStartedAt", "j"."SublotRequestMessageId", "j"."TargetSlotsJson", "j"."UnloadCommandMessageId", "j"."UnloadSlotOperationAttemptId", "j"."UpdatedAt", "j"."VehicleBusinessMessageId", "j"."VehicleBusinessRevision", "j"."VehicleKey", "j"."WorklistMessageId", "j"."WorklistRevision", "j"."YieldTriggeredAt", "j"."YieldTriggeredByVehicleKey"
FROM "JourneyRuntimes" AS "j"
WHERE "j"."Stage" <> 'Completed'
[09:05:14 INF] Executed DbCommand (0ms) [Parameters=[], CommandType='Text', CommandTimeout='30']
SELECT "a"."DemandId"
FROM "AcceptedDemands" AS "a"
WHERE "a"."Status" NOT IN ('Succeeded', 'Cancelled')
[09:05:14 INF] Executed DbCommand (0ms) [Parameters=[], CommandType='Text', CommandTimeout='30']
SELECT "j"."DemandId"
FROM "JourneyDemands" AS "j"
WHERE "j"."RemovedAt" IS NULL
[09:05:14 INF] Start processing HTTP request GET http://127.0.0.1:48409/api/v2/contract
[09:05:14 INF] Sending HTTP request GET http://127.0.0.1:48409/api/v2/contract
[09:05:14 INF] Received HTTP response headers after 1.1961ms - 200
[09:05:14 INF] End processing HTTP request after 18.1057ms - 200
[09:05:14 INF] Start processing HTTP request GET http://127.0.0.1:48409/api/v2/externally-readable-demand-catalog
[09:05:14 INF] Sending HTTP request GET http://127.0.0.1:48409/api/v2/externally-readable-demand-catalog
[09:05:14 INF] Received HTTP response headers after 1.2555ms - 200
[09:05:14 INF] End processing HTTP request after 63.4528ms - 200
[09:05:14 INF] Executed DbCommand (0ms) [Parameters=[], CommandType='Text', CommandTimeout='30']
SELECT "j"."DemandId", "j"."AcceptedAt", "j"."DecisionFingerprint", "j"."DemandCreatedAt", "j"."FirstSeenAt", "j"."LastSeenAt", "j"."ReasonCode", "j"."StarvationEscalatedAt", "j"."StarvationEscalationParameterVersion", "j"."TransportDemandKey"
FROM "JourneyBacklog" AS "j"
[09:05:14 INF] Executed DbCommand (0ms) [Parameters=[], CommandType='Text', CommandTimeout='30']
SELECT "a"."DemandId"
FROM "AcceptedDemands" AS "a"
[09:05:14 INF] Executed DbCommand (0ms) [Parameters=[], CommandType='Text', CommandTimeout='30']
SELECT "v"."AgvId", "v"."TaskType", "v"."Allowed", "v"."ConfigurationVersion", "v"."UpdatedAt"
FROM "VehicleTaskTypeAdmissions" AS "v"
[09:05:14 INF] Executed DbCommand (0ms) [Parameters=[], CommandType='Text', CommandTimeout='30']
SELECT "v"."AgvId", "v"."ConfigurationVersion", "v"."RoundTimeoutMilliseconds", "v"."UpdatedAt"
FROM "VehicleDispatchBudgets" AS "v"
[09:05:14 INF] Executed DbCommand (0ms) [Parameters=[], CommandType='Text', CommandTimeout='30']
SELECT "d"."Zone", "d"."AgvId", "d"."ConfigurationVersion", "d"."UpdatedAt"
FROM "DispatchZoneVehicles" AS "d"
[09:05:14 INF] Executed DbCommand (0ms) [Parameters=[], CommandType='Text', CommandTimeout='30']
SELECT MAX("d"."Version")
FROM "DispatchZoneAreaAssignmentVersions" AS "d"
[09:05:14 INF] Executed DbCommand (0ms) [Parameters=[@__agvId_0='?' (Size = 10)], CommandType='Text', CommandTimeout='30']
SELECT "a"."SlotModelVersionId", "a"."SnapshotId"
FROM "ActiveSlotConfigurations" AS "a"
WHERE "a"."AgvId" = @__agvId_0
LIMIT 2
[09:05:14 INF] Executed DbCommand (0ms) [Parameters=[@__agvId_0='?' (Size = 10)], CommandType='Text', CommandTimeout='30']
SELECT "s"."SlotModelVersionId", "s"."CreatedAt"
FROM "SlotIoBindings" AS "s"
WHERE "s"."AgvId" = @__agvId_0 AND "s"."Status" = 'PUBLISHED'
[09:05:14 INF] Executed DbCommand (0ms) [Parameters=[@__agvId_0='?' (Size = 10)], CommandType='Text', CommandTimeout='30']
SELECT "s"."AgvId", "s"."ActiveUnlockSlotsJson", "s"."CapabilityHash", "s"."CapabilityRevision", "s"."DepartureSafe", "s"."ForcedRecoveryGeneration", "s"."ManifestSha256", "s"."PendingAttemptIdsJson", "s"."PendingResultIdsJson", "s"."ProfileId", "s"."ProtocolCommit", "s"."ProtocolVersion", "s"."ProvenRecoveryCheckpoint", "s"."Readiness", "s"."ReasonCode", "s"."RecoveryReportId", "s"."ReportedForcedRecoveryGeneration", "s"."ReportedSlotConfigurationFingerprint", "s"."SafetyHash", "s"."SafetyReasonCodesJson", "s"."SafetyRevision", "s"."SafetyUnknownPresent", "s"."SessionGeneration", "s"."UnsettledSlotOperationAttemptId", "s"."UpdatedAt"
FROM "SessionRecoveries" AS "s"
WHERE "s"."AgvId" = @__agvId_0 AND "s"."Readiness" = 'Ready'
LIMIT 2
[09:05:14 INF] Executed DbCommand (0ms) [Parameters=[@__messageType_0='?' (Size = 18)], CommandType='Text', CommandTimeout='30']
SELECT "p"."MessageId", "p"."ContentHash", "p"."FirstResponseJson", "p"."MessageType", "p"."ReceivedAt", "p"."RequestJson"
FROM "ProtocolInbox" AS "p"
WHERE "p"."MessageType" = @__messageType_0
[09:05:14 INF] Executed DbCommand (0ms) [Parameters=[], CommandType='Text', CommandTimeout='30']
SELECT "p"."MessageId", "p"."ContentHash", "p"."FirstResponseJson", "p"."MessageType", "p"."ReceivedAt", "p"."RequestJson"
FROM "ProtocolInbox" AS "p"
WHERE "p"."MessageType" = 'SafetyStateSnapshot'
[09:05:14 INF] Executed DbCommand (0ms) [Parameters=[], CommandType='Text', CommandTimeout='30']
SELECT "p"."MessageId", "p"."ContentHash", "p"."FirstResponseJson", "p"."MessageType", "p"."ReceivedAt", "p"."RequestJson"
FROM "ProtocolInbox" AS "p"
WHERE "p"."MessageType" IN ('SafetyStateSnapshot', 'SafetyStateChanged')
[09:05:14 INF] Executed DbCommand (0ms) [Parameters=[], CommandType='Text', CommandTimeout='30']
SELECT "p"."MessageId", "p"."ContentHash", "p"."FirstResponseJson", "p"."MessageType", "p"."ReceivedAt", "p"."RequestJson"
FROM "ProtocolInbox" AS "p"
[09:05:14 INF] Start processing HTTP request GET http://127.0.0.1:48408/api/task/vehicles/getVehicleInfoByDeviceKey?key=BROKERX-L2-0001
[09:05:14 INF] Sending HTTP request GET http://127.0.0.1:48408/api/task/vehicles/getVehicleInfoByDeviceKey?key=BROKERX-L2-0001
[09:05:14 INF] Received HTTP response headers after 1.0016ms - 200
[09:05:14 INF] End processing HTTP request after 2.9168ms - 200
[09:05:14 INF] Executed DbCommand (0ms) [Parameters=[], CommandType='Text', CommandTimeout='30']
SELECT "s"."DemandId", "s"."ReasonCode", "s"."ClearedAt", "s"."DetailJson", "s"."FirstRaisedAt", "s"."LastSeenAt", "s"."TransportDemandKey"
FROM "StructuralDispatchBlocks" AS "s"
WHERE "s"."ClearedAt" IS NULL
[09:05:15 INF] Start processing HTTP request GET http://127.0.0.1:48408/api/task/v1/task/getVehicleInfo/BROKERX-L2-0001
[09:05:15 INF] Sending HTTP request GET http://127.0.0.1:48408/api/task/v1/task/getVehicleInfo/BROKERX-L2-0001
[09:05:15 INF] Received HTTP response headers after 0.9314ms - 200
[09:05:15 INF] End processing HTTP request after 3.2268ms - 200
[09:05:15 INF] Start processing HTTP request GET http://127.0.0.1:48408/api/order/v1/orderRecord?pageNum=1&pageSize=100&filterByState=1&filterByState=3&filterByState=7&filterByState=9
[09:05:15 INF] Executed DbCommand (0ms) [Parameters=[@__messageId_0='?' (Size = 36)], CommandType='Text', CommandTimeout='30']
SELECT "p"."MessageId", "p"."ContentHash", "p"."FirstResponseJson", "p"."MessageType", "p"."ReceivedAt", "p"."RequestJson"
FROM "ProtocolInbox" AS "p"
WHERE "p"."MessageId" = @__messageId_0
LIMIT 2
[09:05:15 INF] Sending HTTP request GET http://127.0.0.1:48408/api/order/v1/orderRecord?pageNum=1&pageSize=100&filterByState=1&filterByState=3&filterByState=7&filterByState=9
[09:05:15 INF] Executed DbCommand (0ms) [Parameters=[@p0='?' (Size = 36), @p1='?' (Size = 64), @p2='?' (Size = 536), @p3='?' (Size = 9), @p4='?' (DbType = DateTimeOffset), @p5='?' (Size = 427)], CommandType='Text', CommandTimeout='30']
INSERT INTO "ProtocolInbox" ("MessageId", "ContentHash", "FirstResponseJson", "MessageType", "ReceivedAt", "RequestJson")
VALUES (@p0, @p1, @p2, @p3, @p4, @p5);
[09:05:15 INF] Received HTTP response headers after 1.1557ms - 200
[09:05:15 INF] End processing HTTP request after 94.6391ms - 200
[09:05:15 INF] HTTP GET /api/onboard/v1/vehicle-safety responded 200 in 127.1430 ms
[09:05:15 INF] Start processing HTTP request GET http://127.0.0.1:48408/api/imap/v1/mapInfo/stations/25
[09:05:15 INF] Sending HTTP request GET http://127.0.0.1:48408/api/imap/v1/mapInfo/stations/25
[09:05:15 INF] Received HTTP response headers after 0.8496ms - 200
[09:05:15 INF] End processing HTTP request after 15.4347ms - 200
[09:05:15 INF] Executed DbCommand (0ms) [Parameters=[@__mapId_0='?' (DbType = Int32)], CommandType='Text', CommandTimeout='30']
SELECT "t"."MapId", "t"."ActiveVersion", "t"."PendingVersion", "t"."State", "t"."UpdatedAt"
FROM "TaskTypeStationActiveBindingSets" AS "t"
WHERE "t"."MapId" = @__mapId_0
LIMIT 2
[09:05:15 INF] Executed DbCommand (0ms) [Parameters=[@__mapId_0='?' (DbType = Int32), @__version_1='?' (DbType = Int64)], CommandType='Text', CommandTimeout='30']
SELECT "t"."MapId", "t"."Version", "t"."CatalogRevision", "t"."ContentSha256", "t"."LoadedAt", "t"."RuleVersion", "t"."SnapshotId", "t"."Source"
FROM "TaskTypeStationBindingSetVersions" AS "t"
WHERE "t"."MapId" = @__mapId_0 AND "t"."Version" = @__version_1
LIMIT 2
[09:05:15 INF] Executed DbCommand (0ms) [Parameters=[@__mapId_0='?' (DbType = Int32), @__version_1='?' (DbType = Int64)], CommandType='Text', CommandTimeout='30']
SELECT "t"."TaskType"
FROM "TaskTypeStationRequirements" AS "t"
WHERE "t"."MapId" = @__mapId_0 AND "t"."Version" = @__version_1
[09:05:15 INF] Executed DbCommand (0ms) [Parameters=[@__mapId_0='?' (DbType = Int32), @__version_1='?' (DbType = Int64)], CommandType='Text', CommandTimeout='30']
SELECT "t"."MapId", "t"."Version", "t"."TaskType", "t"."SiteVerificationRef", "t"."StationName", "t"."StationRiotId"
FROM "TaskTypeStationBindings" AS "t"
WHERE "t"."MapId" = @__mapId_0 AND "t"."Version" = @__version_1
[09:05:15 INF] Executed DbCommand (0ms) [Parameters=[@__version_0='?' (DbType = Int64)], CommandType='Text', CommandTimeout='30']
SELECT "t"."Version", "t"."ContentSha256", "t"."LoadedAt", "t"."SnapshotId", "t"."Source"
FROM "TaskTypeStationRuleVersions" AS "t"
WHERE "t"."Version" = @__version_0
LIMIT 2
[09:05:15 INF] Executed DbCommand (0ms) [Parameters=[@__version_0='?' (DbType = Int64)], CommandType='Text', CommandTimeout='30']
SELECT "t"."Version", "t"."TaskType", "t"."FixedEnd"
FROM "TaskTypeStationRules" AS "t"
WHERE "t"."Version" = @__version_0
[09:05:15 INF] Executed DbCommand (0ms) [Parameters=[@__mapId_0='?' (DbType = Int32)], CommandType='Text', CommandTimeout='30']
SELECT "t"."MapId", "t"."ActiveVersion", "t"."PendingVersion", "t"."State", "t"."UpdatedAt"
FROM "TaskTypeStationActiveBindingSets" AS "t"
WHERE "t"."MapId" = @__mapId_0
LIMIT 2
[09:05:15 INF] Executed DbCommand (0ms) [Parameters=[@__mapId_0='?' (DbType = Int32)], CommandType='Text', CommandTimeout='30']
SELECT "t"."HoldId", "t"."DetailJson", "t"."MapId", "t"."RaisedAt", "t"."RaisedBy", "t"."ReasonCode", "t"."ReleasedAt", "t"."ReleasedBy", "t"."Source", "t"."TaskType"
FROM "TaskTypeStationHolds" AS "t"
WHERE "t"."MapId" = @__mapId_0 AND "t"."ReleasedAt" IS NULL
[09:05:15 INF] Executed DbCommand (0ms) [Parameters=[@__mapId_0='?' (DbType = Int32)], CommandType='Text', CommandTimeout='30']
SELECT "m"."MapId", "m"."ApprovedMaxUnconfirmedSeconds", "m"."ApprovedSyncPeriodSeconds", "m"."CatalogRevision", "m"."LastAttemptAt", "m"."LastCompleteConfirmationAt", "m"."LastFailureReason", "m"."State", "m"."UpdatedAt"
FROM "MapStationCatalogStates" AS "m"
WHERE "m"."MapId" = @__mapId_0
LIMIT 2
[09:05:15 INF] Executed DbCommand (0ms) [Parameters=[@p3='?' (DbType = Int32), @p0='?' (DbType = DateTimeOffset), @p1='?' (DbType = DateTimeOffset), @p2='?' (DbType = DateTimeOffset)], CommandType='Text', CommandTimeout='30']
UPDATE "MapStationCatalogStates" SET "LastAttemptAt" = @p0, "LastCompleteConfirmationAt" = @p1, "UpdatedAt" = @p2
WHERE "MapId" = @p3
RETURNING 1;
[09:05:15 INF] Executed DbCommand (0ms) [Parameters=[@__mapId_0='?' (DbType = Int32)], CommandType='Text', CommandTimeout='30']
SELECT "t"."MapId", "t"."ActiveVersion", "t"."PendingVersion", "t"."State", "t"."UpdatedAt"
FROM "TaskTypeStationActiveBindingSets" AS "t"
WHERE "t"."MapId" = @__mapId_0
LIMIT 2
[09:05:15 INF] Executed DbCommand (0ms) [Parameters=[@__mapId_0='?' (DbType = Int32), @__version_1='?' (DbType = Int64)], CommandType='Text', CommandTimeout='30']
SELECT "t"."MapId", "t"."Version", "t"."CatalogRevision", "t"."ContentSha256", "t"."LoadedAt", "t"."RuleVersion", "t"."SnapshotId", "t"."Source"
FROM "TaskTypeStationBindingSetVersions" AS "t"
WHERE "t"."MapId" = @__mapId_0 AND "t"."Version" = @__version_1
LIMIT 2
[09:05:15 INF] Executed DbCommand (0ms) [Parameters=[@__mapId_0='?' (DbType = Int32), @__version_1='?' (DbType = Int64)], CommandType='Text', CommandTimeout='30']
SELECT "t"."TaskType"
FROM "TaskTypeStationRequirements" AS "t"
WHERE "t"."MapId" = @__mapId_0 AND "t"."Version" = @__version_1
[09:05:15 INF] Executed DbCommand (0ms) [Parameters=[@__mapId_0='?' (DbType = Int32), @__version_1='?' (DbType = Int64)], CommandType='Text', CommandTimeout='30']
SELECT "t"."MapId", "t"."Version", "t"."TaskType", "t"."SiteVerificationRef", "t"."StationName", "t"."StationRiotId"
FROM "TaskTypeStationBindings" AS "t"
WHERE "t"."MapId" = @__mapId_0 AND "t"."Version" = @__version_1
[09:05:15 INF] Executed DbCommand (0ms) [Parameters=[@__mapId_0='?' (DbType = Int32)], CommandType='Text', CommandTimeout='30']
SELECT "t"."MapId", "t"."ActiveVersion", "t"."PendingVersion", "t"."State", "t"."UpdatedAt"
FROM "TaskTypeStationActiveBindingSets" AS "t"
WHERE "t"."MapId" = @__mapId_0
LIMIT 2
[09:05:15 INF] Executed DbCommand (0ms) [Parameters=[@__mapId_0='?' (DbType = Int32), @__version_1='?' (DbType = Int64)], CommandType='Text', CommandTimeout='30']
SELECT "t"."MapId", "t"."Version", "t"."CatalogRevision", "t"."ContentSha256", "t"."LoadedAt", "t"."RuleVersion", "t"."SnapshotId", "t"."Source"
FROM "TaskTypeStationBindingSetVersions" AS "t"
WHERE "t"."MapId" = @__mapId_0 AND "t"."Version" = @__version_1
LIMIT 2
[09:05:15 INF] Executed DbCommand (0ms) [Parameters=[@__mapId_0='?' (DbType = Int32), @__version_1='?' (DbType = Int64)], CommandType='Text', CommandTimeout='30']
SELECT "t"."TaskType"
FROM "TaskTypeStationRequirements" AS "t"
WHERE "t"."MapId" = @__mapId_0 AND "t"."Version" = @__version_1
[09:05:15 INF] Executed DbCommand (0ms) [Parameters=[@__mapId_0='?' (DbType = Int32), @__version_1='?' (DbType = Int64)], CommandType='Text', CommandTimeout='30']
SELECT "t"."MapId", "t"."Version", "t"."TaskType", "t"."SiteVerificationRef", "t"."StationName", "t"."StationRiotId"
FROM "TaskTypeStationBindings" AS "t"
WHERE "t"."MapId" = @__mapId_0 AND "t"."Version" = @__version_1
[09:05:15 INF] Executed DbCommand (0ms) [Parameters=[@__version_0='?' (DbType = Int64)], CommandType='Text', CommandTimeout='30']
SELECT "t"."Version", "t"."ContentSha256", "t"."LoadedAt", "t"."SnapshotId", "t"."Source"
FROM "TaskTypeStationRuleVersions" AS "t"
WHERE "t"."Version" = @__version_0
LIMIT 2
[09:05:15 INF] Executed DbCommand (0ms) [Parameters=[@__version_0='?' (DbType = Int64)], CommandType='Text', CommandTimeout='30']
SELECT "t"."Version", "t"."TaskType", "t"."FixedEnd"
FROM "TaskTypeStationRules" AS "t"
WHERE "t"."Version" = @__version_0
[09:05:15 INF] Executed DbCommand (0ms) [Parameters=[], CommandType='Text', CommandTimeout='30']
SELECT "a"."Id", "a"."ContentHash", "a"."DeploymentId", "a"."ImportedAt", "a"."Version"
FROM "AdmissionPolicyState" AS "a"
WHERE "a"."Id" = 1
LIMIT 2
[09:05:15 INF] Executed DbCommand (0ms) [Parameters=[], CommandType='Text', CommandTimeout='30']
SELECT "j"."JourneyId", "j"."AgvId", "j"."AgvLifecycleGeneration", "j"."AreaEndAdmissionRevokedSince", "j"."BlockReasonCode", "j"."BlockReasonSince", "j"."CargoHoldingStartedAt", "j"."ConsumedSafetyResultMessageId", "j"."ConsumedSublotMessageId", "j"."CreatedAt", "j"."DemandId", "j"."DispatchGeneration", "j"."DispatchZone", "j"."ExpectedBasketCount", "j"."FullSlotPositionsJson", "j"."GateMovementLegId", "j"."GatePlanMessageId", "j"."GateStationId", "j"."GateStationRiotId", "j"."GateUpperId", "j"."GateVehicleBusinessMessageId", "j"."GateWorklistMessageId", "j"."LoadCommandMessageId", "j"."LoadSlotOperationAttemptId", "j"."LoadingClosedReason", "j"."LoadingPhaseState", "j"."MapId", "j"."MapIdentity", "j"."OperationSessionId", "j"."PickupMovementLegId", "j"."PickupStationId", "j"."PickupStationRiotId", "j"."PickupUpperId", "j"."PlanMessageId", "j"."PlanRevision", "j"."PreDepartureSafetyCheckId", "j"."PreDepartureSafetyCheckMessageId", "j"."RouteEvidenceId", "j"."Stage", "j"."StationDepartureWaitStartedAt", "j"."SublotRequestMessageId", "j"."TargetSlotsJson", "j"."UnloadCommandMessageId", "j"."UnloadSlotOperationAttemptId", "j"."UpdatedAt", "j"."VehicleBusinessMessageId", "j"."VehicleBusinessRevision", "j"."VehicleKey", "j"."WorklistMessageId", "j"."WorklistRevision", "j"."YieldTriggeredAt", "j"."YieldTriggeredByVehicleKey"
FROM "JourneyRuntimes" AS "j"
WHERE "j"."Stage" <> 'Completed'
[09:05:15 INF] Executed DbCommand (0ms) [Parameters=[], CommandType='Text', CommandTimeout='30']
SELECT "a"."DemandId"
FROM "AcceptedDemands" AS "a"
WHERE "a"."Status" NOT IN ('Succeeded', 'Cancelled')
[09:05:15 INF] Executed DbCommand (0ms) [Parameters=[], CommandType='Text', CommandTimeout='30']
SELECT "j"."DemandId"
FROM "JourneyDemands" AS "j"
WHERE "j"."RemovedAt" IS NULL
[09:05:15 INF] Start processing HTTP request GET http://127.0.0.1:48409/api/v2/contract
[09:05:15 INF] Sending HTTP request GET http://127.0.0.1:48409/api/v2/contract
[09:05:15 INF] Received HTTP response headers after 1.0111ms - 200
[09:05:15 INF] End processing HTTP request after 2.5082ms - 200
[09:05:15 INF] Start processing HTTP request GET http://127.0.0.1:48409/api/v2/externally-readable-demand-catalog
[09:05:15 INF] Sending HTTP request GET http://127.0.0.1:48409/api/v2/externally-readable-demand-catalog
[09:05:15 INF] Received HTTP response headers after 1.3735ms - 200
[09:05:15 INF] End processing HTTP request after 49.4115ms - 200
[09:05:15 INF] Executed DbCommand (0ms) [Parameters=[], CommandType='Text', CommandTimeout='30']
SELECT "j"."DemandId", "j"."AcceptedAt", "j"."DecisionFingerprint", "j"."DemandCreatedAt", "j"."FirstSeenAt", "j"."LastSeenAt", "j"."ReasonCode", "j"."StarvationEscalatedAt", "j"."StarvationEscalationParameterVersion", "j"."TransportDemandKey"
FROM "JourneyBacklog" AS "j"
[09:05:15 INF] Executed DbCommand (0ms) [Parameters=[], CommandType='Text', CommandTimeout='30']
SELECT "a"."DemandId"
FROM "AcceptedDemands" AS "a"
[09:05:15 INF] Executed DbCommand (0ms) [Parameters=[], CommandType='Text', CommandTimeout='30']
SELECT "v"."AgvId", "v"."TaskType", "v"."Allowed", "v"."ConfigurationVersion", "v"."UpdatedAt"
FROM "VehicleTaskTypeAdmissions" AS "v"
[09:05:15 INF] Executed DbCommand (0ms) [Parameters=[], CommandType='Text', CommandTimeout='30']
SELECT "v"."AgvId", "v"."ConfigurationVersion", "v"."RoundTimeoutMilliseconds", "v"."UpdatedAt"
FROM "VehicleDispatchBudgets" AS "v"
[09:05:15 INF] Executed DbCommand (0ms) [Parameters=[], CommandType='Text', CommandTimeout='30']
SELECT "d"."Zone", "d"."AgvId", "d"."ConfigurationVersion", "d"."UpdatedAt"
FROM "DispatchZoneVehicles" AS "d"
[09:05:15 INF] Executed DbCommand (0ms) [Parameters=[], CommandType='Text', CommandTimeout='30']
SELECT MAX("d"."Version")
FROM "DispatchZoneAreaAssignmentVersions" AS "d"
[09:05:15 INF] Executed DbCommand (0ms) [Parameters=[@__agvId_0='?' (Size = 10)], CommandType='Text', CommandTimeout='30']
SELECT "a"."SlotModelVersionId", "a"."SnapshotId"
FROM "ActiveSlotConfigurations" AS "a"
WHERE "a"."AgvId" = @__agvId_0
LIMIT 2
[09:05:15 INF] Executed DbCommand (0ms) [Parameters=[@__agvId_0='?' (Size = 10)], CommandType='Text', CommandTimeout='30']
SELECT "s"."SlotModelVersionId", "s"."CreatedAt"
FROM "SlotIoBindings" AS "s"
WHERE "s"."AgvId" = @__agvId_0 AND "s"."Status" = 'PUBLISHED'
[09:05:15 INF] Executed DbCommand (0ms) [Parameters=[@__slotModelVersionId_0='?' (Size = 32)], CommandType='Text', CommandTimeout='30']
SELECT "s"."SlotModelVersionId", "s"."PhysicalSlotNumber", "s"."SlotPosition", "s"."SlotTemplateId"
FROM "SlotModelSlots" AS "s"
WHERE "s"."SlotModelVersionId" = @__slotModelVersionId_0
[09:05:15 INF] Executed DbCommand (0ms) [Parameters=[@__agvId_0='?' (Size = 10)], CommandType='Text', CommandTimeout='30']
SELECT "s"."AgvId", "s"."ActiveUnlockSlotsJson", "s"."CapabilityHash", "s"."CapabilityRevision", "s"."DepartureSafe", "s"."ForcedRecoveryGeneration", "s"."ManifestSha256", "s"."PendingAttemptIdsJson", "s"."PendingResultIdsJson", "s"."ProfileId", "s"."ProtocolCommit", "s"."ProtocolVersion", "s"."ProvenRecoveryCheckpoint", "s"."Readiness", "s"."ReasonCode", "s"."RecoveryReportId", "s"."ReportedForcedRecoveryGeneration", "s"."ReportedSlotConfigurationFingerprint", "s"."SafetyHash", "s"."SafetyReasonCodesJson", "s"."SafetyRevision", "s"."SafetyUnknownPresent", "s"."SessionGeneration", "s"."UnsettledSlotOperationAttemptId", "s"."UpdatedAt"
FROM "SessionRecoveries" AS "s"
WHERE "s"."AgvId" = @__agvId_0 AND "s"."Readiness" = 'Ready'
LIMIT 2
[09:05:15 INF] Executed DbCommand (0ms) [Parameters=[@__messageType_0='?' (Size = 18)], CommandType='Text', CommandTimeout='30']
SELECT "p"."MessageId", "p"."ContentHash", "p"."FirstResponseJson", "p"."MessageType", "p"."ReceivedAt", "p"."RequestJson"
FROM "ProtocolInbox" AS "p"
WHERE "p"."MessageType" = @__messageType_0
[09:05:15 INF] Executed DbCommand (0ms) [Parameters=[], CommandType='Text', CommandTimeout='30']
SELECT "p"."MessageId", "p"."ContentHash", "p"."FirstResponseJson", "p"."MessageType", "p"."ReceivedAt", "p"."RequestJson"
FROM "ProtocolInbox" AS "p"
WHERE "p"."MessageType" = 'SafetyStateSnapshot'
[09:05:15 INF] Executed DbCommand (0ms) [Parameters=[], CommandType='Text', CommandTimeout='30']
SELECT "p"."MessageId", "p"."ContentHash", "p"."FirstResponseJson", "p"."MessageType", "p"."ReceivedAt", "p"."RequestJson"
FROM "ProtocolInbox" AS "p"
WHERE "p"."MessageType" IN ('SafetyStateSnapshot', 'SafetyStateChanged')
[09:05:15 INF] Executed DbCommand (0ms) [Parameters=[], CommandType='Text', CommandTimeout='30']
SELECT "p"."MessageId", "p"."ContentHash", "p"."FirstResponseJson", "p"."MessageType", "p"."ReceivedAt", "p"."RequestJson"
FROM "ProtocolInbox" AS "p"
[09:05:15 INF] Start processing HTTP request GET http://127.0.0.1:48408/api/task/vehicles/getVehicleInfoByDeviceKey?key=BROKERX-L2-0001
[09:05:15 INF] Sending HTTP request GET http://127.0.0.1:48408/api/task/vehicles/getVehicleInfoByDeviceKey?key=BROKERX-L2-0001
[09:05:15 INF] Received HTTP response headers after 1.0041ms - 200
[09:05:15 INF] End processing HTTP request after 31.1295ms - 200
[09:05:15 INF] Executed DbCommand (0ms) [Parameters=[], CommandType='Text', CommandTimeout='30']
SELECT "s"."DemandId", "s"."ReasonCode", "s"."ClearedAt", "s"."DetailJson", "s"."FirstRaisedAt", "s"."LastSeenAt", "s"."TransportDemandKey"
FROM "StructuralDispatchBlocks" AS "s"
WHERE "s"."ClearedAt" IS NULL
[09:05:16 INF] Start processing HTTP request GET http://127.0.0.1:48408/api/task/v1/task/getVehicleInfo/BROKERX-L2-0001
[09:05:16 INF] Sending HTTP request GET http://127.0.0.1:48408/api/task/v1/task/getVehicleInfo/BROKERX-L2-0001
[09:05:16 INF] Received HTTP response headers after 1.0833ms - 200
[09:05:16 INF] End processing HTTP request after 3.8645ms - 200
[09:05:16 INF] Start processing HTTP request GET http://127.0.0.1:48408/api/order/v1/orderRecord?pageNum=1&pageSize=100&filterByState=1&filterByState=3&filterByState=7&filterByState=9
[09:05:16 INF] Sending HTTP request GET http://127.0.0.1:48408/api/order/v1/orderRecord?pageNum=1&pageSize=100&filterByState=1&filterByState=3&filterByState=7&filterByState=9
[09:05:16 INF] Received HTTP response headers after 0.8106ms - 200
[09:05:16 INF] End processing HTTP request after 3.1887ms - 200
[09:05:16 INF] Start processing HTTP request GET http://127.0.0.1:48408/api/imap/v1/mapInfo/stations/25
[09:05:16 INF] HTTP GET /api/onboard/v1/vehicle-safety responded 200 in 31.5584 ms
[09:05:16 INF] Sending HTTP request GET http://127.0.0.1:48408/api/imap/v1/mapInfo/stations/25
[09:05:16 INF] Received HTTP response headers after 1.0137ms - 200
[09:05:16 INF] End processing HTTP request after 19.1398ms - 200
[09:05:16 INF] Executed DbCommand (0ms) [Parameters=[@__mapId_0='?' (DbType = Int32)], CommandType='Text', CommandTimeout='30']
SELECT "t"."MapId", "t"."ActiveVersion", "t"."PendingVersion", "t"."State", "t"."UpdatedAt"
FROM "TaskTypeStationActiveBindingSets" AS "t"
WHERE "t"."MapId" = @__mapId_0
LIMIT 2
[09:05:16 INF] Executed DbCommand (0ms) [Parameters=[@__mapId_0='?' (DbType = Int32), @__version_1='?' (DbType = Int64)], CommandType='Text', CommandTimeout='30']
SELECT "t"."MapId", "t"."Version", "t"."CatalogRevision", "t"."ContentSha256", "t"."LoadedAt", "t"."RuleVersion", "t"."SnapshotId", "t"."Source"
FROM "TaskTypeStationBindingSetVersions" AS "t"
WHERE "t"."MapId" = @__mapId_0 AND "t"."Version" = @__version_1
LIMIT 2
[09:05:16 INF] Executed DbCommand (0ms) [Parameters=[@__mapId_0='?' (DbType = Int32), @__version_1='?' (DbType = Int64)], CommandType='Text', CommandTimeout='30']
SELECT "t"."TaskType"
FROM "TaskTypeStationRequirements" AS "t"
WHERE "t"."MapId" = @__mapId_0 AND "t"."Version" = @__version_1
[09:05:16 INF] Executed DbCommand (0ms) [Parameters=[@__mapId_0='?' (DbType = Int32), @__version_1='?' (DbType = Int64)], CommandType='Text', CommandTimeout='30']
SELECT "t"."MapId", "t"."Version", "t"."TaskType", "t"."SiteVerificationRef", "t"."StationName", "t"."StationRiotId"
FROM "TaskTypeStationBindings" AS "t"
WHERE "t"."MapId" = @__mapId_0 AND "t"."Version" = @__version_1
[09:05:16 INF] Executed DbCommand (0ms) [Parameters=[@__version_0='?' (DbType = Int64)], CommandType='Text', CommandTimeout='30']
SELECT "t"."Version", "t"."ContentSha256", "t"."LoadedAt", "t"."SnapshotId", "t"."Source"
FROM "TaskTypeStationRuleVersions" AS "t"
WHERE "t"."Version" = @__version_0
LIMIT 2
[09:05:16 INF] Executed DbCommand (0ms) [Parameters=[@__version_0='?' (DbType = Int64)], CommandType='Text', CommandTimeout='30']
SELECT "t"."Version", "t"."TaskType", "t"."FixedEnd"
FROM "TaskTypeStationRules" AS "t"
WHERE "t"."Version" = @__version_0
[09:05:16 INF] Executed DbCommand (0ms) [Parameters=[@__mapId_0='?' (DbType = Int32)], CommandType='Text', CommandTimeout='30']
SELECT "t"."MapId", "t"."ActiveVersion", "t"."PendingVersion", "t"."State", "t"."UpdatedAt"
FROM "TaskTypeStationActiveBindingSets" AS "t"
WHERE "t"."MapId" = @__mapId_0
LIMIT 2
[09:05:16 INF] Executed DbCommand (0ms) [Parameters=[@__mapId_0='?' (DbType = Int32)], CommandType='Text', CommandTimeout='30']
SELECT "t"."HoldId", "t"."DetailJson", "t"."MapId", "t"."RaisedAt", "t"."RaisedBy", "t"."ReasonCode", "t"."ReleasedAt", "t"."ReleasedBy", "t"."Source", "t"."TaskType"
FROM "TaskTypeStationHolds" AS "t"
WHERE "t"."MapId" = @__mapId_0 AND "t"."ReleasedAt" IS NULL
[09:05:16 INF] Executed DbCommand (0ms) [Parameters=[@__mapId_0='?' (DbType = Int32)], CommandType='Text', CommandTimeout='30']
SELECT "m"."MapId", "m"."ApprovedMaxUnconfirmedSeconds", "m"."ApprovedSyncPeriodSeconds", "m"."CatalogRevision", "m"."LastAttemptAt", "m"."LastCompleteConfirmationAt", "m"."LastFailureReason", "m"."State", "m"."UpdatedAt"
FROM "MapStationCatalogStates" AS "m"
WHERE "m"."MapId" = @__mapId_0
LIMIT 2
[09:05:16 INF] Executed DbCommand (0ms) [Parameters=[@p3='?' (DbType = Int32), @p0='?' (DbType = DateTimeOffset), @p1='?' (DbType = DateTimeOffset), @p2='?' (DbType = DateTimeOffset)], CommandType='Text', CommandTimeout='30']
UPDATE "MapStationCatalogStates" SET "LastAttemptAt" = @p0, "LastCompleteConfirmationAt" = @p1, "UpdatedAt" = @p2
WHERE "MapId" = @p3
RETURNING 1;
[09:05:16 INF] Executed DbCommand (0ms) [Parameters=[@__mapId_0='?' (DbType = Int32)], CommandType='Text', CommandTimeout='30']
SELECT "t"."MapId", "t"."ActiveVersion", "t"."PendingVersion", "t"."State", "t"."UpdatedAt"
FROM "TaskTypeStationActiveBindingSets" AS "t"
WHERE "t"."MapId" = @__mapId_0
LIMIT 2
[09:05:16 INF] Executed DbCommand (0ms) [Parameters=[@__mapId_0='?' (DbType = Int32), @__version_1='?' (DbType = Int64)], CommandType='Text', CommandTimeout='30']
SELECT "t"."MapId", "t"."Version", "t"."CatalogRevision", "t"."ContentSha256", "t"."LoadedAt", "t"."RuleVersion", "t"."SnapshotId", "t"."Source"
FROM "TaskTypeStationBindingSetVersions" AS "t"
WHERE "t"."MapId" = @__mapId_0 AND "t"."Version" = @__version_1
LIMIT 2
[09:05:16 INF] Executed DbCommand (0ms) [Parameters=[@__mapId_0='?' (DbType = Int32), @__version_1='?' (DbType = Int64)], CommandType='Text', CommandTimeout='30']
SELECT "t"."TaskType"
FROM "TaskTypeStationRequirements" AS "t"
WHERE "t"."MapId" = @__mapId_0 AND "t"."Version" = @__version_1
[09:05:16 INF] Executed DbCommand (0ms) [Parameters=[@__mapId_0='?' (DbType = Int32), @__version_1='?' (DbType = Int64)], CommandType='Text', CommandTimeout='30']
SELECT "t"."MapId", "t"."Version", "t"."TaskType", "t"."SiteVerificationRef", "t"."StationName", "t"."StationRiotId"
FROM "TaskTypeStationBindings" AS "t"
WHERE "t"."MapId" = @__mapId_0 AND "t"."Version" = @__version_1
[09:05:16 INF] Executed DbCommand (0ms) [Parameters=[@__mapId_0='?' (DbType = Int32)], CommandType='Text', CommandTimeout='30']
SELECT "t"."MapId", "t"."ActiveVersion", "t"."PendingVersion", "t"."State", "t"."UpdatedAt"
FROM "TaskTypeStationActiveBindingSets" AS "t"
WHERE "t"."MapId" = @__mapId_0
LIMIT 2
[09:05:16 INF] Executed DbCommand (0ms) [Parameters=[@__mapId_0='?' (DbType = Int32), @__version_1='?' (DbType = Int64)], CommandType='Text', CommandTimeout='30']
SELECT "t"."MapId", "t"."Version", "t"."CatalogRevision", "t"."ContentSha256", "t"."LoadedAt", "t"."RuleVersion", "t"."SnapshotId", "t"."Source"
FROM "TaskTypeStationBindingSetVersions" AS "t"
WHERE "t"."MapId" = @__mapId_0 AND "t"."Version" = @__version_1
LIMIT 2
[09:05:16 INF] Executed DbCommand (0ms) [Parameters=[@__mapId_0='?' (DbType = Int32), @__version_1='?' (DbType = Int64)], CommandType='Text', CommandTimeout='30']
SELECT "t"."TaskType"
FROM "TaskTypeStationRequirements" AS "t"
WHERE "t"."MapId" = @__mapId_0 AND "t"."Version" = @__version_1
[09:05:16 INF] Executed DbCommand (0ms) [Parameters=[@__mapId_0='?' (DbType = Int32), @__version_1='?' (DbType = Int64)], CommandType='Text', CommandTimeout='30']
SELECT "t"."MapId", "t"."Version", "t"."TaskType", "t"."SiteVerificationRef", "t"."StationName", "t"."StationRiotId"
FROM "TaskTypeStationBindings" AS "t"
WHERE "t"."MapId" = @__mapId_0 AND "t"."Version" = @__version_1
[09:05:16 INF] Executed DbCommand (0ms) [Parameters=[@__version_0='?' (DbType = Int64)], CommandType='Text', CommandTimeout='30']
SELECT "t"."Version", "t"."ContentSha256", "t"."LoadedAt", "t"."SnapshotId", "t"."Source"
FROM "TaskTypeStationRuleVersions" AS "t"
WHERE "t"."Version" = @__version_0
LIMIT 2
[09:05:16 INF] Executed DbCommand (0ms) [Parameters=[@__version_0='?' (DbType = Int64)], CommandType='Text', CommandTimeout='30']
SELECT "t"."Version", "t"."TaskType", "t"."FixedEnd"
FROM "TaskTypeStationRules" AS "t"
WHERE "t"."Version" = @__version_0
[09:05:16 INF] Executed DbCommand (0ms) [Parameters=[], CommandType='Text', CommandTimeout='30']
SELECT "a"."Id", "a"."ContentHash", "a"."DeploymentId", "a"."ImportedAt", "a"."Version"
FROM "AdmissionPolicyState" AS "a"
WHERE "a"."Id" = 1
LIMIT 2
[09:05:16 INF] Executed DbCommand (0ms) [Parameters=[], CommandType='Text', CommandTimeout='30']
SELECT "j"."JourneyId", "j"."AgvId", "j"."AgvLifecycleGeneration", "j"."AreaEndAdmissionRevokedSince", "j"."BlockReasonCode", "j"."BlockReasonSince", "j"."CargoHoldingStartedAt", "j"."ConsumedSafetyResultMessageId", "j"."ConsumedSublotMessageId", "j"."CreatedAt", "j"."DemandId", "j"."DispatchGeneration", "j"."DispatchZone", "j"."ExpectedBasketCount", "j"."FullSlotPositionsJson", "j"."GateMovementLegId", "j"."GatePlanMessageId", "j"."GateStationId", "j"."GateStationRiotId", "j"."GateUpperId", "j"."GateVehicleBusinessMessageId", "j"."GateWorklistMessageId", "j"."LoadCommandMessageId", "j"."LoadSlotOperationAttemptId", "j"."LoadingClosedReason", "j"."LoadingPhaseState", "j"."MapId", "j"."MapIdentity", "j"."OperationSessionId", "j"."PickupMovementLegId", "j"."PickupStationId", "j"."PickupStationRiotId", "j"."PickupUpperId", "j"."PlanMessageId", "j"."PlanRevision", "j"."PreDepartureSafetyCheckId", "j"."PreDepartureSafetyCheckMessageId", "j"."RouteEvidenceId", "j"."Stage", "j"."StationDepartureWaitStartedAt", "j"."SublotRequestMessageId", "j"."TargetSlotsJson", "j"."UnloadCommandMessageId", "j"."UnloadSlotOperationAttemptId", "j"."UpdatedAt", "j"."VehicleBusinessMessageId", "j"."VehicleBusinessRevision", "j"."VehicleKey", "j"."WorklistMessageId", "j"."WorklistRevision", "j"."YieldTriggeredAt", "j"."YieldTriggeredByVehicleKey"
FROM "JourneyRuntimes" AS "j"
WHERE "j"."Stage" <> 'Completed'
[09:05:16 INF] Executed DbCommand (0ms) [Parameters=[], CommandType='Text', CommandTimeout='30']
SELECT "a"."DemandId"
FROM "AcceptedDemands" AS "a"
WHERE "a"."Status" NOT IN ('Succeeded', 'Cancelled')
[09:05:16 INF] Executed DbCommand (0ms) [Parameters=[], CommandType='Text', CommandTimeout='30']
SELECT "j"."DemandId"
FROM "JourneyDemands" AS "j"
WHERE "j"."RemovedAt" IS NULL
[09:05:16 INF] Start processing HTTP request GET http://127.0.0.1:48409/api/v2/contract
[09:05:16 INF] Sending HTTP request GET http://127.0.0.1:48409/api/v2/contract
[09:05:16 INF] Received HTTP response headers after 1.6961ms - 200
[09:05:16 INF] End processing HTTP request after 24.6239ms - 200
[09:05:16 INF] Start processing HTTP request GET http://127.0.0.1:48409/api/v2/externally-readable-demand-catalog
[09:05:16 INF] Sending HTTP request GET http://127.0.0.1:48409/api/v2/externally-readable-demand-catalog
[09:05:16 INF] Received HTTP response headers after 1.1027ms - 200
[09:05:16 INF] End processing HTTP request after 3.7904ms - 200
[09:05:16 INF] Executed DbCommand (0ms) [Parameters=[], CommandType='Text', CommandTimeout='30']
SELECT "j"."DemandId", "j"."AcceptedAt", "j"."DecisionFingerprint", "j"."DemandCreatedAt", "j"."FirstSeenAt", "j"."LastSeenAt", "j"."ReasonCode", "j"."StarvationEscalatedAt", "j"."StarvationEscalationParameterVersion", "j"."TransportDemandKey"
FROM "JourneyBacklog" AS "j"
[09:05:16 INF] Executed DbCommand (0ms) [Parameters=[], CommandType='Text', CommandTimeout='30']
SELECT "a"."DemandId"
FROM "AcceptedDemands" AS "a"
[09:05:16 INF] Executed DbCommand (0ms) [Parameters=[], CommandType='Text', CommandTimeout='30']
SELECT "v"."AgvId", "v"."TaskType", "v"."Allowed", "v"."ConfigurationVersion", "v"."UpdatedAt"
FROM "VehicleTaskTypeAdmissions" AS "v"
[09:05:16 INF] Executed DbCommand (0ms) [Parameters=[], CommandType='Text', CommandTimeout='30']
SELECT "v"."AgvId", "v"."ConfigurationVersion", "v"."RoundTimeoutMilliseconds", "v"."UpdatedAt"
FROM "VehicleDispatchBudgets" AS "v"
[09:05:16 INF] Executed DbCommand (0ms) [Parameters=[], CommandType='Text', CommandTimeout='30']
SELECT "d"."Zone", "d"."AgvId", "d"."ConfigurationVersion", "d"."UpdatedAt"
FROM "DispatchZoneVehicles" AS "d"
[09:05:16 INF] Executed DbCommand (0ms) [Parameters=[], CommandType='Text', CommandTimeout='30']
SELECT MAX("d"."Version")
FROM "DispatchZoneAreaAssignmentVersions" AS "d"
[09:05:16 INF] Executed DbCommand (0ms) [Parameters=[@__agvId_0='?' (Size = 10)], CommandType='Text', CommandTimeout='30']
SELECT "a"."SlotModelVersionId", "a"."SnapshotId"
FROM "ActiveSlotConfigurations" AS "a"
WHERE "a"."AgvId" = @__agvId_0
LIMIT 2
[09:05:16 INF] Executed DbCommand (0ms) [Parameters=[@__agvId_0='?' (Size = 10)], CommandType='Text', CommandTimeout='30']
SELECT "s"."SlotModelVersionId", "s"."CreatedAt"
FROM "SlotIoBindings" AS "s"
WHERE "s"."AgvId" = @__agvId_0 AND "s"."Status" = 'PUBLISHED'
[09:05:16 INF] Executed DbCommand (0ms) [Parameters=[@__slotModelVersionId_0='?' (Size = 32)], CommandType='Text', CommandTimeout='30']
SELECT "s"."SlotModelVersionId", "s"."PhysicalSlotNumber", "s"."SlotPosition", "s"."SlotTemplateId"
FROM "SlotModelSlots" AS "s"
WHERE "s"."SlotModelVersionId" = @__slotModelVersionId_0
[09:05:16 INF] Executed DbCommand (0ms) [Parameters=[@__agvId_0='?' (Size = 10)], CommandType='Text', CommandTimeout='30']
SELECT "s"."AgvId", "s"."ActiveUnlockSlotsJson", "s"."CapabilityHash", "s"."CapabilityRevision", "s"."DepartureSafe", "s"."ForcedRecoveryGeneration", "s"."ManifestSha256", "s"."PendingAttemptIdsJson", "s"."PendingResultIdsJson", "s"."ProfileId", "s"."ProtocolCommit", "s"."ProtocolVersion", "s"."ProvenRecoveryCheckpoint", "s"."Readiness", "s"."ReasonCode", "s"."RecoveryReportId", "s"."ReportedForcedRecoveryGeneration", "s"."ReportedSlotConfigurationFingerprint", "s"."SafetyHash", "s"."SafetyReasonCodesJson", "s"."SafetyRevision", "s"."SafetyUnknownPresent", "s"."SessionGeneration", "s"."UnsettledSlotOperationAttemptId", "s"."UpdatedAt"
FROM "SessionRecoveries" AS "s"
WHERE "s"."AgvId" = @__agvId_0 AND "s"."Readiness" = 'Ready'
LIMIT 2
[09:05:16 INF] Executed DbCommand (0ms) [Parameters=[@__messageType_0='?' (Size = 18)], CommandType='Text', CommandTimeout='30']
SELECT "p"."MessageId", "p"."ContentHash", "p"."FirstResponseJson", "p"."MessageType", "p"."ReceivedAt", "p"."RequestJson"
FROM "ProtocolInbox" AS "p"
WHERE "p"."MessageType" = @__messageType_0
[09:05:16 INF] Executed DbCommand (0ms) [Parameters=[], CommandType='Text', CommandTimeout='30']
SELECT "p"."MessageId", "p"."ContentHash", "p"."FirstResponseJson", "p"."MessageType", "p"."ReceivedAt", "p"."RequestJson"
FROM "ProtocolInbox" AS "p"
WHERE "p"."MessageType" = 'SafetyStateSnapshot'
[09:05:16 INF] Executed DbCommand (0ms) [Parameters=[], CommandType='Text', CommandTimeout='30']
SELECT "p"."MessageId", "p"."ContentHash", "p"."FirstResponseJson", "p"."MessageType", "p"."ReceivedAt", "p"."RequestJson"
FROM "ProtocolInbox" AS "p"
WHERE "p"."MessageType" IN ('SafetyStateSnapshot', 'SafetyStateChanged')
[09:05:16 INF] Executed DbCommand (0ms) [Parameters=[], CommandType='Text', CommandTimeout='30']
SELECT "p"."MessageId", "p"."ContentHash", "p"."FirstResponseJson", "p"."MessageType", "p"."ReceivedAt", "p"."RequestJson"
FROM "ProtocolInbox" AS "p"
[09:05:16 INF] Start processing HTTP request GET http://127.0.0.1:48408/api/task/vehicles/getVehicleInfoByDeviceKey?key=BROKERX-L2-0001
[09:05:16 INF] Sending HTTP request GET http://127.0.0.1:48408/api/task/vehicles/getVehicleInfoByDeviceKey?key=BROKERX-L2-0001
[09:05:16 INF] Received HTTP response headers after 1.4695ms - 200
[09:05:16 INF] End processing HTTP request after 27.1715ms - 200
[09:05:16 INF] Executed DbCommand (0ms) [Parameters=[], CommandType='Text', CommandTimeout='30']
SELECT "s"."DemandId", "s"."ReasonCode", "s"."ClearedAt", "s"."DetailJson", "s"."FirstRaisedAt", "s"."LastSeenAt", "s"."TransportDemandKey"
FROM "StructuralDispatchBlocks" AS "s"
WHERE "s"."ClearedAt" IS NULL
[09:05:17 INF] Executed DbCommand (0ms) [Parameters=[@__messageId_0='?' (Size = 36)], CommandType='Text', CommandTimeout='30']
SELECT "p"."MessageId", "p"."ContentHash", "p"."FirstResponseJson", "p"."MessageType", "p"."ReceivedAt", "p"."RequestJson"
FROM "ProtocolInbox" AS "p"
WHERE "p"."MessageId" = @__messageId_0
LIMIT 2
[09:05:17 INF] Executed DbCommand (0ms) [Parameters=[@p0='?' (Size = 36), @p1='?' (Size = 64), @p2='?' (Size = 535), @p3='?' (Size = 9), @p4='?' (DbType = DateTimeOffset), @p5='?' (Size = 426)], CommandType='Text', CommandTimeout='30']
INSERT INTO "ProtocolInbox" ("MessageId", "ContentHash", "FirstResponseJson", "MessageType", "ReceivedAt", "RequestJson")
VALUES (@p0, @p1, @p2, @p3, @p4, @p5);
[09:05:17 INF] Start processing HTTP request GET http://127.0.0.1:48408/api/imap/v1/mapInfo/stations/25
[09:05:17 INF] Sending HTTP request GET http://127.0.0.1:48408/api/imap/v1/mapInfo/stations/25
[09:05:17 INF] Received HTTP response headers after 0.8682ms - 200
[09:05:17 INF] End processing HTTP request after 2.3573ms - 200
[09:05:17 INF] Start processing HTTP request GET http://127.0.0.1:48408/api/task/v1/task/getVehicleInfo/BROKERX-L2-0001
[09:05:17 INF] Executed DbCommand (0ms) [Parameters=[@__mapId_0='?' (DbType = Int32)], CommandType='Text', CommandTimeout='30']
SELECT "t"."MapId", "t"."ActiveVersion", "t"."PendingVersion", "t"."State", "t"."UpdatedAt"
FROM "TaskTypeStationActiveBindingSets" AS "t"
WHERE "t"."MapId" = @__mapId_0
LIMIT 2
[09:05:17 INF] Sending HTTP request GET http://127.0.0.1:48408/api/task/v1/task/getVehicleInfo/BROKERX-L2-0001
[09:05:17 INF] Executed DbCommand (0ms) [Parameters=[@__mapId_0='?' (DbType = Int32), @__version_1='?' (DbType = Int64)], CommandType='Text', CommandTimeout='30']
SELECT "t"."MapId", "t"."Version", "t"."CatalogRevision", "t"."ContentSha256", "t"."LoadedAt", "t"."RuleVersion", "t"."SnapshotId", "t"."Source"
FROM "TaskTypeStationBindingSetVersions" AS "t"
WHERE "t"."MapId" = @__mapId_0 AND "t"."Version" = @__version_1
LIMIT 2
[09:05:17 INF] Received HTTP response headers after 1.1575ms - 200
[09:05:17 INF] Executed DbCommand (0ms) [Parameters=[@__mapId_0='?' (DbType = Int32), @__version_1='?' (DbType = Int64)], CommandType='Text', CommandTimeout='30']
SELECT "t"."TaskType"
FROM "TaskTypeStationRequirements" AS "t"
WHERE "t"."MapId" = @__mapId_0 AND "t"."Version" = @__version_1
[09:05:17 INF] End processing HTTP request after 125.5925ms - 200
[09:05:17 INF] Executed DbCommand (0ms) [Parameters=[@__mapId_0='?' (DbType = Int32), @__version_1='?' (DbType = Int64)], CommandType='Text', CommandTimeout='30']
SELECT "t"."MapId", "t"."Version", "t"."TaskType", "t"."SiteVerificationRef", "t"."StationName", "t"."StationRiotId"
FROM "TaskTypeStationBindings" AS "t"
WHERE "t"."MapId" = @__mapId_0 AND "t"."Version" = @__version_1
[09:05:17 INF] Start processing HTTP request GET http://127.0.0.1:48408/api/order/v1/orderRecord?pageNum=1&pageSize=100&filterByState=1&filterByState=3&filterByState=7&filterByState=9
[09:05:17 INF] Sending HTTP request GET http://127.0.0.1:48408/api/order/v1/orderRecord?pageNum=1&pageSize=100&filterByState=1&filterByState=3&filterByState=7&filterByState=9
[09:05:17 INF] Executed DbCommand (0ms) [Parameters=[@__version_0='?' (DbType = Int64)], CommandType='Text', CommandTimeout='30']
SELECT "t"."Version", "t"."ContentSha256", "t"."LoadedAt", "t"."SnapshotId", "t"."Source"
FROM "TaskTypeStationRuleVersions" AS "t"
WHERE "t"."Version" = @__version_0
LIMIT 2
[09:05:17 INF] Received HTTP response headers after 0.9255ms - 200
[09:05:17 INF] Executed DbCommand (0ms) [Parameters=[@__version_0='?' (DbType = Int64)], CommandType='Text', CommandTimeout='30']
SELECT "t"."Version", "t"."TaskType", "t"."FixedEnd"
FROM "TaskTypeStationRules" AS "t"
WHERE "t"."Version" = @__version_0
[09:05:17 INF] End processing HTTP request after 47.1555ms - 200
[09:05:17 INF] Executed DbCommand (0ms) [Parameters=[@__mapId_0='?' (DbType = Int32)], CommandType='Text', CommandTimeout='30']
SELECT "t"."MapId", "t"."ActiveVersion", "t"."PendingVersion", "t"."State", "t"."UpdatedAt"
FROM "TaskTypeStationActiveBindingSets" AS "t"
WHERE "t"."MapId" = @__mapId_0
LIMIT 2
[09:05:17 INF] HTTP GET /api/onboard/v1/vehicle-safety responded 200 in 284.9994 ms
[09:05:17 INF] Executed DbCommand (0ms) [Parameters=[@__mapId_0='?' (DbType = Int32)], CommandType='Text', CommandTimeout='30']
SELECT "t"."HoldId", "t"."DetailJson", "t"."MapId", "t"."RaisedAt", "t"."RaisedBy", "t"."ReasonCode", "t"."ReleasedAt", "t"."ReleasedBy", "t"."Source", "t"."TaskType"
FROM "TaskTypeStationHolds" AS "t"
WHERE "t"."MapId" = @__mapId_0 AND "t"."ReleasedAt" IS NULL
[09:05:17 INF] Executed DbCommand (0ms) [Parameters=[@__mapId_0='?' (DbType = Int32)], CommandType='Text', CommandTimeout='30']
SELECT "m"."MapId", "m"."ApprovedMaxUnconfirmedSeconds", "m"."ApprovedSyncPeriodSeconds", "m"."CatalogRevision", "m"."LastAttemptAt", "m"."LastCompleteConfirmationAt", "m"."LastFailureReason", "m"."State", "m"."UpdatedAt"
FROM "MapStationCatalogStates" AS "m"
WHERE "m"."MapId" = @__mapId_0
LIMIT 2
[09:05:17 INF] Executed DbCommand (0ms) [Parameters=[@p3='?' (DbType = Int32), @p0='?' (DbType = DateTimeOffset), @p1='?' (DbType = DateTimeOffset), @p2='?' (DbType = DateTimeOffset)], CommandType='Text', CommandTimeout='30']
UPDATE "MapStationCatalogStates" SET "LastAttemptAt" = @p0, "LastCompleteConfirmationAt" = @p1, "UpdatedAt" = @p2
WHERE "MapId" = @p3
RETURNING 1;
[09:05:17 INF] Executed DbCommand (0ms) [Parameters=[@__mapId_0='?' (DbType = Int32)], CommandType='Text', CommandTimeout='30']
SELECT "t"."MapId", "t"."ActiveVersion", "t"."PendingVersion", "t"."State", "t"."UpdatedAt"
FROM "TaskTypeStationActiveBindingSets" AS "t"
WHERE "t"."MapId" = @__mapId_0
LIMIT 2
[09:05:17 INF] Executed DbCommand (0ms) [Parameters=[@__mapId_0='?' (DbType = Int32), @__version_1='?' (DbType = Int64)], CommandType='Text', CommandTimeout='30']
SELECT "t"."MapId", "t"."Version", "t"."CatalogRevision", "t"."ContentSha256", "t"."LoadedAt", "t"."RuleVersion", "t"."SnapshotId", "t"."Source"
FROM "TaskTypeStationBindingSetVersions" AS "t"
WHERE "t"."MapId" = @__mapId_0 AND "t"."Version" = @__version_1
LIMIT 2
[09:05:17 INF] Executed DbCommand (0ms) [Parameters=[@__mapId_0='?' (DbType = Int32), @__version_1='?' (DbType = Int64)], CommandType='Text', CommandTimeout='30']
SELECT "t"."TaskType"
FROM "TaskTypeStationRequirements" AS "t"
WHERE "t"."MapId" = @__mapId_0 AND "t"."Version" = @__version_1
[09:05:17 INF] Executed DbCommand (0ms) [Parameters=[@__mapId_0='?' (DbType = Int32), @__version_1='?' (DbType = Int64)], CommandType='Text', CommandTimeout='30']
SELECT "t"."MapId", "t"."Version", "t"."TaskType", "t"."SiteVerificationRef", "t"."StationName", "t"."StationRiotId"
FROM "TaskTypeStationBindings" AS "t"
WHERE "t"."MapId" = @__mapId_0 AND "t"."Version" = @__version_1
[09:05:17 INF] Executed DbCommand (0ms) [Parameters=[@__mapId_0='?' (DbType = Int32)], CommandType='Text', CommandTimeout='30']
SELECT "t"."MapId", "t"."ActiveVersion", "t"."PendingVersion", "t"."State", "t"."UpdatedAt"
FROM "TaskTypeStationActiveBindingSets" AS "t"
WHERE "t"."MapId" = @__mapId_0
LIMIT 2
[09:05:17 INF] Executed DbCommand (0ms) [Parameters=[@__mapId_0='?' (DbType = Int32), @__version_1='?' (DbType = Int64)], CommandType='Text', CommandTimeout='30']
SELECT "t"."MapId", "t"."Version", "t"."CatalogRevision", "t"."ContentSha256", "t"."LoadedAt", "t"."RuleVersion", "t"."SnapshotId", "t"."Source"
FROM "TaskTypeStationBindingSetVersions" AS "t"
WHERE "t"."MapId" = @__mapId_0 AND "t"."Version" = @__version_1
LIMIT 2
[09:05:17 INF] Executed DbCommand (0ms) [Parameters=[@__mapId_0='?' (DbType = Int32), @__version_1='?' (DbType = Int64)], CommandType='Text', CommandTimeout='30']
SELECT "t"."TaskType"
FROM "TaskTypeStationRequirements" AS "t"
WHERE "t"."MapId" = @__mapId_0 AND "t"."Version" = @__version_1
[09:05:17 INF] Executed DbCommand (0ms) [Parameters=[@__mapId_0='?' (DbType = Int32), @__version_1='?' (DbType = Int64)], CommandType='Text', CommandTimeout='30']
SELECT "t"."MapId", "t"."Version", "t"."TaskType", "t"."SiteVerificationRef", "t"."StationName", "t"."StationRiotId"
FROM "TaskTypeStationBindings" AS "t"
WHERE "t"."MapId" = @__mapId_0 AND "t"."Version" = @__version_1
[09:05:17 INF] Executed DbCommand (0ms) [Parameters=[@__version_0='?' (DbType = Int64)], CommandType='Text', CommandTimeout='30']
SELECT "t"."Version", "t"."ContentSha256", "t"."LoadedAt", "t"."SnapshotId", "t"."Source"
FROM "TaskTypeStationRuleVersions" AS "t"
WHERE "t"."Version" = @__version_0
LIMIT 2
[09:05:17 INF] Executed DbCommand (0ms) [Parameters=[@__version_0='?' (DbType = Int64)], CommandType='Text', CommandTimeout='30']
SELECT "t"."Version", "t"."TaskType", "t"."FixedEnd"
FROM "TaskTypeStationRules" AS "t"
WHERE "t"."Version" = @__version_0
[09:05:17 INF] Executed DbCommand (0ms) [Parameters=[], CommandType='Text', CommandTimeout='30']
SELECT "a"."Id", "a"."ContentHash", "a"."DeploymentId", "a"."ImportedAt", "a"."Version"
FROM "AdmissionPolicyState" AS "a"
WHERE "a"."Id" = 1
LIMIT 2
[09:05:17 INF] Executed DbCommand (0ms) [Parameters=[], CommandType='Text', CommandTimeout='30']
SELECT "j"."JourneyId", "j"."AgvId", "j"."AgvLifecycleGeneration", "j"."AreaEndAdmissionRevokedSince", "j"."BlockReasonCode", "j"."BlockReasonSince", "j"."CargoHoldingStartedAt", "j"."ConsumedSafetyResultMessageId", "j"."ConsumedSublotMessageId", "j"."CreatedAt", "j"."DemandId", "j"."DispatchGeneration", "j"."DispatchZone", "j"."ExpectedBasketCount", "j"."FullSlotPositionsJson", "j"."GateMovementLegId", "j"."GatePlanMessageId", "j"."GateStationId", "j"."GateStationRiotId", "j"."GateUpperId", "j"."GateVehicleBusinessMessageId", "j"."GateWorklistMessageId", "j"."LoadCommandMessageId", "j"."LoadSlotOperationAttemptId", "j"."LoadingClosedReason", "j"."LoadingPhaseState", "j"."MapId", "j"."MapIdentity", "j"."OperationSessionId", "j"."PickupMovementLegId", "j"."PickupStationId", "j"."PickupStationRiotId", "j"."PickupUpperId", "j"."PlanMessageId", "j"."PlanRevision", "j"."PreDepartureSafetyCheckId", "j"."PreDepartureSafetyCheckMessageId", "j"."RouteEvidenceId", "j"."Stage", "j"."StationDepartureWaitStartedAt", "j"."SublotRequestMessageId", "j"."TargetSlotsJson", "j"."UnloadCommandMessageId", "j"."UnloadSlotOperationAttemptId", "j"."UpdatedAt", "j"."VehicleBusinessMessageId", "j"."VehicleBusinessRevision", "j"."VehicleKey", "j"."WorklistMessageId", "j"."WorklistRevision", "j"."YieldTriggeredAt", "j"."YieldTriggeredByVehicleKey"
FROM "JourneyRuntimes" AS "j"
WHERE "j"."Stage" <> 'Completed'
[09:05:17 INF] Executed DbCommand (0ms) [Parameters=[], CommandType='Text', CommandTimeout='30']
SELECT "a"."DemandId"
FROM "AcceptedDemands" AS "a"
WHERE "a"."Status" NOT IN ('Succeeded', 'Cancelled')
[09:05:17 INF] Executed DbCommand (0ms) [Parameters=[], CommandType='Text', CommandTimeout='30']
SELECT "j"."DemandId"
FROM "JourneyDemands" AS "j"
WHERE "j"."RemovedAt" IS NULL
[09:05:17 INF] Start processing HTTP request GET http://127.0.0.1:48409/api/v2/contract
[09:05:17 INF] Sending HTTP request GET http://127.0.0.1:48409/api/v2/contract
[09:05:17 INF] Received HTTP response headers after 1.0521ms - 200
[09:05:17 INF] End processing HTTP request after 2.6003ms - 200
[09:05:17 INF] Start processing HTTP request GET http://127.0.0.1:48409/api/v2/externally-readable-demand-catalog
[09:05:17 INF] Sending HTTP request GET http://127.0.0.1:48409/api/v2/externally-readable-demand-catalog
[09:05:17 INF] Received HTTP response headers after 7.8153ms - 200
[09:05:17 INF] End processing HTTP request after 62.9321ms - 200
[09:05:17 INF] Executed DbCommand (0ms) [Parameters=[], CommandType='Text', CommandTimeout='30']
SELECT "j"."DemandId", "j"."AcceptedAt", "j"."DecisionFingerprint", "j"."DemandCreatedAt", "j"."FirstSeenAt", "j"."LastSeenAt", "j"."ReasonCode", "j"."StarvationEscalatedAt", "j"."StarvationEscalationParameterVersion", "j"."TransportDemandKey"
FROM "JourneyBacklog" AS "j"
[09:05:17 INF] Executed DbCommand (0ms) [Parameters=[], CommandType='Text', CommandTimeout='30']
SELECT "a"."DemandId"
FROM "AcceptedDemands" AS "a"
[09:05:17 INF] Executed DbCommand (0ms) [Parameters=[], CommandType='Text', CommandTimeout='30']
SELECT "v"."AgvId", "v"."TaskType", "v"."Allowed", "v"."ConfigurationVersion", "v"."UpdatedAt"
FROM "VehicleTaskTypeAdmissions" AS "v"
[09:05:17 INF] Executed DbCommand (0ms) [Parameters=[], CommandType='Text', CommandTimeout='30']
SELECT "v"."AgvId", "v"."ConfigurationVersion", "v"."RoundTimeoutMilliseconds", "v"."UpdatedAt"
FROM "VehicleDispatchBudgets" AS "v"
[09:05:17 INF] Executed DbCommand (0ms) [Parameters=[], CommandType='Text', CommandTimeout='30']
SELECT "d"."Zone", "d"."AgvId", "d"."ConfigurationVersion", "d"."UpdatedAt"
FROM "DispatchZoneVehicles" AS "d"
[09:05:17 INF] Executed DbCommand (0ms) [Parameters=[], CommandType='Text', CommandTimeout='30']
SELECT MAX("d"."Version")
FROM "DispatchZoneAreaAssignmentVersions" AS "d"
[09:05:17 INF] Executed DbCommand (0ms) [Parameters=[@__version_0='?' (DbType = Int64)], CommandType='Text', CommandTimeout='30']
SELECT "d"."Version", "d"."ContentSha256", "d"."EntryCount", "d"."ImportedAt", "d"."SnapshotId"
FROM "DispatchZoneAreaAssignmentVersions" AS "d"
WHERE "d"."Version" = @__version_0
LIMIT 2
[09:05:17 INF] Executed DbCommand (0ms) [Parameters=[@__version_0='?' (DbType = Int64)], CommandType='Text', CommandTimeout='30']
SELECT "d"."Version", "d"."Area", "d"."DispatchZone", "d"."SlotPosition"
FROM "DispatchZoneAreaAssignments" AS "d"
WHERE "d"."Version" = @__version_0
[09:05:17 INF] Executed DbCommand (0ms) [Parameters=[@__agvId_0='?' (Size = 10)], CommandType='Text', CommandTimeout='30']
SELECT "a"."SlotModelVersionId", "a"."SnapshotId"
FROM "ActiveSlotConfigurations" AS "a"
WHERE "a"."AgvId" = @__agvId_0
LIMIT 2
[09:05:17 INF] Executed DbCommand (0ms) [Parameters=[@__agvId_0='?' (Size = 10)], CommandType='Text', CommandTimeout='30']
SELECT "s"."SlotModelVersionId", "s"."CreatedAt"
FROM "SlotIoBindings" AS "s"
WHERE "s"."AgvId" = @__agvId_0 AND "s"."Status" = 'PUBLISHED'
[09:05:17 INF] Executed DbCommand (0ms) [Parameters=[@__slotModelVersionId_0='?' (Size = 32)], CommandType='Text', CommandTimeout='30']
SELECT "s"."SlotModelVersionId", "s"."PhysicalSlotNumber", "s"."SlotPosition", "s"."SlotTemplateId"
FROM "SlotModelSlots" AS "s"
WHERE "s"."SlotModelVersionId" = @__slotModelVersionId_0
[09:05:17 INF] Executed DbCommand (0ms) [Parameters=[@__agvId_0='?' (Size = 10)], CommandType='Text', CommandTimeout='30']
SELECT "s"."AgvId", "s"."ActiveUnlockSlotsJson", "s"."CapabilityHash", "s"."CapabilityRevision", "s"."DepartureSafe", "s"."ForcedRecoveryGeneration", "s"."ManifestSha256", "s"."PendingAttemptIdsJson", "s"."PendingResultIdsJson", "s"."ProfileId", "s"."ProtocolCommit", "s"."ProtocolVersion", "s"."ProvenRecoveryCheckpoint", "s"."Readiness", "s"."ReasonCode", "s"."RecoveryReportId", "s"."ReportedForcedRecoveryGeneration", "s"."ReportedSlotConfigurationFingerprint", "s"."SafetyHash", "s"."SafetyReasonCodesJson", "s"."SafetyRevision", "s"."SafetyUnknownPresent", "s"."SessionGeneration", "s"."UnsettledSlotOperationAttemptId", "s"."UpdatedAt"
FROM "SessionRecoveries" AS "s"
WHERE "s"."AgvId" = @__agvId_0 AND "s"."Readiness" = 'Ready'
LIMIT 2
[09:05:17 INF] Executed DbCommand (0ms) [Parameters=[@__messageType_0='?' (Size = 18)], CommandType='Text', CommandTimeout='30']
SELECT "p"."MessageId", "p"."ContentHash", "p"."FirstResponseJson", "p"."MessageType", "p"."ReceivedAt", "p"."RequestJson"
FROM "ProtocolInbox" AS "p"
WHERE "p"."MessageType" = @__messageType_0
[09:05:17 INF] Executed DbCommand (0ms) [Parameters=[], CommandType='Text', CommandTimeout='30']
SELECT "p"."MessageId", "p"."ContentHash", "p"."FirstResponseJson", "p"."MessageType", "p"."ReceivedAt", "p"."RequestJson"
FROM "ProtocolInbox" AS "p"
WHERE "p"."MessageType" = 'SafetyStateSnapshot'
[09:05:18 INF] Executed DbCommand (0ms) [Parameters=[], CommandType='Text', CommandTimeout='30']
SELECT "p"."MessageId", "p"."ContentHash", "p"."FirstResponseJson", "p"."MessageType", "p"."ReceivedAt", "p"."RequestJson"
FROM "ProtocolInbox" AS "p"
WHERE "p"."MessageType" IN ('SafetyStateSnapshot', 'SafetyStateChanged')
[09:05:18 INF] Executed DbCommand (0ms) [Parameters=[], CommandType='Text', CommandTimeout='30']
SELECT "p"."MessageId", "p"."ContentHash", "p"."FirstResponseJson", "p"."MessageType", "p"."ReceivedAt", "p"."RequestJson"
FROM "ProtocolInbox" AS "p"
[09:05:18 INF] Start processing HTTP request GET http://127.0.0.1:48408/api/task/vehicles/getVehicleInfoByDeviceKey?key=BROKERX-L2-0001
[09:05:18 INF] Sending HTTP request GET http://127.0.0.1:48408/api/task/vehicles/getVehicleInfoByDeviceKey?key=BROKERX-L2-0001
[09:05:18 INF] Received HTTP response headers after 0.9525ms - 200
[09:05:18 INF] End processing HTTP request after 2.7351ms - 200
[09:05:18 INF] Executed DbCommand (0ms) [Parameters=[@__agvId_0='?' (Size = 10)], CommandType='Text', CommandTimeout='30']
SELECT "v"."AgvId", "v"."ClearedAt", "v"."ClearedReason", "v"."EnteredAt", "v"."EscalatedAt", "v"."EvidenceCode", "v"."EvidenceOnAutoConfirmWhitelist", "v"."FaultGeneration", "v"."LastEvaluatedAt", "v"."Level", "v"."StopProven", "v"."StopProvenAt"
FROM "VehicleFaultStates" AS "v"
WHERE "v"."AgvId" = @__agvId_0
LIMIT 2
[09:05:18 INF] Executed DbCommand (0ms) [Parameters=[@__mapId_0='?' (DbType = Int32)], CommandType='Text', CommandTimeout='30']
SELECT "m"."MapId", "m"."ApprovedMaxUnconfirmedSeconds", "m"."ApprovedSyncPeriodSeconds", "m"."CatalogRevision", "m"."LastAttemptAt", "m"."LastCompleteConfirmationAt", "m"."LastFailureReason", "m"."State", "m"."UpdatedAt"
FROM "MapStationCatalogStates" AS "m"
WHERE "m"."MapId" = @__mapId_0
LIMIT 2
[09:05:18 INF] Executed DbCommand (0ms) [Parameters=[], CommandType='Text', CommandTimeout='30']
SELECT "p"."RuleId", "p"."EffectiveAt", "p"."MatchType", "p"."MaxBoxesPerBasket", "p"."Pattern", "p"."Source", "p"."SupersededAt", "p"."Version"
FROM "PackageCapacityRules" AS "p"
WHERE "p"."SupersededAt" IS NULL
[09:05:18 INF] Executed DbCommand (0ms) [Parameters=[@__package_0='?' (Size = 10)], CommandType='Text', CommandTimeout='30']
SELECT "m"."Package", "m"."FirstSeenAt", "m"."LastSeenAt", "m"."Status"
FROM "MissingPackages" AS "m"
WHERE "m"."Package" = @__package_0
LIMIT 2
[09:05:18 INF] Executed DbCommand (0ms) [Parameters=[@__stationId_0='?' (Size = 9), @__taskType_1='?' (Size = 12)], CommandType='Text', CommandTimeout='30']
SELECT EXISTS (
    SELECT 1
    FROM "StationTaskTypeAdmissions" AS "s"
    WHERE "s"."StationId" = @__stationId_0 AND "s"."TaskType" = @__taskType_1)
[09:05:18 INF] Start processing HTTP request POST http://127.0.0.1:48408/api/task/v1/route/getRouteCostsBy
[09:05:18 INF] Sending HTTP request POST http://127.0.0.1:48408/api/task/v1/route/getRouteCostsBy
[09:05:18 INF] Received HTTP response headers after 11.3296ms - 200
[09:05:18 INF] End processing HTTP request after 13.6081ms - 200
[09:05:18 INF] Executed DbCommand (0ms) [Parameters=[@__demandId_0='?' (Size = 36)], CommandType='Text', CommandTimeout='30']
SELECT "c"."GateAuditId", "c"."AgvId", "c"."ConflictDetail", "c"."DemandId", "c"."EvaluatedAt", "c"."GraphReachable", "c"."GraphTraversalCostMm", "c"."MapId", "c"."RiotRouteCostMm", "c"."TargetStationId", "c"."TransportDemandKey", "c"."Verdict"
FROM "CreateGateAudit" AS "c"
WHERE "c"."DemandId" = @__demandId_0
[09:05:18 INF] Executed DbCommand (1ms) [Parameters=[@p0='?' (Size = 36), @p1='?' (Size = 10), @p2='?', @p3='?' (Size = 36), @p4='?' (DbType = DateTimeOffset), @p5='?' (DbType = Boolean), @p6='?' (DbType = Int64), @p7='?' (DbType = Int32), @p8='?' (DbType = Int64), @p9='?' (DbType = Int32), @p10='?' (Size = 38), @p11='?' (Size = 7)], CommandType='Text', CommandTimeout='30']
INSERT INTO "CreateGateAudit" ("GateAuditId", "AgvId", "ConflictDetail", "DemandId", "EvaluatedAt", "GraphReachable", "GraphTraversalCostMm", "MapId", "RiotRouteCostMm", "TargetStationId", "TransportDemandKey", "Verdict")
VALUES (@p0, @p1, @p2, @p3, @p4, @p5, @p6, @p7, @p8, @p9, @p10, @p11);
[09:05:18 INF] Start processing HTTP request GET http://127.0.0.1:48409/api/v2/sublot-box-count?sublot=L2-CR-20260920T010422824Z
[09:05:18 INF] Sending HTTP request GET http://127.0.0.1:48409/api/v2/sublot-box-count?sublot=L2-CR-20260920T010422824Z
[09:05:18 INF] Received HTTP response headers after 14.3833ms - 200
[09:05:18 INF] End processing HTTP request after 27.7495ms - 200
[09:05:18 INF] Executed DbCommand (1ms) [Parameters=[@p0='?' (Size = 36), @p1='?' (DbType = DateTimeOffset), @p2='?' (Size = 64), @p3='?' (DbType = DateTimeOffset), @p4='?' (DbType = DateTimeOffset), @p5='?' (DbType = DateTimeOffset), @p6='?' (Size = 8), @p7='?' (DbType = DateTimeOffset), @p8='?' (DbType = Int64), @p9='?' (Size = 38)], CommandType='Text', CommandTimeout='30']
INSERT INTO "JourneyBacklog" ("DemandId", "AcceptedAt", "DecisionFingerprint", "DemandCreatedAt", "FirstSeenAt", "LastSeenAt", "ReasonCode", "StarvationEscalatedAt", "StarvationEscalationParameterVersion", "TransportDemandKey")
VALUES (@p0, @p1, @p2, @p3, @p4, @p5, @p6, @p7, @p8, @p9);
[09:05:18 INF] Executed DbCommand (0ms) [Parameters=[@__vehicleKey_0='?' (Size = 15)], CommandType='Text', CommandTimeout='30']
SELECT EXISTS (
    SELECT 1
    FROM "VehicleDispatchLeases" AS "v"
    WHERE "v"."VehicleKey" = @__vehicleKey_0 AND "v"."ReleasedAt" IS NULL)
[09:05:18 INF] Executed DbCommand (0ms) [Parameters=[@__agvId_0='?' (Size = 10)], CommandType='Text', CommandTimeout='30']
SELECT "s"."AgvId", "s"."ActiveUnlockSlotsJson", "s"."CapabilityHash", "s"."CapabilityRevision", "s"."DepartureSafe", "s"."ForcedRecoveryGeneration", "s"."ManifestSha256", "s"."PendingAttemptIdsJson", "s"."PendingResultIdsJson", "s"."ProfileId", "s"."ProtocolCommit", "s"."ProtocolVersion", "s"."ProvenRecoveryCheckpoint", "s"."Readiness", "s"."ReasonCode", "s"."RecoveryReportId", "s"."ReportedForcedRecoveryGeneration", "s"."ReportedSlotConfigurationFingerprint", "s"."SafetyHash", "s"."SafetyReasonCodesJson", "s"."SafetyRevision", "s"."SafetyUnknownPresent", "s"."SessionGeneration", "s"."UnsettledSlotOperationAttemptId", "s"."UpdatedAt"
FROM "SessionRecoveries" AS "s"
WHERE "s"."AgvId" = @__agvId_0 AND "s"."Readiness" = 'Ready'
LIMIT 2
[09:05:18 INF] Executed DbCommand (0ms) [Parameters=[@__messageType_0='?' (Size = 18)], CommandType='Text', CommandTimeout='30']
SELECT "p"."MessageId", "p"."ContentHash", "p"."FirstResponseJson", "p"."MessageType", "p"."ReceivedAt", "p"."RequestJson"
FROM "ProtocolInbox" AS "p"
WHERE "p"."MessageType" = @__messageType_0
[09:05:18 INF] Executed DbCommand (0ms) [Parameters=[], CommandType='Text', CommandTimeout='30']
SELECT "p"."MessageId", "p"."ContentHash", "p"."FirstResponseJson", "p"."MessageType", "p"."ReceivedAt", "p"."RequestJson"
FROM "ProtocolInbox" AS "p"
WHERE "p"."MessageType" = 'SafetyStateSnapshot'
[09:05:18 INF] Executed DbCommand (0ms) [Parameters=[], CommandType='Text', CommandTimeout='30']
SELECT "p"."MessageId", "p"."ContentHash", "p"."FirstResponseJson", "p"."MessageType", "p"."ReceivedAt", "p"."RequestJson"
FROM "ProtocolInbox" AS "p"
WHERE "p"."MessageType" IN ('SafetyStateSnapshot', 'SafetyStateChanged')
[09:05:18 INF] Executed DbCommand (0ms) [Parameters=[], CommandType='Text', CommandTimeout='30']
SELECT "p"."MessageId", "p"."ContentHash", "p"."FirstResponseJson", "p"."MessageType", "p"."ReceivedAt", "p"."RequestJson"
FROM "ProtocolInbox" AS "p"
[09:05:18 INF] Start processing HTTP request GET http://127.0.0.1:48408/api/task/vehicles/getVehicleInfoByDeviceKey?key=BROKERX-L2-0001
[09:05:18 INF] Sending HTTP request GET http://127.0.0.1:48408/api/task/vehicles/getVehicleInfoByDeviceKey?key=BROKERX-L2-0001
[09:05:18 INF] Received HTTP response headers after 0.8459ms - 200
[09:05:18 INF] End processing HTTP request after 2.3922ms - 200
[09:05:18 INF] Start processing HTTP request GET http://127.0.0.1:48409/api/v2/contract
[09:05:18 INF] Sending HTTP request GET http://127.0.0.1:48409/api/v2/contract
[09:05:18 INF] Received HTTP response headers after 0.5475ms - 200
[09:05:18 INF] End processing HTTP request after 16.3799ms - 200
[09:05:18 INF] Start processing HTTP request GET http://127.0.0.1:48409/api/v2/externally-readable-demand-catalog
[09:05:18 INF] Sending HTTP request GET http://127.0.0.1:48409/api/v2/externally-readable-demand-catalog
[09:05:18 INF] Received HTTP response headers after 0.6924ms - 200
[09:05:18 INF] End processing HTTP request after 32.2482ms - 200
[09:05:18 INF] Executed DbCommand (0ms) [Parameters=[@__agvId_0='?' (Size = 10)], CommandType='Text', CommandTimeout='30']
SELECT "s"."AgvId", "s"."ActiveUnlockSlotsJson", "s"."CapabilityHash", "s"."CapabilityRevision", "s"."DepartureSafe", "s"."ForcedRecoveryGeneration", "s"."ManifestSha256", "s"."PendingAttemptIdsJson", "s"."PendingResultIdsJson", "s"."ProfileId", "s"."ProtocolCommit", "s"."ProtocolVersion", "s"."ProvenRecoveryCheckpoint", "s"."Readiness", "s"."ReasonCode", "s"."RecoveryReportId", "s"."ReportedForcedRecoveryGeneration", "s"."ReportedSlotConfigurationFingerprint", "s"."SafetyHash", "s"."SafetyReasonCodesJson", "s"."SafetyRevision", "s"."SafetyUnknownPresent", "s"."SessionGeneration", "s"."UnsettledSlotOperationAttemptId", "s"."UpdatedAt"
FROM "SessionRecoveries" AS "s"
WHERE "s"."AgvId" = @__agvId_0 AND "s"."Readiness" = 'Ready'
LIMIT 2
[09:05:18 INF] Executed DbCommand (0ms) [Parameters=[@__messageType_0='?' (Size = 18)], CommandType='Text', CommandTimeout='30']
SELECT "p"."MessageId", "p"."ContentHash", "p"."FirstResponseJson", "p"."MessageType", "p"."ReceivedAt", "p"."RequestJson"
FROM "ProtocolInbox" AS "p"
WHERE "p"."MessageType" = @__messageType_0
[09:05:18 INF] Executed DbCommand (0ms) [Parameters=[], CommandType='Text', CommandTimeout='30']
SELECT "p"."MessageId", "p"."ContentHash", "p"."FirstResponseJson", "p"."MessageType", "p"."ReceivedAt", "p"."RequestJson"
FROM "ProtocolInbox" AS "p"
WHERE "p"."MessageType" = 'SafetyStateSnapshot'
[09:05:18 INF] Executed DbCommand (0ms) [Parameters=[], CommandType='Text', CommandTimeout='30']
SELECT "p"."MessageId", "p"."ContentHash", "p"."FirstResponseJson", "p"."MessageType", "p"."ReceivedAt", "p"."RequestJson"
FROM "ProtocolInbox" AS "p"
WHERE "p"."MessageType" IN ('SafetyStateSnapshot', 'SafetyStateChanged')
[09:05:18 INF] Executed DbCommand (0ms) [Parameters=[], CommandType='Text', CommandTimeout='30']
SELECT "p"."MessageId", "p"."ContentHash", "p"."FirstResponseJson", "p"."MessageType", "p"."ReceivedAt", "p"."RequestJson"
FROM "ProtocolInbox" AS "p"
[09:05:18 INF] Start processing HTTP request GET http://127.0.0.1:48408/api/task/vehicles/getVehicleInfoByDeviceKey?key=BROKERX-L2-0001
[09:05:18 INF] Sending HTTP request GET http://127.0.0.1:48408/api/task/vehicles/getVehicleInfoByDeviceKey?key=BROKERX-L2-0001
[09:05:18 INF] Received HTTP response headers after 0.8695ms - 200
[09:05:18 INF] End processing HTTP request after 2.9598ms - 200
[09:05:18 INF] Executed DbCommand (0ms) [Parameters=[@__snapshot_DemandId_0='?' (Size = 36), @__snapshot_TransportDemandKey_1='?' (Size = 38)], CommandType='Text', CommandTimeout='30']
SELECT "a"."DemandId", "a"."AcceptedAt", "a"."CatalogRevision", "a"."CreatedAt", "a"."DemandRevision", "a"."Generation", "a"."HistoryEpoch", "a"."LiveMesFieldsJson", "a"."SeriesId", "a"."Status", "a"."Sublot", "a"."TransportDemandKey", "a"."ValueObservedAt", "a"."ValuePollTraceId", "a"."ValueProjectionCommitId", "a"."WorkType"
FROM "AcceptedDemands" AS "a"
WHERE "a"."DemandId" = @__snapshot_DemandId_0 OR "a"."TransportDemandKey" = @__snapshot_TransportDemandKey_1
LIMIT 2
[09:05:18 INF] Start processing HTTP request GET http://127.0.0.1:48408/api/task/v1/task/getVehicleInfo/BROKERX-L2-0001
[09:05:18 INF] Sending HTTP request GET http://127.0.0.1:48408/api/task/v1/task/getVehicleInfo/BROKERX-L2-0001
[09:05:18 INF] Received HTTP response headers after 0.8213ms - 200
[09:05:18 INF] Executed DbCommand (0ms) [Parameters=[@__orderIntent_VehicleKey_0='?' (Size = 15)], CommandType='Text', CommandTimeout='30']
SELECT "v"."JourneyId", "v"."AcquiredAt", "v"."DemandId", "v"."ReleasedAt", "v"."VehicleKey"
FROM "VehicleDispatchLeases" AS "v"
WHERE "v"."VehicleKey" = @__orderIntent_VehicleKey_0 AND "v"."ReleasedAt" IS NULL
LIMIT 2
[09:05:18 INF] End processing HTTP request after 15.1837ms - 200
[09:05:18 INF] Executed DbCommand (0ms) [Parameters=[], CommandType='Text', CommandTimeout='30']
SELECT MAX("d"."Version")
FROM "DispatchZoneAreaAssignmentVersions" AS "d"
[09:05:18 INF] Start processing HTTP request GET http://127.0.0.1:48408/api/order/v1/orderRecord?pageNum=1&pageSize=100&filterByState=1&filterByState=3&filterByState=7&filterByState=9
[09:05:18 INF] Sending HTTP request GET http://127.0.0.1:48408/api/order/v1/orderRecord?pageNum=1&pageSize=100&filterByState=1&filterByState=3&filterByState=7&filterByState=9
[09:05:18 INF] Received HTTP response headers after 0.7658ms - 200
[09:05:18 INF] Executed DbCommand (0ms) [Parameters=[@__demandId_0='?' (Size = 36)], CommandType='Text', CommandTimeout='30']
SELECT "c"."ConsumerKind", "c"."ConsumerId", "c"."ObjectKind", "c"."ObjectId", "c"."FrozenAt", "c"."FrozenVersion", "c"."SnapshotId"
FROM "ConfigurationConsumerBindings" AS "c"
WHERE "c"."ConsumerKind" = 'TransportDemand' AND "c"."ObjectKind" = 'DispatchZoneAreaAssignment' AND "c"."ObjectId" = 'dispatch-zone-area-assignment' AND "c"."ConsumerId" = @__demandId_0
LIMIT 2
[09:05:18 INF] End processing HTTP request after 14.9575ms - 200
[09:05:18 INF] Executed DbCommand (0ms) [Parameters=[@__version_0='?' (DbType = Int64)], CommandType='Text', CommandTimeout='30']
SELECT "d"."Version", "d"."ContentSha256", "d"."EntryCount", "d"."ImportedAt", "d"."SnapshotId"
FROM "DispatchZoneAreaAssignmentVersions" AS "d"
WHERE "d"."Version" = @__version_0
LIMIT 2
[09:05:18 INF] HTTP GET /api/onboard/v1/vehicle-safety responded 200 in 158.3794 ms
[09:05:18 INF] Executed DbCommand (0ms) [Parameters=[@p0='?' (Size = 36), @p1='?' (Size = 15), @p2='?' (Size = 29), @p3='?' (Size = 26), @p4='?' (DbType = DateTimeOffset), @p5='?' (DbType = Int64), @p6='?' (Size = 32)], CommandType='Text', CommandTimeout='30']
INSERT INTO "ConfigurationConsumerBindings" ("ConsumerId", "ConsumerKind", "ObjectId", "ObjectKind", "FrozenAt", "FrozenVersion", "SnapshotId")
VALUES (@p0, @p1, @p2, @p3, @p4, @p5, @p6);
[09:05:18 INF] Executed DbCommand (0ms) [Parameters=[@__snapshot_DemandId_0='?' (Size = 36)], CommandType='Text', CommandTimeout='30']
DELETE FROM "FrozenDemandStations" AS "f"
WHERE "f"."DemandId" = @__snapshot_DemandId_0
[09:05:19 INF] Executed DbCommand (0ms) [Parameters=[@__demandId_0='?' (Size = 36)], CommandType='Text', CommandTimeout='30']
SELECT "f"."DemandId", "f"."Role", "f"."CatalogRevision", "f"."FrozenAt", "f"."MapId", "f"."StationId", "f"."StationName", "f"."TransportDemandKey"
FROM "FrozenDemandStations" AS "f"
WHERE "f"."DemandId" = @__demandId_0
[09:05:19 INF] Executed DbCommand (0ms) [Parameters=[@p0='?' (Size = 36), @p1='?' (Size = 6), @p2='?' (DbType = Int64), @p3='?' (DbType = DateTimeOffset), @p4='?' (DbType = Int32), @p5='?' (DbType = Int32), @p6='?' (Size = 9), @p7='?' (Size = 38)], CommandType='Text', CommandTimeout='30']
INSERT INTO "FrozenDemandStations" ("DemandId", "Role", "CatalogRevision", "FrozenAt", "MapId", "StationId", "StationName", "TransportDemandKey")
VALUES (@p0, @p1, @p2, @p3, @p4, @p5, @p6, @p7);
[09:05:19 INF] Executed DbCommand (0ms) [Parameters=[@p0='?' (Size = 36), @p1='?' (Size = 7), @p2='?' (DbType = Int64), @p3='?' (DbType = DateTimeOffset), @p4='?' (DbType = Int32), @p5='?' (DbType = Int32), @p6='?' (Size = 2), @p7='?' (Size = 38)], CommandType='Text', CommandTimeout='30']
INSERT INTO "FrozenDemandStations" ("DemandId", "Role", "CatalogRevision", "FrozenAt", "MapId", "StationId", "StationName", "TransportDemandKey")
VALUES (@p0, @p1, @p2, @p3, @p4, @p5, @p6, @p7);
[09:05:19 INF] Executed DbCommand (0ms) [Parameters=[@__demandId_0='?' (Size = 36)], CommandType='Text', CommandTimeout='30']
SELECT "c"."ConsumerKind", "c"."ConsumerId", "c"."ObjectKind", "c"."ObjectId", "c"."FrozenAt", "c"."FrozenVersion", "c"."SnapshotId"
FROM "ConfigurationConsumerBindings" AS "c"
WHERE "c"."ConsumerKind" = 'TransportDemand' AND "c"."ConsumerId" = @__demandId_0 AND (("c"."ObjectKind" = 'TaskTypeStationRule' AND "c"."ObjectId" = 'task-type-station-rules') OR ("c"."ObjectKind" = 'PublicStationBinding' AND "c"."ObjectId" LIKE 'map-%'))
[09:05:19 INF] Executed DbCommand (0ms) [Parameters=[@__ruleVersion_0='?' (DbType = Int64)], CommandType='Text', CommandTimeout='30']
SELECT "t"."Version", "t"."ContentSha256", "t"."LoadedAt", "t"."SnapshotId", "t"."Source"
FROM "TaskTypeStationRuleVersions" AS "t"
WHERE "t"."Version" = @__ruleVersion_0
LIMIT 2
[09:05:19 INF] Executed DbCommand (0ms) [Parameters=[@__mapId_0='?' (DbType = Int32), @__bindingSetVersion_1='?' (DbType = Int64)], CommandType='Text', CommandTimeout='30']
SELECT "t"."MapId", "t"."Version", "t"."CatalogRevision", "t"."ContentSha256", "t"."LoadedAt", "t"."RuleVersion", "t"."SnapshotId", "t"."Source"
FROM "TaskTypeStationBindingSetVersions" AS "t"
WHERE "t"."MapId" = @__mapId_0 AND "t"."Version" = @__bindingSetVersion_1
LIMIT 2
[09:05:19 INF] Executed DbCommand (0ms) [Parameters=[@p0='?' (Size = 36), @p1='?' (Size = 15), @p2='?' (Size = 6), @p3='?' (Size = 20), @p4='?' (DbType = DateTimeOffset), @p5='?' (DbType = Int64), @p6='?' (Size = 32)], CommandType='Text', CommandTimeout='30']
INSERT INTO "ConfigurationConsumerBindings" ("ConsumerId", "ConsumerKind", "ObjectId", "ObjectKind", "FrozenAt", "FrozenVersion", "SnapshotId")
VALUES (@p0, @p1, @p2, @p3, @p4, @p5, @p6);
[09:05:19 INF] Executed DbCommand (0ms) [Parameters=[@p0='?' (Size = 36), @p1='?' (Size = 15), @p2='?' (Size = 23), @p3='?' (Size = 19), @p4='?' (DbType = DateTimeOffset), @p5='?' (DbType = Int64), @p6='?' (Size = 32)], CommandType='Text', CommandTimeout='30']
INSERT INTO "ConfigurationConsumerBindings" ("ConsumerId", "ConsumerKind", "ObjectId", "ObjectKind", "FrozenAt", "FrozenVersion", "SnapshotId")
VALUES (@p0, @p1, @p2, @p3, @p4, @p5, @p6);
[09:05:19 INF] Executed DbCommand (0ms) [Parameters=[@__runtime_AgvId_0='?' (Size = 10)], CommandType='Text', CommandTimeout='30']
SELECT MAX("j"."VehicleBusinessRevision") AS "VehicleBusiness", MAX("j"."WorklistRevision") AS "Worklist", MAX("j"."PlanRevision") AS "Plan"
FROM "JourneyRuntimes" AS "j"
WHERE "j"."AgvId" = @__runtime_AgvId_0
GROUP BY "j"."AgvId"
LIMIT 2
[09:05:19 INF] Executed DbCommand (0ms) [Parameters=[@__messageId_0='?' (Size = 36)], CommandType='Text', CommandTimeout='30']
SELECT "p"."MessageId", "p"."ContentHash", "p"."FirstResponseJson", "p"."MessageType", "p"."ReceivedAt", "p"."RequestJson"
FROM "ProtocolInbox" AS "p"
WHERE "p"."MessageId" = @__messageId_0
LIMIT 2
[09:05:19 INF] Executed DbCommand (0ms) [Parameters=[@__runtime_AgvId_0='?' (Size = 10)], CommandType='Text', CommandTimeout='30']
SELECT "v"."AgvId", "v"."PlanRevision", "v"."VehicleBusinessRevision", "v"."WorklistRevision"
FROM "VehicleSnapshotRevisions" AS "v"
WHERE "v"."AgvId" = @__runtime_AgvId_0
LIMIT 2
[09:05:19 INF] Executed DbCommand (0ms) [Parameters=[@__snapshot_DemandId_0='?' (Size = 36)], CommandType='Text', CommandTimeout='30']
SELECT "j"."DemandId", "j"."AcceptedAt", "j"."DecisionFingerprint", "j"."DemandCreatedAt", "j"."FirstSeenAt", "j"."LastSeenAt", "j"."ReasonCode", "j"."StarvationEscalatedAt", "j"."StarvationEscalationParameterVersion", "j"."TransportDemandKey"
FROM "JourneyBacklog" AS "j"
WHERE "j"."DemandId" = @__snapshot_DemandId_0
LIMIT 2
[09:05:19 INF] Executed DbCommand (0ms) [Parameters=[@p0='?' (Size = 36), @p1='?' (DbType = DateTimeOffset), @p2='?' (DbType = Int64), @p3='?' (DbType = DateTimeOffset), @p4='?' (DbType = Int64), @p5='?' (DbType = Int32), @p6='?' (Size = 36), @p7='?' (Size = 89), @p8='?' (Size = 39), @p9='?' (Size = 8), @p10='?' (Size = 25), @p11='?' (Size = 38), @p12='?' (DbType = DateTimeOffset), @p13='?' (Size = 38), @p14='?' (Size = 39), @p15='?' (Size = 12)], CommandType='Text', CommandTimeout='30']
INSERT INTO "AcceptedDemands" ("DemandId", "AcceptedAt", "CatalogRevision", "CreatedAt", "DemandRevision", "Generation", "HistoryEpoch", "LiveMesFieldsJson", "SeriesId", "Status", "Sublot", "TransportDemandKey", "ValueObservedAt", "ValuePollTraceId", "ValueProjectionCommitId", "WorkType")
VALUES (@p0, @p1, @p2, @p3, @p4, @p5, @p6, @p7, @p8, @p9, @p10, @p11, @p12, @p13, @p14, @p15);
[09:05:19 INF] Executed DbCommand (0ms) [Parameters=[@p3='?' (Size = 36), @p0='?' (DbType = DateTimeOffset), @p1='?' (DbType = DateTimeOffset), @p2='?' (Size = 8)], CommandType='Text', CommandTimeout='30']
UPDATE "JourneyBacklog" SET "AcceptedAt" = @p0, "LastSeenAt" = @p1, "ReasonCode" = @p2
WHERE "DemandId" = @p3
RETURNING 1;
[09:05:19 INF] Executed DbCommand (0ms) [Parameters=[@p0='?' (Size = 36), @p1='?' (Size = 44), @p2='?' (DbType = DateTimeOffset), @p3='?' (DbType = Int64), @p4='?' (Size = 19), @p5='?' (DbType = Int64), @p6='?' (DbType = Int32), @p7='?' (Size = 36), @p8='?' (Size = 36), @p9='?', @p10='?' (Size = 51), @p11='?', @p12='?' (DbType = DateTimeOffset), @p13='?' (Size = 12), @p14='?' (Size = 3), @p15='?' (Size = 36), @p16='?' (Size = 36), @p17='?' (Size = 51)], CommandType='Text', CommandTimeout='30']
INSERT INTO "JourneyDemands" ("DemandId", "JourneyId", "AddedAt", "DispatchGeneration", "DispatchZone", "DispatchZoneParameterVersion", "ExpectedBasketCount", "LoadCommandMessageId", "LoadSlotOperationAttemptId", "LoadedSlotsJson", "PickupStopId", "RemovalReason", "RemovedAt", "Status", "TargetSlotsJson", "UnloadCommandMessageId", "UnloadSlotOperationAttemptId", "UnloadStopId")
VALUES (@p0, @p1, @p2, @p3, @p4, @p5, @p6, @p7, @p8, @p9, @p10, @p11, @p12, @p13, @p14, @p15, @p16, @p17);
[09:05:19 INF] Executed DbCommand (0ms) [Parameters=[@p0='?' (Size = 44), @p1='?' (Size = 10), @p2='?' (DbType = Int64), @p3='?' (DbType = DateTimeOffset), @p4='?', @p5='?' (DbType = DateTimeOffset), @p6='?' (DbType = DateTimeOffset), @p7='?', @p8='?', @p9='?' (DbType = DateTimeOffset), @p10='?' (Size = 36), @p11='?' (DbType = Int64), @p12='?' (Size = 19), @p13='?' (DbType = Int32), @p14='?', @p15='?' (Size = 36), @p16='?' (Size = 36), @p17='?' (Size = 2), @p18='?' (DbType = Int32), @p19='?' (Size = 47), @p20='?' (Size = 36), @p21='?' (Size = 36), @p22='?' (Size = 36), @p23='?' (Size = 36), @p24='?', @p25='?', @p26='?' (DbType = Int32), @p27='?' (Size = 6), @p28='?' (Size = 36), @p29='?' (Size = 36), @p30='?' (Size = 9), @p31='?' (DbType = Int32), @p32='?' (Size = 49), @p33='?' (Size = 36), @p34='?' (DbType = Int64), @p35='?' (Size = 36), @p36='?' (Size = 36), @p37='?' (Size = 71), @p38='?' (Size = 21), @p39='?' (DbType = DateTimeOffset), @p40='?' (Size = 36), @p41='?' (Size = 3), @p42='?' (Size = 36), @p43='?' (Size = 36), @p44='?' (DbType = DateTimeOffset), @p45='?' (Size = 36), @p46='?' (DbType = Int64), @p47='?' (Size = 15), @p48='?' (Size = 36), @p49='?' (DbType = Int64), @p50='?' (DbType = DateTimeOffset), @p51='?'], CommandType='Text', CommandTimeout='30']
INSERT INTO "JourneyRuntimes" ("JourneyId", "AgvId", "AgvLifecycleGeneration", "AreaEndAdmissionRevokedSince", "BlockReasonCode", "BlockReasonSince", "CargoHoldingStartedAt", "ConsumedSafetyResultMessageId", "ConsumedSublotMessageId", "CreatedAt", "DemandId", "DispatchGeneration", "DispatchZone", "ExpectedBasketCount", "FullSlotPositionsJson", "GateMovementLegId", "GatePlanMessageId", "GateStationId", "GateStationRiotId", "GateUpperId", "GateVehicleBusinessMessageId", "GateWorklistMessageId", "LoadCommandMessageId", "LoadSlotOperationAttemptId", "LoadingClosedReason", "LoadingPhaseState", "MapId", "MapIdentity", "OperationSessionId", "PickupMovementLegId", "PickupStationId", "PickupStationRiotId", "PickupUpperId", "PlanMessageId", "PlanRevision", "PreDepartureSafetyCheckId", "PreDepartureSafetyCheckMessageId", "RouteEvidenceId", "Stage", "StationDepartureWaitStartedAt", "SublotRequestMessageId", "TargetSlotsJson", "UnloadCommandMessageId", "UnloadSlotOperationAttemptId", "UpdatedAt", "VehicleBusinessMessageId", "VehicleBusinessRevision", "VehicleKey", "WorklistMessageId", "WorklistRevision", "YieldTriggeredAt", "YieldTriggeredByVehicleKey")
VALUES (@p0, @p1, @p2, @p3, @p4, @p5, @p6, @p7, @p8, @p9, @p10, @p11, @p12, @p13, @p14, @p15, @p16, @p17, @p18, @p19, @p20, @p21, @p22, @p23, @p24, @p25, @p26, @p27, @p28, @p29, @p30, @p31, @p32, @p33, @p34, @p35, @p36, @p37, @p38, @p39, @p40, @p41, @p42, @p43, @p44, @p45, @p46, @p47, @p48, @p49, @p50, @p51);
[09:05:19 INF] Executed DbCommand (0ms) [Parameters=[@p0='?' (Size = 51), @p1='?' (DbType = DateTimeOffset), @p2='?' (Size = 36), @p3='?' (Size = 36), @p4='?' (Size = 19), @p5='?' (Size = 44), @p6='?' (Size = 36), @p7='?' (Size = 36), @p8='?' (Size = 36), @p9='?' (DbType = Int32), @p10='?' (Size = 9), @p11='?' (DbType = Int32), @p12='?' (Size = 7), @p13='?' (Size = 6), @p14='?' (Size = 36), @p15='?' (Size = 49), @p16='?' (Size = 36), @p17='?' (Size = 36)], CommandType='Text', CommandTimeout='30']
INSERT INTO "JourneyStops" ("StopId", "CreatedAt", "DepartureSafetyCheckId", "DepartureSafetyCheckMessageId", "DispatchZone", "JourneyId", "MovementLegId", "OperationSessionId", "PlanMessageId", "Sequence", "StationId", "StationRiotId", "Status", "StopRole", "SublotRequestMessageId", "UpperId", "VehicleBusinessMessageId", "WorklistMessageId")
VALUES (@p0, @p1, @p2, @p3, @p4, @p5, @p6, @p7, @p8, @p9, @p10, @p11, @p12, @p13, @p14, @p15, @p16, @p17);
[09:05:19 INF] Executed DbCommand (0ms) [Parameters=[@p0='?' (Size = 51), @p1='?' (DbType = DateTimeOffset), @p2='?', @p3='?', @p4='?' (Size = 19), @p5='?' (Size = 44), @p6='?' (Size = 36), @p7='?' (Size = 36), @p8='?' (Size = 36), @p9='?' (DbType = Int32), @p10='?' (Size = 2), @p11='?' (DbType = Int32), @p12='?' (Size = 7), @p13='?' (Size = 6), @p14='?', @p15='?' (Size = 47), @p16='?' (Size = 36), @p17='?' (Size = 36)], CommandType='Text', CommandTimeout='30']
INSERT INTO "JourneyStops" ("StopId", "CreatedAt", "DepartureSafetyCheckId", "DepartureSafetyCheckMessageId", "DispatchZone", "JourneyId", "MovementLegId", "OperationSessionId", "PlanMessageId", "Sequence", "StationId", "StationRiotId", "Status", "StopRole", "SublotRequestMessageId", "UpperId", "VehicleBusinessMessageId", "WorklistMessageId")
VALUES (@p0, @p1, @p2, @p3, @p4, @p5, @p6, @p7, @p8, @p9, @p10, @p11, @p12, @p13, @p14, @p15, @p16, @p17);
[09:05:19 INF] Executed DbCommand (1ms) [Parameters=[@p0='?' (Size = 36), @p1='?' (DbType = Int64), @p2='?' (DbType = Int32), @p3='?', @p4='?' (DbType = DateTimeOffset), @p5='?' (DbType = DateTimeOffset), @p6='?' (Size = 36), @p7='?' (DbType = Int32), @p8='?' (DbType = Int64), @p9='?' (DbType = Int32), @p10='?' (DbType = Int64), @p11='?', @p12='?', @p13='?' (DbType = DateTimeOffset), @p14='?', @p15='?', @p16='?' (DbType = DateTimeOffset), @p17='?', @p18='?' (DbType = Int32), @p19='?', @p20='?' (Size = 9), @p21='?' (Size = 22), @p22='?' (Size = 9), @p23='?' (Size = 49), @p24='?' (Size = 15), @p25='?' (DbType = DateTimeOffset), @p26='?' (DbType = DateTimeOffset)], CommandType='Text', CommandTimeout='30']
INSERT INTO "OrderIntents" ("MovementLegId", "AgvLifecycleGeneration", "CreateAttemptCount", "CreateAttemptId", "CreateDispatchArmedAt", "CreatedAt", "DemandId", "DestinationStationId", "DispatchAuditSequence", "DispatchAuditVersion", "DispatchGeneration", "ExperimentalCreateAuthorizationId", "LastCreateOutcome", "LastCreateOutcomeAt", "LastCreateReceiptJson", "LastReconciliationOutcome", "LastReconciliationOutcomeAt", "LastReconciliationReceiptJson", "MapId", "OrderId", "Purpose", "Status", "TargetStationId", "UpperId", "VehicleKey", "VehicleOccupancyClaimedAt", "VehicleOccupancyReleasedAt")
VALUES (@p0, @p1, @p2, @p3, @p4, @p5, @p6, @p7, @p8, @p9, @p10, @p11, @p12, @p13, @p14, @p15, @p16, @p17, @p18, @p19, @p20, @p21, @p22, @p23, @p24, @p25, @p26);
[09:05:19 INF] Executed DbCommand (0ms) [Parameters=[@p0='?' (Size = 44), @p1='?' (DbType = DateTimeOffset), @p2='?' (Size = 36), @p3='?' (DbType = DateTimeOffset), @p4='?' (Size = 15)], CommandType='Text', CommandTimeout='30']
INSERT INTO "VehicleDispatchLeases" ("JourneyId", "AcquiredAt", "DemandId", "ReleasedAt", "VehicleKey")
VALUES (@p0, @p1, @p2, @p3, @p4);
[09:05:19 INF] Executed DbCommand (0ms) [Parameters=[@p0='?' (Size = 15), @p1='?' (DbType = DateTimeOffset), @p2='?' (Size = 44), @p3='?' (Size = 9)], CommandType='Text', CommandTimeout='30']
INSERT INTO "VehiclePurposeClaims" ("VehicleKey", "ClaimedAt", "JourneyId", "Purpose")
VALUES (@p0, @p1, @p2, @p3);
[09:05:19 INF] Executed DbCommand (0ms) [Parameters=[@p0='?' (Size = 10), @p1='?' (DbType = Int64), @p2='?' (DbType = Int64), @p3='?' (DbType = Int64)], CommandType='Text', CommandTimeout='30']
INSERT INTO "VehicleSnapshotRevisions" ("AgvId", "PlanRevision", "VehicleBusinessRevision", "WorklistRevision")
VALUES (@p0, @p1, @p2, @p3);
[09:05:19 INF] Executed DbCommand (0ms) [Parameters=[@__upperId_0='?' (Size = 49)], CommandType='Text', CommandTimeout='30']
SELECT "o"."MovementLegId", "o"."AgvLifecycleGeneration", "o"."CreateAttemptCount", "o"."CreateAttemptId", "o"."CreateDispatchArmedAt", "o"."CreatedAt", "o"."DemandId", "o"."DestinationStationId", "o"."DispatchAuditSequence", "o"."DispatchAuditVersion", "o"."DispatchGeneration", "o"."ExperimentalCreateAuthorizationId", "o"."LastCreateOutcome", "o"."LastCreateOutcomeAt", "o"."LastCreateReceiptJson", "o"."LastReconciliationOutcome", "o"."LastReconciliationOutcomeAt", "o"."LastReconciliationReceiptJson", "o"."MapId", "o"."OrderId", "o"."Purpose", "o"."Status", "o"."TargetStationId", "o"."UpperId", "o"."VehicleKey", "o"."VehicleOccupancyClaimedAt", "o"."VehicleOccupancyReleasedAt"
FROM "OrderIntents" AS "o"
WHERE "o"."UpperId" = @__upperId_0
LIMIT 2
[09:05:19 INF] Executed DbCommand (0ms) [Parameters=[], CommandType='Text', CommandTimeout='30']
SELECT "e"."AuthorizationId", "e"."AgvLifecycleGeneration", "e"."AuthorizationVersion", "e"."ConsumedAt", "e"."ConsumedByAttemptId", "e"."DemandId", "e"."DispatchGeneration", "e"."ExpiresAt", "e"."MovementLegId", "e"."PersistedAt", "e"."UpperId"
FROM "ExperimentalRiotCreateAuthorizations" AS "e"
WHERE 0
LIMIT 2
[09:05:19 INF] Start processing HTTP request GET http://127.0.0.1:48408/api/order/v1/orderRecord/detailByUpperId/W2G-2dc71c81-cb3a-4911-87a9-ccc305987d86-PICKUP-1
[09:05:19 INF] Sending HTTP request GET http://127.0.0.1:48408/api/order/v1/orderRecord/detailByUpperId/W2G-2dc71c81-cb3a-4911-87a9-ccc305987d86-PICKUP-1
[09:05:19 INF] Received HTTP response headers after 7.7673ms - 404
[09:05:19 INF] End processing HTTP request after 77.663ms - 404
[09:05:19 INF] Executed DbCommand (0ms) [Parameters=[@__upperId_0='?' (Size = 49)], CommandType='Text', CommandTimeout='30']
SELECT "o"."MovementLegId", "o"."AgvLifecycleGeneration", "o"."CreateAttemptCount", "o"."CreateAttemptId", "o"."CreateDispatchArmedAt", "o"."CreatedAt", "o"."DemandId", "o"."DestinationStationId", "o"."DispatchAuditSequence", "o"."DispatchAuditVersion", "o"."DispatchGeneration", "o"."ExperimentalCreateAuthorizationId", "o"."LastCreateOutcome", "o"."LastCreateOutcomeAt", "o"."LastCreateReceiptJson", "o"."LastReconciliationOutcome", "o"."LastReconciliationOutcomeAt", "o"."LastReconciliationReceiptJson", "o"."MapId", "o"."OrderId", "o"."Purpose", "o"."Status", "o"."TargetStationId", "o"."UpperId", "o"."VehicleKey", "o"."VehicleOccupancyClaimedAt", "o"."VehicleOccupancyReleasedAt"
FROM "OrderIntents" AS "o"
WHERE "o"."UpperId" = @__upperId_0
LIMIT 2
[09:05:19 INF] Executed DbCommand (0ms) [Parameters=[@p0='?' (Size = 36), @p1='?' (Size = 64), @p2='?' (Size = 536), @p3='?' (Size = 9), @p4='?' (DbType = DateTimeOffset), @p5='?' (Size = 427)], CommandType='Text', CommandTimeout='30']
INSERT INTO "ProtocolInbox" ("MessageId", "ContentHash", "FirstResponseJson", "MessageType", "ReceivedAt", "RequestJson")
VALUES (@p0, @p1, @p2, @p3, @p4, @p5);
[09:05:19 INF] Executed DbCommand (0ms) [Parameters=[@p4='?' (Size = 36), @p5='?' (DbType = Int32), @p0='?' (DbType = Int64), @p6='?' (DbType = Int64), @p8='?', @p1='?' (Size = 31), @p2='?' (DbType = DateTimeOffset), @p3='?' (Size = 188), @p7='?' (Size = 22)], CommandType='Text', CommandTimeout='30']
UPDATE "OrderIntents" SET "DispatchAuditSequence" = @p0, "LastReconciliationOutcome" = @p1, "LastReconciliationOutcomeAt" = @p2, "LastReconciliationReceiptJson" = @p3
WHERE "MovementLegId" = @p4 AND "CreateAttemptCount" = @p5 AND "DispatchAuditSequence" = @p6 AND "ExperimentalCreateAuthorizationId" IS NULL AND "Status" = @p7
RETURNING 1;
[09:05:19 INF] Executed DbCommand (0ms) [Parameters=[@p0='?' (Size = 36), @p1='?', @p2='?' (DbType = Int32), @p3='?', @p4='?' (Size = 36), @p5='?' (DbType = Int64), @p6='?', @p7='?', @p8='?', @p9='?' (DbType = Int32), @p10='?' (Size = 36), @p11='?' (DbType = DateTimeOffset), @p12='?' (Size = 9), @p13='?' (Size = 25), @p14='?' (Size = 8), @p15='?' (DbType = DateTimeOffset), @p16='?' (Size = 9), @p17='?', @p18='?' (DbType = Boolean), @p19='?', @p20='?' (DbType = Int64), @p21='?' (Size = 49)], CommandType='Text', CommandTimeout='30']
INSERT INTO "RiotDispatchAuditEvents" ("AuditEventId", "AttemptId", "AttemptNumber", "BusinessCode", "DemandId", "DispatchGeneration", "EligibilityBasis", "ExperimentalAuthorizationId", "FailureCategory", "HttpStatusCode", "MovementLegId", "OccurredAt", "Outcome", "Phase", "ReceiptClassification", "ReceiptObservedAt", "ReceiptOperation", "RequestSemanticSha256", "ResultPresent", "ReturnedOrderId", "Sequence", "UpperId")
VALUES (@p0, @p1, @p2, @p3, @p4, @p5, @p6, @p7, @p8, @p9, @p10, @p11, @p12, @p13, @p14, @p15, @p16, @p17, @p18, @p19, @p20, @p21);
[09:05:19 INF] Executed DbCommand (0ms) [Parameters=[@__upperId_0='?' (Size = 49)], CommandType='Text', CommandTimeout='30']
SELECT "o"."MovementLegId", "o"."AgvLifecycleGeneration", "o"."CreateAttemptCount", "o"."CreateAttemptId", "o"."CreateDispatchArmedAt", "o"."CreatedAt", "o"."DemandId", "o"."DestinationStationId", "o"."DispatchAuditSequence", "o"."DispatchAuditVersion", "o"."DispatchGeneration", "o"."ExperimentalCreateAuthorizationId", "o"."LastCreateOutcome", "o"."LastCreateOutcomeAt", "o"."LastCreateReceiptJson", "o"."LastReconciliationOutcome", "o"."LastReconciliationOutcomeAt", "o"."LastReconciliationReceiptJson", "o"."MapId", "o"."OrderId", "o"."Purpose", "o"."Status", "o"."TargetStationId", "o"."UpperId", "o"."VehicleKey", "o"."VehicleOccupancyClaimedAt", "o"."VehicleOccupancyReleasedAt"
FROM "OrderIntents" AS "o"
WHERE "o"."UpperId" = @__upperId_0
LIMIT 2
[09:05:19 INF] Executed DbCommand (0ms) [Parameters=[@p7='?' (Size = 36), @p0='?' (DbType = Int32), @p8='?' (DbType = Int32), @p1='?' (Size = 36), @p2='?' (DbType = DateTimeOffset), @p3='?' (DbType = Int64), @p9='?' (DbType = Int64), @p11='?', @p4='?' (Size = 13), @p5='?' (DbType = DateTimeOffset), @p6='?' (Size = 16), @p10='?' (Size = 22)], CommandType='Text', CommandTimeout='30']
UPDATE "OrderIntents" SET "CreateAttemptCount" = @p0, "CreateAttemptId" = @p1, "CreateDispatchArmedAt" = @p2, "DispatchAuditSequence" = @p3, "LastCreateOutcome" = @p4, "LastCreateOutcomeAt" = @p5, "Status" = @p6
WHERE "MovementLegId" = @p7 AND "CreateAttemptCount" = @p8 AND "DispatchAuditSequence" = @p9 AND "ExperimentalCreateAuthorizationId" IS NULL AND "Status" = @p10
RETURNING 1;
[09:05:19 INF] Executed DbCommand (0ms) [Parameters=[@p0='?' (Size = 36), @p1='?' (Size = 36), @p2='?' (DbType = Int32), @p3='?', @p4='?' (Size = 36), @p5='?' (DbType = Int64), @p6='?', @p7='?', @p8='?', @p9='?' (DbType = Int32), @p10='?' (Size = 36), @p11='?' (DbType = DateTimeOffset), @p12='?' (Size = 5), @p13='?' (Size = 15), @p14='?', @p15='?' (DbType = DateTimeOffset), @p16='?', @p17='?' (Size = 64), @p18='?' (DbType = Boolean), @p19='?', @p20='?' (DbType = Int64), @p21='?' (Size = 49)], CommandType='Text', CommandTimeout='30']
INSERT INTO "RiotDispatchAuditEvents" ("AuditEventId", "AttemptId", "AttemptNumber", "BusinessCode", "DemandId", "DispatchGeneration", "EligibilityBasis", "ExperimentalAuthorizationId", "FailureCategory", "HttpStatusCode", "MovementLegId", "OccurredAt", "Outcome", "Phase", "ReceiptClassification", "ReceiptObservedAt", "ReceiptOperation", "RequestSemanticSha256", "ResultPresent", "ReturnedOrderId", "Sequence", "UpperId")
VALUES (@p0, @p1, @p2, @p3, @p4, @p5, @p6, @p7, @p8, @p9, @p10, @p11, @p12, @p13, @p14, @p15, @p16, @p17, @p18, @p19, @p20, @p21);
[09:05:19 INF] Executed DbCommand (0ms) [Parameters=[@__upperId_0='?' (Size = 49)], CommandType='Text', CommandTimeout='30']
SELECT "o"."MovementLegId", "o"."AgvLifecycleGeneration", "o"."CreateAttemptCount", "o"."CreateAttemptId", "o"."CreateDispatchArmedAt", "o"."CreatedAt", "o"."DemandId", "o"."DestinationStationId", "o"."DispatchAuditSequence", "o"."DispatchAuditVersion", "o"."DispatchGeneration", "o"."ExperimentalCreateAuthorizationId", "o"."LastCreateOutcome", "o"."LastCreateOutcomeAt", "o"."LastCreateReceiptJson", "o"."LastReconciliationOutcome", "o"."LastReconciliationOutcomeAt", "o"."LastReconciliationReceiptJson", "o"."MapId", "o"."OrderId", "o"."Purpose", "o"."Status", "o"."TargetStationId", "o"."UpperId", "o"."VehicleKey", "o"."VehicleOccupancyClaimedAt", "o"."VehicleOccupancyReleasedAt"
FROM "OrderIntents" AS "o"
WHERE "o"."UpperId" = @__upperId_0
LIMIT 2
[09:05:19 INF] Executed DbCommand (0ms) [Parameters=[@p3='?' (Size = 36), @p4='?' (DbType = Int32), @p0='?' (DbType = Int64), @p5='?' (DbType = Int64), @p7='?', @p1='?' (Size = 20), @p2='?' (DbType = DateTimeOffset), @p6='?' (Size = 16)], CommandType='Text', CommandTimeout='30']
UPDATE "OrderIntents" SET "DispatchAuditSequence" = @p0, "LastCreateOutcome" = @p1, "LastCreateOutcomeAt" = @p2
WHERE "MovementLegId" = @p3 AND "CreateAttemptCount" = @p4 AND "DispatchAuditSequence" = @p5 AND "ExperimentalCreateAuthorizationId" IS NULL AND "Status" = @p6
RETURNING 1;
[09:05:19 INF] Executed DbCommand (0ms) [Parameters=[@p0='?' (Size = 36), @p1='?' (Size = 36), @p2='?' (DbType = Int32), @p3='?', @p4='?' (Size = 36), @p5='?' (DbType = Int64), @p6='?', @p7='?', @p8='?', @p9='?' (DbType = Int32), @p10='?' (Size = 36), @p11='?' (DbType = DateTimeOffset), @p12='?' (Size = 7), @p13='?' (Size = 14), @p14='?', @p15='?' (DbType = DateTimeOffset), @p16='?', @p17='?' (Size = 64), @p18='?' (DbType = Boolean), @p19='?', @p20='?' (DbType = Int64), @p21='?' (Size = 49)], CommandType='Text', CommandTimeout='30']
INSERT INTO "RiotDispatchAuditEvents" ("AuditEventId", "AttemptId", "AttemptNumber", "BusinessCode", "DemandId", "DispatchGeneration", "EligibilityBasis", "ExperimentalAuthorizationId", "FailureCategory", "HttpStatusCode", "MovementLegId", "OccurredAt", "Outcome", "Phase", "ReceiptClassification", "ReceiptObservedAt", "ReceiptOperation", "RequestSemanticSha256", "ResultPresent", "ReturnedOrderId", "Sequence", "UpperId")
VALUES (@p0, @p1, @p2, @p3, @p4, @p5, @p6, @p7, @p8, @p9, @p10, @p11, @p12, @p13, @p14, @p15, @p16, @p17, @p18, @p19, @p20, @p21);
[09:05:19 INF] Start processing HTTP request POST http://127.0.0.1:48408/api/order/v1/add/byDefaultMissions
[09:05:19 INF] Sending HTTP request POST http://127.0.0.1:48408/api/order/v1/add/byDefaultMissions
[09:05:19 INF] Received HTTP response headers after 11.5969ms - 200
[09:05:19 INF] End processing HTTP request after 31.2742ms - 200
[09:05:19 INF] Executed DbCommand (0ms) [Parameters=[@__upperId_0='?' (Size = 49)], CommandType='Text', CommandTimeout='30']
SELECT "o"."MovementLegId", "o"."AgvLifecycleGeneration", "o"."CreateAttemptCount", "o"."CreateAttemptId", "o"."CreateDispatchArmedAt", "o"."CreatedAt", "o"."DemandId", "o"."DestinationStationId", "o"."DispatchAuditSequence", "o"."DispatchAuditVersion", "o"."DispatchGeneration", "o"."ExperimentalCreateAuthorizationId", "o"."LastCreateOutcome", "o"."LastCreateOutcomeAt", "o"."LastCreateReceiptJson", "o"."LastReconciliationOutcome", "o"."LastReconciliationOutcomeAt", "o"."LastReconciliationReceiptJson", "o"."MapId", "o"."OrderId", "o"."Purpose", "o"."Status", "o"."TargetStationId", "o"."UpperId", "o"."VehicleKey", "o"."VehicleOccupancyClaimedAt", "o"."VehicleOccupancyReleasedAt"
FROM "OrderIntents" AS "o"
WHERE "o"."UpperId" = @__upperId_0
LIMIT 2
[09:05:19 INF] Executed DbCommand (0ms) [Parameters=[@p4='?' (Size = 36), @p5='?' (DbType = Int32), @p0='?' (DbType = Int64), @p6='?' (DbType = Int64), @p8='?', @p1='?' (Size = 22), @p2='?' (DbType = DateTimeOffset), @p3='?' (Size = 187), @p7='?' (Size = 16)], CommandType='Text', CommandTimeout='30']
UPDATE "OrderIntents" SET "DispatchAuditSequence" = @p0, "LastCreateOutcome" = @p1, "LastCreateOutcomeAt" = @p2, "LastCreateReceiptJson" = @p3
WHERE "MovementLegId" = @p4 AND "CreateAttemptCount" = @p5 AND "DispatchAuditSequence" = @p6 AND "ExperimentalCreateAuthorizationId" IS NULL AND "Status" = @p7
RETURNING 1;
[09:05:19 INF] Executed DbCommand (0ms) [Parameters=[@p0='?' (Size = 36), @p1='?' (Size = 36), @p2='?' (DbType = Int32), @p3='?', @p4='?' (Size = 36), @p5='?' (DbType = Int64), @p6='?', @p7='?', @p8='?', @p9='?' (DbType = Int32), @p10='?' (Size = 36), @p11='?' (DbType = DateTimeOffset), @p12='?' (Size = 8), @p13='?' (Size = 15), @p14='?' (Size = 11), @p15='?' (DbType = DateTimeOffset), @p16='?' (Size = 6), @p17='?', @p18='?' (DbType = Boolean), @p19='?' (Size = 12), @p20='?' (DbType = Int64), @p21='?' (Size = 49)], CommandType='Text', CommandTimeout='30']
INSERT INTO "RiotDispatchAuditEvents" ("AuditEventId", "AttemptId", "AttemptNumber", "BusinessCode", "DemandId", "DispatchGeneration", "EligibilityBasis", "ExperimentalAuthorizationId", "FailureCategory", "HttpStatusCode", "MovementLegId", "OccurredAt", "Outcome", "Phase", "ReceiptClassification", "ReceiptObservedAt", "ReceiptOperation", "RequestSemanticSha256", "ResultPresent", "ReturnedOrderId", "Sequence", "UpperId")
VALUES (@p0, @p1, @p2, @p3, @p4, @p5, @p6, @p7, @p8, @p9, @p10, @p11, @p12, @p13, @p14, @p15, @p16, @p17, @p18, @p19, @p20, @p21);
[09:05:19 INF] Start processing HTTP request GET http://127.0.0.1:48408/api/order/v1/orderRecord/detailByUpperId/W2G-2dc71c81-cb3a-4911-87a9-ccc305987d86-PICKUP-1
[09:05:19 INF] Sending HTTP request GET http://127.0.0.1:48408/api/order/v1/orderRecord/detailByUpperId/W2G-2dc71c81-cb3a-4911-87a9-ccc305987d86-PICKUP-1
[09:05:19 INF] Received HTTP response headers after 7.5311ms - 200
[09:05:19 INF] End processing HTTP request after 9.1101ms - 200
[09:05:19 INF] Executed DbCommand (0ms) [Parameters=[@__upperId_0='?' (Size = 49)], CommandType='Text', CommandTimeout='30']
SELECT "o"."MovementLegId", "o"."AgvLifecycleGeneration", "o"."CreateAttemptCount", "o"."CreateAttemptId", "o"."CreateDispatchArmedAt", "o"."CreatedAt", "o"."DemandId", "o"."DestinationStationId", "o"."DispatchAuditSequence", "o"."DispatchAuditVersion", "o"."DispatchGeneration", "o"."ExperimentalCreateAuthorizationId", "o"."LastCreateOutcome", "o"."LastCreateOutcomeAt", "o"."LastCreateReceiptJson", "o"."LastReconciliationOutcome", "o"."LastReconciliationOutcomeAt", "o"."LastReconciliationReceiptJson", "o"."MapId", "o"."OrderId", "o"."Purpose", "o"."Status", "o"."TargetStationId", "o"."UpperId", "o"."VehicleKey", "o"."VehicleOccupancyClaimedAt", "o"."VehicleOccupancyReleasedAt"
FROM "OrderIntents" AS "o"
WHERE "o"."UpperId" = @__upperId_0
LIMIT 2
[09:05:19 INF] Executed DbCommand (0ms) [Parameters=[@p6='?' (Size = 36), @p7='?' (DbType = Int32), @p0='?' (DbType = Int64), @p8='?' (DbType = Int64), @p10='?', @p1='?' (Size = 33), @p2='?' (DbType = DateTimeOffset), @p3='?' (Size = 185), @p4='?' (Size = 12), @p5='?' (Size = 9), @p9='?' (Size = 16)], CommandType='Text', CommandTimeout='30']
UPDATE "OrderIntents" SET "DispatchAuditSequence" = @p0, "LastReconciliationOutcome" = @p1, "LastReconciliationOutcomeAt" = @p2, "LastReconciliationReceiptJson" = @p3, "OrderId" = @p4, "Status" = @p5
WHERE "MovementLegId" = @p6 AND "CreateAttemptCount" = @p7 AND "DispatchAuditSequence" = @p8 AND "ExperimentalCreateAuthorizationId" IS NULL AND "Status" = @p9
RETURNING 1;
[09:05:19 INF] Executed DbCommand (0ms) [Parameters=[@p0='?' (Size = 36), @p1='?' (Size = 36), @p2='?' (DbType = Int32), @p3='?', @p4='?' (Size = 36), @p5='?' (DbType = Int64), @p6='?', @p7='?', @p8='?', @p9='?' (DbType = Int32), @p10='?' (Size = 36), @p11='?' (DbType = DateTimeOffset), @p12='?' (Size = 9), @p13='?' (Size = 26), @p14='?' (Size = 5), @p15='?' (DbType = DateTimeOffset), @p16='?' (Size = 9), @p17='?', @p18='?' (DbType = Boolean), @p19='?' (Size = 12), @p20='?' (DbType = Int64), @p21='?' (Size = 49)], CommandType='Text', CommandTimeout='30']
INSERT INTO "RiotDispatchAuditEvents" ("AuditEventId", "AttemptId", "AttemptNumber", "BusinessCode", "DemandId", "DispatchGeneration", "EligibilityBasis", "ExperimentalAuthorizationId", "FailureCategory", "HttpStatusCode", "MovementLegId", "OccurredAt", "Outcome", "Phase", "ReceiptClassification", "ReceiptObservedAt", "ReceiptOperation", "RequestSemanticSha256", "ResultPresent", "ReturnedOrderId", "Sequence", "UpperId")
VALUES (@p0, @p1, @p2, @p3, @p4, @p5, @p6, @p7, @p8, @p9, @p10, @p11, @p12, @p13, @p14, @p15, @p16, @p17, @p18, @p19, @p20, @p21);
[09:05:19 INF] Executed DbCommand (0ms) [Parameters=[@__upperId_0='?' (Size = 49)], CommandType='Text', CommandTimeout='30']
SELECT "o"."MovementLegId", "o"."AgvLifecycleGeneration", "o"."CreateAttemptCount", "o"."CreateAttemptId", "o"."CreateDispatchArmedAt", "o"."CreatedAt", "o"."DemandId", "o"."DestinationStationId", "o"."DispatchAuditSequence", "o"."DispatchAuditVersion", "o"."DispatchGeneration", "o"."ExperimentalCreateAuthorizationId", "o"."LastCreateOutcome", "o"."LastCreateOutcomeAt", "o"."LastCreateReceiptJson", "o"."LastReconciliationOutcome", "o"."LastReconciliationOutcomeAt", "o"."LastReconciliationReceiptJson", "o"."MapId", "o"."OrderId", "o"."Purpose", "o"."Status", "o"."TargetStationId", "o"."UpperId", "o"."VehicleKey", "o"."VehicleOccupancyClaimedAt", "o"."VehicleOccupancyReleasedAt"
FROM "OrderIntents" AS "o"
WHERE "o"."UpperId" = @__upperId_0
LIMIT 2
[09:05:19 INF] Executed DbCommand (0ms) [Parameters=[@p1='?' (Size = 36), @p2='?' (DbType = Int32), @p3='?' (DbType = Int64), @p5='?', @p4='?' (Size = 9), @p0='?' (DbType = DateTimeOffset)], CommandType='Text', CommandTimeout='30']
UPDATE "OrderIntents" SET "VehicleOccupancyClaimedAt" = @p0
WHERE "MovementLegId" = @p1 AND "CreateAttemptCount" = @p2 AND "DispatchAuditSequence" = @p3 AND "ExperimentalCreateAuthorizationId" IS NULL AND "Status" = @p4
RETURNING 1;
[09:05:19 INF] Executed DbCommand (0ms) [Parameters=[], CommandType='Text', CommandTimeout='30']
SELECT "s"."DemandId", "s"."ReasonCode", "s"."ClearedAt", "s"."DetailJson", "s"."FirstRaisedAt", "s"."LastSeenAt", "s"."TransportDemandKey"
FROM "StructuralDispatchBlocks" AS "s"
WHERE "s"."ClearedAt" IS NULL
[09:05:19 INF] Start processing HTTP request GET http://127.0.0.1:48408/api/task/v1/task/getVehicleInfo/BROKERX-L2-0001
[09:05:19 INF] Sending HTTP request GET http://127.0.0.1:48408/api/task/v1/task/getVehicleInfo/BROKERX-L2-0001
[09:05:19 INF] Start processing HTTP request GET http://127.0.0.1:48408/api/imap/v1/mapInfo/stations/25
[09:05:19 INF] Sending HTTP request GET http://127.0.0.1:48408/api/imap/v1/mapInfo/stations/25
[09:05:19 INF] Received HTTP response headers after 1.8012ms - 200
[09:05:19 INF] Received HTTP response headers after 0.4358ms - 200
[09:05:19 INF] End processing HTTP request after 15.6699ms - 200
[09:05:20 INF] End processing HTTP request after 29.4884ms - 200
[09:05:20 INF] Start processing HTTP request GET http://127.0.0.1:48408/api/order/v1/orderRecord?pageNum=1&pageSize=100&filterByState=1&filterByState=3&filterByState=7&filterByState=9
[09:05:20 INF] Executed DbCommand (0ms) [Parameters=[@__mapId_0='?' (DbType = Int32)], CommandType='Text', CommandTimeout='30']
SELECT "t"."MapId", "t"."ActiveVersion", "t"."PendingVersion", "t"."State", "t"."UpdatedAt"
FROM "TaskTypeStationActiveBindingSets" AS "t"
WHERE "t"."MapId" = @__mapId_0
LIMIT 2
[09:05:20 INF] Sending HTTP request GET http://127.0.0.1:48408/api/order/v1/orderRecord?pageNum=1&pageSize=100&filterByState=1&filterByState=3&filterByState=7&filterByState=9
[09:05:20 INF] Executed DbCommand (0ms) [Parameters=[@__mapId_0='?' (DbType = Int32), @__version_1='?' (DbType = Int64)], CommandType='Text', CommandTimeout='30']
SELECT "t"."MapId", "t"."Version", "t"."CatalogRevision", "t"."ContentSha256", "t"."LoadedAt", "t"."RuleVersion", "t"."SnapshotId", "t"."Source"
FROM "TaskTypeStationBindingSetVersions" AS "t"
WHERE "t"."MapId" = @__mapId_0 AND "t"."Version" = @__version_1
LIMIT 2
[09:05:20 INF] Received HTTP response headers after 2.7426ms - 200
[09:05:20 INF] Executed DbCommand (0ms) [Parameters=[@__mapId_0='?' (DbType = Int32), @__version_1='?' (DbType = Int64)], CommandType='Text', CommandTimeout='30']
SELECT "t"."TaskType"
FROM "TaskTypeStationRequirements" AS "t"
WHERE "t"."MapId" = @__mapId_0 AND "t"."Version" = @__version_1
[09:05:20 INF] End processing HTTP request after 93.9688ms - 200
[09:05:20 INF] Executed DbCommand (0ms) [Parameters=[@__mapId_0='?' (DbType = Int32), @__version_1='?' (DbType = Int64)], CommandType='Text', CommandTimeout='30']
SELECT "t"."MapId", "t"."Version", "t"."TaskType", "t"."SiteVerificationRef", "t"."StationName", "t"."StationRiotId"
FROM "TaskTypeStationBindings" AS "t"
WHERE "t"."MapId" = @__mapId_0 AND "t"."Version" = @__version_1
[09:05:20 INF] HTTP GET /api/onboard/v1/vehicle-safety responded 200 in 196.4721 ms
[09:05:20 INF] Executed DbCommand (0ms) [Parameters=[@__version_0='?' (DbType = Int64)], CommandType='Text', CommandTimeout='30']
SELECT "t"."Version", "t"."ContentSha256", "t"."LoadedAt", "t"."SnapshotId", "t"."Source"
FROM "TaskTypeStationRuleVersions" AS "t"
WHERE "t"."Version" = @__version_0
LIMIT 2
[09:05:20 INF] Executed DbCommand (0ms) [Parameters=[@__version_0='?' (DbType = Int64)], CommandType='Text', CommandTimeout='30']
SELECT "t"."Version", "t"."TaskType", "t"."FixedEnd"
FROM "TaskTypeStationRules" AS "t"
WHERE "t"."Version" = @__version_0
[09:05:20 INF] Executed DbCommand (0ms) [Parameters=[@__mapId_0='?' (DbType = Int32)], CommandType='Text', CommandTimeout='30']
SELECT "t"."MapId", "t"."ActiveVersion", "t"."PendingVersion", "t"."State", "t"."UpdatedAt"
FROM "TaskTypeStationActiveBindingSets" AS "t"
WHERE "t"."MapId" = @__mapId_0
LIMIT 2
[09:05:20 INF] Executed DbCommand (0ms) [Parameters=[@__messageId_0='?' (Size = 36)], CommandType='Text', CommandTimeout='30']
SELECT "p"."MessageId", "p"."ContentHash", "p"."FirstResponseJson", "p"."MessageType", "p"."ReceivedAt", "p"."RequestJson"
FROM "ProtocolInbox" AS "p"
WHERE "p"."MessageId" = @__messageId_0
LIMIT 2
[09:05:20 INF] Executed DbCommand (0ms) [Parameters=[@__mapId_0='?' (DbType = Int32)], CommandType='Text', CommandTimeout='30']
SELECT "t"."HoldId", "t"."DetailJson", "t"."MapId", "t"."RaisedAt", "t"."RaisedBy", "t"."ReasonCode", "t"."ReleasedAt", "t"."ReleasedBy", "t"."Source", "t"."TaskType"
FROM "TaskTypeStationHolds" AS "t"
WHERE "t"."MapId" = @__mapId_0 AND "t"."ReleasedAt" IS NULL
[09:05:20 INF] Executed DbCommand (0ms) [Parameters=[@__agvId_0='?' (Size = 10)], CommandType='Text', CommandTimeout='30']
SELECT "o"."AlarmsJson"
FROM "OnboardAlarmSnapshots" AS "o"
WHERE "o"."AgvId" = @__agvId_0
LIMIT 1
[09:05:20 INF] Executed DbCommand (0ms) [Parameters=[@__mapId_0='?' (DbType = Int32)], CommandType='Text', CommandTimeout='30']
SELECT "m"."MapId", "m"."ApprovedMaxUnconfirmedSeconds", "m"."ApprovedSyncPeriodSeconds", "m"."CatalogRevision", "m"."LastAttemptAt", "m"."LastCompleteConfirmationAt", "m"."LastFailureReason", "m"."State", "m"."UpdatedAt"
FROM "MapStationCatalogStates" AS "m"
WHERE "m"."MapId" = @__mapId_0
LIMIT 2
[09:05:20 INF] Executed DbCommand (0ms) [Parameters=[@__snapshot_AgvId_0='?' (Size = 10)], CommandType='Text', CommandTimeout='30']
SELECT "o"."AgvId", "o"."AlarmsJson", "o"."CapturedAt", "o"."ReceivedAt", "o"."SessionGeneration", "o"."SnapshotSequence"
FROM "OnboardAlarmSnapshots" AS "o"
WHERE "o"."AgvId" = @__snapshot_AgvId_0
LIMIT 1
[09:05:20 INF] Executed DbCommand (0ms) [Parameters=[@p4='?' (Size = 10), @p0='?' (Size = 428), @p1='?' (DbType = DateTimeOffset), @p2='?' (DbType = DateTimeOffset), @p3='?' (DbType = Int64)], CommandType='Text', CommandTimeout='30']
UPDATE "OnboardAlarmSnapshots" SET "AlarmsJson" = @p0, "CapturedAt" = @p1, "ReceivedAt" = @p2, "SnapshotSequence" = @p3
WHERE "AgvId" = @p4
RETURNING 1;
[09:05:20 INF] Executed DbCommand (0ms) [Parameters=[@__agvId_0='?' (Size = 10)], CommandType='Text', CommandTimeout='30']
SELECT "o"."AlarmsJson"
FROM "OnboardAlarmSnapshots" AS "o"
WHERE "o"."AgvId" = @__agvId_0
LIMIT 1
[09:05:20 INF] Executed DbCommand (0ms) [Parameters=[@p0='?' (Size = 36), @p1='?' (Size = 64), @p2='?' (Size = 625), @p3='?' (Size = 20), @p4='?' (DbType = DateTimeOffset), @p5='?' (Size = 845)], CommandType='Text', CommandTimeout='30']
INSERT INTO "ProtocolInbox" ("MessageId", "ContentHash", "FirstResponseJson", "MessageType", "ReceivedAt", "RequestJson")
VALUES (@p0, @p1, @p2, @p3, @p4, @p5);
[09:05:20 INF] Executed DbCommand (0ms) [Parameters=[@__messageId_0='?' (Size = 36)], CommandType='Text', CommandTimeout='30']
SELECT "p"."MessageId", "p"."ContentHash", "p"."FirstResponseJson", "p"."MessageType", "p"."ReceivedAt", "p"."RequestJson"
FROM "ProtocolInbox" AS "p"
WHERE "p"."MessageId" = @__messageId_0
LIMIT 2
[09:05:20 INF] Executed DbCommand (0ms) [Parameters=[@__agvId_0='?' (Size = 10)], CommandType='Text', CommandTimeout='30']
SELECT "s"."AgvId", "s"."ActiveUnlockSlotsJson", "s"."CapabilityHash", "s"."CapabilityRevision", "s"."DepartureSafe", "s"."ForcedRecoveryGeneration", "s"."ManifestSha256", "s"."PendingAttemptIdsJson", "s"."PendingResultIdsJson", "s"."ProfileId", "s"."ProtocolCommit", "s"."ProtocolVersion", "s"."ProvenRecoveryCheckpoint", "s"."Readiness", "s"."ReasonCode", "s"."RecoveryReportId", "s"."ReportedForcedRecoveryGeneration", "s"."ReportedSlotConfigurationFingerprint", "s"."SafetyHash", "s"."SafetyReasonCodesJson", "s"."SafetyRevision", "s"."SafetyUnknownPresent", "s"."SessionGeneration", "s"."UnsettledSlotOperationAttemptId", "s"."UpdatedAt"
FROM "SessionRecoveries" AS "s"
WHERE "s"."AgvId" = @__agvId_0
LIMIT 2
[09:05:20 INF] Executed DbCommand (0ms) [Parameters=[@p8='?' (Size = 10), @p0='?' (DbType = Boolean), @p1='?' (Size = 16), @p2='?' (Size = 20), @p3='?' (Size = 64), @p4='?' (Size = 21), @p5='?' (DbType = Int64), @p6='?' (DbType = Boolean), @p7='?' (DbType = DateTimeOffset)], CommandType='Text', CommandTimeout='30']
UPDATE "SessionRecoveries" SET "DepartureSafe" = @p0, "Readiness" = @p1, "ReasonCode" = @p2, "SafetyHash" = @p3, "SafetyReasonCodesJson" = @p4, "SafetyRevision" = @p5, "SafetyUnknownPresent" = @p6, "UpdatedAt" = @p7
WHERE "AgvId" = @p8
RETURNING 1;
[09:05:20 INF] Executed DbCommand (0ms) [Parameters=[@__agvId_0='?' (Size = 10)], CommandType='Text', CommandTimeout='30']
SELECT "s"."AgvId", "s"."ActiveUnlockSlotsJson", "s"."CapabilityHash", "s"."CapabilityRevision", "s"."DepartureSafe", "s"."ForcedRecoveryGeneration", "s"."ManifestSha256", "s"."PendingAttemptIdsJson", "s"."PendingResultIdsJson", "s"."ProfileId", "s"."ProtocolCommit", "s"."ProtocolVersion", "s"."ProvenRecoveryCheckpoint", "s"."Readiness", "s"."ReasonCode", "s"."RecoveryReportId", "s"."ReportedForcedRecoveryGeneration", "s"."ReportedSlotConfigurationFingerprint", "s"."SafetyHash", "s"."SafetyReasonCodesJson", "s"."SafetyRevision", "s"."SafetyUnknownPresent", "s"."SessionGeneration", "s"."UnsettledSlotOperationAttemptId", "s"."UpdatedAt"
FROM "SessionRecoveries" AS "s"
WHERE "s"."AgvId" = @__agvId_0
LIMIT 2
[09:05:20 INF] Executed DbCommand (0ms) [Parameters=[@__agvId_0='?' (Size = 10)], CommandType='Text', CommandTimeout='30']
SELECT EXISTS (
    SELECT 1
    FROM "StationOperations" AS "s"
    INNER JOIN (
        SELECT "j"."JourneyId", "j"."DemandId", "j"."AddedAt", "j"."DispatchGeneration", "j"."DispatchZone", "j"."DispatchZoneParameterVersion", "j"."ExpectedBasketCount", "j"."LoadCommandMessageId", "j"."LoadSlotOperationAttemptId", "j"."LoadedSlotsJson", "j"."PickupStopId", "j"."RemovalReason", "j"."RemovedAt", "j"."Status", "j"."TargetSlotsJson", "j"."UnloadCommandMessageId", "j"."UnloadSlotOperationAttemptId", "j"."UnloadStopId"
        FROM "JourneyDemands" AS "j"
        WHERE "j"."RemovedAt" IS NULL
    ) AS "t" ON "s"."DemandId" = "t"."DemandId"
    INNER JOIN "JourneyRuntimes" AS "j0" ON "t"."JourneyId" = "j0"."JourneyId"
    WHERE "j0"."AgvId" = @__agvId_0 AND "s"."Status" = 'RecoveryRequired')
[09:05:20 INF] Executed DbCommand (0ms) [Parameters=[@__agvId_0='?' (Size = 10)], CommandType='Text', CommandTimeout='30']
SELECT EXISTS (
    SELECT 1
    FROM "RecoveryWorkflows" AS "r"
    WHERE "r"."AgvId" = @__agvId_0 AND "r"."WorkflowType" = 'FORCED_MECHANICAL_RECOVERY' AND "r"."State" <> 'HistoricalOnly' AND NOT EXISTS (
        SELECT 1
        FROM "HardwareRecoveryRecords" AS "h"
        WHERE "h"."RecoveryActionId" = "r"."WorkflowId"))
[09:05:20 INF] Executed DbCommand (0ms) [Parameters=[@__agvId_0='?' (Size = 10)], CommandType='Text', CommandTimeout='30']
SELECT "a"."AgvId", "a"."ActivatedAt", "a"."ActivationId", "a"."ConfigurationVersion", "a"."Fingerprint", "a"."SlotModelVersionId", "a"."SnapshotId"
FROM "ActiveSlotConfigurations" AS "a"
WHERE "a"."AgvId" = @__agvId_0
LIMIT 1
[09:05:20 INF] Executed DbCommand (0ms) [Parameters=[@p2='?' (Size = 10), @p0='?' (Size = 26), @p1='?' (DbType = DateTimeOffset)], CommandType='Text', CommandTimeout='30']
UPDATE "SessionRecoveries" SET "ReasonCode" = @p0, "UpdatedAt" = @p1
WHERE "AgvId" = @p2
RETURNING 1;
[09:05:20 INF] Executed DbCommand (0ms) [Parameters=[@__agvId_0='?' (Size = 10)], CommandType='Text', CommandTimeout='30']
SELECT "o"."AlarmsJson"
FROM "OnboardAlarmSnapshots" AS "o"
WHERE "o"."AgvId" = @__agvId_0
LIMIT 1
[09:05:20 INF] Executed DbCommand (0ms) [Parameters=[@p0='?' (Size = 36), @p1='?' (Size = 64), @p2='?' (Size = 1263), @p3='?' (Size = 18), @p4='?' (DbType = DateTimeOffset), @p5='?' (Size = 673)], CommandType='Text', CommandTimeout='30']
INSERT INTO "ProtocolInbox" ("MessageId", "ContentHash", "FirstResponseJson", "MessageType", "ReceivedAt", "RequestJson")
VALUES (@p0, @p1, @p2, @p3, @p4, @p5);
[09:05:20 INF] Executed DbCommand (157ms) [Parameters=[@p3='?' (DbType = Int32), @p0='?' (DbType = DateTimeOffset), @p1='?' (DbType = DateTimeOffset), @p2='?' (DbType = DateTimeOffset)], CommandType='Text', CommandTimeout='30']
UPDATE "MapStationCatalogStates" SET "LastAttemptAt" = @p0, "LastCompleteConfirmationAt" = @p1, "UpdatedAt" = @p2
WHERE "MapId" = @p3
RETURNING 1;
[09:05:20 INF] Executed DbCommand (0ms) [Parameters=[@__mapId_0='?' (DbType = Int32)], CommandType='Text', CommandTimeout='30']
SELECT "t"."MapId", "t"."ActiveVersion", "t"."PendingVersion", "t"."State", "t"."UpdatedAt"
FROM "TaskTypeStationActiveBindingSets" AS "t"
WHERE "t"."MapId" = @__mapId_0
LIMIT 2
[09:05:20 INF] Executed DbCommand (0ms) [Parameters=[@__mapId_0='?' (DbType = Int32), @__version_1='?' (DbType = Int64)], CommandType='Text', CommandTimeout='30']
SELECT "t"."MapId", "t"."Version", "t"."CatalogRevision", "t"."ContentSha256", "t"."LoadedAt", "t"."RuleVersion", "t"."SnapshotId", "t"."Source"
FROM "TaskTypeStationBindingSetVersions" AS "t"
WHERE "t"."MapId" = @__mapId_0 AND "t"."Version" = @__version_1
LIMIT 2
[09:05:20 INF] Executed DbCommand (0ms) [Parameters=[@__mapId_0='?' (DbType = Int32), @__version_1='?' (DbType = Int64)], CommandType='Text', CommandTimeout='30']
SELECT "t"."TaskType"
FROM "TaskTypeStationRequirements" AS "t"
WHERE "t"."MapId" = @__mapId_0 AND "t"."Version" = @__version_1
[09:05:20 INF] Executed DbCommand (0ms) [Parameters=[@__mapId_0='?' (DbType = Int32), @__version_1='?' (DbType = Int64)], CommandType='Text', CommandTimeout='30']
SELECT "t"."MapId", "t"."Version", "t"."TaskType", "t"."SiteVerificationRef", "t"."StationName", "t"."StationRiotId"
FROM "TaskTypeStationBindings" AS "t"
WHERE "t"."MapId" = @__mapId_0 AND "t"."Version" = @__version_1
[09:05:20 INF] Executed DbCommand (0ms) [Parameters=[@__mapId_0='?' (DbType = Int32)], CommandType='Text', CommandTimeout='30']
SELECT "t"."MapId", "t"."ActiveVersion", "t"."PendingVersion", "t"."State", "t"."UpdatedAt"
FROM "TaskTypeStationActiveBindingSets" AS "t"
WHERE "t"."MapId" = @__mapId_0
LIMIT 2
[09:05:20 INF] Executed DbCommand (0ms) [Parameters=[@__mapId_0='?' (DbType = Int32), @__version_1='?' (DbType = Int64)], CommandType='Text', CommandTimeout='30']
SELECT "t"."MapId", "t"."Version", "t"."CatalogRevision", "t"."ContentSha256", "t"."LoadedAt", "t"."RuleVersion", "t"."SnapshotId", "t"."Source"
FROM "TaskTypeStationBindingSetVersions" AS "t"
WHERE "t"."MapId" = @__mapId_0 AND "t"."Version" = @__version_1
LIMIT 2
[09:05:20 INF] Executed DbCommand (0ms) [Parameters=[@__mapId_0='?' (DbType = Int32), @__version_1='?' (DbType = Int64)], CommandType='Text', CommandTimeout='30']
SELECT "t"."TaskType"
FROM "TaskTypeStationRequirements" AS "t"
WHERE "t"."MapId" = @__mapId_0 AND "t"."Version" = @__version_1
[09:05:20 INF] Executed DbCommand (0ms) [Parameters=[@__mapId_0='?' (DbType = Int32), @__version_1='?' (DbType = Int64)], CommandType='Text', CommandTimeout='30']
SELECT "t"."MapId", "t"."Version", "t"."TaskType", "t"."SiteVerificationRef", "t"."StationName", "t"."StationRiotId"
FROM "TaskTypeStationBindings" AS "t"
WHERE "t"."MapId" = @__mapId_0 AND "t"."Version" = @__version_1
[09:05:20 INF] Executed DbCommand (0ms) [Parameters=[@__version_0='?' (DbType = Int64)], CommandType='Text', CommandTimeout='30']
SELECT "t"."Version", "t"."ContentSha256", "t"."LoadedAt", "t"."SnapshotId", "t"."Source"
FROM "TaskTypeStationRuleVersions" AS "t"
WHERE "t"."Version" = @__version_0
LIMIT 2
[09:05:20 INF] Executed DbCommand (0ms) [Parameters=[@__version_0='?' (DbType = Int64)], CommandType='Text', CommandTimeout='30']
SELECT "t"."Version", "t"."TaskType", "t"."FixedEnd"
FROM "TaskTypeStationRules" AS "t"
WHERE "t"."Version" = @__version_0
[09:05:20 INF] Executed DbCommand (0ms) [Parameters=[], CommandType='Text', CommandTimeout='30']
SELECT "a"."Id", "a"."ContentHash", "a"."DeploymentId", "a"."ImportedAt", "a"."Version"
FROM "AdmissionPolicyState" AS "a"
WHERE "a"."Id" = 1
LIMIT 2
[09:05:20 INF] Executed DbCommand (0ms) [Parameters=[], CommandType='Text', CommandTimeout='30']
SELECT "j"."JourneyId", "j"."AgvId", "j"."AgvLifecycleGeneration", "j"."AreaEndAdmissionRevokedSince", "j"."BlockReasonCode", "j"."BlockReasonSince", "j"."CargoHoldingStartedAt", "j"."ConsumedSafetyResultMessageId", "j"."ConsumedSublotMessageId", "j"."CreatedAt", "j"."DemandId", "j"."DispatchGeneration", "j"."DispatchZone", "j"."ExpectedBasketCount", "j"."FullSlotPositionsJson", "j"."GateMovementLegId", "j"."GatePlanMessageId", "j"."GateStationId", "j"."GateStationRiotId", "j"."GateUpperId", "j"."GateVehicleBusinessMessageId", "j"."GateWorklistMessageId", "j"."LoadCommandMessageId", "j"."LoadSlotOperationAttemptId", "j"."LoadingClosedReason", "j"."LoadingPhaseState", "j"."MapId", "j"."MapIdentity", "j"."OperationSessionId", "j"."PickupMovementLegId", "j"."PickupStationId", "j"."PickupStationRiotId", "j"."PickupUpperId", "j"."PlanMessageId", "j"."PlanRevision", "j"."PreDepartureSafetyCheckId", "j"."PreDepartureSafetyCheckMessageId", "j"."RouteEvidenceId", "j"."Stage", "j"."StationDepartureWaitStartedAt", "j"."SublotRequestMessageId", "j"."TargetSlotsJson", "j"."UnloadCommandMessageId", "j"."UnloadSlotOperationAttemptId", "j"."UpdatedAt", "j"."VehicleBusinessMessageId", "j"."VehicleBusinessRevision", "j"."VehicleKey", "j"."WorklistMessageId", "j"."WorklistRevision", "j"."YieldTriggeredAt", "j"."YieldTriggeredByVehicleKey"
FROM "JourneyRuntimes" AS "j"
WHERE "j"."Stage" <> 'Completed'
[09:05:20 INF] Executed DbCommand (0ms) [Parameters=[@__agvId_0='?' (Size = 10)], CommandType='Text', CommandTimeout='30']
SELECT "s"."AgvId", "s"."ActiveUnlockSlotsJson", "s"."CapabilityHash", "s"."CapabilityRevision", "s"."DepartureSafe", "s"."ForcedRecoveryGeneration", "s"."ManifestSha256", "s"."PendingAttemptIdsJson", "s"."PendingResultIdsJson", "s"."ProfileId", "s"."ProtocolCommit", "s"."ProtocolVersion", "s"."ProvenRecoveryCheckpoint", "s"."Readiness", "s"."ReasonCode", "s"."RecoveryReportId", "s"."ReportedForcedRecoveryGeneration", "s"."ReportedSlotConfigurationFingerprint", "s"."SafetyHash", "s"."SafetyReasonCodesJson", "s"."SafetyRevision", "s"."SafetyUnknownPresent", "s"."SessionGeneration", "s"."UnsettledSlotOperationAttemptId", "s"."UpdatedAt"
FROM "SessionRecoveries" AS "s"
WHERE "s"."AgvId" = @__agvId_0 AND "s"."Readiness" = 'Ready'
LIMIT 2
[09:05:20 INF] Executed DbCommand (0ms) [Parameters=[@p3='?' (Size = 44), @p0='?' (Size = 25), @p1='?' (DbType = DateTimeOffset), @p2='?' (DbType = DateTimeOffset)], CommandType='Text', CommandTimeout='30']
UPDATE "JourneyRuntimes" SET "BlockReasonCode" = @p0, "BlockReasonSince" = @p1, "UpdatedAt" = @p2
WHERE "JourneyId" = @p3
RETURNING 1;
[09:05:20 INF] Start processing HTTP request GET http://127.0.0.1:48408/api/imap/v1/mapInfo/stations/25
[09:05:20 INF] Sending HTTP request GET http://127.0.0.1:48408/api/imap/v1/mapInfo/stations/25
[09:05:20 INF] Received HTTP response headers after 0.867ms - 200
[09:05:20 INF] End processing HTTP request after 2.2011ms - 200
[09:05:20 INF] Executed DbCommand (0ms) [Parameters=[@__mapId_0='?' (DbType = Int32)], CommandType='Text', CommandTimeout='30']
SELECT "t"."MapId", "t"."ActiveVersion", "t"."PendingVersion", "t"."State", "t"."UpdatedAt"
FROM "TaskTypeStationActiveBindingSets" AS "t"
WHERE "t"."MapId" = @__mapId_0
LIMIT 2
[09:05:20 INF] Executed DbCommand (0ms) [Parameters=[@__mapId_0='?' (DbType = Int32), @__version_1='?' (DbType = Int64)], CommandType='Text', CommandTimeout='30']
SELECT "t"."MapId", "t"."Version", "t"."CatalogRevision", "t"."ContentSha256", "t"."LoadedAt", "t"."RuleVersion", "t"."SnapshotId", "t"."Source"
FROM "TaskTypeStationBindingSetVersions" AS "t"
WHERE "t"."MapId" = @__mapId_0 AND "t"."Version" = @__version_1
LIMIT 2
[09:05:20 INF] Executed DbCommand (0ms) [Parameters=[@__mapId_0='?' (DbType = Int32), @__version_1='?' (DbType = Int64)], CommandType='Text', CommandTimeout='30']
SELECT "t"."TaskType"
FROM "TaskTypeStationRequirements" AS "t"
WHERE "t"."MapId" = @__mapId_0 AND "t"."Version" = @__version_1
[09:05:20 INF] Executed DbCommand (0ms) [Parameters=[@__mapId_0='?' (DbType = Int32), @__version_1='?' (DbType = Int64)], CommandType='Text', CommandTimeout='30']
SELECT "t"."MapId", "t"."Version", "t"."TaskType", "t"."SiteVerificationRef", "t"."StationName", "t"."StationRiotId"
FROM "TaskTypeStationBindings" AS "t"
WHERE "t"."MapId" = @__mapId_0 AND "t"."Version" = @__version_1
[09:05:20 INF] Executed DbCommand (0ms) [Parameters=[@__version_0='?' (DbType = Int64)], CommandType='Text', CommandTimeout='30']
SELECT "t"."Version", "t"."ContentSha256", "t"."LoadedAt", "t"."SnapshotId", "t"."Source"
FROM "TaskTypeStationRuleVersions" AS "t"
WHERE "t"."Version" = @__version_0
LIMIT 2
[09:05:20 INF] Executed DbCommand (0ms) [Parameters=[@__version_0='?' (DbType = Int64)], CommandType='Text', CommandTimeout='30']
SELECT "t"."Version", "t"."TaskType", "t"."FixedEnd"
FROM "TaskTypeStationRules" AS "t"
WHERE "t"."Version" = @__version_0
[09:05:20 INF] Executed DbCommand (0ms) [Parameters=[@__mapId_0='?' (DbType = Int32)], CommandType='Text', CommandTimeout='30']
SELECT "t"."MapId", "t"."ActiveVersion", "t"."PendingVersion", "t"."State", "t"."UpdatedAt"
FROM "TaskTypeStationActiveBindingSets" AS "t"
WHERE "t"."MapId" = @__mapId_0
LIMIT 2
[09:05:20 INF] Executed DbCommand (0ms) [Parameters=[@__mapId_0='?' (DbType = Int32)], CommandType='Text', CommandTimeout='30']
SELECT "t"."HoldId", "t"."DetailJson", "t"."MapId", "t"."RaisedAt", "t"."RaisedBy", "t"."ReasonCode", "t"."ReleasedAt", "t"."ReleasedBy", "t"."Source", "t"."TaskType"
FROM "TaskTypeStationHolds" AS "t"
WHERE "t"."MapId" = @__mapId_0 AND "t"."ReleasedAt" IS NULL
[09:05:20 INF] Executed DbCommand (0ms) [Parameters=[@__mapId_0='?' (DbType = Int32)], CommandType='Text', CommandTimeout='30']
SELECT "m"."MapId", "m"."ApprovedMaxUnconfirmedSeconds", "m"."ApprovedSyncPeriodSeconds", "m"."CatalogRevision", "m"."LastAttemptAt", "m"."LastCompleteConfirmationAt", "m"."LastFailureReason", "m"."State", "m"."UpdatedAt"
FROM "MapStationCatalogStates" AS "m"
WHERE "m"."MapId" = @__mapId_0
LIMIT 2
[09:05:20 INF] Executed DbCommand (0ms) [Parameters=[@p3='?' (DbType = Int32), @p0='?' (DbType = DateTimeOffset), @p1='?' (DbType = DateTimeOffset), @p2='?' (DbType = DateTimeOffset)], CommandType='Text', CommandTimeout='30']
UPDATE "MapStationCatalogStates" SET "LastAttemptAt" = @p0, "LastCompleteConfirmationAt" = @p1, "UpdatedAt" = @p2
WHERE "MapId" = @p3
RETURNING 1;
[09:05:20 INF] Executed DbCommand (0ms) [Parameters=[@__mapId_0='?' (DbType = Int32)], CommandType='Text', CommandTimeout='30']
SELECT "t"."MapId", "t"."ActiveVersion", "t"."PendingVersion", "t"."State", "t"."UpdatedAt"
FROM "TaskTypeStationActiveBindingSets" AS "t"
WHERE "t"."MapId" = @__mapId_0
LIMIT 2
[09:05:20 INF] Executed DbCommand (0ms) [Parameters=[@__mapId_0='?' (DbType = Int32), @__version_1='?' (DbType = Int64)], CommandType='Text', CommandTimeout='30']
SELECT "t"."MapId", "t"."Version", "t"."CatalogRevision", "t"."ContentSha256", "t"."LoadedAt", "t"."RuleVersion", "t"."SnapshotId", "t"."Source"
FROM "TaskTypeStationBindingSetVersions" AS "t"
WHERE "t"."MapId" = @__mapId_0 AND "t"."Version" = @__version_1
LIMIT 2
[09:05:20 INF] Executed DbCommand (0ms) [Parameters=[@__mapId_0='?' (DbType = Int32), @__version_1='?' (DbType = Int64)], CommandType='Text', CommandTimeout='30']
SELECT "t"."TaskType"
FROM "TaskTypeStationRequirements" AS "t"
WHERE "t"."MapId" = @__mapId_0 AND "t"."Version" = @__version_1
[09:05:20 INF] Executed DbCommand (0ms) [Parameters=[@__mapId_0='?' (DbType = Int32), @__version_1='?' (DbType = Int64)], CommandType='Text', CommandTimeout='30']
SELECT "t"."MapId", "t"."Version", "t"."TaskType", "t"."SiteVerificationRef", "t"."StationName", "t"."StationRiotId"
FROM "TaskTypeStationBindings" AS "t"
WHERE "t"."MapId" = @__mapId_0 AND "t"."Version" = @__version_1
[09:05:20 INF] Executed DbCommand (0ms) [Parameters=[@__mapId_0='?' (DbType = Int32)], CommandType='Text', CommandTimeout='30']
SELECT "t"."MapId", "t"."ActiveVersion", "t"."PendingVersion", "t"."State", "t"."UpdatedAt"
FROM "TaskTypeStationActiveBindingSets" AS "t"
WHERE "t"."MapId" = @__mapId_0
LIMIT 2
[09:05:20 INF] Executed DbCommand (0ms) [Parameters=[@__mapId_0='?' (DbType = Int32), @__version_1='?' (DbType = Int64)], CommandType='Text', CommandTimeout='30']
SELECT "t"."MapId", "t"."Version", "t"."CatalogRevision", "t"."ContentSha256", "t"."LoadedAt", "t"."RuleVersion", "t"."SnapshotId", "t"."Source"
FROM "TaskTypeStationBindingSetVersions" AS "t"
WHERE "t"."MapId" = @__mapId_0 AND "t"."Version" = @__version_1
LIMIT 2
[09:05:20 INF] Executed DbCommand (0ms) [Parameters=[@__mapId_0='?' (DbType = Int32), @__version_1='?' (DbType = Int64)], CommandType='Text', CommandTimeout='30']
SELECT "t"."TaskType"
FROM "TaskTypeStationRequirements" AS "t"
WHERE "t"."MapId" = @__mapId_0 AND "t"."Version" = @__version_1
[09:05:20 INF] Executed DbCommand (0ms) [Parameters=[@__mapId_0='?' (DbType = Int32), @__version_1='?' (DbType = Int64)], CommandType='Text', CommandTimeout='30']
SELECT "t"."MapId", "t"."Version", "t"."TaskType", "t"."SiteVerificationRef", "t"."StationName", "t"."StationRiotId"
FROM "TaskTypeStationBindings" AS "t"
WHERE "t"."MapId" = @__mapId_0 AND "t"."Version" = @__version_1
[09:05:20 INF] Executed DbCommand (0ms) [Parameters=[@__version_0='?' (DbType = Int64)], CommandType='Text', CommandTimeout='30']
SELECT "t"."Version", "t"."ContentSha256", "t"."LoadedAt", "t"."SnapshotId", "t"."Source"
FROM "TaskTypeStationRuleVersions" AS "t"
WHERE "t"."Version" = @__version_0
LIMIT 2
[09:05:20 INF] Executed DbCommand (0ms) [Parameters=[@__version_0='?' (DbType = Int64)], CommandType='Text', CommandTimeout='30']
SELECT "t"."Version", "t"."TaskType", "t"."FixedEnd"
FROM "TaskTypeStationRules" AS "t"
WHERE "t"."Version" = @__version_0
[09:05:20 INF] Executed DbCommand (0ms) [Parameters=[], CommandType='Text', CommandTimeout='30']
SELECT "a"."Id", "a"."ContentHash", "a"."DeploymentId", "a"."ImportedAt", "a"."Version"
FROM "AdmissionPolicyState" AS "a"
WHERE "a"."Id" = 1
LIMIT 2
[09:05:20 INF] Executed DbCommand (0ms) [Parameters=[], CommandType='Text', CommandTimeout='30']
SELECT "j"."JourneyId", "j"."AgvId", "j"."AgvLifecycleGeneration", "j"."AreaEndAdmissionRevokedSince", "j"."BlockReasonCode", "j"."BlockReasonSince", "j"."CargoHoldingStartedAt", "j"."ConsumedSafetyResultMessageId", "j"."ConsumedSublotMessageId", "j"."CreatedAt", "j"."DemandId", "j"."DispatchGeneration", "j"."DispatchZone", "j"."ExpectedBasketCount", "j"."FullSlotPositionsJson", "j"."GateMovementLegId", "j"."GatePlanMessageId", "j"."GateStationId", "j"."GateStationRiotId", "j"."GateUpperId", "j"."GateVehicleBusinessMessageId", "j"."GateWorklistMessageId", "j"."LoadCommandMessageId", "j"."LoadSlotOperationAttemptId", "j"."LoadingClosedReason", "j"."LoadingPhaseState", "j"."MapId", "j"."MapIdentity", "j"."OperationSessionId", "j"."PickupMovementLegId", "j"."PickupStationId", "j"."PickupStationRiotId", "j"."PickupUpperId", "j"."PlanMessageId", "j"."PlanRevision", "j"."PreDepartureSafetyCheckId", "j"."PreDepartureSafetyCheckMessageId", "j"."RouteEvidenceId", "j"."Stage", "j"."StationDepartureWaitStartedAt", "j"."SublotRequestMessageId", "j"."TargetSlotsJson", "j"."UnloadCommandMessageId", "j"."UnloadSlotOperationAttemptId", "j"."UpdatedAt", "j"."VehicleBusinessMessageId", "j"."VehicleBusinessRevision", "j"."VehicleKey", "j"."WorklistMessageId", "j"."WorklistRevision", "j"."YieldTriggeredAt", "j"."YieldTriggeredByVehicleKey"
FROM "JourneyRuntimes" AS "j"
WHERE "j"."Stage" <> 'Completed'
[09:05:20 INF] Executed DbCommand (0ms) [Parameters=[@__agvId_0='?' (Size = 10)], CommandType='Text', CommandTimeout='30']
SELECT "s"."AgvId", "s"."ActiveUnlockSlotsJson", "s"."CapabilityHash", "s"."CapabilityRevision", "s"."DepartureSafe", "s"."ForcedRecoveryGeneration", "s"."ManifestSha256", "s"."PendingAttemptIdsJson", "s"."PendingResultIdsJson", "s"."ProfileId", "s"."ProtocolCommit", "s"."ProtocolVersion", "s"."ProvenRecoveryCheckpoint", "s"."Readiness", "s"."ReasonCode", "s"."RecoveryReportId", "s"."ReportedForcedRecoveryGeneration", "s"."ReportedSlotConfigurationFingerprint", "s"."SafetyHash", "s"."SafetyReasonCodesJson", "s"."SafetyRevision", "s"."SafetyUnknownPresent", "s"."SessionGeneration", "s"."UnsettledSlotOperationAttemptId", "s"."UpdatedAt"
FROM "SessionRecoveries" AS "s"
WHERE "s"."AgvId" = @__agvId_0 AND "s"."Readiness" = 'Ready'
LIMIT 2
[09:05:20 INF] Executed DbCommand (0ms) [Parameters=[@p1='?' (Size = 44), @p0='?' (DbType = DateTimeOffset)], CommandType='Text', CommandTimeout='30']
UPDATE "JourneyRuntimes" SET "UpdatedAt" = @p0
WHERE "JourneyId" = @p1
RETURNING 1;
[09:05:21 INF] Executed DbCommand (0ms) [Parameters=[@__messageId_0='?' (Size = 36)], CommandType='Text', CommandTimeout='30']
SELECT "p"."MessageId", "p"."ContentHash", "p"."FirstResponseJson", "p"."MessageType", "p"."ReceivedAt", "p"."RequestJson"
FROM "ProtocolInbox" AS "p"
WHERE "p"."MessageId" = @__messageId_0
LIMIT 2
[09:05:21 INF] Executed DbCommand (0ms) [Parameters=[@p0='?' (Size = 36), @p1='?' (Size = 64), @p2='?' (Size = 535), @p3='?' (Size = 9), @p4='?' (DbType = DateTimeOffset), @p5='?' (Size = 427)], CommandType='Text', CommandTimeout='30']
INSERT INTO "ProtocolInbox" ("MessageId", "ContentHash", "FirstResponseJson", "MessageType", "ReceivedAt", "RequestJson")
VALUES (@p0, @p1, @p2, @p3, @p4, @p5);
[09:05:21 INF] Start processing HTTP request GET http://127.0.0.1:48408/api/task/v1/task/getVehicleInfo/BROKERX-L2-0001
[09:05:21 INF] Sending HTTP request GET http://127.0.0.1:48408/api/task/v1/task/getVehicleInfo/BROKERX-L2-0001
[09:05:21 INF] Received HTTP response headers after 0.6821ms - 200
[09:05:21 INF] End processing HTTP request after 64.0967ms - 200
[09:05:21 INF] Start processing HTTP request GET http://127.0.0.1:48408/api/order/v1/orderRecord?pageNum=1&pageSize=100&filterByState=1&filterByState=3&filterByState=7&filterByState=9
[09:05:21 INF] Sending HTTP request GET http://127.0.0.1:48408/api/order/v1/orderRecord?pageNum=1&pageSize=100&filterByState=1&filterByState=3&filterByState=7&filterByState=9
[09:05:21 INF] Received HTTP response headers after 0.8916ms - 200
[09:05:21 INF] End processing HTTP request after 2.7208ms - 200
[09:05:21 INF] HTTP GET /api/onboard/v1/vehicle-safety responded 200 in 96.1596 ms
[09:05:21 INF] Executed DbCommand (0ms) [Parameters=[@__messageId_0='?' (Size = 36)], CommandType='Text', CommandTimeout='30']
SELECT "p"."MessageId", "p"."ContentHash", "p"."FirstResponseJson", "p"."MessageType", "p"."ReceivedAt", "p"."RequestJson"
FROM "ProtocolInbox" AS "p"
WHERE "p"."MessageId" = @__messageId_0
LIMIT 2
[09:05:21 INF] Executed DbCommand (0ms) [Parameters=[@__agvId_0='?' (Size = 10)], CommandType='Text', CommandTimeout='30']
SELECT "s"."AgvId", "s"."ActiveUnlockSlotsJson", "s"."CapabilityHash", "s"."CapabilityRevision", "s"."DepartureSafe", "s"."ForcedRecoveryGeneration", "s"."ManifestSha256", "s"."PendingAttemptIdsJson", "s"."PendingResultIdsJson", "s"."ProfileId", "s"."ProtocolCommit", "s"."ProtocolVersion", "s"."ProvenRecoveryCheckpoint", "s"."Readiness", "s"."ReasonCode", "s"."RecoveryReportId", "s"."ReportedForcedRecoveryGeneration", "s"."ReportedSlotConfigurationFingerprint", "s"."SafetyHash", "s"."SafetyReasonCodesJson", "s"."SafetyRevision", "s"."SafetyUnknownPresent", "s"."SessionGeneration", "s"."UnsettledSlotOperationAttemptId", "s"."UpdatedAt"
FROM "SessionRecoveries" AS "s"
WHERE "s"."AgvId" = @__agvId_0
LIMIT 2
[09:05:21 INF] Executed DbCommand (0ms) [Parameters=[@p7='?' (Size = 10), @p0='?' (DbType = Boolean), @p1='?' (Size = 20), @p2='?' (Size = 64), @p3='?' (Size = 2), @p4='?' (DbType = Int64), @p5='?' (DbType = Boolean), @p6='?' (DbType = DateTimeOffset)], CommandType='Text', CommandTimeout='30']
UPDATE "SessionRecoveries" SET "DepartureSafe" = @p0, "ReasonCode" = @p1, "SafetyHash" = @p2, "SafetyReasonCodesJson" = @p3, "SafetyRevision" = @p4, "SafetyUnknownPresent" = @p5, "UpdatedAt" = @p6
WHERE "AgvId" = @p7
RETURNING 1;
[09:05:21 INF] Executed DbCommand (0ms) [Parameters=[@__agvId_0='?' (Size = 10)], CommandType='Text', CommandTimeout='30']
SELECT "s"."AgvId", "s"."ActiveUnlockSlotsJson", "s"."CapabilityHash", "s"."CapabilityRevision", "s"."DepartureSafe", "s"."ForcedRecoveryGeneration", "s"."ManifestSha256", "s"."PendingAttemptIdsJson", "s"."PendingResultIdsJson", "s"."ProfileId", "s"."ProtocolCommit", "s"."ProtocolVersion", "s"."ProvenRecoveryCheckpoint", "s"."Readiness", "s"."ReasonCode", "s"."RecoveryReportId", "s"."ReportedForcedRecoveryGeneration", "s"."ReportedSlotConfigurationFingerprint", "s"."SafetyHash", "s"."SafetyReasonCodesJson", "s"."SafetyRevision", "s"."SafetyUnknownPresent", "s"."SessionGeneration", "s"."UnsettledSlotOperationAttemptId", "s"."UpdatedAt"
FROM "SessionRecoveries" AS "s"
WHERE "s"."AgvId" = @__agvId_0
LIMIT 2
[09:05:21 INF] Executed DbCommand (0ms) [Parameters=[@__agvId_0='?' (Size = 10)], CommandType='Text', CommandTimeout='30']
SELECT EXISTS (
    SELECT 1
    FROM "StationOperations" AS "s"
    INNER JOIN (
        SELECT "j"."JourneyId", "j"."DemandId", "j"."AddedAt", "j"."DispatchGeneration", "j"."DispatchZone", "j"."DispatchZoneParameterVersion", "j"."ExpectedBasketCount", "j"."LoadCommandMessageId", "j"."LoadSlotOperationAttemptId", "j"."LoadedSlotsJson", "j"."PickupStopId", "j"."RemovalReason", "j"."RemovedAt", "j"."Status", "j"."TargetSlotsJson", "j"."UnloadCommandMessageId", "j"."UnloadSlotOperationAttemptId", "j"."UnloadStopId"
        FROM "JourneyDemands" AS "j"
        WHERE "j"."RemovedAt" IS NULL
    ) AS "t" ON "s"."DemandId" = "t"."DemandId"
    INNER JOIN "JourneyRuntimes" AS "j0" ON "t"."JourneyId" = "j0"."JourneyId"
    WHERE "j0"."AgvId" = @__agvId_0 AND "s"."Status" = 'RecoveryRequired')
[09:05:21 INF] Executed DbCommand (0ms) [Parameters=[@__agvId_0='?' (Size = 10)], CommandType='Text', CommandTimeout='30']
SELECT EXISTS (
    SELECT 1
    FROM "RecoveryWorkflows" AS "r"
    WHERE "r"."AgvId" = @__agvId_0 AND "r"."WorkflowType" = 'FORCED_MECHANICAL_RECOVERY' AND "r"."State" <> 'HistoricalOnly' AND NOT EXISTS (
        SELECT 1
        FROM "HardwareRecoveryRecords" AS "h"
        WHERE "h"."RecoveryActionId" = "r"."WorkflowId"))
[09:05:21 INF] Executed DbCommand (0ms) [Parameters=[@__agvId_0='?' (Size = 10)], CommandType='Text', CommandTimeout='30']
SELECT "a"."AgvId", "a"."ActivatedAt", "a"."ActivationId", "a"."ConfigurationVersion", "a"."Fingerprint", "a"."SlotModelVersionId", "a"."SnapshotId"
FROM "ActiveSlotConfigurations" AS "a"
WHERE "a"."AgvId" = @__agvId_0
LIMIT 1
[09:05:21 INF] Executed DbCommand (0ms) [Parameters=[@p3='?' (Size = 10), @p0='?' (Size = 5), @p1='?' (Size = 5), @p2='?' (DbType = DateTimeOffset)], CommandType='Text', CommandTimeout='30']
UPDATE "SessionRecoveries" SET "Readiness" = @p0, "ReasonCode" = @p1, "UpdatedAt" = @p2
WHERE "AgvId" = @p3
RETURNING 1;
[09:05:21 INF] Executed DbCommand (0ms) [Parameters=[@__agvId_0='?' (Size = 10)], CommandType='Text', CommandTimeout='30']
SELECT "o"."AlarmsJson"
FROM "OnboardAlarmSnapshots" AS "o"
WHERE "o"."AgvId" = @__agvId_0
LIMIT 1
[09:05:21 INF] Executed DbCommand (0ms) [Parameters=[@p0='?' (Size = 36), @p1='?' (Size = 64), @p2='?' (Size = 1234), @p3='?' (Size = 18), @p4='?' (DbType = DateTimeOffset), @p5='?' (Size = 653)], CommandType='Text', CommandTimeout='30']
INSERT INTO "ProtocolInbox" ("MessageId", "ContentHash", "FirstResponseJson", "MessageType", "ReceivedAt", "RequestJson")
VALUES (@p0, @p1, @p2, @p3, @p4, @p5);
[09:05:21 INF] Executed DbCommand (0ms) [Parameters=[@__messageId_0='?' (Size = 36)], CommandType='Text', CommandTimeout='30']
SELECT "p"."MessageId", "p"."ContentHash", "p"."FirstResponseJson", "p"."MessageType", "p"."ReceivedAt", "p"."RequestJson"
FROM "ProtocolInbox" AS "p"
WHERE "p"."MessageId" = @__messageId_0
LIMIT 2
[09:05:21 INF] Executed DbCommand (0ms) [Parameters=[@__agvId_0='?' (Size = 10)], CommandType='Text', CommandTimeout='30']
SELECT "o"."AlarmsJson"
FROM "OnboardAlarmSnapshots" AS "o"
WHERE "o"."AgvId" = @__agvId_0
LIMIT 1
[09:05:21 INF] Executed DbCommand (0ms) [Parameters=[@__snapshot_AgvId_0='?' (Size = 10)], CommandType='Text', CommandTimeout='30']
SELECT "o"."AgvId", "o"."AlarmsJson", "o"."CapturedAt", "o"."ReceivedAt", "o"."SessionGeneration", "o"."SnapshotSequence"
FROM "OnboardAlarmSnapshots" AS "o"
WHERE "o"."AgvId" = @__snapshot_AgvId_0
LIMIT 1
[09:05:21 INF] Start processing HTTP request GET http://127.0.0.1:48408/api/imap/v1/mapInfo/stations/25
[09:05:21 INF] Sending HTTP request GET http://127.0.0.1:48408/api/imap/v1/mapInfo/stations/25
[09:05:21 INF] Executed DbCommand (0ms) [Parameters=[@p4='?' (Size = 10), @p0='?' (Size = 2), @p1='?' (DbType = DateTimeOffset), @p2='?' (DbType = DateTimeOffset), @p3='?' (DbType = Int64)], CommandType='Text', CommandTimeout='30']
UPDATE "OnboardAlarmSnapshots" SET "AlarmsJson" = @p0, "CapturedAt" = @p1, "ReceivedAt" = @p2, "SnapshotSequence" = @p3
WHERE "AgvId" = @p4
RETURNING 1;
[09:05:21 INF] Received HTTP response headers after 0.8781ms - 200
[09:05:21 INF] Executed DbCommand (0ms) [Parameters=[@__agvId_0='?' (Size = 10)], CommandType='Text', CommandTimeout='30']
SELECT "o"."AlarmsJson"
FROM "OnboardAlarmSnapshots" AS "o"
WHERE "o"."AgvId" = @__agvId_0
LIMIT 1
[09:05:21 INF] End processing HTTP request after 47.5225ms - 200
[09:05:21 INF] Executed DbCommand (0ms) [Parameters=[@p0='?' (Size = 36), @p1='?' (Size = 64), @p2='?' (Size = 625), @p3='?' (Size = 20), @p4='?' (DbType = DateTimeOffset), @p5='?' (Size = 485)], CommandType='Text', CommandTimeout='30']
INSERT INTO "ProtocolInbox" ("MessageId", "ContentHash", "FirstResponseJson", "MessageType", "ReceivedAt", "RequestJson")
VALUES (@p0, @p1, @p2, @p3, @p4, @p5);
[09:05:21 INF] Executed DbCommand (0ms) [Parameters=[@__mapId_0='?' (DbType = Int32)], CommandType='Text', CommandTimeout='30']
SELECT "t"."MapId", "t"."ActiveVersion", "t"."PendingVersion", "t"."State", "t"."UpdatedAt"
FROM "TaskTypeStationActiveBindingSets" AS "t"
WHERE "t"."MapId" = @__mapId_0
LIMIT 2
[09:05:21 INF] Executed DbCommand (0ms) [Parameters=[@__mapId_0='?' (DbType = Int32), @__version_1='?' (DbType = Int64)], CommandType='Text', CommandTimeout='30']
SELECT "t"."MapId", "t"."Version", "t"."CatalogRevision", "t"."ContentSha256", "t"."LoadedAt", "t"."RuleVersion", "t"."SnapshotId", "t"."Source"
FROM "TaskTypeStationBindingSetVersions" AS "t"
WHERE "t"."MapId" = @__mapId_0 AND "t"."Version" = @__version_1
LIMIT 2
[09:05:21 INF] Executed DbCommand (0ms) [Parameters=[@__mapId_0='?' (DbType = Int32), @__version_1='?' (DbType = Int64)], CommandType='Text', CommandTimeout='30']
SELECT "t"."TaskType"
FROM "TaskTypeStationRequirements" AS "t"
WHERE "t"."MapId" = @__mapId_0 AND "t"."Version" = @__version_1
[09:05:21 INF] Executed DbCommand (0ms) [Parameters=[@__mapId_0='?' (DbType = Int32), @__version_1='?' (DbType = Int64)], CommandType='Text', CommandTimeout='30']
SELECT "t"."MapId", "t"."Version", "t"."TaskType", "t"."SiteVerificationRef", "t"."StationName", "t"."StationRiotId"
FROM "TaskTypeStationBindings" AS "t"
WHERE "t"."MapId" = @__mapId_0 AND "t"."Version" = @__version_1
[09:05:21 INF] Executed DbCommand (0ms) [Parameters=[@__version_0='?' (DbType = Int64)], CommandType='Text', CommandTimeout='30']
SELECT "t"."Version", "t"."ContentSha256", "t"."LoadedAt", "t"."SnapshotId", "t"."Source"
FROM "TaskTypeStationRuleVersions" AS "t"
WHERE "t"."Version" = @__version_0
LIMIT 2
[09:05:21 INF] Executed DbCommand (0ms) [Parameters=[@__version_0='?' (DbType = Int64)], CommandType='Text', CommandTimeout='30']
SELECT "t"."Version", "t"."TaskType", "t"."FixedEnd"
FROM "TaskTypeStationRules" AS "t"
WHERE "t"."Version" = @__version_0
[09:05:21 INF] Executed DbCommand (0ms) [Parameters=[@__mapId_0='?' (DbType = Int32)], CommandType='Text', CommandTimeout='30']
SELECT "t"."MapId", "t"."ActiveVersion", "t"."PendingVersion", "t"."State", "t"."UpdatedAt"
FROM "TaskTypeStationActiveBindingSets" AS "t"
WHERE "t"."MapId" = @__mapId_0
LIMIT 2
[09:05:21 INF] Executed DbCommand (0ms) [Parameters=[@__mapId_0='?' (DbType = Int32)], CommandType='Text', CommandTimeout='30']
SELECT "t"."HoldId", "t"."DetailJson", "t"."MapId", "t"."RaisedAt", "t"."RaisedBy", "t"."ReasonCode", "t"."ReleasedAt", "t"."ReleasedBy", "t"."Source", "t"."TaskType"
FROM "TaskTypeStationHolds" AS "t"
WHERE "t"."MapId" = @__mapId_0 AND "t"."ReleasedAt" IS NULL
[09:05:21 INF] Executed DbCommand (0ms) [Parameters=[@__mapId_0='?' (DbType = Int32)], CommandType='Text', CommandTimeout='30']
SELECT "m"."MapId", "m"."ApprovedMaxUnconfirmedSeconds", "m"."ApprovedSyncPeriodSeconds", "m"."CatalogRevision", "m"."LastAttemptAt", "m"."LastCompleteConfirmationAt", "m"."LastFailureReason", "m"."State", "m"."UpdatedAt"
FROM "MapStationCatalogStates" AS "m"
WHERE "m"."MapId" = @__mapId_0
LIMIT 2
[09:05:21 INF] Executed DbCommand (0ms) [Parameters=[@p3='?' (DbType = Int32), @p0='?' (DbType = DateTimeOffset), @p1='?' (DbType = DateTimeOffset), @p2='?' (DbType = DateTimeOffset)], CommandType='Text', CommandTimeout='30']
UPDATE "MapStationCatalogStates" SET "LastAttemptAt" = @p0, "LastCompleteConfirmationAt" = @p1, "UpdatedAt" = @p2
WHERE "MapId" = @p3
RETURNING 1;
[09:05:21 INF] Executed DbCommand (0ms) [Parameters=[@__mapId_0='?' (DbType = Int32)], CommandType='Text', CommandTimeout='30']
SELECT "t"."MapId", "t"."ActiveVersion", "t"."PendingVersion", "t"."State", "t"."UpdatedAt"
FROM "TaskTypeStationActiveBindingSets" AS "t"
WHERE "t"."MapId" = @__mapId_0
LIMIT 2
[09:05:21 INF] Executed DbCommand (0ms) [Parameters=[@__mapId_0='?' (DbType = Int32), @__version_1='?' (DbType = Int64)], CommandType='Text', CommandTimeout='30']
SELECT "t"."MapId", "t"."Version", "t"."CatalogRevision", "t"."ContentSha256", "t"."LoadedAt", "t"."RuleVersion", "t"."SnapshotId", "t"."Source"
FROM "TaskTypeStationBindingSetVersions" AS "t"
WHERE "t"."MapId" = @__mapId_0 AND "t"."Version" = @__version_1
LIMIT 2
[09:05:21 INF] Executed DbCommand (0ms) [Parameters=[@__mapId_0='?' (DbType = Int32), @__version_1='?' (DbType = Int64)], CommandType='Text', CommandTimeout='30']
SELECT "t"."TaskType"
FROM "TaskTypeStationRequirements" AS "t"
WHERE "t"."MapId" = @__mapId_0 AND "t"."Version" = @__version_1
[09:05:21 INF] Executed DbCommand (0ms) [Parameters=[@__mapId_0='?' (DbType = Int32), @__version_1='?' (DbType = Int64)], CommandType='Text', CommandTimeout='30']
SELECT "t"."MapId", "t"."Version", "t"."TaskType", "t"."SiteVerificationRef", "t"."StationName", "t"."StationRiotId"
FROM "TaskTypeStationBindings" AS "t"
WHERE "t"."MapId" = @__mapId_0 AND "t"."Version" = @__version_1
[09:05:21 INF] Executed DbCommand (0ms) [Parameters=[@__mapId_0='?' (DbType = Int32)], CommandType='Text', CommandTimeout='30']
SELECT "t"."MapId", "t"."ActiveVersion", "t"."PendingVersion", "t"."State", "t"."UpdatedAt"
FROM "TaskTypeStationActiveBindingSets" AS "t"
WHERE "t"."MapId" = @__mapId_0
LIMIT 2
[09:05:21 INF] Executed DbCommand (0ms) [Parameters=[@__mapId_0='?' (DbType = Int32), @__version_1='?' (DbType = Int64)], CommandType='Text', CommandTimeout='30']
SELECT "t"."MapId", "t"."Version", "t"."CatalogRevision", "t"."ContentSha256", "t"."LoadedAt", "t"."RuleVersion", "t"."SnapshotId", "t"."Source"
FROM "TaskTypeStationBindingSetVersions" AS "t"
WHERE "t"."MapId" = @__mapId_0 AND "t"."Version" = @__version_1
LIMIT 2
[09:05:21 INF] Executed DbCommand (0ms) [Parameters=[@__mapId_0='?' (DbType = Int32), @__version_1='?' (DbType = Int64)], CommandType='Text', CommandTimeout='30']
SELECT "t"."TaskType"
FROM "TaskTypeStationRequirements" AS "t"
WHERE "t"."MapId" = @__mapId_0 AND "t"."Version" = @__version_1
[09:05:21 INF] Executed DbCommand (0ms) [Parameters=[@__mapId_0='?' (DbType = Int32), @__version_1='?' (DbType = Int64)], CommandType='Text', CommandTimeout='30']
SELECT "t"."MapId", "t"."Version", "t"."TaskType", "t"."SiteVerificationRef", "t"."StationName", "t"."StationRiotId"
FROM "TaskTypeStationBindings" AS "t"
WHERE "t"."MapId" = @__mapId_0 AND "t"."Version" = @__version_1
[09:05:21 INF] Executed DbCommand (0ms) [Parameters=[@__version_0='?' (DbType = Int64)], CommandType='Text', CommandTimeout='30']
SELECT "t"."Version", "t"."ContentSha256", "t"."LoadedAt", "t"."SnapshotId", "t"."Source"
FROM "TaskTypeStationRuleVersions" AS "t"
WHERE "t"."Version" = @__version_0
LIMIT 2
[09:05:21 INF] Executed DbCommand (0ms) [Parameters=[@__version_0='?' (DbType = Int64)], CommandType='Text', CommandTimeout='30']
SELECT "t"."Version", "t"."TaskType", "t"."FixedEnd"
FROM "TaskTypeStationRules" AS "t"
WHERE "t"."Version" = @__version_0
[09:05:21 INF] Executed DbCommand (0ms) [Parameters=[], CommandType='Text', CommandTimeout='30']
SELECT "a"."Id", "a"."ContentHash", "a"."DeploymentId", "a"."ImportedAt", "a"."Version"
FROM "AdmissionPolicyState" AS "a"
WHERE "a"."Id" = 1
LIMIT 2
[09:05:21 INF] Executed DbCommand (0ms) [Parameters=[], CommandType='Text', CommandTimeout='30']
SELECT "j"."JourneyId", "j"."AgvId", "j"."AgvLifecycleGeneration", "j"."AreaEndAdmissionRevokedSince", "j"."BlockReasonCode", "j"."BlockReasonSince", "j"."CargoHoldingStartedAt", "j"."ConsumedSafetyResultMessageId", "j"."ConsumedSublotMessageId", "j"."CreatedAt", "j"."DemandId", "j"."DispatchGeneration", "j"."DispatchZone", "j"."ExpectedBasketCount", "j"."FullSlotPositionsJson", "j"."GateMovementLegId", "j"."GatePlanMessageId", "j"."GateStationId", "j"."GateStationRiotId", "j"."GateUpperId", "j"."GateVehicleBusinessMessageId", "j"."GateWorklistMessageId", "j"."LoadCommandMessageId", "j"."LoadSlotOperationAttemptId", "j"."LoadingClosedReason", "j"."LoadingPhaseState", "j"."MapId", "j"."MapIdentity", "j"."OperationSessionId", "j"."PickupMovementLegId", "j"."PickupStationId", "j"."PickupStationRiotId", "j"."PickupUpperId", "j"."PlanMessageId", "j"."PlanRevision", "j"."PreDepartureSafetyCheckId", "j"."PreDepartureSafetyCheckMessageId", "j"."RouteEvidenceId", "j"."Stage", "j"."StationDepartureWaitStartedAt", "j"."SublotRequestMessageId", "j"."TargetSlotsJson", "j"."UnloadCommandMessageId", "j"."UnloadSlotOperationAttemptId", "j"."UpdatedAt", "j"."VehicleBusinessMessageId", "j"."VehicleBusinessRevision", "j"."VehicleKey", "j"."WorklistMessageId", "j"."WorklistRevision", "j"."YieldTriggeredAt", "j"."YieldTriggeredByVehicleKey"
FROM "JourneyRuntimes" AS "j"
WHERE "j"."Stage" <> 'Completed'
[09:05:21 INF] Executed DbCommand (0ms) [Parameters=[@__agvId_0='?' (Size = 10)], CommandType='Text', CommandTimeout='30']
SELECT "s"."AgvId", "s"."ActiveUnlockSlotsJson", "s"."CapabilityHash", "s"."CapabilityRevision", "s"."DepartureSafe", "s"."ForcedRecoveryGeneration", "s"."ManifestSha256", "s"."PendingAttemptIdsJson", "s"."PendingResultIdsJson", "s"."ProfileId", "s"."ProtocolCommit", "s"."ProtocolVersion", "s"."ProvenRecoveryCheckpoint", "s"."Readiness", "s"."ReasonCode", "s"."RecoveryReportId", "s"."ReportedForcedRecoveryGeneration", "s"."ReportedSlotConfigurationFingerprint", "s"."SafetyHash", "s"."SafetyReasonCodesJson", "s"."SafetyRevision", "s"."SafetyUnknownPresent", "s"."SessionGeneration", "s"."UnsettledSlotOperationAttemptId", "s"."UpdatedAt"
FROM "SessionRecoveries" AS "s"
WHERE "s"."AgvId" = @__agvId_0 AND "s"."Readiness" = 'Ready'
LIMIT 2
[09:05:21 INF] Executed DbCommand (0ms) [Parameters=[], CommandType='Text', CommandTimeout='30']
SELECT "p"."MessageId", "p"."AcknowledgedAt", "p"."CreatedAt", "p"."FencedAt", "p"."MessageType", "p"."PayloadJson"
FROM "ProtocolOutbox" AS "p"
WHERE "p"."AcknowledgedAt" IS NULL AND "p"."FencedAt" IS NULL
[09:05:21 INF] Executed DbCommand (0ms) [Parameters=[@__upperId_0='?' (Size = 49)], CommandType='Text', CommandTimeout='30']
SELECT "o"."MovementLegId", "o"."AgvLifecycleGeneration", "o"."CreateAttemptCount", "o"."CreateAttemptId", "o"."CreateDispatchArmedAt", "o"."CreatedAt", "o"."DemandId", "o"."DestinationStationId", "o"."DispatchAuditSequence", "o"."DispatchAuditVersion", "o"."DispatchGeneration", "o"."ExperimentalCreateAuthorizationId", "o"."LastCreateOutcome", "o"."LastCreateOutcomeAt", "o"."LastCreateReceiptJson", "o"."LastReconciliationOutcome", "o"."LastReconciliationOutcomeAt", "o"."LastReconciliationReceiptJson", "o"."MapId", "o"."OrderId", "o"."Purpose", "o"."Status", "o"."TargetStationId", "o"."UpperId", "o"."VehicleKey", "o"."VehicleOccupancyClaimedAt", "o"."VehicleOccupancyReleasedAt"
FROM "OrderIntents" AS "o"
WHERE "o"."UpperId" = @__upperId_0
LIMIT 2
[09:05:21 INF] Executed DbCommand (0ms) [Parameters=[@__messageId_0='?' (Size = 36)], CommandType='Text', CommandTimeout='30']
SELECT EXISTS (
    SELECT 1
    FROM "ProtocolOutbox" AS "p"
    WHERE "p"."MessageId" = @__messageId_0)
[09:05:21 INF] Executed DbCommand (0ms) [Parameters=[@__messageId_0='?' (Size = 36)], CommandType='Text', CommandTimeout='30']
SELECT "p"."MessageId", "p"."AcknowledgedAt", "p"."CreatedAt", "p"."FencedAt", "p"."MessageType", "p"."PayloadJson"
FROM "ProtocolOutbox" AS "p"
WHERE "p"."MessageId" = @__messageId_0
LIMIT 2
[09:05:21 INF] Executed DbCommand (0ms) [Parameters=[@__messageId_0='?' (Size = 36)], CommandType='Text', CommandTimeout='30']
SELECT "p"."MessageId", "p"."AcknowledgedAt", "p"."CreatedAt", "p"."FencedAt", "p"."MessageType", "p"."PayloadJson"
FROM "ProtocolOutbox" AS "p"
WHERE "p"."MessageId" = @__messageId_0
LIMIT 2
[09:05:21 INF] Executed DbCommand (1ms) [Parameters=[@p0='?' (Size = 36), @p1='?' (DbType = DateTimeOffset), @p2='?' (DbType = DateTimeOffset), @p3='?' (DbType = DateTimeOffset), @p4='?' (Size = 24), @p5='?' (Size = 951)], CommandType='Text', CommandTimeout='30']
INSERT INTO "ProtocolOutbox" ("MessageId", "AcknowledgedAt", "CreatedAt", "FencedAt", "MessageType", "PayloadJson")
VALUES (@p0, @p1, @p2, @p3, @p4, @p5);
[09:05:21 INF] Executed DbCommand (0ms) [Parameters=[@__runtime_DemandId_0='?' (Size = 36), @__purpose_1='?' (Size = 9)], CommandType='Text', CommandTimeout='30']
SELECT "o"."MovementLegId", "o"."AgvLifecycleGeneration", "o"."CreateAttemptCount", "o"."CreateAttemptId", "o"."CreateDispatchArmedAt", "o"."CreatedAt", "o"."DemandId", "o"."DestinationStationId", "o"."DispatchAuditSequence", "o"."DispatchAuditVersion", "o"."DispatchGeneration", "o"."ExperimentalCreateAuthorizationId", "o"."LastCreateOutcome", "o"."LastCreateOutcomeAt", "o"."LastCreateReceiptJson", "o"."LastReconciliationOutcome", "o"."LastReconciliationOutcomeAt", "o"."LastReconciliationReceiptJson", "o"."MapId", "o"."OrderId", "o"."Purpose", "o"."Status", "o"."TargetStationId", "o"."UpperId", "o"."VehicleKey", "o"."VehicleOccupancyClaimedAt", "o"."VehicleOccupancyReleasedAt"
FROM "OrderIntents" AS "o"
WHERE "o"."DemandId" = @__runtime_DemandId_0 AND "o"."Purpose" = @__purpose_1
LIMIT 2
[09:05:21 INF] Start processing HTTP request GET http://127.0.0.1:48408/api/order/v1/orderRecord/detailByUpperId/W2G-2dc71c81-cb3a-4911-87a9-ccc305987d86-PICKUP-1
[09:05:21 INF] Sending HTTP request GET http://127.0.0.1:48408/api/order/v1/orderRecord/detailByUpperId/W2G-2dc71c81-cb3a-4911-87a9-ccc305987d86-PICKUP-1
[09:05:21 INF] Received HTTP response headers after 0.945ms - 200
[09:05:21 INF] End processing HTTP request after 14.3026ms - 200
[09:05:21 INF] Start processing HTTP request GET http://127.0.0.1:48408/api/task/vehicles/getVehicleInfoByDeviceKey?key=BROKERX-L2-0001
[09:05:21 INF] Sending HTTP request GET http://127.0.0.1:48408/api/task/vehicles/getVehicleInfoByDeviceKey?key=BROKERX-L2-0001
[09:05:21 INF] Received HTTP response headers after 0.7822ms - 200
[09:05:21 INF] End processing HTTP request after 62.969ms - 200
[09:05:21 INF] Executed DbCommand (0ms) [Parameters=[@__agvId_0='?' (Size = 10)], CommandType='Text', CommandTimeout='30']
SELECT "s"."AgvId", "s"."ActiveUnlockSlotsJson", "s"."CapabilityHash", "s"."CapabilityRevision", "s"."DepartureSafe", "s"."ForcedRecoveryGeneration", "s"."ManifestSha256", "s"."PendingAttemptIdsJson", "s"."PendingResultIdsJson", "s"."ProfileId", "s"."ProtocolCommit", "s"."ProtocolVersion", "s"."ProvenRecoveryCheckpoint", "s"."Readiness", "s"."ReasonCode", "s"."RecoveryReportId", "s"."ReportedForcedRecoveryGeneration", "s"."ReportedSlotConfigurationFingerprint", "s"."SafetyHash", "s"."SafetyReasonCodesJson", "s"."SafetyRevision", "s"."SafetyUnknownPresent", "s"."SessionGeneration", "s"."UnsettledSlotOperationAttemptId", "s"."UpdatedAt"
FROM "SessionRecoveries" AS "s"
WHERE "s"."AgvId" = @__agvId_0 AND "s"."Readiness" = 'Ready'
LIMIT 2
[09:05:21 INF] Executed DbCommand (0ms) [Parameters=[@__messageId_0='?' (Size = 36)], CommandType='Text', CommandTimeout='30']
SELECT "p"."MessageId", "p"."ContentHash", "p"."FirstResponseJson", "p"."MessageType", "p"."ReceivedAt", "p"."RequestJson"
FROM "ProtocolInbox" AS "p"
WHERE "p"."MessageId" = @__messageId_0
LIMIT 2
[09:05:21 INF] Executed DbCommand (0ms) [Parameters=[@__messageType_0='?' (Size = 18)], CommandType='Text', CommandTimeout='30']
SELECT "p"."MessageId", "p"."ContentHash", "p"."FirstResponseJson", "p"."MessageType", "p"."ReceivedAt", "p"."RequestJson"
FROM "ProtocolInbox" AS "p"
WHERE "p"."MessageType" = @__messageType_0
[09:05:21 INF] Executed DbCommand (0ms) [Parameters=[], CommandType='Text', CommandTimeout='30']
SELECT "p"."MessageId", "p"."ContentHash", "p"."FirstResponseJson", "p"."MessageType", "p"."ReceivedAt", "p"."RequestJson"
FROM "ProtocolInbox" AS "p"
WHERE "p"."MessageType" = 'SafetyStateSnapshot'
[09:05:21 INF] Executed DbCommand (0ms) [Parameters=[], CommandType='Text', CommandTimeout='30']
SELECT "p"."MessageId", "p"."ContentHash", "p"."FirstResponseJson", "p"."MessageType", "p"."ReceivedAt", "p"."RequestJson"
FROM "ProtocolInbox" AS "p"
WHERE "p"."MessageType" IN ('SafetyStateSnapshot', 'SafetyStateChanged')
[09:05:21 INF] Executed DbCommand (0ms) [Parameters=[], CommandType='Text', CommandTimeout='30']
SELECT "p"."MessageId", "p"."ContentHash", "p"."FirstResponseJson", "p"."MessageType", "p"."ReceivedAt", "p"."RequestJson"
FROM "ProtocolInbox" AS "p"
[09:05:21 INF] Executed DbCommand (0ms) [Parameters=[@__messageId_0='?' (Size = 36)], CommandType='Text', CommandTimeout='30']
SELECT "p"."MessageId", "p"."AcknowledgedAt", "p"."CreatedAt", "p"."FencedAt", "p"."MessageType", "p"."PayloadJson"
FROM "ProtocolOutbox" AS "p"
WHERE "p"."MessageId" = @__messageId_0
LIMIT 2
[09:05:21 INF] Executed DbCommand (0ms) [Parameters=[@p1='?' (Size = 36), @p0='?' (DbType = DateTimeOffset)], CommandType='Text', CommandTimeout='30']
UPDATE "ProtocolOutbox" SET "AcknowledgedAt" = @p0
WHERE "MessageId" = @p1
RETURNING 1;
[09:05:21 INF] Executed DbCommand (0ms) [Parameters=[@__runtime_DemandId_0='?' (Size = 36)], CommandType='Text', CommandTimeout='30']
SELECT "a"."DemandId", "a"."AcceptedAt", "a"."CatalogRevision", "a"."CreatedAt", "a"."DemandRevision", "a"."Generation", "a"."HistoryEpoch", "a"."LiveMesFieldsJson", "a"."SeriesId", "a"."Status", "a"."Sublot", "a"."TransportDemandKey", "a"."ValueObservedAt", "a"."ValuePollTraceId", "a"."ValueProjectionCommitId", "a"."WorkType"
FROM "AcceptedDemands" AS "a"
WHERE "a"."DemandId" = @__runtime_DemandId_0
LIMIT 2
[09:05:21 INF] Executed DbCommand (0ms) [Parameters=[@p0='?' (Size = 36), @p1='?' (Size = 64), @p2='?', @p3='?' (Size = 18), @p4='?' (DbType = DateTimeOffset), @p5='?' (Size = 630)], CommandType='Text', CommandTimeout='30']
INSERT INTO "ProtocolInbox" ("MessageId", "ContentHash", "FirstResponseJson", "MessageType", "ReceivedAt", "RequestJson")
VALUES (@p0, @p1, @p2, @p3, @p4, @p5);
[09:05:21 INF] Executed DbCommand (0ms) [Parameters=[@__messageId_0='?' (Size = 36)], CommandType='Text', CommandTimeout='30']
SELECT "p"."MessageId", "p"."AcknowledgedAt", "p"."CreatedAt", "p"."FencedAt", "p"."MessageType", "p"."PayloadJson"
FROM "ProtocolOutbox" AS "p"
WHERE "p"."MessageId" = @__messageId_0
LIMIT 2
[09:05:21 INF] Executed DbCommand (0ms) [Parameters=[@__messageId_0='?' (Size = 36)], CommandType='Text', CommandTimeout='30']
SELECT "p"."MessageId", "p"."AcknowledgedAt", "p"."CreatedAt", "p"."FencedAt", "p"."MessageType", "p"."PayloadJson"
FROM "ProtocolOutbox" AS "p"
WHERE "p"."MessageId" = @__messageId_0
LIMIT 2
[09:05:21 INF] Executed DbCommand (1ms) [Parameters=[@p0='?' (Size = 36), @p1='?' (DbType = DateTimeOffset), @p2='?' (DbType = DateTimeOffset), @p3='?' (DbType = DateTimeOffset), @p4='?' (Size = 28), @p5='?' (Size = 731)], CommandType='Text', CommandTimeout='30']
INSERT INTO "ProtocolOutbox" ("MessageId", "AcknowledgedAt", "CreatedAt", "FencedAt", "MessageType", "PayloadJson")
VALUES (@p0, @p1, @p2, @p3, @p4, @p5);
[09:05:21 INF] Executed DbCommand (0ms) [Parameters=[@__messageId_0='?' (Size = 36)], CommandType='Text', CommandTimeout='30']
SELECT "p"."MessageId", "p"."AcknowledgedAt", "p"."CreatedAt", "p"."FencedAt", "p"."MessageType", "p"."PayloadJson"
FROM "ProtocolOutbox" AS "p"
WHERE "p"."MessageId" = @__messageId_0
LIMIT 2
[09:05:21 INF] Executed DbCommand (0ms) [Parameters=[@__messageId_0='?' (Size = 36)], CommandType='Text', CommandTimeout='30']
SELECT "p"."MessageId", "p"."AcknowledgedAt", "p"."CreatedAt", "p"."FencedAt", "p"."MessageType", "p"."PayloadJson"
FROM "ProtocolOutbox" AS "p"
WHERE "p"."MessageId" = @__messageId_0
LIMIT 2
[09:05:21 INF] Executed DbCommand (0ms) [Parameters=[@p1='?' (Size = 44), @p0='?' (DbType = DateTimeOffset)], CommandType='Text', CommandTimeout='30']
UPDATE "JourneyRuntimes" SET "StationDepartureWaitStartedAt" = @p0
WHERE "JourneyId" = @p1
RETURNING 1;
[09:05:21 INF] Executed DbCommand (0ms) [Parameters=[@p0='?' (Size = 36), @p1='?' (DbType = DateTimeOffset), @p2='?' (DbType = DateTimeOffset), @p3='?' (DbType = DateTimeOffset), @p4='?' (Size = 27), @p5='?' (Size = 805)], CommandType='Text', CommandTimeout='30']
INSERT INTO "ProtocolOutbox" ("MessageId", "AcknowledgedAt", "CreatedAt", "FencedAt", "MessageType", "PayloadJson")
VALUES (@p0, @p1, @p2, @p3, @p4, @p5);
[09:05:21 INF] Executed DbCommand (0ms) [Parameters=[@__messageId_0='?' (Size = 36)], CommandType='Text', CommandTimeout='30']
SELECT "p"."MessageId", "p"."AcknowledgedAt", "p"."CreatedAt", "p"."FencedAt", "p"."MessageType", "p"."PayloadJson"
FROM "ProtocolOutbox" AS "p"
WHERE "p"."MessageId" = @__messageId_0 AND "p"."AcknowledgedAt" IS NULL AND "p"."FencedAt" IS NULL
LIMIT 2
[09:05:21 INF] Executed DbCommand (0ms) [Parameters=[@__messageId_0='?' (Size = 36)], CommandType='Text', CommandTimeout='30']
SELECT "p"."MessageId", "p"."AcknowledgedAt", "p"."CreatedAt", "p"."FencedAt", "p"."MessageType", "p"."PayloadJson"
FROM "ProtocolOutbox" AS "p"
WHERE "p"."MessageId" = @__messageId_0
LIMIT 2
[09:05:21 INF] Executed DbCommand (0ms) [Parameters=[@__messageId_0='?' (Size = 36)], CommandType='Text', CommandTimeout='30']
SELECT "p"."MessageId", "p"."AcknowledgedAt", "p"."CreatedAt", "p"."FencedAt", "p"."MessageType", "p"."PayloadJson"
FROM "ProtocolOutbox" AS "p"
WHERE "p"."MessageId" = @__messageId_0
LIMIT 2
[09:05:21 INF] Executed DbCommand (0ms) [Parameters=[@__messageId_0='?' (Size = 36)], CommandType='Text', CommandTimeout='30']
SELECT "p"."MessageId", "p"."ContentHash", "p"."FirstResponseJson", "p"."MessageType", "p"."ReceivedAt", "p"."RequestJson"
FROM "ProtocolInbox" AS "p"
WHERE "p"."MessageId" = @__messageId_0
LIMIT 2
[09:05:21 INF] Executed DbCommand (0ms) [Parameters=[@__messageId_0='?' (Size = 36)], CommandType='Text', CommandTimeout='30']
SELECT "p"."MessageId", "p"."AcknowledgedAt", "p"."CreatedAt", "p"."FencedAt", "p"."MessageType", "p"."PayloadJson"
FROM "ProtocolOutbox" AS "p"
WHERE "p"."MessageId" = @__messageId_0
LIMIT 2
[09:05:21 INF] Executed DbCommand (0ms) [Parameters=[@p1='?' (Size = 36), @p0='?' (DbType = DateTimeOffset)], CommandType='Text', CommandTimeout='30']
UPDATE "ProtocolOutbox" SET "AcknowledgedAt" = @p0
WHERE "MessageId" = @p1
RETURNING 1;
[09:05:21 INF] Executed DbCommand (0ms) [Parameters=[@p0='?' (Size = 36), @p1='?' (Size = 64), @p2='?', @p3='?' (Size = 18), @p4='?' (DbType = DateTimeOffset), @p5='?' (Size = 634)], CommandType='Text', CommandTimeout='30']
INSERT INTO "ProtocolInbox" ("MessageId", "ContentHash", "FirstResponseJson", "MessageType", "ReceivedAt", "RequestJson")
VALUES (@p0, @p1, @p2, @p3, @p4, @p5);
[09:05:22 INF] Executed DbCommand (0ms) [Parameters=[@__messageId_0='?' (Size = 36)], CommandType='Text', CommandTimeout='30']
SELECT "p"."MessageId", "p"."ContentHash", "p"."FirstResponseJson", "p"."MessageType", "p"."ReceivedAt", "p"."RequestJson"
FROM "ProtocolInbox" AS "p"
WHERE "p"."MessageId" = @__messageId_0
LIMIT 2
[09:05:22 INF] Executed DbCommand (0ms) [Parameters=[@__messageId_0='?' (Size = 36)], CommandType='Text', CommandTimeout='30']
SELECT "p"."MessageId", "p"."AcknowledgedAt", "p"."CreatedAt", "p"."FencedAt", "p"."MessageType", "p"."PayloadJson"
FROM "ProtocolOutbox" AS "p"
WHERE "p"."MessageId" = @__messageId_0
LIMIT 2
[09:05:22 INF] Executed DbCommand (0ms) [Parameters=[@p1='?' (Size = 36), @p0='?' (DbType = DateTimeOffset)], CommandType='Text', CommandTimeout='30']
UPDATE "ProtocolOutbox" SET "AcknowledgedAt" = @p0
WHERE "MessageId" = @p1
RETURNING 1;
[09:05:22 INF] Executed DbCommand (0ms) [Parameters=[@p0='?' (Size = 36), @p1='?' (Size = 64), @p2='?', @p3='?' (Size = 18), @p4='?' (DbType = DateTimeOffset), @p5='?' (Size = 633)], CommandType='Text', CommandTimeout='30']
INSERT INTO "ProtocolInbox" ("MessageId", "ContentHash", "FirstResponseJson", "MessageType", "ReceivedAt", "RequestJson")
VALUES (@p0, @p1, @p2, @p3, @p4, @p5);
[09:05:22 INF] Executed DbCommand (153ms) [Parameters=[@p0='?' (Size = 36), @p1='?' (DbType = DateTimeOffset), @p2='?' (DbType = DateTimeOffset), @p3='?' (DbType = DateTimeOffset), @p4='?' (Size = 24), @p5='?' (Size = 953)], CommandType='Text', CommandTimeout='30']
INSERT INTO "ProtocolOutbox" ("MessageId", "AcknowledgedAt", "CreatedAt", "FencedAt", "MessageType", "PayloadJson")
VALUES (@p0, @p1, @p2, @p3, @p4, @p5);
[09:05:22 INF] Executed DbCommand (0ms) [Parameters=[@__messageId_0='?' (Size = 36)], CommandType='Text', CommandTimeout='30']
SELECT "p"."MessageId", "p"."AcknowledgedAt", "p"."CreatedAt", "p"."FencedAt", "p"."MessageType", "p"."PayloadJson"
FROM "ProtocolOutbox" AS "p"
WHERE "p"."MessageId" = @__messageId_0
LIMIT 2
[09:05:22 INF] Executed DbCommand (0ms) [Parameters=[@__messageId_0='?' (Size = 36)], CommandType='Text', CommandTimeout='30']
SELECT "p"."MessageId", "p"."AcknowledgedAt", "p"."CreatedAt", "p"."FencedAt", "p"."MessageType", "p"."PayloadJson"
FROM "ProtocolOutbox" AS "p"
WHERE "p"."MessageId" = @__messageId_0
LIMIT 2
[09:05:22 INF] Executed DbCommand (1ms) [Parameters=[@p0='?' (Size = 36), @p1='?' (DbType = DateTimeOffset), @p2='?' (DbType = DateTimeOffset), @p3='?' (DbType = DateTimeOffset), @p4='?' (Size = 20), @p5='?' (Size = 615)], CommandType='Text', CommandTimeout='30']
INSERT INTO "ProtocolOutbox" ("MessageId", "AcknowledgedAt", "CreatedAt", "FencedAt", "MessageType", "PayloadJson")
VALUES (@p0, @p1, @p2, @p3, @p4, @p5);
[09:05:22 INF] Executed DbCommand (0ms) [Parameters=[@p4='?' (Size = 44), @p0='?', @p1='?' (DbType = DateTimeOffset), @p2='?' (Size = 14), @p3='?' (DbType = DateTimeOffset)], CommandType='Text', CommandTimeout='30']
UPDATE "JourneyRuntimes" SET "BlockReasonCode" = @p0, "BlockReasonSince" = @p1, "Stage" = @p2, "UpdatedAt" = @p3
WHERE "JourneyId" = @p4
RETURNING 1;
[09:05:22 INF] Executed DbCommand (0ms) [Parameters=[@__messageId_0='?' (Size = 36)], CommandType='Text', CommandTimeout='30']
SELECT "p"."MessageId", "p"."ContentHash", "p"."FirstResponseJson", "p"."MessageType", "p"."ReceivedAt", "p"."RequestJson"
FROM "ProtocolInbox" AS "p"
WHERE "p"."MessageId" = @__messageId_0
LIMIT 2
[09:05:22 INF] Executed DbCommand (0ms) [Parameters=[@__messageId_0='?' (Size = 36)], CommandType='Text', CommandTimeout='30']
SELECT "p"."MessageId", "p"."AcknowledgedAt", "p"."CreatedAt", "p"."FencedAt", "p"."MessageType", "p"."PayloadJson"
FROM "ProtocolOutbox" AS "p"
WHERE "p"."MessageId" = @__messageId_0
LIMIT 2
[09:05:22 INF] Executed DbCommand (0ms) [Parameters=[@p1='?' (Size = 36), @p0='?' (DbType = DateTimeOffset)], CommandType='Text', CommandTimeout='30']
UPDATE "ProtocolOutbox" SET "AcknowledgedAt" = @p0
WHERE "MessageId" = @p1
RETURNING 1;
[09:05:22 INF] Executed DbCommand (0ms) [Parameters=[@p0='?' (Size = 36), @p1='?' (Size = 64), @p2='?', @p3='?' (Size = 18), @p4='?' (DbType = DateTimeOffset), @p5='?' (Size = 630)], CommandType='Text', CommandTimeout='30']
INSERT INTO "ProtocolInbox" ("MessageId", "ContentHash", "FirstResponseJson", "MessageType", "ReceivedAt", "RequestJson")
VALUES (@p0, @p1, @p2, @p3, @p4, @p5);
[09:05:22 INF] Start processing HTTP request GET http://127.0.0.1:48408/api/task/v1/task/getVehicleInfo/BROKERX-L2-0001
[09:05:22 INF] Sending HTTP request GET http://127.0.0.1:48408/api/task/v1/task/getVehicleInfo/BROKERX-L2-0001
[09:05:22 INF] Received HTTP response headers after 0.5173ms - 200
[09:05:22 INF] End processing HTTP request after 2.1497ms - 200
[09:05:22 INF] Start processing HTTP request GET http://127.0.0.1:48408/api/order/v1/orderRecord?pageNum=1&pageSize=100&filterByState=1&filterByState=3&filterByState=7&filterByState=9
[09:05:22 INF] Sending HTTP request GET http://127.0.0.1:48408/api/order/v1/orderRecord?pageNum=1&pageSize=100&filterByState=1&filterByState=3&filterByState=7&filterByState=9
[09:05:22 INF] Received HTTP response headers after 0.8692ms - 200
[09:05:22 INF] Start processing HTTP request GET http://127.0.0.1:48408/api/imap/v1/mapInfo/stations/25
[09:05:22 INF] End processing HTTP request after 47.6396ms - 200
[09:05:22 INF] Sending HTTP request GET http://127.0.0.1:48408/api/imap/v1/mapInfo/stations/25
[09:05:22 INF] HTTP GET /api/onboard/v1/vehicle-safety responded 200 in 96.7946 ms
[09:05:22 INF] Received HTTP response headers after 0.7328ms - 200
[09:05:22 INF] End processing HTTP request after 142.4214ms - 200
[09:05:22 INF] Executed DbCommand (0ms) [Parameters=[@__mapId_0='?' (DbType = Int32)], CommandType='Text', CommandTimeout='30']
SELECT "t"."MapId", "t"."ActiveVersion", "t"."PendingVersion", "t"."State", "t"."UpdatedAt"
FROM "TaskTypeStationActiveBindingSets" AS "t"
WHERE "t"."MapId" = @__mapId_0
LIMIT 2
[09:05:22 INF] Executed DbCommand (0ms) [Parameters=[@__mapId_0='?' (DbType = Int32), @__version_1='?' (DbType = Int64)], CommandType='Text', CommandTimeout='30']
SELECT "t"."MapId", "t"."Version", "t"."CatalogRevision", "t"."ContentSha256", "t"."LoadedAt", "t"."RuleVersion", "t"."SnapshotId", "t"."Source"
FROM "TaskTypeStationBindingSetVersions" AS "t"
WHERE "t"."MapId" = @__mapId_0 AND "t"."Version" = @__version_1
LIMIT 2
[09:05:22 INF] Executed DbCommand (0ms) [Parameters=[@__mapId_0='?' (DbType = Int32), @__version_1='?' (DbType = Int64)], CommandType='Text', CommandTimeout='30']
SELECT "t"."TaskType"
FROM "TaskTypeStationRequirements" AS "t"
WHERE "t"."MapId" = @__mapId_0 AND "t"."Version" = @__version_1
[09:05:22 INF] Executed DbCommand (0ms) [Parameters=[@__mapId_0='?' (DbType = Int32), @__version_1='?' (DbType = Int64)], CommandType='Text', CommandTimeout='30']
SELECT "t"."MapId", "t"."Version", "t"."TaskType", "t"."SiteVerificationRef", "t"."StationName", "t"."StationRiotId"
FROM "TaskTypeStationBindings" AS "t"
WHERE "t"."MapId" = @__mapId_0 AND "t"."Version" = @__version_1
[09:05:22 INF] Executed DbCommand (0ms) [Parameters=[@__version_0='?' (DbType = Int64)], CommandType='Text', CommandTimeout='30']
SELECT "t"."Version", "t"."ContentSha256", "t"."LoadedAt", "t"."SnapshotId", "t"."Source"
FROM "TaskTypeStationRuleVersions" AS "t"
WHERE "t"."Version" = @__version_0
LIMIT 2
[09:05:22 INF] Executed DbCommand (0ms) [Parameters=[@__version_0='?' (DbType = Int64)], CommandType='Text', CommandTimeout='30']
SELECT "t"."Version", "t"."TaskType", "t"."FixedEnd"
FROM "TaskTypeStationRules" AS "t"
WHERE "t"."Version" = @__version_0
[09:05:22 INF] Executed DbCommand (0ms) [Parameters=[@__mapId_0='?' (DbType = Int32)], CommandType='Text', CommandTimeout='30']
SELECT "t"."MapId", "t"."ActiveVersion", "t"."PendingVersion", "t"."State", "t"."UpdatedAt"
FROM "TaskTypeStationActiveBindingSets" AS "t"
WHERE "t"."MapId" = @__mapId_0
LIMIT 2
[09:05:22 INF] Executed DbCommand (0ms) [Parameters=[@__mapId_0='?' (DbType = Int32)], CommandType='Text', CommandTimeout='30']
SELECT "t"."HoldId", "t"."DetailJson", "t"."MapId", "t"."RaisedAt", "t"."RaisedBy", "t"."ReasonCode", "t"."ReleasedAt", "t"."ReleasedBy", "t"."Source", "t"."TaskType"
FROM "TaskTypeStationHolds" AS "t"
WHERE "t"."MapId" = @__mapId_0 AND "t"."ReleasedAt" IS NULL
[09:05:22 INF] Executed DbCommand (0ms) [Parameters=[@__mapId_0='?' (DbType = Int32)], CommandType='Text', CommandTimeout='30']
SELECT "m"."MapId", "m"."ApprovedMaxUnconfirmedSeconds", "m"."ApprovedSyncPeriodSeconds", "m"."CatalogRevision", "m"."LastAttemptAt", "m"."LastCompleteConfirmationAt", "m"."LastFailureReason", "m"."State", "m"."UpdatedAt"
FROM "MapStationCatalogStates" AS "m"
WHERE "m"."MapId" = @__mapId_0
LIMIT 2
[09:05:22 INF] Executed DbCommand (0ms) [Parameters=[@p3='?' (DbType = Int32), @p0='?' (DbType = DateTimeOffset), @p1='?' (DbType = DateTimeOffset), @p2='?' (DbType = DateTimeOffset)], CommandType='Text', CommandTimeout='30']
UPDATE "MapStationCatalogStates" SET "LastAttemptAt" = @p0, "LastCompleteConfirmationAt" = @p1, "UpdatedAt" = @p2
WHERE "MapId" = @p3
RETURNING 1;
[09:05:22 INF] Executed DbCommand (0ms) [Parameters=[@__mapId_0='?' (DbType = Int32)], CommandType='Text', CommandTimeout='30']
SELECT "t"."MapId", "t"."ActiveVersion", "t"."PendingVersion", "t"."State", "t"."UpdatedAt"
FROM "TaskTypeStationActiveBindingSets" AS "t"
WHERE "t"."MapId" = @__mapId_0
LIMIT 2
[09:05:22 INF] Executed DbCommand (0ms) [Parameters=[@__mapId_0='?' (DbType = Int32), @__version_1='?' (DbType = Int64)], CommandType='Text', CommandTimeout='30']
SELECT "t"."MapId", "t"."Version", "t"."CatalogRevision", "t"."ContentSha256", "t"."LoadedAt", "t"."RuleVersion", "t"."SnapshotId", "t"."Source"
FROM "TaskTypeStationBindingSetVersions" AS "t"
WHERE "t"."MapId" = @__mapId_0 AND "t"."Version" = @__version_1
LIMIT 2
[09:05:22 INF] Executed DbCommand (0ms) [Parameters=[@__mapId_0='?' (DbType = Int32), @__version_1='?' (DbType = Int64)], CommandType='Text', CommandTimeout='30']
SELECT "t"."TaskType"
FROM "TaskTypeStationRequirements" AS "t"
WHERE "t"."MapId" = @__mapId_0 AND "t"."Version" = @__version_1
[09:05:22 INF] Executed DbCommand (0ms) [Parameters=[@__mapId_0='?' (DbType = Int32), @__version_1='?' (DbType = Int64)], CommandType='Text', CommandTimeout='30']
SELECT "t"."MapId", "t"."Version", "t"."TaskType", "t"."SiteVerificationRef", "t"."StationName", "t"."StationRiotId"
FROM "TaskTypeStationBindings" AS "t"
WHERE "t"."MapId" = @__mapId_0 AND "t"."Version" = @__version_1
[09:05:22 INF] Executed DbCommand (0ms) [Parameters=[@__mapId_0='?' (DbType = Int32)], CommandType='Text', CommandTimeout='30']
SELECT "t"."MapId", "t"."ActiveVersion", "t"."PendingVersion", "t"."State", "t"."UpdatedAt"
FROM "TaskTypeStationActiveBindingSets" AS "t"
WHERE "t"."MapId" = @__mapId_0
LIMIT 2
[09:05:22 INF] Executed DbCommand (0ms) [Parameters=[@__mapId_0='?' (DbType = Int32), @__version_1='?' (DbType = Int64)], CommandType='Text', CommandTimeout='30']
SELECT "t"."MapId", "t"."Version", "t"."CatalogRevision", "t"."ContentSha256", "t"."LoadedAt", "t"."RuleVersion", "t"."SnapshotId", "t"."Source"
FROM "TaskTypeStationBindingSetVersions" AS "t"
WHERE "t"."MapId" = @__mapId_0 AND "t"."Version" = @__version_1
LIMIT 2
[09:05:22 INF] Executed DbCommand (0ms) [Parameters=[@__mapId_0='?' (DbType = Int32), @__version_1='?' (DbType = Int64)], CommandType='Text', CommandTimeout='30']
SELECT "t"."TaskType"
FROM "TaskTypeStationRequirements" AS "t"
WHERE "t"."MapId" = @__mapId_0 AND "t"."Version" = @__version_1
[09:05:22 INF] Executed DbCommand (0ms) [Parameters=[@__mapId_0='?' (DbType = Int32), @__version_1='?' (DbType = Int64)], CommandType='Text', CommandTimeout='30']
SELECT "t"."MapId", "t"."Version", "t"."TaskType", "t"."SiteVerificationRef", "t"."StationName", "t"."StationRiotId"
FROM "TaskTypeStationBindings" AS "t"
WHERE "t"."MapId" = @__mapId_0 AND "t"."Version" = @__version_1
[09:05:22 INF] Executed DbCommand (0ms) [Parameters=[@__version_0='?' (DbType = Int64)], CommandType='Text', CommandTimeout='30']
SELECT "t"."Version", "t"."ContentSha256", "t"."LoadedAt", "t"."SnapshotId", "t"."Source"
FROM "TaskTypeStationRuleVersions" AS "t"
WHERE "t"."Version" = @__version_0
LIMIT 2
[09:05:22 INF] Executed DbCommand (0ms) [Parameters=[@__version_0='?' (DbType = Int64)], CommandType='Text', CommandTimeout='30']
SELECT "t"."Version", "t"."TaskType", "t"."FixedEnd"
FROM "TaskTypeStationRules" AS "t"
WHERE "t"."Version" = @__version_0
[09:05:22 INF] Executed DbCommand (0ms) [Parameters=[], CommandType='Text', CommandTimeout='30']
SELECT "a"."Id", "a"."ContentHash", "a"."DeploymentId", "a"."ImportedAt", "a"."Version"
FROM "AdmissionPolicyState" AS "a"
WHERE "a"."Id" = 1
LIMIT 2
[09:05:22 INF] Executed DbCommand (0ms) [Parameters=[], CommandType='Text', CommandTimeout='30']
SELECT "j"."JourneyId", "j"."AgvId", "j"."AgvLifecycleGeneration", "j"."AreaEndAdmissionRevokedSince", "j"."BlockReasonCode", "j"."BlockReasonSince", "j"."CargoHoldingStartedAt", "j"."ConsumedSafetyResultMessageId", "j"."ConsumedSublotMessageId", "j"."CreatedAt", "j"."DemandId", "j"."DispatchGeneration", "j"."DispatchZone", "j"."ExpectedBasketCount", "j"."FullSlotPositionsJson", "j"."GateMovementLegId", "j"."GatePlanMessageId", "j"."GateStationId", "j"."GateStationRiotId", "j"."GateUpperId", "j"."GateVehicleBusinessMessageId", "j"."GateWorklistMessageId", "j"."LoadCommandMessageId", "j"."LoadSlotOperationAttemptId", "j"."LoadingClosedReason", "j"."LoadingPhaseState", "j"."MapId", "j"."MapIdentity", "j"."OperationSessionId", "j"."PickupMovementLegId", "j"."PickupStationId", "j"."PickupStationRiotId", "j"."PickupUpperId", "j"."PlanMessageId", "j"."PlanRevision", "j"."PreDepartureSafetyCheckId", "j"."PreDepartureSafetyCheckMessageId", "j"."RouteEvidenceId", "j"."Stage", "j"."StationDepartureWaitStartedAt", "j"."SublotRequestMessageId", "j"."TargetSlotsJson", "j"."UnloadCommandMessageId", "j"."UnloadSlotOperationAttemptId", "j"."UpdatedAt", "j"."VehicleBusinessMessageId", "j"."VehicleBusinessRevision", "j"."VehicleKey", "j"."WorklistMessageId", "j"."WorklistRevision", "j"."YieldTriggeredAt", "j"."YieldTriggeredByVehicleKey"
FROM "JourneyRuntimes" AS "j"
WHERE "j"."Stage" <> 'Completed'
[09:05:22 INF] Executed DbCommand (0ms) [Parameters=[@__agvId_0='?' (Size = 10)], CommandType='Text', CommandTimeout='30']
SELECT "s"."AgvId", "s"."ActiveUnlockSlotsJson", "s"."CapabilityHash", "s"."CapabilityRevision", "s"."DepartureSafe", "s"."ForcedRecoveryGeneration", "s"."ManifestSha256", "s"."PendingAttemptIdsJson", "s"."PendingResultIdsJson", "s"."ProfileId", "s"."ProtocolCommit", "s"."ProtocolVersion", "s"."ProvenRecoveryCheckpoint", "s"."Readiness", "s"."ReasonCode", "s"."RecoveryReportId", "s"."ReportedForcedRecoveryGeneration", "s"."ReportedSlotConfigurationFingerprint", "s"."SafetyHash", "s"."SafetyReasonCodesJson", "s"."SafetyRevision", "s"."SafetyUnknownPresent", "s"."SessionGeneration", "s"."UnsettledSlotOperationAttemptId", "s"."UpdatedAt"
FROM "SessionRecoveries" AS "s"
WHERE "s"."AgvId" = @__agvId_0 AND "s"."Readiness" = 'Ready'
LIMIT 2
[09:05:22 INF] Executed DbCommand (0ms) [Parameters=[], CommandType='Text', CommandTimeout='30']
SELECT "p"."MessageId", "p"."AcknowledgedAt", "p"."CreatedAt", "p"."FencedAt", "p"."MessageType", "p"."PayloadJson"
FROM "ProtocolOutbox" AS "p"
WHERE "p"."AcknowledgedAt" IS NULL AND "p"."FencedAt" IS NULL
[09:05:22 INF] Executed DbCommand (0ms) [Parameters=[@__operationSessionId_0='?' (Size = 36)], CommandType='Text', CommandTimeout='30']
SELECT "p"."MessageId", "p"."ContentHash", "p"."FirstResponseJson", "p"."MessageType", "p"."ReceivedAt", "p"."RequestJson"
FROM "ProtocolInbox" AS "p"
WHERE "p"."MessageType" = 'SublotSubmitted' AND instr("p"."RequestJson", @__operationSessionId_0) > 0
[09:05:22 INF] Executed DbCommand (0ms) [Parameters=[@__demandId_0='?' (Size = 36)], CommandType='Text', CommandTimeout='30']
SELECT EXISTS (
    SELECT 1
    FROM "RecoveryWorkflows" AS "r"
    WHERE "r"."DemandId" = @__demandId_0 AND "r"."WorkflowType" = 'LOAD_CANCELLATION' AND "r"."State" = 'AwaitingResult')
[09:05:23 INF] Executed DbCommand (0ms) [Parameters=[@__messageId_0='?' (Size = 36)], CommandType='Text', CommandTimeout='30']
SELECT "p"."MessageId", "p"."ContentHash", "p"."FirstResponseJson", "p"."MessageType", "p"."ReceivedAt", "p"."RequestJson"
FROM "ProtocolInbox" AS "p"
WHERE "p"."MessageId" = @__messageId_0
LIMIT 2
[09:05:23 INF] Executed DbCommand (0ms) [Parameters=[@p0='?' (Size = 36), @p1='?' (Size = 64), @p2='?' (Size = 663), @p3='?' (Size = 15), @p4='?' (DbType = DateTimeOffset), @p5='?' (Size = 680)], CommandType='Text', CommandTimeout='30']
INSERT INTO "ProtocolInbox" ("MessageId", "ContentHash", "FirstResponseJson", "MessageType", "ReceivedAt", "RequestJson")
VALUES (@p0, @p1, @p2, @p3, @p4, @p5);
[09:05:23 INF] Executed DbCommand (0ms) [Parameters=[@__messageId_0='?' (Size = 36)], CommandType='Text', CommandTimeout='30']
SELECT "p"."MessageId", "p"."ContentHash", "p"."FirstResponseJson", "p"."MessageType", "p"."ReceivedAt", "p"."RequestJson"
FROM "ProtocolInbox" AS "p"
WHERE "p"."MessageId" = @__messageId_0
LIMIT 2
[09:05:23 INF] Executed DbCommand (0ms) [Parameters=[@p0='?' (Size = 36), @p1='?' (Size = 64), @p2='?' (Size = 536), @p3='?' (Size = 9), @p4='?' (DbType = DateTimeOffset), @p5='?' (Size = 427)], CommandType='Text', CommandTimeout='30']
INSERT INTO "ProtocolInbox" ("MessageId", "ContentHash", "FirstResponseJson", "MessageType", "ReceivedAt", "RequestJson")
VALUES (@p0, @p1, @p2, @p3, @p4, @p5);
[09:05:23 INF] Start processing HTTP request GET http://127.0.0.1:48408/api/imap/v1/mapInfo/stations/25
[09:05:23 INF] Sending HTTP request GET http://127.0.0.1:48408/api/imap/v1/mapInfo/stations/25
[09:05:23 INF] Received HTTP response headers after 0.8993ms - 200
[09:05:23 INF] End processing HTTP request after 15.5526ms - 200
[09:05:23 INF] Executed DbCommand (0ms) [Parameters=[@__mapId_0='?' (DbType = Int32)], CommandType='Text', CommandTimeout='30']
SELECT "t"."MapId", "t"."ActiveVersion", "t"."PendingVersion", "t"."State", "t"."UpdatedAt"
FROM "TaskTypeStationActiveBindingSets" AS "t"
WHERE "t"."MapId" = @__mapId_0
LIMIT 2
[09:05:23 INF] Executed DbCommand (0ms) [Parameters=[@__mapId_0='?' (DbType = Int32), @__version_1='?' (DbType = Int64)], CommandType='Text', CommandTimeout='30']
SELECT "t"."MapId", "t"."Version", "t"."CatalogRevision", "t"."ContentSha256", "t"."LoadedAt", "t"."RuleVersion", "t"."SnapshotId", "t"."Source"
FROM "TaskTypeStationBindingSetVersions" AS "t"
WHERE "t"."MapId" = @__mapId_0 AND "t"."Version" = @__version_1
LIMIT 2
[09:05:23 INF] Start processing HTTP request GET http://127.0.0.1:48408/api/task/v1/task/getVehicleInfo/BROKERX-L2-0001
[09:05:23 INF] Executed DbCommand (0ms) [Parameters=[@__mapId_0='?' (DbType = Int32), @__version_1='?' (DbType = Int64)], CommandType='Text', CommandTimeout='30']
SELECT "t"."TaskType"
FROM "TaskTypeStationRequirements" AS "t"
WHERE "t"."MapId" = @__mapId_0 AND "t"."Version" = @__version_1
[09:05:23 INF] Sending HTTP request GET http://127.0.0.1:48408/api/task/v1/task/getVehicleInfo/BROKERX-L2-0001
[09:05:23 INF] Executed DbCommand (0ms) [Parameters=[@__mapId_0='?' (DbType = Int32), @__version_1='?' (DbType = Int64)], CommandType='Text', CommandTimeout='30']
SELECT "t"."MapId", "t"."Version", "t"."TaskType", "t"."SiteVerificationRef", "t"."StationName", "t"."StationRiotId"
FROM "TaskTypeStationBindings" AS "t"
WHERE "t"."MapId" = @__mapId_0 AND "t"."Version" = @__version_1
[09:05:23 INF] Received HTTP response headers after 0.8717ms - 200
[09:05:23 INF] Executed DbCommand (0ms) [Parameters=[@__version_0='?' (DbType = Int64)], CommandType='Text', CommandTimeout='30']
SELECT "t"."Version", "t"."ContentSha256", "t"."LoadedAt", "t"."SnapshotId", "t"."Source"
FROM "TaskTypeStationRuleVersions" AS "t"
WHERE "t"."Version" = @__version_0
LIMIT 2
[09:05:23 INF] End processing HTTP request after 30.9847ms - 200
[09:05:23 INF] Executed DbCommand (0ms) [Parameters=[@__version_0='?' (DbType = Int64)], CommandType='Text', CommandTimeout='30']
SELECT "t"."Version", "t"."TaskType", "t"."FixedEnd"
FROM "TaskTypeStationRules" AS "t"
WHERE "t"."Version" = @__version_0
[09:05:23 INF] Start processing HTTP request GET http://127.0.0.1:48408/api/order/v1/orderRecord?pageNum=1&pageSize=100&filterByState=1&filterByState=3&filterByState=7&filterByState=9
[09:05:23 INF] Executed DbCommand (0ms) [Parameters=[@__mapId_0='?' (DbType = Int32)], CommandType='Text', CommandTimeout='30']
SELECT "t"."MapId", "t"."ActiveVersion", "t"."PendingVersion", "t"."State", "t"."UpdatedAt"
FROM "TaskTypeStationActiveBindingSets" AS "t"
WHERE "t"."MapId" = @__mapId_0
LIMIT 2
[09:05:23 INF] Sending HTTP request GET http://127.0.0.1:48408/api/order/v1/orderRecord?pageNum=1&pageSize=100&filterByState=1&filterByState=3&filterByState=7&filterByState=9
[09:05:23 INF] Executed DbCommand (0ms) [Parameters=[@__mapId_0='?' (DbType = Int32)], CommandType='Text', CommandTimeout='30']
SELECT "t"."HoldId", "t"."DetailJson", "t"."MapId", "t"."RaisedAt", "t"."RaisedBy", "t"."ReasonCode", "t"."ReleasedAt", "t"."ReleasedBy", "t"."Source", "t"."TaskType"
FROM "TaskTypeStationHolds" AS "t"
WHERE "t"."MapId" = @__mapId_0 AND "t"."ReleasedAt" IS NULL
[09:05:23 INF] Received HTTP response headers after 1.261ms - 200
[09:05:23 INF] End processing HTTP request after 32.9228ms - 200
[09:05:23 INF] Executed DbCommand (0ms) [Parameters=[@__mapId_0='?' (DbType = Int32)], CommandType='Text', CommandTimeout='30']
SELECT "m"."MapId", "m"."ApprovedMaxUnconfirmedSeconds", "m"."ApprovedSyncPeriodSeconds", "m"."CatalogRevision", "m"."LastAttemptAt", "m"."LastCompleteConfirmationAt", "m"."LastFailureReason", "m"."State", "m"."UpdatedAt"
FROM "MapStationCatalogStates" AS "m"
WHERE "m"."MapId" = @__mapId_0
LIMIT 2
[09:05:23 INF] HTTP GET /api/onboard/v1/vehicle-safety responded 200 in 98.3259 ms
[09:05:23 INF] Executed DbCommand (0ms) [Parameters=[@p3='?' (DbType = Int32), @p0='?' (DbType = DateTimeOffset), @p1='?' (DbType = DateTimeOffset), @p2='?' (DbType = DateTimeOffset)], CommandType='Text', CommandTimeout='30']
UPDATE "MapStationCatalogStates" SET "LastAttemptAt" = @p0, "LastCompleteConfirmationAt" = @p1, "UpdatedAt" = @p2
WHERE "MapId" = @p3
RETURNING 1;
[09:05:23 INF] Executed DbCommand (0ms) [Parameters=[@__mapId_0='?' (DbType = Int32)], CommandType='Text', CommandTimeout='30']
SELECT "t"."MapId", "t"."ActiveVersion", "t"."PendingVersion", "t"."State", "t"."UpdatedAt"
FROM "TaskTypeStationActiveBindingSets" AS "t"
WHERE "t"."MapId" = @__mapId_0
LIMIT 2
[09:05:23 INF] Executed DbCommand (0ms) [Parameters=[@__mapId_0='?' (DbType = Int32), @__version_1='?' (DbType = Int64)], CommandType='Text', CommandTimeout='30']
SELECT "t"."MapId", "t"."Version", "t"."CatalogRevision", "t"."ContentSha256", "t"."LoadedAt", "t"."RuleVersion", "t"."SnapshotId", "t"."Source"
FROM "TaskTypeStationBindingSetVersions" AS "t"
WHERE "t"."MapId" = @__mapId_0 AND "t"."Version" = @__version_1
LIMIT 2
[09:05:23 INF] Executed DbCommand (0ms) [Parameters=[@__mapId_0='?' (DbType = Int32), @__version_1='?' (DbType = Int64)], CommandType='Text', CommandTimeout='30']
SELECT "t"."TaskType"
FROM "TaskTypeStationRequirements" AS "t"
WHERE "t"."MapId" = @__mapId_0 AND "t"."Version" = @__version_1
[09:05:23 INF] Executed DbCommand (0ms) [Parameters=[@__mapId_0='?' (DbType = Int32), @__version_1='?' (DbType = Int64)], CommandType='Text', CommandTimeout='30']
SELECT "t"."MapId", "t"."Version", "t"."TaskType", "t"."SiteVerificationRef", "t"."StationName", "t"."StationRiotId"
FROM "TaskTypeStationBindings" AS "t"
WHERE "t"."MapId" = @__mapId_0 AND "t"."Version" = @__version_1
[09:05:23 INF] Executed DbCommand (0ms) [Parameters=[@__mapId_0='?' (DbType = Int32)], CommandType='Text', CommandTimeout='30']
SELECT "t"."MapId", "t"."ActiveVersion", "t"."PendingVersion", "t"."State", "t"."UpdatedAt"
FROM "TaskTypeStationActiveBindingSets" AS "t"
WHERE "t"."MapId" = @__mapId_0
LIMIT 2
[09:05:23 INF] Executed DbCommand (0ms) [Parameters=[@__mapId_0='?' (DbType = Int32), @__version_1='?' (DbType = Int64)], CommandType='Text', CommandTimeout='30']
SELECT "t"."MapId", "t"."Version", "t"."CatalogRevision", "t"."ContentSha256", "t"."LoadedAt", "t"."RuleVersion", "t"."SnapshotId", "t"."Source"
FROM "TaskTypeStationBindingSetVersions" AS "t"
WHERE "t"."MapId" = @__mapId_0 AND "t"."Version" = @__version_1
LIMIT 2
[09:05:23 INF] Executed DbCommand (0ms) [Parameters=[@__mapId_0='?' (DbType = Int32), @__version_1='?' (DbType = Int64)], CommandType='Text', CommandTimeout='30']
SELECT "t"."TaskType"
FROM "TaskTypeStationRequirements" AS "t"
WHERE "t"."MapId" = @__mapId_0 AND "t"."Version" = @__version_1
[09:05:23 INF] Executed DbCommand (0ms) [Parameters=[@__mapId_0='?' (DbType = Int32), @__version_1='?' (DbType = Int64)], CommandType='Text', CommandTimeout='30']
SELECT "t"."MapId", "t"."Version", "t"."TaskType", "t"."SiteVerificationRef", "t"."StationName", "t"."StationRiotId"
FROM "TaskTypeStationBindings" AS "t"
WHERE "t"."MapId" = @__mapId_0 AND "t"."Version" = @__version_1
[09:05:23 INF] Executed DbCommand (0ms) [Parameters=[@__version_0='?' (DbType = Int64)], CommandType='Text', CommandTimeout='30']
SELECT "t"."Version", "t"."ContentSha256", "t"."LoadedAt", "t"."SnapshotId", "t"."Source"
FROM "TaskTypeStationRuleVersions" AS "t"
WHERE "t"."Version" = @__version_0
LIMIT 2
[09:05:23 INF] Executed DbCommand (0ms) [Parameters=[@__version_0='?' (DbType = Int64)], CommandType='Text', CommandTimeout='30']
SELECT "t"."Version", "t"."TaskType", "t"."FixedEnd"
FROM "TaskTypeStationRules" AS "t"
WHERE "t"."Version" = @__version_0
[09:05:23 INF] Executed DbCommand (0ms) [Parameters=[], CommandType='Text', CommandTimeout='30']
SELECT "a"."Id", "a"."ContentHash", "a"."DeploymentId", "a"."ImportedAt", "a"."Version"
FROM "AdmissionPolicyState" AS "a"
WHERE "a"."Id" = 1
LIMIT 2
[09:05:23 INF] Executed DbCommand (0ms) [Parameters=[], CommandType='Text', CommandTimeout='30']
SELECT "j"."JourneyId", "j"."AgvId", "j"."AgvLifecycleGeneration", "j"."AreaEndAdmissionRevokedSince", "j"."BlockReasonCode", "j"."BlockReasonSince", "j"."CargoHoldingStartedAt", "j"."ConsumedSafetyResultMessageId", "j"."ConsumedSublotMessageId", "j"."CreatedAt", "j"."DemandId", "j"."DispatchGeneration", "j"."DispatchZone", "j"."ExpectedBasketCount", "j"."FullSlotPositionsJson", "j"."GateMovementLegId", "j"."GatePlanMessageId", "j"."GateStationId", "j"."GateStationRiotId", "j"."GateUpperId", "j"."GateVehicleBusinessMessageId", "j"."GateWorklistMessageId", "j"."LoadCommandMessageId", "j"."LoadSlotOperationAttemptId", "j"."LoadingClosedReason", "j"."LoadingPhaseState", "j"."MapId", "j"."MapIdentity", "j"."OperationSessionId", "j"."PickupMovementLegId", "j"."PickupStationId", "j"."PickupStationRiotId", "j"."PickupUpperId", "j"."PlanMessageId", "j"."PlanRevision", "j"."PreDepartureSafetyCheckId", "j"."PreDepartureSafetyCheckMessageId", "j"."RouteEvidenceId", "j"."Stage", "j"."StationDepartureWaitStartedAt", "j"."SublotRequestMessageId", "j"."TargetSlotsJson", "j"."UnloadCommandMessageId", "j"."UnloadSlotOperationAttemptId", "j"."UpdatedAt", "j"."VehicleBusinessMessageId", "j"."VehicleBusinessRevision", "j"."VehicleKey", "j"."WorklistMessageId", "j"."WorklistRevision", "j"."YieldTriggeredAt", "j"."YieldTriggeredByVehicleKey"
FROM "JourneyRuntimes" AS "j"
WHERE "j"."Stage" <> 'Completed'
[09:05:23 INF] Executed DbCommand (0ms) [Parameters=[@__agvId_0='?' (Size = 10)], CommandType='Text', CommandTimeout='30']
SELECT "s"."AgvId", "s"."ActiveUnlockSlotsJson", "s"."CapabilityHash", "s"."CapabilityRevision", "s"."DepartureSafe", "s"."ForcedRecoveryGeneration", "s"."ManifestSha256", "s"."PendingAttemptIdsJson", "s"."PendingResultIdsJson", "s"."ProfileId", "s"."ProtocolCommit", "s"."ProtocolVersion", "s"."ProvenRecoveryCheckpoint", "s"."Readiness", "s"."ReasonCode", "s"."RecoveryReportId", "s"."ReportedForcedRecoveryGeneration", "s"."ReportedSlotConfigurationFingerprint", "s"."SafetyHash", "s"."SafetyReasonCodesJson", "s"."SafetyRevision", "s"."SafetyUnknownPresent", "s"."SessionGeneration", "s"."UnsettledSlotOperationAttemptId", "s"."UpdatedAt"
FROM "SessionRecoveries" AS "s"
WHERE "s"."AgvId" = @__agvId_0 AND "s"."Readiness" = 'Ready'
LIMIT 2
[09:05:23 INF] Executed DbCommand (0ms) [Parameters=[], CommandType='Text', CommandTimeout='30']
SELECT "p"."MessageId", "p"."AcknowledgedAt", "p"."CreatedAt", "p"."FencedAt", "p"."MessageType", "p"."PayloadJson"
FROM "ProtocolOutbox" AS "p"
WHERE "p"."AcknowledgedAt" IS NULL AND "p"."FencedAt" IS NULL
[09:05:23 INF] Executed DbCommand (0ms) [Parameters=[@__operationSessionId_0='?' (Size = 36)], CommandType='Text', CommandTimeout='30']
SELECT "p"."MessageId", "p"."ContentHash", "p"."FirstResponseJson", "p"."MessageType", "p"."ReceivedAt", "p"."RequestJson"
FROM "ProtocolInbox" AS "p"
WHERE "p"."MessageType" = 'SublotSubmitted' AND instr("p"."RequestJson", @__operationSessionId_0) > 0
[09:05:23 INF] Executed DbCommand (0ms) [Parameters=[@__submissionId_0='?' (Size = 36)], CommandType='Text', CommandTimeout='30']
SELECT "p"."PayloadJson"
FROM "ProtocolOutbox" AS "p"
WHERE "p"."MessageType" = 'SublotRejected' AND instr("p"."PayloadJson", @__submissionId_0) > 0
[09:05:23 INF] Executed DbCommand (0ms) [Parameters=[@__demandId_0='?' (Size = 36)], CommandType='Text', CommandTimeout='30']
SELECT EXISTS (
    SELECT 1
    FROM "RecoveryWorkflows" AS "r"
    WHERE "r"."DemandId" = @__demandId_0 AND "r"."WorkflowType" = 'LOAD_CANCELLATION' AND "r"."State" = 'AwaitingResult')
[09:05:23 INF] Executed DbCommand (0ms) [Parameters=[@__runtime_DemandId_0='?' (Size = 36)], CommandType='Text', CommandTimeout='30']
SELECT "a"."DemandId", "a"."AcceptedAt", "a"."CatalogRevision", "a"."CreatedAt", "a"."DemandRevision", "a"."Generation", "a"."HistoryEpoch", "a"."LiveMesFieldsJson", "a"."SeriesId", "a"."Status", "a"."Sublot", "a"."TransportDemandKey", "a"."ValueObservedAt", "a"."ValuePollTraceId", "a"."ValueProjectionCommitId", "a"."WorkType"
FROM "AcceptedDemands" AS "a"
WHERE "a"."DemandId" = @__runtime_DemandId_0
[09:05:23 INF] Executed DbCommand (0ms) [Parameters=[@__demandId_0='?' (Size = 36)], CommandType='Text', CommandTimeout='30']
SELECT "c"."ConsumerKind", "c"."ConsumerId", "c"."ObjectKind", "c"."ObjectId", "c"."FrozenAt", "c"."FrozenVersion", "c"."SnapshotId"
FROM "ConfigurationConsumerBindings" AS "c"
WHERE "c"."ConsumerKind" = 'TransportDemand' AND "c"."ConsumerId" = @__demandId_0 AND (("c"."ObjectKind" = 'TaskTypeStationRule' AND "c"."ObjectId" = 'task-type-station-rules') OR ("c"."ObjectKind" = 'PublicStationBinding' AND "c"."ObjectId" LIKE 'map-%'))
[09:05:23 INF] Executed DbCommand (0ms) [Parameters=[@__freeze_RuleVersion_0='?' (DbType = Int64), @__taskType_1='?' (Size = 12)], CommandType='Text', CommandTimeout='30']
SELECT "t"."FixedEnd"
FROM "TaskTypeStationRules" AS "t"
WHERE "t"."Version" = @__freeze_RuleVersion_0 AND "t"."TaskType" = @__taskType_1
LIMIT 2
[09:05:23 INF] Executed DbCommand (0ms) [Parameters=[@__stationId_0='?' (Size = 9), @__taskType_1='?' (Size = 12)], CommandType='Text', CommandTimeout='30']
SELECT EXISTS (
    SELECT 1
    FROM "StationTaskTypeAdmissions" AS "s"
    WHERE "s"."StationId" = @__stationId_0 AND "s"."TaskType" = @__taskType_1)
[09:05:23 INF] Executed DbCommand (0ms) [Parameters=[], CommandType='Text', CommandTimeout='30']
SELECT "p"."RuleId", "p"."EffectiveAt", "p"."MatchType", "p"."MaxBoxesPerBasket", "p"."Pattern", "p"."Source", "p"."SupersededAt", "p"."Version"
FROM "PackageCapacityRules" AS "p"
WHERE "p"."SupersededAt" IS NULL
[09:05:23 INF] Executed DbCommand (0ms) [Parameters=[@__package_0='?' (Size = 10)], CommandType='Text', CommandTimeout='30']
SELECT "m"."Package", "m"."FirstSeenAt", "m"."LastSeenAt", "m"."Status"
FROM "MissingPackages" AS "m"
WHERE "m"."Package" = @__package_0
LIMIT 2
[09:05:23 INF] Start processing HTTP request GET http://127.0.0.1:48409/api/v2/sublot-box-count?sublot=L2-CR-20260920T010422824Z
[09:05:23 INF] Sending HTTP request GET http://127.0.0.1:48409/api/v2/sublot-box-count?sublot=L2-CR-20260920T010422824Z
[09:05:23 INF] Received HTTP response headers after 0.9731ms - 200
[09:05:23 INF] End processing HTTP request after 12.9822ms - 200
[09:05:23 INF] Executed DbCommand (0ms) [Parameters=[@__runtime_DemandId_0='?' (Size = 36)], CommandType='Text', CommandTimeout='30']
SELECT "a"."DemandId", "a"."AcceptedAt", "a"."CatalogRevision", "a"."CreatedAt", "a"."DemandRevision", "a"."Generation", "a"."HistoryEpoch", "a"."LiveMesFieldsJson", "a"."SeriesId", "a"."Status", "a"."Sublot", "a"."TransportDemandKey", "a"."ValueObservedAt", "a"."ValuePollTraceId", "a"."ValueProjectionCommitId", "a"."WorkType"
FROM "AcceptedDemands" AS "a"
WHERE "a"."DemandId" = @__runtime_DemandId_0
LIMIT 2
[09:05:23 INF] Executed DbCommand (0ms) [Parameters=[@__demandId_0='?' (Size = 36)], CommandType='Text', CommandTimeout='30']
SELECT "c"."ConsumerKind", "c"."ConsumerId", "c"."ObjectKind", "c"."ObjectId", "c"."FrozenAt", "c"."FrozenVersion", "c"."SnapshotId"
FROM "ConfigurationConsumerBindings" AS "c"
WHERE "c"."ConsumerKind" = 'TransportDemand' AND "c"."ConsumerId" = @__demandId_0 AND (("c"."ObjectKind" = 'TaskTypeStationRule' AND "c"."ObjectId" = 'task-type-station-rules') OR ("c"."ObjectKind" = 'PublicStationBinding' AND "c"."ObjectId" LIKE 'map-%'))
[09:05:23 INF] Executed DbCommand (0ms) [Parameters=[@__freeze_RuleVersion_0='?' (DbType = Int64), @__taskType_1='?' (Size = 12)], CommandType='Text', CommandTimeout='30']
SELECT "t"."FixedEnd"
FROM "TaskTypeStationRules" AS "t"
WHERE "t"."Version" = @__freeze_RuleVersion_0 AND "t"."TaskType" = @__taskType_1
LIMIT 2
[09:05:23 INF] Executed DbCommand (0ms) [Parameters=[@__messageId_0='?' (Size = 36)], CommandType='Text', CommandTimeout='30']
SELECT "p"."MessageId", "p"."AcknowledgedAt", "p"."CreatedAt", "p"."FencedAt", "p"."MessageType", "p"."PayloadJson"
FROM "ProtocolOutbox" AS "p"
WHERE "p"."MessageId" = @__messageId_0
LIMIT 2
[09:05:23 INF] Executed DbCommand (0ms) [Parameters=[@__plan_DemandId_0='?' (Size = 36)], CommandType='Text', CommandTimeout='30']
SELECT "a"."WorkType"
FROM "AcceptedDemands" AS "a"
WHERE "a"."DemandId" = @__plan_DemandId_0
LIMIT 2
[09:05:23 INF] Executed DbCommand (0ms) [Parameters=[@__demandId_0='?' (Size = 36)], CommandType='Text', CommandTimeout='30']
SELECT "c"."ConsumerKind", "c"."ConsumerId", "c"."ObjectKind", "c"."ObjectId", "c"."FrozenAt", "c"."FrozenVersion", "c"."SnapshotId"
FROM "ConfigurationConsumerBindings" AS "c"
WHERE "c"."ConsumerKind" = 'TransportDemand' AND "c"."ConsumerId" = @__demandId_0 AND (("c"."ObjectKind" = 'TaskTypeStationRule' AND "c"."ObjectId" = 'task-type-station-rules') OR ("c"."ObjectKind" = 'PublicStationBinding' AND "c"."ObjectId" LIKE 'map-%'))
[09:05:23 INF] Executed DbCommand (0ms) [Parameters=[@__freeze_RuleVersion_0='?' (DbType = Int64), @__taskType_1='?' (Size = 12)], CommandType='Text', CommandTimeout='30']
SELECT "t"."FixedEnd"
FROM "TaskTypeStationRules" AS "t"
WHERE "t"."Version" = @__freeze_RuleVersion_0 AND "t"."TaskType" = @__taskType_1
LIMIT 2
[09:05:23 INF] Executed DbCommand (0ms) [Parameters=[@__plan_SlotOperationAttemptId_0='?' (Size = 36)], CommandType='Text', CommandTimeout='30']
SELECT "s"."SlotOperationAttemptId", "s"."CommittedAt", "s"."ContentHash", "s"."CreatedAt", "s"."DemandId", "s"."EvidenceJson", "s"."ForcedRecoveryGeneration", "s"."OperationType", "s"."Status", "s"."SublotId", "s"."TargetSlotsJson"
FROM "StationOperations" AS "s"
WHERE "s"."SlotOperationAttemptId" = @__plan_SlotOperationAttemptId_0
LIMIT 2
[09:05:23 INF] Executed DbCommand (0ms) [Parameters=[@__messageId_0='?' (Size = 36)], CommandType='Text', CommandTimeout='30']
SELECT EXISTS (
    SELECT 1
    FROM "ProtocolOutbox" AS "p"
    WHERE "p"."MessageId" = @__messageId_0)
[09:05:23 INF] Executed DbCommand (0ms) [Parameters=[], CommandType='Text', CommandTimeout='30']
SELECT "a"."Id", "a"."ContentHash", "a"."DeploymentId", "a"."ImportedAt", "a"."Version"
FROM "AdmissionPolicyState" AS "a"
WHERE "a"."Id" = 1
LIMIT 2
[09:05:23 INF] Executed DbCommand (0ms) [Parameters=[@__plan_AdmissionStationId_0='?' (Size = 9), @__plan_AdmissionTaskType_1='?' (Size = 12)], CommandType='Text', CommandTimeout='30']
SELECT EXISTS (
    SELECT 1
    FROM "StationTaskTypeAdmissions" AS "s"
    WHERE "s"."StationId" = @__plan_AdmissionStationId_0 AND "s"."TaskType" = @__plan_AdmissionTaskType_1)
[09:05:23 INF] Executed DbCommand (0ms) [Parameters=[@p0='?' (Size = 36), @p1='?' (DbType = Int64), @p2='?' (DbType = DateTimeOffset), @p3='?' (DbType = Boolean), @p4='?' (Size = 9), @p5='?' (Size = 12)], CommandType='Text', CommandTimeout='30']
INSERT INTO "AdmissionDecisionSnapshots" ("SlotOperationAttemptId", "AdmissionPolicyVersion", "AdmittedAt", "Allowed", "StationId", "TaskType")
VALUES (@p0, @p1, @p2, @p3, @p4, @p5);
[09:05:23 INF] Executed DbCommand (0ms) [Parameters=[@p0='?' (Size = 36), @p1='?' (DbType = DateTimeOffset), @p2='?' (DbType = DateTimeOffset), @p3='?' (DbType = DateTimeOffset), @p4='?' (Size = 20), @p5='?' (Size = 789)], CommandType='Text', CommandTimeout='30']
INSERT INTO "ProtocolOutbox" ("MessageId", "AcknowledgedAt", "CreatedAt", "FencedAt", "MessageType", "PayloadJson")
VALUES (@p0, @p1, @p2, @p3, @p4, @p5);
[09:05:23 INF] Executed DbCommand (0ms) [Parameters=[@p0='?' (Size = 36), @p1='?' (DbType = DateTimeOffset), @p2='?' (Size = 64), @p3='?' (DbType = DateTimeOffset), @p4='?' (Size = 36), @p5='?', @p6='?' (DbType = Int64), @p7='?' (Size = 4), @p8='?' (Size = 8), @p9='?' (Size = 25), @p10='?' (Size = 3)], CommandType='Text', CommandTimeout='30']
INSERT INTO "StationOperations" ("SlotOperationAttemptId", "CommittedAt", "ContentHash", "CreatedAt", "DemandId", "EvidenceJson", "ForcedRecoveryGeneration", "OperationType", "Status", "SublotId", "TargetSlotsJson")
VALUES (@p0, @p1, @p2, @p3, @p4, @p5, @p6, @p7, @p8, @p9, @p10);
[09:05:23 INF] Executed DbCommand (0ms) [Parameters=[@__messageId_0='?' (Size = 36)], CommandType='Text', CommandTimeout='30']
SELECT "p"."MessageId", "p"."AcknowledgedAt", "p"."CreatedAt", "p"."FencedAt", "p"."MessageType", "p"."PayloadJson"
FROM "ProtocolOutbox" AS "p"
WHERE "p"."MessageId" = @__messageId_0
LIMIT 2
[09:05:23 INF] Executed DbCommand (0ms) [Parameters=[@p1='?' (Size = 44), @p0='?' (Size = 36)], CommandType='Text', CommandTimeout='30']
UPDATE "JourneyRuntimes" SET "ConsumedSublotMessageId" = @p0
WHERE "JourneyId" = @p1
RETURNING 1;
[09:05:23 INF] Executed DbCommand (0ms) [Parameters=[@p1='?' (Size = 36), @p0='?' (DbType = DateTimeOffset)], CommandType='Text', CommandTimeout='30']
UPDATE "ProtocolOutbox" SET "AcknowledgedAt" = @p0
WHERE "MessageId" = @p1
RETURNING 1;
[09:05:23 INF] Executed DbCommand (0ms) [Parameters=[@p2='?' (Size = 44), @p0='?' (Size = 18), @p1='?' (DbType = DateTimeOffset)], CommandType='Text', CommandTimeout='30']
UPDATE "JourneyRuntimes" SET "Stage" = @p0, "UpdatedAt" = @p1
WHERE "JourneyId" = @p2
RETURNING 1;
[09:05:24 INF] Executed DbCommand (0ms) [Parameters=[@__messageId_0='?' (Size = 36)], CommandType='Text', CommandTimeout='30']
SELECT "p"."MessageId", "p"."ContentHash", "p"."FirstResponseJson", "p"."MessageType", "p"."ReceivedAt", "p"."RequestJson"
FROM "ProtocolInbox" AS "p"
WHERE "p"."MessageId" = @__messageId_0
LIMIT 2
[09:05:24 INF] Executed DbCommand (0ms) [Parameters=[@p0='?' (Size = 36), @p1='?' (Size = 64), @p2='?' (Size = 665), @p3='?' (Size = 17), @p4='?' (DbType = DateTimeOffset), @p5='?' (Size = 571)], CommandType='Text', CommandTimeout='30']
INSERT INTO "ProtocolInbox" ("MessageId", "ContentHash", "FirstResponseJson", "MessageType", "ReceivedAt", "RequestJson")
VALUES (@p0, @p1, @p2, @p3, @p4, @p5);
[09:05:24 INF] Executed DbCommand (0ms) [Parameters=[@__messageId_0='?' (Size = 36)], CommandType='Text', CommandTimeout='30']
SELECT "p"."MessageId", "p"."ContentHash", "p"."FirstResponseJson", "p"."MessageType", "p"."ReceivedAt", "p"."RequestJson"
FROM "ProtocolInbox" AS "p"
WHERE "p"."MessageId" = @__messageId_0
LIMIT 2
[09:05:24 INF] Executed DbCommand (0ms) [Parameters=[@p0='?' (Size = 36), @p1='?' (Size = 64), @p2='?' (Size = 665), @p3='?' (Size = 17), @p4='?' (DbType = DateTimeOffset), @p5='?' (Size = 572)], CommandType='Text', CommandTimeout='30']
INSERT INTO "ProtocolInbox" ("MessageId", "ContentHash", "FirstResponseJson", "MessageType", "ReceivedAt", "RequestJson")
VALUES (@p0, @p1, @p2, @p3, @p4, @p5);
[09:05:24 INF] Executed DbCommand (0ms) [Parameters=[@__messageId_0='?' (Size = 36)], CommandType='Text', CommandTimeout='30']
SELECT "p"."MessageId", "p"."ContentHash", "p"."FirstResponseJson", "p"."MessageType", "p"."ReceivedAt", "p"."RequestJson"
FROM "ProtocolInbox" AS "p"
WHERE "p"."MessageId" = @__messageId_0
LIMIT 2
[09:05:24 INF] Executed DbCommand (0ms) [Parameters=[@__agvId_0='?' (Size = 10)], CommandType='Text', CommandTimeout='30']
SELECT "s"."AgvId", "s"."ActiveUnlockSlotsJson", "s"."CapabilityHash", "s"."CapabilityRevision", "s"."DepartureSafe", "s"."ForcedRecoveryGeneration", "s"."ManifestSha256", "s"."PendingAttemptIdsJson", "s"."PendingResultIdsJson", "s"."ProfileId", "s"."ProtocolCommit", "s"."ProtocolVersion", "s"."ProvenRecoveryCheckpoint", "s"."Readiness", "s"."ReasonCode", "s"."RecoveryReportId", "s"."ReportedForcedRecoveryGeneration", "s"."ReportedSlotConfigurationFingerprint", "s"."SafetyHash", "s"."SafetyReasonCodesJson", "s"."SafetyRevision", "s"."SafetyUnknownPresent", "s"."SessionGeneration", "s"."UnsettledSlotOperationAttemptId", "s"."UpdatedAt"
FROM "SessionRecoveries" AS "s"
WHERE "s"."AgvId" = @__agvId_0
LIMIT 2
[09:05:24 INF] Executed DbCommand (0ms) [Parameters=[@p7='?' (Size = 10), @p0='?' (DbType = Boolean), @p1='?' (Size = 16), @p2='?' (Size = 20), @p3='?' (Size = 64), @p4='?' (Size = 27), @p5='?' (DbType = Int64), @p6='?' (DbType = DateTimeOffset)], CommandType='Text', CommandTimeout='30']
UPDATE "SessionRecoveries" SET "DepartureSafe" = @p0, "Readiness" = @p1, "ReasonCode" = @p2, "SafetyHash" = @p3, "SafetyReasonCodesJson" = @p4, "SafetyRevision" = @p5, "UpdatedAt" = @p6
WHERE "AgvId" = @p7
RETURNING 1;
[09:05:24 INF] Executed DbCommand (0ms) [Parameters=[@__agvId_0='?' (Size = 10)], CommandType='Text', CommandTimeout='30']
SELECT "s"."AgvId", "s"."ActiveUnlockSlotsJson", "s"."CapabilityHash", "s"."CapabilityRevision", "s"."DepartureSafe", "s"."ForcedRecoveryGeneration", "s"."ManifestSha256", "s"."PendingAttemptIdsJson", "s"."PendingResultIdsJson", "s"."ProfileId", "s"."ProtocolCommit", "s"."ProtocolVersion", "s"."ProvenRecoveryCheckpoint", "s"."Readiness", "s"."ReasonCode", "s"."RecoveryReportId", "s"."ReportedForcedRecoveryGeneration", "s"."ReportedSlotConfigurationFingerprint", "s"."SafetyHash", "s"."SafetyReasonCodesJson", "s"."SafetyRevision", "s"."SafetyUnknownPresent", "s"."SessionGeneration", "s"."UnsettledSlotOperationAttemptId", "s"."UpdatedAt"
FROM "SessionRecoveries" AS "s"
WHERE "s"."AgvId" = @__agvId_0
LIMIT 2
[09:05:24 INF] Executed DbCommand (0ms) [Parameters=[@__row_AgvId_0='?' (Size = 10)], CommandType='Text', CommandTimeout='30']
SELECT EXISTS (
    SELECT 1
    FROM "StationOperations" AS "s"
    INNER JOIN (
        SELECT "j"."JourneyId", "j"."DemandId", "j"."AddedAt", "j"."DispatchGeneration", "j"."DispatchZone", "j"."DispatchZoneParameterVersion", "j"."ExpectedBasketCount", "j"."LoadCommandMessageId", "j"."LoadSlotOperationAttemptId", "j"."LoadedSlotsJson", "j"."PickupStopId", "j"."RemovalReason", "j"."RemovedAt", "j"."Status", "j"."TargetSlotsJson", "j"."UnloadCommandMessageId", "j"."UnloadSlotOperationAttemptId", "j"."UnloadStopId"
        FROM "JourneyDemands" AS "j"
        WHERE "j"."RemovedAt" IS NULL
    ) AS "t" ON "s"."DemandId" = "t"."DemandId"
    INNER JOIN "JourneyRuntimes" AS "j0" ON "t"."JourneyId" = "j0"."JourneyId"
    WHERE "j0"."AgvId" = @__row_AgvId_0 AND "s"."Status" = 'Prepared')
[09:05:24 INF] Executed DbCommand (0ms) [Parameters=[@__agvId_0='?' (Size = 10)], CommandType='Text', CommandTimeout='30']
SELECT EXISTS (
    SELECT 1
    FROM "StationOperations" AS "s"
    INNER JOIN (
        SELECT "j"."JourneyId", "j"."DemandId", "j"."AddedAt", "j"."DispatchGeneration", "j"."DispatchZone", "j"."DispatchZoneParameterVersion", "j"."ExpectedBasketCount", "j"."LoadCommandMessageId", "j"."LoadSlotOperationAttemptId", "j"."LoadedSlotsJson", "j"."PickupStopId", "j"."RemovalReason", "j"."RemovedAt", "j"."Status", "j"."TargetSlotsJson", "j"."UnloadCommandMessageId", "j"."UnloadSlotOperationAttemptId", "j"."UnloadStopId"
        FROM "JourneyDemands" AS "j"
        WHERE "j"."RemovedAt" IS NULL
    ) AS "t" ON "s"."DemandId" = "t"."DemandId"
    INNER JOIN "JourneyRuntimes" AS "j0" ON "t"."JourneyId" = "j0"."JourneyId"
    WHERE "j0"."AgvId" = @__agvId_0 AND "s"."Status" = 'RecoveryRequired')
[09:05:24 INF] Executed DbCommand (0ms) [Parameters=[@__agvId_0='?' (Size = 10)], CommandType='Text', CommandTimeout='30']
SELECT EXISTS (
    SELECT 1
    FROM "RecoveryWorkflows" AS "r"
    WHERE "r"."AgvId" = @__agvId_0 AND "r"."WorkflowType" = 'FORCED_MECHANICAL_RECOVERY' AND "r"."State" <> 'HistoricalOnly' AND NOT EXISTS (
        SELECT 1
        FROM "HardwareRecoveryRecords" AS "h"
        WHERE "h"."RecoveryActionId" = "r"."WorkflowId"))
[09:05:24 INF] Executed DbCommand (0ms) [Parameters=[@__agvId_0='?' (Size = 10)], CommandType='Text', CommandTimeout='30']
SELECT "a"."AgvId", "a"."ActivatedAt", "a"."ActivationId", "a"."ConfigurationVersion", "a"."Fingerprint", "a"."SlotModelVersionId", "a"."SnapshotId"
FROM "ActiveSlotConfigurations" AS "a"
WHERE "a"."AgvId" = @__agvId_0
LIMIT 1
[09:05:24 INF] Executed DbCommand (0ms) [Parameters=[@p3='?' (Size = 10), @p0='?' (Size = 5), @p1='?' (Size = 5), @p2='?' (DbType = DateTimeOffset)], CommandType='Text', CommandTimeout='30']
UPDATE "SessionRecoveries" SET "Readiness" = @p0, "ReasonCode" = @p1, "UpdatedAt" = @p2
WHERE "AgvId" = @p3
RETURNING 1;
[09:05:24 INF] Executed DbCommand (0ms) [Parameters=[@__agvId_0='?' (Size = 10)], CommandType='Text', CommandTimeout='30']
SELECT "o"."AlarmsJson"
FROM "OnboardAlarmSnapshots" AS "o"
WHERE "o"."AgvId" = @__agvId_0
LIMIT 1
[09:05:24 INF] Executed DbCommand (0ms) [Parameters=[@p0='?' (Size = 36), @p1='?' (Size = 64), @p2='?' (Size = 1234), @p3='?' (Size = 18), @p4='?' (DbType = DateTimeOffset), @p5='?' (Size = 680)], CommandType='Text', CommandTimeout='30']
INSERT INTO "ProtocolInbox" ("MessageId", "ContentHash", "FirstResponseJson", "MessageType", "ReceivedAt", "RequestJson")
VALUES (@p0, @p1, @p2, @p3, @p4, @p5);
[09:05:24 INF] Executed DbCommand (0ms) [Parameters=[@__messageId_0='?' (Size = 36)], CommandType='Text', CommandTimeout='30']
SELECT "p"."MessageId", "p"."ContentHash", "p"."FirstResponseJson", "p"."MessageType", "p"."ReceivedAt", "p"."RequestJson"
FROM "ProtocolInbox" AS "p"
WHERE "p"."MessageId" = @__messageId_0
LIMIT 2
[09:05:24 INF] Executed DbCommand (0ms) [Parameters=[@__agvId_0='?' (Size = 10)], CommandType='Text', CommandTimeout='30']
SELECT "s"."AgvId", "s"."ActiveUnlockSlotsJson", "s"."CapabilityHash", "s"."CapabilityRevision", "s"."DepartureSafe", "s"."ForcedRecoveryGeneration", "s"."ManifestSha256", "s"."PendingAttemptIdsJson", "s"."PendingResultIdsJson", "s"."ProfileId", "s"."ProtocolCommit", "s"."ProtocolVersion", "s"."ProvenRecoveryCheckpoint", "s"."Readiness", "s"."ReasonCode", "s"."RecoveryReportId", "s"."ReportedForcedRecoveryGeneration", "s"."ReportedSlotConfigurationFingerprint", "s"."SafetyHash", "s"."SafetyReasonCodesJson", "s"."SafetyRevision", "s"."SafetyUnknownPresent", "s"."SessionGeneration", "s"."UnsettledSlotOperationAttemptId", "s"."UpdatedAt"
FROM "SessionRecoveries" AS "s"
WHERE "s"."AgvId" = @__agvId_0
LIMIT 2
[09:05:24 INF] Executed DbCommand (0ms) [Parameters=[@p6='?' (Size = 10), @p0='?' (Size = 16), @p1='?' (Size = 20), @p2='?' (Size = 64), @p3='?' (Size = 45), @p4='?' (DbType = Int64), @p5='?' (DbType = DateTimeOffset)], CommandType='Text', CommandTimeout='30']
UPDATE "SessionRecoveries" SET "Readiness" = @p0, "ReasonCode" = @p1, "SafetyHash" = @p2, "SafetyReasonCodesJson" = @p3, "SafetyRevision" = @p4, "UpdatedAt" = @p5
WHERE "AgvId" = @p6
RETURNING 1;
[09:05:24 INF] Executed DbCommand (0ms) [Parameters=[@__agvId_0='?' (Size = 10)], CommandType='Text', CommandTimeout='30']
SELECT "s"."AgvId", "s"."ActiveUnlockSlotsJson", "s"."CapabilityHash", "s"."CapabilityRevision", "s"."DepartureSafe", "s"."ForcedRecoveryGeneration", "s"."ManifestSha256", "s"."PendingAttemptIdsJson", "s"."PendingResultIdsJson", "s"."ProfileId", "s"."ProtocolCommit", "s"."ProtocolVersion", "s"."ProvenRecoveryCheckpoint", "s"."Readiness", "s"."ReasonCode", "s"."RecoveryReportId", "s"."ReportedForcedRecoveryGeneration", "s"."ReportedSlotConfigurationFingerprint", "s"."SafetyHash", "s"."SafetyReasonCodesJson", "s"."SafetyRevision", "s"."SafetyUnknownPresent", "s"."SessionGeneration", "s"."UnsettledSlotOperationAttemptId", "s"."UpdatedAt"
FROM "SessionRecoveries" AS "s"
WHERE "s"."AgvId" = @__agvId_0
LIMIT 2
[09:05:24 INF] Executed DbCommand (0ms) [Parameters=[@__row_AgvId_0='?' (Size = 10)], CommandType='Text', CommandTimeout='30']
SELECT EXISTS (
    SELECT 1
    FROM "StationOperations" AS "s"
    INNER JOIN (
        SELECT "j"."JourneyId", "j"."DemandId", "j"."AddedAt", "j"."DispatchGeneration", "j"."DispatchZone", "j"."DispatchZoneParameterVersion", "j"."ExpectedBasketCount", "j"."LoadCommandMessageId", "j"."LoadSlotOperationAttemptId", "j"."LoadedSlotsJson", "j"."PickupStopId", "j"."RemovalReason", "j"."RemovedAt", "j"."Status", "j"."TargetSlotsJson", "j"."UnloadCommandMessageId", "j"."UnloadSlotOperationAttemptId", "j"."UnloadStopId"
        FROM "JourneyDemands" AS "j"
        WHERE "j"."RemovedAt" IS NULL
    ) AS "t" ON "s"."DemandId" = "t"."DemandId"
    INNER JOIN "JourneyRuntimes" AS "j0" ON "t"."JourneyId" = "j0"."JourneyId"
    WHERE "j0"."AgvId" = @__row_AgvId_0 AND "s"."Status" = 'Prepared')
[09:05:24 INF] Executed DbCommand (0ms) [Parameters=[@__agvId_0='?' (Size = 10)], CommandType='Text', CommandTimeout='30']
SELECT EXISTS (
    SELECT 1
    FROM "StationOperations" AS "s"
    INNER JOIN (
        SELECT "j"."JourneyId", "j"."DemandId", "j"."AddedAt", "j"."DispatchGeneration", "j"."DispatchZone", "j"."DispatchZoneParameterVersion", "j"."ExpectedBasketCount", "j"."LoadCommandMessageId", "j"."LoadSlotOperationAttemptId", "j"."LoadedSlotsJson", "j"."PickupStopId", "j"."RemovalReason", "j"."RemovedAt", "j"."Status", "j"."TargetSlotsJson", "j"."UnloadCommandMessageId", "j"."UnloadSlotOperationAttemptId", "j"."UnloadStopId"
        FROM "JourneyDemands" AS "j"
        WHERE "j"."RemovedAt" IS NULL
    ) AS "t" ON "s"."DemandId" = "t"."DemandId"
    INNER JOIN "JourneyRuntimes" AS "j0" ON "t"."JourneyId" = "j0"."JourneyId"
    WHERE "j0"."AgvId" = @__agvId_0 AND "s"."Status" = 'RecoveryRequired')
[09:05:24 INF] Executed DbCommand (0ms) [Parameters=[@__agvId_0='?' (Size = 10)], CommandType='Text', CommandTimeout='30']
SELECT EXISTS (
    SELECT 1
    FROM "RecoveryWorkflows" AS "r"
    WHERE "r"."AgvId" = @__agvId_0 AND "r"."WorkflowType" = 'FORCED_MECHANICAL_RECOVERY' AND "r"."State" <> 'HistoricalOnly' AND NOT EXISTS (
        SELECT 1
        FROM "HardwareRecoveryRecords" AS "h"
        WHERE "h"."RecoveryActionId" = "r"."WorkflowId"))
[09:05:24 INF] Executed DbCommand (0ms) [Parameters=[@__agvId_0='?' (Size = 10)], CommandType='Text', CommandTimeout='30']
SELECT "a"."AgvId", "a"."ActivatedAt", "a"."ActivationId", "a"."ConfigurationVersion", "a"."Fingerprint", "a"."SlotModelVersionId", "a"."SnapshotId"
FROM "ActiveSlotConfigurations" AS "a"
WHERE "a"."AgvId" = @__agvId_0
LIMIT 1
[09:05:24 INF] Executed DbCommand (0ms) [Parameters=[@p3='?' (Size = 10), @p0='?' (Size = 5), @p1='?' (Size = 5), @p2='?' (DbType = DateTimeOffset)], CommandType='Text', CommandTimeout='30']
UPDATE "SessionRecoveries" SET "Readiness" = @p0, "ReasonCode" = @p1, "UpdatedAt" = @p2
WHERE "AgvId" = @p3
RETURNING 1;
[09:05:24 INF] Executed DbCommand (0ms) [Parameters=[@__agvId_0='?' (Size = 10)], CommandType='Text', CommandTimeout='30']
SELECT "o"."AlarmsJson"
FROM "OnboardAlarmSnapshots" AS "o"
WHERE "o"."AgvId" = @__agvId_0
LIMIT 1
[09:05:24 INF] Executed DbCommand (0ms) [Parameters=[@p0='?' (Size = 36), @p1='?' (Size = 64), @p2='?' (Size = 1235), @p3='?' (Size = 18), @p4='?' (DbType = DateTimeOffset), @p5='?' (Size = 699)], CommandType='Text', CommandTimeout='30']
INSERT INTO "ProtocolInbox" ("MessageId", "ContentHash", "FirstResponseJson", "MessageType", "ReceivedAt", "RequestJson")
VALUES (@p0, @p1, @p2, @p3, @p4, @p5);
[09:05:24 INF] Start processing HTTP request GET http://127.0.0.1:48408/api/imap/v1/mapInfo/stations/25
[09:05:24 INF] Sending HTTP request GET http://127.0.0.1:48408/api/imap/v1/mapInfo/stations/25
[09:05:24 INF] Received HTTP response headers after 1.0501ms - 200
[09:05:24 INF] End processing HTTP request after 3.9568ms - 200
[09:05:24 INF] Executed DbCommand (0ms) [Parameters=[@__mapId_0='?' (DbType = Int32)], CommandType='Text', CommandTimeout='30']
SELECT "t"."MapId", "t"."ActiveVersion", "t"."PendingVersion", "t"."State", "t"."UpdatedAt"
FROM "TaskTypeStationActiveBindingSets" AS "t"
WHERE "t"."MapId" = @__mapId_0
LIMIT 2
[09:05:24 INF] Executed DbCommand (0ms) [Parameters=[@__mapId_0='?' (DbType = Int32), @__version_1='?' (DbType = Int64)], CommandType='Text', CommandTimeout='30']
SELECT "t"."MapId", "t"."Version", "t"."CatalogRevision", "t"."ContentSha256", "t"."LoadedAt", "t"."RuleVersion", "t"."SnapshotId", "t"."Source"
FROM "TaskTypeStationBindingSetVersions" AS "t"
WHERE "t"."MapId" = @__mapId_0 AND "t"."Version" = @__version_1
LIMIT 2
[09:05:24 INF] Executed DbCommand (0ms) [Parameters=[@__mapId_0='?' (DbType = Int32), @__version_1='?' (DbType = Int64)], CommandType='Text', CommandTimeout='30']
SELECT "t"."TaskType"
FROM "TaskTypeStationRequirements" AS "t"
WHERE "t"."MapId" = @__mapId_0 AND "t"."Version" = @__version_1
[09:05:24 INF] Executed DbCommand (0ms) [Parameters=[@__mapId_0='?' (DbType = Int32), @__version_1='?' (DbType = Int64)], CommandType='Text', CommandTimeout='30']
SELECT "t"."MapId", "t"."Version", "t"."TaskType", "t"."SiteVerificationRef", "t"."StationName", "t"."StationRiotId"
FROM "TaskTypeStationBindings" AS "t"
WHERE "t"."MapId" = @__mapId_0 AND "t"."Version" = @__version_1
[09:05:24 INF] Executed DbCommand (0ms) [Parameters=[@__version_0='?' (DbType = Int64)], CommandType='Text', CommandTimeout='30']
SELECT "t"."Version", "t"."ContentSha256", "t"."LoadedAt", "t"."SnapshotId", "t"."Source"
FROM "TaskTypeStationRuleVersions" AS "t"
WHERE "t"."Version" = @__version_0
LIMIT 2
[09:05:24 INF] Executed DbCommand (0ms) [Parameters=[@__version_0='?' (DbType = Int64)], CommandType='Text', CommandTimeout='30']
SELECT "t"."Version", "t"."TaskType", "t"."FixedEnd"
FROM "TaskTypeStationRules" AS "t"
WHERE "t"."Version" = @__version_0
[09:05:24 INF] Executed DbCommand (0ms) [Parameters=[@__mapId_0='?' (DbType = Int32)], CommandType='Text', CommandTimeout='30']
SELECT "t"."MapId", "t"."ActiveVersion", "t"."PendingVersion", "t"."State", "t"."UpdatedAt"
FROM "TaskTypeStationActiveBindingSets" AS "t"
WHERE "t"."MapId" = @__mapId_0
LIMIT 2
[09:05:24 INF] Executed DbCommand (0ms) [Parameters=[@__mapId_0='?' (DbType = Int32)], CommandType='Text', CommandTimeout='30']
SELECT "t"."HoldId", "t"."DetailJson", "t"."MapId", "t"."RaisedAt", "t"."RaisedBy", "t"."ReasonCode", "t"."ReleasedAt", "t"."ReleasedBy", "t"."Source", "t"."TaskType"
FROM "TaskTypeStationHolds" AS "t"
WHERE "t"."MapId" = @__mapId_0 AND "t"."ReleasedAt" IS NULL
[09:05:24 INF] Executed DbCommand (0ms) [Parameters=[@__mapId_0='?' (DbType = Int32)], CommandType='Text', CommandTimeout='30']
SELECT "m"."MapId", "m"."ApprovedMaxUnconfirmedSeconds", "m"."ApprovedSyncPeriodSeconds", "m"."CatalogRevision", "m"."LastAttemptAt", "m"."LastCompleteConfirmationAt", "m"."LastFailureReason", "m"."State", "m"."UpdatedAt"
FROM "MapStationCatalogStates" AS "m"
WHERE "m"."MapId" = @__mapId_0
LIMIT 2
[09:05:24 INF] Executed DbCommand (0ms) [Parameters=[@p3='?' (DbType = Int32), @p0='?' (DbType = DateTimeOffset), @p1='?' (DbType = DateTimeOffset), @p2='?' (DbType = DateTimeOffset)], CommandType='Text', CommandTimeout='30']
UPDATE "MapStationCatalogStates" SET "LastAttemptAt" = @p0, "LastCompleteConfirmationAt" = @p1, "UpdatedAt" = @p2
WHERE "MapId" = @p3
RETURNING 1;
[09:05:24 INF] Executed DbCommand (0ms) [Parameters=[@__mapId_0='?' (DbType = Int32)], CommandType='Text', CommandTimeout='30']
SELECT "t"."MapId", "t"."ActiveVersion", "t"."PendingVersion", "t"."State", "t"."UpdatedAt"
FROM "TaskTypeStationActiveBindingSets" AS "t"
WHERE "t"."MapId" = @__mapId_0
LIMIT 2
[09:05:24 INF] Executed DbCommand (0ms) [Parameters=[@__mapId_0='?' (DbType = Int32), @__version_1='?' (DbType = Int64)], CommandType='Text', CommandTimeout='30']
SELECT "t"."MapId", "t"."Version", "t"."CatalogRevision", "t"."ContentSha256", "t"."LoadedAt", "t"."RuleVersion", "t"."SnapshotId", "t"."Source"
FROM "TaskTypeStationBindingSetVersions" AS "t"
WHERE "t"."MapId" = @__mapId_0 AND "t"."Version" = @__version_1
LIMIT 2
[09:05:24 INF] Executed DbCommand (0ms) [Parameters=[@__mapId_0='?' (DbType = Int32), @__version_1='?' (DbType = Int64)], CommandType='Text', CommandTimeout='30']
SELECT "t"."TaskType"
FROM "TaskTypeStationRequirements" AS "t"
WHERE "t"."MapId" = @__mapId_0 AND "t"."Version" = @__version_1
[09:05:24 INF] Executed DbCommand (0ms) [Parameters=[@__mapId_0='?' (DbType = Int32), @__version_1='?' (DbType = Int64)], CommandType='Text', CommandTimeout='30']
SELECT "t"."MapId", "t"."Version", "t"."TaskType", "t"."SiteVerificationRef", "t"."StationName", "t"."StationRiotId"
FROM "TaskTypeStationBindings" AS "t"
WHERE "t"."MapId" = @__mapId_0 AND "t"."Version" = @__version_1
[09:05:24 INF] Executed DbCommand (0ms) [Parameters=[@__mapId_0='?' (DbType = Int32)], CommandType='Text', CommandTimeout='30']
SELECT "t"."MapId", "t"."ActiveVersion", "t"."PendingVersion", "t"."State", "t"."UpdatedAt"
FROM "TaskTypeStationActiveBindingSets" AS "t"
WHERE "t"."MapId" = @__mapId_0
LIMIT 2
[09:05:24 INF] Executed DbCommand (0ms) [Parameters=[@__mapId_0='?' (DbType = Int32), @__version_1='?' (DbType = Int64)], CommandType='Text', CommandTimeout='30']
SELECT "t"."MapId", "t"."Version", "t"."CatalogRevision", "t"."ContentSha256", "t"."LoadedAt", "t"."RuleVersion", "t"."SnapshotId", "t"."Source"
FROM "TaskTypeStationBindingSetVersions" AS "t"
WHERE "t"."MapId" = @__mapId_0 AND "t"."Version" = @__version_1
LIMIT 2
[09:05:24 INF] Executed DbCommand (0ms) [Parameters=[@__mapId_0='?' (DbType = Int32), @__version_1='?' (DbType = Int64)], CommandType='Text', CommandTimeout='30']
SELECT "t"."TaskType"
FROM "TaskTypeStationRequirements" AS "t"
WHERE "t"."MapId" = @__mapId_0 AND "t"."Version" = @__version_1
[09:05:24 INF] Executed DbCommand (0ms) [Parameters=[@__mapId_0='?' (DbType = Int32), @__version_1='?' (DbType = Int64)], CommandType='Text', CommandTimeout='30']
SELECT "t"."MapId", "t"."Version", "t"."TaskType", "t"."SiteVerificationRef", "t"."StationName", "t"."StationRiotId"
FROM "TaskTypeStationBindings" AS "t"
WHERE "t"."MapId" = @__mapId_0 AND "t"."Version" = @__version_1
[09:05:24 INF] Executed DbCommand (0ms) [Parameters=[@__version_0='?' (DbType = Int64)], CommandType='Text', CommandTimeout='30']
SELECT "t"."Version", "t"."ContentSha256", "t"."LoadedAt", "t"."SnapshotId", "t"."Source"
FROM "TaskTypeStationRuleVersions" AS "t"
WHERE "t"."Version" = @__version_0
LIMIT 2
[09:05:24 INF] Executed DbCommand (0ms) [Parameters=[@__version_0='?' (DbType = Int64)], CommandType='Text', CommandTimeout='30']
SELECT "t"."Version", "t"."TaskType", "t"."FixedEnd"
FROM "TaskTypeStationRules" AS "t"
WHERE "t"."Version" = @__version_0
[09:05:24 INF] Executed DbCommand (0ms) [Parameters=[], CommandType='Text', CommandTimeout='30']
SELECT "a"."Id", "a"."ContentHash", "a"."DeploymentId", "a"."ImportedAt", "a"."Version"
FROM "AdmissionPolicyState" AS "a"
WHERE "a"."Id" = 1
LIMIT 2
[09:05:24 INF] Executed DbCommand (0ms) [Parameters=[], CommandType='Text', CommandTimeout='30']
SELECT "j"."JourneyId", "j"."AgvId", "j"."AgvLifecycleGeneration", "j"."AreaEndAdmissionRevokedSince", "j"."BlockReasonCode", "j"."BlockReasonSince", "j"."CargoHoldingStartedAt", "j"."ConsumedSafetyResultMessageId", "j"."ConsumedSublotMessageId", "j"."CreatedAt", "j"."DemandId", "j"."DispatchGeneration", "j"."DispatchZone", "j"."ExpectedBasketCount", "j"."FullSlotPositionsJson", "j"."GateMovementLegId", "j"."GatePlanMessageId", "j"."GateStationId", "j"."GateStationRiotId", "j"."GateUpperId", "j"."GateVehicleBusinessMessageId", "j"."GateWorklistMessageId", "j"."LoadCommandMessageId", "j"."LoadSlotOperationAttemptId", "j"."LoadingClosedReason", "j"."LoadingPhaseState", "j"."MapId", "j"."MapIdentity", "j"."OperationSessionId", "j"."PickupMovementLegId", "j"."PickupStationId", "j"."PickupStationRiotId", "j"."PickupUpperId", "j"."PlanMessageId", "j"."PlanRevision", "j"."PreDepartureSafetyCheckId", "j"."PreDepartureSafetyCheckMessageId", "j"."RouteEvidenceId", "j"."Stage", "j"."StationDepartureWaitStartedAt", "j"."SublotRequestMessageId", "j"."TargetSlotsJson", "j"."UnloadCommandMessageId", "j"."UnloadSlotOperationAttemptId", "j"."UpdatedAt", "j"."VehicleBusinessMessageId", "j"."VehicleBusinessRevision", "j"."VehicleKey", "j"."WorklistMessageId", "j"."WorklistRevision", "j"."YieldTriggeredAt", "j"."YieldTriggeredByVehicleKey"
FROM "JourneyRuntimes" AS "j"
WHERE "j"."Stage" <> 'Completed'
[09:05:24 INF] Executed DbCommand (0ms) [Parameters=[@__agvId_0='?' (Size = 10)], CommandType='Text', CommandTimeout='30']
SELECT "s"."AgvId", "s"."ActiveUnlockSlotsJson", "s"."CapabilityHash", "s"."CapabilityRevision", "s"."DepartureSafe", "s"."ForcedRecoveryGeneration", "s"."ManifestSha256", "s"."PendingAttemptIdsJson", "s"."PendingResultIdsJson", "s"."ProfileId", "s"."ProtocolCommit", "s"."ProtocolVersion", "s"."ProvenRecoveryCheckpoint", "s"."Readiness", "s"."ReasonCode", "s"."RecoveryReportId", "s"."ReportedForcedRecoveryGeneration", "s"."ReportedSlotConfigurationFingerprint", "s"."SafetyHash", "s"."SafetyReasonCodesJson", "s"."SafetyRevision", "s"."SafetyUnknownPresent", "s"."SessionGeneration", "s"."UnsettledSlotOperationAttemptId", "s"."UpdatedAt"
FROM "SessionRecoveries" AS "s"
WHERE "s"."AgvId" = @__agvId_0 AND "s"."Readiness" = 'Ready'
LIMIT 2
[09:05:24 INF] Executed DbCommand (0ms) [Parameters=[], CommandType='Text', CommandTimeout='30']
SELECT "p"."MessageId", "p"."AcknowledgedAt", "p"."CreatedAt", "p"."FencedAt", "p"."MessageType", "p"."PayloadJson"
FROM "ProtocolOutbox" AS "p"
WHERE "p"."AcknowledgedAt" IS NULL AND "p"."FencedAt" IS NULL
[09:05:24 INF] Executed DbCommand (0ms) [Parameters=[@__runtime_LoadSlotOperationAttemptId_0='?' (Size = 36)], CommandType='Text', CommandTimeout='30']
SELECT "s"."SlotOperationAttemptId", "s"."CommittedAt", "s"."ContentHash", "s"."CreatedAt", "s"."DemandId", "s"."EvidenceJson", "s"."ForcedRecoveryGeneration", "s"."OperationType", "s"."Status", "s"."SublotId", "s"."TargetSlotsJson"
FROM "StationOperations" AS "s"
WHERE "s"."SlotOperationAttemptId" = @__runtime_LoadSlotOperationAttemptId_0
LIMIT 2
[09:05:24 INF] Start processing HTTP request GET http://127.0.0.1:48408/api/task/v1/task/getVehicleInfo/BROKERX-L2-0001
[09:05:24 INF] Sending HTTP request GET http://127.0.0.1:48408/api/task/v1/task/getVehicleInfo/BROKERX-L2-0001
[09:05:24 INF] Received HTTP response headers after 0.9575ms - 200
[09:05:24 INF] End processing HTTP request after 15.7004ms - 200
[09:05:24 INF] Start processing HTTP request GET http://127.0.0.1:48408/api/order/v1/orderRecord?pageNum=1&pageSize=100&filterByState=1&filterByState=3&filterByState=7&filterByState=9
[09:05:24 INF] Sending HTTP request GET http://127.0.0.1:48408/api/order/v1/orderRecord?pageNum=1&pageSize=100&filterByState=1&filterByState=3&filterByState=7&filterByState=9
[09:05:24 INF] Received HTTP response headers after 1.0305ms - 200
[09:05:24 INF] End processing HTTP request after 62.726ms - 200
[09:05:24 INF] Executed DbCommand (0ms) [Parameters=[@__messageId_0='?' (Size = 36)], CommandType='Text', CommandTimeout='30']
SELECT "p"."MessageId", "p"."ContentHash", "p"."FirstResponseJson", "p"."MessageType", "p"."ReceivedAt", "p"."RequestJson"
FROM "ProtocolInbox" AS "p"
WHERE "p"."MessageId" = @__messageId_0
LIMIT 2
[09:05:24 INF] HTTP GET /api/onboard/v1/vehicle-safety responded 200 in 127.7112 ms
[09:05:24 INF] Executed DbCommand (0ms) [Parameters=[@__agvId_0='?' (Size = 10)], CommandType='Text', CommandTimeout='30']
SELECT "s"."AgvId", "s"."ActiveUnlockSlotsJson", "s"."CapabilityHash", "s"."CapabilityRevision", "s"."DepartureSafe", "s"."ForcedRecoveryGeneration", "s"."ManifestSha256", "s"."PendingAttemptIdsJson", "s"."PendingResultIdsJson", "s"."ProfileId", "s"."ProtocolCommit", "s"."ProtocolVersion", "s"."ProvenRecoveryCheckpoint", "s"."Readiness", "s"."ReasonCode", "s"."RecoveryReportId", "s"."ReportedForcedRecoveryGeneration", "s"."ReportedSlotConfigurationFingerprint", "s"."SafetyHash", "s"."SafetyReasonCodesJson", "s"."SafetyRevision", "s"."SafetyUnknownPresent", "s"."SessionGeneration", "s"."UnsettledSlotOperationAttemptId", "s"."UpdatedAt"
FROM "SessionRecoveries" AS "s"
WHERE "s"."AgvId" = @__agvId_0
LIMIT 2
[09:05:24 INF] Executed DbCommand (0ms) [Parameters=[@p6='?' (Size = 10), @p0='?' (Size = 16), @p1='?' (Size = 20), @p2='?' (Size = 64), @p3='?' (Size = 19), @p4='?' (DbType = Int64), @p5='?' (DbType = DateTimeOffset)], CommandType='Text', CommandTimeout='30']
UPDATE "SessionRecoveries" SET "Readiness" = @p0, "ReasonCode" = @p1, "SafetyHash" = @p2, "SafetyReasonCodesJson" = @p3, "SafetyRevision" = @p4, "UpdatedAt" = @p5
WHERE "AgvId" = @p6
RETURNING 1;
[09:05:24 INF] Executed DbCommand (0ms) [Parameters=[@__agvId_0='?' (Size = 10)], CommandType='Text', CommandTimeout='30']
SELECT "s"."AgvId", "s"."ActiveUnlockSlotsJson", "s"."CapabilityHash", "s"."CapabilityRevision", "s"."DepartureSafe", "s"."ForcedRecoveryGeneration", "s"."ManifestSha256", "s"."PendingAttemptIdsJson", "s"."PendingResultIdsJson", "s"."ProfileId", "s"."ProtocolCommit", "s"."ProtocolVersion", "s"."ProvenRecoveryCheckpoint", "s"."Readiness", "s"."ReasonCode", "s"."RecoveryReportId", "s"."ReportedForcedRecoveryGeneration", "s"."ReportedSlotConfigurationFingerprint", "s"."SafetyHash", "s"."SafetyReasonCodesJson", "s"."SafetyRevision", "s"."SafetyUnknownPresent", "s"."SessionGeneration", "s"."UnsettledSlotOperationAttemptId", "s"."UpdatedAt"
FROM "SessionRecoveries" AS "s"
WHERE "s"."AgvId" = @__agvId_0
LIMIT 2
[09:05:24 INF] Executed DbCommand (0ms) [Parameters=[@__row_AgvId_0='?' (Size = 10)], CommandType='Text', CommandTimeout='30']
SELECT EXISTS (
    SELECT 1
    FROM "StationOperations" AS "s"
    INNER JOIN (
        SELECT "j"."JourneyId", "j"."DemandId", "j"."AddedAt", "j"."DispatchGeneration", "j"."DispatchZone", "j"."DispatchZoneParameterVersion", "j"."ExpectedBasketCount", "j"."LoadCommandMessageId", "j"."LoadSlotOperationAttemptId", "j"."LoadedSlotsJson", "j"."PickupStopId", "j"."RemovalReason", "j"."RemovedAt", "j"."Status", "j"."TargetSlotsJson", "j"."UnloadCommandMessageId", "j"."UnloadSlotOperationAttemptId", "j"."UnloadStopId"
        FROM "JourneyDemands" AS "j"
        WHERE "j"."RemovedAt" IS NULL
    ) AS "t" ON "s"."DemandId" = "t"."DemandId"
    INNER JOIN "JourneyRuntimes" AS "j0" ON "t"."JourneyId" = "j0"."JourneyId"
    WHERE "j0"."AgvId" = @__row_AgvId_0 AND "s"."Status" = 'Prepared')
[09:05:24 INF] Executed DbCommand (0ms) [Parameters=[@__agvId_0='?' (Size = 10)], CommandType='Text', CommandTimeout='30']
SELECT EXISTS (
    SELECT 1
    FROM "StationOperations" AS "s"
    INNER JOIN (
        SELECT "j"."JourneyId", "j"."DemandId", "j"."AddedAt", "j"."DispatchGeneration", "j"."DispatchZone", "j"."DispatchZoneParameterVersion", "j"."ExpectedBasketCount", "j"."LoadCommandMessageId", "j"."LoadSlotOperationAttemptId", "j"."LoadedSlotsJson", "j"."PickupStopId", "j"."RemovalReason", "j"."RemovedAt", "j"."Status", "j"."TargetSlotsJson", "j"."UnloadCommandMessageId", "j"."UnloadSlotOperationAttemptId", "j"."UnloadStopId"
        FROM "JourneyDemands" AS "j"
        WHERE "j"."RemovedAt" IS NULL
    ) AS "t" ON "s"."DemandId" = "t"."DemandId"
    INNER JOIN "JourneyRuntimes" AS "j0" ON "t"."JourneyId" = "j0"."JourneyId"
    WHERE "j0"."AgvId" = @__agvId_0 AND "s"."Status" = 'RecoveryRequired')
[09:05:24 INF] Executed DbCommand (0ms) [Parameters=[@__agvId_0='?' (Size = 10)], CommandType='Text', CommandTimeout='30']
SELECT EXISTS (
    SELECT 1
    FROM "RecoveryWorkflows" AS "r"
    WHERE "r"."AgvId" = @__agvId_0 AND "r"."WorkflowType" = 'FORCED_MECHANICAL_RECOVERY' AND "r"."State" <> 'HistoricalOnly' AND NOT EXISTS (
        SELECT 1
        FROM "HardwareRecoveryRecords" AS "h"
        WHERE "h"."RecoveryActionId" = "r"."WorkflowId"))
[09:05:24 INF] Executed DbCommand (0ms) [Parameters=[@__agvId_0='?' (Size = 10)], CommandType='Text', CommandTimeout='30']
SELECT "a"."AgvId", "a"."ActivatedAt", "a"."ActivationId", "a"."ConfigurationVersion", "a"."Fingerprint", "a"."SlotModelVersionId", "a"."SnapshotId"
FROM "ActiveSlotConfigurations" AS "a"
WHERE "a"."AgvId" = @__agvId_0
LIMIT 1
[09:05:24 INF] Executed DbCommand (0ms) [Parameters=[@p3='?' (Size = 10), @p0='?' (Size = 5), @p1='?' (Size = 5), @p2='?' (DbType = DateTimeOffset)], CommandType='Text', CommandTimeout='30']
UPDATE "SessionRecoveries" SET "Readiness" = @p0, "ReasonCode" = @p1, "UpdatedAt" = @p2
WHERE "AgvId" = @p3
RETURNING 1;
[09:05:24 INF] Executed DbCommand (0ms) [Parameters=[@__agvId_0='?' (Size = 10)], CommandType='Text', CommandTimeout='30']
SELECT "o"."AlarmsJson"
FROM "OnboardAlarmSnapshots" AS "o"
WHERE "o"."AgvId" = @__agvId_0
LIMIT 1
[09:05:24 INF] Executed DbCommand (0ms) [Parameters=[@p0='?' (Size = 36), @p1='?' (Size = 64), @p2='?' (Size = 1233), @p3='?' (Size = 18), @p4='?' (DbType = DateTimeOffset), @p5='?' (Size = 672)], CommandType='Text', CommandTimeout='30']
INSERT INTO "ProtocolInbox" ("MessageId", "ContentHash", "FirstResponseJson", "MessageType", "ReceivedAt", "RequestJson")
VALUES (@p0, @p1, @p2, @p3, @p4, @p5);
[09:05:25 INF] Executed DbCommand (0ms) [Parameters=[@__messageId_0='?' (Size = 36)], CommandType='Text', CommandTimeout='30']
SELECT "p"."MessageId", "p"."ContentHash", "p"."FirstResponseJson", "p"."MessageType", "p"."ReceivedAt", "p"."RequestJson"
FROM "ProtocolInbox" AS "p"
WHERE "p"."MessageId" = @__messageId_0
LIMIT 2
[09:05:25 INF] Executed DbCommand (0ms) [Parameters=[@p0='?' (Size = 36), @p1='?' (Size = 64), @p2='?' (Size = 665), @p3='?' (Size = 17), @p4='?' (DbType = DateTimeOffset), @p5='?' (Size = 579)], CommandType='Text', CommandTimeout='30']
INSERT INTO "ProtocolInbox" ("MessageId", "ContentHash", "FirstResponseJson", "MessageType", "ReceivedAt", "RequestJson")
VALUES (@p0, @p1, @p2, @p3, @p4, @p5);
[09:05:25 INF] Start processing HTTP request GET http://127.0.0.1:48408/api/imap/v1/mapInfo/stations/25
[09:05:25 INF] Sending HTTP request GET http://127.0.0.1:48408/api/imap/v1/mapInfo/stations/25
[09:05:25 INF] Received HTTP response headers after 0.6959ms - 200
[09:05:25 INF] End processing HTTP request after 2.5133ms - 200
[09:05:25 INF] Executed DbCommand (0ms) [Parameters=[@__mapId_0='?' (DbType = Int32)], CommandType='Text', CommandTimeout='30']
SELECT "t"."MapId", "t"."ActiveVersion", "t"."PendingVersion", "t"."State", "t"."UpdatedAt"
FROM "TaskTypeStationActiveBindingSets" AS "t"
WHERE "t"."MapId" = @__mapId_0
LIMIT 2
[09:05:25 INF] Executed DbCommand (0ms) [Parameters=[@__mapId_0='?' (DbType = Int32), @__version_1='?' (DbType = Int64)], CommandType='Text', CommandTimeout='30']
SELECT "t"."MapId", "t"."Version", "t"."CatalogRevision", "t"."ContentSha256", "t"."LoadedAt", "t"."RuleVersion", "t"."SnapshotId", "t"."Source"
FROM "TaskTypeStationBindingSetVersions" AS "t"
WHERE "t"."MapId" = @__mapId_0 AND "t"."Version" = @__version_1
LIMIT 2
[09:05:25 INF] Executed DbCommand (0ms) [Parameters=[@__mapId_0='?' (DbType = Int32), @__version_1='?' (DbType = Int64)], CommandType='Text', CommandTimeout='30']
SELECT "t"."TaskType"
FROM "TaskTypeStationRequirements" AS "t"
WHERE "t"."MapId" = @__mapId_0 AND "t"."Version" = @__version_1
[09:05:25 INF] Executed DbCommand (0ms) [Parameters=[@__mapId_0='?' (DbType = Int32), @__version_1='?' (DbType = Int64)], CommandType='Text', CommandTimeout='30']
SELECT "t"."MapId", "t"."Version", "t"."TaskType", "t"."SiteVerificationRef", "t"."StationName", "t"."StationRiotId"
FROM "TaskTypeStationBindings" AS "t"
WHERE "t"."MapId" = @__mapId_0 AND "t"."Version" = @__version_1
[09:05:25 INF] Executed DbCommand (0ms) [Parameters=[@__version_0='?' (DbType = Int64)], CommandType='Text', CommandTimeout='30']
SELECT "t"."Version", "t"."ContentSha256", "t"."LoadedAt", "t"."SnapshotId", "t"."Source"
FROM "TaskTypeStationRuleVersions" AS "t"
WHERE "t"."Version" = @__version_0
LIMIT 2
[09:05:25 INF] Executed DbCommand (0ms) [Parameters=[@__version_0='?' (DbType = Int64)], CommandType='Text', CommandTimeout='30']
SELECT "t"."Version", "t"."TaskType", "t"."FixedEnd"
FROM "TaskTypeStationRules" AS "t"
WHERE "t"."Version" = @__version_0
[09:05:25 INF] Executed DbCommand (0ms) [Parameters=[@__mapId_0='?' (DbType = Int32)], CommandType='Text', CommandTimeout='30']
SELECT "t"."MapId", "t"."ActiveVersion", "t"."PendingVersion", "t"."State", "t"."UpdatedAt"
FROM "TaskTypeStationActiveBindingSets" AS "t"
WHERE "t"."MapId" = @__mapId_0
LIMIT 2
[09:05:25 INF] Executed DbCommand (0ms) [Parameters=[@__mapId_0='?' (DbType = Int32)], CommandType='Text', CommandTimeout='30']
SELECT "t"."HoldId", "t"."DetailJson", "t"."MapId", "t"."RaisedAt", "t"."RaisedBy", "t"."ReasonCode", "t"."ReleasedAt", "t"."ReleasedBy", "t"."Source", "t"."TaskType"
FROM "TaskTypeStationHolds" AS "t"
WHERE "t"."MapId" = @__mapId_0 AND "t"."ReleasedAt" IS NULL
[09:05:25 INF] Executed DbCommand (0ms) [Parameters=[@__mapId_0='?' (DbType = Int32)], CommandType='Text', CommandTimeout='30']
SELECT "m"."MapId", "m"."ApprovedMaxUnconfirmedSeconds", "m"."ApprovedSyncPeriodSeconds", "m"."CatalogRevision", "m"."LastAttemptAt", "m"."LastCompleteConfirmationAt", "m"."LastFailureReason", "m"."State", "m"."UpdatedAt"
FROM "MapStationCatalogStates" AS "m"
WHERE "m"."MapId" = @__mapId_0
LIMIT 2
[09:05:25 INF] Executed DbCommand (0ms) [Parameters=[@p3='?' (DbType = Int32), @p0='?' (DbType = DateTimeOffset), @p1='?' (DbType = DateTimeOffset), @p2='?' (DbType = DateTimeOffset)], CommandType='Text', CommandTimeout='30']
UPDATE "MapStationCatalogStates" SET "LastAttemptAt" = @p0, "LastCompleteConfirmationAt" = @p1, "UpdatedAt" = @p2
WHERE "MapId" = @p3
RETURNING 1;
[09:05:25 INF] Executed DbCommand (0ms) [Parameters=[@__mapId_0='?' (DbType = Int32)], CommandType='Text', CommandTimeout='30']
SELECT "t"."MapId", "t"."ActiveVersion", "t"."PendingVersion", "t"."State", "t"."UpdatedAt"
FROM "TaskTypeStationActiveBindingSets" AS "t"
WHERE "t"."MapId" = @__mapId_0
LIMIT 2
[09:05:25 INF] Executed DbCommand (0ms) [Parameters=[@__mapId_0='?' (DbType = Int32), @__version_1='?' (DbType = Int64)], CommandType='Text', CommandTimeout='30']
SELECT "t"."MapId", "t"."Version", "t"."CatalogRevision", "t"."ContentSha256", "t"."LoadedAt", "t"."RuleVersion", "t"."SnapshotId", "t"."Source"
FROM "TaskTypeStationBindingSetVersions" AS "t"
WHERE "t"."MapId" = @__mapId_0 AND "t"."Version" = @__version_1
LIMIT 2
[09:05:25 INF] Executed DbCommand (0ms) [Parameters=[@__mapId_0='?' (DbType = Int32), @__version_1='?' (DbType = Int64)], CommandType='Text', CommandTimeout='30']
SELECT "t"."TaskType"
FROM "TaskTypeStationRequirements" AS "t"
WHERE "t"."MapId" = @__mapId_0 AND "t"."Version" = @__version_1
[09:05:25 INF] Executed DbCommand (0ms) [Parameters=[@__mapId_0='?' (DbType = Int32), @__version_1='?' (DbType = Int64)], CommandType='Text', CommandTimeout='30']
SELECT "t"."MapId", "t"."Version", "t"."TaskType", "t"."SiteVerificationRef", "t"."StationName", "t"."StationRiotId"
FROM "TaskTypeStationBindings" AS "t"
WHERE "t"."MapId" = @__mapId_0 AND "t"."Version" = @__version_1
[09:05:25 INF] Executed DbCommand (0ms) [Parameters=[@__mapId_0='?' (DbType = Int32)], CommandType='Text', CommandTimeout='30']
SELECT "t"."MapId", "t"."ActiveVersion", "t"."PendingVersion", "t"."State", "t"."UpdatedAt"
FROM "TaskTypeStationActiveBindingSets" AS "t"
WHERE "t"."MapId" = @__mapId_0
LIMIT 2
[09:05:25 INF] Executed DbCommand (0ms) [Parameters=[@__mapId_0='?' (DbType = Int32), @__version_1='?' (DbType = Int64)], CommandType='Text', CommandTimeout='30']
SELECT "t"."MapId", "t"."Version", "t"."CatalogRevision", "t"."ContentSha256", "t"."LoadedAt", "t"."RuleVersion", "t"."SnapshotId", "t"."Source"
FROM "TaskTypeStationBindingSetVersions" AS "t"
WHERE "t"."MapId" = @__mapId_0 AND "t"."Version" = @__version_1
LIMIT 2
[09:05:25 INF] Executed DbCommand (0ms) [Parameters=[@__mapId_0='?' (DbType = Int32), @__version_1='?' (DbType = Int64)], CommandType='Text', CommandTimeout='30']
SELECT "t"."TaskType"
FROM "TaskTypeStationRequirements" AS "t"
WHERE "t"."MapId" = @__mapId_0 AND "t"."Version" = @__version_1
[09:05:25 INF] Executed DbCommand (0ms) [Parameters=[@__mapId_0='?' (DbType = Int32), @__version_1='?' (DbType = Int64)], CommandType='Text', CommandTimeout='30']
SELECT "t"."MapId", "t"."Version", "t"."TaskType", "t"."SiteVerificationRef", "t"."StationName", "t"."StationRiotId"
FROM "TaskTypeStationBindings" AS "t"
WHERE "t"."MapId" = @__mapId_0 AND "t"."Version" = @__version_1
[09:05:25 INF] Executed DbCommand (0ms) [Parameters=[@__version_0='?' (DbType = Int64)], CommandType='Text', CommandTimeout='30']
SELECT "t"."Version", "t"."ContentSha256", "t"."LoadedAt", "t"."SnapshotId", "t"."Source"
FROM "TaskTypeStationRuleVersions" AS "t"
WHERE "t"."Version" = @__version_0
LIMIT 2
[09:05:25 INF] Executed DbCommand (0ms) [Parameters=[@__version_0='?' (DbType = Int64)], CommandType='Text', CommandTimeout='30']
SELECT "t"."Version", "t"."TaskType", "t"."FixedEnd"
FROM "TaskTypeStationRules" AS "t"
WHERE "t"."Version" = @__version_0
[09:05:25 INF] Executed DbCommand (0ms) [Parameters=[], CommandType='Text', CommandTimeout='30']
SELECT "a"."Id", "a"."ContentHash", "a"."DeploymentId", "a"."ImportedAt", "a"."Version"
FROM "AdmissionPolicyState" AS "a"
WHERE "a"."Id" = 1
LIMIT 2
[09:05:25 INF] Executed DbCommand (0ms) [Parameters=[], CommandType='Text', CommandTimeout='30']
SELECT "j"."JourneyId", "j"."AgvId", "j"."AgvLifecycleGeneration", "j"."AreaEndAdmissionRevokedSince", "j"."BlockReasonCode", "j"."BlockReasonSince", "j"."CargoHoldingStartedAt", "j"."ConsumedSafetyResultMessageId", "j"."ConsumedSublotMessageId", "j"."CreatedAt", "j"."DemandId", "j"."DispatchGeneration", "j"."DispatchZone", "j"."ExpectedBasketCount", "j"."FullSlotPositionsJson", "j"."GateMovementLegId", "j"."GatePlanMessageId", "j"."GateStationId", "j"."GateStationRiotId", "j"."GateUpperId", "j"."GateVehicleBusinessMessageId", "j"."GateWorklistMessageId", "j"."LoadCommandMessageId", "j"."LoadSlotOperationAttemptId", "j"."LoadingClosedReason", "j"."LoadingPhaseState", "j"."MapId", "j"."MapIdentity", "j"."OperationSessionId", "j"."PickupMovementLegId", "j"."PickupStationId", "j"."PickupStationRiotId", "j"."PickupUpperId", "j"."PlanMessageId", "j"."PlanRevision", "j"."PreDepartureSafetyCheckId", "j"."PreDepartureSafetyCheckMessageId", "j"."RouteEvidenceId", "j"."Stage", "j"."StationDepartureWaitStartedAt", "j"."SublotRequestMessageId", "j"."TargetSlotsJson", "j"."UnloadCommandMessageId", "j"."UnloadSlotOperationAttemptId", "j"."UpdatedAt", "j"."VehicleBusinessMessageId", "j"."VehicleBusinessRevision", "j"."VehicleKey", "j"."WorklistMessageId", "j"."WorklistRevision", "j"."YieldTriggeredAt", "j"."YieldTriggeredByVehicleKey"
FROM "JourneyRuntimes" AS "j"
WHERE "j"."Stage" <> 'Completed'
[09:05:25 INF] Executed DbCommand (0ms) [Parameters=[@__agvId_0='?' (Size = 10)], CommandType='Text', CommandTimeout='30']
SELECT "s"."AgvId", "s"."ActiveUnlockSlotsJson", "s"."CapabilityHash", "s"."CapabilityRevision", "s"."DepartureSafe", "s"."ForcedRecoveryGeneration", "s"."ManifestSha256", "s"."PendingAttemptIdsJson", "s"."PendingResultIdsJson", "s"."ProfileId", "s"."ProtocolCommit", "s"."ProtocolVersion", "s"."ProvenRecoveryCheckpoint", "s"."Readiness", "s"."ReasonCode", "s"."RecoveryReportId", "s"."ReportedForcedRecoveryGeneration", "s"."ReportedSlotConfigurationFingerprint", "s"."SafetyHash", "s"."SafetyReasonCodesJson", "s"."SafetyRevision", "s"."SafetyUnknownPresent", "s"."SessionGeneration", "s"."UnsettledSlotOperationAttemptId", "s"."UpdatedAt"
FROM "SessionRecoveries" AS "s"
WHERE "s"."AgvId" = @__agvId_0 AND "s"."Readiness" = 'Ready'
LIMIT 2
[09:05:25 INF] Executed DbCommand (0ms) [Parameters=[], CommandType='Text', CommandTimeout='30']
SELECT "p"."MessageId", "p"."AcknowledgedAt", "p"."CreatedAt", "p"."FencedAt", "p"."MessageType", "p"."PayloadJson"
FROM "ProtocolOutbox" AS "p"
WHERE "p"."AcknowledgedAt" IS NULL AND "p"."FencedAt" IS NULL
[09:05:25 ERR] Journey runtime iteration failed closed; no stage is inferred from memory.
System.IO.IOException: No recovered Onboard peer is connected for 'AGV-L2-001'.
   at ControlServer.Host.Transport.OnboardPeer.SendAsync(ReadOnlyMemory`1 ndjsonLine, CancellationToken cancellationToken) in C:\actions-runner\win11-01-control-server-desktop\_work\8005-agv-control-server\8005-agv-control-server\control-server\src\ControlServer.Host\Transport\OnboardPeer.cs:line 73
   at ControlServer.Host.Transport.OnboardJourneyPublisher.ReplayPendingForSessionAsync(String agvId, Int64 sessionGeneration, IReadOnlySet`1 allowedMessageIds, CancellationToken cancellationToken) in C:\actions-runner\win11-01-control-server-desktop\_work\8005-agv-control-server\8005-agv-control-server\control-server\src\ControlServer.Host\Transport\OnboardJourneyPublisher.cs:line 42
   at ControlServer.Host.Runtime.JourneyRuntimeEngine.AdvanceAsync(JourneyRuntimeRow runtime, RiotMapStationCatalogSnapshot currentMap, CancellationToken cancellationToken) in C:\actions-runner\win11-01-control-server-desktop\_work\8005-agv-control-server\8005-agv-control-server\control-server\src\ControlServer.Host\Runtime\JourneyRuntimeEngine.cs:line 448
   at ControlServer.Host.Runtime.JourneyRuntimeEngine.ExecuteOnceAsync(CancellationToken cancellationToken) in C:\actions-runner\win11-01-control-server-desktop\_work\8005-agv-control-server\8005-agv-control-server\control-server\src\ControlServer.Host\Runtime\JourneyRuntimeEngine.cs:line 322
   at ControlServer.Host.Runtime.JourneyRuntimeWorker.ExecuteAsync(CancellationToken stoppingToken) in C:\actions-runner\win11-01-control-server-desktop\_work\8005-agv-control-server\8005-agv-control-server\control-server\src\ControlServer.Host\Runtime\JourneyRuntimeWorker.cs:line 51
   at ControlServer.Host.Runtime.JourneyRuntimeWorker.ExecuteAsync(CancellationToken stoppingToken) in C:\actions-runner\win11-01-control-server-desktop\_work\8005-agv-control-server\8005-agv-control-server\control-server\src\ControlServer.Host\Runtime\JourneyRuntimeWorker.cs:line 51
[09:05:26 INF] Start processing HTTP request GET http://127.0.0.1:48408/api/task/v1/task/getVehicleInfo/BROKERX-L2-0001
[09:05:26 INF] Sending HTTP request GET http://127.0.0.1:48408/api/task/v1/task/getVehicleInfo/BROKERX-L2-0001
[09:05:26 INF] Received HTTP response headers after 0.7008ms - 200
[09:05:26 INF] End processing HTTP request after 16.2964ms - 200
[09:05:26 INF] Start processing HTTP request GET http://127.0.0.1:48408/api/order/v1/orderRecord?pageNum=1&pageSize=100&filterByState=1&filterByState=3&filterByState=7&filterByState=9
[09:05:26 INF] Sending HTTP request GET http://127.0.0.1:48408/api/order/v1/orderRecord?pageNum=1&pageSize=100&filterByState=1&filterByState=3&filterByState=7&filterByState=9
[09:05:26 INF] Received HTTP response headers after 0.7546ms - 200
[09:05:26 INF] End processing HTTP request after 17.1227ms - 200
[09:05:26 INF] HTTP GET /api/onboard/v1/vehicle-safety responded 200 in 36.0033 ms
[09:05:26 INF] Start processing HTTP request GET http://127.0.0.1:48408/api/imap/v1/mapInfo/stations/25
[09:05:26 INF] Sending HTTP request GET http://127.0.0.1:48408/api/imap/v1/mapInfo/stations/25
[09:05:26 INF] Received HTTP response headers after 1.0454ms - 200
[09:05:26 INF] End processing HTTP request after 16.85ms - 200
[09:05:26 INF] Executed DbCommand (0ms) [Parameters=[@__mapId_0='?' (DbType = Int32)], CommandType='Text', CommandTimeout='30']
SELECT "t"."MapId", "t"."ActiveVersion", "t"."PendingVersion", "t"."State", "t"."UpdatedAt"
FROM "TaskTypeStationActiveBindingSets" AS "t"
WHERE "t"."MapId" = @__mapId_0
LIMIT 2
[09:05:26 INF] Executed DbCommand (0ms) [Parameters=[@__mapId_0='?' (DbType = Int32), @__version_1='?' (DbType = Int64)], CommandType='Text', CommandTimeout='30']
SELECT "t"."MapId", "t"."Version", "t"."CatalogRevision", "t"."ContentSha256", "t"."LoadedAt", "t"."RuleVersion", "t"."SnapshotId", "t"."Source"
FROM "TaskTypeStationBindingSetVersions" AS "t"
WHERE "t"."MapId" = @__mapId_0 AND "t"."Version" = @__version_1
LIMIT 2
[09:05:26 INF] Executed DbCommand (0ms) [Parameters=[@__mapId_0='?' (DbType = Int32), @__version_1='?' (DbType = Int64)], CommandType='Text', CommandTimeout='30']
SELECT "t"."TaskType"
FROM "TaskTypeStationRequirements" AS "t"
WHERE "t"."MapId" = @__mapId_0 AND "t"."Version" = @__version_1
[09:05:26 INF] Executed DbCommand (0ms) [Parameters=[@__mapId_0='?' (DbType = Int32), @__version_1='?' (DbType = Int64)], CommandType='Text', CommandTimeout='30']
SELECT "t"."MapId", "t"."Version", "t"."TaskType", "t"."SiteVerificationRef", "t"."StationName", "t"."StationRiotId"
FROM "TaskTypeStationBindings" AS "t"
WHERE "t"."MapId" = @__mapId_0 AND "t"."Version" = @__version_1
[09:05:26 INF] Executed DbCommand (0ms) [Parameters=[@__version_0='?' (DbType = Int64)], CommandType='Text', CommandTimeout='30']
SELECT "t"."Version", "t"."ContentSha256", "t"."LoadedAt", "t"."SnapshotId", "t"."Source"
FROM "TaskTypeStationRuleVersions" AS "t"
WHERE "t"."Version" = @__version_0
LIMIT 2
[09:05:26 INF] Executed DbCommand (0ms) [Parameters=[@__version_0='?' (DbType = Int64)], CommandType='Text', CommandTimeout='30']
SELECT "t"."Version", "t"."TaskType", "t"."FixedEnd"
FROM "TaskTypeStationRules" AS "t"
WHERE "t"."Version" = @__version_0
[09:05:26 INF] Executed DbCommand (0ms) [Parameters=[@__mapId_0='?' (DbType = Int32)], CommandType='Text', CommandTimeout='30']
SELECT "t"."MapId", "t"."ActiveVersion", "t"."PendingVersion", "t"."State", "t"."UpdatedAt"
FROM "TaskTypeStationActiveBindingSets" AS "t"
WHERE "t"."MapId" = @__mapId_0
LIMIT 2
[09:05:26 INF] Executed DbCommand (0ms) [Parameters=[@__mapId_0='?' (DbType = Int32)], CommandType='Text', CommandTimeout='30']
SELECT "t"."HoldId", "t"."DetailJson", "t"."MapId", "t"."RaisedAt", "t"."RaisedBy", "t"."ReasonCode", "t"."ReleasedAt", "t"."ReleasedBy", "t"."Source", "t"."TaskType"
FROM "TaskTypeStationHolds" AS "t"
WHERE "t"."MapId" = @__mapId_0 AND "t"."ReleasedAt" IS NULL
[09:05:26 INF] Executed DbCommand (0ms) [Parameters=[@__mapId_0='?' (DbType = Int32)], CommandType='Text', CommandTimeout='30']
SELECT "m"."MapId", "m"."ApprovedMaxUnconfirmedSeconds", "m"."ApprovedSyncPeriodSeconds", "m"."CatalogRevision", "m"."LastAttemptAt", "m"."LastCompleteConfirmationAt", "m"."LastFailureReason", "m"."State", "m"."UpdatedAt"
FROM "MapStationCatalogStates" AS "m"
WHERE "m"."MapId" = @__mapId_0
LIMIT 2
[09:05:26 INF] Executed DbCommand (0ms) [Parameters=[@p3='?' (DbType = Int32), @p0='?' (DbType = DateTimeOffset), @p1='?' (DbType = DateTimeOffset), @p2='?' (DbType = DateTimeOffset)], CommandType='Text', CommandTimeout='30']
UPDATE "MapStationCatalogStates" SET "LastAttemptAt" = @p0, "LastCompleteConfirmationAt" = @p1, "UpdatedAt" = @p2
WHERE "MapId" = @p3
RETURNING 1;
[09:05:26 INF] Executed DbCommand (0ms) [Parameters=[@__mapId_0='?' (DbType = Int32)], CommandType='Text', CommandTimeout='30']
SELECT "t"."MapId", "t"."ActiveVersion", "t"."PendingVersion", "t"."State", "t"."UpdatedAt"
FROM "TaskTypeStationActiveBindingSets" AS "t"
WHERE "t"."MapId" = @__mapId_0
LIMIT 2
[09:05:26 INF] Executed DbCommand (0ms) [Parameters=[@__mapId_0='?' (DbType = Int32), @__version_1='?' (DbType = Int64)], CommandType='Text', CommandTimeout='30']
SELECT "t"."MapId", "t"."Version", "t"."CatalogRevision", "t"."ContentSha256", "t"."LoadedAt", "t"."RuleVersion", "t"."SnapshotId", "t"."Source"
FROM "TaskTypeStationBindingSetVersions" AS "t"
WHERE "t"."MapId" = @__mapId_0 AND "t"."Version" = @__version_1
LIMIT 2
[09:05:26 INF] Executed DbCommand (0ms) [Parameters=[@__mapId_0='?' (DbType = Int32), @__version_1='?' (DbType = Int64)], CommandType='Text', CommandTimeout='30']
SELECT "t"."TaskType"
FROM "TaskTypeStationRequirements" AS "t"
WHERE "t"."MapId" = @__mapId_0 AND "t"."Version" = @__version_1
[09:05:26 INF] Executed DbCommand (0ms) [Parameters=[@__mapId_0='?' (DbType = Int32), @__version_1='?' (DbType = Int64)], CommandType='Text', CommandTimeout='30']
SELECT "t"."MapId", "t"."Version", "t"."TaskType", "t"."SiteVerificationRef", "t"."StationName", "t"."StationRiotId"
FROM "TaskTypeStationBindings" AS "t"
WHERE "t"."MapId" = @__mapId_0 AND "t"."Version" = @__version_1
[09:05:26 INF] Executed DbCommand (0ms) [Parameters=[@__mapId_0='?' (DbType = Int32)], CommandType='Text', CommandTimeout='30']
SELECT "t"."MapId", "t"."ActiveVersion", "t"."PendingVersion", "t"."State", "t"."UpdatedAt"
FROM "TaskTypeStationActiveBindingSets" AS "t"
WHERE "t"."MapId" = @__mapId_0
LIMIT 2
[09:05:26 INF] Executed DbCommand (0ms) [Parameters=[@__mapId_0='?' (DbType = Int32), @__version_1='?' (DbType = Int64)], CommandType='Text', CommandTimeout='30']
SELECT "t"."MapId", "t"."Version", "t"."CatalogRevision", "t"."ContentSha256", "t"."LoadedAt", "t"."RuleVersion", "t"."SnapshotId", "t"."Source"
FROM "TaskTypeStationBindingSetVersions" AS "t"
WHERE "t"."MapId" = @__mapId_0 AND "t"."Version" = @__version_1
LIMIT 2
[09:05:26 INF] Executed DbCommand (0ms) [Parameters=[@__mapId_0='?' (DbType = Int32), @__version_1='?' (DbType = Int64)], CommandType='Text', CommandTimeout='30']
SELECT "t"."TaskType"
FROM "TaskTypeStationRequirements" AS "t"
WHERE "t"."MapId" = @__mapId_0 AND "t"."Version" = @__version_1
[09:05:26 INF] Executed DbCommand (0ms) [Parameters=[@__mapId_0='?' (DbType = Int32), @__version_1='?' (DbType = Int64)], CommandType='Text', CommandTimeout='30']
SELECT "t"."MapId", "t"."Version", "t"."TaskType", "t"."SiteVerificationRef", "t"."StationName", "t"."StationRiotId"
FROM "TaskTypeStationBindings" AS "t"
WHERE "t"."MapId" = @__mapId_0 AND "t"."Version" = @__version_1
[09:05:26 INF] Executed DbCommand (0ms) [Parameters=[@__version_0='?' (DbType = Int64)], CommandType='Text', CommandTimeout='30']
SELECT "t"."Version", "t"."ContentSha256", "t"."LoadedAt", "t"."SnapshotId", "t"."Source"
FROM "TaskTypeStationRuleVersions" AS "t"
WHERE "t"."Version" = @__version_0
LIMIT 2
[09:05:26 INF] Executed DbCommand (0ms) [Parameters=[@__messageId_0='?' (Size = 36)], CommandType='Text', CommandTimeout='30']
SELECT "p"."MessageId", "p"."ContentHash", "p"."FirstResponseJson", "p"."MessageType", "p"."ReceivedAt", "p"."RequestJson"
FROM "ProtocolInbox" AS "p"
WHERE "p"."MessageId" = @__messageId_0
LIMIT 2
[09:05:26 INF] Executed DbCommand (0ms) [Parameters=[@__version_0='?' (DbType = Int64)], CommandType='Text', CommandTimeout='30']
SELECT "t"."Version", "t"."TaskType", "t"."FixedEnd"
FROM "TaskTypeStationRules" AS "t"
WHERE "t"."Version" = @__version_0
[09:05:26 INF] Executed DbCommand (0ms) [Parameters=[@__agvId_0='?' (Size = 10)], CommandType='Text', CommandTimeout='30']
SELECT "s"."SessionGeneration"
FROM "SessionRecoveries" AS "s"
WHERE "s"."AgvId" = @__agvId_0
LIMIT 2
[09:05:26 INF] Executed DbCommand (0ms) [Parameters=[], CommandType='Text', CommandTimeout='30']
SELECT "a"."Id", "a"."ContentHash", "a"."DeploymentId", "a"."ImportedAt", "a"."Version"
FROM "AdmissionPolicyState" AS "a"
WHERE "a"."Id" = 1
LIMIT 2
[09:05:26 INF] Executed DbCommand (0ms) [Parameters=[@__identity_AgvId_0='?' (Size = 10)], CommandType='Text', CommandTimeout='30']
SELECT "s"."AgvId", "s"."ActiveUnlockSlotsJson", "s"."CapabilityHash", "s"."CapabilityRevision", "s"."DepartureSafe", "s"."ForcedRecoveryGeneration", "s"."ManifestSha256", "s"."PendingAttemptIdsJson", "s"."PendingResultIdsJson", "s"."ProfileId", "s"."ProtocolCommit", "s"."ProtocolVersion", "s"."ProvenRecoveryCheckpoint", "s"."Readiness", "s"."ReasonCode", "s"."RecoveryReportId", "s"."ReportedForcedRecoveryGeneration", "s"."ReportedSlotConfigurationFingerprint", "s"."SafetyHash", "s"."SafetyReasonCodesJson", "s"."SafetyRevision", "s"."SafetyUnknownPresent", "s"."SessionGeneration", "s"."UnsettledSlotOperationAttemptId", "s"."UpdatedAt"
FROM "SessionRecoveries" AS "s"
WHERE "s"."AgvId" = @__identity_AgvId_0
LIMIT 2
[09:05:26 INF] Executed DbCommand (0ms) [Parameters=[], CommandType='Text', CommandTimeout='30']
SELECT "j"."JourneyId", "j"."AgvId", "j"."AgvLifecycleGeneration", "j"."AreaEndAdmissionRevokedSince", "j"."BlockReasonCode", "j"."BlockReasonSince", "j"."CargoHoldingStartedAt", "j"."ConsumedSafetyResultMessageId", "j"."ConsumedSublotMessageId", "j"."CreatedAt", "j"."DemandId", "j"."DispatchGeneration", "j"."DispatchZone", "j"."ExpectedBasketCount", "j"."FullSlotPositionsJson", "j"."GateMovementLegId", "j"."GatePlanMessageId", "j"."GateStationId", "j"."GateStationRiotId", "j"."GateUpperId", "j"."GateVehicleBusinessMessageId", "j"."GateWorklistMessageId", "j"."LoadCommandMessageId", "j"."LoadSlotOperationAttemptId", "j"."LoadingClosedReason", "j"."LoadingPhaseState", "j"."MapId", "j"."MapIdentity", "j"."OperationSessionId", "j"."PickupMovementLegId", "j"."PickupStationId", "j"."PickupStationRiotId", "j"."PickupUpperId", "j"."PlanMessageId", "j"."PlanRevision", "j"."PreDepartureSafetyCheckId", "j"."PreDepartureSafetyCheckMessageId", "j"."RouteEvidenceId", "j"."Stage", "j"."StationDepartureWaitStartedAt", "j"."SublotRequestMessageId", "j"."TargetSlotsJson", "j"."UnloadCommandMessageId", "j"."UnloadSlotOperationAttemptId", "j"."UpdatedAt", "j"."VehicleBusinessMessageId", "j"."VehicleBusinessRevision", "j"."VehicleKey", "j"."WorklistMessageId", "j"."WorklistRevision", "j"."YieldTriggeredAt", "j"."YieldTriggeredByVehicleKey"
FROM "JourneyRuntimes" AS "j"
WHERE "j"."Stage" <> 'Completed'
[09:05:26 INF] Executed DbCommand (0ms) [Parameters=[@__identity_AgvId_0='?' (Size = 10)], CommandType='Text', CommandTimeout='30']
SELECT "j"."JourneyId", "j"."AgvId", "j"."AgvLifecycleGeneration", "j"."AreaEndAdmissionRevokedSince", "j"."BlockReasonCode", "j"."BlockReasonSince", "j"."CargoHoldingStartedAt", "j"."ConsumedSafetyResultMessageId", "j"."ConsumedSublotMessageId", "j"."CreatedAt", "j"."DemandId", "j"."DispatchGeneration", "j"."DispatchZone", "j"."ExpectedBasketCount", "j"."FullSlotPositionsJson", "j"."GateMovementLegId", "j"."GatePlanMessageId", "j"."GateStationId", "j"."GateStationRiotId", "j"."GateUpperId", "j"."GateVehicleBusinessMessageId", "j"."GateWorklistMessageId", "j"."LoadCommandMessageId", "j"."LoadSlotOperationAttemptId", "j"."LoadingClosedReason", "j"."LoadingPhaseState", "j"."MapId", "j"."MapIdentity", "j"."OperationSessionId", "j"."PickupMovementLegId", "j"."PickupStationId", "j"."PickupStationRiotId", "j"."PickupUpperId", "j"."PlanMessageId", "j"."PlanRevision", "j"."PreDepartureSafetyCheckId", "j"."PreDepartureSafetyCheckMessageId", "j"."RouteEvidenceId", "j"."Stage", "j"."StationDepartureWaitStartedAt", "j"."SublotRequestMessageId", "j"."TargetSlotsJson", "j"."UnloadCommandMessageId", "j"."UnloadSlotOperationAttemptId", "j"."UpdatedAt", "j"."VehicleBusinessMessageId", "j"."VehicleBusinessRevision", "j"."VehicleKey", "j"."WorklistMessageId", "j"."WorklistRevision", "j"."YieldTriggeredAt", "j"."YieldTriggeredByVehicleKey"
FROM "JourneyRuntimes" AS "j"
WHERE "j"."AgvId" = @__identity_AgvId_0 AND "j"."StationDepartureWaitStartedAt" IS NOT NULL
[09:05:26 INF] Executed DbCommand (0ms) [Parameters=[@__agvId_0='?' (Size = 10)], CommandType='Text', CommandTimeout='30']
SELECT "s"."AgvId", "s"."ActiveUnlockSlotsJson", "s"."CapabilityHash", "s"."CapabilityRevision", "s"."DepartureSafe", "s"."ForcedRecoveryGeneration", "s"."ManifestSha256", "s"."PendingAttemptIdsJson", "s"."PendingResultIdsJson", "s"."ProfileId", "s"."ProtocolCommit", "s"."ProtocolVersion", "s"."ProvenRecoveryCheckpoint", "s"."Readiness", "s"."ReasonCode", "s"."RecoveryReportId", "s"."ReportedForcedRecoveryGeneration", "s"."ReportedSlotConfigurationFingerprint", "s"."SafetyHash", "s"."SafetyReasonCodesJson", "s"."SafetyRevision", "s"."SafetyUnknownPresent", "s"."SessionGeneration", "s"."UnsettledSlotOperationAttemptId", "s"."UpdatedAt"
FROM "SessionRecoveries" AS "s"
WHERE "s"."AgvId" = @__agvId_0 AND "s"."Readiness" = 'Ready'
LIMIT 2
[09:05:26 INF] Executed DbCommand (0ms) [Parameters=[@p1='?' (Size = 44), @p0='?' (DbType = DateTimeOffset)], CommandType='Text', CommandTimeout='30']
UPDATE "JourneyRuntimes" SET "StationDepartureWaitStartedAt" = @p0
WHERE "JourneyId" = @p1
RETURNING 1;
[09:05:26 INF] Executed DbCommand (0ms) [Parameters=[], CommandType='Text', CommandTimeout='30']
SELECT "p"."MessageId", "p"."AcknowledgedAt", "p"."CreatedAt", "p"."FencedAt", "p"."MessageType", "p"."PayloadJson"
FROM "ProtocolOutbox" AS "p"
WHERE "p"."AcknowledgedAt" IS NULL AND "p"."FencedAt" IS NULL
[09:05:26 INF] Executed DbCommand (0ms) [Parameters=[@p11='?' (Size = 10), @p0='?', @p1='?' (DbType = Int64), @p2='?' (DbType = Boolean), @p3='?' (Size = 16), @p4='?' (Size = 20), @p5='?', @p6='?', @p7='?', @p8='?' (DbType = Int64), @p9='?' (DbType = Int64), @p10='?' (DbType = DateTimeOffset)], CommandType='Text', CommandTimeout='30']
UPDATE "SessionRecoveries" SET "CapabilityHash" = @p0, "CapabilityRevision" = @p1, "DepartureSafe" = @p2, "Readiness" = @p3, "ReasonCode" = @p4, "RecoveryReportId" = @p5, "ReportedSlotConfigurationFingerprint" = @p6, "SafetyHash" = @p7, "SafetyRevision" = @p8, "SessionGeneration" = @p9, "UpdatedAt" = @p10
WHERE "AgvId" = @p11
RETURNING 1;
[09:05:26 ERR] Journey runtime iteration failed closed; no stage is inferred from memory.
System.IO.IOException: No recovered Onboard peer is connected for 'AGV-L2-001'.
   at ControlServer.Host.Transport.OnboardPeer.SendAsync(ReadOnlyMemory`1 ndjsonLine, CancellationToken cancellationToken) in C:\actions-runner\win11-01-control-server-desktop\_work\8005-agv-control-server\8005-agv-control-server\control-server\src\ControlServer.Host\Transport\OnboardPeer.cs:line 73
   at ControlServer.Host.Transport.OnboardJourneyPublisher.ReplayPendingForSessionAsync(String agvId, Int64 sessionGeneration, IReadOnlySet`1 allowedMessageIds, CancellationToken cancellationToken) in C:\actions-runner\win11-01-control-server-desktop\_work\8005-agv-control-server\8005-agv-control-server\control-server\src\ControlServer.Host\Transport\OnboardJourneyPublisher.cs:line 42
   at ControlServer.Host.Runtime.JourneyRuntimeEngine.AdvanceAsync(JourneyRuntimeRow runtime, RiotMapStationCatalogSnapshot currentMap, CancellationToken cancellationToken) in C:\actions-runner\win11-01-control-server-desktop\_work\8005-agv-control-server\8005-agv-control-server\control-server\src\ControlServer.Host\Runtime\JourneyRuntimeEngine.cs:line 448
   at ControlServer.Host.Runtime.JourneyRuntimeEngine.ExecuteOnceAsync(CancellationToken cancellationToken) in C:\actions-runner\win11-01-control-server-desktop\_work\8005-agv-control-server\8005-agv-control-server\control-server\src\ControlServer.Host\Runtime\JourneyRuntimeEngine.cs:line 322
   at ControlServer.Host.Runtime.JourneyRuntimeWorker.ExecuteAsync(CancellationToken stoppingToken) in C:\actions-runner\win11-01-control-server-desktop\_work\8005-agv-control-server\8005-agv-control-server\control-server\src\ControlServer.Host\Runtime\JourneyRuntimeWorker.cs:line 51
   at ControlServer.Host.Runtime.JourneyRuntimeWorker.ExecuteAsync(CancellationToken stoppingToken) in C:\actions-runner\win11-01-control-server-desktop\_work\8005-agv-control-server\8005-agv-control-server\control-server\src\ControlServer.Host\Runtime\JourneyRuntimeWorker.cs:line 51
[09:05:26 INF] Executed DbCommand (0ms) [Parameters=[@p0='?' (Size = 36), @p1='?' (Size = 64), @p2='?' (Size = 1064), @p3='?' (Size = 12), @p4='?' (DbType = DateTimeOffset), @p5='?' (Size = 1075)], CommandType='Text', CommandTimeout='30']
INSERT INTO "ProtocolInbox" ("MessageId", "ContentHash", "FirstResponseJson", "MessageType", "ReceivedAt", "RequestJson")
VALUES (@p0, @p1, @p2, @p3, @p4, @p5);
[09:05:26 INF] Executed DbCommand (0ms) [Parameters=[@__messageId_0='?' (Size = 36)], CommandType='Text', CommandTimeout='30']
SELECT "p"."MessageId", "p"."ContentHash", "p"."FirstResponseJson", "p"."MessageType", "p"."ReceivedAt", "p"."RequestJson"
FROM "ProtocolInbox" AS "p"
WHERE "p"."MessageId" = @__messageId_0
LIMIT 2
[09:05:26 INF] Executed DbCommand (0ms) [Parameters=[@__agvId_0='?' (Size = 10)], CommandType='Text', CommandTimeout='30']
SELECT "a"."AgvId", "a"."ActivatedAt", "a"."ActivationId", "a"."ConfigurationVersion", "a"."Fingerprint", "a"."SlotModelVersionId", "a"."SnapshotId"
FROM "ActiveSlotConfigurations" AS "a"
WHERE "a"."AgvId" = @__agvId_0
LIMIT 1
[09:05:26 INF] Executed DbCommand (0ms) [Parameters=[@__agvId_0='?' (Size = 10)], CommandType='Text', CommandTimeout='30']
SELECT "a"."AgvId", "a"."ArchiveReason", "a"."ArchivedActiveSlotConfigurationFingerprint", "a"."ArchivedAt", "a"."ArchivedLifecycleGeneration"
FROM "AgvArchives" AS "a"
WHERE "a"."AgvId" = @__agvId_0
LIMIT 1
[09:05:26 INF] Executed DbCommand (0ms) [Parameters=[@__agvId_0='?' (Size = 10)], CommandType='Text', CommandTimeout='30']
SELECT "s"."AgvId", "s"."ActiveUnlockSlotsJson", "s"."CapabilityHash", "s"."CapabilityRevision", "s"."DepartureSafe", "s"."ForcedRecoveryGeneration", "s"."ManifestSha256", "s"."PendingAttemptIdsJson", "s"."PendingResultIdsJson", "s"."ProfileId", "s"."ProtocolCommit", "s"."ProtocolVersion", "s"."ProvenRecoveryCheckpoint", "s"."Readiness", "s"."ReasonCode", "s"."RecoveryReportId", "s"."ReportedForcedRecoveryGeneration", "s"."ReportedSlotConfigurationFingerprint", "s"."SafetyHash", "s"."SafetyReasonCodesJson", "s"."SafetyRevision", "s"."SafetyUnknownPresent", "s"."SessionGeneration", "s"."UnsettledSlotOperationAttemptId", "s"."UpdatedAt"
FROM "SessionRecoveries" AS "s"
WHERE "s"."AgvId" = @__agvId_0
LIMIT 2
[09:05:26 INF] Executed DbCommand (0ms) [Parameters=[@p4='?' (Size = 10), @p0='?' (Size = 64), @p1='?' (DbType = Int64), @p2='?' (Size = 64), @p3='?' (DbType = DateTimeOffset)], CommandType='Text', CommandTimeout='30']
UPDATE "SessionRecoveries" SET "CapabilityHash" = @p0, "CapabilityRevision" = @p1, "ReportedSlotConfigurationFingerprint" = @p2, "UpdatedAt" = @p3
WHERE "AgvId" = @p4
RETURNING 1;
[09:05:26 INF] Executed DbCommand (0ms) [Parameters=[@p0='?' (Size = 36), @p1='?' (Size = 64), @p2='?' (Size = 622), @p3='?' (Size = 18), @p4='?' (DbType = DateTimeOffset), @p5='?' (Size = 2072)], CommandType='Text', CommandTimeout='30']
INSERT INTO "ProtocolInbox" ("MessageId", "ContentHash", "FirstResponseJson", "MessageType", "ReceivedAt", "RequestJson")
VALUES (@p0, @p1, @p2, @p3, @p4, @p5);
[09:05:26 INF] Executed DbCommand (0ms) [Parameters=[@__messageId_0='?' (Size = 36)], CommandType='Text', CommandTimeout='30']
SELECT "p"."MessageId", "p"."ContentHash", "p"."FirstResponseJson", "p"."MessageType", "p"."ReceivedAt", "p"."RequestJson"
FROM "ProtocolInbox" AS "p"
WHERE "p"."MessageId" = @__messageId_0
LIMIT 2
[09:05:26 INF] Executed DbCommand (0ms) [Parameters=[@__agvId_0='?' (Size = 10)], CommandType='Text', CommandTimeout='30']
SELECT "s"."AgvId", "s"."ActiveUnlockSlotsJson", "s"."CapabilityHash", "s"."CapabilityRevision", "s"."DepartureSafe", "s"."ForcedRecoveryGeneration", "s"."ManifestSha256", "s"."PendingAttemptIdsJson", "s"."PendingResultIdsJson", "s"."ProfileId", "s"."ProtocolCommit", "s"."ProtocolVersion", "s"."ProvenRecoveryCheckpoint", "s"."Readiness", "s"."ReasonCode", "s"."RecoveryReportId", "s"."ReportedForcedRecoveryGeneration", "s"."ReportedSlotConfigurationFingerprint", "s"."SafetyHash", "s"."SafetyReasonCodesJson", "s"."SafetyRevision", "s"."SafetyUnknownPresent", "s"."SessionGeneration", "s"."UnsettledSlotOperationAttemptId", "s"."UpdatedAt"
FROM "SessionRecoveries" AS "s"
WHERE "s"."AgvId" = @__agvId_0
LIMIT 2
[09:05:26 INF] Executed DbCommand (0ms) [Parameters=[@p5='?' (Size = 10), @p0='?' (DbType = Boolean), @p1='?' (Size = 64), @p2='?' (Size = 2), @p3='?' (DbType = Int64), @p4='?' (DbType = DateTimeOffset)], CommandType='Text', CommandTimeout='30']
UPDATE "SessionRecoveries" SET "DepartureSafe" = @p0, "SafetyHash" = @p1, "SafetyReasonCodesJson" = @p2, "SafetyRevision" = @p3, "UpdatedAt" = @p4
WHERE "AgvId" = @p5
RETURNING 1;
[09:05:26 INF] Executed DbCommand (0ms) [Parameters=[@p0='?' (Size = 36), @p1='?' (Size = 64), @p2='?' (Size = 623), @p3='?' (Size = 19), @p4='?' (DbType = DateTimeOffset), @p5='?' (Size = 1971)], CommandType='Text', CommandTimeout='30']
INSERT INTO "ProtocolInbox" ("MessageId", "ContentHash", "FirstResponseJson", "MessageType", "ReceivedAt", "RequestJson")
VALUES (@p0, @p1, @p2, @p3, @p4, @p5);
[09:05:26 INF] Executed DbCommand (0ms) [Parameters=[@__messageId_0='?' (Size = 36)], CommandType='Text', CommandTimeout='30']
SELECT "p"."MessageId", "p"."ContentHash", "p"."FirstResponseJson", "p"."MessageType", "p"."ReceivedAt", "p"."RequestJson"
FROM "ProtocolInbox" AS "p"
WHERE "p"."MessageId" = @__messageId_0
LIMIT 2
[09:05:26 INF] Executed DbCommand (0ms) [Parameters=[@__agvId_0='?' (Size = 10)], CommandType='Text', CommandTimeout='30']
SELECT "o"."AlarmsJson"
FROM "OnboardAlarmSnapshots" AS "o"
WHERE "o"."AgvId" = @__agvId_0
LIMIT 1
[09:05:26 INF] Executed DbCommand (0ms) [Parameters=[@__snapshot_AgvId_0='?' (Size = 10)], CommandType='Text', CommandTimeout='30']
SELECT "o"."AgvId", "o"."AlarmsJson", "o"."CapturedAt", "o"."ReceivedAt", "o"."SessionGeneration", "o"."SnapshotSequence"
FROM "OnboardAlarmSnapshots" AS "o"
WHERE "o"."AgvId" = @__snapshot_AgvId_0
LIMIT 1
[09:05:26 INF] Executed DbCommand (0ms) [Parameters=[@p4='?' (Size = 10), @p0='?' (DbType = DateTimeOffset), @p1='?' (DbType = DateTimeOffset), @p2='?' (DbType = Int64), @p3='?' (DbType = Int64)], CommandType='Text', CommandTimeout='30']
UPDATE "OnboardAlarmSnapshots" SET "CapturedAt" = @p0, "ReceivedAt" = @p1, "SessionGeneration" = @p2, "SnapshotSequence" = @p3
WHERE "AgvId" = @p4
RETURNING 1;
[09:05:26 INF] Executed DbCommand (0ms) [Parameters=[@__agvId_0='?' (Size = 10)], CommandType='Text', CommandTimeout='30']
SELECT "o"."AlarmsJson"
FROM "OnboardAlarmSnapshots" AS "o"
WHERE "o"."AgvId" = @__agvId_0
LIMIT 1
[09:05:26 INF] Executed DbCommand (0ms) [Parameters=[@p0='?' (Size = 36), @p1='?' (Size = 64), @p2='?' (Size = 625), @p3='?' (Size = 20), @p4='?' (DbType = DateTimeOffset), @p5='?' (Size = 485)], CommandType='Text', CommandTimeout='30']
INSERT INTO "ProtocolInbox" ("MessageId", "ContentHash", "FirstResponseJson", "MessageType", "ReceivedAt", "RequestJson")
VALUES (@p0, @p1, @p2, @p3, @p4, @p5);
[09:05:26 INF] Executed DbCommand (0ms) [Parameters=[@__messageId_0='?' (Size = 36)], CommandType='Text', CommandTimeout='30']
SELECT "p"."MessageId", "p"."ContentHash", "p"."FirstResponseJson", "p"."MessageType", "p"."ReceivedAt", "p"."RequestJson"
FROM "ProtocolInbox" AS "p"
WHERE "p"."MessageId" = @__messageId_0
LIMIT 2
[09:05:26 INF] Executed DbCommand (0ms) [Parameters=[@__agvId_0='?' (Size = 10)], CommandType='Text', CommandTimeout='30']
SELECT "s"."AgvId", "s"."ActiveUnlockSlotsJson", "s"."CapabilityHash", "s"."CapabilityRevision", "s"."DepartureSafe", "s"."ForcedRecoveryGeneration", "s"."ManifestSha256", "s"."PendingAttemptIdsJson", "s"."PendingResultIdsJson", "s"."ProfileId", "s"."ProtocolCommit", "s"."ProtocolVersion", "s"."ProvenRecoveryCheckpoint", "s"."Readiness", "s"."ReasonCode", "s"."RecoveryReportId", "s"."ReportedForcedRecoveryGeneration", "s"."ReportedSlotConfigurationFingerprint", "s"."SafetyHash", "s"."SafetyReasonCodesJson", "s"."SafetyRevision", "s"."SafetyUnknownPresent", "s"."SessionGeneration", "s"."UnsettledSlotOperationAttemptId", "s"."UpdatedAt"
FROM "SessionRecoveries" AS "s"
WHERE "s"."AgvId" = @__agvId_0
LIMIT 2
[09:05:26 INF] Executed DbCommand (0ms) [Parameters=[@__agvId_0='?' (Size = 10)], CommandType='Text', CommandTimeout='30']
SELECT "v"."ForcedRecoveryGeneration"
FROM "VehicleRecoveryGenerations" AS "v"
WHERE "v"."AgvId" = @__agvId_0
LIMIT 2
[09:05:26 INF] Executed DbCommand (0ms) [Parameters=[@__pending_0='?' (Size = 40)], CommandType='Text', CommandTimeout='30']
SELECT "s"."SlotOperationAttemptId"
FROM "StationOperations" AS "s"
WHERE "s"."SlotOperationAttemptId" IN (
    SELECT "p"."value"
    FROM json_each(@__pending_0) AS "p"
) AND "s"."Status" IN ('Committed', 'Failed', 'Cancelled')
[09:05:26 INF] Executed DbCommand (0ms) [Parameters=[@p7='?' (Size = 10), @p0='?' (Size = 3), @p1='?' (Size = 40), @p2='?' (Size = 17), @p3='?' (Size = 31), @p4='?' (Size = 36), @p5='?' (Size = 36), @p6='?' (DbType = DateTimeOffset)], CommandType='Text', CommandTimeout='30']
UPDATE "SessionRecoveries" SET "ActiveUnlockSlotsJson" = @p0, "PendingAttemptIdsJson" = @p1, "ProvenRecoveryCheckpoint" = @p2, "ReasonCode" = @p3, "RecoveryReportId" = @p4, "UnsettledSlotOperationAttemptId" = @p5, "UpdatedAt" = @p6
WHERE "AgvId" = @p7
RETURNING 1;
[09:05:26 INF] Executed DbCommand (0ms) [Parameters=[@__agvId_0='?' (Size = 10)], CommandType='Text', CommandTimeout='30']
SELECT "s"."AgvId", "s"."ActiveUnlockSlotsJson", "s"."CapabilityHash", "s"."CapabilityRevision", "s"."DepartureSafe", "s"."ForcedRecoveryGeneration", "s"."ManifestSha256", "s"."PendingAttemptIdsJson", "s"."PendingResultIdsJson", "s"."ProfileId", "s"."ProtocolCommit", "s"."ProtocolVersion", "s"."ProvenRecoveryCheckpoint", "s"."Readiness", "s"."ReasonCode", "s"."RecoveryReportId", "s"."ReportedForcedRecoveryGeneration", "s"."ReportedSlotConfigurationFingerprint", "s"."SafetyHash", "s"."SafetyReasonCodesJson", "s"."SafetyRevision", "s"."SafetyUnknownPresent", "s"."SessionGeneration", "s"."UnsettledSlotOperationAttemptId", "s"."UpdatedAt"
FROM "SessionRecoveries" AS "s"
WHERE "s"."AgvId" = @__agvId_0
LIMIT 2
[09:05:26 INF] Executed DbCommand (0ms) [Parameters=[@__agvId_0='?' (Size = 10)], CommandType='Text', CommandTimeout='30']
SELECT EXISTS (
    SELECT 1
    FROM "StationOperations" AS "s"
    INNER JOIN (
        SELECT "j"."JourneyId", "j"."DemandId", "j"."AddedAt", "j"."DispatchGeneration", "j"."DispatchZone", "j"."DispatchZoneParameterVersion", "j"."ExpectedBasketCount", "j"."LoadCommandMessageId", "j"."LoadSlotOperationAttemptId", "j"."LoadedSlotsJson", "j"."PickupStopId", "j"."RemovalReason", "j"."RemovedAt", "j"."Status", "j"."TargetSlotsJson", "j"."UnloadCommandMessageId", "j"."UnloadSlotOperationAttemptId", "j"."UnloadStopId"
        FROM "JourneyDemands" AS "j"
        WHERE "j"."RemovedAt" IS NULL
    ) AS "t" ON "s"."DemandId" = "t"."DemandId"
    INNER JOIN "JourneyRuntimes" AS "j0" ON "t"."JourneyId" = "j0"."JourneyId"
    WHERE "j0"."AgvId" = @__agvId_0 AND "s"."Status" = 'RecoveryRequired')
[09:05:26 INF] Executed DbCommand (0ms) [Parameters=[@__agvId_0='?' (Size = 10)], CommandType='Text', CommandTimeout='30']
SELECT EXISTS (
    SELECT 1
    FROM "RecoveryWorkflows" AS "r"
    WHERE "r"."AgvId" = @__agvId_0 AND "r"."WorkflowType" = 'FORCED_MECHANICAL_RECOVERY' AND "r"."State" <> 'HistoricalOnly' AND NOT EXISTS (
        SELECT 1
        FROM "HardwareRecoveryRecords" AS "h"
        WHERE "h"."RecoveryActionId" = "r"."WorkflowId"))
[09:05:26 INF] Executed DbCommand (0ms) [Parameters=[@__agvId_0='?' (Size = 10)], CommandType='Text', CommandTimeout='30']
SELECT "a"."AgvId", "a"."ActivatedAt", "a"."ActivationId", "a"."ConfigurationVersion", "a"."Fingerprint", "a"."SlotModelVersionId", "a"."SnapshotId"
FROM "ActiveSlotConfigurations" AS "a"
WHERE "a"."AgvId" = @__agvId_0
LIMIT 1
[09:05:26 INF] Executed DbCommand (0ms) [Parameters=[@p2='?' (Size = 10), @p0='?' (Size = 36), @p1='?' (DbType = DateTimeOffset)], CommandType='Text', CommandTimeout='30']
UPDATE "SessionRecoveries" SET "ReasonCode" = @p0, "UpdatedAt" = @p1
WHERE "AgvId" = @p2
RETURNING 1;
[09:05:26 INF] Executed DbCommand (0ms) [Parameters=[@p0='?' (Size = 36), @p1='?' (Size = 64), @p2='?' (Size = 1275), @p3='?' (Size = 19), @p4='?' (DbType = DateTimeOffset), @p5='?' (Size = 779)], CommandType='Text', CommandTimeout='30']
INSERT INTO "ProtocolInbox" ("MessageId", "ContentHash", "FirstResponseJson", "MessageType", "ReceivedAt", "RequestJson")
VALUES (@p0, @p1, @p2, @p3, @p4, @p5);
[09:05:27 INF] Executed DbCommand (0ms) [Parameters=[@__agvId_0='?' (Size = 10)], CommandType='Text', CommandTimeout='30']
SELECT "r"."CommandMessageId"
FROM "RecoveryWorkflows" AS "r"
WHERE "r"."AgvId" = @__agvId_0 AND "r"."CommandMessageId" IS NOT NULL AND "r"."State" <> 'Reconciled' AND "r"."State" <> 'HistoricalOnly'
[09:05:27 INF] Executed DbCommand (0ms) [Parameters=[], CommandType='Text', CommandTimeout='30']
SELECT "p"."MessageId", "p"."AcknowledgedAt", "p"."CreatedAt", "p"."FencedAt", "p"."MessageType", "p"."PayloadJson"
FROM "ProtocolOutbox" AS "p"
WHERE "p"."MessageType" = 'ExceptionRecoverySessionSnapshot' AND "p"."AcknowledgedAt" IS NULL AND "p"."FencedAt" IS NULL
[09:05:27 INF] Executed DbCommand (0ms) [Parameters=[@__agvId_0='?' (Size = 10)], CommandType='Text', CommandTimeout='30']
SELECT "s"."ActivationId", "s"."AgvId", "s"."CommandMessageId", "s"."ConfigurationVersion", "s"."Fingerprint", "s"."IssuedAt", "s"."Kind", "s"."RecoveryRole", "s"."ResultJson", "s"."ResultReceivedAt", "s"."RolledBackToVersion", "s"."SlotModelVersionId", "s"."SnapshotId", "s"."State"
FROM "SlotConfigurationActivations" AS "s"
WHERE "s"."AgvId" = @__agvId_0 AND "s"."State" = 'PENDING_RESULT' AND "s"."RecoveryRole" = 'SLOT_CONFIGURATION'
[09:05:27 INF] Start processing HTTP request GET http://127.0.0.1:48408/api/task/v1/task/getVehicleInfo/BROKERX-L2-0001
[09:05:27 INF] Sending HTTP request GET http://127.0.0.1:48408/api/task/v1/task/getVehicleInfo/BROKERX-L2-0001
[09:05:27 INF] Received HTTP response headers after 0.6918ms - 200
[09:05:27 INF] End processing HTTP request after 4.0446ms - 200
[09:05:27 INF] Start processing HTTP request GET http://127.0.0.1:48408/api/order/v1/orderRecord?pageNum=1&pageSize=100&filterByState=1&filterByState=3&filterByState=7&filterByState=9
[09:05:27 INF] Sending HTTP request GET http://127.0.0.1:48408/api/order/v1/orderRecord?pageNum=1&pageSize=100&filterByState=1&filterByState=3&filterByState=7&filterByState=9
[09:05:27 INF] Received HTTP response headers after 0.7227ms - 200
[09:05:27 INF] End processing HTTP request after 56.0137ms - 200
[09:05:27 INF] HTTP GET /api/onboard/v1/vehicle-safety responded 200 in 93.3697 ms
[09:05:27 INF] Executed DbCommand (0ms) [Parameters=[@__messageId_0='?' (Size = 36)], CommandType='Text', CommandTimeout='30']
SELECT "p"."MessageId", "p"."ContentHash", "p"."FirstResponseJson", "p"."MessageType", "p"."ReceivedAt", "p"."RequestJson"
FROM "ProtocolInbox" AS "p"
WHERE "p"."MessageId" = @__messageId_0
LIMIT 2
[09:05:27 INF] Executed DbCommand (0ms) [Parameters=[@__agvId_0='?' (Size = 10)], CommandType='Text', CommandTimeout='30']
SELECT "o"."AlarmsJson"
FROM "OnboardAlarmSnapshots" AS "o"
WHERE "o"."AgvId" = @__agvId_0
LIMIT 1
[09:05:27 INF] Executed DbCommand (0ms) [Parameters=[@__snapshot_AgvId_0='?' (Size = 10)], CommandType='Text', CommandTimeout='30']
SELECT "o"."AgvId", "o"."AlarmsJson", "o"."CapturedAt", "o"."ReceivedAt", "o"."SessionGeneration", "o"."SnapshotSequence"
FROM "OnboardAlarmSnapshots" AS "o"
WHERE "o"."AgvId" = @__snapshot_AgvId_0
LIMIT 1
[09:05:27 INF] Executed DbCommand (0ms) [Parameters=[@p4='?' (Size = 10), @p0='?' (Size = 423), @p1='?' (DbType = DateTimeOffset), @p2='?' (DbType = DateTimeOffset), @p3='?' (DbType = Int64)], CommandType='Text', CommandTimeout='30']
UPDATE "OnboardAlarmSnapshots" SET "AlarmsJson" = @p0, "CapturedAt" = @p1, "ReceivedAt" = @p2, "SnapshotSequence" = @p3
WHERE "AgvId" = @p4
RETURNING 1;
[09:05:27 INF] Executed DbCommand (0ms) [Parameters=[@__agvId_0='?' (Size = 10)], CommandType='Text', CommandTimeout='30']
SELECT "o"."AlarmsJson"
FROM "OnboardAlarmSnapshots" AS "o"
WHERE "o"."AgvId" = @__agvId_0
LIMIT 1
[09:05:27 INF] Executed DbCommand (0ms) [Parameters=[@p0='?' (Size = 36), @p1='?' (Size = 64), @p2='?' (Size = 625), @p3='?' (Size = 20), @p4='?' (DbType = DateTimeOffset), @p5='?' (Size = 845)], CommandType='Text', CommandTimeout='30']
INSERT INTO "ProtocolInbox" ("MessageId", "ContentHash", "FirstResponseJson", "MessageType", "ReceivedAt", "RequestJson")
VALUES (@p0, @p1, @p2, @p3, @p4, @p5);
[09:05:27 INF] Start processing HTTP request GET http://127.0.0.1:48408/api/imap/v1/mapInfo/stations/25
[09:05:27 INF] Sending HTTP request GET http://127.0.0.1:48408/api/imap/v1/mapInfo/stations/25
[09:05:27 INF] Executed DbCommand (0ms) [Parameters=[@__messageId_0='?' (Size = 36)], CommandType='Text', CommandTimeout='30']
SELECT "p"."MessageId", "p"."ContentHash", "p"."FirstResponseJson", "p"."MessageType", "p"."ReceivedAt", "p"."RequestJson"
FROM "ProtocolInbox" AS "p"
WHERE "p"."MessageId" = @__messageId_0
LIMIT 2
[09:05:27 INF] Received HTTP response headers after 0.7663ms - 200
[09:05:27 INF] Executed DbCommand (0ms) [Parameters=[@__agvId_0='?' (Size = 10)], CommandType='Text', CommandTimeout='30']
SELECT "s"."AgvId", "s"."ActiveUnlockSlotsJson", "s"."CapabilityHash", "s"."CapabilityRevision", "s"."DepartureSafe", "s"."ForcedRecoveryGeneration", "s"."ManifestSha256", "s"."PendingAttemptIdsJson", "s"."PendingResultIdsJson", "s"."ProfileId", "s"."ProtocolCommit", "s"."ProtocolVersion", "s"."ProvenRecoveryCheckpoint", "s"."Readiness", "s"."ReasonCode", "s"."RecoveryReportId", "s"."ReportedForcedRecoveryGeneration", "s"."ReportedSlotConfigurationFingerprint", "s"."SafetyHash", "s"."SafetyReasonCodesJson", "s"."SafetyRevision", "s"."SafetyUnknownPresent", "s"."SessionGeneration", "s"."UnsettledSlotOperationAttemptId", "s"."UpdatedAt"
FROM "SessionRecoveries" AS "s"
WHERE "s"."AgvId" = @__agvId_0
LIMIT 2
[09:05:27 INF] End processing HTTP request after 174.8315ms - 200
[09:05:27 INF] Executed DbCommand (0ms) [Parameters=[@p4='?' (Size = 10), @p0='?' (Size = 20), @p1='?' (Size = 64), @p2='?' (DbType = Int64), @p3='?' (DbType = DateTimeOffset)], CommandType='Text', CommandTimeout='30']
UPDATE "SessionRecoveries" SET "ReasonCode" = @p0, "SafetyHash" = @p1, "SafetyRevision" = @p2, "UpdatedAt" = @p3
WHERE "AgvId" = @p4
RETURNING 1;
[09:05:27 INF] Executed DbCommand (0ms) [Parameters=[@__mapId_0='?' (DbType = Int32)], CommandType='Text', CommandTimeout='30']
SELECT "t"."MapId", "t"."ActiveVersion", "t"."PendingVersion", "t"."State", "t"."UpdatedAt"
FROM "TaskTypeStationActiveBindingSets" AS "t"
WHERE "t"."MapId" = @__mapId_0
LIMIT 2
[09:05:27 INF] Executed DbCommand (0ms) [Parameters=[@__agvId_0='?' (Size = 10)], CommandType='Text', CommandTimeout='30']
SELECT "s"."AgvId", "s"."ActiveUnlockSlotsJson", "s"."CapabilityHash", "s"."CapabilityRevision", "s"."DepartureSafe", "s"."ForcedRecoveryGeneration", "s"."ManifestSha256", "s"."PendingAttemptIdsJson", "s"."PendingResultIdsJson", "s"."ProfileId", "s"."ProtocolCommit", "s"."ProtocolVersion", "s"."ProvenRecoveryCheckpoint", "s"."Readiness", "s"."ReasonCode", "s"."RecoveryReportId", "s"."ReportedForcedRecoveryGeneration", "s"."ReportedSlotConfigurationFingerprint", "s"."SafetyHash", "s"."SafetyReasonCodesJson", "s"."SafetyRevision", "s"."SafetyUnknownPresent", "s"."SessionGeneration", "s"."UnsettledSlotOperationAttemptId", "s"."UpdatedAt"
FROM "SessionRecoveries" AS "s"
WHERE "s"."AgvId" = @__agvId_0
LIMIT 2
[09:05:27 INF] Executed DbCommand (0ms) [Parameters=[@__mapId_0='?' (DbType = Int32), @__version_1='?' (DbType = Int64)], CommandType='Text', CommandTimeout='30']
SELECT "t"."MapId", "t"."Version", "t"."CatalogRevision", "t"."ContentSha256", "t"."LoadedAt", "t"."RuleVersion", "t"."SnapshotId", "t"."Source"
FROM "TaskTypeStationBindingSetVersions" AS "t"
WHERE "t"."MapId" = @__mapId_0 AND "t"."Version" = @__version_1
LIMIT 2
[09:05:27 INF] Executed DbCommand (0ms) [Parameters=[@__agvId_0='?' (Size = 10)], CommandType='Text', CommandTimeout='30']
SELECT EXISTS (
    SELECT 1
    FROM "StationOperations" AS "s"
    INNER JOIN (
        SELECT "j"."JourneyId", "j"."DemandId", "j"."AddedAt", "j"."DispatchGeneration", "j"."DispatchZone", "j"."DispatchZoneParameterVersion", "j"."ExpectedBasketCount", "j"."LoadCommandMessageId", "j"."LoadSlotOperationAttemptId", "j"."LoadedSlotsJson", "j"."PickupStopId", "j"."RemovalReason", "j"."RemovedAt", "j"."Status", "j"."TargetSlotsJson", "j"."UnloadCommandMessageId", "j"."UnloadSlotOperationAttemptId", "j"."UnloadStopId"
        FROM "JourneyDemands" AS "j"
        WHERE "j"."RemovedAt" IS NULL
    ) AS "t" ON "s"."DemandId" = "t"."DemandId"
    INNER JOIN "JourneyRuntimes" AS "j0" ON "t"."JourneyId" = "j0"."JourneyId"
    WHERE "j0"."AgvId" = @__agvId_0 AND "s"."Status" = 'RecoveryRequired')
[09:05:27 INF] Executed DbCommand (0ms) [Parameters=[@__mapId_0='?' (DbType = Int32), @__version_1='?' (DbType = Int64)], CommandType='Text', CommandTimeout='30']
SELECT "t"."TaskType"
FROM "TaskTypeStationRequirements" AS "t"
WHERE "t"."MapId" = @__mapId_0 AND "t"."Version" = @__version_1
[09:05:27 INF] Executed DbCommand (0ms) [Parameters=[@__agvId_0='?' (Size = 10)], CommandType='Text', CommandTimeout='30']
SELECT EXISTS (
    SELECT 1
    FROM "RecoveryWorkflows" AS "r"
    WHERE "r"."AgvId" = @__agvId_0 AND "r"."WorkflowType" = 'FORCED_MECHANICAL_RECOVERY' AND "r"."State" <> 'HistoricalOnly' AND NOT EXISTS (
        SELECT 1
        FROM "HardwareRecoveryRecords" AS "h"
        WHERE "h"."RecoveryActionId" = "r"."WorkflowId"))
[09:05:27 INF] Executed DbCommand (0ms) [Parameters=[@__mapId_0='?' (DbType = Int32), @__version_1='?' (DbType = Int64)], CommandType='Text', CommandTimeout='30']
SELECT "t"."MapId", "t"."Version", "t"."TaskType", "t"."SiteVerificationRef", "t"."StationName", "t"."StationRiotId"
FROM "TaskTypeStationBindings" AS "t"
WHERE "t"."MapId" = @__mapId_0 AND "t"."Version" = @__version_1
[09:05:27 INF] Executed DbCommand (0ms) [Parameters=[@__agvId_0='?' (Size = 10)], CommandType='Text', CommandTimeout='30']
SELECT "a"."AgvId", "a"."ActivatedAt", "a"."ActivationId", "a"."ConfigurationVersion", "a"."Fingerprint", "a"."SlotModelVersionId", "a"."SnapshotId"
FROM "ActiveSlotConfigurations" AS "a"
WHERE "a"."AgvId" = @__agvId_0
LIMIT 1
[09:05:27 INF] Executed DbCommand (0ms) [Parameters=[@__version_0='?' (DbType = Int64)], CommandType='Text', CommandTimeout='30']
SELECT "t"."Version", "t"."ContentSha256", "t"."LoadedAt", "t"."SnapshotId", "t"."Source"
FROM "TaskTypeStationRuleVersions" AS "t"
WHERE "t"."Version" = @__version_0
LIMIT 2
[09:05:27 INF] Executed DbCommand (0ms) [Parameters=[@p2='?' (Size = 10), @p0='?' (Size = 36), @p1='?' (DbType = DateTimeOffset)], CommandType='Text', CommandTimeout='30']
UPDATE "SessionRecoveries" SET "ReasonCode" = @p0, "UpdatedAt" = @p1
WHERE "AgvId" = @p2
RETURNING 1;
[09:05:27 INF] Executed DbCommand (0ms) [Parameters=[@__version_0='?' (DbType = Int64)], CommandType='Text', CommandTimeout='30']
SELECT "t"."Version", "t"."TaskType", "t"."FixedEnd"
FROM "TaskTypeStationRules" AS "t"
WHERE "t"."Version" = @__version_0
[09:05:27 INF] Executed DbCommand (0ms) [Parameters=[@__agvId_0='?' (Size = 10)], CommandType='Text', CommandTimeout='30']
SELECT "o"."AlarmsJson"
FROM "OnboardAlarmSnapshots" AS "o"
WHERE "o"."AgvId" = @__agvId_0
LIMIT 1
[09:05:27 INF] Executed DbCommand (0ms) [Parameters=[@__mapId_0='?' (DbType = Int32)], CommandType='Text', CommandTimeout='30']
SELECT "t"."MapId", "t"."ActiveVersion", "t"."PendingVersion", "t"."State", "t"."UpdatedAt"
FROM "TaskTypeStationActiveBindingSets" AS "t"
WHERE "t"."MapId" = @__mapId_0
LIMIT 2
[09:05:27 INF] Executed DbCommand (0ms) [Parameters=[@p0='?' (Size = 36), @p1='?' (Size = 64), @p2='?' (Size = 1274), @p3='?' (Size = 18), @p4='?' (DbType = DateTimeOffset), @p5='?' (Size = 653)], CommandType='Text', CommandTimeout='30']
INSERT INTO "ProtocolInbox" ("MessageId", "ContentHash", "FirstResponseJson", "MessageType", "ReceivedAt", "RequestJson")
VALUES (@p0, @p1, @p2, @p3, @p4, @p5);
[09:05:27 INF] Executed DbCommand (0ms) [Parameters=[@__mapId_0='?' (DbType = Int32)], CommandType='Text', CommandTimeout='30']
SELECT "t"."HoldId", "t"."DetailJson", "t"."MapId", "t"."RaisedAt", "t"."RaisedBy", "t"."ReasonCode", "t"."ReleasedAt", "t"."ReleasedBy", "t"."Source", "t"."TaskType"
FROM "TaskTypeStationHolds" AS "t"
WHERE "t"."MapId" = @__mapId_0 AND "t"."ReleasedAt" IS NULL
[09:05:27 INF] Executed DbCommand (0ms) [Parameters=[@__mapId_0='?' (DbType = Int32)], CommandType='Text', CommandTimeout='30']
SELECT "m"."MapId", "m"."ApprovedMaxUnconfirmedSeconds", "m"."ApprovedSyncPeriodSeconds", "m"."CatalogRevision", "m"."LastAttemptAt", "m"."LastCompleteConfirmationAt", "m"."LastFailureReason", "m"."State", "m"."UpdatedAt"
FROM "MapStationCatalogStates" AS "m"
WHERE "m"."MapId" = @__mapId_0
LIMIT 2
[09:05:27 INF] Executed DbCommand (0ms) [Parameters=[@__messageId_0='?' (Size = 36)], CommandType='Text', CommandTimeout='30']
SELECT "p"."MessageId", "p"."ContentHash", "p"."FirstResponseJson", "p"."MessageType", "p"."ReceivedAt", "p"."RequestJson"
FROM "ProtocolInbox" AS "p"
WHERE "p"."MessageId" = @__messageId_0
LIMIT 2
[09:05:27 INF] Executed DbCommand (0ms) [Parameters=[@p3='?' (DbType = Int32), @p0='?' (DbType = DateTimeOffset), @p1='?' (DbType = DateTimeOffset), @p2='?' (DbType = DateTimeOffset)], CommandType='Text', CommandTimeout='30']
UPDATE "MapStationCatalogStates" SET "LastAttemptAt" = @p0, "LastCompleteConfirmationAt" = @p1, "UpdatedAt" = @p2
WHERE "MapId" = @p3
RETURNING 1;
[09:05:27 INF] Executed DbCommand (0ms) [Parameters=[@__mapId_0='?' (DbType = Int32)], CommandType='Text', CommandTimeout='30']
SELECT "t"."MapId", "t"."ActiveVersion", "t"."PendingVersion", "t"."State", "t"."UpdatedAt"
FROM "TaskTypeStationActiveBindingSets" AS "t"
WHERE "t"."MapId" = @__mapId_0
LIMIT 2
[09:05:27 INF] Executed DbCommand (0ms) [Parameters=[@__mapId_0='?' (DbType = Int32), @__version_1='?' (DbType = Int64)], CommandType='Text', CommandTimeout='30']
SELECT "t"."MapId", "t"."Version", "t"."CatalogRevision", "t"."ContentSha256", "t"."LoadedAt", "t"."RuleVersion", "t"."SnapshotId", "t"."Source"
FROM "TaskTypeStationBindingSetVersions" AS "t"
WHERE "t"."MapId" = @__mapId_0 AND "t"."Version" = @__version_1
LIMIT 2
[09:05:27 INF] Executed DbCommand (0ms) [Parameters=[@__mapId_0='?' (DbType = Int32), @__version_1='?' (DbType = Int64)], CommandType='Text', CommandTimeout='30']
SELECT "t"."TaskType"
FROM "TaskTypeStationRequirements" AS "t"
WHERE "t"."MapId" = @__mapId_0 AND "t"."Version" = @__version_1
[09:05:27 INF] Executed DbCommand (0ms) [Parameters=[@__mapId_0='?' (DbType = Int32), @__version_1='?' (DbType = Int64)], CommandType='Text', CommandTimeout='30']
SELECT "t"."MapId", "t"."Version", "t"."TaskType", "t"."SiteVerificationRef", "t"."StationName", "t"."StationRiotId"
FROM "TaskTypeStationBindings" AS "t"
WHERE "t"."MapId" = @__mapId_0 AND "t"."Version" = @__version_1
[09:05:27 INF] Executed DbCommand (0ms) [Parameters=[@__mapId_0='?' (DbType = Int32)], CommandType='Text', CommandTimeout='30']
SELECT "t"."MapId", "t"."ActiveVersion", "t"."PendingVersion", "t"."State", "t"."UpdatedAt"
FROM "TaskTypeStationActiveBindingSets" AS "t"
WHERE "t"."MapId" = @__mapId_0
LIMIT 2
[09:05:27 INF] Executed DbCommand (0ms) [Parameters=[@__mapId_0='?' (DbType = Int32), @__version_1='?' (DbType = Int64)], CommandType='Text', CommandTimeout='30']
SELECT "t"."MapId", "t"."Version", "t"."CatalogRevision", "t"."ContentSha256", "t"."LoadedAt", "t"."RuleVersion", "t"."SnapshotId", "t"."Source"
FROM "TaskTypeStationBindingSetVersions" AS "t"
WHERE "t"."MapId" = @__mapId_0 AND "t"."Version" = @__version_1
LIMIT 2
[09:05:27 INF] Executed DbCommand (0ms) [Parameters=[@__mapId_0='?' (DbType = Int32), @__version_1='?' (DbType = Int64)], CommandType='Text', CommandTimeout='30']
SELECT "t"."TaskType"
FROM "TaskTypeStationRequirements" AS "t"
WHERE "t"."MapId" = @__mapId_0 AND "t"."Version" = @__version_1
[09:05:27 INF] Executed DbCommand (0ms) [Parameters=[@__mapId_0='?' (DbType = Int32), @__version_1='?' (DbType = Int64)], CommandType='Text', CommandTimeout='30']
SELECT "t"."MapId", "t"."Version", "t"."TaskType", "t"."SiteVerificationRef", "t"."StationName", "t"."StationRiotId"
FROM "TaskTypeStationBindings" AS "t"
WHERE "t"."MapId" = @__mapId_0 AND "t"."Version" = @__version_1
[09:05:27 INF] Executed DbCommand (0ms) [Parameters=[@__version_0='?' (DbType = Int64)], CommandType='Text', CommandTimeout='30']
SELECT "t"."Version", "t"."ContentSha256", "t"."LoadedAt", "t"."SnapshotId", "t"."Source"
FROM "TaskTypeStationRuleVersions" AS "t"
WHERE "t"."Version" = @__version_0
LIMIT 2
[09:05:27 INF] Executed DbCommand (0ms) [Parameters=[@__version_0='?' (DbType = Int64)], CommandType='Text', CommandTimeout='30']
SELECT "t"."Version", "t"."TaskType", "t"."FixedEnd"
FROM "TaskTypeStationRules" AS "t"
WHERE "t"."Version" = @__version_0
[09:05:27 INF] Executed DbCommand (0ms) [Parameters=[], CommandType='Text', CommandTimeout='30']
SELECT "a"."Id", "a"."ContentHash", "a"."DeploymentId", "a"."ImportedAt", "a"."Version"
FROM "AdmissionPolicyState" AS "a"
WHERE "a"."Id" = 1
LIMIT 2
[09:05:27 INF] Executed DbCommand (0ms) [Parameters=[], CommandType='Text', CommandTimeout='30']
SELECT "j"."JourneyId", "j"."AgvId", "j"."AgvLifecycleGeneration", "j"."AreaEndAdmissionRevokedSince", "j"."BlockReasonCode", "j"."BlockReasonSince", "j"."CargoHoldingStartedAt", "j"."ConsumedSafetyResultMessageId", "j"."ConsumedSublotMessageId", "j"."CreatedAt", "j"."DemandId", "j"."DispatchGeneration", "j"."DispatchZone", "j"."ExpectedBasketCount", "j"."FullSlotPositionsJson", "j"."GateMovementLegId", "j"."GatePlanMessageId", "j"."GateStationId", "j"."GateStationRiotId", "j"."GateUpperId", "j"."GateVehicleBusinessMessageId", "j"."GateWorklistMessageId", "j"."LoadCommandMessageId", "j"."LoadSlotOperationAttemptId", "j"."LoadingClosedReason", "j"."LoadingPhaseState", "j"."MapId", "j"."MapIdentity", "j"."OperationSessionId", "j"."PickupMovementLegId", "j"."PickupStationId", "j"."PickupStationRiotId", "j"."PickupUpperId", "j"."PlanMessageId", "j"."PlanRevision", "j"."PreDepartureSafetyCheckId", "j"."PreDepartureSafetyCheckMessageId", "j"."RouteEvidenceId", "j"."Stage", "j"."StationDepartureWaitStartedAt", "j"."SublotRequestMessageId", "j"."TargetSlotsJson", "j"."UnloadCommandMessageId", "j"."UnloadSlotOperationAttemptId", "j"."UpdatedAt", "j"."VehicleBusinessMessageId", "j"."VehicleBusinessRevision", "j"."VehicleKey", "j"."WorklistMessageId", "j"."WorklistRevision", "j"."YieldTriggeredAt", "j"."YieldTriggeredByVehicleKey"
FROM "JourneyRuntimes" AS "j"
WHERE "j"."Stage" <> 'Completed'
[09:05:27 INF] Executed DbCommand (0ms) [Parameters=[@__agvId_0='?' (Size = 10)], CommandType='Text', CommandTimeout='30']
SELECT "s"."AgvId", "s"."ActiveUnlockSlotsJson", "s"."CapabilityHash", "s"."CapabilityRevision", "s"."DepartureSafe", "s"."ForcedRecoveryGeneration", "s"."ManifestSha256", "s"."PendingAttemptIdsJson", "s"."PendingResultIdsJson", "s"."ProfileId", "s"."ProtocolCommit", "s"."ProtocolVersion", "s"."ProvenRecoveryCheckpoint", "s"."Readiness", "s"."ReasonCode", "s"."RecoveryReportId", "s"."ReportedForcedRecoveryGeneration", "s"."ReportedSlotConfigurationFingerprint", "s"."SafetyHash", "s"."SafetyReasonCodesJson", "s"."SafetyRevision", "s"."SafetyUnknownPresent", "s"."SessionGeneration", "s"."UnsettledSlotOperationAttemptId", "s"."UpdatedAt"
FROM "SessionRecoveries" AS "s"
WHERE "s"."AgvId" = @__agvId_0 AND "s"."Readiness" = 'Ready'
LIMIT 2
[09:05:27 INF] Executed DbCommand (0ms) [Parameters=[@__attemptId_0='?' (Size = 36)], CommandType='Text', CommandTimeout='30']
SELECT "s"."SlotOperationAttemptId", "s"."CommittedAt", "s"."ContentHash", "s"."CreatedAt", "s"."DemandId", "s"."EvidenceJson", "s"."ForcedRecoveryGeneration", "s"."OperationType", "s"."Status", "s"."SublotId", "s"."TargetSlotsJson"
FROM "StationOperations" AS "s"
WHERE "s"."SlotOperationAttemptId" = @__attemptId_0
LIMIT 2
[09:05:27 INF] Executed DbCommand (0ms) [Parameters=[@__slotOperationAttemptId_0='?' (Size = 36)], CommandType='Text', CommandTimeout='30']
SELECT "s"."ForcedRecoveryGeneration"
FROM "StationOperations" AS "s"
WHERE "s"."SlotOperationAttemptId" = @__slotOperationAttemptId_0
LIMIT 2
[09:05:27 INF] Executed DbCommand (0ms) [Parameters=[@__demandId_0='?' (Size = 36)], CommandType='Text', CommandTimeout='30']
SELECT "j"."JourneyId", "j"."AgvId", "j"."AgvLifecycleGeneration", "j"."AreaEndAdmissionRevokedSince", "j"."BlockReasonCode", "j"."BlockReasonSince", "j"."CargoHoldingStartedAt", "j"."ConsumedSafetyResultMessageId", "j"."ConsumedSublotMessageId", "j"."CreatedAt", "j"."DemandId", "j"."DispatchGeneration", "j"."DispatchZone", "j"."ExpectedBasketCount", "j"."FullSlotPositionsJson", "j"."GateMovementLegId", "j"."GatePlanMessageId", "j"."GateStationId", "j"."GateStationRiotId", "j"."GateUpperId", "j"."GateVehicleBusinessMessageId", "j"."GateWorklistMessageId", "j"."LoadCommandMessageId", "j"."LoadSlotOperationAttemptId", "j"."LoadingClosedReason", "j"."LoadingPhaseState", "j"."MapId", "j"."MapIdentity", "j"."OperationSessionId", "j"."PickupMovementLegId", "j"."PickupStationId", "j"."PickupStationRiotId", "j"."PickupUpperId", "j"."PlanMessageId", "j"."PlanRevision", "j"."PreDepartureSafetyCheckId", "j"."PreDepartureSafetyCheckMessageId", "j"."RouteEvidenceId", "j"."Stage", "j"."StationDepartureWaitStartedAt", "j"."SublotRequestMessageId", "j"."TargetSlotsJson", "j"."UnloadCommandMessageId", "j"."UnloadSlotOperationAttemptId", "j"."UpdatedAt", "j"."VehicleBusinessMessageId", "j"."VehicleBusinessRevision", "j"."VehicleKey", "j"."WorklistMessageId", "j"."WorklistRevision", "j"."YieldTriggeredAt", "j"."YieldTriggeredByVehicleKey"
FROM "JourneyRuntimes" AS "j"
WHERE EXISTS (
    SELECT 1
    FROM "JourneyDemands" AS "j0"
    WHERE "j0"."RemovedAt" IS NULL AND "j0"."JourneyId" = "j"."JourneyId" AND "j0"."DemandId" = @__demandId_0)
LIMIT 2
[09:05:27 INF] Executed DbCommand (0ms) [Parameters=[@__result_ResultId_0='?' (Size = 36)], CommandType='Text', CommandTimeout='30']
SELECT "o"."ResultId", "o"."AgvId", "o"."ContentHash", "o"."EvidenceJson", "o"."ForcedRecoveryGeneration", "o"."HistoricalOnly", "o"."ObservedAt", "o"."OverallOutcome", "o"."ReceivedAt", "o"."ResultContentSha256", "o"."SlotOperationAttemptId", "o"."SupersededByResultId"
FROM "OperationResults" AS "o"
WHERE "o"."ResultId" = @__result_ResultId_0
LIMIT 2
[09:05:27 INF] Executed DbCommand (0ms) [Parameters=[@__result_SlotOperationAttemptId_0='?' (Size = 36), @__forcedRecoveryGeneration_1='?' (DbType = Int64)], CommandType='Text', CommandTimeout='30']
SELECT "o"."ResultId", "o"."AgvId", "o"."ContentHash", "o"."EvidenceJson", "o"."ForcedRecoveryGeneration", "o"."HistoricalOnly", "o"."ObservedAt", "o"."OverallOutcome", "o"."ReceivedAt", "o"."ResultContentSha256", "o"."SlotOperationAttemptId", "o"."SupersededByResultId"
FROM "OperationResults" AS "o"
WHERE "o"."SlotOperationAttemptId" = @__result_SlotOperationAttemptId_0 AND "o"."ForcedRecoveryGeneration" = @__forcedRecoveryGeneration_1 AND "o"."SupersededByResultId" IS NULL
[09:05:27 INF] Executed DbCommand (0ms) [Parameters=[@__agvId_0='?' (Size = 10)], CommandType='Text', CommandTimeout='30']
SELECT "v"."ForcedRecoveryGeneration"
FROM "VehicleRecoveryGenerations" AS "v"
WHERE "v"."AgvId" = @__agvId_0
LIMIT 2
[09:05:27 INF] Executed DbCommand (0ms) [Parameters=[@__result_SlotOperationAttemptId_0='?' (Size = 36)], CommandType='Text', CommandTimeout='30']
SELECT "s"."SlotOperationAttemptId", "s"."CommittedAt", "s"."ContentHash", "s"."CreatedAt", "s"."DemandId", "s"."EvidenceJson", "s"."ForcedRecoveryGeneration", "s"."OperationType", "s"."Status", "s"."SublotId", "s"."TargetSlotsJson"
FROM "StationOperations" AS "s"
WHERE "s"."SlotOperationAttemptId" = @__result_SlotOperationAttemptId_0
LIMIT 2
[09:05:27 INF] Executed DbCommand (0ms) [Parameters=[@__result_DemandId_0='?' (Size = 36)], CommandType='Text', CommandTimeout='30']
SELECT "a"."DemandId", "a"."AcceptedAt", "a"."CatalogRevision", "a"."CreatedAt", "a"."DemandRevision", "a"."Generation", "a"."HistoryEpoch", "a"."LiveMesFieldsJson", "a"."SeriesId", "a"."Status", "a"."Sublot", "a"."TransportDemandKey", "a"."ValueObservedAt", "a"."ValuePollTraceId", "a"."ValueProjectionCommitId", "a"."WorkType"
FROM "AcceptedDemands" AS "a"
WHERE "a"."DemandId" = @__result_DemandId_0
LIMIT 2
[09:05:28 INF] Executed DbCommand (0ms) [Parameters=[@p1='?' (Size = 36), @p0='?' (Size = 16)], CommandType='Text', CommandTimeout='30']
UPDATE "AcceptedDemands" SET "Status" = @p0
WHERE "DemandId" = @p1
RETURNING 1;
[09:05:28 INF] Executed DbCommand (0ms) [Parameters=[@p0='?' (Size = 36), @p1='?' (Size = 10), @p2='?' (Size = 64), @p3='?' (Size = 71), @p4='?' (DbType = Int64), @p5='?' (DbType = Boolean), @p6='?' (DbType = DateTimeOffset), @p7='?' (Size = 7), @p8='?' (DbType = DateTimeOffset), @p9='?' (Size = 64), @p10='?' (Size = 36), @p11='?'], CommandType='Text', CommandTimeout='30']
INSERT INTO "OperationResults" ("ResultId", "AgvId", "ContentHash", "EvidenceJson", "ForcedRecoveryGeneration", "HistoricalOnly", "ObservedAt", "OverallOutcome", "ReceivedAt", "ResultContentSha256", "SlotOperationAttemptId", "SupersededByResultId")
VALUES (@p0, @p1, @p2, @p3, @p4, @p5, @p6, @p7, @p8, @p9, @p10, @p11);
[09:05:28 INF] Executed DbCommand (0ms) [Parameters=[@p1='?' (Size = 36), @p0='?' (Size = 16)], CommandType='Text', CommandTimeout='30']
UPDATE "StationOperations" SET "Status" = @p0
WHERE "SlotOperationAttemptId" = @p1
RETURNING 1;
[09:05:28 INF] Executed DbCommand (0ms) [Parameters=[@__slotOperationAttemptId_0='?' (Size = 36)], CommandType='Text', CommandTimeout='30']
SELECT "r"."WorkflowId", "r"."AgvId", "r"."CommandContentHash", "r"."CommandMessageId", "r"."CommandMessageType", "r"."CreatedAt", "r"."DemandId", "r"."ExceptionRecoverySessionId", "r"."ForcedRecoveryGeneration", "r"."HandoffId", "r"."Outcome", "r"."RequestContentHash", "r"."RequestMessageId", "r"."ResultContentHash", "r"."ResultMessageId", "r"."SlotOperationAttemptId", "r"."SlotsJson", "r"."State", "r"."UpdatedAt", "r"."WorkflowType"
FROM "RecoveryWorkflows" AS "r"
WHERE "r"."WorkflowType" = 'RESUME_AFTER_REPAIR' AND "r"."SlotOperationAttemptId" = @__slotOperationAttemptId_0 AND "r"."State" IN ('CommandPending', 'AwaitingResult')
LIMIT 2
[09:05:28 INF] Executed DbCommand (0ms) [Parameters=[@__agvId_0='?' (Size = 10)], CommandType='Text', CommandTimeout='30']
SELECT "s"."AgvId", "s"."ActiveUnlockSlotsJson", "s"."CapabilityHash", "s"."CapabilityRevision", "s"."DepartureSafe", "s"."ForcedRecoveryGeneration", "s"."ManifestSha256", "s"."PendingAttemptIdsJson", "s"."PendingResultIdsJson", "s"."ProfileId", "s"."ProtocolCommit", "s"."ProtocolVersion", "s"."ProvenRecoveryCheckpoint", "s"."Readiness", "s"."ReasonCode", "s"."RecoveryReportId", "s"."ReportedForcedRecoveryGeneration", "s"."ReportedSlotConfigurationFingerprint", "s"."SafetyHash", "s"."SafetyReasonCodesJson", "s"."SafetyRevision", "s"."SafetyUnknownPresent", "s"."SessionGeneration", "s"."UnsettledSlotOperationAttemptId", "s"."UpdatedAt"
FROM "SessionRecoveries" AS "s"
WHERE "s"."AgvId" = @__agvId_0
LIMIT 2
[09:05:28 INF] Executed DbCommand (0ms) [Parameters=[@__agvId_0='?' (Size = 10)], CommandType='Text', CommandTimeout='30']
SELECT "s"."AgvId", "s"."ActiveUnlockSlotsJson", "s"."CapabilityHash", "s"."CapabilityRevision", "s"."DepartureSafe", "s"."ForcedRecoveryGeneration", "s"."ManifestSha256", "s"."PendingAttemptIdsJson", "s"."PendingResultIdsJson", "s"."ProfileId", "s"."ProtocolCommit", "s"."ProtocolVersion", "s"."ProvenRecoveryCheckpoint", "s"."Readiness", "s"."ReasonCode", "s"."RecoveryReportId", "s"."ReportedForcedRecoveryGeneration", "s"."ReportedSlotConfigurationFingerprint", "s"."SafetyHash", "s"."SafetyReasonCodesJson", "s"."SafetyRevision", "s"."SafetyUnknownPresent", "s"."SessionGeneration", "s"."UnsettledSlotOperationAttemptId", "s"."UpdatedAt"
FROM "SessionRecoveries" AS "s"
WHERE "s"."AgvId" = @__agvId_0
LIMIT 2
[09:05:28 INF] Executed DbCommand (0ms) [Parameters=[@__pending_0='?' (Size = 40)], CommandType='Text', CommandTimeout='30']
SELECT "s"."SlotOperationAttemptId"
FROM "StationOperations" AS "s"
WHERE "s"."SlotOperationAttemptId" IN (
    SELECT "p"."value"
    FROM json_each(@__pending_0) AS "p"
) AND "s"."Status" IN ('Committed', 'Failed', 'Cancelled')
[09:05:28 INF] Executed DbCommand (0ms) [Parameters=[@__agvId_0='?' (Size = 10)], CommandType='Text', CommandTimeout='30']
SELECT "s"."AgvId", "s"."ActiveUnlockSlotsJson", "s"."CapabilityHash", "s"."CapabilityRevision", "s"."DepartureSafe", "s"."ForcedRecoveryGeneration", "s"."ManifestSha256", "s"."PendingAttemptIdsJson", "s"."PendingResultIdsJson", "s"."ProfileId", "s"."ProtocolCommit", "s"."ProtocolVersion", "s"."ProvenRecoveryCheckpoint", "s"."Readiness", "s"."ReasonCode", "s"."RecoveryReportId", "s"."ReportedForcedRecoveryGeneration", "s"."ReportedSlotConfigurationFingerprint", "s"."SafetyHash", "s"."SafetyReasonCodesJson", "s"."SafetyRevision", "s"."SafetyUnknownPresent", "s"."SessionGeneration", "s"."UnsettledSlotOperationAttemptId", "s"."UpdatedAt"
FROM "SessionRecoveries" AS "s"
WHERE "s"."AgvId" = @__agvId_0
LIMIT 2
[09:05:28 INF] Executed DbCommand (0ms) [Parameters=[@__agvId_0='?' (Size = 10)], CommandType='Text', CommandTimeout='30']
SELECT EXISTS (
    SELECT 1
    FROM "StationOperations" AS "s"
    INNER JOIN (
        SELECT "j"."JourneyId", "j"."DemandId", "j"."AddedAt", "j"."DispatchGeneration", "j"."DispatchZone", "j"."DispatchZoneParameterVersion", "j"."ExpectedBasketCount", "j"."LoadCommandMessageId", "j"."LoadSlotOperationAttemptId", "j"."LoadedSlotsJson", "j"."PickupStopId", "j"."RemovalReason", "j"."RemovedAt", "j"."Status", "j"."TargetSlotsJson", "j"."UnloadCommandMessageId", "j"."UnloadSlotOperationAttemptId", "j"."UnloadStopId"
        FROM "JourneyDemands" AS "j"
        WHERE "j"."RemovedAt" IS NULL
    ) AS "t" ON "s"."DemandId" = "t"."DemandId"
    INNER JOIN "JourneyRuntimes" AS "j0" ON "t"."JourneyId" = "j0"."JourneyId"
    WHERE "j0"."AgvId" = @__agvId_0 AND "s"."Status" = 'RecoveryRequired')
[09:05:28 INF] Executed DbCommand (0ms) [Parameters=[@__agvId_0='?' (Size = 10)], CommandType='Text', CommandTimeout='30']
SELECT EXISTS (
    SELECT 1
    FROM "RecoveryWorkflows" AS "r"
    WHERE "r"."AgvId" = @__agvId_0 AND "r"."WorkflowType" = 'FORCED_MECHANICAL_RECOVERY' AND "r"."State" <> 'HistoricalOnly' AND NOT EXISTS (
        SELECT 1
        FROM "HardwareRecoveryRecords" AS "h"
        WHERE "h"."RecoveryActionId" = "r"."WorkflowId"))
[09:05:28 INF] Executed DbCommand (0ms) [Parameters=[@__agvId_0='?' (Size = 10)], CommandType='Text', CommandTimeout='30']
SELECT "a"."AgvId", "a"."ActivatedAt", "a"."ActivationId", "a"."ConfigurationVersion", "a"."Fingerprint", "a"."SlotModelVersionId", "a"."SnapshotId"
FROM "ActiveSlotConfigurations" AS "a"
WHERE "a"."AgvId" = @__agvId_0
LIMIT 1
[09:05:28 INF] Executed DbCommand (0ms) [Parameters=[@p1='?' (Size = 10), @p0='?' (DbType = DateTimeOffset)], CommandType='Text', CommandTimeout='30']
UPDATE "SessionRecoveries" SET "UpdatedAt" = @p0
WHERE "AgvId" = @p1
RETURNING 1;
[09:05:28 INF] Executed DbCommand (0ms) [Parameters=[@p0='?' (Size = 36), @p1='?' (Size = 64), @p2='?' (Size = 662), @p3='?' (Size = 15), @p4='?' (DbType = DateTimeOffset), @p5='?' (Size = 913)], CommandType='Text', CommandTimeout='30']
INSERT INTO "ProtocolInbox" ("MessageId", "ContentHash", "FirstResponseJson", "MessageType", "ReceivedAt", "RequestJson")
VALUES (@p0, @p1, @p2, @p3, @p4, @p5);
[09:05:28 INF] Executed DbCommand (0ms) [Parameters=[], CommandType='Text', CommandTimeout='30']
SELECT "p"."MessageId", "p"."AcknowledgedAt", "p"."CreatedAt", "p"."FencedAt", "p"."MessageType", "p"."PayloadJson"
FROM "ProtocolOutbox" AS "p"
WHERE "p"."MessageType" = 'ExceptionRecoverySessionSnapshot' AND "p"."AcknowledgedAt" IS NULL AND "p"."FencedAt" IS NULL
[09:05:28 INF] Executed DbCommand (310ms) [Parameters=[@p3='?' (Size = 44), @p0='?' (Size = 25), @p1='?' (DbType = DateTimeOffset), @p2='?' (DbType = DateTimeOffset)], CommandType='Text', CommandTimeout='30']
UPDATE "JourneyRuntimes" SET "BlockReasonCode" = @p0, "BlockReasonSince" = @p1, "UpdatedAt" = @p2
WHERE "JourneyId" = @p3
RETURNING 1;
[09:05:28 INF] Start processing HTTP request GET http://127.0.0.1:48408/api/task/v1/task/getVehicleInfo/BROKERX-L2-0001
[09:05:28 INF] Sending HTTP request GET http://127.0.0.1:48408/api/task/v1/task/getVehicleInfo/BROKERX-L2-0001
[09:05:28 INF] Received HTTP response headers after 0.8967ms - 200
[09:05:28 INF] End processing HTTP request after 17.3333ms - 200
[09:05:28 INF] Start processing HTTP request GET http://127.0.0.1:48408/api/order/v1/orderRecord?pageNum=1&pageSize=100&filterByState=1&filterByState=3&filterByState=7&filterByState=9
[09:05:28 INF] Sending HTTP request GET http://127.0.0.1:48408/api/order/v1/orderRecord?pageNum=1&pageSize=100&filterByState=1&filterByState=3&filterByState=7&filterByState=9
[09:05:28 INF] Received HTTP response headers after 0.7012ms - 200
[09:05:28 INF] End processing HTTP request after 62.7821ms - 200
[09:05:28 INF] HTTP GET /api/onboard/v1/vehicle-safety responded 200 in 126.3533 ms
[09:05:28 INF] Start processing HTTP request GET http://127.0.0.1:48408/api/imap/v1/mapInfo/stations/25
[09:05:28 INF] Sending HTTP request GET http://127.0.0.1:48408/api/imap/v1/mapInfo/stations/25
[09:05:28 INF] Received HTTP response headers after 0.957ms - 200
[09:05:28 INF] End processing HTTP request after 15.8494ms - 200
[09:05:28 INF] Executed DbCommand (0ms) [Parameters=[@__mapId_0='?' (DbType = Int32)], CommandType='Text', CommandTimeout='30']
SELECT "t"."MapId", "t"."ActiveVersion", "t"."PendingVersion", "t"."State", "t"."UpdatedAt"
FROM "TaskTypeStationActiveBindingSets" AS "t"
WHERE "t"."MapId" = @__mapId_0
LIMIT 2
[09:05:28 INF] Executed DbCommand (0ms) [Parameters=[@__mapId_0='?' (DbType = Int32), @__version_1='?' (DbType = Int64)], CommandType='Text', CommandTimeout='30']
SELECT "t"."MapId", "t"."Version", "t"."CatalogRevision", "t"."ContentSha256", "t"."LoadedAt", "t"."RuleVersion", "t"."SnapshotId", "t"."Source"
FROM "TaskTypeStationBindingSetVersions" AS "t"
WHERE "t"."MapId" = @__mapId_0 AND "t"."Version" = @__version_1
LIMIT 2
[09:05:28 INF] Executed DbCommand (0ms) [Parameters=[@__mapId_0='?' (DbType = Int32), @__version_1='?' (DbType = Int64)], CommandType='Text', CommandTimeout='30']
SELECT "t"."TaskType"
FROM "TaskTypeStationRequirements" AS "t"
WHERE "t"."MapId" = @__mapId_0 AND "t"."Version" = @__version_1
[09:05:28 INF] Executed DbCommand (0ms) [Parameters=[@__mapId_0='?' (DbType = Int32), @__version_1='?' (DbType = Int64)], CommandType='Text', CommandTimeout='30']
SELECT "t"."MapId", "t"."Version", "t"."TaskType", "t"."SiteVerificationRef", "t"."StationName", "t"."StationRiotId"
FROM "TaskTypeStationBindings" AS "t"
WHERE "t"."MapId" = @__mapId_0 AND "t"."Version" = @__version_1
[09:05:28 INF] Executed DbCommand (0ms) [Parameters=[@__version_0='?' (DbType = Int64)], CommandType='Text', CommandTimeout='30']
SELECT "t"."Version", "t"."ContentSha256", "t"."LoadedAt", "t"."SnapshotId", "t"."Source"
FROM "TaskTypeStationRuleVersions" AS "t"
WHERE "t"."Version" = @__version_0
LIMIT 2
[09:05:28 INF] Executed DbCommand (0ms) [Parameters=[@__version_0='?' (DbType = Int64)], CommandType='Text', CommandTimeout='30']
SELECT "t"."Version", "t"."TaskType", "t"."FixedEnd"
FROM "TaskTypeStationRules" AS "t"
WHERE "t"."Version" = @__version_0
[09:05:28 INF] Executed DbCommand (0ms) [Parameters=[@__mapId_0='?' (DbType = Int32)], CommandType='Text', CommandTimeout='30']
SELECT "t"."MapId", "t"."ActiveVersion", "t"."PendingVersion", "t"."State", "t"."UpdatedAt"
FROM "TaskTypeStationActiveBindingSets" AS "t"
WHERE "t"."MapId" = @__mapId_0
LIMIT 2
[09:05:28 INF] Executed DbCommand (0ms) [Parameters=[@__mapId_0='?' (DbType = Int32)], CommandType='Text', CommandTimeout='30']
SELECT "t"."HoldId", "t"."DetailJson", "t"."MapId", "t"."RaisedAt", "t"."RaisedBy", "t"."ReasonCode", "t"."ReleasedAt", "t"."ReleasedBy", "t"."Source", "t"."TaskType"
FROM "TaskTypeStationHolds" AS "t"
WHERE "t"."MapId" = @__mapId_0 AND "t"."ReleasedAt" IS NULL
[09:05:28 INF] Executed DbCommand (0ms) [Parameters=[@__mapId_0='?' (DbType = Int32)], CommandType='Text', CommandTimeout='30']
SELECT "m"."MapId", "m"."ApprovedMaxUnconfirmedSeconds", "m"."ApprovedSyncPeriodSeconds", "m"."CatalogRevision", "m"."LastAttemptAt", "m"."LastCompleteConfirmationAt", "m"."LastFailureReason", "m"."State", "m"."UpdatedAt"
FROM "MapStationCatalogStates" AS "m"
WHERE "m"."MapId" = @__mapId_0
LIMIT 2
[09:05:28 INF] Executed DbCommand (0ms) [Parameters=[@p3='?' (DbType = Int32), @p0='?' (DbType = DateTimeOffset), @p1='?' (DbType = DateTimeOffset), @p2='?' (DbType = DateTimeOffset)], CommandType='Text', CommandTimeout='30']
UPDATE "MapStationCatalogStates" SET "LastAttemptAt" = @p0, "LastCompleteConfirmationAt" = @p1, "UpdatedAt" = @p2
WHERE "MapId" = @p3
RETURNING 1;
[09:05:28 INF] Executed DbCommand (0ms) [Parameters=[@__mapId_0='?' (DbType = Int32)], CommandType='Text', CommandTimeout='30']
SELECT "t"."MapId", "t"."ActiveVersion", "t"."PendingVersion", "t"."State", "t"."UpdatedAt"
FROM "TaskTypeStationActiveBindingSets" AS "t"
WHERE "t"."MapId" = @__mapId_0
LIMIT 2
[09:05:28 INF] Executed DbCommand (0ms) [Parameters=[@__mapId_0='?' (DbType = Int32), @__version_1='?' (DbType = Int64)], CommandType='Text', CommandTimeout='30']
SELECT "t"."MapId", "t"."Version", "t"."CatalogRevision", "t"."ContentSha256", "t"."LoadedAt", "t"."RuleVersion", "t"."SnapshotId", "t"."Source"
FROM "TaskTypeStationBindingSetVersions" AS "t"
WHERE "t"."MapId" = @__mapId_0 AND "t"."Version" = @__version_1
LIMIT 2
[09:05:28 INF] Executed DbCommand (0ms) [Parameters=[@__mapId_0='?' (DbType = Int32), @__version_1='?' (DbType = Int64)], CommandType='Text', CommandTimeout='30']
SELECT "t"."TaskType"
FROM "TaskTypeStationRequirements" AS "t"
WHERE "t"."MapId" = @__mapId_0 AND "t"."Version" = @__version_1
[09:05:28 INF] Executed DbCommand (0ms) [Parameters=[@__mapId_0='?' (DbType = Int32), @__version_1='?' (DbType = Int64)], CommandType='Text', CommandTimeout='30']
SELECT "t"."MapId", "t"."Version", "t"."TaskType", "t"."SiteVerificationRef", "t"."StationName", "t"."StationRiotId"
FROM "TaskTypeStationBindings" AS "t"
WHERE "t"."MapId" = @__mapId_0 AND "t"."Version" = @__version_1
[09:05:28 INF] Executed DbCommand (0ms) [Parameters=[@__mapId_0='?' (DbType = Int32)], CommandType='Text', CommandTimeout='30']
SELECT "t"."MapId", "t"."ActiveVersion", "t"."PendingVersion", "t"."State", "t"."UpdatedAt"
FROM "TaskTypeStationActiveBindingSets" AS "t"
WHERE "t"."MapId" = @__mapId_0
LIMIT 2
[09:05:28 INF] Executed DbCommand (0ms) [Parameters=[@__mapId_0='?' (DbType = Int32), @__version_1='?' (DbType = Int64)], CommandType='Text', CommandTimeout='30']
SELECT "t"."MapId", "t"."Version", "t"."CatalogRevision", "t"."ContentSha256", "t"."LoadedAt", "t"."RuleVersion", "t"."SnapshotId", "t"."Source"
FROM "TaskTypeStationBindingSetVersions" AS "t"
WHERE "t"."MapId" = @__mapId_0 AND "t"."Version" = @__version_1
LIMIT 2
[09:05:28 INF] Executed DbCommand (0ms) [Parameters=[@__mapId_0='?' (DbType = Int32), @__version_1='?' (DbType = Int64)], CommandType='Text', CommandTimeout='30']
SELECT "t"."TaskType"
FROM "TaskTypeStationRequirements" AS "t"
WHERE "t"."MapId" = @__mapId_0 AND "t"."Version" = @__version_1
[09:05:28 INF] Executed DbCommand (0ms) [Parameters=[@__mapId_0='?' (DbType = Int32), @__version_1='?' (DbType = Int64)], CommandType='Text', CommandTimeout='30']
SELECT "t"."MapId", "t"."Version", "t"."TaskType", "t"."SiteVerificationRef", "t"."StationName", "t"."StationRiotId"
FROM "TaskTypeStationBindings" AS "t"
WHERE "t"."MapId" = @__mapId_0 AND "t"."Version" = @__version_1
[09:05:28 INF] Executed DbCommand (0ms) [Parameters=[@__version_0='?' (DbType = Int64)], CommandType='Text', CommandTimeout='30']
SELECT "t"."Version", "t"."ContentSha256", "t"."LoadedAt", "t"."SnapshotId", "t"."Source"
FROM "TaskTypeStationRuleVersions" AS "t"
WHERE "t"."Version" = @__version_0
LIMIT 2
[09:05:28 INF] Executed DbCommand (0ms) [Parameters=[@__version_0='?' (DbType = Int64)], CommandType='Text', CommandTimeout='30']
SELECT "t"."Version", "t"."TaskType", "t"."FixedEnd"
FROM "TaskTypeStationRules" AS "t"
WHERE "t"."Version" = @__version_0
[09:05:28 INF] Executed DbCommand (0ms) [Parameters=[], CommandType='Text', CommandTimeout='30']
SELECT "a"."Id", "a"."ContentHash", "a"."DeploymentId", "a"."ImportedAt", "a"."Version"
FROM "AdmissionPolicyState" AS "a"
WHERE "a"."Id" = 1
LIMIT 2
[09:05:28 INF] Executed DbCommand (0ms) [Parameters=[], CommandType='Text', CommandTimeout='30']
SELECT "j"."JourneyId", "j"."AgvId", "j"."AgvLifecycleGeneration", "j"."AreaEndAdmissionRevokedSince", "j"."BlockReasonCode", "j"."BlockReasonSince", "j"."CargoHoldingStartedAt", "j"."ConsumedSafetyResultMessageId", "j"."ConsumedSublotMessageId", "j"."CreatedAt", "j"."DemandId", "j"."DispatchGeneration", "j"."DispatchZone", "j"."ExpectedBasketCount", "j"."FullSlotPositionsJson", "j"."GateMovementLegId", "j"."GatePlanMessageId", "j"."GateStationId", "j"."GateStationRiotId", "j"."GateUpperId", "j"."GateVehicleBusinessMessageId", "j"."GateWorklistMessageId", "j"."LoadCommandMessageId", "j"."LoadSlotOperationAttemptId", "j"."LoadingClosedReason", "j"."LoadingPhaseState", "j"."MapId", "j"."MapIdentity", "j"."OperationSessionId", "j"."PickupMovementLegId", "j"."PickupStationId", "j"."PickupStationRiotId", "j"."PickupUpperId", "j"."PlanMessageId", "j"."PlanRevision", "j"."PreDepartureSafetyCheckId", "j"."PreDepartureSafetyCheckMessageId", "j"."RouteEvidenceId", "j"."Stage", "j"."StationDepartureWaitStartedAt", "j"."SublotRequestMessageId", "j"."TargetSlotsJson", "j"."UnloadCommandMessageId", "j"."UnloadSlotOperationAttemptId", "j"."UpdatedAt", "j"."VehicleBusinessMessageId", "j"."VehicleBusinessRevision", "j"."VehicleKey", "j"."WorklistMessageId", "j"."WorklistRevision", "j"."YieldTriggeredAt", "j"."YieldTriggeredByVehicleKey"
FROM "JourneyRuntimes" AS "j"
WHERE "j"."Stage" <> 'Completed'
[09:05:28 INF] Executed DbCommand (0ms) [Parameters=[@__agvId_0='?' (Size = 10)], CommandType='Text', CommandTimeout='30']
SELECT "s"."AgvId", "s"."ActiveUnlockSlotsJson", "s"."CapabilityHash", "s"."CapabilityRevision", "s"."DepartureSafe", "s"."ForcedRecoveryGeneration", "s"."ManifestSha256", "s"."PendingAttemptIdsJson", "s"."PendingResultIdsJson", "s"."ProfileId", "s"."ProtocolCommit", "s"."ProtocolVersion", "s"."ProvenRecoveryCheckpoint", "s"."Readiness", "s"."ReasonCode", "s"."RecoveryReportId", "s"."ReportedForcedRecoveryGeneration", "s"."ReportedSlotConfigurationFingerprint", "s"."SafetyHash", "s"."SafetyReasonCodesJson", "s"."SafetyRevision", "s"."SafetyUnknownPresent", "s"."SessionGeneration", "s"."UnsettledSlotOperationAttemptId", "s"."UpdatedAt"
FROM "SessionRecoveries" AS "s"
WHERE "s"."AgvId" = @__agvId_0 AND "s"."Readiness" = 'Ready'
LIMIT 2
[09:05:28 INF] Executed DbCommand (0ms) [Parameters=[@__attemptId_0='?' (Size = 36)], CommandType='Text', CommandTimeout='30']
SELECT "s"."SlotOperationAttemptId", "s"."CommittedAt", "s"."ContentHash", "s"."CreatedAt", "s"."DemandId", "s"."EvidenceJson", "s"."ForcedRecoveryGeneration", "s"."OperationType", "s"."Status", "s"."SublotId", "s"."TargetSlotsJson"
FROM "StationOperations" AS "s"
WHERE "s"."SlotOperationAttemptId" = @__attemptId_0
LIMIT 2
[09:05:28 INF] Executed DbCommand (0ms) [Parameters=[@p4='?' (Size = 44), @p0='?' (Size = 29), @p1='?' (DbType = DateTimeOffset), @p2='?' (Size = 7), @p3='?' (DbType = DateTimeOffset)], CommandType='Text', CommandTimeout='30']
UPDATE "JourneyRuntimes" SET "BlockReasonCode" = @p0, "BlockReasonSince" = @p1, "Stage" = @p2, "UpdatedAt" = @p3
WHERE "JourneyId" = @p4
RETURNING 1;
[09:05:29 INF] Executed DbCommand (0ms) [Parameters=[@__messageId_0='?' (Size = 36)], CommandType='Text', CommandTimeout='30']
SELECT "p"."MessageId", "p"."ContentHash", "p"."FirstResponseJson", "p"."MessageType", "p"."ReceivedAt", "p"."RequestJson"
FROM "ProtocolInbox" AS "p"
WHERE "p"."MessageId" = @__messageId_0
LIMIT 2
[09:05:29 INF] Executed DbCommand (0ms) [Parameters=[@p0='?' (Size = 36), @p1='?' (Size = 64), @p2='?' (Size = 536), @p3='?' (Size = 9), @p4='?' (DbType = DateTimeOffset), @p5='?' (Size = 427)], CommandType='Text', CommandTimeout='30']
INSERT INTO "ProtocolInbox" ("MessageId", "ContentHash", "FirstResponseJson", "MessageType", "ReceivedAt", "RequestJson")
VALUES (@p0, @p1, @p2, @p3, @p4, @p5);
[09:05:29 INF] Start processing HTTP request GET http://127.0.0.1:48408/api/task/v1/task/getVehicleInfo/BROKERX-L2-0001
[09:05:29 INF] Sending HTTP request GET http://127.0.0.1:48408/api/task/v1/task/getVehicleInfo/BROKERX-L2-0001
[09:05:29 INF] Received HTTP response headers after 0.7172ms - 200
[09:05:29 INF] End processing HTTP request after 15.045ms - 200
[09:05:29 INF] Start processing HTTP request GET http://127.0.0.1:48408/api/order/v1/orderRecord?pageNum=1&pageSize=100&filterByState=1&filterByState=3&filterByState=7&filterByState=9
[09:05:29 INF] Sending HTTP request GET http://127.0.0.1:48408/api/order/v1/orderRecord?pageNum=1&pageSize=100&filterByState=1&filterByState=3&filterByState=7&filterByState=9
[09:05:29 INF] Received HTTP response headers after 1.1111ms - 200
[09:05:29 INF] End processing HTTP request after 33.6431ms - 200
[09:05:29 INF] HTTP GET /api/onboard/v1/vehicle-safety responded 200 in 66.8554 ms
[09:05:29 INF] Start processing HTTP request GET http://127.0.0.1:48408/api/imap/v1/mapInfo/stations/25
[09:05:29 INF] Sending HTTP request GET http://127.0.0.1:48408/api/imap/v1/mapInfo/stations/25
[09:05:29 INF] Received HTTP response headers after 0.6104ms - 200
[09:05:29 INF] End processing HTTP request after 6.6397ms - 200
[09:05:29 INF] Executed DbCommand (0ms) [Parameters=[@__mapId_0='?' (DbType = Int32)], CommandType='Text', CommandTimeout='30']
SELECT "t"."MapId", "t"."ActiveVersion", "t"."PendingVersion", "t"."State", "t"."UpdatedAt"
FROM "TaskTypeStationActiveBindingSets" AS "t"
WHERE "t"."MapId" = @__mapId_0
LIMIT 2
[09:05:29 INF] Executed DbCommand (0ms) [Parameters=[@__mapId_0='?' (DbType = Int32), @__version_1='?' (DbType = Int64)], CommandType='Text', CommandTimeout='30']
SELECT "t"."MapId", "t"."Version", "t"."CatalogRevision", "t"."ContentSha256", "t"."LoadedAt", "t"."RuleVersion", "t"."SnapshotId", "t"."Source"
FROM "TaskTypeStationBindingSetVersions" AS "t"
WHERE "t"."MapId" = @__mapId_0 AND "t"."Version" = @__version_1
LIMIT 2
[09:05:29 INF] Executed DbCommand (0ms) [Parameters=[@__mapId_0='?' (DbType = Int32), @__version_1='?' (DbType = Int64)], CommandType='Text', CommandTimeout='30']
SELECT "t"."TaskType"
FROM "TaskTypeStationRequirements" AS "t"
WHERE "t"."MapId" = @__mapId_0 AND "t"."Version" = @__version_1
[09:05:29 INF] Executed DbCommand (0ms) [Parameters=[@__mapId_0='?' (DbType = Int32), @__version_1='?' (DbType = Int64)], CommandType='Text', CommandTimeout='30']
SELECT "t"."MapId", "t"."Version", "t"."TaskType", "t"."SiteVerificationRef", "t"."StationName", "t"."StationRiotId"
FROM "TaskTypeStationBindings" AS "t"
WHERE "t"."MapId" = @__mapId_0 AND "t"."Version" = @__version_1
[09:05:29 INF] Executed DbCommand (0ms) [Parameters=[@__version_0='?' (DbType = Int64)], CommandType='Text', CommandTimeout='30']
SELECT "t"."Version", "t"."ContentSha256", "t"."LoadedAt", "t"."SnapshotId", "t"."Source"
FROM "TaskTypeStationRuleVersions" AS "t"
WHERE "t"."Version" = @__version_0
LIMIT 2
[09:05:29 INF] Executed DbCommand (0ms) [Parameters=[@__version_0='?' (DbType = Int64)], CommandType='Text', CommandTimeout='30']
SELECT "t"."Version", "t"."TaskType", "t"."FixedEnd"
FROM "TaskTypeStationRules" AS "t"
WHERE "t"."Version" = @__version_0
[09:05:29 INF] Executed DbCommand (0ms) [Parameters=[@__mapId_0='?' (DbType = Int32)], CommandType='Text', CommandTimeout='30']
SELECT "t"."MapId", "t"."ActiveVersion", "t"."PendingVersion", "t"."State", "t"."UpdatedAt"
FROM "TaskTypeStationActiveBindingSets" AS "t"
WHERE "t"."MapId" = @__mapId_0
LIMIT 2
[09:05:29 INF] Executed DbCommand (0ms) [Parameters=[@__mapId_0='?' (DbType = Int32)], CommandType='Text', CommandTimeout='30']
SELECT "t"."HoldId", "t"."DetailJson", "t"."MapId", "t"."RaisedAt", "t"."RaisedBy", "t"."ReasonCode", "t"."ReleasedAt", "t"."ReleasedBy", "t"."Source", "t"."TaskType"
FROM "TaskTypeStationHolds" AS "t"
WHERE "t"."MapId" = @__mapId_0 AND "t"."ReleasedAt" IS NULL
[09:05:29 INF] Executed DbCommand (0ms) [Parameters=[@__mapId_0='?' (DbType = Int32)], CommandType='Text', CommandTimeout='30']
SELECT "m"."MapId", "m"."ApprovedMaxUnconfirmedSeconds", "m"."ApprovedSyncPeriodSeconds", "m"."CatalogRevision", "m"."LastAttemptAt", "m"."LastCompleteConfirmationAt", "m"."LastFailureReason", "m"."State", "m"."UpdatedAt"
FROM "MapStationCatalogStates" AS "m"
WHERE "m"."MapId" = @__mapId_0
LIMIT 2
[09:05:29 INF] Executed DbCommand (0ms) [Parameters=[@p3='?' (DbType = Int32), @p0='?' (DbType = DateTimeOffset), @p1='?' (DbType = DateTimeOffset), @p2='?' (DbType = DateTimeOffset)], CommandType='Text', CommandTimeout='30']
UPDATE "MapStationCatalogStates" SET "LastAttemptAt" = @p0, "LastCompleteConfirmationAt" = @p1, "UpdatedAt" = @p2
WHERE "MapId" = @p3
RETURNING 1;
[09:05:29 INF] Executed DbCommand (0ms) [Parameters=[@__mapId_0='?' (DbType = Int32)], CommandType='Text', CommandTimeout='30']
SELECT "t"."MapId", "t"."ActiveVersion", "t"."PendingVersion", "t"."State", "t"."UpdatedAt"
FROM "TaskTypeStationActiveBindingSets" AS "t"
WHERE "t"."MapId" = @__mapId_0
LIMIT 2
[09:05:29 INF] Executed DbCommand (0ms) [Parameters=[@__mapId_0='?' (DbType = Int32), @__version_1='?' (DbType = Int64)], CommandType='Text', CommandTimeout='30']
SELECT "t"."MapId", "t"."Version", "t"."CatalogRevision", "t"."ContentSha256", "t"."LoadedAt", "t"."RuleVersion", "t"."SnapshotId", "t"."Source"
FROM "TaskTypeStationBindingSetVersions" AS "t"
WHERE "t"."MapId" = @__mapId_0 AND "t"."Version" = @__version_1
LIMIT 2
[09:05:29 INF] Executed DbCommand (0ms) [Parameters=[@__mapId_0='?' (DbType = Int32), @__version_1='?' (DbType = Int64)], CommandType='Text', CommandTimeout='30']
SELECT "t"."TaskType"
FROM "TaskTypeStationRequirements" AS "t"
WHERE "t"."MapId" = @__mapId_0 AND "t"."Version" = @__version_1
[09:05:29 INF] Executed DbCommand (0ms) [Parameters=[@__mapId_0='?' (DbType = Int32), @__version_1='?' (DbType = Int64)], CommandType='Text', CommandTimeout='30']
SELECT "t"."MapId", "t"."Version", "t"."TaskType", "t"."SiteVerificationRef", "t"."StationName", "t"."StationRiotId"
FROM "TaskTypeStationBindings" AS "t"
WHERE "t"."MapId" = @__mapId_0 AND "t"."Version" = @__version_1
[09:05:29 INF] Executed DbCommand (0ms) [Parameters=[@__mapId_0='?' (DbType = Int32)], CommandType='Text', CommandTimeout='30']
SELECT "t"."MapId", "t"."ActiveVersion", "t"."PendingVersion", "t"."State", "t"."UpdatedAt"
FROM "TaskTypeStationActiveBindingSets" AS "t"
WHERE "t"."MapId" = @__mapId_0
LIMIT 2
[09:05:29 INF] Executed DbCommand (0ms) [Parameters=[@__mapId_0='?' (DbType = Int32), @__version_1='?' (DbType = Int64)], CommandType='Text', CommandTimeout='30']
SELECT "t"."MapId", "t"."Version", "t"."CatalogRevision", "t"."ContentSha256", "t"."LoadedAt", "t"."RuleVersion", "t"."SnapshotId", "t"."Source"
FROM "TaskTypeStationBindingSetVersions" AS "t"
WHERE "t"."MapId" = @__mapId_0 AND "t"."Version" = @__version_1
LIMIT 2
[09:05:29 INF] Executed DbCommand (0ms) [Parameters=[@__mapId_0='?' (DbType = Int32), @__version_1='?' (DbType = Int64)], CommandType='Text', CommandTimeout='30']
SELECT "t"."TaskType"
FROM "TaskTypeStationRequirements" AS "t"
WHERE "t"."MapId" = @__mapId_0 AND "t"."Version" = @__version_1
[09:05:29 INF] Executed DbCommand (0ms) [Parameters=[@__mapId_0='?' (DbType = Int32), @__version_1='?' (DbType = Int64)], CommandType='Text', CommandTimeout='30']
SELECT "t"."MapId", "t"."Version", "t"."TaskType", "t"."SiteVerificationRef", "t"."StationName", "t"."StationRiotId"
FROM "TaskTypeStationBindings" AS "t"
WHERE "t"."MapId" = @__mapId_0 AND "t"."Version" = @__version_1
[09:05:29 INF] Executed DbCommand (0ms) [Parameters=[@__version_0='?' (DbType = Int64)], CommandType='Text', CommandTimeout='30']
SELECT "t"."Version", "t"."ContentSha256", "t"."LoadedAt", "t"."SnapshotId", "t"."Source"
FROM "TaskTypeStationRuleVersions" AS "t"
WHERE "t"."Version" = @__version_0
LIMIT 2
[09:05:29 INF] Executed DbCommand (0ms) [Parameters=[@__version_0='?' (DbType = Int64)], CommandType='Text', CommandTimeout='30']
SELECT "t"."Version", "t"."TaskType", "t"."FixedEnd"
FROM "TaskTypeStationRules" AS "t"
WHERE "t"."Version" = @__version_0
[09:05:29 INF] Executed DbCommand (0ms) [Parameters=[], CommandType='Text', CommandTimeout='30']
SELECT "a"."Id", "a"."ContentHash", "a"."DeploymentId", "a"."ImportedAt", "a"."Version"
FROM "AdmissionPolicyState" AS "a"
WHERE "a"."Id" = 1
LIMIT 2
[09:05:29 INF] Executed DbCommand (0ms) [Parameters=[], CommandType='Text', CommandTimeout='30']
SELECT "j"."JourneyId", "j"."AgvId", "j"."AgvLifecycleGeneration", "j"."AreaEndAdmissionRevokedSince", "j"."BlockReasonCode", "j"."BlockReasonSince", "j"."CargoHoldingStartedAt", "j"."ConsumedSafetyResultMessageId", "j"."ConsumedSublotMessageId", "j"."CreatedAt", "j"."DemandId", "j"."DispatchGeneration", "j"."DispatchZone", "j"."ExpectedBasketCount", "j"."FullSlotPositionsJson", "j"."GateMovementLegId", "j"."GatePlanMessageId", "j"."GateStationId", "j"."GateStationRiotId", "j"."GateUpperId", "j"."GateVehicleBusinessMessageId", "j"."GateWorklistMessageId", "j"."LoadCommandMessageId", "j"."LoadSlotOperationAttemptId", "j"."LoadingClosedReason", "j"."LoadingPhaseState", "j"."MapId", "j"."MapIdentity", "j"."OperationSessionId", "j"."PickupMovementLegId", "j"."PickupStationId", "j"."PickupStationRiotId", "j"."PickupUpperId", "j"."PlanMessageId", "j"."PlanRevision", "j"."PreDepartureSafetyCheckId", "j"."PreDepartureSafetyCheckMessageId", "j"."RouteEvidenceId", "j"."Stage", "j"."StationDepartureWaitStartedAt", "j"."SublotRequestMessageId", "j"."TargetSlotsJson", "j"."UnloadCommandMessageId", "j"."UnloadSlotOperationAttemptId", "j"."UpdatedAt", "j"."VehicleBusinessMessageId", "j"."VehicleBusinessRevision", "j"."VehicleKey", "j"."WorklistMessageId", "j"."WorklistRevision", "j"."YieldTriggeredAt", "j"."YieldTriggeredByVehicleKey"
FROM "JourneyRuntimes" AS "j"
WHERE "j"."Stage" <> 'Completed'
[09:05:29 INF] Executed DbCommand (0ms) [Parameters=[@__agvId_0='?' (Size = 10)], CommandType='Text', CommandTimeout='30']
SELECT "s"."AgvId", "s"."ActiveUnlockSlotsJson", "s"."CapabilityHash", "s"."CapabilityRevision", "s"."DepartureSafe", "s"."ForcedRecoveryGeneration", "s"."ManifestSha256", "s"."PendingAttemptIdsJson", "s"."PendingResultIdsJson", "s"."ProfileId", "s"."ProtocolCommit", "s"."ProtocolVersion", "s"."ProvenRecoveryCheckpoint", "s"."Readiness", "s"."ReasonCode", "s"."RecoveryReportId", "s"."ReportedForcedRecoveryGeneration", "s"."ReportedSlotConfigurationFingerprint", "s"."SafetyHash", "s"."SafetyReasonCodesJson", "s"."SafetyRevision", "s"."SafetyUnknownPresent", "s"."SessionGeneration", "s"."UnsettledSlotOperationAttemptId", "s"."UpdatedAt"
FROM "SessionRecoveries" AS "s"
WHERE "s"."AgvId" = @__agvId_0 AND "s"."Readiness" = 'Ready'
LIMIT 2
[09:05:30 INF] Executed DbCommand (0ms) [Parameters=[@__messageId_0='?' (Size = 36)], CommandType='Text', CommandTimeout='30']
SELECT "p"."MessageId", "p"."ContentHash", "p"."FirstResponseJson", "p"."MessageType", "p"."ReceivedAt", "p"."RequestJson"
FROM "ProtocolInbox" AS "p"
WHERE "p"."MessageId" = @__messageId_0
LIMIT 2
[09:05:30 INF] Executed DbCommand (0ms) [Parameters=[@__requestId_0='?' (Size = 36)], CommandType='Text', CommandTimeout='30']
SELECT "e"."ExceptionRecoverySessionId", "e"."AdministratorId", "e"."AdministratorRole", "e"."AgvId", "e"."DemandId", "e"."EventId", "e"."ForcedRecoveryGeneration", "e"."OpenedAt", "e"."Reason", "e"."RequestContentHash", "e"."RequestId", "e"."Revision", "e"."SelectedAction", "e"."SlotsJson", "e"."State", "e"."UpdatedAt"
FROM "ExceptionRecoverySessions" AS "e"
WHERE "e"."RequestId" = @__requestId_0
LIMIT 2
[09:05:30 INF] Executed DbCommand (0ms) [Parameters=[@__agvId_0='?' (Size = 10)], CommandType='Text', CommandTimeout='30']
SELECT "e"."ExceptionRecoverySessionId", "e"."AdministratorId", "e"."AdministratorRole", "e"."AgvId", "e"."DemandId", "e"."EventId", "e"."ForcedRecoveryGeneration", "e"."OpenedAt", "e"."Reason", "e"."RequestContentHash", "e"."RequestId", "e"."Revision", "e"."SelectedAction", "e"."SlotsJson", "e"."State", "e"."UpdatedAt"
FROM "ExceptionRecoverySessions" AS "e"
WHERE "e"."AgvId" = @__agvId_0 AND "e"."State" <> 'CLOSED'
LIMIT 2
[09:05:30 INF] Start processing HTTP request GET http://127.0.0.1:48408/api/imap/v1/mapInfo/stations/25
[09:05:30 INF] Start processing HTTP request GET http://127.0.0.1:48408/api/task/v1/task/getVehicleInfo/BROKERX-L2-0001
[09:05:30 INF] Sending HTTP request GET http://127.0.0.1:48408/api/imap/v1/mapInfo/stations/25
[09:05:30 INF] Executed DbCommand (0ms) [Parameters=[@__agvId_0='?' (Size = 10), @__generation_1='?' (DbType = Int64)], CommandType='Text', CommandTimeout='30']
SELECT "s"."AgvId", "s"."ActiveUnlockSlotsJson", "s"."CapabilityHash", "s"."CapabilityRevision", "s"."DepartureSafe", "s"."ForcedRecoveryGeneration", "s"."ManifestSha256", "s"."PendingAttemptIdsJson", "s"."PendingResultIdsJson", "s"."ProfileId", "s"."ProtocolCommit", "s"."ProtocolVersion", "s"."ProvenRecoveryCheckpoint", "s"."Readiness", "s"."ReasonCode", "s"."RecoveryReportId", "s"."ReportedForcedRecoveryGeneration", "s"."ReportedSlotConfigurationFingerprint", "s"."SafetyHash", "s"."SafetyReasonCodesJson", "s"."SafetyRevision", "s"."SafetyUnknownPresent", "s"."SessionGeneration", "s"."UnsettledSlotOperationAttemptId", "s"."UpdatedAt"
FROM "SessionRecoveries" AS "s"
WHERE "s"."AgvId" = @__agvId_0 AND "s"."SessionGeneration" = @__generation_1
LIMIT 2
[09:05:30 INF] Sending HTTP request GET http://127.0.0.1:48408/api/task/v1/task/getVehicleInfo/BROKERX-L2-0001
[09:05:30 INF] Received HTTP response headers after 0.803ms - 200
[09:05:30 INF] Executed DbCommand (0ms) [Parameters=[@__demandId_0='?' (Size = 36), @__agvId_1='?' (Size = 10)], CommandType='Text', CommandTimeout='30']
SELECT "j"."JourneyId", "j"."AgvId", "j"."AgvLifecycleGeneration", "j"."AreaEndAdmissionRevokedSince", "j"."BlockReasonCode", "j"."BlockReasonSince", "j"."CargoHoldingStartedAt", "j"."ConsumedSafetyResultMessageId", "j"."ConsumedSublotMessageId", "j"."CreatedAt", "j"."DemandId", "j"."DispatchGeneration", "j"."DispatchZone", "j"."ExpectedBasketCount", "j"."FullSlotPositionsJson", "j"."GateMovementLegId", "j"."GatePlanMessageId", "j"."GateStationId", "j"."GateStationRiotId", "j"."GateUpperId", "j"."GateVehicleBusinessMessageId", "j"."GateWorklistMessageId", "j"."LoadCommandMessageId", "j"."LoadSlotOperationAttemptId", "j"."LoadingClosedReason", "j"."LoadingPhaseState", "j"."MapId", "j"."MapIdentity", "j"."OperationSessionId", "j"."PickupMovementLegId", "j"."PickupStationId", "j"."PickupStationRiotId", "j"."PickupUpperId", "j"."PlanMessageId", "j"."PlanRevision", "j"."PreDepartureSafetyCheckId", "j"."PreDepartureSafetyCheckMessageId", "j"."RouteEvidenceId", "j"."Stage", "j"."StationDepartureWaitStartedAt", "j"."SublotRequestMessageId", "j"."TargetSlotsJson", "j"."UnloadCommandMessageId", "j"."UnloadSlotOperationAttemptId", "j"."UpdatedAt", "j"."VehicleBusinessMessageId", "j"."VehicleBusinessRevision", "j"."VehicleKey", "j"."WorklistMessageId", "j"."WorklistRevision", "j"."YieldTriggeredAt", "j"."YieldTriggeredByVehicleKey"
FROM "JourneyRuntimes" AS "j"
WHERE EXISTS (
    SELECT 1
    FROM "JourneyDemands" AS "j0"
    WHERE "j0"."RemovedAt" IS NULL AND "j0"."JourneyId" = "j"."JourneyId" AND "j0"."DemandId" = @__demandId_0) AND "j"."AgvId" = @__agvId_1 AND "j"."Stage" = 'Blocked'
LIMIT 2
[09:05:30 INF] Received HTTP response headers after 0.983ms - 200
[09:05:30 INF] End processing HTTP request after 63.0691ms - 200
[09:05:30 INF] End processing HTTP request after 129.5892ms - 200
[09:05:30 INF] Executed DbCommand (0ms) [Parameters=[@__mapId_0='?' (DbType = Int32)], CommandType='Text', CommandTimeout='30']
SELECT "t"."MapId", "t"."ActiveVersion", "t"."PendingVersion", "t"."State", "t"."UpdatedAt"
FROM "TaskTypeStationActiveBindingSets" AS "t"
WHERE "t"."MapId" = @__mapId_0
LIMIT 2
[09:05:30 INF] Start processing HTTP request GET http://127.0.0.1:48408/api/order/v1/orderRecord?pageNum=1&pageSize=100&filterByState=1&filterByState=3&filterByState=7&filterByState=9
[09:05:30 INF] Executed DbCommand (0ms) [Parameters=[@__mapId_0='?' (DbType = Int32), @__version_1='?' (DbType = Int64)], CommandType='Text', CommandTimeout='30']
SELECT "t"."MapId", "t"."Version", "t"."CatalogRevision", "t"."ContentSha256", "t"."LoadedAt", "t"."RuleVersion", "t"."SnapshotId", "t"."Source"
FROM "TaskTypeStationBindingSetVersions" AS "t"
WHERE "t"."MapId" = @__mapId_0 AND "t"."Version" = @__version_1
LIMIT 2
[09:05:30 INF] Sending HTTP request GET http://127.0.0.1:48408/api/order/v1/orderRecord?pageNum=1&pageSize=100&filterByState=1&filterByState=3&filterByState=7&filterByState=9
[09:05:30 INF] Executed DbCommand (0ms) [Parameters=[@__mapId_0='?' (DbType = Int32), @__version_1='?' (DbType = Int64)], CommandType='Text', CommandTimeout='30']
SELECT "t"."TaskType"
FROM "TaskTypeStationRequirements" AS "t"
WHERE "t"."MapId" = @__mapId_0 AND "t"."Version" = @__version_1
[09:05:30 INF] Received HTTP response headers after 1.0041ms - 200
[09:05:30 INF] Executed DbCommand (0ms) [Parameters=[@__demandId_0='?' (Size = 36)], CommandType='Text', CommandTimeout='30']
SELECT "s"."SlotOperationAttemptId", "s"."CommittedAt", "s"."ContentHash", "s"."CreatedAt", "s"."DemandId", "s"."EvidenceJson", "s"."ForcedRecoveryGeneration", "s"."OperationType", "s"."Status", "s"."SublotId", "s"."TargetSlotsJson"
FROM "StationOperations" AS "s"
WHERE "s"."DemandId" = @__demandId_0
[09:05:30 INF] Executed DbCommand (0ms) [Parameters=[@__mapId_0='?' (DbType = Int32), @__version_1='?' (DbType = Int64)], CommandType='Text', CommandTimeout='30']
SELECT "t"."MapId", "t"."Version", "t"."TaskType", "t"."SiteVerificationRef", "t"."StationName", "t"."StationRiotId"
FROM "TaskTypeStationBindings" AS "t"
WHERE "t"."MapId" = @__mapId_0 AND "t"."Version" = @__version_1
[09:05:30 INF] End processing HTTP request after 26.1172ms - 200
[09:05:30 INF] Executed DbCommand (0ms) [Parameters=[], CommandType='Text', CommandTimeout='30']
SELECT "p"."MessageId", "p"."AcknowledgedAt", "p"."CreatedAt", "p"."FencedAt", "p"."MessageType", "p"."PayloadJson"
FROM "ProtocolOutbox" AS "p"
WHERE "p"."MessageType" = 'ExceptionRecoverySessionSnapshot' AND "p"."AcknowledgedAt" IS NULL AND "p"."FencedAt" IS NULL
[09:05:30 INF] Executed DbCommand (0ms) [Parameters=[@__version_0='?' (DbType = Int64)], CommandType='Text', CommandTimeout='30']
SELECT "t"."Version", "t"."ContentSha256", "t"."LoadedAt", "t"."SnapshotId", "t"."Source"
FROM "TaskTypeStationRuleVersions" AS "t"
WHERE "t"."Version" = @__version_0
LIMIT 2
[09:05:30 INF] HTTP GET /api/onboard/v1/vehicle-safety responded 200 in 190.7460 ms
[09:05:30 INF] Executed DbCommand (0ms) [Parameters=[@__version_0='?' (DbType = Int64)], CommandType='Text', CommandTimeout='30']
SELECT "t"."Version", "t"."TaskType", "t"."FixedEnd"
FROM "TaskTypeStationRules" AS "t"
WHERE "t"."Version" = @__version_0
[09:05:30 INF] Executed DbCommand (0ms) [Parameters=[@__session_DemandId_0='?' (Size = 36)], CommandType='Text', CommandTimeout='30']
SELECT "s"."SlotOperationAttemptId", "s"."CommittedAt", "s"."ContentHash", "s"."CreatedAt", "s"."DemandId", "s"."EvidenceJson", "s"."ForcedRecoveryGeneration", "s"."OperationType", "s"."Status", "s"."SublotId", "s"."TargetSlotsJson"
FROM "StationOperations" AS "s"
WHERE "s"."DemandId" = @__session_DemandId_0
[09:05:30 INF] Executed DbCommand (0ms) [Parameters=[@__mapId_0='?' (DbType = Int32)], CommandType='Text', CommandTimeout='30']
SELECT "t"."MapId", "t"."ActiveVersion", "t"."PendingVersion", "t"."State", "t"."UpdatedAt"
FROM "TaskTypeStationActiveBindingSets" AS "t"
WHERE "t"."MapId" = @__mapId_0
LIMIT 2
[09:05:30 INF] Executed DbCommand (0ms) [Parameters=[@__mapId_0='?' (DbType = Int32)], CommandType='Text', CommandTimeout='30']
SELECT "t"."HoldId", "t"."DetailJson", "t"."MapId", "t"."RaisedAt", "t"."RaisedBy", "t"."ReasonCode", "t"."ReleasedAt", "t"."ReleasedBy", "t"."Source", "t"."TaskType"
FROM "TaskTypeStationHolds" AS "t"
WHERE "t"."MapId" = @__mapId_0 AND "t"."ReleasedAt" IS NULL
[09:05:30 INF] Executed DbCommand (0ms) [Parameters=[@__messageId_0='?' (Size = 36)], CommandType='Text', CommandTimeout='30']
SELECT "p"."MessageId", "p"."AcknowledgedAt", "p"."CreatedAt", "p"."FencedAt", "p"."MessageType", "p"."PayloadJson"
FROM "ProtocolOutbox" AS "p"
WHERE "p"."MessageId" = @__messageId_0
LIMIT 2
[09:05:30 INF] Executed DbCommand (0ms) [Parameters=[@__mapId_0='?' (DbType = Int32)], CommandType='Text', CommandTimeout='30']
SELECT "m"."MapId", "m"."ApprovedMaxUnconfirmedSeconds", "m"."ApprovedSyncPeriodSeconds", "m"."CatalogRevision", "m"."LastAttemptAt", "m"."LastCompleteConfirmationAt", "m"."LastFailureReason", "m"."State", "m"."UpdatedAt"
FROM "MapStationCatalogStates" AS "m"
WHERE "m"."MapId" = @__mapId_0
LIMIT 2
[09:05:30 INF] Executed DbCommand (0ms) [Parameters=[@__messageId_0='?' (Size = 36)], CommandType='Text', CommandTimeout='30']
SELECT "p"."MessageId", "p"."AcknowledgedAt", "p"."CreatedAt", "p"."FencedAt", "p"."MessageType", "p"."PayloadJson"
FROM "ProtocolOutbox" AS "p"
WHERE "p"."MessageId" = @__messageId_0
LIMIT 2
[09:05:30 INF] Executed DbCommand (0ms) [Parameters=[@p0='?' (Size = 36), @p1='?' (Size = 11), @p2='?' (Size = 25), @p3='?' (Size = 10), @p4='?' (Size = 36), @p5='?' (Size = 36), @p6='?' (DbType = Int64), @p7='?' (DbType = DateTimeOffset), @p8='?' (Size = 22), @p9='?' (Size = 64), @p10='?' (Size = 36), @p11='?' (DbType = Int64), @p12='?', @p13='?' (Size = 3), @p14='?' (Size = 4), @p15='?' (DbType = DateTimeOffset)], CommandType='Text', CommandTimeout='30']
INSERT INTO "ExceptionRecoverySessions" ("ExceptionRecoverySessionId", "AdministratorId", "AdministratorRole", "AgvId", "DemandId", "EventId", "ForcedRecoveryGeneration", "OpenedAt", "Reason", "RequestContentHash", "RequestId", "Revision", "SelectedAction", "SlotsJson", "State", "UpdatedAt")
VALUES (@p0, @p1, @p2, @p3, @p4, @p5, @p6, @p7, @p8, @p9, @p10, @p11, @p12, @p13, @p14, @p15);
[09:05:30 INF] Executed DbCommand (0ms) [Parameters=[@p0='?' (Size = 36), @p1='?' (DbType = DateTimeOffset), @p2='?' (DbType = DateTimeOffset), @p3='?' (DbType = DateTimeOffset), @p4='?' (Size = 32), @p5='?' (Size = 1067)], CommandType='Text', CommandTimeout='30']
INSERT INTO "ProtocolOutbox" ("MessageId", "AcknowledgedAt", "CreatedAt", "FencedAt", "MessageType", "PayloadJson")
VALUES (@p0, @p1, @p2, @p3, @p4, @p5);
[09:05:30 INF] Executed DbCommand (0ms) [Parameters=[@__session_DemandId_0='?' (Size = 36)], CommandType='Text', CommandTimeout='30']
SELECT "s"."SlotOperationAttemptId", "s"."CommittedAt", "s"."ContentHash", "s"."CreatedAt", "s"."DemandId", "s"."EvidenceJson", "s"."ForcedRecoveryGeneration", "s"."OperationType", "s"."Status", "s"."SublotId", "s"."TargetSlotsJson"
FROM "StationOperations" AS "s"
WHERE "s"."DemandId" = @__session_DemandId_0
[09:05:30 INF] Executed DbCommand (0ms) [Parameters=[@p0='?' (Size = 36), @p1='?' (Size = 64), @p2='?' (Size = 806), @p3='?' (Size = 33), @p4='?' (DbType = DateTimeOffset), @p5='?' (Size = 930)], CommandType='Text', CommandTimeout='30']
INSERT INTO "ProtocolInbox" ("MessageId", "ContentHash", "FirstResponseJson", "MessageType", "ReceivedAt", "RequestJson")
VALUES (@p0, @p1, @p2, @p3, @p4, @p5);
[09:05:30 INF] Executed DbCommand (0ms) [Parameters=[], CommandType='Text', CommandTimeout='30']
SELECT "p"."MessageId", "p"."AcknowledgedAt", "p"."CreatedAt", "p"."FencedAt", "p"."MessageType", "p"."PayloadJson"
FROM "ProtocolOutbox" AS "p"
WHERE "p"."MessageType" = 'ExceptionRecoverySessionSnapshot' AND "p"."AcknowledgedAt" IS NULL AND "p"."FencedAt" IS NULL
[09:05:30 INF] Executed DbCommand (0ms) [Parameters=[@__messageId_0='?' (Size = 36)], CommandType='Text', CommandTimeout='30']
SELECT "p"."MessageId", "p"."AcknowledgedAt", "p"."CreatedAt", "p"."FencedAt", "p"."MessageType", "p"."PayloadJson"
FROM "ProtocolOutbox" AS "p"
WHERE "p"."MessageId" = @__messageId_0
LIMIT 2
[09:05:30 INF] Executed DbCommand (0ms) [Parameters=[@__messageId_0='?' (Size = 36)], CommandType='Text', CommandTimeout='30']
SELECT "p"."MessageId", "p"."ContentHash", "p"."FirstResponseJson", "p"."MessageType", "p"."ReceivedAt", "p"."RequestJson"
FROM "ProtocolInbox" AS "p"
WHERE "p"."MessageId" = @__messageId_0
LIMIT 2
[09:05:30 INF] Executed DbCommand (0ms) [Parameters=[@__recoverySessionId_0='?' (Size = 36)], CommandType='Text', CommandTimeout='30']
SELECT "e"."ExceptionRecoverySessionId", "e"."AdministratorId", "e"."AdministratorRole", "e"."AgvId", "e"."DemandId", "e"."EventId", "e"."ForcedRecoveryGeneration", "e"."OpenedAt", "e"."Reason", "e"."RequestContentHash", "e"."RequestId", "e"."Revision", "e"."SelectedAction", "e"."SlotsJson", "e"."State", "e"."UpdatedAt"
FROM "ExceptionRecoverySessions" AS "e"
WHERE "e"."ExceptionRecoverySessionId" = @__recoverySessionId_0
LIMIT 2
[09:05:30 INF] Executed DbCommand (0ms) [Parameters=[@__actionId_0='?' (Size = 36)], CommandType='Text', CommandTimeout='30']
SELECT "r"."WorkflowId", "r"."AgvId", "r"."CommandContentHash", "r"."CommandMessageId", "r"."CommandMessageType", "r"."CreatedAt", "r"."DemandId", "r"."ExceptionRecoverySessionId", "r"."ForcedRecoveryGeneration", "r"."HandoffId", "r"."Outcome", "r"."RequestContentHash", "r"."RequestMessageId", "r"."ResultContentHash", "r"."ResultMessageId", "r"."SlotOperationAttemptId", "r"."SlotsJson", "r"."State", "r"."UpdatedAt", "r"."WorkflowType"
FROM "RecoveryWorkflows" AS "r"
WHERE "r"."WorkflowId" = @__actionId_0
LIMIT 2
[09:05:30 INF] Executed DbCommand (0ms) [Parameters=[@__session_DemandId_0='?' (Size = 36)], CommandType='Text', CommandTimeout='30']
SELECT "s"."SlotOperationAttemptId", "s"."CommittedAt", "s"."ContentHash", "s"."CreatedAt", "s"."DemandId", "s"."EvidenceJson", "s"."ForcedRecoveryGeneration", "s"."OperationType", "s"."Status", "s"."SublotId", "s"."TargetSlotsJson"
FROM "StationOperations" AS "s"
WHERE "s"."DemandId" = @__session_DemandId_0
[09:05:30 INF] Executed DbCommand (0ms) [Parameters=[@__demandId_0='?' (Size = 36)], CommandType='Text', CommandTimeout='30']
SELECT "s"."SlotOperationAttemptId", "s"."CommittedAt", "s"."ContentHash", "s"."CreatedAt", "s"."DemandId", "s"."EvidenceJson", "s"."ForcedRecoveryGeneration", "s"."OperationType", "s"."Status", "s"."SublotId", "s"."TargetSlotsJson"
FROM "StationOperations" AS "s"
WHERE "s"."DemandId" = @__demandId_0
[09:05:30 INF] Executed DbCommand (0ms) [Parameters=[@__session_AgvId_0='?' (Size = 10)], CommandType='Text', CommandTimeout='30']
SELECT "s"."AgvId", "s"."ActiveUnlockSlotsJson", "s"."CapabilityHash", "s"."CapabilityRevision", "s"."DepartureSafe", "s"."ForcedRecoveryGeneration", "s"."ManifestSha256", "s"."PendingAttemptIdsJson", "s"."PendingResultIdsJson", "s"."ProfileId", "s"."ProtocolCommit", "s"."ProtocolVersion", "s"."ProvenRecoveryCheckpoint", "s"."Readiness", "s"."ReasonCode", "s"."RecoveryReportId", "s"."ReportedForcedRecoveryGeneration", "s"."ReportedSlotConfigurationFingerprint", "s"."SafetyHash", "s"."SafetyReasonCodesJson", "s"."SafetyRevision", "s"."SafetyUnknownPresent", "s"."SessionGeneration", "s"."UnsettledSlotOperationAttemptId", "s"."UpdatedAt"
FROM "SessionRecoveries" AS "s"
WHERE "s"."AgvId" = @__session_AgvId_0
LIMIT 2
[09:05:30 INF] Executed DbCommand (0ms) [Parameters=[@__action_0='?' (Size = 25), @__recoverySessionId_1='?' (Size = 36)], CommandType='Text', CommandTimeout='30']
SELECT EXISTS (
    SELECT 1
    FROM "RecoveryWorkflows" AS "r"
    WHERE "r"."WorkflowType" = @__action_0 AND "r"."State" IN ('CommandPending', 'AwaitingResult') AND "r"."ExceptionRecoverySessionId" = @__recoverySessionId_1)
[09:05:30 INF] Executed DbCommand (0ms) [Parameters=[], CommandType='Text', CommandTimeout='30']
SELECT "p"."MessageId", "p"."AcknowledgedAt", "p"."CreatedAt", "p"."FencedAt", "p"."MessageType", "p"."PayloadJson"
FROM "ProtocolOutbox" AS "p"
WHERE "p"."MessageType" = 'ExceptionRecoverySessionSnapshot' AND "p"."AcknowledgedAt" IS NULL AND "p"."FencedAt" IS NULL
[09:05:30 INF] Executed DbCommand (0ms) [Parameters=[@__session_DemandId_0='?' (Size = 36)], CommandType='Text', CommandTimeout='30']
SELECT "s"."SlotOperationAttemptId", "s"."CommittedAt", "s"."ContentHash", "s"."CreatedAt", "s"."DemandId", "s"."EvidenceJson", "s"."ForcedRecoveryGeneration", "s"."OperationType", "s"."Status", "s"."SublotId", "s"."TargetSlotsJson"
FROM "StationOperations" AS "s"
WHERE "s"."DemandId" = @__session_DemandId_0
[09:05:30 INF] Executed DbCommand (0ms) [Parameters=[@__messageId_0='?' (Size = 36)], CommandType='Text', CommandTimeout='30']
SELECT "p"."MessageId", "p"."AcknowledgedAt", "p"."CreatedAt", "p"."FencedAt", "p"."MessageType", "p"."PayloadJson"
FROM "ProtocolOutbox" AS "p"
WHERE "p"."MessageId" = @__messageId_0
LIMIT 2
[09:05:30 INF] Executed DbCommand (0ms) [Parameters=[@__messageId_0='?' (Size = 36)], CommandType='Text', CommandTimeout='30']
SELECT "p"."MessageId", "p"."AcknowledgedAt", "p"."CreatedAt", "p"."FencedAt", "p"."MessageType", "p"."PayloadJson"
FROM "ProtocolOutbox" AS "p"
WHERE "p"."MessageId" = @__messageId_0
LIMIT 2
[09:05:30 INF] Executed DbCommand (0ms) [Parameters=[@p4='?' (Size = 36), @p0='?' (DbType = Int64), @p1='?' (Size = 25), @p2='?' (Size = 15), @p3='?' (DbType = DateTimeOffset)], CommandType='Text', CommandTimeout='30']
UPDATE "ExceptionRecoverySessions" SET "Revision" = @p0, "SelectedAction" = @p1, "State" = @p2, "UpdatedAt" = @p3
WHERE "ExceptionRecoverySessionId" = @p4
RETURNING 1;
[09:05:30 INF] Executed DbCommand (0ms) [Parameters=[@p1='?' (Size = 36), @p0='?' (DbType = DateTimeOffset)], CommandType='Text', CommandTimeout='30']
UPDATE "ProtocolOutbox" SET "FencedAt" = @p0
WHERE "MessageId" = @p1
RETURNING 1;
[09:05:30 INF] Executed DbCommand (0ms) [Parameters=[@p0='?' (Size = 36), @p1='?' (DbType = DateTimeOffset), @p2='?' (DbType = DateTimeOffset), @p3='?' (DbType = DateTimeOffset), @p4='?' (Size = 32), @p5='?' (Size = 1001)], CommandType='Text', CommandTimeout='30']
INSERT INTO "ProtocolOutbox" ("MessageId", "AcknowledgedAt", "CreatedAt", "FencedAt", "MessageType", "PayloadJson")
VALUES (@p0, @p1, @p2, @p3, @p4, @p5);
[09:05:30 INF] Executed DbCommand (0ms) [Parameters=[@p0='?' (Size = 36), @p1='?' (Size = 10), @p2='?', @p3='?', @p4='?', @p5='?' (DbType = DateTimeOffset), @p6='?' (Size = 36), @p7='?' (Size = 36), @p8='?' (DbType = Int64), @p9='?', @p10='?', @p11='?' (Size = 64), @p12='?' (Size = 36), @p13='?', @p14='?', @p15='?' (Size = 36), @p16='?' (Size = 3), @p17='?' (Size = 21), @p18='?' (DbType = DateTimeOffset), @p19='?' (Size = 25)], CommandType='Text', CommandTimeout='30']
INSERT INTO "RecoveryWorkflows" ("WorkflowId", "AgvId", "CommandContentHash", "CommandMessageId", "CommandMessageType", "CreatedAt", "DemandId", "ExceptionRecoverySessionId", "ForcedRecoveryGeneration", "HandoffId", "Outcome", "RequestContentHash", "RequestMessageId", "ResultContentHash", "ResultMessageId", "SlotOperationAttemptId", "SlotsJson", "State", "UpdatedAt", "WorkflowType")
VALUES (@p0, @p1, @p2, @p3, @p4, @p5, @p6, @p7, @p8, @p9, @p10, @p11, @p12, @p13, @p14, @p15, @p16, @p17, @p18, @p19);
[09:05:30 INF] Executed DbCommand (0ms) [Parameters=[@p0='?' (Size = 36), @p1='?' (Size = 64), @p2='?' (Size = 741), @p3='?' (Size = 23), @p4='?' (DbType = DateTimeOffset), @p5='?' (Size = 939)], CommandType='Text', CommandTimeout='30']
INSERT INTO "ProtocolInbox" ("MessageId", "ContentHash", "FirstResponseJson", "MessageType", "ReceivedAt", "RequestJson")
VALUES (@p0, @p1, @p2, @p3, @p4, @p5);
[09:05:30 INF] Executed DbCommand (0ms) [Parameters=[@__workflowId_0='?' (Size = 36)], CommandType='Text', CommandTimeout='30']
SELECT "r"."WorkflowId", "r"."AgvId", "r"."CommandContentHash", "r"."CommandMessageId", "r"."CommandMessageType", "r"."CreatedAt", "r"."DemandId", "r"."ExceptionRecoverySessionId", "r"."ForcedRecoveryGeneration", "r"."HandoffId", "r"."Outcome", "r"."RequestContentHash", "r"."RequestMessageId", "r"."ResultContentHash", "r"."ResultMessageId", "r"."SlotOperationAttemptId", "r"."SlotsJson", "r"."State", "r"."UpdatedAt", "r"."WorkflowType"
FROM "RecoveryWorkflows" AS "r"
WHERE "r"."WorkflowId" = @__workflowId_0
LIMIT 2
[09:05:30 INF] Executed DbCommand (0ms) [Parameters=[], CommandType='Text', CommandTimeout='30']
SELECT "p"."MessageId", "p"."AcknowledgedAt", "p"."CreatedAt", "p"."FencedAt", "p"."MessageType", "p"."PayloadJson"
FROM "ProtocolOutbox" AS "p"
WHERE "p"."MessageType" = 'ExceptionRecoverySessionSnapshot' AND "p"."AcknowledgedAt" IS NULL AND "p"."FencedAt" IS NULL
[09:05:30 INF] Executed DbCommand (0ms) [Parameters=[@__messageId_0='?' (Size = 36)], CommandType='Text', CommandTimeout='30']
SELECT "p"."MessageId", "p"."AcknowledgedAt", "p"."CreatedAt", "p"."FencedAt", "p"."MessageType", "p"."PayloadJson"
FROM "ProtocolOutbox" AS "p"
WHERE "p"."MessageId" = @__messageId_0
LIMIT 2
[09:05:30 INF] Executed DbCommand (0ms) [Parameters=[@__messageId_0='?' (Size = 36)], CommandType='Text', CommandTimeout='30']
SELECT "p"."MessageId", "p"."ContentHash", "p"."FirstResponseJson", "p"."MessageType", "p"."ReceivedAt", "p"."RequestJson"
FROM "ProtocolInbox" AS "p"
WHERE "p"."MessageId" = @__messageId_0
LIMIT 2
[09:05:30 INF] Executed DbCommand (0ms) [Parameters=[@__actionId_0='?' (Size = 36)], CommandType='Text', CommandTimeout='30']
SELECT "r"."WorkflowId", "r"."AgvId", "r"."CommandContentHash", "r"."CommandMessageId", "r"."CommandMessageType", "r"."CreatedAt", "r"."DemandId", "r"."ExceptionRecoverySessionId", "r"."ForcedRecoveryGeneration", "r"."HandoffId", "r"."Outcome", "r"."RequestContentHash", "r"."RequestMessageId", "r"."ResultContentHash", "r"."ResultMessageId", "r"."SlotOperationAttemptId", "r"."SlotsJson", "r"."State", "r"."UpdatedAt", "r"."WorkflowType"
FROM "RecoveryWorkflows" AS "r"
WHERE "r"."WorkflowId" = @__actionId_0 AND "r"."WorkflowType" = 'COMPENSATE_LOAD_ALL_EMPTY'
LIMIT 2
[09:05:30 INF] Executed DbCommand (0ms) [Parameters=[@__workflow_ExceptionRecoverySessionId_0='?' (Size = 36)], CommandType='Text', CommandTimeout='30']
SELECT "e"."ExceptionRecoverySessionId", "e"."AdministratorId", "e"."AdministratorRole", "e"."AgvId", "e"."DemandId", "e"."EventId", "e"."ForcedRecoveryGeneration", "e"."OpenedAt", "e"."Reason", "e"."RequestContentHash", "e"."RequestId", "e"."Revision", "e"."SelectedAction", "e"."SlotsJson", "e"."State", "e"."UpdatedAt"
FROM "ExceptionRecoverySessions" AS "e"
WHERE "e"."ExceptionRecoverySessionId" = @__workflow_ExceptionRecoverySessionId_0
LIMIT 2
[09:05:30 INF] Executed DbCommand (0ms) [Parameters=[@__actionId_0='?' (Size = 36), @__workflow_ExceptionRecoverySessionId_1='?' (Size = 36)], CommandType='Text', CommandTimeout='30']
SELECT EXISTS (
    SELECT 1
    FROM "RecoveryWorkflows" AS "r"
    WHERE "r"."WorkflowType" = 'COMPENSATE_LOAD_ALL_EMPTY' AND "r"."WorkflowId" <> @__actionId_0 AND "r"."ExceptionRecoverySessionId" = @__workflow_ExceptionRecoverySessionId_1 AND "r"."State" IN ('CommandPending', 'AwaitingResult'))
[09:05:30 INF] Executed DbCommand (0ms) [Parameters=[@__messageId_0='?' (Size = 36)], CommandType='Text', CommandTimeout='30']
SELECT "p"."MessageId", "p"."AcknowledgedAt", "p"."CreatedAt", "p"."FencedAt", "p"."MessageType", "p"."PayloadJson"
FROM "ProtocolOutbox" AS "p"
WHERE "p"."MessageId" = @__messageId_0
LIMIT 2
[09:05:30 INF] Executed DbCommand (0ms) [Parameters=[@__messageId_0='?' (Size = 36)], CommandType='Text', CommandTimeout='30']
SELECT "p"."MessageId", "p"."AcknowledgedAt", "p"."CreatedAt", "p"."FencedAt", "p"."MessageType", "p"."PayloadJson"
FROM "ProtocolOutbox" AS "p"
WHERE "p"."MessageId" = @__messageId_0
LIMIT 2
[09:05:30 INF] Executed DbCommand (0ms) [Parameters=[@p0='?' (Size = 36), @p1='?' (DbType = DateTimeOffset), @p2='?' (DbType = DateTimeOffset), @p3='?' (DbType = DateTimeOffset), @p4='?' (Size = 23), @p5='?' (Size = 775)], CommandType='Text', CommandTimeout='30']
INSERT INTO "ProtocolOutbox" ("MessageId", "AcknowledgedAt", "CreatedAt", "FencedAt", "MessageType", "PayloadJson")
VALUES (@p0, @p1, @p2, @p3, @p4, @p5);
[09:05:30 INF] Executed DbCommand (0ms) [Parameters=[], CommandType='Text', CommandTimeout='30']
SELECT "p"."MessageId", "p"."AcknowledgedAt", "p"."CreatedAt", "p"."FencedAt", "p"."MessageType", "p"."PayloadJson"
FROM "ProtocolOutbox" AS "p"
WHERE "p"."MessageType" = 'ExceptionRecoverySessionSnapshot' AND "p"."AcknowledgedAt" IS NULL AND "p"."FencedAt" IS NULL
[09:05:30 INF] Executed DbCommand (0ms) [Parameters=[@__session_DemandId_0='?' (Size = 36)], CommandType='Text', CommandTimeout='30']
SELECT "s"."SlotOperationAttemptId", "s"."CommittedAt", "s"."ContentHash", "s"."CreatedAt", "s"."DemandId", "s"."EvidenceJson", "s"."ForcedRecoveryGeneration", "s"."OperationType", "s"."Status", "s"."SublotId", "s"."TargetSlotsJson"
FROM "StationOperations" AS "s"
WHERE "s"."DemandId" = @__session_DemandId_0
[09:05:30 INF] Executed DbCommand (0ms) [Parameters=[@__messageId_0='?' (Size = 36)], CommandType='Text', CommandTimeout='30']
SELECT "p"."MessageId", "p"."AcknowledgedAt", "p"."CreatedAt", "p"."FencedAt", "p"."MessageType", "p"."PayloadJson"
FROM "ProtocolOutbox" AS "p"
WHERE "p"."MessageId" = @__messageId_0
LIMIT 2
[09:05:30 INF] Executed DbCommand (0ms) [Parameters=[@__messageId_0='?' (Size = 36)], CommandType='Text', CommandTimeout='30']
SELECT "p"."MessageId", "p"."AcknowledgedAt", "p"."CreatedAt", "p"."FencedAt", "p"."MessageType", "p"."PayloadJson"
FROM "ProtocolOutbox" AS "p"
WHERE "p"."MessageId" = @__messageId_0
LIMIT 2
[09:05:30 INF] Executed DbCommand (0ms) [Parameters=[@p3='?' (Size = 36), @p0='?' (DbType = Int64), @p1='?' (Size = 9), @p2='?' (DbType = DateTimeOffset)], CommandType='Text', CommandTimeout='30']
UPDATE "ExceptionRecoverySessions" SET "Revision" = @p0, "State" = @p1, "UpdatedAt" = @p2
WHERE "ExceptionRecoverySessionId" = @p3
RETURNING 1;
[09:05:30 INF] Executed DbCommand (0ms) [Parameters=[@p1='?' (Size = 36), @p0='?' (DbType = DateTimeOffset)], CommandType='Text', CommandTimeout='30']
UPDATE "ProtocolOutbox" SET "FencedAt" = @p0
WHERE "MessageId" = @p1
RETURNING 1;
[09:05:30 INF] Executed DbCommand (0ms) [Parameters=[@p0='?' (Size = 36), @p1='?' (DbType = DateTimeOffset), @p2='?' (DbType = DateTimeOffset), @p3='?' (DbType = DateTimeOffset), @p4='?' (Size = 32), @p5='?' (Size = 995)], CommandType='Text', CommandTimeout='30']
INSERT INTO "ProtocolOutbox" ("MessageId", "AcknowledgedAt", "CreatedAt", "FencedAt", "MessageType", "PayloadJson")
VALUES (@p0, @p1, @p2, @p3, @p4, @p5);
[09:05:30 INF] Executed DbCommand (0ms) [Parameters=[@p5='?' (Size = 36), @p0='?' (Size = 64), @p1='?' (Size = 36), @p2='?' (Size = 23), @p3='?' (Size = 14), @p4='?' (DbType = DateTimeOffset)], CommandType='Text', CommandTimeout='30']
UPDATE "RecoveryWorkflows" SET "CommandContentHash" = @p0, "CommandMessageId" = @p1, "CommandMessageType" = @p2, "State" = @p3, "UpdatedAt" = @p4
WHERE "WorkflowId" = @p5
RETURNING 1;
[09:05:30 INF] Executed DbCommand (0ms) [Parameters=[@p0='?' (Size = 36), @p1='?' (Size = 64), @p2='?', @p3='?' (Size = 25), @p4='?' (DbType = DateTimeOffset), @p5='?' (Size = 762)], CommandType='Text', CommandTimeout='30']
INSERT INTO "ProtocolInbox" ("MessageId", "ContentHash", "FirstResponseJson", "MessageType", "ReceivedAt", "RequestJson")
VALUES (@p0, @p1, @p2, @p3, @p4, @p5);
[09:05:30 INF] Executed DbCommand (0ms) [Parameters=[@__workflowId_0='?' (Size = 36)], CommandType='Text', CommandTimeout='30']
SELECT "r"."WorkflowId", "r"."AgvId", "r"."CommandContentHash", "r"."CommandMessageId", "r"."CommandMessageType", "r"."CreatedAt", "r"."DemandId", "r"."ExceptionRecoverySessionId", "r"."ForcedRecoveryGeneration", "r"."HandoffId", "r"."Outcome", "r"."RequestContentHash", "r"."RequestMessageId", "r"."ResultContentHash", "r"."ResultMessageId", "r"."SlotOperationAttemptId", "r"."SlotsJson", "r"."State", "r"."UpdatedAt", "r"."WorkflowType"
FROM "RecoveryWorkflows" AS "r"
WHERE "r"."WorkflowId" = @__workflowId_0
LIMIT 2
[09:05:30 INF] Executed DbCommand (0ms) [Parameters=[@__messageId_0='?' (Size = 36)], CommandType='Text', CommandTimeout='30']
SELECT "p"."MessageId", "p"."AcknowledgedAt", "p"."CreatedAt", "p"."FencedAt", "p"."MessageType", "p"."PayloadJson"
FROM "ProtocolOutbox" AS "p"
WHERE "p"."MessageId" = @__messageId_0
LIMIT 2
[09:05:30 INF] Executed DbCommand (0ms) [Parameters=[], CommandType='Text', CommandTimeout='30']
SELECT "p"."MessageId", "p"."AcknowledgedAt", "p"."CreatedAt", "p"."FencedAt", "p"."MessageType", "p"."PayloadJson"
FROM "ProtocolOutbox" AS "p"
WHERE "p"."MessageType" = 'ExceptionRecoverySessionSnapshot' AND "p"."AcknowledgedAt" IS NULL AND "p"."FencedAt" IS NULL
[09:05:30 INF] Executed DbCommand (0ms) [Parameters=[@__messageId_0='?' (Size = 36)], CommandType='Text', CommandTimeout='30']
SELECT "p"."MessageId", "p"."AcknowledgedAt", "p"."CreatedAt", "p"."FencedAt", "p"."MessageType", "p"."PayloadJson"
FROM "ProtocolOutbox" AS "p"
WHERE "p"."MessageId" = @__messageId_0
LIMIT 2
[09:05:30 INF] Executed DbCommand (0ms) [Parameters=[@__messageId_0='?' (Size = 36)], CommandType='Text', CommandTimeout='30']
SELECT "p"."MessageId", "p"."ContentHash", "p"."FirstResponseJson", "p"."MessageType", "p"."ReceivedAt", "p"."RequestJson"
FROM "ProtocolInbox" AS "p"
WHERE "p"."MessageId" = @__messageId_0
LIMIT 2
[09:05:30 INF] Executed DbCommand (0ms) [Parameters=[@__agvId_0='?' (Size = 10)], CommandType='Text', CommandTimeout='30']
SELECT "o"."AlarmsJson"
FROM "OnboardAlarmSnapshots" AS "o"
WHERE "o"."AgvId" = @__agvId_0
LIMIT 1
[09:05:30 INF] Executed DbCommand (0ms) [Parameters=[@__snapshot_AgvId_0='?' (Size = 10)], CommandType='Text', CommandTimeout='30']
SELECT "o"."AgvId", "o"."AlarmsJson", "o"."CapturedAt", "o"."ReceivedAt", "o"."SessionGeneration", "o"."SnapshotSequence"
FROM "OnboardAlarmSnapshots" AS "o"
WHERE "o"."AgvId" = @__snapshot_AgvId_0
LIMIT 1
[09:05:30 INF] Executed DbCommand (0ms) [Parameters=[@p4='?' (Size = 10), @p0='?' (Size = 2), @p1='?' (DbType = DateTimeOffset), @p2='?' (DbType = DateTimeOffset), @p3='?' (DbType = Int64)], CommandType='Text', CommandTimeout='30']
UPDATE "OnboardAlarmSnapshots" SET "AlarmsJson" = @p0, "CapturedAt" = @p1, "ReceivedAt" = @p2, "SnapshotSequence" = @p3
WHERE "AgvId" = @p4
RETURNING 1;
[09:05:30 INF] Executed DbCommand (0ms) [Parameters=[@__agvId_0='?' (Size = 10)], CommandType='Text', CommandTimeout='30']
SELECT "o"."AlarmsJson"
FROM "OnboardAlarmSnapshots" AS "o"
WHERE "o"."AgvId" = @__agvId_0
LIMIT 1
[09:05:30 INF] Executed DbCommand (0ms) [Parameters=[@p0='?' (Size = 36), @p1='?' (Size = 64), @p2='?' (Size = 625), @p3='?' (Size = 20), @p4='?' (DbType = DateTimeOffset), @p5='?' (Size = 485)], CommandType='Text', CommandTimeout='30']
INSERT INTO "ProtocolInbox" ("MessageId", "ContentHash", "FirstResponseJson", "MessageType", "ReceivedAt", "RequestJson")
VALUES (@p0, @p1, @p2, @p3, @p4, @p5);
[09:05:30 INF] Executed DbCommand (0ms) [Parameters=[@__messageId_0='?' (Size = 36)], CommandType='Text', CommandTimeout='30']
SELECT "p"."MessageId", "p"."ContentHash", "p"."FirstResponseJson", "p"."MessageType", "p"."ReceivedAt", "p"."RequestJson"
FROM "ProtocolInbox" AS "p"
WHERE "p"."MessageId" = @__messageId_0
LIMIT 2
[09:05:30 INF] Executed DbCommand (0ms) [Parameters=[@p0='?' (Size = 36), @p1='?' (Size = 64), @p2='?' (Size = 665), @p3='?' (Size = 17), @p4='?' (DbType = DateTimeOffset), @p5='?' (Size = 572)], CommandType='Text', CommandTimeout='30']
INSERT INTO "ProtocolInbox" ("MessageId", "ContentHash", "FirstResponseJson", "MessageType", "ReceivedAt", "RequestJson")
VALUES (@p0, @p1, @p2, @p3, @p4, @p5);
[09:05:30 INF] Executed DbCommand (311ms) [Parameters=[@p3='?' (DbType = Int32), @p0='?' (DbType = DateTimeOffset), @p1='?' (DbType = DateTimeOffset), @p2='?' (DbType = DateTimeOffset)], CommandType='Text', CommandTimeout='30']
UPDATE "MapStationCatalogStates" SET "LastAttemptAt" = @p0, "LastCompleteConfirmationAt" = @p1, "UpdatedAt" = @p2
WHERE "MapId" = @p3
RETURNING 1;
[09:05:30 INF] Executed DbCommand (0ms) [Parameters=[@__mapId_0='?' (DbType = Int32)], CommandType='Text', CommandTimeout='30']
SELECT "t"."MapId", "t"."ActiveVersion", "t"."PendingVersion", "t"."State", "t"."UpdatedAt"
FROM "TaskTypeStationActiveBindingSets" AS "t"
WHERE "t"."MapId" = @__mapId_0
LIMIT 2
[09:05:30 INF] Executed DbCommand (0ms) [Parameters=[@__mapId_0='?' (DbType = Int32), @__version_1='?' (DbType = Int64)], CommandType='Text', CommandTimeout='30']
SELECT "t"."MapId", "t"."Version", "t"."CatalogRevision", "t"."ContentSha256", "t"."LoadedAt", "t"."RuleVersion", "t"."SnapshotId", "t"."Source"
FROM "TaskTypeStationBindingSetVersions" AS "t"
WHERE "t"."MapId" = @__mapId_0 AND "t"."Version" = @__version_1
LIMIT 2
[09:05:30 INF] Executed DbCommand (0ms) [Parameters=[@__mapId_0='?' (DbType = Int32), @__version_1='?' (DbType = Int64)], CommandType='Text', CommandTimeout='30']
SELECT "t"."TaskType"
FROM "TaskTypeStationRequirements" AS "t"
WHERE "t"."MapId" = @__mapId_0 AND "t"."Version" = @__version_1
[09:05:30 INF] Executed DbCommand (0ms) [Parameters=[@__mapId_0='?' (DbType = Int32), @__version_1='?' (DbType = Int64)], CommandType='Text', CommandTimeout='30']
SELECT "t"."MapId", "t"."Version", "t"."TaskType", "t"."SiteVerificationRef", "t"."StationName", "t"."StationRiotId"
FROM "TaskTypeStationBindings" AS "t"
WHERE "t"."MapId" = @__mapId_0 AND "t"."Version" = @__version_1
[09:05:31 INF] Executed DbCommand (0ms) [Parameters=[@__mapId_0='?' (DbType = Int32)], CommandType='Text', CommandTimeout='30']
SELECT "t"."MapId", "t"."ActiveVersion", "t"."PendingVersion", "t"."State", "t"."UpdatedAt"
FROM "TaskTypeStationActiveBindingSets" AS "t"
WHERE "t"."MapId" = @__mapId_0
LIMIT 2
[09:05:31 INF] Executed DbCommand (0ms) [Parameters=[@__mapId_0='?' (DbType = Int32), @__version_1='?' (DbType = Int64)], CommandType='Text', CommandTimeout='30']
SELECT "t"."MapId", "t"."Version", "t"."CatalogRevision", "t"."ContentSha256", "t"."LoadedAt", "t"."RuleVersion", "t"."SnapshotId", "t"."Source"
FROM "TaskTypeStationBindingSetVersions" AS "t"
WHERE "t"."MapId" = @__mapId_0 AND "t"."Version" = @__version_1
LIMIT 2
[09:05:31 INF] Executed DbCommand (0ms) [Parameters=[@__mapId_0='?' (DbType = Int32), @__version_1='?' (DbType = Int64)], CommandType='Text', CommandTimeout='30']
SELECT "t"."TaskType"
FROM "TaskTypeStationRequirements" AS "t"
WHERE "t"."MapId" = @__mapId_0 AND "t"."Version" = @__version_1
[09:05:31 INF] Executed DbCommand (0ms) [Parameters=[@__mapId_0='?' (DbType = Int32), @__version_1='?' (DbType = Int64)], CommandType='Text', CommandTimeout='30']
SELECT "t"."MapId", "t"."Version", "t"."TaskType", "t"."SiteVerificationRef", "t"."StationName", "t"."StationRiotId"
FROM "TaskTypeStationBindings" AS "t"
WHERE "t"."MapId" = @__mapId_0 AND "t"."Version" = @__version_1
[09:05:31 INF] Executed DbCommand (0ms) [Parameters=[@__version_0='?' (DbType = Int64)], CommandType='Text', CommandTimeout='30']
SELECT "t"."Version", "t"."ContentSha256", "t"."LoadedAt", "t"."SnapshotId", "t"."Source"
FROM "TaskTypeStationRuleVersions" AS "t"
WHERE "t"."Version" = @__version_0
LIMIT 2
[09:05:31 INF] Executed DbCommand (0ms) [Parameters=[@__version_0='?' (DbType = Int64)], CommandType='Text', CommandTimeout='30']
SELECT "t"."Version", "t"."TaskType", "t"."FixedEnd"
FROM "TaskTypeStationRules" AS "t"
WHERE "t"."Version" = @__version_0
[09:05:31 INF] Executed DbCommand (0ms) [Parameters=[], CommandType='Text', CommandTimeout='30']
SELECT "a"."Id", "a"."ContentHash", "a"."DeploymentId", "a"."ImportedAt", "a"."Version"
FROM "AdmissionPolicyState" AS "a"
WHERE "a"."Id" = 1
LIMIT 2
[09:05:31 INF] Executed DbCommand (0ms) [Parameters=[], CommandType='Text', CommandTimeout='30']
SELECT "j"."JourneyId", "j"."AgvId", "j"."AgvLifecycleGeneration", "j"."AreaEndAdmissionRevokedSince", "j"."BlockReasonCode", "j"."BlockReasonSince", "j"."CargoHoldingStartedAt", "j"."ConsumedSafetyResultMessageId", "j"."ConsumedSublotMessageId", "j"."CreatedAt", "j"."DemandId", "j"."DispatchGeneration", "j"."DispatchZone", "j"."ExpectedBasketCount", "j"."FullSlotPositionsJson", "j"."GateMovementLegId", "j"."GatePlanMessageId", "j"."GateStationId", "j"."GateStationRiotId", "j"."GateUpperId", "j"."GateVehicleBusinessMessageId", "j"."GateWorklistMessageId", "j"."LoadCommandMessageId", "j"."LoadSlotOperationAttemptId", "j"."LoadingClosedReason", "j"."LoadingPhaseState", "j"."MapId", "j"."MapIdentity", "j"."OperationSessionId", "j"."PickupMovementLegId", "j"."PickupStationId", "j"."PickupStationRiotId", "j"."PickupUpperId", "j"."PlanMessageId", "j"."PlanRevision", "j"."PreDepartureSafetyCheckId", "j"."PreDepartureSafetyCheckMessageId", "j"."RouteEvidenceId", "j"."Stage", "j"."StationDepartureWaitStartedAt", "j"."SublotRequestMessageId", "j"."TargetSlotsJson", "j"."UnloadCommandMessageId", "j"."UnloadSlotOperationAttemptId", "j"."UpdatedAt", "j"."VehicleBusinessMessageId", "j"."VehicleBusinessRevision", "j"."VehicleKey", "j"."WorklistMessageId", "j"."WorklistRevision", "j"."YieldTriggeredAt", "j"."YieldTriggeredByVehicleKey"
FROM "JourneyRuntimes" AS "j"
WHERE "j"."Stage" <> 'Completed'
[09:05:31 INF] Executed DbCommand (0ms) [Parameters=[@__messageId_0='?' (Size = 36)], CommandType='Text', CommandTimeout='30']
SELECT "p"."MessageId", "p"."ContentHash", "p"."FirstResponseJson", "p"."MessageType", "p"."ReceivedAt", "p"."RequestJson"
FROM "ProtocolInbox" AS "p"
WHERE "p"."MessageId" = @__messageId_0
LIMIT 2
[09:05:31 INF] Executed DbCommand (0ms) [Parameters=[@__agvId_0='?' (Size = 10)], CommandType='Text', CommandTimeout='30']
SELECT "s"."AgvId", "s"."ActiveUnlockSlotsJson", "s"."CapabilityHash", "s"."CapabilityRevision", "s"."DepartureSafe", "s"."ForcedRecoveryGeneration", "s"."ManifestSha256", "s"."PendingAttemptIdsJson", "s"."PendingResultIdsJson", "s"."ProfileId", "s"."ProtocolCommit", "s"."ProtocolVersion", "s"."ProvenRecoveryCheckpoint", "s"."Readiness", "s"."ReasonCode", "s"."RecoveryReportId", "s"."ReportedForcedRecoveryGeneration", "s"."ReportedSlotConfigurationFingerprint", "s"."SafetyHash", "s"."SafetyReasonCodesJson", "s"."SafetyRevision", "s"."SafetyUnknownPresent", "s"."SessionGeneration", "s"."UnsettledSlotOperationAttemptId", "s"."UpdatedAt"
FROM "SessionRecoveries" AS "s"
WHERE "s"."AgvId" = @__agvId_0 AND "s"."Readiness" = 'Ready'
LIMIT 2
[09:05:31 INF] Executed DbCommand (0ms) [Parameters=[@p0='?' (Size = 36), @p1='?' (Size = 64), @p2='?' (Size = 665), @p3='?' (Size = 17), @p4='?' (DbType = DateTimeOffset), @p5='?' (Size = 574)], CommandType='Text', CommandTimeout='30']
INSERT INTO "ProtocolInbox" ("MessageId", "ContentHash", "FirstResponseJson", "MessageType", "ReceivedAt", "RequestJson")
VALUES (@p0, @p1, @p2, @p3, @p4, @p5);
[09:05:31 INF] Executed DbCommand (0ms) [Parameters=[@__messageId_0='?' (Size = 36)], CommandType='Text', CommandTimeout='30']
SELECT "p"."MessageId", "p"."ContentHash", "p"."FirstResponseJson", "p"."MessageType", "p"."ReceivedAt", "p"."RequestJson"
FROM "ProtocolInbox" AS "p"
WHERE "p"."MessageId" = @__messageId_0
LIMIT 2
[09:05:31 INF] Executed DbCommand (0ms) [Parameters=[@__workflowId_0='?' (Size = 36), @__agvId_1='?' (Size = 10)], CommandType='Text', CommandTimeout='30']
SELECT "r"."WorkflowId", "r"."AgvId", "r"."CommandContentHash", "r"."CommandMessageId", "r"."CommandMessageType", "r"."CreatedAt", "r"."DemandId", "r"."ExceptionRecoverySessionId", "r"."ForcedRecoveryGeneration", "r"."HandoffId", "r"."Outcome", "r"."RequestContentHash", "r"."RequestMessageId", "r"."ResultContentHash", "r"."ResultMessageId", "r"."SlotOperationAttemptId", "r"."SlotsJson", "r"."State", "r"."UpdatedAt", "r"."WorkflowType"
FROM "RecoveryWorkflows" AS "r"
WHERE "r"."WorkflowId" = @__workflowId_0 AND "r"."AgvId" = @__agvId_1
LIMIT 2
[09:05:31 INF] Executed DbCommand (0ms) [Parameters=[@__messageId_0='?' (Size = 36)], CommandType='Text', CommandTimeout='30']
SELECT "r"."MessageId", "r"."ContentHash", "r"."ForcedRecoveryGeneration", "r"."HistoricalOnly", "r"."MessageType", "r"."ObservedAt", "r"."Outcome", "r"."ReceivedAt", "r"."WorkflowId"
FROM "RecoveryResultEvidence" AS "r"
WHERE "r"."MessageId" = @__messageId_0
LIMIT 2
[09:05:31 INF] Executed DbCommand (0ms) [Parameters=[@__agvId_0='?' (Size = 10)], CommandType='Text', CommandTimeout='30']
SELECT "v"."ForcedRecoveryGeneration"
FROM "VehicleRecoveryGenerations" AS "v"
WHERE "v"."AgvId" = @__agvId_0
LIMIT 2
[09:05:31 INF] Executed DbCommand (0ms) [Parameters=[@__agvId_0='?' (Size = 10)], CommandType='Text', CommandTimeout='30']
SELECT "s"."ForcedRecoveryGeneration"
FROM "SessionRecoveries" AS "s"
WHERE "s"."AgvId" = @__agvId_0
LIMIT 2
[09:05:31 INF] Executed DbCommand (0ms) [Parameters=[@__workflow_ExceptionRecoverySessionId_0='?' (Size = 36)], CommandType='Text', CommandTimeout='30']
SELECT EXISTS (
    SELECT 1
    FROM "ExceptionRecoverySessions" AS "e"
    WHERE "e"."ExceptionRecoverySessionId" = @__workflow_ExceptionRecoverySessionId_0 AND "e"."State" = 'CLOSED')
[09:05:31 INF] Executed DbCommand (0ms) [Parameters=[@__demandId_0='?' (Size = 36)], CommandType='Text', CommandTimeout='30']
SELECT "j"."JourneyId", "j"."AgvId", "j"."AgvLifecycleGeneration", "j"."AreaEndAdmissionRevokedSince", "j"."BlockReasonCode", "j"."BlockReasonSince", "j"."CargoHoldingStartedAt", "j"."ConsumedSafetyResultMessageId", "j"."ConsumedSublotMessageId", "j"."CreatedAt", "j"."DemandId", "j"."DispatchGeneration", "j"."DispatchZone", "j"."ExpectedBasketCount", "j"."FullSlotPositionsJson", "j"."GateMovementLegId", "j"."GatePlanMessageId", "j"."GateStationId", "j"."GateStationRiotId", "j"."GateUpperId", "j"."GateVehicleBusinessMessageId", "j"."GateWorklistMessageId", "j"."LoadCommandMessageId", "j"."LoadSlotOperationAttemptId", "j"."LoadingClosedReason", "j"."LoadingPhaseState", "j"."MapId", "j"."MapIdentity", "j"."OperationSessionId", "j"."PickupMovementLegId", "j"."PickupStationId", "j"."PickupStationRiotId", "j"."PickupUpperId", "j"."PlanMessageId", "j"."PlanRevision", "j"."PreDepartureSafetyCheckId", "j"."PreDepartureSafetyCheckMessageId", "j"."RouteEvidenceId", "j"."Stage", "j"."StationDepartureWaitStartedAt", "j"."SublotRequestMessageId", "j"."TargetSlotsJson", "j"."UnloadCommandMessageId", "j"."UnloadSlotOperationAttemptId", "j"."UpdatedAt", "j"."VehicleBusinessMessageId", "j"."VehicleBusinessRevision", "j"."VehicleKey", "j"."WorklistMessageId", "j"."WorklistRevision", "j"."YieldTriggeredAt", "j"."YieldTriggeredByVehicleKey"
FROM "JourneyRuntimes" AS "j"
WHERE EXISTS (
    SELECT 1
    FROM "JourneyDemands" AS "j0"
    WHERE "j0"."RemovedAt" IS NULL AND "j0"."JourneyId" = "j"."JourneyId" AND "j0"."DemandId" = @__demandId_0)
LIMIT 2
[09:05:31 INF] Executed DbCommand (0ms) [Parameters=[@__workflow_SlotOperationAttemptId_0='?' (Size = 36)], CommandType='Text', CommandTimeout='30']
SELECT "s"."SlotOperationAttemptId", "s"."CommittedAt", "s"."ContentHash", "s"."CreatedAt", "s"."DemandId", "s"."EvidenceJson", "s"."ForcedRecoveryGeneration", "s"."OperationType", "s"."Status", "s"."SublotId", "s"."TargetSlotsJson"
FROM "StationOperations" AS "s"
WHERE "s"."SlotOperationAttemptId" = @__workflow_SlotOperationAttemptId_0
LIMIT 2
[09:05:31 INF] Executed DbCommand (0ms) [Parameters=[@__demandId_0='?' (Size = 36)], CommandType='Text', CommandTimeout='30']
SELECT "a"."DemandId", "a"."AcceptedAt", "a"."CatalogRevision", "a"."CreatedAt", "a"."DemandRevision", "a"."Generation", "a"."HistoryEpoch", "a"."LiveMesFieldsJson", "a"."SeriesId", "a"."Status", "a"."Sublot", "a"."TransportDemandKey", "a"."ValueObservedAt", "a"."ValuePollTraceId", "a"."ValueProjectionCommitId", "a"."WorkType"
FROM "AcceptedDemands" AS "a"
WHERE "a"."DemandId" = @__demandId_0
LIMIT 2
[09:05:31 INF] Executed DbCommand (0ms) [Parameters=[@__journeyId_0='?' (Size = 44), @__demandId_1='?' (Size = 36)], CommandType='Text', CommandTimeout='30']
-- control-server#207 last open demand of journey

SELECT EXISTS (
    SELECT 1
    FROM "JourneyDemands" AS "j"
    INNER JOIN (
        SELECT "a"."DemandId", "a"."AcceptedAt", "a"."CatalogRevision", "a"."CreatedAt", "a"."DemandRevision", "a"."Generation", "a"."HistoryEpoch", "a"."LiveMesFieldsJson", "a"."SeriesId", "a"."Status", "a"."Sublot", "a"."TransportDemandKey", "a"."ValueObservedAt", "a"."ValuePollTraceId", "a"."ValueProjectionCommitId", "a"."WorkType"
        FROM "AcceptedDemands" AS "a"
        WHERE "a"."Status" NOT IN ('Succeeded', 'Cancelled')
    ) AS "t" ON "j"."DemandId" = "t"."DemandId"
    WHERE "j"."RemovedAt" IS NULL AND "j"."JourneyId" = @__journeyId_0 AND "j"."DemandId" <> @__demandId_1)
[09:05:31 INF] Executed DbCommand (0ms) [Parameters=[@__journeyId_0='?' (Size = 44)], CommandType='Text', CommandTimeout='30']
SELECT "v"."JourneyId", "v"."AcquiredAt", "v"."DemandId", "v"."ReleasedAt", "v"."VehicleKey"
FROM "VehicleDispatchLeases" AS "v"
WHERE "v"."JourneyId" = @__journeyId_0
LIMIT 2
[09:05:31 INF] Executed DbCommand (0ms) [Parameters=[@__lease_VehicleKey_0='?' (Size = 15), @__lease_JourneyId_1='?' (Size = 44)], CommandType='Text', CommandTimeout='30']
SELECT "v"."VehicleKey", "v"."ClaimedAt", "v"."JourneyId", "v"."Purpose"
FROM "VehiclePurposeClaims" AS "v"
WHERE "v"."VehicleKey" = @__lease_VehicleKey_0 AND "v"."JourneyId" = @__lease_JourneyId_1
LIMIT 2
[09:05:31 INF] Executed DbCommand (0ms) [Parameters=[@__runtime_PickupUpperId_0='?' (Size = 49)], CommandType='Text', CommandTimeout='30']
SELECT "o"."MovementLegId", "o"."AgvLifecycleGeneration", "o"."CreateAttemptCount", "o"."CreateAttemptId", "o"."CreateDispatchArmedAt", "o"."CreatedAt", "o"."DemandId", "o"."DestinationStationId", "o"."DispatchAuditSequence", "o"."DispatchAuditVersion", "o"."DispatchGeneration", "o"."ExperimentalCreateAuthorizationId", "o"."LastCreateOutcome", "o"."LastCreateOutcomeAt", "o"."LastCreateReceiptJson", "o"."LastReconciliationOutcome", "o"."LastReconciliationOutcomeAt", "o"."LastReconciliationReceiptJson", "o"."MapId", "o"."OrderId", "o"."Purpose", "o"."Status", "o"."TargetStationId", "o"."UpperId", "o"."VehicleKey", "o"."VehicleOccupancyClaimedAt", "o"."VehicleOccupancyReleasedAt"
FROM "OrderIntents" AS "o"
WHERE "o"."UpperId" = @__runtime_PickupUpperId_0
LIMIT 2
[09:05:31 INF] Executed DbCommand (0ms) [Parameters=[@__runtime_SublotRequestMessageId_0='?' (Size = 36)], CommandType='Text', CommandTimeout='30']
SELECT "p"."MessageId", "p"."AcknowledgedAt", "p"."CreatedAt", "p"."FencedAt", "p"."MessageType", "p"."PayloadJson"
FROM "ProtocolOutbox" AS "p"
WHERE "p"."MessageId" = @__runtime_SublotRequestMessageId_0
LIMIT 2
[09:05:31 INF] Executed DbCommand (0ms) [Parameters=[@__workflow_ExceptionRecoverySessionId_0='?' (Size = 36)], CommandType='Text', CommandTimeout='30']
SELECT "e"."ExceptionRecoverySessionId", "e"."AdministratorId", "e"."AdministratorRole", "e"."AgvId", "e"."DemandId", "e"."EventId", "e"."ForcedRecoveryGeneration", "e"."OpenedAt", "e"."Reason", "e"."RequestContentHash", "e"."RequestId", "e"."Revision", "e"."SelectedAction", "e"."SlotsJson", "e"."State", "e"."UpdatedAt"
FROM "ExceptionRecoverySessions" AS "e"
WHERE "e"."ExceptionRecoverySessionId" = @__workflow_ExceptionRecoverySessionId_0
LIMIT 2
[09:05:31 INF] Executed DbCommand (0ms) [Parameters=[], CommandType='Text', CommandTimeout='30']
SELECT "p"."MessageId", "p"."AcknowledgedAt", "p"."CreatedAt", "p"."FencedAt", "p"."MessageType", "p"."PayloadJson"
FROM "ProtocolOutbox" AS "p"
WHERE "p"."MessageType" = 'ExceptionRecoverySessionSnapshot' AND "p"."AcknowledgedAt" IS NULL AND "p"."FencedAt" IS NULL
[09:05:31 INF] Executed DbCommand (0ms) [Parameters=[@__session_DemandId_0='?' (Size = 36)], CommandType='Text', CommandTimeout='30']
SELECT "s"."SlotOperationAttemptId", "s"."CommittedAt", "s"."ContentHash", "s"."CreatedAt", "s"."DemandId", "s"."EvidenceJson", "s"."ForcedRecoveryGeneration", "s"."OperationType", "s"."Status", "s"."SublotId", "s"."TargetSlotsJson"
FROM "StationOperations" AS "s"
WHERE "s"."DemandId" = @__session_DemandId_0
[09:05:31 INF] Executed DbCommand (0ms) [Parameters=[@__messageId_0='?' (Size = 36)], CommandType='Text', CommandTimeout='30']
SELECT "p"."MessageId", "p"."AcknowledgedAt", "p"."CreatedAt", "p"."FencedAt", "p"."MessageType", "p"."PayloadJson"
FROM "ProtocolOutbox" AS "p"
WHERE "p"."MessageId" = @__messageId_0
LIMIT 2
[09:05:31 INF] Executed DbCommand (0ms) [Parameters=[@__messageId_0='?' (Size = 36)], CommandType='Text', CommandTimeout='30']
SELECT "p"."MessageId", "p"."AcknowledgedAt", "p"."CreatedAt", "p"."FencedAt", "p"."MessageType", "p"."PayloadJson"
FROM "ProtocolOutbox" AS "p"
WHERE "p"."MessageId" = @__messageId_0
LIMIT 2
[09:05:31 INF] Executed DbCommand (0ms) [Parameters=[@p1='?' (Size = 36), @p0='?' (Size = 9)], CommandType='Text', CommandTimeout='30']
UPDATE "AcceptedDemands" SET "Status" = @p0
WHERE "DemandId" = @p1
RETURNING 1;
[09:05:31 INF] Executed DbCommand (0ms) [Parameters=[@p3='?' (Size = 36), @p0='?' (DbType = Int64), @p1='?' (Size = 6), @p2='?' (DbType = DateTimeOffset)], CommandType='Text', CommandTimeout='30']
UPDATE "ExceptionRecoverySessions" SET "Revision" = @p0, "State" = @p1, "UpdatedAt" = @p2
WHERE "ExceptionRecoverySessionId" = @p3
RETURNING 1;
[09:05:31 INF] Executed DbCommand (0ms) [Parameters=[@p4='?' (Size = 44), @p0='?' (Size = 30), @p1='?' (DbType = DateTimeOffset), @p2='?' (Size = 9), @p3='?' (DbType = DateTimeOffset)], CommandType='Text', CommandTimeout='30']
UPDATE "JourneyRuntimes" SET "BlockReasonCode" = @p0, "BlockReasonSince" = @p1, "Stage" = @p2, "UpdatedAt" = @p3
WHERE "JourneyId" = @p4
RETURNING 1;
[09:05:31 INF] Executed DbCommand (0ms) [Parameters=[@p1='?' (Size = 36), @p2='?' (DbType = Int32), @p3='?' (DbType = Int64), @p5='?', @p4='?' (Size = 9), @p0='?' (DbType = DateTimeOffset)], CommandType='Text', CommandTimeout='30']
UPDATE "OrderIntents" SET "VehicleOccupancyReleasedAt" = @p0
WHERE "MovementLegId" = @p1 AND "CreateAttemptCount" = @p2 AND "DispatchAuditSequence" = @p3 AND "ExperimentalCreateAuthorizationId" IS NULL AND "Status" = @p4
RETURNING 1;
[09:05:31 INF] Executed DbCommand (0ms) [Parameters=[@p1='?' (Size = 36), @p0='?' (DbType = DateTimeOffset)], CommandType='Text', CommandTimeout='30']
UPDATE "ProtocolOutbox" SET "FencedAt" = @p0
WHERE "MessageId" = @p1
RETURNING 1;
[09:05:31 INF] Executed DbCommand (0ms) [Parameters=[@p0='?' (Size = 36), @p1='?' (DbType = DateTimeOffset), @p2='?' (DbType = DateTimeOffset), @p3='?' (DbType = DateTimeOffset), @p4='?' (Size = 32), @p5='?' (Size = 857)], CommandType='Text', CommandTimeout='30']
INSERT INTO "ProtocolOutbox" ("MessageId", "AcknowledgedAt", "CreatedAt", "FencedAt", "MessageType", "PayloadJson")
VALUES (@p0, @p1, @p2, @p3, @p4, @p5);
[09:05:31 INF] Executed DbCommand (0ms) [Parameters=[@p0='?' (Size = 36), @p1='?' (Size = 64), @p2='?' (DbType = Int64), @p3='?' (DbType = Boolean), @p4='?' (Size = 22), @p5='?' (DbType = DateTimeOffset), @p6='?' (Size = 9), @p7='?' (DbType = DateTimeOffset), @p8='?' (Size = 36)], CommandType='Text', CommandTimeout='30']
INSERT INTO "RecoveryResultEvidence" ("MessageId", "ContentHash", "ForcedRecoveryGeneration", "HistoricalOnly", "MessageType", "ObservedAt", "Outcome", "ReceivedAt", "WorkflowId")
VALUES (@p0, @p1, @p2, @p3, @p4, @p5, @p6, @p7, @p8);
[09:05:31 INF] Executed DbCommand (0ms) [Parameters=[@p5='?' (Size = 36), @p0='?' (Size = 9), @p1='?' (Size = 64), @p2='?' (Size = 36), @p3='?' (Size = 10), @p4='?' (DbType = DateTimeOffset)], CommandType='Text', CommandTimeout='30']
UPDATE "RecoveryWorkflows" SET "Outcome" = @p0, "ResultContentHash" = @p1, "ResultMessageId" = @p2, "State" = @p3, "UpdatedAt" = @p4
WHERE "WorkflowId" = @p5
RETURNING 1;
[09:05:31 INF] Executed DbCommand (0ms) [Parameters=[@p1='?' (Size = 36), @p0='?' (Size = 9)], CommandType='Text', CommandTimeout='30']
UPDATE "StationOperations" SET "Status" = @p0
WHERE "SlotOperationAttemptId" = @p1
RETURNING 1;
[09:05:31 INF] Executed DbCommand (0ms) [Parameters=[@p1='?' (Size = 44), @p0='?' (DbType = DateTimeOffset)], CommandType='Text', CommandTimeout='30']
UPDATE "VehicleDispatchLeases" SET "ReleasedAt" = @p0
WHERE "JourneyId" = @p1
RETURNING 1;
[09:05:31 INF] Executed DbCommand (1ms) [Parameters=[@p0='?' (Size = 15)], CommandType='Text', CommandTimeout='30']
DELETE FROM "VehiclePurposeClaims"
WHERE "VehicleKey" = @p0
RETURNING 1;
[09:05:31 INF] Executed DbCommand (0ms) [Parameters=[@__messageId_0='?' (Size = 36)], CommandType='Text', CommandTimeout='30']
SELECT "p"."MessageId", "p"."AcknowledgedAt", "p"."CreatedAt", "p"."FencedAt", "p"."MessageType", "p"."PayloadJson"
FROM "ProtocolOutbox" AS "p"
WHERE "p"."MessageId" = @__messageId_0
LIMIT 2
[09:05:31 INF] Executed DbCommand (0ms) [Parameters=[@p1='?' (Size = 36), @p0='?' (DbType = DateTimeOffset)], CommandType='Text', CommandTimeout='30']
UPDATE "ProtocolOutbox" SET "AcknowledgedAt" = @p0
WHERE "MessageId" = @p1
RETURNING 1;
[09:05:31 INF] Executed DbCommand (0ms) [Parameters=[@__agvId_0='?' (Size = 10)], CommandType='Text', CommandTimeout='30']
SELECT "s"."AgvId", "s"."ActiveUnlockSlotsJson", "s"."CapabilityHash", "s"."CapabilityRevision", "s"."DepartureSafe", "s"."ForcedRecoveryGeneration", "s"."ManifestSha256", "s"."PendingAttemptIdsJson", "s"."PendingResultIdsJson", "s"."ProfileId", "s"."ProtocolCommit", "s"."ProtocolVersion", "s"."ProvenRecoveryCheckpoint", "s"."Readiness", "s"."ReasonCode", "s"."RecoveryReportId", "s"."ReportedForcedRecoveryGeneration", "s"."ReportedSlotConfigurationFingerprint", "s"."SafetyHash", "s"."SafetyReasonCodesJson", "s"."SafetyRevision", "s"."SafetyUnknownPresent", "s"."SessionGeneration", "s"."UnsettledSlotOperationAttemptId", "s"."UpdatedAt"
FROM "SessionRecoveries" AS "s"
WHERE "s"."AgvId" = @__agvId_0
LIMIT 2
[09:05:31 INF] Executed DbCommand (0ms) [Parameters=[@__pending_0='?' (Size = 40)], CommandType='Text', CommandTimeout='30']
SELECT "s"."SlotOperationAttemptId"
FROM "StationOperations" AS "s"
WHERE "s"."SlotOperationAttemptId" IN (
    SELECT "p"."value"
    FROM json_each(@__pending_0) AS "p"
) AND "s"."Status" IN ('Committed', 'Failed', 'Cancelled')
[09:05:31 INF] Executed DbCommand (0ms) [Parameters=[@p3='?' (Size = 10), @p0='?' (Size = 2), @p1='?', @p2='?' (DbType = DateTimeOffset)], CommandType='Text', CommandTimeout='30']
UPDATE "SessionRecoveries" SET "PendingAttemptIdsJson" = @p0, "UnsettledSlotOperationAttemptId" = @p1, "UpdatedAt" = @p2
WHERE "AgvId" = @p3
RETURNING 1;
[09:05:31 INF] Executed DbCommand (0ms) [Parameters=[@__agvId_0='?' (Size = 10)], CommandType='Text', CommandTimeout='30']
SELECT "s"."AgvId", "s"."ActiveUnlockSlotsJson", "s"."CapabilityHash", "s"."CapabilityRevision", "s"."DepartureSafe", "s"."ForcedRecoveryGeneration", "s"."ManifestSha256", "s"."PendingAttemptIdsJson", "s"."PendingResultIdsJson", "s"."ProfileId", "s"."ProtocolCommit", "s"."ProtocolVersion", "s"."ProvenRecoveryCheckpoint", "s"."Readiness", "s"."ReasonCode", "s"."RecoveryReportId", "s"."ReportedForcedRecoveryGeneration", "s"."ReportedSlotConfigurationFingerprint", "s"."SafetyHash", "s"."SafetyReasonCodesJson", "s"."SafetyRevision", "s"."SafetyUnknownPresent", "s"."SessionGeneration", "s"."UnsettledSlotOperationAttemptId", "s"."UpdatedAt"
FROM "SessionRecoveries" AS "s"
WHERE "s"."AgvId" = @__agvId_0
LIMIT 2
[09:05:31 INF] Executed DbCommand (0ms) [Parameters=[@__agvId_0='?' (Size = 10)], CommandType='Text', CommandTimeout='30']
SELECT EXISTS (
    SELECT 1
    FROM "StationOperations" AS "s"
    INNER JOIN (
        SELECT "j"."JourneyId", "j"."DemandId", "j"."AddedAt", "j"."DispatchGeneration", "j"."DispatchZone", "j"."DispatchZoneParameterVersion", "j"."ExpectedBasketCount", "j"."LoadCommandMessageId", "j"."LoadSlotOperationAttemptId", "j"."LoadedSlotsJson", "j"."PickupStopId", "j"."RemovalReason", "j"."RemovedAt", "j"."Status", "j"."TargetSlotsJson", "j"."UnloadCommandMessageId", "j"."UnloadSlotOperationAttemptId", "j"."UnloadStopId"
        FROM "JourneyDemands" AS "j"
        WHERE "j"."RemovedAt" IS NULL
    ) AS "t" ON "s"."DemandId" = "t"."DemandId"
    INNER JOIN "JourneyRuntimes" AS "j0" ON "t"."JourneyId" = "j0"."JourneyId"
    WHERE "j0"."AgvId" = @__agvId_0 AND "s"."Status" = 'RecoveryRequired')
[09:05:31 INF] Executed DbCommand (0ms) [Parameters=[@__agvId_0='?' (Size = 10)], CommandType='Text', CommandTimeout='30']
SELECT EXISTS (
    SELECT 1
    FROM "RecoveryWorkflows" AS "r"
    WHERE "r"."AgvId" = @__agvId_0 AND "r"."WorkflowType" = 'FORCED_MECHANICAL_RECOVERY' AND "r"."State" <> 'HistoricalOnly' AND NOT EXISTS (
        SELECT 1
        FROM "HardwareRecoveryRecords" AS "h"
        WHERE "h"."RecoveryActionId" = "r"."WorkflowId"))
[09:05:31 INF] Executed DbCommand (0ms) [Parameters=[@__agvId_0='?' (Size = 10)], CommandType='Text', CommandTimeout='30']
SELECT "a"."AgvId", "a"."ActivatedAt", "a"."ActivationId", "a"."ConfigurationVersion", "a"."Fingerprint", "a"."SlotModelVersionId", "a"."SnapshotId"
FROM "ActiveSlotConfigurations" AS "a"
WHERE "a"."AgvId" = @__agvId_0
LIMIT 1
[09:05:31 INF] Executed DbCommand (0ms) [Parameters=[@p3='?' (Size = 10), @p0='?' (Size = 5), @p1='?' (Size = 5), @p2='?' (DbType = DateTimeOffset)], CommandType='Text', CommandTimeout='30']
UPDATE "SessionRecoveries" SET "Readiness" = @p0, "ReasonCode" = @p1, "UpdatedAt" = @p2
WHERE "AgvId" = @p3
RETURNING 1;
[09:05:31 INF] Executed DbCommand (0ms) [Parameters=[@p0='?' (Size = 36), @p1='?' (Size = 64), @p2='?' (Size = 1238), @p3='?' (Size = 22), @p4='?' (DbType = DateTimeOffset), @p5='?' (Size = 796)], CommandType='Text', CommandTimeout='30']
INSERT INTO "ProtocolInbox" ("MessageId", "ContentHash", "FirstResponseJson", "MessageType", "ReceivedAt", "RequestJson")
VALUES (@p0, @p1, @p2, @p3, @p4, @p5);
[09:05:31 INF] Executed DbCommand (0ms) [Parameters=[], CommandType='Text', CommandTimeout='30']
SELECT "p"."MessageId", "p"."AcknowledgedAt", "p"."CreatedAt", "p"."FencedAt", "p"."MessageType", "p"."PayloadJson"
FROM "ProtocolOutbox" AS "p"
WHERE "p"."MessageType" = 'ExceptionRecoverySessionSnapshot' AND "p"."AcknowledgedAt" IS NULL AND "p"."FencedAt" IS NULL
[09:05:31 INF] Executed DbCommand (0ms) [Parameters=[@__messageId_0='?' (Size = 36)], CommandType='Text', CommandTimeout='30']
SELECT "p"."MessageId", "p"."AcknowledgedAt", "p"."CreatedAt", "p"."FencedAt", "p"."MessageType", "p"."PayloadJson"
FROM "ProtocolOutbox" AS "p"
WHERE "p"."MessageId" = @__messageId_0
LIMIT 2
[09:05:31 INF] Executed DbCommand (0ms) [Parameters=[@__messageId_0='?' (Size = 36)], CommandType='Text', CommandTimeout='30']
SELECT "p"."MessageId", "p"."ContentHash", "p"."FirstResponseJson", "p"."MessageType", "p"."ReceivedAt", "p"."RequestJson"
FROM "ProtocolInbox" AS "p"
WHERE "p"."MessageId" = @__messageId_0
LIMIT 2
[09:05:31 INF] Executed DbCommand (0ms) [Parameters=[@p0='?' (Size = 36), @p1='?' (Size = 64), @p2='?' (Size = 536), @p3='?' (Size = 9), @p4='?' (DbType = DateTimeOffset), @p5='?' (Size = 426)], CommandType='Text', CommandTimeout='30']
INSERT INTO "ProtocolInbox" ("MessageId", "ContentHash", "FirstResponseJson", "MessageType", "ReceivedAt", "RequestJson")
VALUES (@p0, @p1, @p2, @p3, @p4, @p5);
[09:05:31 INF] Executed DbCommand (0ms) [Parameters=[@__messageId_0='?' (Size = 36)], CommandType='Text', CommandTimeout='30']
SELECT "p"."MessageId", "p"."ContentHash", "p"."FirstResponseJson", "p"."MessageType", "p"."ReceivedAt", "p"."RequestJson"
FROM "ProtocolInbox" AS "p"
WHERE "p"."MessageId" = @__messageId_0
LIMIT 2
[09:05:31 INF] Executed DbCommand (0ms) [Parameters=[@__agvId_0='?' (Size = 10)], CommandType='Text', CommandTimeout='30']
SELECT "o"."AlarmsJson"
FROM "OnboardAlarmSnapshots" AS "o"
WHERE "o"."AgvId" = @__agvId_0
LIMIT 1
[09:05:31 INF] Executed DbCommand (0ms) [Parameters=[@__snapshot_AgvId_0='?' (Size = 10)], CommandType='Text', CommandTimeout='30']
SELECT "o"."AgvId", "o"."AlarmsJson", "o"."CapturedAt", "o"."ReceivedAt", "o"."SessionGeneration", "o"."SnapshotSequence"
FROM "OnboardAlarmSnapshots" AS "o"
WHERE "o"."AgvId" = @__snapshot_AgvId_0
LIMIT 1
[09:05:31 INF] Executed DbCommand (0ms) [Parameters=[@p4='?' (Size = 10), @p0='?' (Size = 423), @p1='?' (DbType = DateTimeOffset), @p2='?' (DbType = DateTimeOffset), @p3='?' (DbType = Int64)], CommandType='Text', CommandTimeout='30']
UPDATE "OnboardAlarmSnapshots" SET "AlarmsJson" = @p0, "CapturedAt" = @p1, "ReceivedAt" = @p2, "SnapshotSequence" = @p3
WHERE "AgvId" = @p4
RETURNING 1;
[09:05:31 INF] Executed DbCommand (0ms) [Parameters=[@__agvId_0='?' (Size = 10)], CommandType='Text', CommandTimeout='30']
SELECT "o"."AlarmsJson"
FROM "OnboardAlarmSnapshots" AS "o"
WHERE "o"."AgvId" = @__agvId_0
LIMIT 1
[09:05:31 INF] Executed DbCommand (0ms) [Parameters=[@p0='?' (Size = 36), @p1='?' (Size = 64), @p2='?' (Size = 624), @p3='?' (Size = 20), @p4='?' (DbType = DateTimeOffset), @p5='?' (Size = 845)], CommandType='Text', CommandTimeout='30']
INSERT INTO "ProtocolInbox" ("MessageId", "ContentHash", "FirstResponseJson", "MessageType", "ReceivedAt", "RequestJson")
VALUES (@p0, @p1, @p2, @p3, @p4, @p5);
[09:05:31 INF] Executed DbCommand (0ms) [Parameters=[@__messageId_0='?' (Size = 36)], CommandType='Text', CommandTimeout='30']
SELECT "p"."MessageId", "p"."ContentHash", "p"."FirstResponseJson", "p"."MessageType", "p"."ReceivedAt", "p"."RequestJson"
FROM "ProtocolInbox" AS "p"
WHERE "p"."MessageId" = @__messageId_0
LIMIT 2
[09:05:31 INF] Executed DbCommand (0ms) [Parameters=[@__messageId_0='?' (Size = 36)], CommandType='Text', CommandTimeout='30']
SELECT "p"."MessageId", "p"."AcknowledgedAt", "p"."CreatedAt", "p"."FencedAt", "p"."MessageType", "p"."PayloadJson"
FROM "ProtocolOutbox" AS "p"
WHERE "p"."MessageId" = @__messageId_0
LIMIT 2
[09:05:31 INF] Executed DbCommand (0ms) [Parameters=[@p1='?' (Size = 36), @p0='?' (DbType = DateTimeOffset)], CommandType='Text', CommandTimeout='30']
UPDATE "ProtocolOutbox" SET "AcknowledgedAt" = @p0
WHERE "MessageId" = @p1
RETURNING 1;
[09:05:31 INF] Executed DbCommand (0ms) [Parameters=[@p0='?' (Size = 36), @p1='?' (Size = 64), @p2='?', @p3='?' (Size = 18), @p4='?' (DbType = DateTimeOffset), @p5='?' (Size = 638)], CommandType='Text', CommandTimeout='30']
INSERT INTO "ProtocolInbox" ("MessageId", "ContentHash", "FirstResponseJson", "MessageType", "ReceivedAt", "RequestJson")
VALUES (@p0, @p1, @p2, @p3, @p4, @p5);
[09:05:31 INF] Executed DbCommand (0ms) [Parameters=[@__messageId_0='?' (Size = 36)], CommandType='Text', CommandTimeout='30']
SELECT "p"."MessageId", "p"."ContentHash", "p"."FirstResponseJson", "p"."MessageType", "p"."ReceivedAt", "p"."RequestJson"
FROM "ProtocolInbox" AS "p"
WHERE "p"."MessageId" = @__messageId_0
LIMIT 2
[09:05:31 INF] Executed DbCommand (0ms) [Parameters=[@__agvId_0='?' (Size = 10)], CommandType='Text', CommandTimeout='30']
SELECT "o"."AlarmsJson"
FROM "OnboardAlarmSnapshots" AS "o"
WHERE "o"."AgvId" = @__agvId_0
LIMIT 1
[09:05:31 INF] Executed DbCommand (0ms) [Parameters=[@__snapshot_AgvId_0='?' (Size = 10)], CommandType='Text', CommandTimeout='30']
SELECT "o"."AgvId", "o"."AlarmsJson", "o"."CapturedAt", "o"."ReceivedAt", "o"."SessionGeneration", "o"."SnapshotSequence"
FROM "OnboardAlarmSnapshots" AS "o"
WHERE "o"."AgvId" = @__snapshot_AgvId_0
LIMIT 1
[09:05:31 INF] Executed DbCommand (0ms) [Parameters=[@p4='?' (Size = 10), @p0='?' (Size = 2), @p1='?' (DbType = DateTimeOffset), @p2='?' (DbType = DateTimeOffset), @p3='?' (DbType = Int64)], CommandType='Text', CommandTimeout='30']
UPDATE "OnboardAlarmSnapshots" SET "AlarmsJson" = @p0, "CapturedAt" = @p1, "ReceivedAt" = @p2, "SnapshotSequence" = @p3
WHERE "AgvId" = @p4
RETURNING 1;
[09:05:31 INF] Executed DbCommand (0ms) [Parameters=[@__agvId_0='?' (Size = 10)], CommandType='Text', CommandTimeout='30']
SELECT "o"."AlarmsJson"
FROM "OnboardAlarmSnapshots" AS "o"
WHERE "o"."AgvId" = @__agvId_0
LIMIT 1
[09:05:31 INF] Executed DbCommand (0ms) [Parameters=[@p0='?' (Size = 36), @p1='?' (Size = 64), @p2='?' (Size = 625), @p3='?' (Size = 20), @p4='?' (DbType = DateTimeOffset), @p5='?' (Size = 484)], CommandType='Text', CommandTimeout='30']
INSERT INTO "ProtocolInbox" ("MessageId", "ContentHash", "FirstResponseJson", "MessageType", "ReceivedAt", "RequestJson")
VALUES (@p0, @p1, @p2, @p3, @p4, @p5);
[09:05:31 INF] Start processing HTTP request GET http://127.0.0.1:48408/api/imap/v1/mapInfo/stations/25
[09:05:31 INF] Sending HTTP request GET http://127.0.0.1:48408/api/imap/v1/mapInfo/stations/25
[09:05:31 INF] Received HTTP response headers after 1.71ms - 200
[09:05:31 INF] End processing HTTP request after 18.2379ms - 200
[09:05:31 INF] Executed DbCommand (0ms) [Parameters=[@__mapId_0='?' (DbType = Int32)], CommandType='Text', CommandTimeout='30']
SELECT "t"."MapId", "t"."ActiveVersion", "t"."PendingVersion", "t"."State", "t"."UpdatedAt"
FROM "TaskTypeStationActiveBindingSets" AS "t"
WHERE "t"."MapId" = @__mapId_0
LIMIT 2
[09:05:31 INF] Executed DbCommand (0ms) [Parameters=[@__mapId_0='?' (DbType = Int32), @__version_1='?' (DbType = Int64)], CommandType='Text', CommandTimeout='30']
SELECT "t"."MapId", "t"."Version", "t"."CatalogRevision", "t"."ContentSha256", "t"."LoadedAt", "t"."RuleVersion", "t"."SnapshotId", "t"."Source"
FROM "TaskTypeStationBindingSetVersions" AS "t"
WHERE "t"."MapId" = @__mapId_0 AND "t"."Version" = @__version_1
LIMIT 2
[09:05:31 INF] Executed DbCommand (0ms) [Parameters=[@__mapId_0='?' (DbType = Int32), @__version_1='?' (DbType = Int64)], CommandType='Text', CommandTimeout='30']
SELECT "t"."TaskType"
FROM "TaskTypeStationRequirements" AS "t"
WHERE "t"."MapId" = @__mapId_0 AND "t"."Version" = @__version_1
[09:05:31 INF] Executed DbCommand (0ms) [Parameters=[@__mapId_0='?' (DbType = Int32), @__version_1='?' (DbType = Int64)], CommandType='Text', CommandTimeout='30']
SELECT "t"."MapId", "t"."Version", "t"."TaskType", "t"."SiteVerificationRef", "t"."StationName", "t"."StationRiotId"
FROM "TaskTypeStationBindings" AS "t"
WHERE "t"."MapId" = @__mapId_0 AND "t"."Version" = @__version_1
[09:05:31 INF] Executed DbCommand (0ms) [Parameters=[@__version_0='?' (DbType = Int64)], CommandType='Text', CommandTimeout='30']
SELECT "t"."Version", "t"."ContentSha256", "t"."LoadedAt", "t"."SnapshotId", "t"."Source"
FROM "TaskTypeStationRuleVersions" AS "t"
WHERE "t"."Version" = @__version_0
LIMIT 2
[09:05:31 INF] Executed DbCommand (0ms) [Parameters=[@__version_0='?' (DbType = Int64)], CommandType='Text', CommandTimeout='30']
SELECT "t"."Version", "t"."TaskType", "t"."FixedEnd"
FROM "TaskTypeStationRules" AS "t"
WHERE "t"."Version" = @__version_0
[09:05:31 INF] Executed DbCommand (0ms) [Parameters=[@__mapId_0='?' (DbType = Int32)], CommandType='Text', CommandTimeout='30']
SELECT "t"."MapId", "t"."ActiveVersion", "t"."PendingVersion", "t"."State", "t"."UpdatedAt"
FROM "TaskTypeStationActiveBindingSets" AS "t"
WHERE "t"."MapId" = @__mapId_0
LIMIT 2
[09:05:31 INF] Executed DbCommand (0ms) [Parameters=[@__mapId_0='?' (DbType = Int32)], CommandType='Text', CommandTimeout='30']
SELECT "t"."HoldId", "t"."DetailJson", "t"."MapId", "t"."RaisedAt", "t"."RaisedBy", "t"."ReasonCode", "t"."ReleasedAt", "t"."ReleasedBy", "t"."Source", "t"."TaskType"
FROM "TaskTypeStationHolds" AS "t"
WHERE "t"."MapId" = @__mapId_0 AND "t"."ReleasedAt" IS NULL
[09:05:31 INF] Executed DbCommand (0ms) [Parameters=[@__mapId_0='?' (DbType = Int32)], CommandType='Text', CommandTimeout='30']
SELECT "m"."MapId", "m"."ApprovedMaxUnconfirmedSeconds", "m"."ApprovedSyncPeriodSeconds", "m"."CatalogRevision", "m"."LastAttemptAt", "m"."LastCompleteConfirmationAt", "m"."LastFailureReason", "m"."State", "m"."UpdatedAt"
FROM "MapStationCatalogStates" AS "m"
WHERE "m"."MapId" = @__mapId_0
LIMIT 2
[09:05:31 INF] Executed DbCommand (0ms) [Parameters=[@p3='?' (DbType = Int32), @p0='?' (DbType = DateTimeOffset), @p1='?' (DbType = DateTimeOffset), @p2='?' (DbType = DateTimeOffset)], CommandType='Text', CommandTimeout='30']
UPDATE "MapStationCatalogStates" SET "LastAttemptAt" = @p0, "LastCompleteConfirmationAt" = @p1, "UpdatedAt" = @p2
WHERE "MapId" = @p3
RETURNING 1;
[09:05:31 INF] Executed DbCommand (0ms) [Parameters=[@__mapId_0='?' (DbType = Int32)], CommandType='Text', CommandTimeout='30']
SELECT "t"."MapId", "t"."ActiveVersion", "t"."PendingVersion", "t"."State", "t"."UpdatedAt"
FROM "TaskTypeStationActiveBindingSets" AS "t"
WHERE "t"."MapId" = @__mapId_0
LIMIT 2
[09:05:31 INF] Executed DbCommand (0ms) [Parameters=[@__mapId_0='?' (DbType = Int32), @__version_1='?' (DbType = Int64)], CommandType='Text', CommandTimeout='30']
SELECT "t"."MapId", "t"."Version", "t"."CatalogRevision", "t"."ContentSha256", "t"."LoadedAt", "t"."RuleVersion", "t"."SnapshotId", "t"."Source"
FROM "TaskTypeStationBindingSetVersions" AS "t"
WHERE "t"."MapId" = @__mapId_0 AND "t"."Version" = @__version_1
LIMIT 2
[09:05:31 INF] Executed DbCommand (0ms) [Parameters=[@__mapId_0='?' (DbType = Int32), @__version_1='?' (DbType = Int64)], CommandType='Text', CommandTimeout='30']
SELECT "t"."TaskType"
FROM "TaskTypeStationRequirements" AS "t"
WHERE "t"."MapId" = @__mapId_0 AND "t"."Version" = @__version_1
[09:05:31 INF] Executed DbCommand (0ms) [Parameters=[@__mapId_0='?' (DbType = Int32), @__version_1='?' (DbType = Int64)], CommandType='Text', CommandTimeout='30']
SELECT "t"."MapId", "t"."Version", "t"."TaskType", "t"."SiteVerificationRef", "t"."StationName", "t"."StationRiotId"
FROM "TaskTypeStationBindings" AS "t"
WHERE "t"."MapId" = @__mapId_0 AND "t"."Version" = @__version_1
[09:05:31 INF] Executed DbCommand (0ms) [Parameters=[@__mapId_0='?' (DbType = Int32)], CommandType='Text', CommandTimeout='30']
SELECT "t"."MapId", "t"."ActiveVersion", "t"."PendingVersion", "t"."State", "t"."UpdatedAt"
FROM "TaskTypeStationActiveBindingSets" AS "t"
WHERE "t"."MapId" = @__mapId_0
LIMIT 2
[09:05:31 INF] Executed DbCommand (0ms) [Parameters=[@__mapId_0='?' (DbType = Int32), @__version_1='?' (DbType = Int64)], CommandType='Text', CommandTimeout='30']
SELECT "t"."MapId", "t"."Version", "t"."CatalogRevision", "t"."ContentSha256", "t"."LoadedAt", "t"."RuleVersion", "t"."SnapshotId", "t"."Source"
FROM "TaskTypeStationBindingSetVersions" AS "t"
WHERE "t"."MapId" = @__mapId_0 AND "t"."Version" = @__version_1
LIMIT 2
[09:05:31 INF] Executed DbCommand (0ms) [Parameters=[@__mapId_0='?' (DbType = Int32), @__version_1='?' (DbType = Int64)], CommandType='Text', CommandTimeout='30']
SELECT "t"."TaskType"
FROM "TaskTypeStationRequirements" AS "t"
WHERE "t"."MapId" = @__mapId_0 AND "t"."Version" = @__version_1
[09:05:31 INF] Executed DbCommand (0ms) [Parameters=[@__mapId_0='?' (DbType = Int32), @__version_1='?' (DbType = Int64)], CommandType='Text', CommandTimeout='30']
SELECT "t"."MapId", "t"."Version", "t"."TaskType", "t"."SiteVerificationRef", "t"."StationName", "t"."StationRiotId"
FROM "TaskTypeStationBindings" AS "t"
WHERE "t"."MapId" = @__mapId_0 AND "t"."Version" = @__version_1
[09:05:31 INF] Executed DbCommand (0ms) [Parameters=[@__version_0='?' (DbType = Int64)], CommandType='Text', CommandTimeout='30']
SELECT "t"."Version", "t"."ContentSha256", "t"."LoadedAt", "t"."SnapshotId", "t"."Source"
FROM "TaskTypeStationRuleVersions" AS "t"
WHERE "t"."Version" = @__version_0
LIMIT 2
[09:05:31 INF] Executed DbCommand (0ms) [Parameters=[@__version_0='?' (DbType = Int64)], CommandType='Text', CommandTimeout='30']
SELECT "t"."Version", "t"."TaskType", "t"."FixedEnd"
FROM "TaskTypeStationRules" AS "t"
WHERE "t"."Version" = @__version_0
[09:05:31 INF] Executed DbCommand (0ms) [Parameters=[], CommandType='Text', CommandTimeout='30']
SELECT "a"."Id", "a"."ContentHash", "a"."DeploymentId", "a"."ImportedAt", "a"."Version"
FROM "AdmissionPolicyState" AS "a"
WHERE "a"."Id" = 1
LIMIT 2
[09:05:31 INF] Executed DbCommand (0ms) [Parameters=[], CommandType='Text', CommandTimeout='30']
SELECT "j"."JourneyId", "j"."AgvId", "j"."AgvLifecycleGeneration", "j"."AreaEndAdmissionRevokedSince", "j"."BlockReasonCode", "j"."BlockReasonSince", "j"."CargoHoldingStartedAt", "j"."ConsumedSafetyResultMessageId", "j"."ConsumedSublotMessageId", "j"."CreatedAt", "j"."DemandId", "j"."DispatchGeneration", "j"."DispatchZone", "j"."ExpectedBasketCount", "j"."FullSlotPositionsJson", "j"."GateMovementLegId", "j"."GatePlanMessageId", "j"."GateStationId", "j"."GateStationRiotId", "j"."GateUpperId", "j"."GateVehicleBusinessMessageId", "j"."GateWorklistMessageId", "j"."LoadCommandMessageId", "j"."LoadSlotOperationAttemptId", "j"."LoadingClosedReason", "j"."LoadingPhaseState", "j"."MapId", "j"."MapIdentity", "j"."OperationSessionId", "j"."PickupMovementLegId", "j"."PickupStationId", "j"."PickupStationRiotId", "j"."PickupUpperId", "j"."PlanMessageId", "j"."PlanRevision", "j"."PreDepartureSafetyCheckId", "j"."PreDepartureSafetyCheckMessageId", "j"."RouteEvidenceId", "j"."Stage", "j"."StationDepartureWaitStartedAt", "j"."SublotRequestMessageId", "j"."TargetSlotsJson", "j"."UnloadCommandMessageId", "j"."UnloadSlotOperationAttemptId", "j"."UpdatedAt", "j"."VehicleBusinessMessageId", "j"."VehicleBusinessRevision", "j"."VehicleKey", "j"."WorklistMessageId", "j"."WorklistRevision", "j"."YieldTriggeredAt", "j"."YieldTriggeredByVehicleKey"
FROM "JourneyRuntimes" AS "j"
WHERE "j"."Stage" <> 'Completed'
[09:05:31 INF] Executed DbCommand (0ms) [Parameters=[], CommandType='Text', CommandTimeout='30']
SELECT "a"."DemandId"
FROM "AcceptedDemands" AS "a"
WHERE "a"."Status" NOT IN ('Succeeded', 'Cancelled')
[09:05:31 INF] Executed DbCommand (0ms) [Parameters=[], CommandType='Text', CommandTimeout='30']
SELECT "j"."DemandId"
FROM "JourneyDemands" AS "j"
WHERE "j"."RemovedAt" IS NULL
[09:05:31 INF] Start processing HTTP request GET http://127.0.0.1:48409/api/v2/contract
[09:05:31 INF] Sending HTTP request GET http://127.0.0.1:48409/api/v2/contract
[09:05:31 INF] Received HTTP response headers after 1.2845ms - 200
[09:05:31 INF] End processing HTTP request after 2.9676ms - 200
[09:05:31 INF] Start processing HTTP request GET http://127.0.0.1:48409/api/v2/externally-readable-demand-catalog
[09:05:31 INF] Sending HTTP request GET http://127.0.0.1:48409/api/v2/externally-readable-demand-catalog
[09:05:31 INF] Received HTTP response headers after 1.2802ms - 200
[09:05:31 INF] End processing HTTP request after 3.6791ms - 200
[09:05:31 INF] Executed DbCommand (0ms) [Parameters=[], CommandType='Text', CommandTimeout='30']
SELECT "j"."DemandId", "j"."AcceptedAt", "j"."DecisionFingerprint", "j"."DemandCreatedAt", "j"."FirstSeenAt", "j"."LastSeenAt", "j"."ReasonCode", "j"."StarvationEscalatedAt", "j"."StarvationEscalationParameterVersion", "j"."TransportDemandKey"
FROM "JourneyBacklog" AS "j"
[09:05:31 INF] Executed DbCommand (0ms) [Parameters=[], CommandType='Text', CommandTimeout='30']
SELECT "a"."DemandId"
FROM "AcceptedDemands" AS "a"
[09:05:31 INF] Executed DbCommand (0ms) [Parameters=[], CommandType='Text', CommandTimeout='30']
SELECT "v"."AgvId", "v"."TaskType", "v"."Allowed", "v"."ConfigurationVersion", "v"."UpdatedAt"
FROM "VehicleTaskTypeAdmissions" AS "v"
[09:05:31 INF] Executed DbCommand (0ms) [Parameters=[], CommandType='Text', CommandTimeout='30']
SELECT "v"."AgvId", "v"."ConfigurationVersion", "v"."RoundTimeoutMilliseconds", "v"."UpdatedAt"
FROM "VehicleDispatchBudgets" AS "v"
[09:05:31 INF] Executed DbCommand (0ms) [Parameters=[], CommandType='Text', CommandTimeout='30']
SELECT "d"."Zone", "d"."AgvId", "d"."ConfigurationVersion", "d"."UpdatedAt"
FROM "DispatchZoneVehicles" AS "d"
[09:05:31 INF] Executed DbCommand (0ms) [Parameters=[], CommandType='Text', CommandTimeout='30']
SELECT MAX("d"."Version")
FROM "DispatchZoneAreaAssignmentVersions" AS "d"
[09:05:31 INF] Executed DbCommand (0ms) [Parameters=[@__version_0='?' (DbType = Int64)], CommandType='Text', CommandTimeout='30']
SELECT "d"."Version", "d"."ContentSha256", "d"."EntryCount", "d"."ImportedAt", "d"."SnapshotId"
FROM "DispatchZoneAreaAssignmentVersions" AS "d"
WHERE "d"."Version" = @__version_0
LIMIT 2
[09:05:31 INF] Executed DbCommand (0ms) [Parameters=[@__version_0='?' (DbType = Int64)], CommandType='Text', CommandTimeout='30']
SELECT "d"."Version", "d"."Area", "d"."DispatchZone", "d"."SlotPosition"
FROM "DispatchZoneAreaAssignments" AS "d"
WHERE "d"."Version" = @__version_0
[09:05:31 INF] Executed DbCommand (0ms) [Parameters=[@__agvId_0='?' (Size = 10)], CommandType='Text', CommandTimeout='30']
SELECT "a"."SlotModelVersionId", "a"."SnapshotId"
FROM "ActiveSlotConfigurations" AS "a"
WHERE "a"."AgvId" = @__agvId_0
LIMIT 2
[09:05:31 INF] Executed DbCommand (0ms) [Parameters=[@__agvId_0='?' (Size = 10)], CommandType='Text', CommandTimeout='30']
SELECT "s"."SlotModelVersionId", "s"."CreatedAt"
FROM "SlotIoBindings" AS "s"
WHERE "s"."AgvId" = @__agvId_0 AND "s"."Status" = 'PUBLISHED'
[09:05:31 INF] Executed DbCommand (0ms) [Parameters=[@__slotModelVersionId_0='?' (Size = 32)], CommandType='Text', CommandTimeout='30']
SELECT "s"."SlotModelVersionId", "s"."PhysicalSlotNumber", "s"."SlotPosition", "s"."SlotTemplateId"
FROM "SlotModelSlots" AS "s"
WHERE "s"."SlotModelVersionId" = @__slotModelVersionId_0
[09:05:31 INF] Executed DbCommand (0ms) [Parameters=[@__agvId_0='?' (Size = 10)], CommandType='Text', CommandTimeout='30']
SELECT "s"."AgvId", "s"."ActiveUnlockSlotsJson", "s"."CapabilityHash", "s"."CapabilityRevision", "s"."DepartureSafe", "s"."ForcedRecoveryGeneration", "s"."ManifestSha256", "s"."PendingAttemptIdsJson", "s"."PendingResultIdsJson", "s"."ProfileId", "s"."ProtocolCommit", "s"."ProtocolVersion", "s"."ProvenRecoveryCheckpoint", "s"."Readiness", "s"."ReasonCode", "s"."RecoveryReportId", "s"."ReportedForcedRecoveryGeneration", "s"."ReportedSlotConfigurationFingerprint", "s"."SafetyHash", "s"."SafetyReasonCodesJson", "s"."SafetyRevision", "s"."SafetyUnknownPresent", "s"."SessionGeneration", "s"."UnsettledSlotOperationAttemptId", "s"."UpdatedAt"
FROM "SessionRecoveries" AS "s"
WHERE "s"."AgvId" = @__agvId_0 AND "s"."Readiness" = 'Ready'
LIMIT 2
[09:05:31 INF] Executed DbCommand (0ms) [Parameters=[@__messageType_0='?' (Size = 18)], CommandType='Text', CommandTimeout='30']
SELECT "p"."MessageId", "p"."ContentHash", "p"."FirstResponseJson", "p"."MessageType", "p"."ReceivedAt", "p"."RequestJson"
FROM "ProtocolInbox" AS "p"
WHERE "p"."MessageType" = @__messageType_0
[09:05:31 INF] Executed DbCommand (0ms) [Parameters=[], CommandType='Text', CommandTimeout='30']
SELECT "p"."MessageId", "p"."ContentHash", "p"."FirstResponseJson", "p"."MessageType", "p"."ReceivedAt", "p"."RequestJson"
FROM "ProtocolInbox" AS "p"
WHERE "p"."MessageType" = 'SafetyStateSnapshot'
[09:05:31 INF] Executed DbCommand (0ms) [Parameters=[], CommandType='Text', CommandTimeout='30']
SELECT "p"."MessageId", "p"."ContentHash", "p"."FirstResponseJson", "p"."MessageType", "p"."ReceivedAt", "p"."RequestJson"
FROM "ProtocolInbox" AS "p"
WHERE "p"."MessageType" IN ('SafetyStateSnapshot', 'SafetyStateChanged')
[09:05:31 INF] Executed DbCommand (0ms) [Parameters=[], CommandType='Text', CommandTimeout='30']
SELECT "p"."MessageId", "p"."ContentHash", "p"."FirstResponseJson", "p"."MessageType", "p"."ReceivedAt", "p"."RequestJson"
FROM "ProtocolInbox" AS "p"
[09:05:31 INF] Start processing HTTP request GET http://127.0.0.1:48408/api/task/vehicles/getVehicleInfoByDeviceKey?key=BROKERX-L2-0001
[09:05:31 INF] Sending HTTP request GET http://127.0.0.1:48408/api/task/vehicles/getVehicleInfoByDeviceKey?key=BROKERX-L2-0001
[09:05:31 INF] Received HTTP response headers after 0.6213ms - 200
[09:05:31 INF] End processing HTTP request after 1.687ms - 200
[09:05:31 INF] Executed DbCommand (0ms) [Parameters=[@p2='?' (Size = 36), @p0='?' (DbType = DateTimeOffset), @p1='?' (Size = 23)], CommandType='Text', CommandTimeout='30']
UPDATE "JourneyBacklog" SET "LastSeenAt" = @p0, "ReasonCode" = @p1
WHERE "DemandId" = @p2
RETURNING 1;
[09:05:31 INF] Executed DbCommand (0ms) [Parameters=[], CommandType='Text', CommandTimeout='30']
SELECT "s"."DemandId", "s"."ReasonCode", "s"."ClearedAt", "s"."DetailJson", "s"."FirstRaisedAt", "s"."LastSeenAt", "s"."TransportDemandKey"
FROM "StructuralDispatchBlocks" AS "s"
WHERE "s"."ClearedAt" IS NULL
[09:05:31 INF] Start processing HTTP request GET http://127.0.0.1:48408/api/task/v1/task/getVehicleInfo/BROKERX-L2-0001
[09:05:31 INF] Sending HTTP request GET http://127.0.0.1:48408/api/task/v1/task/getVehicleInfo/BROKERX-L2-0001
[09:05:31 INF] Received HTTP response headers after 0.5348ms - 200
[09:05:31 INF] End processing HTTP request after 2.036ms - 200
[09:05:31 INF] Start processing HTTP request GET http://127.0.0.1:48408/api/order/v1/orderRecord?pageNum=1&pageSize=100&filterByState=1&filterByState=3&filterByState=7&filterByState=9
[09:05:31 INF] Sending HTTP request GET http://127.0.0.1:48408/api/order/v1/orderRecord?pageNum=1&pageSize=100&filterByState=1&filterByState=3&filterByState=7&filterByState=9
[09:05:31 INF] Received HTTP response headers after 0.6337ms - 200
[09:05:31 INF] End processing HTTP request after 3.1524ms - 200
[09:05:31 INF] HTTP GET /api/onboard/v1/vehicle-safety responded 200 in 21.0689 ms
[09:05:32 INF] Start processing HTTP request GET http://127.0.0.1:48408/api/imap/v1/mapInfo/stations/25
[09:05:32 INF] Sending HTTP request GET http://127.0.0.1:48408/api/imap/v1/mapInfo/stations/25
[09:05:32 INF] Received HTTP response headers after 0.8821ms - 200
[09:05:32 INF] End processing HTTP request after 3.3391ms - 200
[09:05:32 INF] Executed DbCommand (0ms) [Parameters=[@__mapId_0='?' (DbType = Int32)], CommandType='Text', CommandTimeout='30']
SELECT "t"."MapId", "t"."ActiveVersion", "t"."PendingVersion", "t"."State", "t"."UpdatedAt"
FROM "TaskTypeStationActiveBindingSets" AS "t"
WHERE "t"."MapId" = @__mapId_0
LIMIT 2
[09:05:32 INF] Executed DbCommand (0ms) [Parameters=[@__mapId_0='?' (DbType = Int32), @__version_1='?' (DbType = Int64)], CommandType='Text', CommandTimeout='30']
SELECT "t"."MapId", "t"."Version", "t"."CatalogRevision", "t"."ContentSha256", "t"."LoadedAt", "t"."RuleVersion", "t"."SnapshotId", "t"."Source"
FROM "TaskTypeStationBindingSetVersions" AS "t"
WHERE "t"."MapId" = @__mapId_0 AND "t"."Version" = @__version_1
LIMIT 2
[09:05:32 INF] Executed DbCommand (0ms) [Parameters=[@__mapId_0='?' (DbType = Int32), @__version_1='?' (DbType = Int64)], CommandType='Text', CommandTimeout='30']
SELECT "t"."TaskType"
FROM "TaskTypeStationRequirements" AS "t"
WHERE "t"."MapId" = @__mapId_0 AND "t"."Version" = @__version_1
[09:05:32 INF] Executed DbCommand (0ms) [Parameters=[@__mapId_0='?' (DbType = Int32), @__version_1='?' (DbType = Int64)], CommandType='Text', CommandTimeout='30']
SELECT "t"."MapId", "t"."Version", "t"."TaskType", "t"."SiteVerificationRef", "t"."StationName", "t"."StationRiotId"
FROM "TaskTypeStationBindings" AS "t"
WHERE "t"."MapId" = @__mapId_0 AND "t"."Version" = @__version_1
[09:05:32 INF] Executed DbCommand (0ms) [Parameters=[@__version_0='?' (DbType = Int64)], CommandType='Text', CommandTimeout='30']
SELECT "t"."Version", "t"."ContentSha256", "t"."LoadedAt", "t"."SnapshotId", "t"."Source"
FROM "TaskTypeStationRuleVersions" AS "t"
WHERE "t"."Version" = @__version_0
LIMIT 2
[09:05:32 INF] Executed DbCommand (0ms) [Parameters=[@__version_0='?' (DbType = Int64)], CommandType='Text', CommandTimeout='30']
SELECT "t"."Version", "t"."TaskType", "t"."FixedEnd"
FROM "TaskTypeStationRules" AS "t"
WHERE "t"."Version" = @__version_0
[09:05:32 INF] Executed DbCommand (0ms) [Parameters=[@__mapId_0='?' (DbType = Int32)], CommandType='Text', CommandTimeout='30']
SELECT "t"."MapId", "t"."ActiveVersion", "t"."PendingVersion", "t"."State", "t"."UpdatedAt"
FROM "TaskTypeStationActiveBindingSets" AS "t"
WHERE "t"."MapId" = @__mapId_0
LIMIT 2
[09:05:32 INF] Executed DbCommand (0ms) [Parameters=[@__mapId_0='?' (DbType = Int32)], CommandType='Text', CommandTimeout='30']
SELECT "t"."HoldId", "t"."DetailJson", "t"."MapId", "t"."RaisedAt", "t"."RaisedBy", "t"."ReasonCode", "t"."ReleasedAt", "t"."ReleasedBy", "t"."Source", "t"."TaskType"
FROM "TaskTypeStationHolds" AS "t"
WHERE "t"."MapId" = @__mapId_0 AND "t"."ReleasedAt" IS NULL
[09:05:32 INF] Executed DbCommand (0ms) [Parameters=[@__mapId_0='?' (DbType = Int32)], CommandType='Text', CommandTimeout='30']
SELECT "m"."MapId", "m"."ApprovedMaxUnconfirmedSeconds", "m"."ApprovedSyncPeriodSeconds", "m"."CatalogRevision", "m"."LastAttemptAt", "m"."LastCompleteConfirmationAt", "m"."LastFailureReason", "m"."State", "m"."UpdatedAt"
FROM "MapStationCatalogStates" AS "m"
WHERE "m"."MapId" = @__mapId_0
LIMIT 2
[09:05:32 INF] Executed DbCommand (0ms) [Parameters=[@p3='?' (DbType = Int32), @p0='?' (DbType = DateTimeOffset), @p1='?' (DbType = DateTimeOffset), @p2='?' (DbType = DateTimeOffset)], CommandType='Text', CommandTimeout='30']
UPDATE "MapStationCatalogStates" SET "LastAttemptAt" = @p0, "LastCompleteConfirmationAt" = @p1, "UpdatedAt" = @p2
WHERE "MapId" = @p3
RETURNING 1;
[09:05:32 INF] Executed DbCommand (0ms) [Parameters=[@__mapId_0='?' (DbType = Int32)], CommandType='Text', CommandTimeout='30']
SELECT "t"."MapId", "t"."ActiveVersion", "t"."PendingVersion", "t"."State", "t"."UpdatedAt"
FROM "TaskTypeStationActiveBindingSets" AS "t"
WHERE "t"."MapId" = @__mapId_0
LIMIT 2
[09:05:32 INF] Executed DbCommand (0ms) [Parameters=[@__mapId_0='?' (DbType = Int32), @__version_1='?' (DbType = Int64)], CommandType='Text', CommandTimeout='30']
SELECT "t"."MapId", "t"."Version", "t"."CatalogRevision", "t"."ContentSha256", "t"."LoadedAt", "t"."RuleVersion", "t"."SnapshotId", "t"."Source"
FROM "TaskTypeStationBindingSetVersions" AS "t"
WHERE "t"."MapId" = @__mapId_0 AND "t"."Version" = @__version_1
LIMIT 2
[09:05:32 INF] Executed DbCommand (0ms) [Parameters=[@__mapId_0='?' (DbType = Int32), @__version_1='?' (DbType = Int64)], CommandType='Text', CommandTimeout='30']
SELECT "t"."TaskType"
FROM "TaskTypeStationRequirements" AS "t"
WHERE "t"."MapId" = @__mapId_0 AND "t"."Version" = @__version_1
[09:05:32 INF] Executed DbCommand (0ms) [Parameters=[@__mapId_0='?' (DbType = Int32), @__version_1='?' (DbType = Int64)], CommandType='Text', CommandTimeout='30']
SELECT "t"."MapId", "t"."Version", "t"."TaskType", "t"."SiteVerificationRef", "t"."StationName", "t"."StationRiotId"
FROM "TaskTypeStationBindings" AS "t"
WHERE "t"."MapId" = @__mapId_0 AND "t"."Version" = @__version_1
[09:05:32 INF] Executed DbCommand (0ms) [Parameters=[@__mapId_0='?' (DbType = Int32)], CommandType='Text', CommandTimeout='30']
SELECT "t"."MapId", "t"."ActiveVersion", "t"."PendingVersion", "t"."State", "t"."UpdatedAt"
FROM "TaskTypeStationActiveBindingSets" AS "t"
WHERE "t"."MapId" = @__mapId_0
LIMIT 2
[09:05:32 INF] Executed DbCommand (0ms) [Parameters=[@__mapId_0='?' (DbType = Int32), @__version_1='?' (DbType = Int64)], CommandType='Text', CommandTimeout='30']
SELECT "t"."MapId", "t"."Version", "t"."CatalogRevision", "t"."ContentSha256", "t"."LoadedAt", "t"."RuleVersion", "t"."SnapshotId", "t"."Source"
FROM "TaskTypeStationBindingSetVersions" AS "t"
WHERE "t"."MapId" = @__mapId_0 AND "t"."Version" = @__version_1
LIMIT 2
[09:05:32 INF] Executed DbCommand (0ms) [Parameters=[@__mapId_0='?' (DbType = Int32), @__version_1='?' (DbType = Int64)], CommandType='Text', CommandTimeout='30']
SELECT "t"."TaskType"
FROM "TaskTypeStationRequirements" AS "t"
WHERE "t"."MapId" = @__mapId_0 AND "t"."Version" = @__version_1
[09:05:32 INF] Executed DbCommand (0ms) [Parameters=[@__mapId_0='?' (DbType = Int32), @__version_1='?' (DbType = Int64)], CommandType='Text', CommandTimeout='30']
SELECT "t"."MapId", "t"."Version", "t"."TaskType", "t"."SiteVerificationRef", "t"."StationName", "t"."StationRiotId"
FROM "TaskTypeStationBindings" AS "t"
WHERE "t"."MapId" = @__mapId_0 AND "t"."Version" = @__version_1
[09:05:32 INF] Executed DbCommand (0ms) [Parameters=[@__version_0='?' (DbType = Int64)], CommandType='Text', CommandTimeout='30']
SELECT "t"."Version", "t"."ContentSha256", "t"."LoadedAt", "t"."SnapshotId", "t"."Source"
FROM "TaskTypeStationRuleVersions" AS "t"
WHERE "t"."Version" = @__version_0
LIMIT 2
[09:05:32 INF] Executed DbCommand (0ms) [Parameters=[@__version_0='?' (DbType = Int64)], CommandType='Text', CommandTimeout='30']
SELECT "t"."Version", "t"."TaskType", "t"."FixedEnd"
FROM "TaskTypeStationRules" AS "t"
WHERE "t"."Version" = @__version_0
[09:05:32 INF] Executed DbCommand (0ms) [Parameters=[], CommandType='Text', CommandTimeout='30']
SELECT "a"."Id", "a"."ContentHash", "a"."DeploymentId", "a"."ImportedAt", "a"."Version"
FROM "AdmissionPolicyState" AS "a"
WHERE "a"."Id" = 1
LIMIT 2
[09:05:32 INF] Executed DbCommand (0ms) [Parameters=[], CommandType='Text', CommandTimeout='30']
SELECT "j"."JourneyId", "j"."AgvId", "j"."AgvLifecycleGeneration", "j"."AreaEndAdmissionRevokedSince", "j"."BlockReasonCode", "j"."BlockReasonSince", "j"."CargoHoldingStartedAt", "j"."ConsumedSafetyResultMessageId", "j"."ConsumedSublotMessageId", "j"."CreatedAt", "j"."DemandId", "j"."DispatchGeneration", "j"."DispatchZone", "j"."ExpectedBasketCount", "j"."FullSlotPositionsJson", "j"."GateMovementLegId", "j"."GatePlanMessageId", "j"."GateStationId", "j"."GateStationRiotId", "j"."GateUpperId", "j"."GateVehicleBusinessMessageId", "j"."GateWorklistMessageId", "j"."LoadCommandMessageId", "j"."LoadSlotOperationAttemptId", "j"."LoadingClosedReason", "j"."LoadingPhaseState", "j"."MapId", "j"."MapIdentity", "j"."OperationSessionId", "j"."PickupMovementLegId", "j"."PickupStationId", "j"."PickupStationRiotId", "j"."PickupUpperId", "j"."PlanMessageId", "j"."PlanRevision", "j"."PreDepartureSafetyCheckId", "j"."PreDepartureSafetyCheckMessageId", "j"."RouteEvidenceId", "j"."Stage", "j"."StationDepartureWaitStartedAt", "j"."SublotRequestMessageId", "j"."TargetSlotsJson", "j"."UnloadCommandMessageId", "j"."UnloadSlotOperationAttemptId", "j"."UpdatedAt", "j"."VehicleBusinessMessageId", "j"."VehicleBusinessRevision", "j"."VehicleKey", "j"."WorklistMessageId", "j"."WorklistRevision", "j"."YieldTriggeredAt", "j"."YieldTriggeredByVehicleKey"
FROM "JourneyRuntimes" AS "j"
WHERE "j"."Stage" <> 'Completed'
[09:05:32 INF] Executed DbCommand (0ms) [Parameters=[], CommandType='Text', CommandTimeout='30']
SELECT "a"."DemandId"
FROM "AcceptedDemands" AS "a"
WHERE "a"."Status" NOT IN ('Succeeded', 'Cancelled')
[09:05:32 INF] Executed DbCommand (0ms) [Parameters=[], CommandType='Text', CommandTimeout='30']
SELECT "j"."DemandId"
FROM "JourneyDemands" AS "j"
WHERE "j"."RemovedAt" IS NULL
[09:05:32 INF] Start processing HTTP request GET http://127.0.0.1:48409/api/v2/contract
[09:05:32 INF] Sending HTTP request GET http://127.0.0.1:48409/api/v2/contract
[09:05:32 INF] Received HTTP response headers after 0.6738ms - 200
[09:05:32 INF] End processing HTTP request after 2.1066ms - 200
[09:05:32 INF] Start processing HTTP request GET http://127.0.0.1:48409/api/v2/externally-readable-demand-catalog
[09:05:32 INF] Sending HTTP request GET http://127.0.0.1:48409/api/v2/externally-readable-demand-catalog
[09:05:32 INF] Received HTTP response headers after 0.7655ms - 200
[09:05:32 INF] End processing HTTP request after 32.907ms - 200
[09:05:32 INF] Executed DbCommand (0ms) [Parameters=[], CommandType='Text', CommandTimeout='30']
SELECT "j"."DemandId", "j"."AcceptedAt", "j"."DecisionFingerprint", "j"."DemandCreatedAt", "j"."FirstSeenAt", "j"."LastSeenAt", "j"."ReasonCode", "j"."StarvationEscalatedAt", "j"."StarvationEscalationParameterVersion", "j"."TransportDemandKey"
FROM "JourneyBacklog" AS "j"
[09:05:32 INF] Executed DbCommand (0ms) [Parameters=[], CommandType='Text', CommandTimeout='30']
SELECT "a"."DemandId"
FROM "AcceptedDemands" AS "a"
[09:05:32 INF] Executed DbCommand (0ms) [Parameters=[], CommandType='Text', CommandTimeout='30']
SELECT "v"."AgvId", "v"."TaskType", "v"."Allowed", "v"."ConfigurationVersion", "v"."UpdatedAt"
FROM "VehicleTaskTypeAdmissions" AS "v"
[09:05:32 INF] Executed DbCommand (0ms) [Parameters=[], CommandType='Text', CommandTimeout='30']
SELECT "v"."AgvId", "v"."ConfigurationVersion", "v"."RoundTimeoutMilliseconds", "v"."UpdatedAt"
FROM "VehicleDispatchBudgets" AS "v"
[09:05:32 INF] Executed DbCommand (0ms) [Parameters=[], CommandType='Text', CommandTimeout='30']
SELECT "d"."Zone", "d"."AgvId", "d"."ConfigurationVersion", "d"."UpdatedAt"
FROM "DispatchZoneVehicles" AS "d"
[09:05:32 INF] Executed DbCommand (0ms) [Parameters=[], CommandType='Text', CommandTimeout='30']
SELECT MAX("d"."Version")
FROM "DispatchZoneAreaAssignmentVersions" AS "d"
[09:05:32 INF] Executed DbCommand (0ms) [Parameters=[@__version_0='?' (DbType = Int64)], CommandType='Text', CommandTimeout='30']
SELECT "d"."Version", "d"."ContentSha256", "d"."EntryCount", "d"."ImportedAt", "d"."SnapshotId"
FROM "DispatchZoneAreaAssignmentVersions" AS "d"
WHERE "d"."Version" = @__version_0
LIMIT 2
[09:05:32 INF] Executed DbCommand (0ms) [Parameters=[@__version_0='?' (DbType = Int64)], CommandType='Text', CommandTimeout='30']
SELECT "d"."Version", "d"."Area", "d"."DispatchZone", "d"."SlotPosition"
FROM "DispatchZoneAreaAssignments" AS "d"
WHERE "d"."Version" = @__version_0
[09:05:32 INF] Executed DbCommand (0ms) [Parameters=[@__agvId_0='?' (Size = 10)], CommandType='Text', CommandTimeout='30']
SELECT "a"."SlotModelVersionId", "a"."SnapshotId"
FROM "ActiveSlotConfigurations" AS "a"
WHERE "a"."AgvId" = @__agvId_0
LIMIT 2
[09:05:32 INF] Executed DbCommand (0ms) [Parameters=[@__agvId_0='?' (Size = 10)], CommandType='Text', CommandTimeout='30']
SELECT "s"."SlotModelVersionId", "s"."CreatedAt"
FROM "SlotIoBindings" AS "s"
WHERE "s"."AgvId" = @__agvId_0 AND "s"."Status" = 'PUBLISHED'
[09:05:32 INF] Executed DbCommand (0ms) [Parameters=[@__slotModelVersionId_0='?' (Size = 32)], CommandType='Text', CommandTimeout='30']
SELECT "s"."SlotModelVersionId", "s"."PhysicalSlotNumber", "s"."SlotPosition", "s"."SlotTemplateId"
FROM "SlotModelSlots" AS "s"
WHERE "s"."SlotModelVersionId" = @__slotModelVersionId_0
[09:05:32 INF] Executed DbCommand (0ms) [Parameters=[@__agvId_0='?' (Size = 10)], CommandType='Text', CommandTimeout='30']
SELECT "s"."AgvId", "s"."ActiveUnlockSlotsJson", "s"."CapabilityHash", "s"."CapabilityRevision", "s"."DepartureSafe", "s"."ForcedRecoveryGeneration", "s"."ManifestSha256", "s"."PendingAttemptIdsJson", "s"."PendingResultIdsJson", "s"."ProfileId", "s"."ProtocolCommit", "s"."ProtocolVersion", "s"."ProvenRecoveryCheckpoint", "s"."Readiness", "s"."ReasonCode", "s"."RecoveryReportId", "s"."ReportedForcedRecoveryGeneration", "s"."ReportedSlotConfigurationFingerprint", "s"."SafetyHash", "s"."SafetyReasonCodesJson", "s"."SafetyRevision", "s"."SafetyUnknownPresent", "s"."SessionGeneration", "s"."UnsettledSlotOperationAttemptId", "s"."UpdatedAt"
FROM "SessionRecoveries" AS "s"
WHERE "s"."AgvId" = @__agvId_0 AND "s"."Readiness" = 'Ready'
LIMIT 2
[09:05:32 INF] Executed DbCommand (0ms) [Parameters=[@__messageType_0='?' (Size = 18)], CommandType='Text', CommandTimeout='30']
SELECT "p"."MessageId", "p"."ContentHash", "p"."FirstResponseJson", "p"."MessageType", "p"."ReceivedAt", "p"."RequestJson"
FROM "ProtocolInbox" AS "p"
WHERE "p"."MessageType" = @__messageType_0
[09:05:32 INF] Executed DbCommand (0ms) [Parameters=[], CommandType='Text', CommandTimeout='30']
SELECT "p"."MessageId", "p"."ContentHash", "p"."FirstResponseJson", "p"."MessageType", "p"."ReceivedAt", "p"."RequestJson"
FROM "ProtocolInbox" AS "p"
WHERE "p"."MessageType" = 'SafetyStateSnapshot'
[09:05:32 INF] Executed DbCommand (0ms) [Parameters=[], CommandType='Text', CommandTimeout='30']
SELECT "p"."MessageId", "p"."ContentHash", "p"."FirstResponseJson", "p"."MessageType", "p"."ReceivedAt", "p"."RequestJson"
FROM "ProtocolInbox" AS "p"
WHERE "p"."MessageType" IN ('SafetyStateSnapshot', 'SafetyStateChanged')
[09:05:32 INF] Executed DbCommand (0ms) [Parameters=[], CommandType='Text', CommandTimeout='30']
SELECT "p"."MessageId", "p"."ContentHash", "p"."FirstResponseJson", "p"."MessageType", "p"."ReceivedAt", "p"."RequestJson"
FROM "ProtocolInbox" AS "p"
[09:05:32 INF] Start processing HTTP request GET http://127.0.0.1:48408/api/task/vehicles/getVehicleInfoByDeviceKey?key=BROKERX-L2-0001
[09:05:32 INF] Sending HTTP request GET http://127.0.0.1:48408/api/task/vehicles/getVehicleInfoByDeviceKey?key=BROKERX-L2-0001
[09:05:32 INF] Received HTTP response headers after 0.5773ms - 200
[09:05:32 INF] End processing HTTP request after 27.0374ms - 200
[09:05:32 INF] Executed DbCommand (0ms) [Parameters=[@p1='?' (Size = 36), @p0='?' (DbType = DateTimeOffset)], CommandType='Text', CommandTimeout='30']
UPDATE "JourneyBacklog" SET "LastSeenAt" = @p0
WHERE "DemandId" = @p1
RETURNING 1;
[09:05:32 INF] Executed DbCommand (0ms) [Parameters=[], CommandType='Text', CommandTimeout='30']
SELECT "s"."DemandId", "s"."ReasonCode", "s"."ClearedAt", "s"."DetailJson", "s"."FirstRaisedAt", "s"."LastSeenAt", "s"."TransportDemandKey"
FROM "StructuralDispatchBlocks" AS "s"
WHERE "s"."ClearedAt" IS NULL
[09:05:32 INF] Start processing HTTP request GET http://127.0.0.1:48408/api/task/v1/task/getVehicleInfo/BROKERX-L2-0001
[09:05:32 INF] Sending HTTP request GET http://127.0.0.1:48408/api/task/v1/task/getVehicleInfo/BROKERX-L2-0001
[09:05:32 INF] Received HTTP response headers after 0.9054ms - 200
[09:05:32 INF] End processing HTTP request after 31.0853ms - 200
[09:05:32 INF] Start processing HTTP request GET http://127.0.0.1:48408/api/order/v1/orderRecord?pageNum=1&pageSize=100&filterByState=1&filterByState=3&filterByState=7&filterByState=9
[09:05:32 INF] Sending HTTP request GET http://127.0.0.1:48408/api/order/v1/orderRecord?pageNum=1&pageSize=100&filterByState=1&filterByState=3&filterByState=7&filterByState=9
[09:05:32 INF] Received HTTP response headers after 0.8313ms - 200
[09:05:32 INF] End processing HTTP request after 78.2246ms - 200
[09:05:32 INF] HTTP GET /api/onboard/v1/vehicle-safety responded 200 in 142.1573 ms
[09:05:33 INF] Start processing HTTP request GET http://127.0.0.1:48408/api/imap/v1/mapInfo/stations/25
[09:05:33 INF] Sending HTTP request GET http://127.0.0.1:48408/api/imap/v1/mapInfo/stations/25
[09:05:33 INF] Received HTTP response headers after 0.8601ms - 200
[09:05:33 INF] End processing HTTP request after 16.2305ms - 200
[09:05:33 INF] Executed DbCommand (0ms) [Parameters=[@__mapId_0='?' (DbType = Int32)], CommandType='Text', CommandTimeout='30']
SELECT "t"."MapId", "t"."ActiveVersion", "t"."PendingVersion", "t"."State", "t"."UpdatedAt"
FROM "TaskTypeStationActiveBindingSets" AS "t"
WHERE "t"."MapId" = @__mapId_0
LIMIT 2
[09:05:33 INF] Executed DbCommand (0ms) [Parameters=[@__mapId_0='?' (DbType = Int32), @__version_1='?' (DbType = Int64)], CommandType='Text', CommandTimeout='30']
SELECT "t"."MapId", "t"."Version", "t"."CatalogRevision", "t"."ContentSha256", "t"."LoadedAt", "t"."RuleVersion", "t"."SnapshotId", "t"."Source"
FROM "TaskTypeStationBindingSetVersions" AS "t"
WHERE "t"."MapId" = @__mapId_0 AND "t"."Version" = @__version_1
LIMIT 2
[09:05:33 INF] Executed DbCommand (0ms) [Parameters=[@__mapId_0='?' (DbType = Int32), @__version_1='?' (DbType = Int64)], CommandType='Text', CommandTimeout='30']
SELECT "t"."TaskType"
FROM "TaskTypeStationRequirements" AS "t"
WHERE "t"."MapId" = @__mapId_0 AND "t"."Version" = @__version_1
[09:05:33 INF] Executed DbCommand (0ms) [Parameters=[@__mapId_0='?' (DbType = Int32), @__version_1='?' (DbType = Int64)], CommandType='Text', CommandTimeout='30']
SELECT "t"."MapId", "t"."Version", "t"."TaskType", "t"."SiteVerificationRef", "t"."StationName", "t"."StationRiotId"
FROM "TaskTypeStationBindings" AS "t"
WHERE "t"."MapId" = @__mapId_0 AND "t"."Version" = @__version_1
[09:05:33 INF] Executed DbCommand (0ms) [Parameters=[@__version_0='?' (DbType = Int64)], CommandType='Text', CommandTimeout='30']
SELECT "t"."Version", "t"."ContentSha256", "t"."LoadedAt", "t"."SnapshotId", "t"."Source"
FROM "TaskTypeStationRuleVersions" AS "t"
WHERE "t"."Version" = @__version_0
LIMIT 2
[09:05:33 INF] Executed DbCommand (0ms) [Parameters=[@__version_0='?' (DbType = Int64)], CommandType='Text', CommandTimeout='30']
SELECT "t"."Version", "t"."TaskType", "t"."FixedEnd"
FROM "TaskTypeStationRules" AS "t"
WHERE "t"."Version" = @__version_0
[09:05:33 INF] Executed DbCommand (0ms) [Parameters=[@__mapId_0='?' (DbType = Int32)], CommandType='Text', CommandTimeout='30']
SELECT "t"."MapId", "t"."ActiveVersion", "t"."PendingVersion", "t"."State", "t"."UpdatedAt"
FROM "TaskTypeStationActiveBindingSets" AS "t"
WHERE "t"."MapId" = @__mapId_0
LIMIT 2
[09:05:33 INF] Executed DbCommand (0ms) [Parameters=[@__mapId_0='?' (DbType = Int32)], CommandType='Text', CommandTimeout='30']
SELECT "t"."HoldId", "t"."DetailJson", "t"."MapId", "t"."RaisedAt", "t"."RaisedBy", "t"."ReasonCode", "t"."ReleasedAt", "t"."ReleasedBy", "t"."Source", "t"."TaskType"
FROM "TaskTypeStationHolds" AS "t"
WHERE "t"."MapId" = @__mapId_0 AND "t"."ReleasedAt" IS NULL
[09:05:33 INF] Executed DbCommand (0ms) [Parameters=[@__mapId_0='?' (DbType = Int32)], CommandType='Text', CommandTimeout='30']
SELECT "m"."MapId", "m"."ApprovedMaxUnconfirmedSeconds", "m"."ApprovedSyncPeriodSeconds", "m"."CatalogRevision", "m"."LastAttemptAt", "m"."LastCompleteConfirmationAt", "m"."LastFailureReason", "m"."State", "m"."UpdatedAt"
FROM "MapStationCatalogStates" AS "m"
WHERE "m"."MapId" = @__mapId_0
LIMIT 2
[09:05:33 INF] Executed DbCommand (0ms) [Parameters=[@p3='?' (DbType = Int32), @p0='?' (DbType = DateTimeOffset), @p1='?' (DbType = DateTimeOffset), @p2='?' (DbType = DateTimeOffset)], CommandType='Text', CommandTimeout='30']
UPDATE "MapStationCatalogStates" SET "LastAttemptAt" = @p0, "LastCompleteConfirmationAt" = @p1, "UpdatedAt" = @p2
WHERE "MapId" = @p3
RETURNING 1;
[09:05:33 INF] Executed DbCommand (0ms) [Parameters=[@__mapId_0='?' (DbType = Int32)], CommandType='Text', CommandTimeout='30']
SELECT "t"."MapId", "t"."ActiveVersion", "t"."PendingVersion", "t"."State", "t"."UpdatedAt"
FROM "TaskTypeStationActiveBindingSets" AS "t"
WHERE "t"."MapId" = @__mapId_0
LIMIT 2
[09:05:33 INF] Executed DbCommand (0ms) [Parameters=[@__mapId_0='?' (DbType = Int32), @__version_1='?' (DbType = Int64)], CommandType='Text', CommandTimeout='30']
SELECT "t"."MapId", "t"."Version", "t"."CatalogRevision", "t"."ContentSha256", "t"."LoadedAt", "t"."RuleVersion", "t"."SnapshotId", "t"."Source"
FROM "TaskTypeStationBindingSetVersions" AS "t"
WHERE "t"."MapId" = @__mapId_0 AND "t"."Version" = @__version_1
LIMIT 2
[09:05:33 INF] Executed DbCommand (0ms) [Parameters=[@__mapId_0='?' (DbType = Int32), @__version_1='?' (DbType = Int64)], CommandType='Text', CommandTimeout='30']
SELECT "t"."TaskType"
FROM "TaskTypeStationRequirements" AS "t"
WHERE "t"."MapId" = @__mapId_0 AND "t"."Version" = @__version_1
[09:05:33 INF] Executed DbCommand (0ms) [Parameters=[@__mapId_0='?' (DbType = Int32), @__version_1='?' (DbType = Int64)], CommandType='Text', CommandTimeout='30']
SELECT "t"."MapId", "t"."Version", "t"."TaskType", "t"."SiteVerificationRef", "t"."StationName", "t"."StationRiotId"
FROM "TaskTypeStationBindings" AS "t"
WHERE "t"."MapId" = @__mapId_0 AND "t"."Version" = @__version_1
[09:05:33 INF] Executed DbCommand (0ms) [Parameters=[@__mapId_0='?' (DbType = Int32)], CommandType='Text', CommandTimeout='30']
SELECT "t"."MapId", "t"."ActiveVersion", "t"."PendingVersion", "t"."State", "t"."UpdatedAt"
FROM "TaskTypeStationActiveBindingSets" AS "t"
WHERE "t"."MapId" = @__mapId_0
LIMIT 2
[09:05:33 INF] Executed DbCommand (0ms) [Parameters=[@__mapId_0='?' (DbType = Int32), @__version_1='?' (DbType = Int64)], CommandType='Text', CommandTimeout='30']
SELECT "t"."MapId", "t"."Version", "t"."CatalogRevision", "t"."ContentSha256", "t"."LoadedAt", "t"."RuleVersion", "t"."SnapshotId", "t"."Source"
FROM "TaskTypeStationBindingSetVersions" AS "t"
WHERE "t"."MapId" = @__mapId_0 AND "t"."Version" = @__version_1
LIMIT 2
[09:05:33 INF] Executed DbCommand (0ms) [Parameters=[@__mapId_0='?' (DbType = Int32), @__version_1='?' (DbType = Int64)], CommandType='Text', CommandTimeout='30']
SELECT "t"."TaskType"
FROM "TaskTypeStationRequirements" AS "t"
WHERE "t"."MapId" = @__mapId_0 AND "t"."Version" = @__version_1
[09:05:33 INF] Executed DbCommand (0ms) [Parameters=[@__mapId_0='?' (DbType = Int32), @__version_1='?' (DbType = Int64)], CommandType='Text', CommandTimeout='30']
SELECT "t"."MapId", "t"."Version", "t"."TaskType", "t"."SiteVerificationRef", "t"."StationName", "t"."StationRiotId"
FROM "TaskTypeStationBindings" AS "t"
WHERE "t"."MapId" = @__mapId_0 AND "t"."Version" = @__version_1
[09:05:33 INF] Executed DbCommand (0ms) [Parameters=[@__version_0='?' (DbType = Int64)], CommandType='Text', CommandTimeout='30']
SELECT "t"."Version", "t"."ContentSha256", "t"."LoadedAt", "t"."SnapshotId", "t"."Source"
FROM "TaskTypeStationRuleVersions" AS "t"
WHERE "t"."Version" = @__version_0
LIMIT 2
[09:05:33 INF] Executed DbCommand (0ms) [Parameters=[@__version_0='?' (DbType = Int64)], CommandType='Text', CommandTimeout='30']
SELECT "t"."Version", "t"."TaskType", "t"."FixedEnd"
FROM "TaskTypeStationRules" AS "t"
WHERE "t"."Version" = @__version_0
[09:05:33 INF] Executed DbCommand (0ms) [Parameters=[], CommandType='Text', CommandTimeout='30']
SELECT "a"."Id", "a"."ContentHash", "a"."DeploymentId", "a"."ImportedAt", "a"."Version"
FROM "AdmissionPolicyState" AS "a"
WHERE "a"."Id" = 1
LIMIT 2
[09:05:33 INF] Executed DbCommand (0ms) [Parameters=[], CommandType='Text', CommandTimeout='30']
SELECT "j"."JourneyId", "j"."AgvId", "j"."AgvLifecycleGeneration", "j"."AreaEndAdmissionRevokedSince", "j"."BlockReasonCode", "j"."BlockReasonSince", "j"."CargoHoldingStartedAt", "j"."ConsumedSafetyResultMessageId", "j"."ConsumedSublotMessageId", "j"."CreatedAt", "j"."DemandId", "j"."DispatchGeneration", "j"."DispatchZone", "j"."ExpectedBasketCount", "j"."FullSlotPositionsJson", "j"."GateMovementLegId", "j"."GatePlanMessageId", "j"."GateStationId", "j"."GateStationRiotId", "j"."GateUpperId", "j"."GateVehicleBusinessMessageId", "j"."GateWorklistMessageId", "j"."LoadCommandMessageId", "j"."LoadSlotOperationAttemptId", "j"."LoadingClosedReason", "j"."LoadingPhaseState", "j"."MapId", "j"."MapIdentity", "j"."OperationSessionId", "j"."PickupMovementLegId", "j"."PickupStationId", "j"."PickupStationRiotId", "j"."PickupUpperId", "j"."PlanMessageId", "j"."PlanRevision", "j"."PreDepartureSafetyCheckId", "j"."PreDepartureSafetyCheckMessageId", "j"."RouteEvidenceId", "j"."Stage", "j"."StationDepartureWaitStartedAt", "j"."SublotRequestMessageId", "j"."TargetSlotsJson", "j"."UnloadCommandMessageId", "j"."UnloadSlotOperationAttemptId", "j"."UpdatedAt", "j"."VehicleBusinessMessageId", "j"."VehicleBusinessRevision", "j"."VehicleKey", "j"."WorklistMessageId", "j"."WorklistRevision", "j"."YieldTriggeredAt", "j"."YieldTriggeredByVehicleKey"
FROM "JourneyRuntimes" AS "j"
WHERE "j"."Stage" <> 'Completed'
[09:05:33 INF] Executed DbCommand (0ms) [Parameters=[], CommandType='Text', CommandTimeout='30']
SELECT "a"."DemandId"
FROM "AcceptedDemands" AS "a"
WHERE "a"."Status" NOT IN ('Succeeded', 'Cancelled')
[09:05:33 INF] Executed DbCommand (0ms) [Parameters=[], CommandType='Text', CommandTimeout='30']
SELECT "j"."DemandId"
FROM "JourneyDemands" AS "j"
WHERE "j"."RemovedAt" IS NULL
[09:05:33 INF] Start processing HTTP request GET http://127.0.0.1:48409/api/v2/contract
[09:05:33 INF] Sending HTTP request GET http://127.0.0.1:48409/api/v2/contract
[09:05:33 INF] Received HTTP response headers after 0.8228ms - 200
[09:05:33 INF] End processing HTTP request after 10.9872ms - 200
[09:05:33 INF] Start processing HTTP request GET http://127.0.0.1:48409/api/v2/externally-readable-demand-catalog
[09:05:33 INF] Sending HTTP request GET http://127.0.0.1:48409/api/v2/externally-readable-demand-catalog
[09:05:33 INF] Received HTTP response headers after 1.1539ms - 200
[09:05:33 INF] End processing HTTP request after 31.2632ms - 200
[09:05:33 INF] Executed DbCommand (0ms) [Parameters=[], CommandType='Text', CommandTimeout='30']
SELECT "j"."DemandId", "j"."AcceptedAt", "j"."DecisionFingerprint", "j"."DemandCreatedAt", "j"."FirstSeenAt", "j"."LastSeenAt", "j"."ReasonCode", "j"."StarvationEscalatedAt", "j"."StarvationEscalationParameterVersion", "j"."TransportDemandKey"
FROM "JourneyBacklog" AS "j"
[09:05:33 INF] Executed DbCommand (0ms) [Parameters=[], CommandType='Text', CommandTimeout='30']
SELECT "a"."DemandId"
FROM "AcceptedDemands" AS "a"
[09:05:33 INF] Executed DbCommand (0ms) [Parameters=[], CommandType='Text', CommandTimeout='30']
SELECT "v"."AgvId", "v"."TaskType", "v"."Allowed", "v"."ConfigurationVersion", "v"."UpdatedAt"
FROM "VehicleTaskTypeAdmissions" AS "v"
[09:05:33 INF] Executed DbCommand (0ms) [Parameters=[], CommandType='Text', CommandTimeout='30']
SELECT "v"."AgvId", "v"."ConfigurationVersion", "v"."RoundTimeoutMilliseconds", "v"."UpdatedAt"
FROM "VehicleDispatchBudgets" AS "v"
[09:05:33 INF] Executed DbCommand (0ms) [Parameters=[], CommandType='Text', CommandTimeout='30']
SELECT "d"."Zone", "d"."AgvId", "d"."ConfigurationVersion", "d"."UpdatedAt"
FROM "DispatchZoneVehicles" AS "d"
[09:05:33 INF] Executed DbCommand (0ms) [Parameters=[], CommandType='Text', CommandTimeout='30']
SELECT MAX("d"."Version")
FROM "DispatchZoneAreaAssignmentVersions" AS "d"
[09:05:33 INF] Executed DbCommand (0ms) [Parameters=[@__version_0='?' (DbType = Int64)], CommandType='Text', CommandTimeout='30']
SELECT "d"."Version", "d"."ContentSha256", "d"."EntryCount", "d"."ImportedAt", "d"."SnapshotId"
FROM "DispatchZoneAreaAssignmentVersions" AS "d"
WHERE "d"."Version" = @__version_0
LIMIT 2
[09:05:33 INF] Executed DbCommand (0ms) [Parameters=[@__version_0='?' (DbType = Int64)], CommandType='Text', CommandTimeout='30']
SELECT "d"."Version", "d"."Area", "d"."DispatchZone", "d"."SlotPosition"
FROM "DispatchZoneAreaAssignments" AS "d"
WHERE "d"."Version" = @__version_0
[09:05:33 INF] Executed DbCommand (0ms) [Parameters=[@__agvId_0='?' (Size = 10)], CommandType='Text', CommandTimeout='30']
SELECT "a"."SlotModelVersionId", "a"."SnapshotId"
FROM "ActiveSlotConfigurations" AS "a"
WHERE "a"."AgvId" = @__agvId_0
LIMIT 2
[09:05:33 INF] Executed DbCommand (0ms) [Parameters=[@__agvId_0='?' (Size = 10)], CommandType='Text', CommandTimeout='30']
SELECT "s"."SlotModelVersionId", "s"."CreatedAt"
FROM "SlotIoBindings" AS "s"
WHERE "s"."AgvId" = @__agvId_0 AND "s"."Status" = 'PUBLISHED'
[09:05:33 INF] Executed DbCommand (0ms) [Parameters=[@__slotModelVersionId_0='?' (Size = 32)], CommandType='Text', CommandTimeout='30']
SELECT "s"."SlotModelVersionId", "s"."PhysicalSlotNumber", "s"."SlotPosition", "s"."SlotTemplateId"
FROM "SlotModelSlots" AS "s"
WHERE "s"."SlotModelVersionId" = @__slotModelVersionId_0
[09:05:33 INF] Executed DbCommand (0ms) [Parameters=[@__agvId_0='?' (Size = 10)], CommandType='Text', CommandTimeout='30']
SELECT "s"."AgvId", "s"."ActiveUnlockSlotsJson", "s"."CapabilityHash", "s"."CapabilityRevision", "s"."DepartureSafe", "s"."ForcedRecoveryGeneration", "s"."ManifestSha256", "s"."PendingAttemptIdsJson", "s"."PendingResultIdsJson", "s"."ProfileId", "s"."ProtocolCommit", "s"."ProtocolVersion", "s"."ProvenRecoveryCheckpoint", "s"."Readiness", "s"."ReasonCode", "s"."RecoveryReportId", "s"."ReportedForcedRecoveryGeneration", "s"."ReportedSlotConfigurationFingerprint", "s"."SafetyHash", "s"."SafetyReasonCodesJson", "s"."SafetyRevision", "s"."SafetyUnknownPresent", "s"."SessionGeneration", "s"."UnsettledSlotOperationAttemptId", "s"."UpdatedAt"
FROM "SessionRecoveries" AS "s"
WHERE "s"."AgvId" = @__agvId_0 AND "s"."Readiness" = 'Ready'
LIMIT 2
[09:05:33 INF] Executed DbCommand (0ms) [Parameters=[@__messageType_0='?' (Size = 18)], CommandType='Text', CommandTimeout='30']
SELECT "p"."MessageId", "p"."ContentHash", "p"."FirstResponseJson", "p"."MessageType", "p"."ReceivedAt", "p"."RequestJson"
FROM "ProtocolInbox" AS "p"
WHERE "p"."MessageType" = @__messageType_0
[09:05:33 INF] Executed DbCommand (0ms) [Parameters=[], CommandType='Text', CommandTimeout='30']
SELECT "p"."MessageId", "p"."ContentHash", "p"."FirstResponseJson", "p"."MessageType", "p"."ReceivedAt", "p"."RequestJson"
FROM "ProtocolInbox" AS "p"
WHERE "p"."MessageType" = 'SafetyStateSnapshot'
[09:05:33 INF] Executed DbCommand (0ms) [Parameters=[], CommandType='Text', CommandTimeout='30']
SELECT "p"."MessageId", "p"."ContentHash", "p"."FirstResponseJson", "p"."MessageType", "p"."ReceivedAt", "p"."RequestJson"
FROM "ProtocolInbox" AS "p"
WHERE "p"."MessageType" IN ('SafetyStateSnapshot', 'SafetyStateChanged')
[09:05:33 INF] Executed DbCommand (0ms) [Parameters=[], CommandType='Text', CommandTimeout='30']
SELECT "p"."MessageId", "p"."ContentHash", "p"."FirstResponseJson", "p"."MessageType", "p"."ReceivedAt", "p"."RequestJson"
FROM "ProtocolInbox" AS "p"
[09:05:33 INF] Start processing HTTP request GET http://127.0.0.1:48408/api/task/vehicles/getVehicleInfoByDeviceKey?key=BROKERX-L2-0001
[09:05:33 INF] Sending HTTP request GET http://127.0.0.1:48408/api/task/vehicles/getVehicleInfoByDeviceKey?key=BROKERX-L2-0001
[09:05:33 INF] Received HTTP response headers after 0.5969ms - 200
[09:05:33 INF] End processing HTTP request after 2.1253ms - 200
[09:05:33 INF] Executed DbCommand (0ms) [Parameters=[@p1='?' (Size = 36), @p0='?' (DbType = DateTimeOffset)], CommandType='Text', CommandTimeout='30']
UPDATE "JourneyBacklog" SET "LastSeenAt" = @p0
WHERE "DemandId" = @p1
RETURNING 1;
[09:05:33 INF] Executed DbCommand (0ms) [Parameters=[], CommandType='Text', CommandTimeout='30']
SELECT "s"."DemandId", "s"."ReasonCode", "s"."ClearedAt", "s"."DetailJson", "s"."FirstRaisedAt", "s"."LastSeenAt", "s"."TransportDemandKey"
FROM "StructuralDispatchBlocks" AS "s"
WHERE "s"."ClearedAt" IS NULL
[09:05:33 INF] Start processing HTTP request GET http://127.0.0.1:48408/api/task/v1/task/getVehicleInfo/BROKERX-L2-0001
[09:05:33 INF] Sending HTTP request GET http://127.0.0.1:48408/api/task/v1/task/getVehicleInfo/BROKERX-L2-0001
[09:05:33 INF] Received HTTP response headers after 0.8191ms - 200
[09:05:33 INF] End processing HTTP request after 3.0266ms - 200
[09:05:33 INF] Start processing HTTP request GET http://127.0.0.1:48408/api/order/v1/orderRecord?pageNum=1&pageSize=100&filterByState=1&filterByState=3&filterByState=7&filterByState=9
[09:05:33 INF] Sending HTTP request GET http://127.0.0.1:48408/api/order/v1/orderRecord?pageNum=1&pageSize=100&filterByState=1&filterByState=3&filterByState=7&filterByState=9
[09:05:33 INF] Received HTTP response headers after 0.9548ms - 200
[09:05:33 INF] End processing HTTP request after 33.1382ms - 200
[09:05:33 INF] HTTP GET /api/onboard/v1/vehicle-safety responded 200 in 50.6667 ms
[09:05:34 INF] Start processing HTTP request GET http://127.0.0.1:48408/api/imap/v1/mapInfo/stations/25
[09:05:34 INF] Sending HTTP request GET http://127.0.0.1:48408/api/imap/v1/mapInfo/stations/25
[09:05:34 INF] Received HTTP response headers after 1.0545ms - 200
[09:05:34 INF] End processing HTTP request after 3.9643ms - 200
[09:05:34 INF] Executed DbCommand (0ms) [Parameters=[@__mapId_0='?' (DbType = Int32)], CommandType='Text', CommandTimeout='30']
SELECT "t"."MapId", "t"."ActiveVersion", "t"."PendingVersion", "t"."State", "t"."UpdatedAt"
FROM "TaskTypeStationActiveBindingSets" AS "t"
WHERE "t"."MapId" = @__mapId_0
LIMIT 2
[09:05:34 INF] Executed DbCommand (0ms) [Parameters=[@__mapId_0='?' (DbType = Int32), @__version_1='?' (DbType = Int64)], CommandType='Text', CommandTimeout='30']
SELECT "t"."MapId", "t"."Version", "t"."CatalogRevision", "t"."ContentSha256", "t"."LoadedAt", "t"."RuleVersion", "t"."SnapshotId", "t"."Source"
FROM "TaskTypeStationBindingSetVersions" AS "t"
WHERE "t"."MapId" = @__mapId_0 AND "t"."Version" = @__version_1
LIMIT 2
[09:05:34 INF] Executed DbCommand (0ms) [Parameters=[@__mapId_0='?' (DbType = Int32), @__version_1='?' (DbType = Int64)], CommandType='Text', CommandTimeout='30']
SELECT "t"."TaskType"
FROM "TaskTypeStationRequirements" AS "t"
WHERE "t"."MapId" = @__mapId_0 AND "t"."Version" = @__version_1
[09:05:34 INF] Executed DbCommand (0ms) [Parameters=[@__mapId_0='?' (DbType = Int32), @__version_1='?' (DbType = Int64)], CommandType='Text', CommandTimeout='30']
SELECT "t"."MapId", "t"."Version", "t"."TaskType", "t"."SiteVerificationRef", "t"."StationName", "t"."StationRiotId"
FROM "TaskTypeStationBindings" AS "t"
WHERE "t"."MapId" = @__mapId_0 AND "t"."Version" = @__version_1
[09:05:34 INF] Executed DbCommand (0ms) [Parameters=[@__version_0='?' (DbType = Int64)], CommandType='Text', CommandTimeout='30']
SELECT "t"."Version", "t"."ContentSha256", "t"."LoadedAt", "t"."SnapshotId", "t"."Source"
FROM "TaskTypeStationRuleVersions" AS "t"
WHERE "t"."Version" = @__version_0
LIMIT 2
[09:05:34 INF] Executed DbCommand (0ms) [Parameters=[@__version_0='?' (DbType = Int64)], CommandType='Text', CommandTimeout='30']
SELECT "t"."Version", "t"."TaskType", "t"."FixedEnd"
FROM "TaskTypeStationRules" AS "t"
WHERE "t"."Version" = @__version_0
[09:05:34 INF] Executed DbCommand (0ms) [Parameters=[@__mapId_0='?' (DbType = Int32)], CommandType='Text', CommandTimeout='30']
SELECT "t"."MapId", "t"."ActiveVersion", "t"."PendingVersion", "t"."State", "t"."UpdatedAt"
FROM "TaskTypeStationActiveBindingSets" AS "t"
WHERE "t"."MapId" = @__mapId_0
LIMIT 2
[09:05:34 INF] Executed DbCommand (0ms) [Parameters=[@__mapId_0='?' (DbType = Int32)], CommandType='Text', CommandTimeout='30']
SELECT "t"."HoldId", "t"."DetailJson", "t"."MapId", "t"."RaisedAt", "t"."RaisedBy", "t"."ReasonCode", "t"."ReleasedAt", "t"."ReleasedBy", "t"."Source", "t"."TaskType"
FROM "TaskTypeStationHolds" AS "t"
WHERE "t"."MapId" = @__mapId_0 AND "t"."ReleasedAt" IS NULL
[09:05:34 INF] Executed DbCommand (0ms) [Parameters=[@__mapId_0='?' (DbType = Int32)], CommandType='Text', CommandTimeout='30']
SELECT "m"."MapId", "m"."ApprovedMaxUnconfirmedSeconds", "m"."ApprovedSyncPeriodSeconds", "m"."CatalogRevision", "m"."LastAttemptAt", "m"."LastCompleteConfirmationAt", "m"."LastFailureReason", "m"."State", "m"."UpdatedAt"
FROM "MapStationCatalogStates" AS "m"
WHERE "m"."MapId" = @__mapId_0
LIMIT 2
[09:05:34 INF] Executed DbCommand (0ms) [Parameters=[@p3='?' (DbType = Int32), @p0='?' (DbType = DateTimeOffset), @p1='?' (DbType = DateTimeOffset), @p2='?' (DbType = DateTimeOffset)], CommandType='Text', CommandTimeout='30']
UPDATE "MapStationCatalogStates" SET "LastAttemptAt" = @p0, "LastCompleteConfirmationAt" = @p1, "UpdatedAt" = @p2
WHERE "MapId" = @p3
RETURNING 1;
[09:05:34 INF] Executed DbCommand (0ms) [Parameters=[@__mapId_0='?' (DbType = Int32)], CommandType='Text', CommandTimeout='30']
SELECT "t"."MapId", "t"."ActiveVersion", "t"."PendingVersion", "t"."State", "t"."UpdatedAt"
FROM "TaskTypeStationActiveBindingSets" AS "t"
WHERE "t"."MapId" = @__mapId_0
LIMIT 2
[09:05:34 INF] Executed DbCommand (0ms) [Parameters=[@__mapId_0='?' (DbType = Int32), @__version_1='?' (DbType = Int64)], CommandType='Text', CommandTimeout='30']
SELECT "t"."MapId", "t"."Version", "t"."CatalogRevision", "t"."ContentSha256", "t"."LoadedAt", "t"."RuleVersion", "t"."SnapshotId", "t"."Source"
FROM "TaskTypeStationBindingSetVersions" AS "t"
WHERE "t"."MapId" = @__mapId_0 AND "t"."Version" = @__version_1
LIMIT 2
[09:05:34 INF] Executed DbCommand (0ms) [Parameters=[@__mapId_0='?' (DbType = Int32), @__version_1='?' (DbType = Int64)], CommandType='Text', CommandTimeout='30']
SELECT "t"."TaskType"
FROM "TaskTypeStationRequirements" AS "t"
WHERE "t"."MapId" = @__mapId_0 AND "t"."Version" = @__version_1
[09:05:34 INF] Executed DbCommand (0ms) [Parameters=[@__mapId_0='?' (DbType = Int32), @__version_1='?' (DbType = Int64)], CommandType='Text', CommandTimeout='30']
SELECT "t"."MapId", "t"."Version", "t"."TaskType", "t"."SiteVerificationRef", "t"."StationName", "t"."StationRiotId"
FROM "TaskTypeStationBindings" AS "t"
WHERE "t"."MapId" = @__mapId_0 AND "t"."Version" = @__version_1
[09:05:34 INF] Executed DbCommand (0ms) [Parameters=[@__mapId_0='?' (DbType = Int32)], CommandType='Text', CommandTimeout='30']
SELECT "t"."MapId", "t"."ActiveVersion", "t"."PendingVersion", "t"."State", "t"."UpdatedAt"
FROM "TaskTypeStationActiveBindingSets" AS "t"
WHERE "t"."MapId" = @__mapId_0
LIMIT 2
[09:05:34 INF] Executed DbCommand (0ms) [Parameters=[@__mapId_0='?' (DbType = Int32), @__version_1='?' (DbType = Int64)], CommandType='Text', CommandTimeout='30']
SELECT "t"."MapId", "t"."Version", "t"."CatalogRevision", "t"."ContentSha256", "t"."LoadedAt", "t"."RuleVersion", "t"."SnapshotId", "t"."Source"
FROM "TaskTypeStationBindingSetVersions" AS "t"
WHERE "t"."MapId" = @__mapId_0 AND "t"."Version" = @__version_1
LIMIT 2
[09:05:34 INF] Executed DbCommand (0ms) [Parameters=[@__mapId_0='?' (DbType = Int32), @__version_1='?' (DbType = Int64)], CommandType='Text', CommandTimeout='30']
SELECT "t"."TaskType"
FROM "TaskTypeStationRequirements" AS "t"
WHERE "t"."MapId" = @__mapId_0 AND "t"."Version" = @__version_1
[09:05:34 INF] Executed DbCommand (0ms) [Parameters=[@__mapId_0='?' (DbType = Int32), @__version_1='?' (DbType = Int64)], CommandType='Text', CommandTimeout='30']
SELECT "t"."MapId", "t"."Version", "t"."TaskType", "t"."SiteVerificationRef", "t"."StationName", "t"."StationRiotId"
FROM "TaskTypeStationBindings" AS "t"
WHERE "t"."MapId" = @__mapId_0 AND "t"."Version" = @__version_1
[09:05:34 INF] Executed DbCommand (0ms) [Parameters=[@__version_0='?' (DbType = Int64)], CommandType='Text', CommandTimeout='30']
SELECT "t"."Version", "t"."ContentSha256", "t"."LoadedAt", "t"."SnapshotId", "t"."Source"
FROM "TaskTypeStationRuleVersions" AS "t"
WHERE "t"."Version" = @__version_0
LIMIT 2
[09:05:34 INF] Executed DbCommand (0ms) [Parameters=[@__version_0='?' (DbType = Int64)], CommandType='Text', CommandTimeout='30']
SELECT "t"."Version", "t"."TaskType", "t"."FixedEnd"
FROM "TaskTypeStationRules" AS "t"
WHERE "t"."Version" = @__version_0
[09:05:34 INF] Executed DbCommand (0ms) [Parameters=[], CommandType='Text', CommandTimeout='30']
SELECT "a"."Id", "a"."ContentHash", "a"."DeploymentId", "a"."ImportedAt", "a"."Version"
FROM "AdmissionPolicyState" AS "a"
WHERE "a"."Id" = 1
LIMIT 2
[09:05:34 INF] Executed DbCommand (0ms) [Parameters=[], CommandType='Text', CommandTimeout='30']
SELECT "j"."JourneyId", "j"."AgvId", "j"."AgvLifecycleGeneration", "j"."AreaEndAdmissionRevokedSince", "j"."BlockReasonCode", "j"."BlockReasonSince", "j"."CargoHoldingStartedAt", "j"."ConsumedSafetyResultMessageId", "j"."ConsumedSublotMessageId", "j"."CreatedAt", "j"."DemandId", "j"."DispatchGeneration", "j"."DispatchZone", "j"."ExpectedBasketCount", "j"."FullSlotPositionsJson", "j"."GateMovementLegId", "j"."GatePlanMessageId", "j"."GateStationId", "j"."GateStationRiotId", "j"."GateUpperId", "j"."GateVehicleBusinessMessageId", "j"."GateWorklistMessageId", "j"."LoadCommandMessageId", "j"."LoadSlotOperationAttemptId", "j"."LoadingClosedReason", "j"."LoadingPhaseState", "j"."MapId", "j"."MapIdentity", "j"."OperationSessionId", "j"."PickupMovementLegId", "j"."PickupStationId", "j"."PickupStationRiotId", "j"."PickupUpperId", "j"."PlanMessageId", "j"."PlanRevision", "j"."PreDepartureSafetyCheckId", "j"."PreDepartureSafetyCheckMessageId", "j"."RouteEvidenceId", "j"."Stage", "j"."StationDepartureWaitStartedAt", "j"."SublotRequestMessageId", "j"."TargetSlotsJson", "j"."UnloadCommandMessageId", "j"."UnloadSlotOperationAttemptId", "j"."UpdatedAt", "j"."VehicleBusinessMessageId", "j"."VehicleBusinessRevision", "j"."VehicleKey", "j"."WorklistMessageId", "j"."WorklistRevision", "j"."YieldTriggeredAt", "j"."YieldTriggeredByVehicleKey"
FROM "JourneyRuntimes" AS "j"
WHERE "j"."Stage" <> 'Completed'
[09:05:34 INF] Executed DbCommand (0ms) [Parameters=[], CommandType='Text', CommandTimeout='30']
SELECT "a"."DemandId"
FROM "AcceptedDemands" AS "a"
WHERE "a"."Status" NOT IN ('Succeeded', 'Cancelled')
[09:05:34 INF] Executed DbCommand (0ms) [Parameters=[], CommandType='Text', CommandTimeout='30']
SELECT "j"."DemandId"
FROM "JourneyDemands" AS "j"
WHERE "j"."RemovedAt" IS NULL
[09:05:34 INF] Start processing HTTP request GET http://127.0.0.1:48409/api/v2/contract
[09:05:34 INF] Sending HTTP request GET http://127.0.0.1:48409/api/v2/contract
[09:05:34 INF] Received HTTP response headers after 1.0161ms - 200
[09:05:34 INF] End processing HTTP request after 45.1267ms - 200
[09:05:34 INF] Start processing HTTP request GET http://127.0.0.1:48409/api/v2/externally-readable-demand-catalog
[09:05:34 INF] Sending HTTP request GET http://127.0.0.1:48409/api/v2/externally-readable-demand-catalog
[09:05:34 INF] Received HTTP response headers after 1.0444ms - 200
[09:05:34 INF] End processing HTTP request after 49.3493ms - 200
[09:05:34 INF] Executed DbCommand (0ms) [Parameters=[], CommandType='Text', CommandTimeout='30']
SELECT "j"."DemandId", "j"."AcceptedAt", "j"."DecisionFingerprint", "j"."DemandCreatedAt", "j"."FirstSeenAt", "j"."LastSeenAt", "j"."ReasonCode", "j"."StarvationEscalatedAt", "j"."StarvationEscalationParameterVersion", "j"."TransportDemandKey"
FROM "JourneyBacklog" AS "j"
[09:05:34 INF] Executed DbCommand (0ms) [Parameters=[], CommandType='Text', CommandTimeout='30']
SELECT "a"."DemandId"
FROM "AcceptedDemands" AS "a"
[09:05:34 INF] Executed DbCommand (0ms) [Parameters=[], CommandType='Text', CommandTimeout='30']
SELECT "v"."AgvId", "v"."TaskType", "v"."Allowed", "v"."ConfigurationVersion", "v"."UpdatedAt"
FROM "VehicleTaskTypeAdmissions" AS "v"
[09:05:34 INF] Executed DbCommand (0ms) [Parameters=[], CommandType='Text', CommandTimeout='30']
SELECT "v"."AgvId", "v"."ConfigurationVersion", "v"."RoundTimeoutMilliseconds", "v"."UpdatedAt"
FROM "VehicleDispatchBudgets" AS "v"
[09:05:34 INF] Executed DbCommand (0ms) [Parameters=[], CommandType='Text', CommandTimeout='30']
SELECT "d"."Zone", "d"."AgvId", "d"."ConfigurationVersion", "d"."UpdatedAt"
FROM "DispatchZoneVehicles" AS "d"
[09:05:34 INF] Executed DbCommand (0ms) [Parameters=[], CommandType='Text', CommandTimeout='30']
SELECT MAX("d"."Version")
FROM "DispatchZoneAreaAssignmentVersions" AS "d"
[09:05:34 INF] Executed DbCommand (0ms) [Parameters=[@__version_0='?' (DbType = Int64)], CommandType='Text', CommandTimeout='30']
SELECT "d"."Version", "d"."ContentSha256", "d"."EntryCount", "d"."ImportedAt", "d"."SnapshotId"
FROM "DispatchZoneAreaAssignmentVersions" AS "d"
WHERE "d"."Version" = @__version_0
LIMIT 2
[09:05:34 INF] Executed DbCommand (0ms) [Parameters=[@__version_0='?' (DbType = Int64)], CommandType='Text', CommandTimeout='30']
SELECT "d"."Version", "d"."Area", "d"."DispatchZone", "d"."SlotPosition"
FROM "DispatchZoneAreaAssignments" AS "d"
WHERE "d"."Version" = @__version_0
[09:05:34 INF] Executed DbCommand (0ms) [Parameters=[@__agvId_0='?' (Size = 10)], CommandType='Text', CommandTimeout='30']
SELECT "a"."SlotModelVersionId", "a"."SnapshotId"
FROM "ActiveSlotConfigurations" AS "a"
WHERE "a"."AgvId" = @__agvId_0
LIMIT 2
[09:05:34 INF] Executed DbCommand (0ms) [Parameters=[@__agvId_0='?' (Size = 10)], CommandType='Text', CommandTimeout='30']
SELECT "s"."SlotModelVersionId", "s"."CreatedAt"
FROM "SlotIoBindings" AS "s"
WHERE "s"."AgvId" = @__agvId_0 AND "s"."Status" = 'PUBLISHED'
[09:05:34 INF] Executed DbCommand (0ms) [Parameters=[@__slotModelVersionId_0='?' (Size = 32)], CommandType='Text', CommandTimeout='30']
SELECT "s"."SlotModelVersionId", "s"."PhysicalSlotNumber", "s"."SlotPosition", "s"."SlotTemplateId"
FROM "SlotModelSlots" AS "s"
WHERE "s"."SlotModelVersionId" = @__slotModelVersionId_0
[09:05:34 INF] Executed DbCommand (0ms) [Parameters=[@__agvId_0='?' (Size = 10)], CommandType='Text', CommandTimeout='30']
SELECT "s"."AgvId", "s"."ActiveUnlockSlotsJson", "s"."CapabilityHash", "s"."CapabilityRevision", "s"."DepartureSafe", "s"."ForcedRecoveryGeneration", "s"."ManifestSha256", "s"."PendingAttemptIdsJson", "s"."PendingResultIdsJson", "s"."ProfileId", "s"."ProtocolCommit", "s"."ProtocolVersion", "s"."ProvenRecoveryCheckpoint", "s"."Readiness", "s"."ReasonCode", "s"."RecoveryReportId", "s"."ReportedForcedRecoveryGeneration", "s"."ReportedSlotConfigurationFingerprint", "s"."SafetyHash", "s"."SafetyReasonCodesJson", "s"."SafetyRevision", "s"."SafetyUnknownPresent", "s"."SessionGeneration", "s"."UnsettledSlotOperationAttemptId", "s"."UpdatedAt"
FROM "SessionRecoveries" AS "s"
WHERE "s"."AgvId" = @__agvId_0 AND "s"."Readiness" = 'Ready'
LIMIT 2
[09:05:34 INF] Executed DbCommand (0ms) [Parameters=[@__messageType_0='?' (Size = 18)], CommandType='Text', CommandTimeout='30']
SELECT "p"."MessageId", "p"."ContentHash", "p"."FirstResponseJson", "p"."MessageType", "p"."ReceivedAt", "p"."RequestJson"
FROM "ProtocolInbox" AS "p"
WHERE "p"."MessageType" = @__messageType_0
[09:05:34 INF] Executed DbCommand (0ms) [Parameters=[], CommandType='Text', CommandTimeout='30']
SELECT "p"."MessageId", "p"."ContentHash", "p"."FirstResponseJson", "p"."MessageType", "p"."ReceivedAt", "p"."RequestJson"
FROM "ProtocolInbox" AS "p"
WHERE "p"."MessageType" = 'SafetyStateSnapshot'
[09:05:34 INF] Executed DbCommand (0ms) [Parameters=[], CommandType='Text', CommandTimeout='30']
SELECT "p"."MessageId", "p"."ContentHash", "p"."FirstResponseJson", "p"."MessageType", "p"."ReceivedAt", "p"."RequestJson"
FROM "ProtocolInbox" AS "p"
WHERE "p"."MessageType" IN ('SafetyStateSnapshot', 'SafetyStateChanged')
[09:05:34 INF] Executed DbCommand (0ms) [Parameters=[], CommandType='Text', CommandTimeout='30']
SELECT "p"."MessageId", "p"."ContentHash", "p"."FirstResponseJson", "p"."MessageType", "p"."ReceivedAt", "p"."RequestJson"
FROM "ProtocolInbox" AS "p"
[09:05:34 INF] Start processing HTTP request GET http://127.0.0.1:48408/api/task/vehicles/getVehicleInfoByDeviceKey?key=BROKERX-L2-0001
[09:05:34 INF] Sending HTTP request GET http://127.0.0.1:48408/api/task/vehicles/getVehicleInfoByDeviceKey?key=BROKERX-L2-0001
[09:05:34 INF] Received HTTP response headers after 0.7564ms - 200
[09:05:34 INF] End processing HTTP request after 2.8408ms - 200
[09:05:34 INF] Executed DbCommand (0ms) [Parameters=[@p1='?' (Size = 36), @p0='?' (DbType = DateTimeOffset)], CommandType='Text', CommandTimeout='30']
UPDATE "JourneyBacklog" SET "LastSeenAt" = @p0
WHERE "DemandId" = @p1
RETURNING 1;
[09:05:34 INF] Executed DbCommand (0ms) [Parameters=[], CommandType='Text', CommandTimeout='30']
SELECT "s"."DemandId", "s"."ReasonCode", "s"."ClearedAt", "s"."DetailJson", "s"."FirstRaisedAt", "s"."LastSeenAt", "s"."TransportDemandKey"
FROM "StructuralDispatchBlocks" AS "s"
WHERE "s"."ClearedAt" IS NULL
[09:05:34 INF] Start processing HTTP request GET http://127.0.0.1:48408/api/task/v1/task/getVehicleInfo/BROKERX-L2-0001
[09:05:34 INF] Sending HTTP request GET http://127.0.0.1:48408/api/task/v1/task/getVehicleInfo/BROKERX-L2-0001
[09:05:34 INF] Received HTTP response headers after 0.6856ms - 200
[09:05:34 INF] End processing HTTP request after 3.4696ms - 200
[09:05:35 INF] Start processing HTTP request GET http://127.0.0.1:48408/api/order/v1/orderRecord?pageNum=1&pageSize=100&filterByState=1&filterByState=3&filterByState=7&filterByState=9
[09:05:35 INF] Sending HTTP request GET http://127.0.0.1:48408/api/order/v1/orderRecord?pageNum=1&pageSize=100&filterByState=1&filterByState=3&filterByState=7&filterByState=9
[09:05:35 INF] Received HTTP response headers after 1.0375ms - 200
[09:05:35 INF] End processing HTTP request after 48.2596ms - 200
[09:05:35 INF] HTTP GET /api/onboard/v1/vehicle-safety responded 200 in 142.0319 ms
[09:05:35 INF] Executed DbCommand (0ms) [Parameters=[@__messageId_0='?' (Size = 36)], CommandType='Text', CommandTimeout='30']
SELECT "p"."MessageId", "p"."ContentHash", "p"."FirstResponseJson", "p"."MessageType", "p"."ReceivedAt", "p"."RequestJson"
FROM "ProtocolInbox" AS "p"
WHERE "p"."MessageId" = @__messageId_0
LIMIT 2
[09:05:35 INF] Executed DbCommand (0ms) [Parameters=[@__agvId_0='?' (Size = 10)], CommandType='Text', CommandTimeout='30']
SELECT "s"."SessionGeneration"
FROM "SessionRecoveries" AS "s"
WHERE "s"."AgvId" = @__agvId_0
LIMIT 2
[09:05:35 INF] Executed DbCommand (0ms) [Parameters=[@__identity_AgvId_0='?' (Size = 10)], CommandType='Text', CommandTimeout='30']
SELECT "s"."AgvId", "s"."ActiveUnlockSlotsJson", "s"."CapabilityHash", "s"."CapabilityRevision", "s"."DepartureSafe", "s"."ForcedRecoveryGeneration", "s"."ManifestSha256", "s"."PendingAttemptIdsJson", "s"."PendingResultIdsJson", "s"."ProfileId", "s"."ProtocolCommit", "s"."ProtocolVersion", "s"."ProvenRecoveryCheckpoint", "s"."Readiness", "s"."ReasonCode", "s"."RecoveryReportId", "s"."ReportedForcedRecoveryGeneration", "s"."ReportedSlotConfigurationFingerprint", "s"."SafetyHash", "s"."SafetyReasonCodesJson", "s"."SafetyRevision", "s"."SafetyUnknownPresent", "s"."SessionGeneration", "s"."UnsettledSlotOperationAttemptId", "s"."UpdatedAt"
FROM "SessionRecoveries" AS "s"
WHERE "s"."AgvId" = @__identity_AgvId_0
LIMIT 2
[09:05:35 INF] Executed DbCommand (0ms) [Parameters=[@__identity_AgvId_0='?' (Size = 10)], CommandType='Text', CommandTimeout='30']
SELECT "j"."JourneyId", "j"."AgvId", "j"."AgvLifecycleGeneration", "j"."AreaEndAdmissionRevokedSince", "j"."BlockReasonCode", "j"."BlockReasonSince", "j"."CargoHoldingStartedAt", "j"."ConsumedSafetyResultMessageId", "j"."ConsumedSublotMessageId", "j"."CreatedAt", "j"."DemandId", "j"."DispatchGeneration", "j"."DispatchZone", "j"."ExpectedBasketCount", "j"."FullSlotPositionsJson", "j"."GateMovementLegId", "j"."GatePlanMessageId", "j"."GateStationId", "j"."GateStationRiotId", "j"."GateUpperId", "j"."GateVehicleBusinessMessageId", "j"."GateWorklistMessageId", "j"."LoadCommandMessageId", "j"."LoadSlotOperationAttemptId", "j"."LoadingClosedReason", "j"."LoadingPhaseState", "j"."MapId", "j"."MapIdentity", "j"."OperationSessionId", "j"."PickupMovementLegId", "j"."PickupStationId", "j"."PickupStationRiotId", "j"."PickupUpperId", "j"."PlanMessageId", "j"."PlanRevision", "j"."PreDepartureSafetyCheckId", "j"."PreDepartureSafetyCheckMessageId", "j"."RouteEvidenceId", "j"."Stage", "j"."StationDepartureWaitStartedAt", "j"."SublotRequestMessageId", "j"."TargetSlotsJson", "j"."UnloadCommandMessageId", "j"."UnloadSlotOperationAttemptId", "j"."UpdatedAt", "j"."VehicleBusinessMessageId", "j"."VehicleBusinessRevision", "j"."VehicleKey", "j"."WorklistMessageId", "j"."WorklistRevision", "j"."YieldTriggeredAt", "j"."YieldTriggeredByVehicleKey"
FROM "JourneyRuntimes" AS "j"
WHERE "j"."AgvId" = @__identity_AgvId_0 AND "j"."StationDepartureWaitStartedAt" IS NOT NULL
[09:05:35 INF] Executed DbCommand (0ms) [Parameters=[@p11='?' (Size = 10), @p0='?', @p1='?' (DbType = Int64), @p2='?' (DbType = Boolean), @p3='?' (Size = 16), @p4='?' (Size = 20), @p5='?', @p6='?', @p7='?', @p8='?' (DbType = Int64), @p9='?' (DbType = Int64), @p10='?' (DbType = DateTimeOffset)], CommandType='Text', CommandTimeout='30']
UPDATE "SessionRecoveries" SET "CapabilityHash" = @p0, "CapabilityRevision" = @p1, "DepartureSafe" = @p2, "Readiness" = @p3, "ReasonCode" = @p4, "RecoveryReportId" = @p5, "ReportedSlotConfigurationFingerprint" = @p6, "SafetyHash" = @p7, "SafetyRevision" = @p8, "SessionGeneration" = @p9, "UpdatedAt" = @p10
WHERE "AgvId" = @p11
RETURNING 1;
[09:05:35 INF] Executed DbCommand (0ms) [Parameters=[@p0='?' (Size = 36), @p1='?' (Size = 64), @p2='?' (Size = 1064), @p3='?' (Size = 12), @p4='?' (DbType = DateTimeOffset), @p5='?' (Size = 1075)], CommandType='Text', CommandTimeout='30']
INSERT INTO "ProtocolInbox" ("MessageId", "ContentHash", "FirstResponseJson", "MessageType", "ReceivedAt", "RequestJson")
VALUES (@p0, @p1, @p2, @p3, @p4, @p5);
[09:05:35 INF] Executed DbCommand (0ms) [Parameters=[@__messageId_0='?' (Size = 36)], CommandType='Text', CommandTimeout='30']
SELECT "p"."MessageId", "p"."ContentHash", "p"."FirstResponseJson", "p"."MessageType", "p"."ReceivedAt", "p"."RequestJson"
FROM "ProtocolInbox" AS "p"
WHERE "p"."MessageId" = @__messageId_0
LIMIT 2
[09:05:35 INF] Executed DbCommand (0ms) [Parameters=[@__agvId_0='?' (Size = 10)], CommandType='Text', CommandTimeout='30']
SELECT "a"."AgvId", "a"."ActivatedAt", "a"."ActivationId", "a"."ConfigurationVersion", "a"."Fingerprint", "a"."SlotModelVersionId", "a"."SnapshotId"
FROM "ActiveSlotConfigurations" AS "a"
WHERE "a"."AgvId" = @__agvId_0
LIMIT 1
[09:05:35 INF] Executed DbCommand (0ms) [Parameters=[@__agvId_0='?' (Size = 10)], CommandType='Text', CommandTimeout='30']
SELECT "a"."AgvId", "a"."ArchiveReason", "a"."ArchivedActiveSlotConfigurationFingerprint", "a"."ArchivedAt", "a"."ArchivedLifecycleGeneration"
FROM "AgvArchives" AS "a"
WHERE "a"."AgvId" = @__agvId_0
LIMIT 1
[09:05:35 INF] Executed DbCommand (0ms) [Parameters=[@__agvId_0='?' (Size = 10)], CommandType='Text', CommandTimeout='30']
SELECT "s"."AgvId", "s"."ActiveUnlockSlotsJson", "s"."CapabilityHash", "s"."CapabilityRevision", "s"."DepartureSafe", "s"."ForcedRecoveryGeneration", "s"."ManifestSha256", "s"."PendingAttemptIdsJson", "s"."PendingResultIdsJson", "s"."ProfileId", "s"."ProtocolCommit", "s"."ProtocolVersion", "s"."ProvenRecoveryCheckpoint", "s"."Readiness", "s"."ReasonCode", "s"."RecoveryReportId", "s"."ReportedForcedRecoveryGeneration", "s"."ReportedSlotConfigurationFingerprint", "s"."SafetyHash", "s"."SafetyReasonCodesJson", "s"."SafetyRevision", "s"."SafetyUnknownPresent", "s"."SessionGeneration", "s"."UnsettledSlotOperationAttemptId", "s"."UpdatedAt"
FROM "SessionRecoveries" AS "s"
WHERE "s"."AgvId" = @__agvId_0
LIMIT 2
[09:05:35 INF] Executed DbCommand (0ms) [Parameters=[@p4='?' (Size = 10), @p0='?' (Size = 64), @p1='?' (DbType = Int64), @p2='?' (Size = 64), @p3='?' (DbType = DateTimeOffset)], CommandType='Text', CommandTimeout='30']
UPDATE "SessionRecoveries" SET "CapabilityHash" = @p0, "CapabilityRevision" = @p1, "ReportedSlotConfigurationFingerprint" = @p2, "UpdatedAt" = @p3
WHERE "AgvId" = @p4
RETURNING 1;
[09:05:35 INF] Executed DbCommand (0ms) [Parameters=[@p0='?' (Size = 36), @p1='?' (Size = 64), @p2='?' (Size = 622), @p3='?' (Size = 18), @p4='?' (DbType = DateTimeOffset), @p5='?' (Size = 2072)], CommandType='Text', CommandTimeout='30']
INSERT INTO "ProtocolInbox" ("MessageId", "ContentHash", "FirstResponseJson", "MessageType", "ReceivedAt", "RequestJson")
VALUES (@p0, @p1, @p2, @p3, @p4, @p5);
[09:05:35 INF] Executed DbCommand (0ms) [Parameters=[@__messageId_0='?' (Size = 36)], CommandType='Text', CommandTimeout='30']
SELECT "p"."MessageId", "p"."ContentHash", "p"."FirstResponseJson", "p"."MessageType", "p"."ReceivedAt", "p"."RequestJson"
FROM "ProtocolInbox" AS "p"
WHERE "p"."MessageId" = @__messageId_0
LIMIT 2
[09:05:35 INF] Executed DbCommand (0ms) [Parameters=[@__agvId_0='?' (Size = 10)], CommandType='Text', CommandTimeout='30']
SELECT "s"."AgvId", "s"."ActiveUnlockSlotsJson", "s"."CapabilityHash", "s"."CapabilityRevision", "s"."DepartureSafe", "s"."ForcedRecoveryGeneration", "s"."ManifestSha256", "s"."PendingAttemptIdsJson", "s"."PendingResultIdsJson", "s"."ProfileId", "s"."ProtocolCommit", "s"."ProtocolVersion", "s"."ProvenRecoveryCheckpoint", "s"."Readiness", "s"."ReasonCode", "s"."RecoveryReportId", "s"."ReportedForcedRecoveryGeneration", "s"."ReportedSlotConfigurationFingerprint", "s"."SafetyHash", "s"."SafetyReasonCodesJson", "s"."SafetyRevision", "s"."SafetyUnknownPresent", "s"."SessionGeneration", "s"."UnsettledSlotOperationAttemptId", "s"."UpdatedAt"
FROM "SessionRecoveries" AS "s"
WHERE "s"."AgvId" = @__agvId_0
LIMIT 2
[09:05:35 INF] Executed DbCommand (0ms) [Parameters=[@p4='?' (Size = 10), @p0='?' (DbType = Boolean), @p1='?' (Size = 64), @p2='?' (DbType = Int64), @p3='?' (DbType = DateTimeOffset)], CommandType='Text', CommandTimeout='30']
UPDATE "SessionRecoveries" SET "DepartureSafe" = @p0, "SafetyHash" = @p1, "SafetyRevision" = @p2, "UpdatedAt" = @p3
WHERE "AgvId" = @p4
RETURNING 1;
[09:05:35 INF] Executed DbCommand (0ms) [Parameters=[@p0='?' (Size = 36), @p1='?' (Size = 64), @p2='?' (Size = 624), @p3='?' (Size = 19), @p4='?' (DbType = DateTimeOffset), @p5='?' (Size = 1971)], CommandType='Text', CommandTimeout='30']
INSERT INTO "ProtocolInbox" ("MessageId", "ContentHash", "FirstResponseJson", "MessageType", "ReceivedAt", "RequestJson")
VALUES (@p0, @p1, @p2, @p3, @p4, @p5);
[09:05:35 INF] Executed DbCommand (0ms) [Parameters=[@__messageId_0='?' (Size = 36)], CommandType='Text', CommandTimeout='30']
SELECT "p"."MessageId", "p"."ContentHash", "p"."FirstResponseJson", "p"."MessageType", "p"."ReceivedAt", "p"."RequestJson"
FROM "ProtocolInbox" AS "p"
WHERE "p"."MessageId" = @__messageId_0
LIMIT 2
[09:05:35 INF] Executed DbCommand (0ms) [Parameters=[@__agvId_0='?' (Size = 10)], CommandType='Text', CommandTimeout='30']
SELECT "o"."AlarmsJson"
FROM "OnboardAlarmSnapshots" AS "o"
WHERE "o"."AgvId" = @__agvId_0
LIMIT 1
[09:05:35 INF] Executed DbCommand (0ms) [Parameters=[@__snapshot_AgvId_0='?' (Size = 10)], CommandType='Text', CommandTimeout='30']
SELECT "o"."AgvId", "o"."AlarmsJson", "o"."CapturedAt", "o"."ReceivedAt", "o"."SessionGeneration", "o"."SnapshotSequence"
FROM "OnboardAlarmSnapshots" AS "o"
WHERE "o"."AgvId" = @__snapshot_AgvId_0
LIMIT 1
[09:05:35 INF] Executed DbCommand (0ms) [Parameters=[@p4='?' (Size = 10), @p0='?' (DbType = DateTimeOffset), @p1='?' (DbType = DateTimeOffset), @p2='?' (DbType = Int64), @p3='?' (DbType = Int64)], CommandType='Text', CommandTimeout='30']
UPDATE "OnboardAlarmSnapshots" SET "CapturedAt" = @p0, "ReceivedAt" = @p1, "SessionGeneration" = @p2, "SnapshotSequence" = @p3
WHERE "AgvId" = @p4
RETURNING 1;
[09:05:35 INF] Executed DbCommand (0ms) [Parameters=[@__agvId_0='?' (Size = 10)], CommandType='Text', CommandTimeout='30']
SELECT "o"."AlarmsJson"
FROM "OnboardAlarmSnapshots" AS "o"
WHERE "o"."AgvId" = @__agvId_0
LIMIT 1
[09:05:35 INF] Executed DbCommand (0ms) [Parameters=[@p0='?' (Size = 36), @p1='?' (Size = 64), @p2='?' (Size = 625), @p3='?' (Size = 20), @p4='?' (DbType = DateTimeOffset), @p5='?' (Size = 483)], CommandType='Text', CommandTimeout='30']
INSERT INTO "ProtocolInbox" ("MessageId", "ContentHash", "FirstResponseJson", "MessageType", "ReceivedAt", "RequestJson")
VALUES (@p0, @p1, @p2, @p3, @p4, @p5);
[09:05:35 INF] Executed DbCommand (0ms) [Parameters=[@__messageId_0='?' (Size = 36)], CommandType='Text', CommandTimeout='30']
SELECT "p"."MessageId", "p"."ContentHash", "p"."FirstResponseJson", "p"."MessageType", "p"."ReceivedAt", "p"."RequestJson"
FROM "ProtocolInbox" AS "p"
WHERE "p"."MessageId" = @__messageId_0
LIMIT 2
[09:05:35 INF] Executed DbCommand (0ms) [Parameters=[@__agvId_0='?' (Size = 10)], CommandType='Text', CommandTimeout='30']
SELECT "s"."AgvId", "s"."ActiveUnlockSlotsJson", "s"."CapabilityHash", "s"."CapabilityRevision", "s"."DepartureSafe", "s"."ForcedRecoveryGeneration", "s"."ManifestSha256", "s"."PendingAttemptIdsJson", "s"."PendingResultIdsJson", "s"."ProfileId", "s"."ProtocolCommit", "s"."ProtocolVersion", "s"."ProvenRecoveryCheckpoint", "s"."Readiness", "s"."ReasonCode", "s"."RecoveryReportId", "s"."ReportedForcedRecoveryGeneration", "s"."ReportedSlotConfigurationFingerprint", "s"."SafetyHash", "s"."SafetyReasonCodesJson", "s"."SafetyRevision", "s"."SafetyUnknownPresent", "s"."SessionGeneration", "s"."UnsettledSlotOperationAttemptId", "s"."UpdatedAt"
FROM "SessionRecoveries" AS "s"
WHERE "s"."AgvId" = @__agvId_0
LIMIT 2
[09:05:35 INF] Executed DbCommand (0ms) [Parameters=[@__agvId_0='?' (Size = 10)], CommandType='Text', CommandTimeout='30']
SELECT "v"."ForcedRecoveryGeneration"
FROM "VehicleRecoveryGenerations" AS "v"
WHERE "v"."AgvId" = @__agvId_0
LIMIT 2
[09:05:35 INF] Executed DbCommand (0ms) [Parameters=[@p5='?' (Size = 10), @p0='?' (Size = 2), @p1='?' (Size = 15), @p2='?' (Size = 31), @p3='?' (Size = 36), @p4='?' (DbType = DateTimeOffset)], CommandType='Text', CommandTimeout='30']
UPDATE "SessionRecoveries" SET "ActiveUnlockSlotsJson" = @p0, "ProvenRecoveryCheckpoint" = @p1, "ReasonCode" = @p2, "RecoveryReportId" = @p3, "UpdatedAt" = @p4
WHERE "AgvId" = @p5
RETURNING 1;
[09:05:35 INF] Executed DbCommand (0ms) [Parameters=[@__agvId_0='?' (Size = 10)], CommandType='Text', CommandTimeout='30']
SELECT "s"."AgvId", "s"."ActiveUnlockSlotsJson", "s"."CapabilityHash", "s"."CapabilityRevision", "s"."DepartureSafe", "s"."ForcedRecoveryGeneration", "s"."ManifestSha256", "s"."PendingAttemptIdsJson", "s"."PendingResultIdsJson", "s"."ProfileId", "s"."ProtocolCommit", "s"."ProtocolVersion", "s"."ProvenRecoveryCheckpoint", "s"."Readiness", "s"."ReasonCode", "s"."RecoveryReportId", "s"."ReportedForcedRecoveryGeneration", "s"."ReportedSlotConfigurationFingerprint", "s"."SafetyHash", "s"."SafetyReasonCodesJson", "s"."SafetyRevision", "s"."SafetyUnknownPresent", "s"."SessionGeneration", "s"."UnsettledSlotOperationAttemptId", "s"."UpdatedAt"
FROM "SessionRecoveries" AS "s"
WHERE "s"."AgvId" = @__agvId_0
LIMIT 2
[09:05:35 INF] Start processing HTTP request GET http://127.0.0.1:48408/api/imap/v1/mapInfo/stations/25
[09:05:35 INF] Sending HTTP request GET http://127.0.0.1:48408/api/imap/v1/mapInfo/stations/25
[09:05:35 INF] Executed DbCommand (0ms) [Parameters=[@__agvId_0='?' (Size = 10)], CommandType='Text', CommandTimeout='30']
SELECT EXISTS (
    SELECT 1
    FROM "StationOperations" AS "s"
    INNER JOIN (
        SELECT "j"."JourneyId", "j"."DemandId", "j"."AddedAt", "j"."DispatchGeneration", "j"."DispatchZone", "j"."DispatchZoneParameterVersion", "j"."ExpectedBasketCount", "j"."LoadCommandMessageId", "j"."LoadSlotOperationAttemptId", "j"."LoadedSlotsJson", "j"."PickupStopId", "j"."RemovalReason", "j"."RemovedAt", "j"."Status", "j"."TargetSlotsJson", "j"."UnloadCommandMessageId", "j"."UnloadSlotOperationAttemptId", "j"."UnloadStopId"
        FROM "JourneyDemands" AS "j"
        WHERE "j"."RemovedAt" IS NULL
    ) AS "t" ON "s"."DemandId" = "t"."DemandId"
    INNER JOIN "JourneyRuntimes" AS "j0" ON "t"."JourneyId" = "j0"."JourneyId"
    WHERE "j0"."AgvId" = @__agvId_0 AND "s"."Status" = 'RecoveryRequired')
[09:05:35 INF] Received HTTP response headers after 1.0292ms - 200
[09:05:35 INF] Executed DbCommand (0ms) [Parameters=[@__agvId_0='?' (Size = 10)], CommandType='Text', CommandTimeout='30']
SELECT EXISTS (
    SELECT 1
    FROM "RecoveryWorkflows" AS "r"
    WHERE "r"."AgvId" = @__agvId_0 AND "r"."WorkflowType" = 'FORCED_MECHANICAL_RECOVERY' AND "r"."State" <> 'HistoricalOnly' AND NOT EXISTS (
        SELECT 1
        FROM "HardwareRecoveryRecords" AS "h"
        WHERE "h"."RecoveryActionId" = "r"."WorkflowId"))
[09:05:35 INF] End processing HTTP request after 64.8393ms - 200
[09:05:35 INF] Executed DbCommand (0ms) [Parameters=[@__agvId_0='?' (Size = 10)], CommandType='Text', CommandTimeout='30']
SELECT "a"."AgvId", "a"."ActivatedAt", "a"."ActivationId", "a"."ConfigurationVersion", "a"."Fingerprint", "a"."SlotModelVersionId", "a"."SnapshotId"
FROM "ActiveSlotConfigurations" AS "a"
WHERE "a"."AgvId" = @__agvId_0
LIMIT 1
[09:05:35 INF] Executed DbCommand (0ms) [Parameters=[@__mapId_0='?' (DbType = Int32)], CommandType='Text', CommandTimeout='30']
SELECT "t"."MapId", "t"."ActiveVersion", "t"."PendingVersion", "t"."State", "t"."UpdatedAt"
FROM "TaskTypeStationActiveBindingSets" AS "t"
WHERE "t"."MapId" = @__mapId_0
LIMIT 2
[09:05:35 INF] Executed DbCommand (0ms) [Parameters=[@p3='?' (Size = 10), @p0='?' (Size = 5), @p1='?' (Size = 5), @p2='?' (DbType = DateTimeOffset)], CommandType='Text', CommandTimeout='30']
UPDATE "SessionRecoveries" SET "Readiness" = @p0, "ReasonCode" = @p1, "UpdatedAt" = @p2
WHERE "AgvId" = @p3
RETURNING 1;
[09:05:35 INF] Executed DbCommand (0ms) [Parameters=[@__mapId_0='?' (DbType = Int32), @__version_1='?' (DbType = Int64)], CommandType='Text', CommandTimeout='30']
SELECT "t"."MapId", "t"."Version", "t"."CatalogRevision", "t"."ContentSha256", "t"."LoadedAt", "t"."RuleVersion", "t"."SnapshotId", "t"."Source"
FROM "TaskTypeStationBindingSetVersions" AS "t"
WHERE "t"."MapId" = @__mapId_0 AND "t"."Version" = @__version_1
LIMIT 2
[09:05:35 INF] Executed DbCommand (0ms) [Parameters=[@p0='?' (Size = 36), @p1='?' (Size = 64), @p2='?' (Size = 1236), @p3='?' (Size = 19), @p4='?' (DbType = DateTimeOffset), @p5='?' (Size = 742)], CommandType='Text', CommandTimeout='30']
INSERT INTO "ProtocolInbox" ("MessageId", "ContentHash", "FirstResponseJson", "MessageType", "ReceivedAt", "RequestJson")
VALUES (@p0, @p1, @p2, @p3, @p4, @p5);
[09:05:35 INF] Executed DbCommand (0ms) [Parameters=[@__mapId_0='?' (DbType = Int32), @__version_1='?' (DbType = Int64)], CommandType='Text', CommandTimeout='30']
SELECT "t"."TaskType"
FROM "TaskTypeStationRequirements" AS "t"
WHERE "t"."MapId" = @__mapId_0 AND "t"."Version" = @__version_1
[09:05:35 INF] Executed DbCommand (0ms) [Parameters=[@__mapId_0='?' (DbType = Int32), @__version_1='?' (DbType = Int64)], CommandType='Text', CommandTimeout='30']
SELECT "t"."MapId", "t"."Version", "t"."TaskType", "t"."SiteVerificationRef", "t"."StationName", "t"."StationRiotId"
FROM "TaskTypeStationBindings" AS "t"
WHERE "t"."MapId" = @__mapId_0 AND "t"."Version" = @__version_1
[09:05:35 INF] Executed DbCommand (0ms) [Parameters=[@__agvId_0='?' (Size = 10)], CommandType='Text', CommandTimeout='30']
SELECT "r"."CommandMessageId"
FROM "RecoveryWorkflows" AS "r"
WHERE "r"."AgvId" = @__agvId_0 AND "r"."CommandMessageId" IS NOT NULL AND "r"."State" <> 'Reconciled' AND "r"."State" <> 'HistoricalOnly'
[09:05:35 INF] Executed DbCommand (0ms) [Parameters=[@__version_0='?' (DbType = Int64)], CommandType='Text', CommandTimeout='30']
SELECT "t"."Version", "t"."ContentSha256", "t"."LoadedAt", "t"."SnapshotId", "t"."Source"
FROM "TaskTypeStationRuleVersions" AS "t"
WHERE "t"."Version" = @__version_0
LIMIT 2
[09:05:35 INF] Executed DbCommand (0ms) [Parameters=[], CommandType='Text', CommandTimeout='30']
SELECT "p"."MessageId", "p"."AcknowledgedAt", "p"."CreatedAt", "p"."FencedAt", "p"."MessageType", "p"."PayloadJson"
FROM "ProtocolOutbox" AS "p"
WHERE "p"."MessageType" = 'ExceptionRecoverySessionSnapshot' AND "p"."AcknowledgedAt" IS NULL AND "p"."FencedAt" IS NULL
[09:05:35 INF] Executed DbCommand (0ms) [Parameters=[@__version_0='?' (DbType = Int64)], CommandType='Text', CommandTimeout='30']
SELECT "t"."Version", "t"."TaskType", "t"."FixedEnd"
FROM "TaskTypeStationRules" AS "t"
WHERE "t"."Version" = @__version_0
[09:05:35 INF] Executed DbCommand (0ms) [Parameters=[@__agvId_0='?' (Size = 10)], CommandType='Text', CommandTimeout='30']
SELECT "s"."ActivationId", "s"."AgvId", "s"."CommandMessageId", "s"."ConfigurationVersion", "s"."Fingerprint", "s"."IssuedAt", "s"."Kind", "s"."RecoveryRole", "s"."ResultJson", "s"."ResultReceivedAt", "s"."RolledBackToVersion", "s"."SlotModelVersionId", "s"."SnapshotId", "s"."State"
FROM "SlotConfigurationActivations" AS "s"
WHERE "s"."AgvId" = @__agvId_0 AND "s"."State" = 'PENDING_RESULT' AND "s"."RecoveryRole" = 'SLOT_CONFIGURATION'
[09:05:35 INF] Executed DbCommand (0ms) [Parameters=[@__mapId_0='?' (DbType = Int32)], CommandType='Text', CommandTimeout='30']
SELECT "t"."MapId", "t"."ActiveVersion", "t"."PendingVersion", "t"."State", "t"."UpdatedAt"
FROM "TaskTypeStationActiveBindingSets" AS "t"
WHERE "t"."MapId" = @__mapId_0
LIMIT 2
[09:05:35 INF] Executed DbCommand (0ms) [Parameters=[@__mapId_0='?' (DbType = Int32)], CommandType='Text', CommandTimeout='30']
SELECT "t"."HoldId", "t"."DetailJson", "t"."MapId", "t"."RaisedAt", "t"."RaisedBy", "t"."ReasonCode", "t"."ReleasedAt", "t"."ReleasedBy", "t"."Source", "t"."TaskType"
FROM "TaskTypeStationHolds" AS "t"
WHERE "t"."MapId" = @__mapId_0 AND "t"."ReleasedAt" IS NULL
[09:05:35 INF] Executed DbCommand (0ms) [Parameters=[@__mapId_0='?' (DbType = Int32)], CommandType='Text', CommandTimeout='30']
SELECT "m"."MapId", "m"."ApprovedMaxUnconfirmedSeconds", "m"."ApprovedSyncPeriodSeconds", "m"."CatalogRevision", "m"."LastAttemptAt", "m"."LastCompleteConfirmationAt", "m"."LastFailureReason", "m"."State", "m"."UpdatedAt"
FROM "MapStationCatalogStates" AS "m"
WHERE "m"."MapId" = @__mapId_0
LIMIT 2
[09:05:35 INF] Executed DbCommand (0ms) [Parameters=[@__messageId_0='?' (Size = 36)], CommandType='Text', CommandTimeout='30']
SELECT "p"."MessageId", "p"."ContentHash", "p"."FirstResponseJson", "p"."MessageType", "p"."ReceivedAt", "p"."RequestJson"
FROM "ProtocolInbox" AS "p"
WHERE "p"."MessageId" = @__messageId_0
LIMIT 2
[09:05:35 INF] Executed DbCommand (0ms) [Parameters=[@p3='?' (DbType = Int32), @p0='?' (DbType = DateTimeOffset), @p1='?' (DbType = DateTimeOffset), @p2='?' (DbType = DateTimeOffset)], CommandType='Text', CommandTimeout='30']
UPDATE "MapStationCatalogStates" SET "LastAttemptAt" = @p0, "LastCompleteConfirmationAt" = @p1, "UpdatedAt" = @p2
WHERE "MapId" = @p3
RETURNING 1;
[09:05:35 INF] Executed DbCommand (0ms) [Parameters=[@__mapId_0='?' (DbType = Int32)], CommandType='Text', CommandTimeout='30']
SELECT "t"."MapId", "t"."ActiveVersion", "t"."PendingVersion", "t"."State", "t"."UpdatedAt"
FROM "TaskTypeStationActiveBindingSets" AS "t"
WHERE "t"."MapId" = @__mapId_0
LIMIT 2
[09:05:35 INF] Executed DbCommand (0ms) [Parameters=[@__mapId_0='?' (DbType = Int32), @__version_1='?' (DbType = Int64)], CommandType='Text', CommandTimeout='30']
SELECT "t"."MapId", "t"."Version", "t"."CatalogRevision", "t"."ContentSha256", "t"."LoadedAt", "t"."RuleVersion", "t"."SnapshotId", "t"."Source"
FROM "TaskTypeStationBindingSetVersions" AS "t"
WHERE "t"."MapId" = @__mapId_0 AND "t"."Version" = @__version_1
LIMIT 2
[09:05:35 INF] Executed DbCommand (0ms) [Parameters=[@__mapId_0='?' (DbType = Int32), @__version_1='?' (DbType = Int64)], CommandType='Text', CommandTimeout='30']
SELECT "t"."TaskType"
FROM "TaskTypeStationRequirements" AS "t"
WHERE "t"."MapId" = @__mapId_0 AND "t"."Version" = @__version_1
[09:05:35 INF] Executed DbCommand (0ms) [Parameters=[@__mapId_0='?' (DbType = Int32), @__version_1='?' (DbType = Int64)], CommandType='Text', CommandTimeout='30']
SELECT "t"."MapId", "t"."Version", "t"."TaskType", "t"."SiteVerificationRef", "t"."StationName", "t"."StationRiotId"
FROM "TaskTypeStationBindings" AS "t"
WHERE "t"."MapId" = @__mapId_0 AND "t"."Version" = @__version_1
[09:05:35 INF] Executed DbCommand (0ms) [Parameters=[@__mapId_0='?' (DbType = Int32)], CommandType='Text', CommandTimeout='30']
SELECT "t"."MapId", "t"."ActiveVersion", "t"."PendingVersion", "t"."State", "t"."UpdatedAt"
FROM "TaskTypeStationActiveBindingSets" AS "t"
WHERE "t"."MapId" = @__mapId_0
LIMIT 2
[09:05:35 INF] Executed DbCommand (0ms) [Parameters=[@__mapId_0='?' (DbType = Int32), @__version_1='?' (DbType = Int64)], CommandType='Text', CommandTimeout='30']
SELECT "t"."MapId", "t"."Version", "t"."CatalogRevision", "t"."ContentSha256", "t"."LoadedAt", "t"."RuleVersion", "t"."SnapshotId", "t"."Source"
FROM "TaskTypeStationBindingSetVersions" AS "t"
WHERE "t"."MapId" = @__mapId_0 AND "t"."Version" = @__version_1
LIMIT 2
[09:05:35 INF] Executed DbCommand (0ms) [Parameters=[@__mapId_0='?' (DbType = Int32), @__version_1='?' (DbType = Int64)], CommandType='Text', CommandTimeout='30']
SELECT "t"."TaskType"
FROM "TaskTypeStationRequirements" AS "t"
WHERE "t"."MapId" = @__mapId_0 AND "t"."Version" = @__version_1
[09:05:35 INF] Executed DbCommand (0ms) [Parameters=[@__mapId_0='?' (DbType = Int32), @__version_1='?' (DbType = Int64)], CommandType='Text', CommandTimeout='30']
SELECT "t"."MapId", "t"."Version", "t"."TaskType", "t"."SiteVerificationRef", "t"."StationName", "t"."StationRiotId"
FROM "TaskTypeStationBindings" AS "t"
WHERE "t"."MapId" = @__mapId_0 AND "t"."Version" = @__version_1
[09:05:35 INF] Executed DbCommand (0ms) [Parameters=[@__version_0='?' (DbType = Int64)], CommandType='Text', CommandTimeout='30']
SELECT "t"."Version", "t"."ContentSha256", "t"."LoadedAt", "t"."SnapshotId", "t"."Source"
FROM "TaskTypeStationRuleVersions" AS "t"
WHERE "t"."Version" = @__version_0
LIMIT 2
[09:05:35 INF] Executed DbCommand (0ms) [Parameters=[@__version_0='?' (DbType = Int64)], CommandType='Text', CommandTimeout='30']
SELECT "t"."Version", "t"."TaskType", "t"."FixedEnd"
FROM "TaskTypeStationRules" AS "t"
WHERE "t"."Version" = @__version_0
[09:05:35 INF] Executed DbCommand (0ms) [Parameters=[], CommandType='Text', CommandTimeout='30']
SELECT "a"."Id", "a"."ContentHash", "a"."DeploymentId", "a"."ImportedAt", "a"."Version"
FROM "AdmissionPolicyState" AS "a"
WHERE "a"."Id" = 1
LIMIT 2
[09:05:35 INF] Executed DbCommand (0ms) [Parameters=[], CommandType='Text', CommandTimeout='30']
SELECT "j"."JourneyId", "j"."AgvId", "j"."AgvLifecycleGeneration", "j"."AreaEndAdmissionRevokedSince", "j"."BlockReasonCode", "j"."BlockReasonSince", "j"."CargoHoldingStartedAt", "j"."ConsumedSafetyResultMessageId", "j"."ConsumedSublotMessageId", "j"."CreatedAt", "j"."DemandId", "j"."DispatchGeneration", "j"."DispatchZone", "j"."ExpectedBasketCount", "j"."FullSlotPositionsJson", "j"."GateMovementLegId", "j"."GatePlanMessageId", "j"."GateStationId", "j"."GateStationRiotId", "j"."GateUpperId", "j"."GateVehicleBusinessMessageId", "j"."GateWorklistMessageId", "j"."LoadCommandMessageId", "j"."LoadSlotOperationAttemptId", "j"."LoadingClosedReason", "j"."LoadingPhaseState", "j"."MapId", "j"."MapIdentity", "j"."OperationSessionId", "j"."PickupMovementLegId", "j"."PickupStationId", "j"."PickupStationRiotId", "j"."PickupUpperId", "j"."PlanMessageId", "j"."PlanRevision", "j"."PreDepartureSafetyCheckId", "j"."PreDepartureSafetyCheckMessageId", "j"."RouteEvidenceId", "j"."Stage", "j"."StationDepartureWaitStartedAt", "j"."SublotRequestMessageId", "j"."TargetSlotsJson", "j"."UnloadCommandMessageId", "j"."UnloadSlotOperationAttemptId", "j"."UpdatedAt", "j"."VehicleBusinessMessageId", "j"."VehicleBusinessRevision", "j"."VehicleKey", "j"."WorklistMessageId", "j"."WorklistRevision", "j"."YieldTriggeredAt", "j"."YieldTriggeredByVehicleKey"
FROM "JourneyRuntimes" AS "j"
WHERE "j"."Stage" <> 'Completed'
[09:05:35 INF] Executed DbCommand (0ms) [Parameters=[], CommandType='Text', CommandTimeout='30']
SELECT "a"."DemandId"
FROM "AcceptedDemands" AS "a"
WHERE "a"."Status" NOT IN ('Succeeded', 'Cancelled')
[09:05:35 INF] Executed DbCommand (0ms) [Parameters=[], CommandType='Text', CommandTimeout='30']
SELECT "j"."DemandId"
FROM "JourneyDemands" AS "j"
WHERE "j"."RemovedAt" IS NULL
[09:05:35 INF] Start processing HTTP request GET http://127.0.0.1:48409/api/v2/contract
[09:05:35 INF] Sending HTTP request GET http://127.0.0.1:48409/api/v2/contract
[09:05:35 INF] Received HTTP response headers after 0.6562ms - 200
[09:05:35 INF] End processing HTTP request after 7.8718ms - 200
[09:05:35 INF] Start processing HTTP request GET http://127.0.0.1:48409/api/v2/externally-readable-demand-catalog
[09:05:35 INF] Sending HTTP request GET http://127.0.0.1:48409/api/v2/externally-readable-demand-catalog
[09:05:35 INF] Received HTTP response headers after 0.9959ms - 200
[09:05:35 INF] End processing HTTP request after 95.6504ms - 200
[09:05:35 INF] Executed DbCommand (0ms) [Parameters=[], CommandType='Text', CommandTimeout='30']
SELECT "j"."DemandId", "j"."AcceptedAt", "j"."DecisionFingerprint", "j"."DemandCreatedAt", "j"."FirstSeenAt", "j"."LastSeenAt", "j"."ReasonCode", "j"."StarvationEscalatedAt", "j"."StarvationEscalationParameterVersion", "j"."TransportDemandKey"
FROM "JourneyBacklog" AS "j"
[09:05:35 INF] Executed DbCommand (0ms) [Parameters=[@__agvId_0='?' (Size = 10)], CommandType='Text', CommandTimeout='30']
SELECT "s"."AgvId", "s"."ActiveUnlockSlotsJson", "s"."CapabilityHash", "s"."CapabilityRevision", "s"."DepartureSafe", "s"."ForcedRecoveryGeneration", "s"."ManifestSha256", "s"."PendingAttemptIdsJson", "s"."PendingResultIdsJson", "s"."ProfileId", "s"."ProtocolCommit", "s"."ProtocolVersion", "s"."ProvenRecoveryCheckpoint", "s"."Readiness", "s"."ReasonCode", "s"."RecoveryReportId", "s"."ReportedForcedRecoveryGeneration", "s"."ReportedSlotConfigurationFingerprint", "s"."SafetyHash", "s"."SafetyReasonCodesJson", "s"."SafetyRevision", "s"."SafetyUnknownPresent", "s"."SessionGeneration", "s"."UnsettledSlotOperationAttemptId", "s"."UpdatedAt"
FROM "SessionRecoveries" AS "s"
WHERE "s"."AgvId" = @__agvId_0
LIMIT 2
[09:05:35 INF] Executed DbCommand (0ms) [Parameters=[], CommandType='Text', CommandTimeout='30']
SELECT "a"."DemandId"
FROM "AcceptedDemands" AS "a"
[09:05:35 INF] Executed DbCommand (0ms) [Parameters=[@p5='?' (Size = 10), @p0='?' (Size = 16), @p1='?' (Size = 20), @p2='?' (Size = 64), @p3='?' (DbType = Int64), @p4='?' (DbType = DateTimeOffset)], CommandType='Text', CommandTimeout='30']
UPDATE "SessionRecoveries" SET "Readiness" = @p0, "ReasonCode" = @p1, "SafetyHash" = @p2, "SafetyRevision" = @p3, "UpdatedAt" = @p4
WHERE "AgvId" = @p5
RETURNING 1;
[09:05:35 INF] Executed DbCommand (0ms) [Parameters=[], CommandType='Text', CommandTimeout='30']
SELECT "v"."AgvId", "v"."TaskType", "v"."Allowed", "v"."ConfigurationVersion", "v"."UpdatedAt"
FROM "VehicleTaskTypeAdmissions" AS "v"
[09:05:35 INF] Executed DbCommand (0ms) [Parameters=[@__agvId_0='?' (Size = 10)], CommandType='Text', CommandTimeout='30']
SELECT "s"."AgvId", "s"."ActiveUnlockSlotsJson", "s"."CapabilityHash", "s"."CapabilityRevision", "s"."DepartureSafe", "s"."ForcedRecoveryGeneration", "s"."ManifestSha256", "s"."PendingAttemptIdsJson", "s"."PendingResultIdsJson", "s"."ProfileId", "s"."ProtocolCommit", "s"."ProtocolVersion", "s"."ProvenRecoveryCheckpoint", "s"."Readiness", "s"."ReasonCode", "s"."RecoveryReportId", "s"."ReportedForcedRecoveryGeneration", "s"."ReportedSlotConfigurationFingerprint", "s"."SafetyHash", "s"."SafetyReasonCodesJson", "s"."SafetyRevision", "s"."SafetyUnknownPresent", "s"."SessionGeneration", "s"."UnsettledSlotOperationAttemptId", "s"."UpdatedAt"
FROM "SessionRecoveries" AS "s"
WHERE "s"."AgvId" = @__agvId_0
LIMIT 2
[09:05:35 INF] Executed DbCommand (0ms) [Parameters=[], CommandType='Text', CommandTimeout='30']
SELECT "v"."AgvId", "v"."ConfigurationVersion", "v"."RoundTimeoutMilliseconds", "v"."UpdatedAt"
FROM "VehicleDispatchBudgets" AS "v"
[09:05:35 INF] Executed DbCommand (0ms) [Parameters=[@__agvId_0='?' (Size = 10)], CommandType='Text', CommandTimeout='30']
SELECT EXISTS (
    SELECT 1
    FROM "StationOperations" AS "s"
    INNER JOIN (
        SELECT "j"."JourneyId", "j"."DemandId", "j"."AddedAt", "j"."DispatchGeneration", "j"."DispatchZone", "j"."DispatchZoneParameterVersion", "j"."ExpectedBasketCount", "j"."LoadCommandMessageId", "j"."LoadSlotOperationAttemptId", "j"."LoadedSlotsJson", "j"."PickupStopId", "j"."RemovalReason", "j"."RemovedAt", "j"."Status", "j"."TargetSlotsJson", "j"."UnloadCommandMessageId", "j"."UnloadSlotOperationAttemptId", "j"."UnloadStopId"
        FROM "JourneyDemands" AS "j"
        WHERE "j"."RemovedAt" IS NULL
    ) AS "t" ON "s"."DemandId" = "t"."DemandId"
    INNER JOIN "JourneyRuntimes" AS "j0" ON "t"."JourneyId" = "j0"."JourneyId"
    WHERE "j0"."AgvId" = @__agvId_0 AND "s"."Status" = 'RecoveryRequired')
[09:05:35 INF] Executed DbCommand (0ms) [Parameters=[], CommandType='Text', CommandTimeout='30']
SELECT "d"."Zone", "d"."AgvId", "d"."ConfigurationVersion", "d"."UpdatedAt"
FROM "DispatchZoneVehicles" AS "d"
[09:05:35 INF] Executed DbCommand (0ms) [Parameters=[@__agvId_0='?' (Size = 10)], CommandType='Text', CommandTimeout='30']
SELECT EXISTS (
    SELECT 1
    FROM "RecoveryWorkflows" AS "r"
    WHERE "r"."AgvId" = @__agvId_0 AND "r"."WorkflowType" = 'FORCED_MECHANICAL_RECOVERY' AND "r"."State" <> 'HistoricalOnly' AND NOT EXISTS (
        SELECT 1
        FROM "HardwareRecoveryRecords" AS "h"
        WHERE "h"."RecoveryActionId" = "r"."WorkflowId"))
[09:05:35 INF] Executed DbCommand (0ms) [Parameters=[], CommandType='Text', CommandTimeout='30']
SELECT MAX("d"."Version")
FROM "DispatchZoneAreaAssignmentVersions" AS "d"
[09:05:35 INF] Executed DbCommand (0ms) [Parameters=[@__agvId_0='?' (Size = 10)], CommandType='Text', CommandTimeout='30']
SELECT "a"."AgvId", "a"."ActivatedAt", "a"."ActivationId", "a"."ConfigurationVersion", "a"."Fingerprint", "a"."SlotModelVersionId", "a"."SnapshotId"
FROM "ActiveSlotConfigurations" AS "a"
WHERE "a"."AgvId" = @__agvId_0
LIMIT 1
[09:05:35 INF] Executed DbCommand (0ms) [Parameters=[@__version_0='?' (DbType = Int64)], CommandType='Text', CommandTimeout='30']
SELECT "d"."Version", "d"."ContentSha256", "d"."EntryCount", "d"."ImportedAt", "d"."SnapshotId"
FROM "DispatchZoneAreaAssignmentVersions" AS "d"
WHERE "d"."Version" = @__version_0
LIMIT 2
[09:05:35 INF] Executed DbCommand (0ms) [Parameters=[@p3='?' (Size = 10), @p0='?' (Size = 5), @p1='?' (Size = 5), @p2='?' (DbType = DateTimeOffset)], CommandType='Text', CommandTimeout='30']
UPDATE "SessionRecoveries" SET "Readiness" = @p0, "ReasonCode" = @p1, "UpdatedAt" = @p2
WHERE "AgvId" = @p3
RETURNING 1;
[09:05:35 INF] Executed DbCommand (0ms) [Parameters=[@__version_0='?' (DbType = Int64)], CommandType='Text', CommandTimeout='30']
SELECT "d"."Version", "d"."Area", "d"."DispatchZone", "d"."SlotPosition"
FROM "DispatchZoneAreaAssignments" AS "d"
WHERE "d"."Version" = @__version_0
[09:05:35 INF] Executed DbCommand (0ms) [Parameters=[@__agvId_0='?' (Size = 10)], CommandType='Text', CommandTimeout='30']
SELECT "o"."AlarmsJson"
FROM "OnboardAlarmSnapshots" AS "o"
WHERE "o"."AgvId" = @__agvId_0
LIMIT 1
[09:05:35 INF] Executed DbCommand (0ms) [Parameters=[@__agvId_0='?' (Size = 10)], CommandType='Text', CommandTimeout='30']
SELECT "a"."SlotModelVersionId", "a"."SnapshotId"
FROM "ActiveSlotConfigurations" AS "a"
WHERE "a"."AgvId" = @__agvId_0
LIMIT 2
[09:05:35 INF] Executed DbCommand (0ms) [Parameters=[@p0='?' (Size = 36), @p1='?' (Size = 64), @p2='?' (Size = 1235), @p3='?' (Size = 18), @p4='?' (DbType = DateTimeOffset), @p5='?' (Size = 653)], CommandType='Text', CommandTimeout='30']
INSERT INTO "ProtocolInbox" ("MessageId", "ContentHash", "FirstResponseJson", "MessageType", "ReceivedAt", "RequestJson")
VALUES (@p0, @p1, @p2, @p3, @p4, @p5);
[09:05:35 INF] Executed DbCommand (0ms) [Parameters=[@__agvId_0='?' (Size = 10)], CommandType='Text', CommandTimeout='30']
SELECT "s"."SlotModelVersionId", "s"."CreatedAt"
FROM "SlotIoBindings" AS "s"
WHERE "s"."AgvId" = @__agvId_0 AND "s"."Status" = 'PUBLISHED'
[09:05:35 INF] Executed DbCommand (0ms) [Parameters=[@__slotModelVersionId_0='?' (Size = 32)], CommandType='Text', CommandTimeout='30']
SELECT "s"."SlotModelVersionId", "s"."PhysicalSlotNumber", "s"."SlotPosition", "s"."SlotTemplateId"
FROM "SlotModelSlots" AS "s"
WHERE "s"."SlotModelVersionId" = @__slotModelVersionId_0
[09:05:35 INF] Executed DbCommand (0ms) [Parameters=[@__agvId_0='?' (Size = 10)], CommandType='Text', CommandTimeout='30']
SELECT "s"."AgvId", "s"."ActiveUnlockSlotsJson", "s"."CapabilityHash", "s"."CapabilityRevision", "s"."DepartureSafe", "s"."ForcedRecoveryGeneration", "s"."ManifestSha256", "s"."PendingAttemptIdsJson", "s"."PendingResultIdsJson", "s"."ProfileId", "s"."ProtocolCommit", "s"."ProtocolVersion", "s"."ProvenRecoveryCheckpoint", "s"."Readiness", "s"."ReasonCode", "s"."RecoveryReportId", "s"."ReportedForcedRecoveryGeneration", "s"."ReportedSlotConfigurationFingerprint", "s"."SafetyHash", "s"."SafetyReasonCodesJson", "s"."SafetyRevision", "s"."SafetyUnknownPresent", "s"."SessionGeneration", "s"."UnsettledSlotOperationAttemptId", "s"."UpdatedAt"
FROM "SessionRecoveries" AS "s"
WHERE "s"."AgvId" = @__agvId_0 AND "s"."Readiness" = 'Ready'
LIMIT 2
[09:05:35 INF] Executed DbCommand (0ms) [Parameters=[@__messageType_0='?' (Size = 18)], CommandType='Text', CommandTimeout='30']
SELECT "p"."MessageId", "p"."ContentHash", "p"."FirstResponseJson", "p"."MessageType", "p"."ReceivedAt", "p"."RequestJson"
FROM "ProtocolInbox" AS "p"
WHERE "p"."MessageType" = @__messageType_0
[09:05:36 INF] Executed DbCommand (0ms) [Parameters=[], CommandType='Text', CommandTimeout='30']
SELECT "p"."MessageId", "p"."ContentHash", "p"."FirstResponseJson", "p"."MessageType", "p"."ReceivedAt", "p"."RequestJson"
FROM "ProtocolInbox" AS "p"
WHERE "p"."MessageType" = 'SafetyStateSnapshot'
[09:05:36 INF] Executed DbCommand (0ms) [Parameters=[], CommandType='Text', CommandTimeout='30']
SELECT "p"."MessageId", "p"."ContentHash", "p"."FirstResponseJson", "p"."MessageType", "p"."ReceivedAt", "p"."RequestJson"
FROM "ProtocolInbox" AS "p"
WHERE "p"."MessageType" IN ('SafetyStateSnapshot', 'SafetyStateChanged')
[09:05:36 INF] Executed DbCommand (0ms) [Parameters=[], CommandType='Text', CommandTimeout='30']
SELECT "p"."MessageId", "p"."ContentHash", "p"."FirstResponseJson", "p"."MessageType", "p"."ReceivedAt", "p"."RequestJson"
FROM "ProtocolInbox" AS "p"
[09:05:36 INF] Start processing HTTP request GET http://127.0.0.1:48408/api/task/vehicles/getVehicleInfoByDeviceKey?key=BROKERX-L2-0001
[09:05:36 INF] Sending HTTP request GET http://127.0.0.1:48408/api/task/vehicles/getVehicleInfoByDeviceKey?key=BROKERX-L2-0001
[09:05:36 INF] Received HTTP response headers after 0.7612ms - 200
[09:05:36 INF] End processing HTTP request after 3.0923ms - 200
[09:05:36 INF] Executed DbCommand (0ms) [Parameters=[@p1='?' (Size = 36), @p0='?' (DbType = DateTimeOffset)], CommandType='Text', CommandTimeout='30']
UPDATE "JourneyBacklog" SET "LastSeenAt" = @p0
WHERE "DemandId" = @p1
RETURNING 1;
[09:05:36 INF] Executed DbCommand (0ms) [Parameters=[], CommandType='Text', CommandTimeout='30']
SELECT "s"."DemandId", "s"."ReasonCode", "s"."ClearedAt", "s"."DetailJson", "s"."FirstRaisedAt", "s"."LastSeenAt", "s"."TransportDemandKey"
FROM "StructuralDispatchBlocks" AS "s"
WHERE "s"."ClearedAt" IS NULL
[09:05:36 INF] Start processing HTTP request GET http://127.0.0.1:48408/api/task/v1/task/getVehicleInfo/BROKERX-L2-0001
[09:05:36 INF] Sending HTTP request GET http://127.0.0.1:48408/api/task/v1/task/getVehicleInfo/BROKERX-L2-0001
[09:05:36 INF] Received HTTP response headers after 0.6509ms - 200
[09:05:36 INF] End processing HTTP request after 95.6642ms - 200
[09:05:36 INF] Start processing HTTP request GET http://127.0.0.1:48408/api/order/v1/orderRecord?pageNum=1&pageSize=100&filterByState=1&filterByState=3&filterByState=7&filterByState=9
[09:05:36 INF] Sending HTTP request GET http://127.0.0.1:48408/api/order/v1/orderRecord?pageNum=1&pageSize=100&filterByState=1&filterByState=3&filterByState=7&filterByState=9
[09:05:36 INF] Received HTTP response headers after 1.0455ms - 200
[09:05:36 INF] End processing HTTP request after 17.543ms - 200
[09:05:36 INF] HTTP GET /api/onboard/v1/vehicle-safety responded 200 in 142.8213 ms
[09:05:36 INF] Start processing HTTP request GET http://127.0.0.1:48408/api/imap/v1/mapInfo/stations/25
[09:05:36 INF] Sending HTTP request GET http://127.0.0.1:48408/api/imap/v1/mapInfo/stations/25
[09:05:36 INF] Received HTTP response headers after 0.7915ms - 200
[09:05:36 INF] End processing HTTP request after 15.9803ms - 200
[09:05:36 INF] Executed DbCommand (0ms) [Parameters=[@__mapId_0='?' (DbType = Int32)], CommandType='Text', CommandTimeout='30']
SELECT "t"."MapId", "t"."ActiveVersion", "t"."PendingVersion", "t"."State", "t"."UpdatedAt"
FROM "TaskTypeStationActiveBindingSets" AS "t"
WHERE "t"."MapId" = @__mapId_0
LIMIT 2
[09:05:36 INF] Executed DbCommand (0ms) [Parameters=[@__mapId_0='?' (DbType = Int32), @__version_1='?' (DbType = Int64)], CommandType='Text', CommandTimeout='30']
SELECT "t"."MapId", "t"."Version", "t"."CatalogRevision", "t"."ContentSha256", "t"."LoadedAt", "t"."RuleVersion", "t"."SnapshotId", "t"."Source"
FROM "TaskTypeStationBindingSetVersions" AS "t"
WHERE "t"."MapId" = @__mapId_0 AND "t"."Version" = @__version_1
LIMIT 2
[09:05:36 INF] Executed DbCommand (0ms) [Parameters=[@__mapId_0='?' (DbType = Int32), @__version_1='?' (DbType = Int64)], CommandType='Text', CommandTimeout='30']
SELECT "t"."TaskType"
FROM "TaskTypeStationRequirements" AS "t"
WHERE "t"."MapId" = @__mapId_0 AND "t"."Version" = @__version_1
[09:05:36 INF] Executed DbCommand (0ms) [Parameters=[@__mapId_0='?' (DbType = Int32), @__version_1='?' (DbType = Int64)], CommandType='Text', CommandTimeout='30']
SELECT "t"."MapId", "t"."Version", "t"."TaskType", "t"."SiteVerificationRef", "t"."StationName", "t"."StationRiotId"
FROM "TaskTypeStationBindings" AS "t"
WHERE "t"."MapId" = @__mapId_0 AND "t"."Version" = @__version_1
[09:05:36 INF] Executed DbCommand (0ms) [Parameters=[@__version_0='?' (DbType = Int64)], CommandType='Text', CommandTimeout='30']
SELECT "t"."Version", "t"."ContentSha256", "t"."LoadedAt", "t"."SnapshotId", "t"."Source"
FROM "TaskTypeStationRuleVersions" AS "t"
WHERE "t"."Version" = @__version_0
LIMIT 2
[09:05:36 INF] Executed DbCommand (0ms) [Parameters=[@__version_0='?' (DbType = Int64)], CommandType='Text', CommandTimeout='30']
SELECT "t"."Version", "t"."TaskType", "t"."FixedEnd"
FROM "TaskTypeStationRules" AS "t"
WHERE "t"."Version" = @__version_0
[09:05:36 INF] Executed DbCommand (0ms) [Parameters=[@__mapId_0='?' (DbType = Int32)], CommandType='Text', CommandTimeout='30']
SELECT "t"."MapId", "t"."ActiveVersion", "t"."PendingVersion", "t"."State", "t"."UpdatedAt"
FROM "TaskTypeStationActiveBindingSets" AS "t"
WHERE "t"."MapId" = @__mapId_0
LIMIT 2
[09:05:36 INF] Executed DbCommand (0ms) [Parameters=[@__mapId_0='?' (DbType = Int32)], CommandType='Text', CommandTimeout='30']
SELECT "t"."HoldId", "t"."DetailJson", "t"."MapId", "t"."RaisedAt", "t"."RaisedBy", "t"."ReasonCode", "t"."ReleasedAt", "t"."ReleasedBy", "t"."Source", "t"."TaskType"
FROM "TaskTypeStationHolds" AS "t"
WHERE "t"."MapId" = @__mapId_0 AND "t"."ReleasedAt" IS NULL
[09:05:36 INF] Executed DbCommand (0ms) [Parameters=[@__mapId_0='?' (DbType = Int32)], CommandType='Text', CommandTimeout='30']
SELECT "m"."MapId", "m"."ApprovedMaxUnconfirmedSeconds", "m"."ApprovedSyncPeriodSeconds", "m"."CatalogRevision", "m"."LastAttemptAt", "m"."LastCompleteConfirmationAt", "m"."LastFailureReason", "m"."State", "m"."UpdatedAt"
FROM "MapStationCatalogStates" AS "m"
WHERE "m"."MapId" = @__mapId_0
LIMIT 2
[09:05:36 INF] Executed DbCommand (0ms) [Parameters=[@p3='?' (DbType = Int32), @p0='?' (DbType = DateTimeOffset), @p1='?' (DbType = DateTimeOffset), @p2='?' (DbType = DateTimeOffset)], CommandType='Text', CommandTimeout='30']
UPDATE "MapStationCatalogStates" SET "LastAttemptAt" = @p0, "LastCompleteConfirmationAt" = @p1, "UpdatedAt" = @p2
WHERE "MapId" = @p3
RETURNING 1;
[09:05:36 INF] Executed DbCommand (0ms) [Parameters=[@__mapId_0='?' (DbType = Int32)], CommandType='Text', CommandTimeout='30']
SELECT "t"."MapId", "t"."ActiveVersion", "t"."PendingVersion", "t"."State", "t"."UpdatedAt"
FROM "TaskTypeStationActiveBindingSets" AS "t"
WHERE "t"."MapId" = @__mapId_0
LIMIT 2
[09:05:36 INF] Executed DbCommand (0ms) [Parameters=[@__mapId_0='?' (DbType = Int32), @__version_1='?' (DbType = Int64)], CommandType='Text', CommandTimeout='30']
SELECT "t"."MapId", "t"."Version", "t"."CatalogRevision", "t"."ContentSha256", "t"."LoadedAt", "t"."RuleVersion", "t"."SnapshotId", "t"."Source"
FROM "TaskTypeStationBindingSetVersions" AS "t"
WHERE "t"."MapId" = @__mapId_0 AND "t"."Version" = @__version_1
LIMIT 2
[09:05:36 INF] Executed DbCommand (0ms) [Parameters=[@__mapId_0='?' (DbType = Int32), @__version_1='?' (DbType = Int64)], CommandType='Text', CommandTimeout='30']
SELECT "t"."TaskType"
FROM "TaskTypeStationRequirements" AS "t"
WHERE "t"."MapId" = @__mapId_0 AND "t"."Version" = @__version_1
[09:05:36 INF] Executed DbCommand (0ms) [Parameters=[@__mapId_0='?' (DbType = Int32), @__version_1='?' (DbType = Int64)], CommandType='Text', CommandTimeout='30']
SELECT "t"."MapId", "t"."Version", "t"."TaskType", "t"."SiteVerificationRef", "t"."StationName", "t"."StationRiotId"
FROM "TaskTypeStationBindings" AS "t"
WHERE "t"."MapId" = @__mapId_0 AND "t"."Version" = @__version_1
[09:05:36 INF] Executed DbCommand (0ms) [Parameters=[@__mapId_0='?' (DbType = Int32)], CommandType='Text', CommandTimeout='30']
SELECT "t"."MapId", "t"."ActiveVersion", "t"."PendingVersion", "t"."State", "t"."UpdatedAt"
FROM "TaskTypeStationActiveBindingSets" AS "t"
WHERE "t"."MapId" = @__mapId_0
LIMIT 2
[09:05:36 INF] Executed DbCommand (0ms) [Parameters=[@__mapId_0='?' (DbType = Int32), @__version_1='?' (DbType = Int64)], CommandType='Text', CommandTimeout='30']
SELECT "t"."MapId", "t"."Version", "t"."CatalogRevision", "t"."ContentSha256", "t"."LoadedAt", "t"."RuleVersion", "t"."SnapshotId", "t"."Source"
FROM "TaskTypeStationBindingSetVersions" AS "t"
WHERE "t"."MapId" = @__mapId_0 AND "t"."Version" = @__version_1
LIMIT 2
[09:05:36 INF] Executed DbCommand (0ms) [Parameters=[@__mapId_0='?' (DbType = Int32), @__version_1='?' (DbType = Int64)], CommandType='Text', CommandTimeout='30']
SELECT "t"."TaskType"
FROM "TaskTypeStationRequirements" AS "t"
WHERE "t"."MapId" = @__mapId_0 AND "t"."Version" = @__version_1
[09:05:36 INF] Executed DbCommand (0ms) [Parameters=[@__mapId_0='?' (DbType = Int32), @__version_1='?' (DbType = Int64)], CommandType='Text', CommandTimeout='30']
SELECT "t"."MapId", "t"."Version", "t"."TaskType", "t"."SiteVerificationRef", "t"."StationName", "t"."StationRiotId"
FROM "TaskTypeStationBindings" AS "t"
WHERE "t"."MapId" = @__mapId_0 AND "t"."Version" = @__version_1
[09:05:36 INF] Executed DbCommand (0ms) [Parameters=[@__version_0='?' (DbType = Int64)], CommandType='Text', CommandTimeout='30']
SELECT "t"."Version", "t"."ContentSha256", "t"."LoadedAt", "t"."SnapshotId", "t"."Source"
FROM "TaskTypeStationRuleVersions" AS "t"
WHERE "t"."Version" = @__version_0
LIMIT 2
[09:05:36 INF] Executed DbCommand (0ms) [Parameters=[@__version_0='?' (DbType = Int64)], CommandType='Text', CommandTimeout='30']
SELECT "t"."Version", "t"."TaskType", "t"."FixedEnd"
FROM "TaskTypeStationRules" AS "t"
WHERE "t"."Version" = @__version_0
[09:05:36 INF] Executed DbCommand (0ms) [Parameters=[], CommandType='Text', CommandTimeout='30']
SELECT "a"."Id", "a"."ContentHash", "a"."DeploymentId", "a"."ImportedAt", "a"."Version"
FROM "AdmissionPolicyState" AS "a"
WHERE "a"."Id" = 1
LIMIT 2
[09:05:36 INF] Executed DbCommand (0ms) [Parameters=[], CommandType='Text', CommandTimeout='30']
SELECT "j"."JourneyId", "j"."AgvId", "j"."AgvLifecycleGeneration", "j"."AreaEndAdmissionRevokedSince", "j"."BlockReasonCode", "j"."BlockReasonSince", "j"."CargoHoldingStartedAt", "j"."ConsumedSafetyResultMessageId", "j"."ConsumedSublotMessageId", "j"."CreatedAt", "j"."DemandId", "j"."DispatchGeneration", "j"."DispatchZone", "j"."ExpectedBasketCount", "j"."FullSlotPositionsJson", "j"."GateMovementLegId", "j"."GatePlanMessageId", "j"."GateStationId", "j"."GateStationRiotId", "j"."GateUpperId", "j"."GateVehicleBusinessMessageId", "j"."GateWorklistMessageId", "j"."LoadCommandMessageId", "j"."LoadSlotOperationAttemptId", "j"."LoadingClosedReason", "j"."LoadingPhaseState", "j"."MapId", "j"."MapIdentity", "j"."OperationSessionId", "j"."PickupMovementLegId", "j"."PickupStationId", "j"."PickupStationRiotId", "j"."PickupUpperId", "j"."PlanMessageId", "j"."PlanRevision", "j"."PreDepartureSafetyCheckId", "j"."PreDepartureSafetyCheckMessageId", "j"."RouteEvidenceId", "j"."Stage", "j"."StationDepartureWaitStartedAt", "j"."SublotRequestMessageId", "j"."TargetSlotsJson", "j"."UnloadCommandMessageId", "j"."UnloadSlotOperationAttemptId", "j"."UpdatedAt", "j"."VehicleBusinessMessageId", "j"."VehicleBusinessRevision", "j"."VehicleKey", "j"."WorklistMessageId", "j"."WorklistRevision", "j"."YieldTriggeredAt", "j"."YieldTriggeredByVehicleKey"
FROM "JourneyRuntimes" AS "j"
WHERE "j"."Stage" <> 'Completed'
[09:05:36 INF] Executed DbCommand (0ms) [Parameters=[], CommandType='Text', CommandTimeout='30']
SELECT "a"."DemandId"
FROM "AcceptedDemands" AS "a"
WHERE "a"."Status" NOT IN ('Succeeded', 'Cancelled')
[09:05:36 INF] Executed DbCommand (0ms) [Parameters=[], CommandType='Text', CommandTimeout='30']
SELECT "j"."DemandId"
FROM "JourneyDemands" AS "j"
WHERE "j"."RemovedAt" IS NULL
[09:05:36 INF] Start processing HTTP request GET http://127.0.0.1:48409/api/v2/contract
[09:05:36 INF] Sending HTTP request GET http://127.0.0.1:48409/api/v2/contract
[09:05:36 INF] Received HTTP response headers after 0.8925ms - 200
[09:05:36 INF] End processing HTTP request after 34.5934ms - 200
[09:05:36 INF] Start processing HTTP request GET http://127.0.0.1:48409/api/v2/externally-readable-demand-catalog
[09:05:36 INF] Sending HTTP request GET http://127.0.0.1:48409/api/v2/externally-readable-demand-catalog
[09:05:36 INF] Received HTTP response headers after 1.0737ms - 200
[09:05:36 INF] End processing HTTP request after 3.7754ms - 200
[09:05:36 INF] Executed DbCommand (0ms) [Parameters=[], CommandType='Text', CommandTimeout='30']
SELECT "j"."DemandId", "j"."AcceptedAt", "j"."DecisionFingerprint", "j"."DemandCreatedAt", "j"."FirstSeenAt", "j"."LastSeenAt", "j"."ReasonCode", "j"."StarvationEscalatedAt", "j"."StarvationEscalationParameterVersion", "j"."TransportDemandKey"
FROM "JourneyBacklog" AS "j"
[09:05:36 INF] Executed DbCommand (0ms) [Parameters=[], CommandType='Text', CommandTimeout='30']
SELECT "a"."DemandId"
FROM "AcceptedDemands" AS "a"
[09:05:36 INF] Executed DbCommand (0ms) [Parameters=[], CommandType='Text', CommandTimeout='30']
SELECT "v"."AgvId", "v"."TaskType", "v"."Allowed", "v"."ConfigurationVersion", "v"."UpdatedAt"
FROM "VehicleTaskTypeAdmissions" AS "v"
[09:05:36 INF] Executed DbCommand (0ms) [Parameters=[], CommandType='Text', CommandTimeout='30']
SELECT "v"."AgvId", "v"."ConfigurationVersion", "v"."RoundTimeoutMilliseconds", "v"."UpdatedAt"
FROM "VehicleDispatchBudgets" AS "v"
[09:05:36 INF] Executed DbCommand (0ms) [Parameters=[], CommandType='Text', CommandTimeout='30']
SELECT "d"."Zone", "d"."AgvId", "d"."ConfigurationVersion", "d"."UpdatedAt"
FROM "DispatchZoneVehicles" AS "d"
[09:05:36 INF] Executed DbCommand (0ms) [Parameters=[], CommandType='Text', CommandTimeout='30']
SELECT MAX("d"."Version")
FROM "DispatchZoneAreaAssignmentVersions" AS "d"
[09:05:36 INF] Executed DbCommand (0ms) [Parameters=[@__version_0='?' (DbType = Int64)], CommandType='Text', CommandTimeout='30']
SELECT "d"."Version", "d"."ContentSha256", "d"."EntryCount", "d"."ImportedAt", "d"."SnapshotId"
FROM "DispatchZoneAreaAssignmentVersions" AS "d"
WHERE "d"."Version" = @__version_0
LIMIT 2
[09:05:36 INF] Executed DbCommand (0ms) [Parameters=[@__version_0='?' (DbType = Int64)], CommandType='Text', CommandTimeout='30']
SELECT "d"."Version", "d"."Area", "d"."DispatchZone", "d"."SlotPosition"
FROM "DispatchZoneAreaAssignments" AS "d"
WHERE "d"."Version" = @__version_0
[09:05:36 INF] Executed DbCommand (0ms) [Parameters=[@__agvId_0='?' (Size = 10)], CommandType='Text', CommandTimeout='30']
SELECT "a"."SlotModelVersionId", "a"."SnapshotId"
FROM "ActiveSlotConfigurations" AS "a"
WHERE "a"."AgvId" = @__agvId_0
LIMIT 2
[09:05:36 INF] Executed DbCommand (0ms) [Parameters=[@__agvId_0='?' (Size = 10)], CommandType='Text', CommandTimeout='30']
SELECT "s"."SlotModelVersionId", "s"."CreatedAt"
FROM "SlotIoBindings" AS "s"
WHERE "s"."AgvId" = @__agvId_0 AND "s"."Status" = 'PUBLISHED'
[09:05:36 INF] Executed DbCommand (0ms) [Parameters=[@__slotModelVersionId_0='?' (Size = 32)], CommandType='Text', CommandTimeout='30']
SELECT "s"."SlotModelVersionId", "s"."PhysicalSlotNumber", "s"."SlotPosition", "s"."SlotTemplateId"
FROM "SlotModelSlots" AS "s"
WHERE "s"."SlotModelVersionId" = @__slotModelVersionId_0
[09:05:36 INF] Executed DbCommand (0ms) [Parameters=[@__agvId_0='?' (Size = 10)], CommandType='Text', CommandTimeout='30']
SELECT "s"."AgvId", "s"."ActiveUnlockSlotsJson", "s"."CapabilityHash", "s"."CapabilityRevision", "s"."DepartureSafe", "s"."ForcedRecoveryGeneration", "s"."ManifestSha256", "s"."PendingAttemptIdsJson", "s"."PendingResultIdsJson", "s"."ProfileId", "s"."ProtocolCommit", "s"."ProtocolVersion", "s"."ProvenRecoveryCheckpoint", "s"."Readiness", "s"."ReasonCode", "s"."RecoveryReportId", "s"."ReportedForcedRecoveryGeneration", "s"."ReportedSlotConfigurationFingerprint", "s"."SafetyHash", "s"."SafetyReasonCodesJson", "s"."SafetyRevision", "s"."SafetyUnknownPresent", "s"."SessionGeneration", "s"."UnsettledSlotOperationAttemptId", "s"."UpdatedAt"
FROM "SessionRecoveries" AS "s"
WHERE "s"."AgvId" = @__agvId_0 AND "s"."Readiness" = 'Ready'
LIMIT 2
[09:05:36 INF] Executed DbCommand (0ms) [Parameters=[@__messageType_0='?' (Size = 18)], CommandType='Text', CommandTimeout='30']
SELECT "p"."MessageId", "p"."ContentHash", "p"."FirstResponseJson", "p"."MessageType", "p"."ReceivedAt", "p"."RequestJson"
FROM "ProtocolInbox" AS "p"
WHERE "p"."MessageType" = @__messageType_0
[09:05:36 INF] Executed DbCommand (0ms) [Parameters=[], CommandType='Text', CommandTimeout='30']
SELECT "p"."MessageId", "p"."ContentHash", "p"."FirstResponseJson", "p"."MessageType", "p"."ReceivedAt", "p"."RequestJson"
FROM "ProtocolInbox" AS "p"
WHERE "p"."MessageType" = 'SafetyStateSnapshot'
[09:05:36 INF] Executed DbCommand (0ms) [Parameters=[], CommandType='Text', CommandTimeout='30']
SELECT "p"."MessageId", "p"."ContentHash", "p"."FirstResponseJson", "p"."MessageType", "p"."ReceivedAt", "p"."RequestJson"
FROM "ProtocolInbox" AS "p"
WHERE "p"."MessageType" IN ('SafetyStateSnapshot', 'SafetyStateChanged')
[09:05:36 INF] Executed DbCommand (0ms) [Parameters=[], CommandType='Text', CommandTimeout='30']
SELECT "p"."MessageId", "p"."ContentHash", "p"."FirstResponseJson", "p"."MessageType", "p"."ReceivedAt", "p"."RequestJson"
FROM "ProtocolInbox" AS "p"
[09:05:36 INF] Start processing HTTP request GET http://127.0.0.1:48408/api/task/vehicles/getVehicleInfoByDeviceKey?key=BROKERX-L2-0001
[09:05:36 INF] Sending HTTP request GET http://127.0.0.1:48408/api/task/vehicles/getVehicleInfoByDeviceKey?key=BROKERX-L2-0001
[09:05:36 INF] Received HTTP response headers after 0.7834ms - 200
[09:05:36 INF] End processing HTTP request after 10.1921ms - 200
[09:05:36 INF] Executed DbCommand (0ms) [Parameters=[@p1='?' (Size = 36), @p0='?' (DbType = DateTimeOffset)], CommandType='Text', CommandTimeout='30']
UPDATE "JourneyBacklog" SET "LastSeenAt" = @p0
WHERE "DemandId" = @p1
RETURNING 1;
[09:05:36 INF] Executed DbCommand (0ms) [Parameters=[], CommandType='Text', CommandTimeout='30']
SELECT "s"."DemandId", "s"."ReasonCode", "s"."ClearedAt", "s"."DetailJson", "s"."FirstRaisedAt", "s"."LastSeenAt", "s"."TransportDemandKey"
FROM "StructuralDispatchBlocks" AS "s"
WHERE "s"."ClearedAt" IS NULL
[09:05:37 INF] Start processing HTTP request GET http://127.0.0.1:48408/api/task/v1/task/getVehicleInfo/BROKERX-L2-0001
[09:05:37 INF] Sending HTTP request GET http://127.0.0.1:48408/api/task/v1/task/getVehicleInfo/BROKERX-L2-0001
[09:05:37 INF] Received HTTP response headers after 0.6811ms - 200
[09:05:37 INF] End processing HTTP request after 15.0273ms - 200
[09:05:37 INF] Start processing HTTP request GET http://127.0.0.1:48408/api/order/v1/orderRecord?pageNum=1&pageSize=100&filterByState=1&filterByState=3&filterByState=7&filterByState=9
[09:05:37 INF] Sending HTTP request GET http://127.0.0.1:48408/api/order/v1/orderRecord?pageNum=1&pageSize=100&filterByState=1&filterByState=3&filterByState=7&filterByState=9
[09:05:37 INF] Received HTTP response headers after 0.8595ms - 200
[09:05:37 INF] End processing HTTP request after 46.6813ms - 200
[09:05:37 INF] HTTP GET /api/onboard/v1/vehicle-safety responded 200 in 63.9494 ms
[09:05:37 INF] Start processing HTTP request GET http://127.0.0.1:48408/api/imap/v1/mapInfo/stations/25
[09:05:37 INF] Sending HTTP request GET http://127.0.0.1:48408/api/imap/v1/mapInfo/stations/25
[09:05:37 INF] Received HTTP response headers after 0.7377ms - 200
[09:05:37 INF] End processing HTTP request after 15.593ms - 200
[09:05:37 INF] Executed DbCommand (0ms) [Parameters=[@__mapId_0='?' (DbType = Int32)], CommandType='Text', CommandTimeout='30']
SELECT "t"."MapId", "t"."ActiveVersion", "t"."PendingVersion", "t"."State", "t"."UpdatedAt"
FROM "TaskTypeStationActiveBindingSets" AS "t"
WHERE "t"."MapId" = @__mapId_0
LIMIT 2
[09:05:37 INF] Executed DbCommand (0ms) [Parameters=[@__mapId_0='?' (DbType = Int32), @__version_1='?' (DbType = Int64)], CommandType='Text', CommandTimeout='30']
SELECT "t"."MapId", "t"."Version", "t"."CatalogRevision", "t"."ContentSha256", "t"."LoadedAt", "t"."RuleVersion", "t"."SnapshotId", "t"."Source"
FROM "TaskTypeStationBindingSetVersions" AS "t"
WHERE "t"."MapId" = @__mapId_0 AND "t"."Version" = @__version_1
LIMIT 2
[09:05:37 INF] Executed DbCommand (0ms) [Parameters=[@__mapId_0='?' (DbType = Int32), @__version_1='?' (DbType = Int64)], CommandType='Text', CommandTimeout='30']
SELECT "t"."TaskType"
FROM "TaskTypeStationRequirements" AS "t"
WHERE "t"."MapId" = @__mapId_0 AND "t"."Version" = @__version_1
[09:05:37 INF] Executed DbCommand (0ms) [Parameters=[@__mapId_0='?' (DbType = Int32), @__version_1='?' (DbType = Int64)], CommandType='Text', CommandTimeout='30']
SELECT "t"."MapId", "t"."Version", "t"."TaskType", "t"."SiteVerificationRef", "t"."StationName", "t"."StationRiotId"
FROM "TaskTypeStationBindings" AS "t"
WHERE "t"."MapId" = @__mapId_0 AND "t"."Version" = @__version_1
[09:05:37 INF] Executed DbCommand (0ms) [Parameters=[@__version_0='?' (DbType = Int64)], CommandType='Text', CommandTimeout='30']
SELECT "t"."Version", "t"."ContentSha256", "t"."LoadedAt", "t"."SnapshotId", "t"."Source"
FROM "TaskTypeStationRuleVersions" AS "t"
WHERE "t"."Version" = @__version_0
LIMIT 2
[09:05:37 INF] Executed DbCommand (0ms) [Parameters=[@__version_0='?' (DbType = Int64)], CommandType='Text', CommandTimeout='30']
SELECT "t"."Version", "t"."TaskType", "t"."FixedEnd"
FROM "TaskTypeStationRules" AS "t"
WHERE "t"."Version" = @__version_0
[09:05:37 INF] Executed DbCommand (0ms) [Parameters=[@__mapId_0='?' (DbType = Int32)], CommandType='Text', CommandTimeout='30']
SELECT "t"."MapId", "t"."ActiveVersion", "t"."PendingVersion", "t"."State", "t"."UpdatedAt"
FROM "TaskTypeStationActiveBindingSets" AS "t"
WHERE "t"."MapId" = @__mapId_0
LIMIT 2
[09:05:37 INF] Executed DbCommand (0ms) [Parameters=[@__mapId_0='?' (DbType = Int32)], CommandType='Text', CommandTimeout='30']
SELECT "t"."HoldId", "t"."DetailJson", "t"."MapId", "t"."RaisedAt", "t"."RaisedBy", "t"."ReasonCode", "t"."ReleasedAt", "t"."ReleasedBy", "t"."Source", "t"."TaskType"
FROM "TaskTypeStationHolds" AS "t"
WHERE "t"."MapId" = @__mapId_0 AND "t"."ReleasedAt" IS NULL
[09:05:37 INF] Executed DbCommand (0ms) [Parameters=[@__mapId_0='?' (DbType = Int32)], CommandType='Text', CommandTimeout='30']
SELECT "m"."MapId", "m"."ApprovedMaxUnconfirmedSeconds", "m"."ApprovedSyncPeriodSeconds", "m"."CatalogRevision", "m"."LastAttemptAt", "m"."LastCompleteConfirmationAt", "m"."LastFailureReason", "m"."State", "m"."UpdatedAt"
FROM "MapStationCatalogStates" AS "m"
WHERE "m"."MapId" = @__mapId_0
LIMIT 2
[09:05:37 INF] Executed DbCommand (0ms) [Parameters=[@p3='?' (DbType = Int32), @p0='?' (DbType = DateTimeOffset), @p1='?' (DbType = DateTimeOffset), @p2='?' (DbType = DateTimeOffset)], CommandType='Text', CommandTimeout='30']
UPDATE "MapStationCatalogStates" SET "LastAttemptAt" = @p0, "LastCompleteConfirmationAt" = @p1, "UpdatedAt" = @p2
WHERE "MapId" = @p3
RETURNING 1;
[09:05:37 INF] Executed DbCommand (0ms) [Parameters=[@__mapId_0='?' (DbType = Int32)], CommandType='Text', CommandTimeout='30']
SELECT "t"."MapId", "t"."ActiveVersion", "t"."PendingVersion", "t"."State", "t"."UpdatedAt"
FROM "TaskTypeStationActiveBindingSets" AS "t"
WHERE "t"."MapId" = @__mapId_0
LIMIT 2
[09:05:37 INF] Executed DbCommand (0ms) [Parameters=[@__mapId_0='?' (DbType = Int32), @__version_1='?' (DbType = Int64)], CommandType='Text', CommandTimeout='30']
SELECT "t"."MapId", "t"."Version", "t"."CatalogRevision", "t"."ContentSha256", "t"."LoadedAt", "t"."RuleVersion", "t"."SnapshotId", "t"."Source"
FROM "TaskTypeStationBindingSetVersions" AS "t"
WHERE "t"."MapId" = @__mapId_0 AND "t"."Version" = @__version_1
LIMIT 2
[09:05:37 INF] Executed DbCommand (0ms) [Parameters=[@__mapId_0='?' (DbType = Int32), @__version_1='?' (DbType = Int64)], CommandType='Text', CommandTimeout='30']
SELECT "t"."TaskType"
FROM "TaskTypeStationRequirements" AS "t"
WHERE "t"."MapId" = @__mapId_0 AND "t"."Version" = @__version_1
[09:05:37 INF] Executed DbCommand (0ms) [Parameters=[@__mapId_0='?' (DbType = Int32), @__version_1='?' (DbType = Int64)], CommandType='Text', CommandTimeout='30']
SELECT "t"."MapId", "t"."Version", "t"."TaskType", "t"."SiteVerificationRef", "t"."StationName", "t"."StationRiotId"
FROM "TaskTypeStationBindings" AS "t"
WHERE "t"."MapId" = @__mapId_0 AND "t"."Version" = @__version_1
[09:05:37 INF] Executed DbCommand (0ms) [Parameters=[@__mapId_0='?' (DbType = Int32)], CommandType='Text', CommandTimeout='30']
SELECT "t"."MapId", "t"."ActiveVersion", "t"."PendingVersion", "t"."State", "t"."UpdatedAt"
FROM "TaskTypeStationActiveBindingSets" AS "t"
WHERE "t"."MapId" = @__mapId_0
LIMIT 2
[09:05:37 INF] Executed DbCommand (0ms) [Parameters=[@__mapId_0='?' (DbType = Int32), @__version_1='?' (DbType = Int64)], CommandType='Text', CommandTimeout='30']
SELECT "t"."MapId", "t"."Version", "t"."CatalogRevision", "t"."ContentSha256", "t"."LoadedAt", "t"."RuleVersion", "t"."SnapshotId", "t"."Source"
FROM "TaskTypeStationBindingSetVersions" AS "t"
WHERE "t"."MapId" = @__mapId_0 AND "t"."Version" = @__version_1
LIMIT 2
[09:05:37 INF] Executed DbCommand (0ms) [Parameters=[@__mapId_0='?' (DbType = Int32), @__version_1='?' (DbType = Int64)], CommandType='Text', CommandTimeout='30']
SELECT "t"."TaskType"
FROM "TaskTypeStationRequirements" AS "t"
WHERE "t"."MapId" = @__mapId_0 AND "t"."Version" = @__version_1
[09:05:37 INF] Executed DbCommand (0ms) [Parameters=[@__mapId_0='?' (DbType = Int32), @__version_1='?' (DbType = Int64)], CommandType='Text', CommandTimeout='30']
SELECT "t"."MapId", "t"."Version", "t"."TaskType", "t"."SiteVerificationRef", "t"."StationName", "t"."StationRiotId"
FROM "TaskTypeStationBindings" AS "t"
WHERE "t"."MapId" = @__mapId_0 AND "t"."Version" = @__version_1
[09:05:37 INF] Executed DbCommand (0ms) [Parameters=[@__version_0='?' (DbType = Int64)], CommandType='Text', CommandTimeout='30']
SELECT "t"."Version", "t"."ContentSha256", "t"."LoadedAt", "t"."SnapshotId", "t"."Source"
FROM "TaskTypeStationRuleVersions" AS "t"
WHERE "t"."Version" = @__version_0
LIMIT 2
[09:05:37 INF] Executed DbCommand (0ms) [Parameters=[@__version_0='?' (DbType = Int64)], CommandType='Text', CommandTimeout='30']
SELECT "t"."Version", "t"."TaskType", "t"."FixedEnd"
FROM "TaskTypeStationRules" AS "t"
WHERE "t"."Version" = @__version_0
[09:05:37 INF] Executed DbCommand (0ms) [Parameters=[], CommandType='Text', CommandTimeout='30']
SELECT "a"."Id", "a"."ContentHash", "a"."DeploymentId", "a"."ImportedAt", "a"."Version"
FROM "AdmissionPolicyState" AS "a"
WHERE "a"."Id" = 1
LIMIT 2
[09:05:37 INF] Executed DbCommand (0ms) [Parameters=[], CommandType='Text', CommandTimeout='30']
SELECT "j"."JourneyId", "j"."AgvId", "j"."AgvLifecycleGeneration", "j"."AreaEndAdmissionRevokedSince", "j"."BlockReasonCode", "j"."BlockReasonSince", "j"."CargoHoldingStartedAt", "j"."ConsumedSafetyResultMessageId", "j"."ConsumedSublotMessageId", "j"."CreatedAt", "j"."DemandId", "j"."DispatchGeneration", "j"."DispatchZone", "j"."ExpectedBasketCount", "j"."FullSlotPositionsJson", "j"."GateMovementLegId", "j"."GatePlanMessageId", "j"."GateStationId", "j"."GateStationRiotId", "j"."GateUpperId", "j"."GateVehicleBusinessMessageId", "j"."GateWorklistMessageId", "j"."LoadCommandMessageId", "j"."LoadSlotOperationAttemptId", "j"."LoadingClosedReason", "j"."LoadingPhaseState", "j"."MapId", "j"."MapIdentity", "j"."OperationSessionId", "j"."PickupMovementLegId", "j"."PickupStationId", "j"."PickupStationRiotId", "j"."PickupUpperId", "j"."PlanMessageId", "j"."PlanRevision", "j"."PreDepartureSafetyCheckId", "j"."PreDepartureSafetyCheckMessageId", "j"."RouteEvidenceId", "j"."Stage", "j"."StationDepartureWaitStartedAt", "j"."SublotRequestMessageId", "j"."TargetSlotsJson", "j"."UnloadCommandMessageId", "j"."UnloadSlotOperationAttemptId", "j"."UpdatedAt", "j"."VehicleBusinessMessageId", "j"."VehicleBusinessRevision", "j"."VehicleKey", "j"."WorklistMessageId", "j"."WorklistRevision", "j"."YieldTriggeredAt", "j"."YieldTriggeredByVehicleKey"
FROM "JourneyRuntimes" AS "j"
WHERE "j"."Stage" <> 'Completed'
[09:05:37 INF] Executed DbCommand (0ms) [Parameters=[], CommandType='Text', CommandTimeout='30']
SELECT "a"."DemandId"
FROM "AcceptedDemands" AS "a"
WHERE "a"."Status" NOT IN ('Succeeded', 'Cancelled')
[09:05:37 INF] Executed DbCommand (0ms) [Parameters=[], CommandType='Text', CommandTimeout='30']
SELECT "j"."DemandId"
FROM "JourneyDemands" AS "j"
WHERE "j"."RemovedAt" IS NULL
[09:05:37 INF] Start processing HTTP request GET http://127.0.0.1:48409/api/v2/contract
[09:05:37 INF] Sending HTTP request GET http://127.0.0.1:48409/api/v2/contract
[09:05:37 INF] Received HTTP response headers after 0.9058ms - 200
[09:05:37 INF] End processing HTTP request after 11.1165ms - 200
[09:05:37 INF] Start processing HTTP request GET http://127.0.0.1:48409/api/v2/externally-readable-demand-catalog
[09:05:37 INF] Sending HTTP request GET http://127.0.0.1:48409/api/v2/externally-readable-demand-catalog
[09:05:37 INF] Received HTTP response headers after 0.9562ms - 200
[09:05:37 INF] End processing HTTP request after 47.993ms - 200
[09:05:37 INF] Executed DbCommand (0ms) [Parameters=[], CommandType='Text', CommandTimeout='30']
SELECT "j"."DemandId", "j"."AcceptedAt", "j"."DecisionFingerprint", "j"."DemandCreatedAt", "j"."FirstSeenAt", "j"."LastSeenAt", "j"."ReasonCode", "j"."StarvationEscalatedAt", "j"."StarvationEscalationParameterVersion", "j"."TransportDemandKey"
FROM "JourneyBacklog" AS "j"
[09:05:37 INF] Executed DbCommand (0ms) [Parameters=[], CommandType='Text', CommandTimeout='30']
SELECT "a"."DemandId"
FROM "AcceptedDemands" AS "a"
[09:05:37 INF] Executed DbCommand (0ms) [Parameters=[], CommandType='Text', CommandTimeout='30']
SELECT "v"."AgvId", "v"."TaskType", "v"."Allowed", "v"."ConfigurationVersion", "v"."UpdatedAt"
FROM "VehicleTaskTypeAdmissions" AS "v"
[09:05:37 INF] Executed DbCommand (0ms) [Parameters=[], CommandType='Text', CommandTimeout='30']
SELECT "v"."AgvId", "v"."ConfigurationVersion", "v"."RoundTimeoutMilliseconds", "v"."UpdatedAt"
FROM "VehicleDispatchBudgets" AS "v"
[09:05:37 INF] Executed DbCommand (0ms) [Parameters=[], CommandType='Text', CommandTimeout='30']
SELECT "d"."Zone", "d"."AgvId", "d"."ConfigurationVersion", "d"."UpdatedAt"
FROM "DispatchZoneVehicles" AS "d"
[09:05:37 INF] Executed DbCommand (0ms) [Parameters=[@__messageId_0='?' (Size = 36)], CommandType='Text', CommandTimeout='30']
SELECT "p"."MessageId", "p"."ContentHash", "p"."FirstResponseJson", "p"."MessageType", "p"."ReceivedAt", "p"."RequestJson"
FROM "ProtocolInbox" AS "p"
WHERE "p"."MessageId" = @__messageId_0
LIMIT 2
[09:05:37 INF] Executed DbCommand (0ms) [Parameters=[], CommandType='Text', CommandTimeout='30']
SELECT MAX("d"."Version")
FROM "DispatchZoneAreaAssignmentVersions" AS "d"
[09:05:37 INF] Executed DbCommand (0ms) [Parameters=[@p0='?' (Size = 36), @p1='?' (Size = 64), @p2='?' (Size = 535), @p3='?' (Size = 9), @p4='?' (DbType = DateTimeOffset), @p5='?' (Size = 427)], CommandType='Text', CommandTimeout='30']
INSERT INTO "ProtocolInbox" ("MessageId", "ContentHash", "FirstResponseJson", "MessageType", "ReceivedAt", "RequestJson")
VALUES (@p0, @p1, @p2, @p3, @p4, @p5);
[09:05:37 INF] Executed DbCommand (0ms) [Parameters=[@__version_0='?' (DbType = Int64)], CommandType='Text', CommandTimeout='30']
SELECT "d"."Version", "d"."ContentSha256", "d"."EntryCount", "d"."ImportedAt", "d"."SnapshotId"
FROM "DispatchZoneAreaAssignmentVersions" AS "d"
WHERE "d"."Version" = @__version_0
LIMIT 2
[09:05:37 INF] Executed DbCommand (0ms) [Parameters=[@__version_0='?' (DbType = Int64)], CommandType='Text', CommandTimeout='30']
SELECT "d"."Version", "d"."Area", "d"."DispatchZone", "d"."SlotPosition"
FROM "DispatchZoneAreaAssignments" AS "d"
WHERE "d"."Version" = @__version_0
[09:05:37 INF] Executed DbCommand (0ms) [Parameters=[@__agvId_0='?' (Size = 10)], CommandType='Text', CommandTimeout='30']
SELECT "a"."SlotModelVersionId", "a"."SnapshotId"
FROM "ActiveSlotConfigurations" AS "a"
WHERE "a"."AgvId" = @__agvId_0
LIMIT 2
[09:05:37 INF] Executed DbCommand (0ms) [Parameters=[@__agvId_0='?' (Size = 10)], CommandType='Text', CommandTimeout='30']
SELECT "s"."SlotModelVersionId", "s"."CreatedAt"
FROM "SlotIoBindings" AS "s"
WHERE "s"."AgvId" = @__agvId_0 AND "s"."Status" = 'PUBLISHED'
[09:05:37 INF] Executed DbCommand (0ms) [Parameters=[@__slotModelVersionId_0='?' (Size = 32)], CommandType='Text', CommandTimeout='30']
SELECT "s"."SlotModelVersionId", "s"."PhysicalSlotNumber", "s"."SlotPosition", "s"."SlotTemplateId"
FROM "SlotModelSlots" AS "s"
WHERE "s"."SlotModelVersionId" = @__slotModelVersionId_0
[09:05:37 INF] Executed DbCommand (0ms) [Parameters=[@__agvId_0='?' (Size = 10)], CommandType='Text', CommandTimeout='30']
SELECT "s"."AgvId", "s"."ActiveUnlockSlotsJson", "s"."CapabilityHash", "s"."CapabilityRevision", "s"."DepartureSafe", "s"."ForcedRecoveryGeneration", "s"."ManifestSha256", "s"."PendingAttemptIdsJson", "s"."PendingResultIdsJson", "s"."ProfileId", "s"."ProtocolCommit", "s"."ProtocolVersion", "s"."ProvenRecoveryCheckpoint", "s"."Readiness", "s"."ReasonCode", "s"."RecoveryReportId", "s"."ReportedForcedRecoveryGeneration", "s"."ReportedSlotConfigurationFingerprint", "s"."SafetyHash", "s"."SafetyReasonCodesJson", "s"."SafetyRevision", "s"."SafetyUnknownPresent", "s"."SessionGeneration", "s"."UnsettledSlotOperationAttemptId", "s"."UpdatedAt"
FROM "SessionRecoveries" AS "s"
WHERE "s"."AgvId" = @__agvId_0 AND "s"."Readiness" = 'Ready'
LIMIT 2
[09:05:37 INF] Executed DbCommand (0ms) [Parameters=[@__messageType_0='?' (Size = 18)], CommandType='Text', CommandTimeout='30']
SELECT "p"."MessageId", "p"."ContentHash", "p"."FirstResponseJson", "p"."MessageType", "p"."ReceivedAt", "p"."RequestJson"
FROM "ProtocolInbox" AS "p"
WHERE "p"."MessageType" = @__messageType_0
[09:05:37 INF] Executed DbCommand (0ms) [Parameters=[], CommandType='Text', CommandTimeout='30']
SELECT "p"."MessageId", "p"."ContentHash", "p"."FirstResponseJson", "p"."MessageType", "p"."ReceivedAt", "p"."RequestJson"
FROM "ProtocolInbox" AS "p"
WHERE "p"."MessageType" = 'SafetyStateSnapshot'
[09:05:37 INF] Executed DbCommand (0ms) [Parameters=[], CommandType='Text', CommandTimeout='30']
SELECT "p"."MessageId", "p"."ContentHash", "p"."FirstResponseJson", "p"."MessageType", "p"."ReceivedAt", "p"."RequestJson"
FROM "ProtocolInbox" AS "p"
WHERE "p"."MessageType" IN ('SafetyStateSnapshot', 'SafetyStateChanged')
[09:05:37 INF] Executed DbCommand (0ms) [Parameters=[], CommandType='Text', CommandTimeout='30']
SELECT "p"."MessageId", "p"."ContentHash", "p"."FirstResponseJson", "p"."MessageType", "p"."ReceivedAt", "p"."RequestJson"
FROM "ProtocolInbox" AS "p"
[09:05:37 INF] Start processing HTTP request GET http://127.0.0.1:48408/api/task/vehicles/getVehicleInfoByDeviceKey?key=BROKERX-L2-0001
[09:05:37 INF] Sending HTTP request GET http://127.0.0.1:48408/api/task/vehicles/getVehicleInfoByDeviceKey?key=BROKERX-L2-0001
[09:05:37 INF] Received HTTP response headers after 0.9918ms - 200
[09:05:37 INF] End processing HTTP request after 14.4202ms - 200
[09:05:37 INF] Executed DbCommand (0ms) [Parameters=[@p1='?' (Size = 36), @p0='?' (DbType = DateTimeOffset)], CommandType='Text', CommandTimeout='30']
UPDATE "JourneyBacklog" SET "LastSeenAt" = @p0
WHERE "DemandId" = @p1
RETURNING 1;
[09:05:37 INF] Executed DbCommand (0ms) [Parameters=[], CommandType='Text', CommandTimeout='30']
SELECT "s"."DemandId", "s"."ReasonCode", "s"."ClearedAt", "s"."DetailJson", "s"."FirstRaisedAt", "s"."LastSeenAt", "s"."TransportDemandKey"
FROM "StructuralDispatchBlocks" AS "s"
WHERE "s"."ClearedAt" IS NULL
[09:05:38 INF] Start processing HTTP request GET http://127.0.0.1:48408/api/task/v1/task/getVehicleInfo/BROKERX-L2-0001
[09:05:38 INF] Sending HTTP request GET http://127.0.0.1:48408/api/task/v1/task/getVehicleInfo/BROKERX-L2-0001
[09:05:38 INF] Received HTTP response headers after 0.6809ms - 200
[09:05:38 INF] End processing HTTP request after 14.9626ms - 200
[09:05:38 INF] Start processing HTTP request GET http://127.0.0.1:48408/api/order/v1/orderRecord?pageNum=1&pageSize=100&filterByState=1&filterByState=3&filterByState=7&filterByState=9
[09:05:38 INF] Sending HTTP request GET http://127.0.0.1:48408/api/order/v1/orderRecord?pageNum=1&pageSize=100&filterByState=1&filterByState=3&filterByState=7&filterByState=9
[09:05:38 INF] Start processing HTTP request GET http://127.0.0.1:48408/api/imap/v1/mapInfo/stations/25
[09:05:38 INF] Received HTTP response headers after 0.8501ms - 200
[09:05:38 INF] Sending HTTP request GET http://127.0.0.1:48408/api/imap/v1/mapInfo/stations/25
[09:05:38 INF] End processing HTTP request after 47.2751ms - 200
[09:05:38 INF] Received HTTP response headers after 0.8277ms - 200
[09:05:38 INF] HTTP GET /api/onboard/v1/vehicle-safety responded 200 in 127.2460 ms
[09:05:38 INF] End processing HTTP request after 79.5052ms - 200
[09:05:38 INF] Executed DbCommand (0ms) [Parameters=[@__mapId_0='?' (DbType = Int32)], CommandType='Text', CommandTimeout='30']
SELECT "t"."MapId", "t"."ActiveVersion", "t"."PendingVersion", "t"."State", "t"."UpdatedAt"
FROM "TaskTypeStationActiveBindingSets" AS "t"
WHERE "t"."MapId" = @__mapId_0
LIMIT 2
[09:05:38 INF] Executed DbCommand (0ms) [Parameters=[@__mapId_0='?' (DbType = Int32), @__version_1='?' (DbType = Int64)], CommandType='Text', CommandTimeout='30']
SELECT "t"."MapId", "t"."Version", "t"."CatalogRevision", "t"."ContentSha256", "t"."LoadedAt", "t"."RuleVersion", "t"."SnapshotId", "t"."Source"
FROM "TaskTypeStationBindingSetVersions" AS "t"
WHERE "t"."MapId" = @__mapId_0 AND "t"."Version" = @__version_1
LIMIT 2
[09:05:38 INF] Executed DbCommand (0ms) [Parameters=[@__mapId_0='?' (DbType = Int32), @__version_1='?' (DbType = Int64)], CommandType='Text', CommandTimeout='30']
SELECT "t"."TaskType"
FROM "TaskTypeStationRequirements" AS "t"
WHERE "t"."MapId" = @__mapId_0 AND "t"."Version" = @__version_1
[09:05:38 INF] Executed DbCommand (0ms) [Parameters=[@__mapId_0='?' (DbType = Int32), @__version_1='?' (DbType = Int64)], CommandType='Text', CommandTimeout='30']
SELECT "t"."MapId", "t"."Version", "t"."TaskType", "t"."SiteVerificationRef", "t"."StationName", "t"."StationRiotId"
FROM "TaskTypeStationBindings" AS "t"
WHERE "t"."MapId" = @__mapId_0 AND "t"."Version" = @__version_1
[09:05:38 INF] Executed DbCommand (0ms) [Parameters=[@__version_0='?' (DbType = Int64)], CommandType='Text', CommandTimeout='30']
SELECT "t"."Version", "t"."ContentSha256", "t"."LoadedAt", "t"."SnapshotId", "t"."Source"
FROM "TaskTypeStationRuleVersions" AS "t"
WHERE "t"."Version" = @__version_0
LIMIT 2
[09:05:38 INF] Executed DbCommand (0ms) [Parameters=[@__version_0='?' (DbType = Int64)], CommandType='Text', CommandTimeout='30']
SELECT "t"."Version", "t"."TaskType", "t"."FixedEnd"
FROM "TaskTypeStationRules" AS "t"
WHERE "t"."Version" = @__version_0
[09:05:38 INF] Executed DbCommand (0ms) [Parameters=[@__mapId_0='?' (DbType = Int32)], CommandType='Text', CommandTimeout='30']
SELECT "t"."MapId", "t"."ActiveVersion", "t"."PendingVersion", "t"."State", "t"."UpdatedAt"
FROM "TaskTypeStationActiveBindingSets" AS "t"
WHERE "t"."MapId" = @__mapId_0
LIMIT 2
[09:05:38 INF] Executed DbCommand (0ms) [Parameters=[@__mapId_0='?' (DbType = Int32)], CommandType='Text', CommandTimeout='30']
SELECT "t"."HoldId", "t"."DetailJson", "t"."MapId", "t"."RaisedAt", "t"."RaisedBy", "t"."ReasonCode", "t"."ReleasedAt", "t"."ReleasedBy", "t"."Source", "t"."TaskType"
FROM "TaskTypeStationHolds" AS "t"
WHERE "t"."MapId" = @__mapId_0 AND "t"."ReleasedAt" IS NULL
[09:05:38 INF] Executed DbCommand (0ms) [Parameters=[@__mapId_0='?' (DbType = Int32)], CommandType='Text', CommandTimeout='30']
SELECT "m"."MapId", "m"."ApprovedMaxUnconfirmedSeconds", "m"."ApprovedSyncPeriodSeconds", "m"."CatalogRevision", "m"."LastAttemptAt", "m"."LastCompleteConfirmationAt", "m"."LastFailureReason", "m"."State", "m"."UpdatedAt"
FROM "MapStationCatalogStates" AS "m"
WHERE "m"."MapId" = @__mapId_0
LIMIT 2
[09:05:38 INF] Executed DbCommand (0ms) [Parameters=[@p3='?' (DbType = Int32), @p0='?' (DbType = DateTimeOffset), @p1='?' (DbType = DateTimeOffset), @p2='?' (DbType = DateTimeOffset)], CommandType='Text', CommandTimeout='30']
UPDATE "MapStationCatalogStates" SET "LastAttemptAt" = @p0, "LastCompleteConfirmationAt" = @p1, "UpdatedAt" = @p2
WHERE "MapId" = @p3
RETURNING 1;
[09:05:38 INF] Executed DbCommand (0ms) [Parameters=[@__mapId_0='?' (DbType = Int32)], CommandType='Text', CommandTimeout='30']
SELECT "t"."MapId", "t"."ActiveVersion", "t"."PendingVersion", "t"."State", "t"."UpdatedAt"
FROM "TaskTypeStationActiveBindingSets" AS "t"
WHERE "t"."MapId" = @__mapId_0
LIMIT 2
[09:05:38 INF] Executed DbCommand (0ms) [Parameters=[@__mapId_0='?' (DbType = Int32), @__version_1='?' (DbType = Int64)], CommandType='Text', CommandTimeout='30']
SELECT "t"."MapId", "t"."Version", "t"."CatalogRevision", "t"."ContentSha256", "t"."LoadedAt", "t"."RuleVersion", "t"."SnapshotId", "t"."Source"
FROM "TaskTypeStationBindingSetVersions" AS "t"
WHERE "t"."MapId" = @__mapId_0 AND "t"."Version" = @__version_1
LIMIT 2
[09:05:38 INF] Executed DbCommand (0ms) [Parameters=[@__mapId_0='?' (DbType = Int32), @__version_1='?' (DbType = Int64)], CommandType='Text', CommandTimeout='30']
SELECT "t"."TaskType"
FROM "TaskTypeStationRequirements" AS "t"
WHERE "t"."MapId" = @__mapId_0 AND "t"."Version" = @__version_1
[09:05:38 INF] Executed DbCommand (0ms) [Parameters=[@__mapId_0='?' (DbType = Int32), @__version_1='?' (DbType = Int64)], CommandType='Text', CommandTimeout='30']
SELECT "t"."MapId", "t"."Version", "t"."TaskType", "t"."SiteVerificationRef", "t"."StationName", "t"."StationRiotId"
FROM "TaskTypeStationBindings" AS "t"
WHERE "t"."MapId" = @__mapId_0 AND "t"."Version" = @__version_1
[09:05:38 INF] Executed DbCommand (0ms) [Parameters=[@__mapId_0='?' (DbType = Int32)], CommandType='Text', CommandTimeout='30']
SELECT "t"."MapId", "t"."ActiveVersion", "t"."PendingVersion", "t"."State", "t"."UpdatedAt"
FROM "TaskTypeStationActiveBindingSets" AS "t"
WHERE "t"."MapId" = @__mapId_0
LIMIT 2
[09:05:38 INF] Executed DbCommand (0ms) [Parameters=[@__mapId_0='?' (DbType = Int32), @__version_1='?' (DbType = Int64)], CommandType='Text', CommandTimeout='30']
SELECT "t"."MapId", "t"."Version", "t"."CatalogRevision", "t"."ContentSha256", "t"."LoadedAt", "t"."RuleVersion", "t"."SnapshotId", "t"."Source"
FROM "TaskTypeStationBindingSetVersions" AS "t"
WHERE "t"."MapId" = @__mapId_0 AND "t"."Version" = @__version_1
LIMIT 2
[09:05:38 INF] Executed DbCommand (0ms) [Parameters=[@__mapId_0='?' (DbType = Int32), @__version_1='?' (DbType = Int64)], CommandType='Text', CommandTimeout='30']
SELECT "t"."TaskType"
FROM "TaskTypeStationRequirements" AS "t"
WHERE "t"."MapId" = @__mapId_0 AND "t"."Version" = @__version_1
[09:05:38 INF] Executed DbCommand (0ms) [Parameters=[@__mapId_0='?' (DbType = Int32), @__version_1='?' (DbType = Int64)], CommandType='Text', CommandTimeout='30']
SELECT "t"."MapId", "t"."Version", "t"."TaskType", "t"."SiteVerificationRef", "t"."StationName", "t"."StationRiotId"
FROM "TaskTypeStationBindings" AS "t"
WHERE "t"."MapId" = @__mapId_0 AND "t"."Version" = @__version_1
[09:05:38 INF] Executed DbCommand (0ms) [Parameters=[@__version_0='?' (DbType = Int64)], CommandType='Text', CommandTimeout='30']
SELECT "t"."Version", "t"."ContentSha256", "t"."LoadedAt", "t"."SnapshotId", "t"."Source"
FROM "TaskTypeStationRuleVersions" AS "t"
WHERE "t"."Version" = @__version_0
LIMIT 2
[09:05:38 INF] Executed DbCommand (0ms) [Parameters=[@__version_0='?' (DbType = Int64)], CommandType='Text', CommandTimeout='30']
SELECT "t"."Version", "t"."TaskType", "t"."FixedEnd"
FROM "TaskTypeStationRules" AS "t"
WHERE "t"."Version" = @__version_0
[09:05:38 INF] Executed DbCommand (0ms) [Parameters=[], CommandType='Text', CommandTimeout='30']
SELECT "a"."Id", "a"."ContentHash", "a"."DeploymentId", "a"."ImportedAt", "a"."Version"
FROM "AdmissionPolicyState" AS "a"
WHERE "a"."Id" = 1
LIMIT 2
[09:05:38 INF] Executed DbCommand (0ms) [Parameters=[], CommandType='Text', CommandTimeout='30']
SELECT "j"."JourneyId", "j"."AgvId", "j"."AgvLifecycleGeneration", "j"."AreaEndAdmissionRevokedSince", "j"."BlockReasonCode", "j"."BlockReasonSince", "j"."CargoHoldingStartedAt", "j"."ConsumedSafetyResultMessageId", "j"."ConsumedSublotMessageId", "j"."CreatedAt", "j"."DemandId", "j"."DispatchGeneration", "j"."DispatchZone", "j"."ExpectedBasketCount", "j"."FullSlotPositionsJson", "j"."GateMovementLegId", "j"."GatePlanMessageId", "j"."GateStationId", "j"."GateStationRiotId", "j"."GateUpperId", "j"."GateVehicleBusinessMessageId", "j"."GateWorklistMessageId", "j"."LoadCommandMessageId", "j"."LoadSlotOperationAttemptId", "j"."LoadingClosedReason", "j"."LoadingPhaseState", "j"."MapId", "j"."MapIdentity", "j"."OperationSessionId", "j"."PickupMovementLegId", "j"."PickupStationId", "j"."PickupStationRiotId", "j"."PickupUpperId", "j"."PlanMessageId", "j"."PlanRevision", "j"."PreDepartureSafetyCheckId", "j"."PreDepartureSafetyCheckMessageId", "j"."RouteEvidenceId", "j"."Stage", "j"."StationDepartureWaitStartedAt", "j"."SublotRequestMessageId", "j"."TargetSlotsJson", "j"."UnloadCommandMessageId", "j"."UnloadSlotOperationAttemptId", "j"."UpdatedAt", "j"."VehicleBusinessMessageId", "j"."VehicleBusinessRevision", "j"."VehicleKey", "j"."WorklistMessageId", "j"."WorklistRevision", "j"."YieldTriggeredAt", "j"."YieldTriggeredByVehicleKey"
FROM "JourneyRuntimes" AS "j"
WHERE "j"."Stage" <> 'Completed'
[09:05:38 INF] Executed DbCommand (0ms) [Parameters=[], CommandType='Text', CommandTimeout='30']
SELECT "a"."DemandId"
FROM "AcceptedDemands" AS "a"
WHERE "a"."Status" NOT IN ('Succeeded', 'Cancelled')
[09:05:38 INF] Executed DbCommand (0ms) [Parameters=[], CommandType='Text', CommandTimeout='30']
SELECT "j"."DemandId"
FROM "JourneyDemands" AS "j"
WHERE "j"."RemovedAt" IS NULL
[09:05:38 INF] Start processing HTTP request GET http://127.0.0.1:48409/api/v2/contract
[09:05:38 INF] Sending HTTP request GET http://127.0.0.1:48409/api/v2/contract
[09:05:38 INF] Received HTTP response headers after 0.9164ms - 200
[09:05:38 INF] End processing HTTP request after 2.8127ms - 200
[09:05:38 INF] Start processing HTTP request GET http://127.0.0.1:48409/api/v2/externally-readable-demand-catalog
[09:05:38 INF] Sending HTTP request GET http://127.0.0.1:48409/api/v2/externally-readable-demand-catalog
[09:05:38 INF] Received HTTP response headers after 0.9201ms - 200
[09:05:38 INF] End processing HTTP request after 33.1707ms - 200
[09:05:38 INF] Executed DbCommand (0ms) [Parameters=[], CommandType='Text', CommandTimeout='30']
SELECT "j"."DemandId", "j"."AcceptedAt", "j"."DecisionFingerprint", "j"."DemandCreatedAt", "j"."FirstSeenAt", "j"."LastSeenAt", "j"."ReasonCode", "j"."StarvationEscalatedAt", "j"."StarvationEscalationParameterVersion", "j"."TransportDemandKey"
FROM "JourneyBacklog" AS "j"
[09:05:38 INF] Executed DbCommand (0ms) [Parameters=[], CommandType='Text', CommandTimeout='30']
SELECT "a"."DemandId"
FROM "AcceptedDemands" AS "a"
[09:05:38 INF] Executed DbCommand (0ms) [Parameters=[], CommandType='Text', CommandTimeout='30']
SELECT "v"."AgvId", "v"."TaskType", "v"."Allowed", "v"."ConfigurationVersion", "v"."UpdatedAt"
FROM "VehicleTaskTypeAdmissions" AS "v"
[09:05:39 INF] Executed DbCommand (0ms) [Parameters=[], CommandType='Text', CommandTimeout='30']
SELECT "v"."AgvId", "v"."ConfigurationVersion", "v"."RoundTimeoutMilliseconds", "v"."UpdatedAt"
FROM "VehicleDispatchBudgets" AS "v"
[09:05:39 INF] Executed DbCommand (0ms) [Parameters=[], CommandType='Text', CommandTimeout='30']
SELECT "d"."Zone", "d"."AgvId", "d"."ConfigurationVersion", "d"."UpdatedAt"
FROM "DispatchZoneVehicles" AS "d"
[09:05:39 INF] Executed DbCommand (0ms) [Parameters=[], CommandType='Text', CommandTimeout='30']
SELECT MAX("d"."Version")
FROM "DispatchZoneAreaAssignmentVersions" AS "d"
[09:05:39 INF] Executed DbCommand (0ms) [Parameters=[@__version_0='?' (DbType = Int64)], CommandType='Text', CommandTimeout='30']
SELECT "d"."Version", "d"."ContentSha256", "d"."EntryCount", "d"."ImportedAt", "d"."SnapshotId"
FROM "DispatchZoneAreaAssignmentVersions" AS "d"
WHERE "d"."Version" = @__version_0
LIMIT 2
[09:05:39 INF] Executed DbCommand (0ms) [Parameters=[@__version_0='?' (DbType = Int64)], CommandType='Text', CommandTimeout='30']
SELECT "d"."Version", "d"."Area", "d"."DispatchZone", "d"."SlotPosition"
FROM "DispatchZoneAreaAssignments" AS "d"
WHERE "d"."Version" = @__version_0
[09:05:39 INF] Executed DbCommand (0ms) [Parameters=[@__agvId_0='?' (Size = 10)], CommandType='Text', CommandTimeout='30']
SELECT "a"."SlotModelVersionId", "a"."SnapshotId"
FROM "ActiveSlotConfigurations" AS "a"
WHERE "a"."AgvId" = @__agvId_0
LIMIT 2
[09:05:39 INF] Executed DbCommand (0ms) [Parameters=[@__agvId_0='?' (Size = 10)], CommandType='Text', CommandTimeout='30']
SELECT "s"."SlotModelVersionId", "s"."CreatedAt"
FROM "SlotIoBindings" AS "s"
WHERE "s"."AgvId" = @__agvId_0 AND "s"."Status" = 'PUBLISHED'
[09:05:39 INF] Executed DbCommand (0ms) [Parameters=[@__slotModelVersionId_0='?' (Size = 32)], CommandType='Text', CommandTimeout='30']
SELECT "s"."SlotModelVersionId", "s"."PhysicalSlotNumber", "s"."SlotPosition", "s"."SlotTemplateId"
FROM "SlotModelSlots" AS "s"
WHERE "s"."SlotModelVersionId" = @__slotModelVersionId_0
[09:05:39 INF] Executed DbCommand (0ms) [Parameters=[@__agvId_0='?' (Size = 10)], CommandType='Text', CommandTimeout='30']
SELECT "s"."AgvId", "s"."ActiveUnlockSlotsJson", "s"."CapabilityHash", "s"."CapabilityRevision", "s"."DepartureSafe", "s"."ForcedRecoveryGeneration", "s"."ManifestSha256", "s"."PendingAttemptIdsJson", "s"."PendingResultIdsJson", "s"."ProfileId", "s"."ProtocolCommit", "s"."ProtocolVersion", "s"."ProvenRecoveryCheckpoint", "s"."Readiness", "s"."ReasonCode", "s"."RecoveryReportId", "s"."ReportedForcedRecoveryGeneration", "s"."ReportedSlotConfigurationFingerprint", "s"."SafetyHash", "s"."SafetyReasonCodesJson", "s"."SafetyRevision", "s"."SafetyUnknownPresent", "s"."SessionGeneration", "s"."UnsettledSlotOperationAttemptId", "s"."UpdatedAt"
FROM "SessionRecoveries" AS "s"
WHERE "s"."AgvId" = @__agvId_0 AND "s"."Readiness" = 'Ready'
LIMIT 2
[09:05:39 INF] Executed DbCommand (0ms) [Parameters=[@__messageType_0='?' (Size = 18)], CommandType='Text', CommandTimeout='30']
SELECT "p"."MessageId", "p"."ContentHash", "p"."FirstResponseJson", "p"."MessageType", "p"."ReceivedAt", "p"."RequestJson"
FROM "ProtocolInbox" AS "p"
WHERE "p"."MessageType" = @__messageType_0
[09:05:39 INF] Executed DbCommand (0ms) [Parameters=[], CommandType='Text', CommandTimeout='30']
SELECT "p"."MessageId", "p"."ContentHash", "p"."FirstResponseJson", "p"."MessageType", "p"."ReceivedAt", "p"."RequestJson"
FROM "ProtocolInbox" AS "p"
WHERE "p"."MessageType" = 'SafetyStateSnapshot'
[09:05:39 INF] Executed DbCommand (0ms) [Parameters=[], CommandType='Text', CommandTimeout='30']
SELECT "p"."MessageId", "p"."ContentHash", "p"."FirstResponseJson", "p"."MessageType", "p"."ReceivedAt", "p"."RequestJson"
FROM "ProtocolInbox" AS "p"
WHERE "p"."MessageType" IN ('SafetyStateSnapshot', 'SafetyStateChanged')
[09:05:39 INF] Executed DbCommand (0ms) [Parameters=[], CommandType='Text', CommandTimeout='30']
SELECT "p"."MessageId", "p"."ContentHash", "p"."FirstResponseJson", "p"."MessageType", "p"."ReceivedAt", "p"."RequestJson"
FROM "ProtocolInbox" AS "p"
[09:05:39 INF] Start processing HTTP request GET http://127.0.0.1:48408/api/task/vehicles/getVehicleInfoByDeviceKey?key=BROKERX-L2-0001
[09:05:39 INF] Sending HTTP request GET http://127.0.0.1:48408/api/task/vehicles/getVehicleInfoByDeviceKey?key=BROKERX-L2-0001
[09:05:39 INF] Received HTTP response headers after 0.6212ms - 200
[09:05:39 INF] End processing HTTP request after 11.2445ms - 200
[09:05:39 INF] Executed DbCommand (0ms) [Parameters=[@p1='?' (Size = 36), @p0='?' (DbType = DateTimeOffset)], CommandType='Text', CommandTimeout='30']
UPDATE "JourneyBacklog" SET "LastSeenAt" = @p0
WHERE "DemandId" = @p1
RETURNING 1;
[09:05:39 INF] Executed DbCommand (0ms) [Parameters=[], CommandType='Text', CommandTimeout='30']
SELECT "s"."DemandId", "s"."ReasonCode", "s"."ClearedAt", "s"."DetailJson", "s"."FirstRaisedAt", "s"."LastSeenAt", "s"."TransportDemandKey"
FROM "StructuralDispatchBlocks" AS "s"
WHERE "s"."ClearedAt" IS NULL
[09:05:39 INF] Start processing HTTP request GET http://127.0.0.1:48408/api/imap/v1/mapInfo/stations/25
[09:05:39 INF] Sending HTTP request GET http://127.0.0.1:48408/api/imap/v1/mapInfo/stations/25
[09:05:39 INF] Received HTTP response headers after 0.8835ms - 200
[09:05:39 INF] End processing HTTP request after 15.6173ms - 200
[09:05:39 INF] Executed DbCommand (0ms) [Parameters=[@__mapId_0='?' (DbType = Int32)], CommandType='Text', CommandTimeout='30']
SELECT "t"."MapId", "t"."ActiveVersion", "t"."PendingVersion", "t"."State", "t"."UpdatedAt"
FROM "TaskTypeStationActiveBindingSets" AS "t"
WHERE "t"."MapId" = @__mapId_0
LIMIT 2
[09:05:39 INF] Executed DbCommand (0ms) [Parameters=[@__mapId_0='?' (DbType = Int32), @__version_1='?' (DbType = Int64)], CommandType='Text', CommandTimeout='30']
SELECT "t"."MapId", "t"."Version", "t"."CatalogRevision", "t"."ContentSha256", "t"."LoadedAt", "t"."RuleVersion", "t"."SnapshotId", "t"."Source"
FROM "TaskTypeStationBindingSetVersions" AS "t"
WHERE "t"."MapId" = @__mapId_0 AND "t"."Version" = @__version_1
LIMIT 2
[09:05:39 INF] Start processing HTTP request GET http://127.0.0.1:48408/api/task/v1/task/getVehicleInfo/BROKERX-L2-0001
[09:05:39 INF] Executed DbCommand (0ms) [Parameters=[@__mapId_0='?' (DbType = Int32), @__version_1='?' (DbType = Int64)], CommandType='Text', CommandTimeout='30']
SELECT "t"."TaskType"
FROM "TaskTypeStationRequirements" AS "t"
WHERE "t"."MapId" = @__mapId_0 AND "t"."Version" = @__version_1
[09:05:39 INF] Sending HTTP request GET http://127.0.0.1:48408/api/task/v1/task/getVehicleInfo/BROKERX-L2-0001
[09:05:39 INF] Executed DbCommand (0ms) [Parameters=[@__mapId_0='?' (DbType = Int32), @__version_1='?' (DbType = Int64)], CommandType='Text', CommandTimeout='30']
SELECT "t"."MapId", "t"."Version", "t"."TaskType", "t"."SiteVerificationRef", "t"."StationName", "t"."StationRiotId"
FROM "TaskTypeStationBindings" AS "t"
WHERE "t"."MapId" = @__mapId_0 AND "t"."Version" = @__version_1
[09:05:39 INF] Executed DbCommand (0ms) [Parameters=[@__messageId_0='?' (Size = 36)], CommandType='Text', CommandTimeout='30']
SELECT "p"."MessageId", "p"."ContentHash", "p"."FirstResponseJson", "p"."MessageType", "p"."ReceivedAt", "p"."RequestJson"
FROM "ProtocolInbox" AS "p"
WHERE "p"."MessageId" = @__messageId_0
LIMIT 2
[09:05:39 INF] Received HTTP response headers after 0.7498ms - 200
[09:05:39 INF] Executed DbCommand (0ms) [Parameters=[@__version_0='?' (DbType = Int64)], CommandType='Text', CommandTimeout='30']
SELECT "t"."Version", "t"."ContentSha256", "t"."LoadedAt", "t"."SnapshotId", "t"."Source"
FROM "TaskTypeStationRuleVersions" AS "t"
WHERE "t"."Version" = @__version_0
LIMIT 2
[09:05:39 INF] Executed DbCommand (0ms) [Parameters=[@p0='?' (Size = 36), @p1='?' (Size = 64), @p2='?' (Size = 536), @p3='?' (Size = 9), @p4='?' (DbType = DateTimeOffset), @p5='?' (Size = 427)], CommandType='Text', CommandTimeout='30']
INSERT INTO "ProtocolInbox" ("MessageId", "ContentHash", "FirstResponseJson", "MessageType", "ReceivedAt", "RequestJson")
VALUES (@p0, @p1, @p2, @p3, @p4, @p5);
[09:05:39 INF] End processing HTTP request after 269.1689ms - 200
[09:05:39 INF] Executed DbCommand (0ms) [Parameters=[@__version_0='?' (DbType = Int64)], CommandType='Text', CommandTimeout='30']
SELECT "t"."Version", "t"."TaskType", "t"."FixedEnd"
FROM "TaskTypeStationRules" AS "t"
WHERE "t"."Version" = @__version_0
[09:05:39 INF] Start processing HTTP request GET http://127.0.0.1:48408/api/order/v1/orderRecord?pageNum=1&pageSize=100&filterByState=1&filterByState=3&filterByState=7&filterByState=9
[09:05:39 INF] Sending HTTP request GET http://127.0.0.1:48408/api/order/v1/orderRecord?pageNum=1&pageSize=100&filterByState=1&filterByState=3&filterByState=7&filterByState=9
[09:05:39 INF] Executed DbCommand (0ms) [Parameters=[@__mapId_0='?' (DbType = Int32)], CommandType='Text', CommandTimeout='30']
SELECT "t"."MapId", "t"."ActiveVersion", "t"."PendingVersion", "t"."State", "t"."UpdatedAt"
FROM "TaskTypeStationActiveBindingSets" AS "t"
WHERE "t"."MapId" = @__mapId_0
LIMIT 2
[09:05:39 INF] Received HTTP response headers after 0.8026ms - 200
[09:05:39 INF] Executed DbCommand (0ms) [Parameters=[@__mapId_0='?' (DbType = Int32)], CommandType='Text', CommandTimeout='30']
SELECT "t"."HoldId", "t"."DetailJson", "t"."MapId", "t"."RaisedAt", "t"."RaisedBy", "t"."ReasonCode", "t"."ReleasedAt", "t"."ReleasedBy", "t"."Source", "t"."TaskType"
FROM "TaskTypeStationHolds" AS "t"
WHERE "t"."MapId" = @__mapId_0 AND "t"."ReleasedAt" IS NULL
[09:05:39 INF] End processing HTTP request after 28.9884ms - 200
[09:05:39 INF] Executed DbCommand (0ms) [Parameters=[@__mapId_0='?' (DbType = Int32)], CommandType='Text', CommandTimeout='30']
SELECT "m"."MapId", "m"."ApprovedMaxUnconfirmedSeconds", "m"."ApprovedSyncPeriodSeconds", "m"."CatalogRevision", "m"."LastAttemptAt", "m"."LastCompleteConfirmationAt", "m"."LastFailureReason", "m"."State", "m"."UpdatedAt"
FROM "MapStationCatalogStates" AS "m"
WHERE "m"."MapId" = @__mapId_0
LIMIT 2
[09:05:39 INF] HTTP GET /api/onboard/v1/vehicle-safety responded 200 in 381.1291 ms
[09:05:39 INF] Executed DbCommand (0ms) [Parameters=[@p3='?' (DbType = Int32), @p0='?' (DbType = DateTimeOffset), @p1='?' (DbType = DateTimeOffset), @p2='?' (DbType = DateTimeOffset)], CommandType='Text', CommandTimeout='30']
UPDATE "MapStationCatalogStates" SET "LastAttemptAt" = @p0, "LastCompleteConfirmationAt" = @p1, "UpdatedAt" = @p2
WHERE "MapId" = @p3
RETURNING 1;
[09:05:39 INF] Executed DbCommand (0ms) [Parameters=[@__mapId_0='?' (DbType = Int32)], CommandType='Text', CommandTimeout='30']
SELECT "t"."MapId", "t"."ActiveVersion", "t"."PendingVersion", "t"."State", "t"."UpdatedAt"
FROM "TaskTypeStationActiveBindingSets" AS "t"
WHERE "t"."MapId" = @__mapId_0
LIMIT 2
[09:05:39 INF] Executed DbCommand (0ms) [Parameters=[@__mapId_0='?' (DbType = Int32), @__version_1='?' (DbType = Int64)], CommandType='Text', CommandTimeout='30']
SELECT "t"."MapId", "t"."Version", "t"."CatalogRevision", "t"."ContentSha256", "t"."LoadedAt", "t"."RuleVersion", "t"."SnapshotId", "t"."Source"
FROM "TaskTypeStationBindingSetVersions" AS "t"
WHERE "t"."MapId" = @__mapId_0 AND "t"."Version" = @__version_1
LIMIT 2
[09:05:39 INF] Executed DbCommand (0ms) [Parameters=[@__mapId_0='?' (DbType = Int32), @__version_1='?' (DbType = Int64)], CommandType='Text', CommandTimeout='30']
SELECT "t"."TaskType"
FROM "TaskTypeStationRequirements" AS "t"
WHERE "t"."MapId" = @__mapId_0 AND "t"."Version" = @__version_1
[09:05:39 INF] Executed DbCommand (0ms) [Parameters=[@__mapId_0='?' (DbType = Int32), @__version_1='?' (DbType = Int64)], CommandType='Text', CommandTimeout='30']
SELECT "t"."MapId", "t"."Version", "t"."TaskType", "t"."SiteVerificationRef", "t"."StationName", "t"."StationRiotId"
FROM "TaskTypeStationBindings" AS "t"
WHERE "t"."MapId" = @__mapId_0 AND "t"."Version" = @__version_1
[09:05:39 INF] Executed DbCommand (0ms) [Parameters=[@__mapId_0='?' (DbType = Int32)], CommandType='Text', CommandTimeout='30']
SELECT "t"."MapId", "t"."ActiveVersion", "t"."PendingVersion", "t"."State", "t"."UpdatedAt"
FROM "TaskTypeStationActiveBindingSets" AS "t"
WHERE "t"."MapId" = @__mapId_0
LIMIT 2
[09:05:39 INF] Executed DbCommand (0ms) [Parameters=[@__mapId_0='?' (DbType = Int32), @__version_1='?' (DbType = Int64)], CommandType='Text', CommandTimeout='30']
SELECT "t"."MapId", "t"."Version", "t"."CatalogRevision", "t"."ContentSha256", "t"."LoadedAt", "t"."RuleVersion", "t"."SnapshotId", "t"."Source"
FROM "TaskTypeStationBindingSetVersions" AS "t"
WHERE "t"."MapId" = @__mapId_0 AND "t"."Version" = @__version_1
LIMIT 2
[09:05:39 INF] Executed DbCommand (0ms) [Parameters=[@__mapId_0='?' (DbType = Int32), @__version_1='?' (DbType = Int64)], CommandType='Text', CommandTimeout='30']
SELECT "t"."TaskType"
FROM "TaskTypeStationRequirements" AS "t"
WHERE "t"."MapId" = @__mapId_0 AND "t"."Version" = @__version_1
[09:05:39 INF] Executed DbCommand (0ms) [Parameters=[@__mapId_0='?' (DbType = Int32), @__version_1='?' (DbType = Int64)], CommandType='Text', CommandTimeout='30']
SELECT "t"."MapId", "t"."Version", "t"."TaskType", "t"."SiteVerificationRef", "t"."StationName", "t"."StationRiotId"
FROM "TaskTypeStationBindings" AS "t"
WHERE "t"."MapId" = @__mapId_0 AND "t"."Version" = @__version_1
[09:05:40 INF] Executed DbCommand (0ms) [Parameters=[@__version_0='?' (DbType = Int64)], CommandType='Text', CommandTimeout='30']
SELECT "t"."Version", "t"."ContentSha256", "t"."LoadedAt", "t"."SnapshotId", "t"."Source"
FROM "TaskTypeStationRuleVersions" AS "t"
WHERE "t"."Version" = @__version_0
LIMIT 2
[09:05:40 INF] Executed DbCommand (0ms) [Parameters=[@__version_0='?' (DbType = Int64)], CommandType='Text', CommandTimeout='30']
SELECT "t"."Version", "t"."TaskType", "t"."FixedEnd"
FROM "TaskTypeStationRules" AS "t"
WHERE "t"."Version" = @__version_0
[09:05:40 INF] Executed DbCommand (0ms) [Parameters=[], CommandType='Text', CommandTimeout='30']
SELECT "a"."Id", "a"."ContentHash", "a"."DeploymentId", "a"."ImportedAt", "a"."Version"
FROM "AdmissionPolicyState" AS "a"
WHERE "a"."Id" = 1
LIMIT 2
[09:05:40 INF] Executed DbCommand (0ms) [Parameters=[], CommandType='Text', CommandTimeout='30']
SELECT "j"."JourneyId", "j"."AgvId", "j"."AgvLifecycleGeneration", "j"."AreaEndAdmissionRevokedSince", "j"."BlockReasonCode", "j"."BlockReasonSince", "j"."CargoHoldingStartedAt", "j"."ConsumedSafetyResultMessageId", "j"."ConsumedSublotMessageId", "j"."CreatedAt", "j"."DemandId", "j"."DispatchGeneration", "j"."DispatchZone", "j"."ExpectedBasketCount", "j"."FullSlotPositionsJson", "j"."GateMovementLegId", "j"."GatePlanMessageId", "j"."GateStationId", "j"."GateStationRiotId", "j"."GateUpperId", "j"."GateVehicleBusinessMessageId", "j"."GateWorklistMessageId", "j"."LoadCommandMessageId", "j"."LoadSlotOperationAttemptId", "j"."LoadingClosedReason", "j"."LoadingPhaseState", "j"."MapId", "j"."MapIdentity", "j"."OperationSessionId", "j"."PickupMovementLegId", "j"."PickupStationId", "j"."PickupStationRiotId", "j"."PickupUpperId", "j"."PlanMessageId", "j"."PlanRevision", "j"."PreDepartureSafetyCheckId", "j"."PreDepartureSafetyCheckMessageId", "j"."RouteEvidenceId", "j"."Stage", "j"."StationDepartureWaitStartedAt", "j"."SublotRequestMessageId", "j"."TargetSlotsJson", "j"."UnloadCommandMessageId", "j"."UnloadSlotOperationAttemptId", "j"."UpdatedAt", "j"."VehicleBusinessMessageId", "j"."VehicleBusinessRevision", "j"."VehicleKey", "j"."WorklistMessageId", "j"."WorklistRevision", "j"."YieldTriggeredAt", "j"."YieldTriggeredByVehicleKey"
FROM "JourneyRuntimes" AS "j"
WHERE "j"."Stage" <> 'Completed'
[09:05:40 INF] Executed DbCommand (0ms) [Parameters=[], CommandType='Text', CommandTimeout='30']
SELECT "a"."DemandId"
FROM "AcceptedDemands" AS "a"
WHERE "a"."Status" NOT IN ('Succeeded', 'Cancelled')
[09:05:40 INF] Executed DbCommand (0ms) [Parameters=[], CommandType='Text', CommandTimeout='30']
SELECT "j"."DemandId"
FROM "JourneyDemands" AS "j"
WHERE "j"."RemovedAt" IS NULL
[09:05:40 INF] Start processing HTTP request GET http://127.0.0.1:48409/api/v2/contract
[09:05:40 INF] Sending HTTP request GET http://127.0.0.1:48409/api/v2/contract
[09:05:40 INF] Received HTTP response headers after 0.9198ms - 200
[09:05:40 INF] End processing HTTP request after 8.0819ms - 200
[09:05:40 INF] Start processing HTTP request GET http://127.0.0.1:48409/api/v2/externally-readable-demand-catalog
[09:05:40 INF] Sending HTTP request GET http://127.0.0.1:48409/api/v2/externally-readable-demand-catalog
[09:05:40 INF] Received HTTP response headers after 1.0846ms - 200
[09:05:40 INF] End processing HTTP request after 3.775ms - 200
[09:05:40 INF] Executed DbCommand (0ms) [Parameters=[], CommandType='Text', CommandTimeout='30']
SELECT "j"."DemandId", "j"."AcceptedAt", "j"."DecisionFingerprint", "j"."DemandCreatedAt", "j"."FirstSeenAt", "j"."LastSeenAt", "j"."ReasonCode", "j"."StarvationEscalatedAt", "j"."StarvationEscalationParameterVersion", "j"."TransportDemandKey"
FROM "JourneyBacklog" AS "j"
[09:05:40 INF] Executed DbCommand (0ms) [Parameters=[], CommandType='Text', CommandTimeout='30']
SELECT "a"."DemandId"
FROM "AcceptedDemands" AS "a"
[09:05:40 INF] Executed DbCommand (0ms) [Parameters=[], CommandType='Text', CommandTimeout='30']
SELECT "v"."AgvId", "v"."TaskType", "v"."Allowed", "v"."ConfigurationVersion", "v"."UpdatedAt"
FROM "VehicleTaskTypeAdmissions" AS "v"
[09:05:40 INF] Executed DbCommand (0ms) [Parameters=[], CommandType='Text', CommandTimeout='30']
SELECT "v"."AgvId", "v"."ConfigurationVersion", "v"."RoundTimeoutMilliseconds", "v"."UpdatedAt"
FROM "VehicleDispatchBudgets" AS "v"
[09:05:40 INF] Executed DbCommand (0ms) [Parameters=[], CommandType='Text', CommandTimeout='30']
SELECT "d"."Zone", "d"."AgvId", "d"."ConfigurationVersion", "d"."UpdatedAt"
FROM "DispatchZoneVehicles" AS "d"
[09:05:40 INF] Executed DbCommand (0ms) [Parameters=[], CommandType='Text', CommandTimeout='30']
SELECT MAX("d"."Version")
FROM "DispatchZoneAreaAssignmentVersions" AS "d"
[09:05:40 INF] Executed DbCommand (0ms) [Parameters=[@__version_0='?' (DbType = Int64)], CommandType='Text', CommandTimeout='30']
SELECT "d"."Version", "d"."ContentSha256", "d"."EntryCount", "d"."ImportedAt", "d"."SnapshotId"
FROM "DispatchZoneAreaAssignmentVersions" AS "d"
WHERE "d"."Version" = @__version_0
LIMIT 2
[09:05:40 INF] Executed DbCommand (0ms) [Parameters=[@__version_0='?' (DbType = Int64)], CommandType='Text', CommandTimeout='30']
SELECT "d"."Version", "d"."Area", "d"."DispatchZone", "d"."SlotPosition"
FROM "DispatchZoneAreaAssignments" AS "d"
WHERE "d"."Version" = @__version_0
[09:05:40 INF] Executed DbCommand (0ms) [Parameters=[@__agvId_0='?' (Size = 10)], CommandType='Text', CommandTimeout='30']
SELECT "a"."SlotModelVersionId", "a"."SnapshotId"
FROM "ActiveSlotConfigurations" AS "a"
WHERE "a"."AgvId" = @__agvId_0
LIMIT 2
[09:05:40 INF] Executed DbCommand (0ms) [Parameters=[@__agvId_0='?' (Size = 10)], CommandType='Text', CommandTimeout='30']
SELECT "s"."SlotModelVersionId", "s"."CreatedAt"
FROM "SlotIoBindings" AS "s"
WHERE "s"."AgvId" = @__agvId_0 AND "s"."Status" = 'PUBLISHED'
[09:05:40 INF] Executed DbCommand (0ms) [Parameters=[@__slotModelVersionId_0='?' (Size = 32)], CommandType='Text', CommandTimeout='30']
SELECT "s"."SlotModelVersionId", "s"."PhysicalSlotNumber", "s"."SlotPosition", "s"."SlotTemplateId"
FROM "SlotModelSlots" AS "s"
WHERE "s"."SlotModelVersionId" = @__slotModelVersionId_0
[09:05:40 INF] Executed DbCommand (0ms) [Parameters=[@__agvId_0='?' (Size = 10)], CommandType='Text', CommandTimeout='30']
SELECT "s"."AgvId", "s"."ActiveUnlockSlotsJson", "s"."CapabilityHash", "s"."CapabilityRevision", "s"."DepartureSafe", "s"."ForcedRecoveryGeneration", "s"."ManifestSha256", "s"."PendingAttemptIdsJson", "s"."PendingResultIdsJson", "s"."ProfileId", "s"."ProtocolCommit", "s"."ProtocolVersion", "s"."ProvenRecoveryCheckpoint", "s"."Readiness", "s"."ReasonCode", "s"."RecoveryReportId", "s"."ReportedForcedRecoveryGeneration", "s"."ReportedSlotConfigurationFingerprint", "s"."SafetyHash", "s"."SafetyReasonCodesJson", "s"."SafetyRevision", "s"."SafetyUnknownPresent", "s"."SessionGeneration", "s"."UnsettledSlotOperationAttemptId", "s"."UpdatedAt"
FROM "SessionRecoveries" AS "s"
WHERE "s"."AgvId" = @__agvId_0 AND "s"."Readiness" = 'Ready'
LIMIT 2
[09:05:40 INF] Executed DbCommand (0ms) [Parameters=[@__messageType_0='?' (Size = 18)], CommandType='Text', CommandTimeout='30']
SELECT "p"."MessageId", "p"."ContentHash", "p"."FirstResponseJson", "p"."MessageType", "p"."ReceivedAt", "p"."RequestJson"
FROM "ProtocolInbox" AS "p"
WHERE "p"."MessageType" = @__messageType_0
[09:05:40 INF] Executed DbCommand (0ms) [Parameters=[], CommandType='Text', CommandTimeout='30']
SELECT "p"."MessageId", "p"."ContentHash", "p"."FirstResponseJson", "p"."MessageType", "p"."ReceivedAt", "p"."RequestJson"
FROM "ProtocolInbox" AS "p"
WHERE "p"."MessageType" = 'SafetyStateSnapshot'
[09:05:40 INF] Executed DbCommand (0ms) [Parameters=[], CommandType='Text', CommandTimeout='30']
SELECT "p"."MessageId", "p"."ContentHash", "p"."FirstResponseJson", "p"."MessageType", "p"."ReceivedAt", "p"."RequestJson"
FROM "ProtocolInbox" AS "p"
WHERE "p"."MessageType" IN ('SafetyStateSnapshot', 'SafetyStateChanged')
[09:05:40 INF] Executed DbCommand (0ms) [Parameters=[], CommandType='Text', CommandTimeout='30']
SELECT "p"."MessageId", "p"."ContentHash", "p"."FirstResponseJson", "p"."MessageType", "p"."ReceivedAt", "p"."RequestJson"
FROM "ProtocolInbox" AS "p"
[09:05:40 INF] Start processing HTTP request GET http://127.0.0.1:48408/api/task/vehicles/getVehicleInfoByDeviceKey?key=BROKERX-L2-0001
[09:05:40 INF] Sending HTTP request GET http://127.0.0.1:48408/api/task/vehicles/getVehicleInfoByDeviceKey?key=BROKERX-L2-0001
[09:05:40 INF] Received HTTP response headers after 0.7065ms - 200
[09:05:40 INF] End processing HTTP request after 2.7509ms - 200
[09:05:40 INF] Executed DbCommand (0ms) [Parameters=[@__agvId_0='?' (Size = 10)], CommandType='Text', CommandTimeout='30']
SELECT "v"."AgvId", "v"."ClearedAt", "v"."ClearedReason", "v"."EnteredAt", "v"."EscalatedAt", "v"."EvidenceCode", "v"."EvidenceOnAutoConfirmWhitelist", "v"."FaultGeneration", "v"."LastEvaluatedAt", "v"."Level", "v"."StopProven", "v"."StopProvenAt"
FROM "VehicleFaultStates" AS "v"
WHERE "v"."AgvId" = @__agvId_0
LIMIT 2
[09:05:40 INF] Executed DbCommand (0ms) [Parameters=[@__mapId_0='?' (DbType = Int32)], CommandType='Text', CommandTimeout='30']
SELECT "m"."MapId", "m"."ApprovedMaxUnconfirmedSeconds", "m"."ApprovedSyncPeriodSeconds", "m"."CatalogRevision", "m"."LastAttemptAt", "m"."LastCompleteConfirmationAt", "m"."LastFailureReason", "m"."State", "m"."UpdatedAt"
FROM "MapStationCatalogStates" AS "m"
WHERE "m"."MapId" = @__mapId_0
LIMIT 2
[09:05:40 INF] Executed DbCommand (0ms) [Parameters=[], CommandType='Text', CommandTimeout='30']
SELECT "p"."RuleId", "p"."EffectiveAt", "p"."MatchType", "p"."MaxBoxesPerBasket", "p"."Pattern", "p"."Source", "p"."SupersededAt", "p"."Version"
FROM "PackageCapacityRules" AS "p"
WHERE "p"."SupersededAt" IS NULL
[09:05:40 INF] Executed DbCommand (0ms) [Parameters=[@__package_0='?' (Size = 10)], CommandType='Text', CommandTimeout='30']
SELECT "m"."Package", "m"."FirstSeenAt", "m"."LastSeenAt", "m"."Status"
FROM "MissingPackages" AS "m"
WHERE "m"."Package" = @__package_0
LIMIT 2
[09:05:40 INF] Executed DbCommand (0ms) [Parameters=[@p1='?' (Size = 36), @p0='?' (DbType = DateTimeOffset)], CommandType='Text', CommandTimeout='30']
UPDATE "JourneyBacklog" SET "LastSeenAt" = @p0
WHERE "DemandId" = @p1
RETURNING 1;
[09:05:40 INF] Executed DbCommand (0ms) [Parameters=[@__stationId_0='?' (Size = 9), @__taskType_1='?' (Size = 12)], CommandType='Text', CommandTimeout='30']
SELECT EXISTS (
    SELECT 1
    FROM "StationTaskTypeAdmissions" AS "s"
    WHERE "s"."StationId" = @__stationId_0 AND "s"."TaskType" = @__taskType_1)
[09:05:40 INF] Start processing HTTP request POST http://127.0.0.1:48408/api/task/v1/route/getRouteCostsBy
[09:05:40 INF] Sending HTTP request POST http://127.0.0.1:48408/api/task/v1/route/getRouteCostsBy
[09:05:40 INF] Received HTTP response headers after 0.9491ms - 200
[09:05:40 INF] End processing HTTP request after 2.592ms - 200
[09:05:40 INF] Executed DbCommand (0ms) [Parameters=[@__demandId_0='?' (Size = 36)], CommandType='Text', CommandTimeout='30']
SELECT "c"."GateAuditId", "c"."AgvId", "c"."ConflictDetail", "c"."DemandId", "c"."EvaluatedAt", "c"."GraphReachable", "c"."GraphTraversalCostMm", "c"."MapId", "c"."RiotRouteCostMm", "c"."TargetStationId", "c"."TransportDemandKey", "c"."Verdict"
FROM "CreateGateAudit" AS "c"
WHERE "c"."DemandId" = @__demandId_0
[09:05:40 INF] Executed DbCommand (2ms) [Parameters=[@p0='?' (Size = 36), @p1='?' (Size = 10), @p2='?', @p3='?' (Size = 36), @p4='?' (DbType = DateTimeOffset), @p5='?' (DbType = Boolean), @p6='?' (DbType = Int64), @p7='?' (DbType = Int32), @p8='?' (DbType = Int64), @p9='?' (DbType = Int32), @p10='?' (Size = 43), @p11='?' (Size = 7)], CommandType='Text', CommandTimeout='30']
INSERT INTO "CreateGateAudit" ("GateAuditId", "AgvId", "ConflictDetail", "DemandId", "EvaluatedAt", "GraphReachable", "GraphTraversalCostMm", "MapId", "RiotRouteCostMm", "TargetStationId", "TransportDemandKey", "Verdict")
VALUES (@p0, @p1, @p2, @p3, @p4, @p5, @p6, @p7, @p8, @p9, @p10, @p11);
[09:05:40 INF] Start processing HTTP request GET http://127.0.0.1:48409/api/v2/sublot-box-count?sublot=L2-CR-20260920T010422824Z-NEXT
[09:05:40 INF] Sending HTTP request GET http://127.0.0.1:48409/api/v2/sublot-box-count?sublot=L2-CR-20260920T010422824Z-NEXT
[09:05:40 INF] Received HTTP response headers after 1.1262ms - 200
[09:05:40 INF] End processing HTTP request after 3.5774ms - 200
[09:05:40 INF] Executed DbCommand (17ms) [Parameters=[@p0='?' (Size = 36), @p1='?' (DbType = DateTimeOffset), @p2='?' (Size = 64), @p3='?' (DbType = DateTimeOffset), @p4='?' (DbType = DateTimeOffset), @p5='?' (DbType = DateTimeOffset), @p6='?' (Size = 8), @p7='?' (DbType = DateTimeOffset), @p8='?' (DbType = Int64), @p9='?' (Size = 43)], CommandType='Text', CommandTimeout='30']
INSERT INTO "JourneyBacklog" ("DemandId", "AcceptedAt", "DecisionFingerprint", "DemandCreatedAt", "FirstSeenAt", "LastSeenAt", "ReasonCode", "StarvationEscalatedAt", "StarvationEscalationParameterVersion", "TransportDemandKey")
VALUES (@p0, @p1, @p2, @p3, @p4, @p5, @p6, @p7, @p8, @p9);
[09:05:40 INF] Executed DbCommand (0ms) [Parameters=[@__vehicleKey_0='?' (Size = 15)], CommandType='Text', CommandTimeout='30']
SELECT EXISTS (
    SELECT 1
    FROM "VehicleDispatchLeases" AS "v"
    WHERE "v"."VehicleKey" = @__vehicleKey_0 AND "v"."ReleasedAt" IS NULL)
[09:05:40 INF] Executed DbCommand (0ms) [Parameters=[@__agvId_0='?' (Size = 10)], CommandType='Text', CommandTimeout='30']
SELECT "s"."AgvId", "s"."ActiveUnlockSlotsJson", "s"."CapabilityHash", "s"."CapabilityRevision", "s"."DepartureSafe", "s"."ForcedRecoveryGeneration", "s"."ManifestSha256", "s"."PendingAttemptIdsJson", "s"."PendingResultIdsJson", "s"."ProfileId", "s"."ProtocolCommit", "s"."ProtocolVersion", "s"."ProvenRecoveryCheckpoint", "s"."Readiness", "s"."ReasonCode", "s"."RecoveryReportId", "s"."ReportedForcedRecoveryGeneration", "s"."ReportedSlotConfigurationFingerprint", "s"."SafetyHash", "s"."SafetyReasonCodesJson", "s"."SafetyRevision", "s"."SafetyUnknownPresent", "s"."SessionGeneration", "s"."UnsettledSlotOperationAttemptId", "s"."UpdatedAt"
FROM "SessionRecoveries" AS "s"
WHERE "s"."AgvId" = @__agvId_0 AND "s"."Readiness" = 'Ready'
LIMIT 2
[09:05:40 INF] Executed DbCommand (0ms) [Parameters=[@__messageType_0='?' (Size = 18)], CommandType='Text', CommandTimeout='30']
SELECT "p"."MessageId", "p"."ContentHash", "p"."FirstResponseJson", "p"."MessageType", "p"."ReceivedAt", "p"."RequestJson"
FROM "ProtocolInbox" AS "p"
WHERE "p"."MessageType" = @__messageType_0
[09:05:40 INF] Executed DbCommand (0ms) [Parameters=[], CommandType='Text', CommandTimeout='30']
SELECT "p"."MessageId", "p"."ContentHash", "p"."FirstResponseJson", "p"."MessageType", "p"."ReceivedAt", "p"."RequestJson"
FROM "ProtocolInbox" AS "p"
WHERE "p"."MessageType" = 'SafetyStateSnapshot'
[09:05:40 INF] Executed DbCommand (0ms) [Parameters=[], CommandType='Text', CommandTimeout='30']
SELECT "p"."MessageId", "p"."ContentHash", "p"."FirstResponseJson", "p"."MessageType", "p"."ReceivedAt", "p"."RequestJson"
FROM "ProtocolInbox" AS "p"
WHERE "p"."MessageType" IN ('SafetyStateSnapshot', 'SafetyStateChanged')
[09:05:40 INF] Executed DbCommand (0ms) [Parameters=[], CommandType='Text', CommandTimeout='30']
SELECT "p"."MessageId", "p"."ContentHash", "p"."FirstResponseJson", "p"."MessageType", "p"."ReceivedAt", "p"."RequestJson"
FROM "ProtocolInbox" AS "p"
[09:05:40 INF] Start processing HTTP request GET http://127.0.0.1:48408/api/task/vehicles/getVehicleInfoByDeviceKey?key=BROKERX-L2-0001
[09:05:40 INF] Sending HTTP request GET http://127.0.0.1:48408/api/task/vehicles/getVehicleInfoByDeviceKey?key=BROKERX-L2-0001
[09:05:40 INF] Received HTTP response headers after 0.6589ms - 200
[09:05:40 INF] End processing HTTP request after 21.4308ms - 200
[09:05:40 INF] Start processing HTTP request GET http://127.0.0.1:48409/api/v2/contract
[09:05:40 INF] Sending HTTP request GET http://127.0.0.1:48409/api/v2/contract
[09:05:40 INF] Received HTTP response headers after 0.7209ms - 200
[09:05:40 INF] End processing HTTP request after 30.0054ms - 200
[09:05:40 INF] Start processing HTTP request GET http://127.0.0.1:48409/api/v2/externally-readable-demand-catalog
[09:05:40 INF] Sending HTTP request GET http://127.0.0.1:48409/api/v2/externally-readable-demand-catalog
[09:05:40 INF] Received HTTP response headers after 1.0595ms - 200
[09:05:40 INF] End processing HTTP request after 33.73ms - 200
[09:05:40 INF] Executed DbCommand (0ms) [Parameters=[@__agvId_0='?' (Size = 10)], CommandType='Text', CommandTimeout='30']
SELECT "s"."AgvId", "s"."ActiveUnlockSlotsJson", "s"."CapabilityHash", "s"."CapabilityRevision", "s"."DepartureSafe", "s"."ForcedRecoveryGeneration", "s"."ManifestSha256", "s"."PendingAttemptIdsJson", "s"."PendingResultIdsJson", "s"."ProfileId", "s"."ProtocolCommit", "s"."ProtocolVersion", "s"."ProvenRecoveryCheckpoint", "s"."Readiness", "s"."ReasonCode", "s"."RecoveryReportId", "s"."ReportedForcedRecoveryGeneration", "s"."ReportedSlotConfigurationFingerprint", "s"."SafetyHash", "s"."SafetyReasonCodesJson", "s"."SafetyRevision", "s"."SafetyUnknownPresent", "s"."SessionGeneration", "s"."UnsettledSlotOperationAttemptId", "s"."UpdatedAt"
FROM "SessionRecoveries" AS "s"
WHERE "s"."AgvId" = @__agvId_0 AND "s"."Readiness" = 'Ready'
LIMIT 2
[09:05:40 INF] Executed DbCommand (0ms) [Parameters=[@__messageType_0='?' (Size = 18)], CommandType='Text', CommandTimeout='30']
SELECT "p"."MessageId", "p"."ContentHash", "p"."FirstResponseJson", "p"."MessageType", "p"."ReceivedAt", "p"."RequestJson"
FROM "ProtocolInbox" AS "p"
WHERE "p"."MessageType" = @__messageType_0
[09:05:40 INF] Executed DbCommand (0ms) [Parameters=[], CommandType='Text', CommandTimeout='30']
SELECT "p"."MessageId", "p"."ContentHash", "p"."FirstResponseJson", "p"."MessageType", "p"."ReceivedAt", "p"."RequestJson"
FROM "ProtocolInbox" AS "p"
WHERE "p"."MessageType" = 'SafetyStateSnapshot'
[09:05:40 INF] Executed DbCommand (0ms) [Parameters=[], CommandType='Text', CommandTimeout='30']
SELECT "p"."MessageId", "p"."ContentHash", "p"."FirstResponseJson", "p"."MessageType", "p"."ReceivedAt", "p"."RequestJson"
FROM "ProtocolInbox" AS "p"
WHERE "p"."MessageType" IN ('SafetyStateSnapshot', 'SafetyStateChanged')
[09:05:40 INF] Executed DbCommand (0ms) [Parameters=[], CommandType='Text', CommandTimeout='30']
SELECT "p"."MessageId", "p"."ContentHash", "p"."FirstResponseJson", "p"."MessageType", "p"."ReceivedAt", "p"."RequestJson"
FROM "ProtocolInbox" AS "p"
[09:05:40 INF] Start processing HTTP request GET http://127.0.0.1:48408/api/task/vehicles/getVehicleInfoByDeviceKey?key=BROKERX-L2-0001
[09:05:40 INF] Sending HTTP request GET http://127.0.0.1:48408/api/task/vehicles/getVehicleInfoByDeviceKey?key=BROKERX-L2-0001
[09:05:40 INF] Received HTTP response headers after 0.6078ms - 200
[09:05:40 INF] End processing HTTP request after 2.1126ms - 200
[09:05:40 INF] Executed DbCommand (0ms) [Parameters=[@__snapshot_DemandId_0='?' (Size = 36), @__snapshot_TransportDemandKey_1='?' (Size = 43)], CommandType='Text', CommandTimeout='30']
SELECT "a"."DemandId", "a"."AcceptedAt", "a"."CatalogRevision", "a"."CreatedAt", "a"."DemandRevision", "a"."Generation", "a"."HistoryEpoch", "a"."LiveMesFieldsJson", "a"."SeriesId", "a"."Status", "a"."Sublot", "a"."TransportDemandKey", "a"."ValueObservedAt", "a"."ValuePollTraceId", "a"."ValueProjectionCommitId", "a"."WorkType"
FROM "AcceptedDemands" AS "a"
WHERE "a"."DemandId" = @__snapshot_DemandId_0 OR "a"."TransportDemandKey" = @__snapshot_TransportDemandKey_1
LIMIT 2
[09:05:40 INF] Executed DbCommand (0ms) [Parameters=[@__orderIntent_VehicleKey_0='?' (Size = 15)], CommandType='Text', CommandTimeout='30']
SELECT "v"."JourneyId", "v"."AcquiredAt", "v"."DemandId", "v"."ReleasedAt", "v"."VehicleKey"
FROM "VehicleDispatchLeases" AS "v"
WHERE "v"."VehicleKey" = @__orderIntent_VehicleKey_0 AND "v"."ReleasedAt" IS NULL
LIMIT 2
[09:05:40 INF] Executed DbCommand (0ms) [Parameters=[], CommandType='Text', CommandTimeout='30']
SELECT MAX("d"."Version")
FROM "DispatchZoneAreaAssignmentVersions" AS "d"
[09:05:40 INF] Executed DbCommand (0ms) [Parameters=[@__demandId_0='?' (Size = 36)], CommandType='Text', CommandTimeout='30']
SELECT "c"."ConsumerKind", "c"."ConsumerId", "c"."ObjectKind", "c"."ObjectId", "c"."FrozenAt", "c"."FrozenVersion", "c"."SnapshotId"
FROM "ConfigurationConsumerBindings" AS "c"
WHERE "c"."ConsumerKind" = 'TransportDemand' AND "c"."ObjectKind" = 'DispatchZoneAreaAssignment' AND "c"."ObjectId" = 'dispatch-zone-area-assignment' AND "c"."ConsumerId" = @__demandId_0
LIMIT 2
[09:05:40 INF] Executed DbCommand (0ms) [Parameters=[@__version_0='?' (DbType = Int64)], CommandType='Text', CommandTimeout='30']
SELECT "d"."Version", "d"."ContentSha256", "d"."EntryCount", "d"."ImportedAt", "d"."SnapshotId"
FROM "DispatchZoneAreaAssignmentVersions" AS "d"
WHERE "d"."Version" = @__version_0
LIMIT 2
[09:05:40 INF] Executed DbCommand (0ms) [Parameters=[@p0='?' (Size = 36), @p1='?' (Size = 15), @p2='?' (Size = 29), @p3='?' (Size = 26), @p4='?' (DbType = DateTimeOffset), @p5='?' (DbType = Int64), @p6='?' (Size = 32)], CommandType='Text', CommandTimeout='30']
INSERT INTO "ConfigurationConsumerBindings" ("ConsumerId", "ConsumerKind", "ObjectId", "ObjectKind", "FrozenAt", "FrozenVersion", "SnapshotId")
VALUES (@p0, @p1, @p2, @p3, @p4, @p5, @p6);
[09:05:40 INF] Executed DbCommand (0ms) [Parameters=[@__snapshot_DemandId_0='?' (Size = 36)], CommandType='Text', CommandTimeout='30']
DELETE FROM "FrozenDemandStations" AS "f"
WHERE "f"."DemandId" = @__snapshot_DemandId_0
[09:05:40 INF] Executed DbCommand (0ms) [Parameters=[@__demandId_0='?' (Size = 36)], CommandType='Text', CommandTimeout='30']
SELECT "f"."DemandId", "f"."Role", "f"."CatalogRevision", "f"."FrozenAt", "f"."MapId", "f"."StationId", "f"."StationName", "f"."TransportDemandKey"
FROM "FrozenDemandStations" AS "f"
WHERE "f"."DemandId" = @__demandId_0
[09:05:40 INF] Executed DbCommand (0ms) [Parameters=[@p0='?' (Size = 36), @p1='?' (Size = 6), @p2='?' (DbType = Int64), @p3='?' (DbType = DateTimeOffset), @p4='?' (DbType = Int32), @p5='?' (DbType = Int32), @p6='?' (Size = 9), @p7='?' (Size = 43)], CommandType='Text', CommandTimeout='30']
INSERT INTO "FrozenDemandStations" ("DemandId", "Role", "CatalogRevision", "FrozenAt", "MapId", "StationId", "StationName", "TransportDemandKey")
VALUES (@p0, @p1, @p2, @p3, @p4, @p5, @p6, @p7);
[09:05:40 INF] Executed DbCommand (0ms) [Parameters=[@p0='?' (Size = 36), @p1='?' (Size = 7), @p2='?' (DbType = Int64), @p3='?' (DbType = DateTimeOffset), @p4='?' (DbType = Int32), @p5='?' (DbType = Int32), @p6='?' (Size = 2), @p7='?' (Size = 43)], CommandType='Text', CommandTimeout='30']
INSERT INTO "FrozenDemandStations" ("DemandId", "Role", "CatalogRevision", "FrozenAt", "MapId", "StationId", "StationName", "TransportDemandKey")
VALUES (@p0, @p1, @p2, @p3, @p4, @p5, @p6, @p7);
[09:05:40 INF] Executed DbCommand (0ms) [Parameters=[@__demandId_0='?' (Size = 36)], CommandType='Text', CommandTimeout='30']
SELECT "c"."ConsumerKind", "c"."ConsumerId", "c"."ObjectKind", "c"."ObjectId", "c"."FrozenAt", "c"."FrozenVersion", "c"."SnapshotId"
FROM "ConfigurationConsumerBindings" AS "c"
WHERE "c"."ConsumerKind" = 'TransportDemand' AND "c"."ConsumerId" = @__demandId_0 AND (("c"."ObjectKind" = 'TaskTypeStationRule' AND "c"."ObjectId" = 'task-type-station-rules') OR ("c"."ObjectKind" = 'PublicStationBinding' AND "c"."ObjectId" LIKE 'map-%'))
[09:05:40 INF] Executed DbCommand (0ms) [Parameters=[@__ruleVersion_0='?' (DbType = Int64)], CommandType='Text', CommandTimeout='30']
SELECT "t"."Version", "t"."ContentSha256", "t"."LoadedAt", "t"."SnapshotId", "t"."Source"
FROM "TaskTypeStationRuleVersions" AS "t"
WHERE "t"."Version" = @__ruleVersion_0
LIMIT 2
[09:05:40 INF] Executed DbCommand (0ms) [Parameters=[@__mapId_0='?' (DbType = Int32), @__bindingSetVersion_1='?' (DbType = Int64)], CommandType='Text', CommandTimeout='30']
SELECT "t"."MapId", "t"."Version", "t"."CatalogRevision", "t"."ContentSha256", "t"."LoadedAt", "t"."RuleVersion", "t"."SnapshotId", "t"."Source"
FROM "TaskTypeStationBindingSetVersions" AS "t"
WHERE "t"."MapId" = @__mapId_0 AND "t"."Version" = @__bindingSetVersion_1
LIMIT 2
[09:05:40 INF] Executed DbCommand (0ms) [Parameters=[@p0='?' (Size = 36), @p1='?' (Size = 15), @p2='?' (Size = 6), @p3='?' (Size = 20), @p4='?' (DbType = DateTimeOffset), @p5='?' (DbType = Int64), @p6='?' (Size = 32)], CommandType='Text', CommandTimeout='30']
INSERT INTO "ConfigurationConsumerBindings" ("ConsumerId", "ConsumerKind", "ObjectId", "ObjectKind", "FrozenAt", "FrozenVersion", "SnapshotId")
VALUES (@p0, @p1, @p2, @p3, @p4, @p5, @p6);
[09:05:40 INF] Executed DbCommand (0ms) [Parameters=[@p0='?' (Size = 36), @p1='?' (Size = 15), @p2='?' (Size = 23), @p3='?' (Size = 19), @p4='?' (DbType = DateTimeOffset), @p5='?' (DbType = Int64), @p6='?' (Size = 32)], CommandType='Text', CommandTimeout='30']
INSERT INTO "ConfigurationConsumerBindings" ("ConsumerId", "ConsumerKind", "ObjectId", "ObjectKind", "FrozenAt", "FrozenVersion", "SnapshotId")
VALUES (@p0, @p1, @p2, @p3, @p4, @p5, @p6);
[09:05:40 INF] Executed DbCommand (0ms) [Parameters=[@__runtime_AgvId_0='?' (Size = 10)], CommandType='Text', CommandTimeout='30']
SELECT MAX("j"."VehicleBusinessRevision") AS "VehicleBusiness", MAX("j"."WorklistRevision") AS "Worklist", MAX("j"."PlanRevision") AS "Plan"
FROM "JourneyRuntimes" AS "j"
WHERE "j"."AgvId" = @__runtime_AgvId_0
GROUP BY "j"."AgvId"
LIMIT 2
[09:05:40 INF] Executed DbCommand (0ms) [Parameters=[@__runtime_AgvId_0='?' (Size = 10)], CommandType='Text', CommandTimeout='30']
SELECT "v"."AgvId", "v"."PlanRevision", "v"."VehicleBusinessRevision", "v"."WorklistRevision"
FROM "VehicleSnapshotRevisions" AS "v"
WHERE "v"."AgvId" = @__runtime_AgvId_0
LIMIT 2
[09:05:40 INF] Executed DbCommand (0ms) [Parameters=[@__snapshot_DemandId_0='?' (Size = 36)], CommandType='Text', CommandTimeout='30']
SELECT "j"."DemandId", "j"."AcceptedAt", "j"."DecisionFingerprint", "j"."DemandCreatedAt", "j"."FirstSeenAt", "j"."LastSeenAt", "j"."ReasonCode", "j"."StarvationEscalatedAt", "j"."StarvationEscalationParameterVersion", "j"."TransportDemandKey"
FROM "JourneyBacklog" AS "j"
WHERE "j"."DemandId" = @__snapshot_DemandId_0
LIMIT 2
[09:05:40 INF] Executed DbCommand (0ms) [Parameters=[@p0='?' (Size = 36), @p1='?' (DbType = DateTimeOffset), @p2='?' (DbType = Int64), @p3='?' (DbType = DateTimeOffset), @p4='?' (DbType = Int64), @p5='?' (DbType = Int32), @p6='?' (Size = 36), @p7='?' (Size = 89), @p8='?' (Size = 39), @p9='?' (Size = 8), @p10='?' (Size = 30), @p11='?' (Size = 43), @p12='?' (DbType = DateTimeOffset), @p13='?' (Size = 38), @p14='?' (Size = 39), @p15='?' (Size = 12)], CommandType='Text', CommandTimeout='30']
INSERT INTO "AcceptedDemands" ("DemandId", "AcceptedAt", "CatalogRevision", "CreatedAt", "DemandRevision", "Generation", "HistoryEpoch", "LiveMesFieldsJson", "SeriesId", "Status", "Sublot", "TransportDemandKey", "ValueObservedAt", "ValuePollTraceId", "ValueProjectionCommitId", "WorkType")
VALUES (@p0, @p1, @p2, @p3, @p4, @p5, @p6, @p7, @p8, @p9, @p10, @p11, @p12, @p13, @p14, @p15);
[09:05:40 INF] Executed DbCommand (0ms) [Parameters=[@p3='?' (Size = 36), @p0='?' (DbType = DateTimeOffset), @p1='?' (DbType = DateTimeOffset), @p2='?' (Size = 8)], CommandType='Text', CommandTimeout='30']
UPDATE "JourneyBacklog" SET "AcceptedAt" = @p0, "LastSeenAt" = @p1, "ReasonCode" = @p2
WHERE "DemandId" = @p3
RETURNING 1;
[09:05:40 INF] Executed DbCommand (0ms) [Parameters=[@p0='?' (Size = 36), @p1='?' (Size = 44), @p2='?' (DbType = DateTimeOffset), @p3='?' (DbType = Int64), @p4='?' (Size = 19), @p5='?' (DbType = Int64), @p6='?' (DbType = Int32), @p7='?' (Size = 36), @p8='?' (Size = 36), @p9='?', @p10='?' (Size = 51), @p11='?', @p12='?' (DbType = DateTimeOffset), @p13='?' (Size = 12), @p14='?' (Size = 3), @p15='?' (Size = 36), @p16='?' (Size = 36), @p17='?' (Size = 51)], CommandType='Text', CommandTimeout='30']
INSERT INTO "JourneyDemands" ("DemandId", "JourneyId", "AddedAt", "DispatchGeneration", "DispatchZone", "DispatchZoneParameterVersion", "ExpectedBasketCount", "LoadCommandMessageId", "LoadSlotOperationAttemptId", "LoadedSlotsJson", "PickupStopId", "RemovalReason", "RemovedAt", "Status", "TargetSlotsJson", "UnloadCommandMessageId", "UnloadSlotOperationAttemptId", "UnloadStopId")
VALUES (@p0, @p1, @p2, @p3, @p4, @p5, @p6, @p7, @p8, @p9, @p10, @p11, @p12, @p13, @p14, @p15, @p16, @p17);
[09:05:40 INF] Executed DbCommand (0ms) [Parameters=[@p0='?' (Size = 44), @p1='?' (Size = 10), @p2='?' (DbType = Int64), @p3='?' (DbType = DateTimeOffset), @p4='?', @p5='?' (DbType = DateTimeOffset), @p6='?' (DbType = DateTimeOffset), @p7='?', @p8='?', @p9='?' (DbType = DateTimeOffset), @p10='?' (Size = 36), @p11='?' (DbType = Int64), @p12='?' (Size = 19), @p13='?' (DbType = Int32), @p14='?', @p15='?' (Size = 36), @p16='?' (Size = 36), @p17='?' (Size = 2), @p18='?' (DbType = Int32), @p19='?' (Size = 47), @p20='?' (Size = 36), @p21='?' (Size = 36), @p22='?' (Size = 36), @p23='?' (Size = 36), @p24='?', @p25='?', @p26='?' (DbType = Int32), @p27='?' (Size = 6), @p28='?' (Size = 36), @p29='?' (Size = 36), @p30='?' (Size = 9), @p31='?' (DbType = Int32), @p32='?' (Size = 49), @p33='?' (Size = 36), @p34='?' (DbType = Int64), @p35='?' (Size = 36), @p36='?' (Size = 36), @p37='?' (Size = 71), @p38='?' (Size = 21), @p39='?' (DbType = DateTimeOffset), @p40='?' (Size = 36), @p41='?' (Size = 3), @p42='?' (Size = 36), @p43='?' (Size = 36), @p44='?' (DbType = DateTimeOffset), @p45='?' (Size = 36), @p46='?' (DbType = Int64), @p47='?' (Size = 15), @p48='?' (Size = 36), @p49='?' (DbType = Int64), @p50='?' (DbType = DateTimeOffset), @p51='?'], CommandType='Text', CommandTimeout='30']
INSERT INTO "JourneyRuntimes" ("JourneyId", "AgvId", "AgvLifecycleGeneration", "AreaEndAdmissionRevokedSince", "BlockReasonCode", "BlockReasonSince", "CargoHoldingStartedAt", "ConsumedSafetyResultMessageId", "ConsumedSublotMessageId", "CreatedAt", "DemandId", "DispatchGeneration", "DispatchZone", "ExpectedBasketCount", "FullSlotPositionsJson", "GateMovementLegId", "GatePlanMessageId", "GateStationId", "GateStationRiotId", "GateUpperId", "GateVehicleBusinessMessageId", "GateWorklistMessageId", "LoadCommandMessageId", "LoadSlotOperationAttemptId", "LoadingClosedReason", "LoadingPhaseState", "MapId", "MapIdentity", "OperationSessionId", "PickupMovementLegId", "PickupStationId", "PickupStationRiotId", "PickupUpperId", "PlanMessageId", "PlanRevision", "PreDepartureSafetyCheckId", "PreDepartureSafetyCheckMessageId", "RouteEvidenceId", "Stage", "StationDepartureWaitStartedAt", "SublotRequestMessageId", "TargetSlotsJson", "UnloadCommandMessageId", "UnloadSlotOperationAttemptId", "UpdatedAt", "VehicleBusinessMessageId", "VehicleBusinessRevision", "VehicleKey", "WorklistMessageId", "WorklistRevision", "YieldTriggeredAt", "YieldTriggeredByVehicleKey")
VALUES (@p0, @p1, @p2, @p3, @p4, @p5, @p6, @p7, @p8, @p9, @p10, @p11, @p12, @p13, @p14, @p15, @p16, @p17, @p18, @p19, @p20, @p21, @p22, @p23, @p24, @p25, @p26, @p27, @p28, @p29, @p30, @p31, @p32, @p33, @p34, @p35, @p36, @p37, @p38, @p39, @p40, @p41, @p42, @p43, @p44, @p45, @p46, @p47, @p48, @p49, @p50, @p51);
[09:05:40 INF] Executed DbCommand (0ms) [Parameters=[@p0='?' (Size = 51), @p1='?' (DbType = DateTimeOffset), @p2='?' (Size = 36), @p3='?' (Size = 36), @p4='?' (Size = 19), @p5='?' (Size = 44), @p6='?' (Size = 36), @p7='?' (Size = 36), @p8='?' (Size = 36), @p9='?' (DbType = Int32), @p10='?' (Size = 9), @p11='?' (DbType = Int32), @p12='?' (Size = 7), @p13='?' (Size = 6), @p14='?' (Size = 36), @p15='?' (Size = 49), @p16='?' (Size = 36), @p17='?' (Size = 36)], CommandType='Text', CommandTimeout='30']
INSERT INTO "JourneyStops" ("StopId", "CreatedAt", "DepartureSafetyCheckId", "DepartureSafetyCheckMessageId", "DispatchZone", "JourneyId", "MovementLegId", "OperationSessionId", "PlanMessageId", "Sequence", "StationId", "StationRiotId", "Status", "StopRole", "SublotRequestMessageId", "UpperId", "VehicleBusinessMessageId", "WorklistMessageId")
VALUES (@p0, @p1, @p2, @p3, @p4, @p5, @p6, @p7, @p8, @p9, @p10, @p11, @p12, @p13, @p14, @p15, @p16, @p17);
[09:05:40 INF] Executed DbCommand (0ms) [Parameters=[@p0='?' (Size = 51), @p1='?' (DbType = DateTimeOffset), @p2='?', @p3='?', @p4='?' (Size = 19), @p5='?' (Size = 44), @p6='?' (Size = 36), @p7='?' (Size = 36), @p8='?' (Size = 36), @p9='?' (DbType = Int32), @p10='?' (Size = 2), @p11='?' (DbType = Int32), @p12='?' (Size = 7), @p13='?' (Size = 6), @p14='?', @p15='?' (Size = 47), @p16='?' (Size = 36), @p17='?' (Size = 36)], CommandType='Text', CommandTimeout='30']
INSERT INTO "JourneyStops" ("StopId", "CreatedAt", "DepartureSafetyCheckId", "DepartureSafetyCheckMessageId", "DispatchZone", "JourneyId", "MovementLegId", "OperationSessionId", "PlanMessageId", "Sequence", "StationId", "StationRiotId", "Status", "StopRole", "SublotRequestMessageId", "UpperId", "VehicleBusinessMessageId", "WorklistMessageId")
VALUES (@p0, @p1, @p2, @p3, @p4, @p5, @p6, @p7, @p8, @p9, @p10, @p11, @p12, @p13, @p14, @p15, @p16, @p17);
[09:05:40 INF] Executed DbCommand (1ms) [Parameters=[@p0='?' (Size = 36), @p1='?' (DbType = Int64), @p2='?' (DbType = Int32), @p3='?', @p4='?' (DbType = DateTimeOffset), @p5='?' (DbType = DateTimeOffset), @p6='?' (Size = 36), @p7='?' (DbType = Int32), @p8='?' (DbType = Int64), @p9='?' (DbType = Int32), @p10='?' (DbType = Int64), @p11='?', @p12='?', @p13='?' (DbType = DateTimeOffset), @p14='?', @p15='?', @p16='?' (DbType = DateTimeOffset), @p17='?', @p18='?' (DbType = Int32), @p19='?', @p20='?' (Size = 9), @p21='?' (Size = 22), @p22='?' (Size = 9), @p23='?' (Size = 49), @p24='?' (Size = 15), @p25='?' (DbType = DateTimeOffset), @p26='?' (DbType = DateTimeOffset)], CommandType='Text', CommandTimeout='30']
INSERT INTO "OrderIntents" ("MovementLegId", "AgvLifecycleGeneration", "CreateAttemptCount", "CreateAttemptId", "CreateDispatchArmedAt", "CreatedAt", "DemandId", "DestinationStationId", "DispatchAuditSequence", "DispatchAuditVersion", "DispatchGeneration", "ExperimentalCreateAuthorizationId", "LastCreateOutcome", "LastCreateOutcomeAt", "LastCreateReceiptJson", "LastReconciliationOutcome", "LastReconciliationOutcomeAt", "LastReconciliationReceiptJson", "MapId", "OrderId", "Purpose", "Status", "TargetStationId", "UpperId", "VehicleKey", "VehicleOccupancyClaimedAt", "VehicleOccupancyReleasedAt")
VALUES (@p0, @p1, @p2, @p3, @p4, @p5, @p6, @p7, @p8, @p9, @p10, @p11, @p12, @p13, @p14, @p15, @p16, @p17, @p18, @p19, @p20, @p21, @p22, @p23, @p24, @p25, @p26);
[09:05:40 INF] Executed DbCommand (0ms) [Parameters=[@p0='?' (Size = 44), @p1='?' (DbType = DateTimeOffset), @p2='?' (Size = 36), @p3='?' (DbType = DateTimeOffset), @p4='?' (Size = 15)], CommandType='Text', CommandTimeout='30']
INSERT INTO "VehicleDispatchLeases" ("JourneyId", "AcquiredAt", "DemandId", "ReleasedAt", "VehicleKey")
VALUES (@p0, @p1, @p2, @p3, @p4);
[09:05:40 INF] Executed DbCommand (0ms) [Parameters=[@p0='?' (Size = 15), @p1='?' (DbType = DateTimeOffset), @p2='?' (Size = 44), @p3='?' (Size = 9)], CommandType='Text', CommandTimeout='30']
INSERT INTO "VehiclePurposeClaims" ("VehicleKey", "ClaimedAt", "JourneyId", "Purpose")
VALUES (@p0, @p1, @p2, @p3);
[09:05:40 INF] Executed DbCommand (0ms) [Parameters=[@p3='?' (Size = 10), @p0='?' (DbType = Int64), @p1='?' (DbType = Int64), @p2='?' (DbType = Int64)], CommandType='Text', CommandTimeout='30']
UPDATE "VehicleSnapshotRevisions" SET "PlanRevision" = @p0, "VehicleBusinessRevision" = @p1, "WorklistRevision" = @p2
WHERE "AgvId" = @p3
RETURNING 1;
[09:05:40 INF] Executed DbCommand (0ms) [Parameters=[@__upperId_0='?' (Size = 49)], CommandType='Text', CommandTimeout='30']
SELECT "o"."MovementLegId", "o"."AgvLifecycleGeneration", "o"."CreateAttemptCount", "o"."CreateAttemptId", "o"."CreateDispatchArmedAt", "o"."CreatedAt", "o"."DemandId", "o"."DestinationStationId", "o"."DispatchAuditSequence", "o"."DispatchAuditVersion", "o"."DispatchGeneration", "o"."ExperimentalCreateAuthorizationId", "o"."LastCreateOutcome", "o"."LastCreateOutcomeAt", "o"."LastCreateReceiptJson", "o"."LastReconciliationOutcome", "o"."LastReconciliationOutcomeAt", "o"."LastReconciliationReceiptJson", "o"."MapId", "o"."OrderId", "o"."Purpose", "o"."Status", "o"."TargetStationId", "o"."UpperId", "o"."VehicleKey", "o"."VehicleOccupancyClaimedAt", "o"."VehicleOccupancyReleasedAt"
FROM "OrderIntents" AS "o"
WHERE "o"."UpperId" = @__upperId_0
LIMIT 2
[09:05:40 INF] Executed DbCommand (0ms) [Parameters=[], CommandType='Text', CommandTimeout='30']
SELECT "e"."AuthorizationId", "e"."AgvLifecycleGeneration", "e"."AuthorizationVersion", "e"."ConsumedAt", "e"."ConsumedByAttemptId", "e"."DemandId", "e"."DispatchGeneration", "e"."ExpiresAt", "e"."MovementLegId", "e"."PersistedAt", "e"."UpperId"
FROM "ExperimentalRiotCreateAuthorizations" AS "e"
WHERE 0
LIMIT 2
[09:05:40 INF] Start processing HTTP request GET http://127.0.0.1:48408/api/order/v1/orderRecord/detailByUpperId/W2G-6d6d0330-4fbd-49d4-9b39-1b49c82a96be-PICKUP-1
[09:05:40 INF] Sending HTTP request GET http://127.0.0.1:48408/api/order/v1/orderRecord/detailByUpperId/W2G-6d6d0330-4fbd-49d4-9b39-1b49c82a96be-PICKUP-1
[09:05:40 INF] Received HTTP response headers after 0.7419ms - 404
[09:05:40 INF] End processing HTTP request after 5.8981ms - 404
[09:05:40 INF] Executed DbCommand (0ms) [Parameters=[@__upperId_0='?' (Size = 49)], CommandType='Text', CommandTimeout='30']
SELECT "o"."MovementLegId", "o"."AgvLifecycleGeneration", "o"."CreateAttemptCount", "o"."CreateAttemptId", "o"."CreateDispatchArmedAt", "o"."CreatedAt", "o"."DemandId", "o"."DestinationStationId", "o"."DispatchAuditSequence", "o"."DispatchAuditVersion", "o"."DispatchGeneration", "o"."ExperimentalCreateAuthorizationId", "o"."LastCreateOutcome", "o"."LastCreateOutcomeAt", "o"."LastCreateReceiptJson", "o"."LastReconciliationOutcome", "o"."LastReconciliationOutcomeAt", "o"."LastReconciliationReceiptJson", "o"."MapId", "o"."OrderId", "o"."Purpose", "o"."Status", "o"."TargetStationId", "o"."UpperId", "o"."VehicleKey", "o"."VehicleOccupancyClaimedAt", "o"."VehicleOccupancyReleasedAt"
FROM "OrderIntents" AS "o"
WHERE "o"."UpperId" = @__upperId_0
LIMIT 2
[09:05:40 INF] Executed DbCommand (0ms) [Parameters=[@p4='?' (Size = 36), @p5='?' (DbType = Int32), @p0='?' (DbType = Int64), @p6='?' (DbType = Int64), @p8='?', @p1='?' (Size = 31), @p2='?' (DbType = DateTimeOffset), @p3='?' (Size = 188), @p7='?' (Size = 22)], CommandType='Text', CommandTimeout='30']
UPDATE "OrderIntents" SET "DispatchAuditSequence" = @p0, "LastReconciliationOutcome" = @p1, "LastReconciliationOutcomeAt" = @p2, "LastReconciliationReceiptJson" = @p3
WHERE "MovementLegId" = @p4 AND "CreateAttemptCount" = @p5 AND "DispatchAuditSequence" = @p6 AND "ExperimentalCreateAuthorizationId" IS NULL AND "Status" = @p7
RETURNING 1;
[09:05:40 INF] Executed DbCommand (0ms) [Parameters=[@p0='?' (Size = 36), @p1='?', @p2='?' (DbType = Int32), @p3='?', @p4='?' (Size = 36), @p5='?' (DbType = Int64), @p6='?', @p7='?', @p8='?', @p9='?' (DbType = Int32), @p10='?' (Size = 36), @p11='?' (DbType = DateTimeOffset), @p12='?' (Size = 9), @p13='?' (Size = 25), @p14='?' (Size = 8), @p15='?' (DbType = DateTimeOffset), @p16='?' (Size = 9), @p17='?', @p18='?' (DbType = Boolean), @p19='?', @p20='?' (DbType = Int64), @p21='?' (Size = 49)], CommandType='Text', CommandTimeout='30']
INSERT INTO "RiotDispatchAuditEvents" ("AuditEventId", "AttemptId", "AttemptNumber", "BusinessCode", "DemandId", "DispatchGeneration", "EligibilityBasis", "ExperimentalAuthorizationId", "FailureCategory", "HttpStatusCode", "MovementLegId", "OccurredAt", "Outcome", "Phase", "ReceiptClassification", "ReceiptObservedAt", "ReceiptOperation", "RequestSemanticSha256", "ResultPresent", "ReturnedOrderId", "Sequence", "UpperId")
VALUES (@p0, @p1, @p2, @p3, @p4, @p5, @p6, @p7, @p8, @p9, @p10, @p11, @p12, @p13, @p14, @p15, @p16, @p17, @p18, @p19, @p20, @p21);
[09:05:40 INF] Executed DbCommand (0ms) [Parameters=[@__upperId_0='?' (Size = 49)], CommandType='Text', CommandTimeout='30']
SELECT "o"."MovementLegId", "o"."AgvLifecycleGeneration", "o"."CreateAttemptCount", "o"."CreateAttemptId", "o"."CreateDispatchArmedAt", "o"."CreatedAt", "o"."DemandId", "o"."DestinationStationId", "o"."DispatchAuditSequence", "o"."DispatchAuditVersion", "o"."DispatchGeneration", "o"."ExperimentalCreateAuthorizationId", "o"."LastCreateOutcome", "o"."LastCreateOutcomeAt", "o"."LastCreateReceiptJson", "o"."LastReconciliationOutcome", "o"."LastReconciliationOutcomeAt", "o"."LastReconciliationReceiptJson", "o"."MapId", "o"."OrderId", "o"."Purpose", "o"."Status", "o"."TargetStationId", "o"."UpperId", "o"."VehicleKey", "o"."VehicleOccupancyClaimedAt", "o"."VehicleOccupancyReleasedAt"
FROM "OrderIntents" AS "o"
WHERE "o"."UpperId" = @__upperId_0
LIMIT 2
[09:05:40 INF] Executed DbCommand (0ms) [Parameters=[@p7='?' (Size = 36), @p0='?' (DbType = Int32), @p8='?' (DbType = Int32), @p1='?' (Size = 36), @p2='?' (DbType = DateTimeOffset), @p3='?' (DbType = Int64), @p9='?' (DbType = Int64), @p11='?', @p4='?' (Size = 13), @p5='?' (DbType = DateTimeOffset), @p6='?' (Size = 16), @p10='?' (Size = 22)], CommandType='Text', CommandTimeout='30']
UPDATE "OrderIntents" SET "CreateAttemptCount" = @p0, "CreateAttemptId" = @p1, "CreateDispatchArmedAt" = @p2, "DispatchAuditSequence" = @p3, "LastCreateOutcome" = @p4, "LastCreateOutcomeAt" = @p5, "Status" = @p6
WHERE "MovementLegId" = @p7 AND "CreateAttemptCount" = @p8 AND "DispatchAuditSequence" = @p9 AND "ExperimentalCreateAuthorizationId" IS NULL AND "Status" = @p10
RETURNING 1;
[09:05:40 INF] Executed DbCommand (0ms) [Parameters=[@p0='?' (Size = 36), @p1='?' (Size = 36), @p2='?' (DbType = Int32), @p3='?', @p4='?' (Size = 36), @p5='?' (DbType = Int64), @p6='?', @p7='?', @p8='?', @p9='?' (DbType = Int32), @p10='?' (Size = 36), @p11='?' (DbType = DateTimeOffset), @p12='?' (Size = 5), @p13='?' (Size = 15), @p14='?', @p15='?' (DbType = DateTimeOffset), @p16='?', @p17='?' (Size = 64), @p18='?' (DbType = Boolean), @p19='?', @p20='?' (DbType = Int64), @p21='?' (Size = 49)], CommandType='Text', CommandTimeout='30']
INSERT INTO "RiotDispatchAuditEvents" ("AuditEventId", "AttemptId", "AttemptNumber", "BusinessCode", "DemandId", "DispatchGeneration", "EligibilityBasis", "ExperimentalAuthorizationId", "FailureCategory", "HttpStatusCode", "MovementLegId", "OccurredAt", "Outcome", "Phase", "ReceiptClassification", "ReceiptObservedAt", "ReceiptOperation", "RequestSemanticSha256", "ResultPresent", "ReturnedOrderId", "Sequence", "UpperId")
VALUES (@p0, @p1, @p2, @p3, @p4, @p5, @p6, @p7, @p8, @p9, @p10, @p11, @p12, @p13, @p14, @p15, @p16, @p17, @p18, @p19, @p20, @p21);
[09:05:40 INF] Executed DbCommand (0ms) [Parameters=[@__upperId_0='?' (Size = 49)], CommandType='Text', CommandTimeout='30']
SELECT "o"."MovementLegId", "o"."AgvLifecycleGeneration", "o"."CreateAttemptCount", "o"."CreateAttemptId", "o"."CreateDispatchArmedAt", "o"."CreatedAt", "o"."DemandId", "o"."DestinationStationId", "o"."DispatchAuditSequence", "o"."DispatchAuditVersion", "o"."DispatchGeneration", "o"."ExperimentalCreateAuthorizationId", "o"."LastCreateOutcome", "o"."LastCreateOutcomeAt", "o"."LastCreateReceiptJson", "o"."LastReconciliationOutcome", "o"."LastReconciliationOutcomeAt", "o"."LastReconciliationReceiptJson", "o"."MapId", "o"."OrderId", "o"."Purpose", "o"."Status", "o"."TargetStationId", "o"."UpperId", "o"."VehicleKey", "o"."VehicleOccupancyClaimedAt", "o"."VehicleOccupancyReleasedAt"
FROM "OrderIntents" AS "o"
WHERE "o"."UpperId" = @__upperId_0
LIMIT 2
[09:05:40 INF] Executed DbCommand (0ms) [Parameters=[@p3='?' (Size = 36), @p4='?' (DbType = Int32), @p0='?' (DbType = Int64), @p5='?' (DbType = Int64), @p7='?', @p1='?' (Size = 20), @p2='?' (DbType = DateTimeOffset), @p6='?' (Size = 16)], CommandType='Text', CommandTimeout='30']
UPDATE "OrderIntents" SET "DispatchAuditSequence" = @p0, "LastCreateOutcome" = @p1, "LastCreateOutcomeAt" = @p2
WHERE "MovementLegId" = @p3 AND "CreateAttemptCount" = @p4 AND "DispatchAuditSequence" = @p5 AND "ExperimentalCreateAuthorizationId" IS NULL AND "Status" = @p6
RETURNING 1;
[09:05:40 INF] Executed DbCommand (0ms) [Parameters=[@p0='?' (Size = 36), @p1='?' (Size = 36), @p2='?' (DbType = Int32), @p3='?', @p4='?' (Size = 36), @p5='?' (DbType = Int64), @p6='?', @p7='?', @p8='?', @p9='?' (DbType = Int32), @p10='?' (Size = 36), @p11='?' (DbType = DateTimeOffset), @p12='?' (Size = 7), @p13='?' (Size = 14), @p14='?', @p15='?' (DbType = DateTimeOffset), @p16='?', @p17='?' (Size = 64), @p18='?' (DbType = Boolean), @p19='?', @p20='?' (DbType = Int64), @p21='?' (Size = 49)], CommandType='Text', CommandTimeout='30']
INSERT INTO "RiotDispatchAuditEvents" ("AuditEventId", "AttemptId", "AttemptNumber", "BusinessCode", "DemandId", "DispatchGeneration", "EligibilityBasis", "ExperimentalAuthorizationId", "FailureCategory", "HttpStatusCode", "MovementLegId", "OccurredAt", "Outcome", "Phase", "ReceiptClassification", "ReceiptObservedAt", "ReceiptOperation", "RequestSemanticSha256", "ResultPresent", "ReturnedOrderId", "Sequence", "UpperId")
VALUES (@p0, @p1, @p2, @p3, @p4, @p5, @p6, @p7, @p8, @p9, @p10, @p11, @p12, @p13, @p14, @p15, @p16, @p17, @p18, @p19, @p20, @p21);
[09:05:40 INF] Start processing HTTP request POST http://127.0.0.1:48408/api/order/v1/add/byDefaultMissions
[09:05:40 INF] Sending HTTP request POST http://127.0.0.1:48408/api/order/v1/add/byDefaultMissions
[09:05:40 INF] Received HTTP response headers after 0.9641ms - 200
[09:05:40 INF] End processing HTTP request after 2.4001ms - 200
[09:05:40 INF] Executed DbCommand (0ms) [Parameters=[@__upperId_0='?' (Size = 49)], CommandType='Text', CommandTimeout='30']
SELECT "o"."MovementLegId", "o"."AgvLifecycleGeneration", "o"."CreateAttemptCount", "o"."CreateAttemptId", "o"."CreateDispatchArmedAt", "o"."CreatedAt", "o"."DemandId", "o"."DestinationStationId", "o"."DispatchAuditSequence", "o"."DispatchAuditVersion", "o"."DispatchGeneration", "o"."ExperimentalCreateAuthorizationId", "o"."LastCreateOutcome", "o"."LastCreateOutcomeAt", "o"."LastCreateReceiptJson", "o"."LastReconciliationOutcome", "o"."LastReconciliationOutcomeAt", "o"."LastReconciliationReceiptJson", "o"."MapId", "o"."OrderId", "o"."Purpose", "o"."Status", "o"."TargetStationId", "o"."UpperId", "o"."VehicleKey", "o"."VehicleOccupancyClaimedAt", "o"."VehicleOccupancyReleasedAt"
FROM "OrderIntents" AS "o"
WHERE "o"."UpperId" = @__upperId_0
LIMIT 2
[09:05:40 INF] Start processing HTTP request GET http://127.0.0.1:48408/api/task/v1/task/getVehicleInfo/BROKERX-L2-0001
[09:05:40 INF] Sending HTTP request GET http://127.0.0.1:48408/api/task/v1/task/getVehicleInfo/BROKERX-L2-0001
[09:05:40 INF] Executed DbCommand (0ms) [Parameters=[@p4='?' (Size = 36), @p5='?' (DbType = Int32), @p0='?' (DbType = Int64), @p6='?' (DbType = Int64), @p8='?', @p1='?' (Size = 22), @p2='?' (DbType = DateTimeOffset), @p3='?' (Size = 188), @p7='?' (Size = 16)], CommandType='Text', CommandTimeout='30']
UPDATE "OrderIntents" SET "DispatchAuditSequence" = @p0, "LastCreateOutcome" = @p1, "LastCreateOutcomeAt" = @p2, "LastCreateReceiptJson" = @p3
WHERE "MovementLegId" = @p4 AND "CreateAttemptCount" = @p5 AND "DispatchAuditSequence" = @p6 AND "ExperimentalCreateAuthorizationId" IS NULL AND "Status" = @p7
RETURNING 1;
[09:05:40 INF] Received HTTP response headers after 1.0005ms - 200
[09:05:41 INF] Executed DbCommand (0ms) [Parameters=[@p0='?' (Size = 36), @p1='?' (Size = 36), @p2='?' (DbType = Int32), @p3='?', @p4='?' (Size = 36), @p5='?' (DbType = Int64), @p6='?', @p7='?', @p8='?', @p9='?' (DbType = Int32), @p10='?' (Size = 36), @p11='?' (DbType = DateTimeOffset), @p12='?' (Size = 8), @p13='?' (Size = 15), @p14='?' (Size = 11), @p15='?' (DbType = DateTimeOffset), @p16='?' (Size = 6), @p17='?', @p18='?' (DbType = Boolean), @p19='?' (Size = 12), @p20='?' (DbType = Int64), @p21='?' (Size = 49)], CommandType='Text', CommandTimeout='30']
INSERT INTO "RiotDispatchAuditEvents" ("AuditEventId", "AttemptId", "AttemptNumber", "BusinessCode", "DemandId", "DispatchGeneration", "EligibilityBasis", "ExperimentalAuthorizationId", "FailureCategory", "HttpStatusCode", "MovementLegId", "OccurredAt", "Outcome", "Phase", "ReceiptClassification", "ReceiptObservedAt", "ReceiptOperation", "RequestSemanticSha256", "ResultPresent", "ReturnedOrderId", "Sequence", "UpperId")
VALUES (@p0, @p1, @p2, @p3, @p4, @p5, @p6, @p7, @p8, @p9, @p10, @p11, @p12, @p13, @p14, @p15, @p16, @p17, @p18, @p19, @p20, @p21);
[09:05:41 INF] End processing HTTP request after 42.3904ms - 200
[09:05:41 INF] Start processing HTTP request GET http://127.0.0.1:48408/api/order/v1/orderRecord?pageNum=1&pageSize=100&filterByState=1&filterByState=3&filterByState=7&filterByState=9
[09:05:41 INF] Sending HTTP request GET http://127.0.0.1:48408/api/order/v1/orderRecord?pageNum=1&pageSize=100&filterByState=1&filterByState=3&filterByState=7&filterByState=9
[09:05:41 INF] Start processing HTTP request GET http://127.0.0.1:48408/api/order/v1/orderRecord/detailByUpperId/W2G-6d6d0330-4fbd-49d4-9b39-1b49c82a96be-PICKUP-1
[09:05:41 INF] Received HTTP response headers after 1.2751ms - 200
[09:05:41 INF] Sending HTTP request GET http://127.0.0.1:48408/api/order/v1/orderRecord/detailByUpperId/W2G-6d6d0330-4fbd-49d4-9b39-1b49c82a96be-PICKUP-1
[09:05:41 INF] End processing HTTP request after 27.8719ms - 200
[09:05:41 INF] Received HTTP response headers after 0.5145ms - 200
[09:05:41 INF] HTTP GET /api/onboard/v1/vehicle-safety responded 200 in 121.9186 ms
[09:05:41 INF] End processing HTTP request after 72.9394ms - 200
[09:05:41 INF] Executed DbCommand (0ms) [Parameters=[@__upperId_0='?' (Size = 49)], CommandType='Text', CommandTimeout='30']
SELECT "o"."MovementLegId", "o"."AgvLifecycleGeneration", "o"."CreateAttemptCount", "o"."CreateAttemptId", "o"."CreateDispatchArmedAt", "o"."CreatedAt", "o"."DemandId", "o"."DestinationStationId", "o"."DispatchAuditSequence", "o"."DispatchAuditVersion", "o"."DispatchGeneration", "o"."ExperimentalCreateAuthorizationId", "o"."LastCreateOutcome", "o"."LastCreateOutcomeAt", "o"."LastCreateReceiptJson", "o"."LastReconciliationOutcome", "o"."LastReconciliationOutcomeAt", "o"."LastReconciliationReceiptJson", "o"."MapId", "o"."OrderId", "o"."Purpose", "o"."Status", "o"."TargetStationId", "o"."UpperId", "o"."VehicleKey", "o"."VehicleOccupancyClaimedAt", "o"."VehicleOccupancyReleasedAt"
FROM "OrderIntents" AS "o"
WHERE "o"."UpperId" = @__upperId_0
LIMIT 2
[09:05:41 INF] Executed DbCommand (0ms) [Parameters=[@__messageId_0='?' (Size = 36)], CommandType='Text', CommandTimeout='30']
SELECT "p"."MessageId", "p"."ContentHash", "p"."FirstResponseJson", "p"."MessageType", "p"."ReceivedAt", "p"."RequestJson"
FROM "ProtocolInbox" AS "p"
WHERE "p"."MessageId" = @__messageId_0
LIMIT 2
[09:05:41 INF] Executed DbCommand (0ms) [Parameters=[@__agvId_0='?' (Size = 10)], CommandType='Text', CommandTimeout='30']
SELECT "o"."AlarmsJson"
FROM "OnboardAlarmSnapshots" AS "o"
WHERE "o"."AgvId" = @__agvId_0
LIMIT 1
[09:05:41 INF] Executed DbCommand (0ms) [Parameters=[@__snapshot_AgvId_0='?' (Size = 10)], CommandType='Text', CommandTimeout='30']
SELECT "o"."AgvId", "o"."AlarmsJson", "o"."CapturedAt", "o"."ReceivedAt", "o"."SessionGeneration", "o"."SnapshotSequence"
FROM "OnboardAlarmSnapshots" AS "o"
WHERE "o"."AgvId" = @__snapshot_AgvId_0
LIMIT 1
[09:05:41 INF] Executed DbCommand (0ms) [Parameters=[@p4='?' (Size = 10), @p0='?' (Size = 428), @p1='?' (DbType = DateTimeOffset), @p2='?' (DbType = DateTimeOffset), @p3='?' (DbType = Int64)], CommandType='Text', CommandTimeout='30']
UPDATE "OnboardAlarmSnapshots" SET "AlarmsJson" = @p0, "CapturedAt" = @p1, "ReceivedAt" = @p2, "SnapshotSequence" = @p3
WHERE "AgvId" = @p4
RETURNING 1;
[09:05:41 INF] Executed DbCommand (0ms) [Parameters=[@__agvId_0='?' (Size = 10)], CommandType='Text', CommandTimeout='30']
SELECT "o"."AlarmsJson"
FROM "OnboardAlarmSnapshots" AS "o"
WHERE "o"."AgvId" = @__agvId_0
LIMIT 1
[09:05:41 INF] Executed DbCommand (0ms) [Parameters=[@p0='?' (Size = 36), @p1='?' (Size = 64), @p2='?' (Size = 624), @p3='?' (Size = 20), @p4='?' (DbType = DateTimeOffset), @p5='?' (Size = 845)], CommandType='Text', CommandTimeout='30']
INSERT INTO "ProtocolInbox" ("MessageId", "ContentHash", "FirstResponseJson", "MessageType", "ReceivedAt", "RequestJson")
VALUES (@p0, @p1, @p2, @p3, @p4, @p5);
[09:05:41 INF] Executed DbCommand (0ms) [Parameters=[@__messageId_0='?' (Size = 36)], CommandType='Text', CommandTimeout='30']
SELECT "p"."MessageId", "p"."ContentHash", "p"."FirstResponseJson", "p"."MessageType", "p"."ReceivedAt", "p"."RequestJson"
FROM "ProtocolInbox" AS "p"
WHERE "p"."MessageId" = @__messageId_0
LIMIT 2
[09:05:41 INF] Executed DbCommand (0ms) [Parameters=[@__agvId_0='?' (Size = 10)], CommandType='Text', CommandTimeout='30']
SELECT "s"."AgvId", "s"."ActiveUnlockSlotsJson", "s"."CapabilityHash", "s"."CapabilityRevision", "s"."DepartureSafe", "s"."ForcedRecoveryGeneration", "s"."ManifestSha256", "s"."PendingAttemptIdsJson", "s"."PendingResultIdsJson", "s"."ProfileId", "s"."ProtocolCommit", "s"."ProtocolVersion", "s"."ProvenRecoveryCheckpoint", "s"."Readiness", "s"."ReasonCode", "s"."RecoveryReportId", "s"."ReportedForcedRecoveryGeneration", "s"."ReportedSlotConfigurationFingerprint", "s"."SafetyHash", "s"."SafetyReasonCodesJson", "s"."SafetyRevision", "s"."SafetyUnknownPresent", "s"."SessionGeneration", "s"."UnsettledSlotOperationAttemptId", "s"."UpdatedAt"
FROM "SessionRecoveries" AS "s"
WHERE "s"."AgvId" = @__agvId_0
LIMIT 2
[09:05:41 INF] Executed DbCommand (0ms) [Parameters=[@p8='?' (Size = 10), @p0='?' (DbType = Boolean), @p1='?' (Size = 16), @p2='?' (Size = 20), @p3='?' (Size = 64), @p4='?' (Size = 21), @p5='?' (DbType = Int64), @p6='?' (DbType = Boolean), @p7='?' (DbType = DateTimeOffset)], CommandType='Text', CommandTimeout='30']
UPDATE "SessionRecoveries" SET "DepartureSafe" = @p0, "Readiness" = @p1, "ReasonCode" = @p2, "SafetyHash" = @p3, "SafetyReasonCodesJson" = @p4, "SafetyRevision" = @p5, "SafetyUnknownPresent" = @p6, "UpdatedAt" = @p7
WHERE "AgvId" = @p8
RETURNING 1;
[09:05:41 INF] Executed DbCommand (0ms) [Parameters=[@__agvId_0='?' (Size = 10)], CommandType='Text', CommandTimeout='30']
SELECT "s"."AgvId", "s"."ActiveUnlockSlotsJson", "s"."CapabilityHash", "s"."CapabilityRevision", "s"."DepartureSafe", "s"."ForcedRecoveryGeneration", "s"."ManifestSha256", "s"."PendingAttemptIdsJson", "s"."PendingResultIdsJson", "s"."ProfileId", "s"."ProtocolCommit", "s"."ProtocolVersion", "s"."ProvenRecoveryCheckpoint", "s"."Readiness", "s"."ReasonCode", "s"."RecoveryReportId", "s"."ReportedForcedRecoveryGeneration", "s"."ReportedSlotConfigurationFingerprint", "s"."SafetyHash", "s"."SafetyReasonCodesJson", "s"."SafetyRevision", "s"."SafetyUnknownPresent", "s"."SessionGeneration", "s"."UnsettledSlotOperationAttemptId", "s"."UpdatedAt"
FROM "SessionRecoveries" AS "s"
WHERE "s"."AgvId" = @__agvId_0
LIMIT 2
[09:05:41 INF] Executed DbCommand (0ms) [Parameters=[@__agvId_0='?' (Size = 10)], CommandType='Text', CommandTimeout='30']
SELECT EXISTS (
    SELECT 1
    FROM "StationOperations" AS "s"
    INNER JOIN (
        SELECT "j"."JourneyId", "j"."DemandId", "j"."AddedAt", "j"."DispatchGeneration", "j"."DispatchZone", "j"."DispatchZoneParameterVersion", "j"."ExpectedBasketCount", "j"."LoadCommandMessageId", "j"."LoadSlotOperationAttemptId", "j"."LoadedSlotsJson", "j"."PickupStopId", "j"."RemovalReason", "j"."RemovedAt", "j"."Status", "j"."TargetSlotsJson", "j"."UnloadCommandMessageId", "j"."UnloadSlotOperationAttemptId", "j"."UnloadStopId"
        FROM "JourneyDemands" AS "j"
        WHERE "j"."RemovedAt" IS NULL
    ) AS "t" ON "s"."DemandId" = "t"."DemandId"
    INNER JOIN "JourneyRuntimes" AS "j0" ON "t"."JourneyId" = "j0"."JourneyId"
    WHERE "j0"."AgvId" = @__agvId_0 AND "s"."Status" = 'RecoveryRequired')
[09:05:41 INF] Executed DbCommand (0ms) [Parameters=[@__agvId_0='?' (Size = 10)], CommandType='Text', CommandTimeout='30']
SELECT EXISTS (
    SELECT 1
    FROM "RecoveryWorkflows" AS "r"
    WHERE "r"."AgvId" = @__agvId_0 AND "r"."WorkflowType" = 'FORCED_MECHANICAL_RECOVERY' AND "r"."State" <> 'HistoricalOnly' AND NOT EXISTS (
        SELECT 1
        FROM "HardwareRecoveryRecords" AS "h"
        WHERE "h"."RecoveryActionId" = "r"."WorkflowId"))
[09:05:41 INF] Executed DbCommand (0ms) [Parameters=[@__agvId_0='?' (Size = 10)], CommandType='Text', CommandTimeout='30']
SELECT "a"."AgvId", "a"."ActivatedAt", "a"."ActivationId", "a"."ConfigurationVersion", "a"."Fingerprint", "a"."SlotModelVersionId", "a"."SnapshotId"
FROM "ActiveSlotConfigurations" AS "a"
WHERE "a"."AgvId" = @__agvId_0
LIMIT 1
[09:05:41 INF] Executed DbCommand (0ms) [Parameters=[@p2='?' (Size = 10), @p0='?' (Size = 26), @p1='?' (DbType = DateTimeOffset)], CommandType='Text', CommandTimeout='30']
UPDATE "SessionRecoveries" SET "ReasonCode" = @p0, "UpdatedAt" = @p1
WHERE "AgvId" = @p2
RETURNING 1;
[09:05:41 INF] Executed DbCommand (0ms) [Parameters=[@__agvId_0='?' (Size = 10)], CommandType='Text', CommandTimeout='30']
SELECT "o"."AlarmsJson"
FROM "OnboardAlarmSnapshots" AS "o"
WHERE "o"."AgvId" = @__agvId_0
LIMIT 1
[09:05:41 INF] Executed DbCommand (0ms) [Parameters=[@p0='?' (Size = 36), @p1='?' (Size = 64), @p2='?' (Size = 1265), @p3='?' (Size = 18), @p4='?' (DbType = DateTimeOffset), @p5='?' (Size = 673)], CommandType='Text', CommandTimeout='30']
INSERT INTO "ProtocolInbox" ("MessageId", "ContentHash", "FirstResponseJson", "MessageType", "ReceivedAt", "RequestJson")
VALUES (@p0, @p1, @p2, @p3, @p4, @p5);
[09:05:41 INF] Executed DbCommand (0ms) [Parameters=[@p6='?' (Size = 36), @p7='?' (DbType = Int32), @p0='?' (DbType = Int64), @p8='?' (DbType = Int64), @p10='?', @p1='?' (Size = 33), @p2='?' (DbType = DateTimeOffset), @p3='?' (Size = 185), @p4='?' (Size = 12), @p5='?' (Size = 9), @p9='?' (Size = 16)], CommandType='Text', CommandTimeout='30']
UPDATE "OrderIntents" SET "DispatchAuditSequence" = @p0, "LastReconciliationOutcome" = @p1, "LastReconciliationOutcomeAt" = @p2, "LastReconciliationReceiptJson" = @p3, "OrderId" = @p4, "Status" = @p5
WHERE "MovementLegId" = @p6 AND "CreateAttemptCount" = @p7 AND "DispatchAuditSequence" = @p8 AND "ExperimentalCreateAuthorizationId" IS NULL AND "Status" = @p9
RETURNING 1;
[09:05:41 INF] Executed DbCommand (0ms) [Parameters=[@p0='?' (Size = 36), @p1='?' (Size = 36), @p2='?' (DbType = Int32), @p3='?', @p4='?' (Size = 36), @p5='?' (DbType = Int64), @p6='?', @p7='?', @p8='?', @p9='?' (DbType = Int32), @p10='?' (Size = 36), @p11='?' (DbType = DateTimeOffset), @p12='?' (Size = 9), @p13='?' (Size = 26), @p14='?' (Size = 5), @p15='?' (DbType = DateTimeOffset), @p16='?' (Size = 9), @p17='?', @p18='?' (DbType = Boolean), @p19='?' (Size = 12), @p20='?' (DbType = Int64), @p21='?' (Size = 49)], CommandType='Text', CommandTimeout='30']
INSERT INTO "RiotDispatchAuditEvents" ("AuditEventId", "AttemptId", "AttemptNumber", "BusinessCode", "DemandId", "DispatchGeneration", "EligibilityBasis", "ExperimentalAuthorizationId", "FailureCategory", "HttpStatusCode", "MovementLegId", "OccurredAt", "Outcome", "Phase", "ReceiptClassification", "ReceiptObservedAt", "ReceiptOperation", "RequestSemanticSha256", "ResultPresent", "ReturnedOrderId", "Sequence", "UpperId")
VALUES (@p0, @p1, @p2, @p3, @p4, @p5, @p6, @p7, @p8, @p9, @p10, @p11, @p12, @p13, @p14, @p15, @p16, @p17, @p18, @p19, @p20, @p21);
[09:05:41 INF] Executed DbCommand (0ms) [Parameters=[@__upperId_0='?' (Size = 49)], CommandType='Text', CommandTimeout='30']
SELECT "o"."MovementLegId", "o"."AgvLifecycleGeneration", "o"."CreateAttemptCount", "o"."CreateAttemptId", "o"."CreateDispatchArmedAt", "o"."CreatedAt", "o"."DemandId", "o"."DestinationStationId", "o"."DispatchAuditSequence", "o"."DispatchAuditVersion", "o"."DispatchGeneration", "o"."ExperimentalCreateAuthorizationId", "o"."LastCreateOutcome", "o"."LastCreateOutcomeAt", "o"."LastCreateReceiptJson", "o"."LastReconciliationOutcome", "o"."LastReconciliationOutcomeAt", "o"."LastReconciliationReceiptJson", "o"."MapId", "o"."OrderId", "o"."Purpose", "o"."Status", "o"."TargetStationId", "o"."UpperId", "o"."VehicleKey", "o"."VehicleOccupancyClaimedAt", "o"."VehicleOccupancyReleasedAt"
FROM "OrderIntents" AS "o"
WHERE "o"."UpperId" = @__upperId_0
LIMIT 2
[09:05:41 INF] Executed DbCommand (0ms) [Parameters=[@p1='?' (Size = 36), @p2='?' (DbType = Int32), @p3='?' (DbType = Int64), @p5='?', @p4='?' (Size = 9), @p0='?' (DbType = DateTimeOffset)], CommandType='Text', CommandTimeout='30']
UPDATE "OrderIntents" SET "VehicleOccupancyClaimedAt" = @p0
WHERE "MovementLegId" = @p1 AND "CreateAttemptCount" = @p2 AND "DispatchAuditSequence" = @p3 AND "ExperimentalCreateAuthorizationId" IS NULL AND "Status" = @p4
RETURNING 1;
[09:05:41 INF] Executed DbCommand (0ms) [Parameters=[], CommandType='Text', CommandTimeout='30']
SELECT "s"."DemandId", "s"."ReasonCode", "s"."ClearedAt", "s"."DetailJson", "s"."FirstRaisedAt", "s"."LastSeenAt", "s"."TransportDemandKey"
FROM "StructuralDispatchBlocks" AS "s"
WHERE "s"."ClearedAt" IS NULL
[09:05:41 INF] Start processing HTTP request GET http://127.0.0.1:48408/api/imap/v1/mapInfo/stations/25
[09:05:41 INF] Sending HTTP request GET http://127.0.0.1:48408/api/imap/v1/mapInfo/stations/25
[09:05:41 INF] Received HTTP response headers after 0.8755ms - 200
[09:05:41 INF] End processing HTTP request after 7.037ms - 200
[09:05:41 INF] Executed DbCommand (0ms) [Parameters=[@__mapId_0='?' (DbType = Int32)], CommandType='Text', CommandTimeout='30']
SELECT "t"."MapId", "t"."ActiveVersion", "t"."PendingVersion", "t"."State", "t"."UpdatedAt"
FROM "TaskTypeStationActiveBindingSets" AS "t"
WHERE "t"."MapId" = @__mapId_0
LIMIT 2
[09:05:41 INF] Executed DbCommand (0ms) [Parameters=[@__mapId_0='?' (DbType = Int32), @__version_1='?' (DbType = Int64)], CommandType='Text', CommandTimeout='30']
SELECT "t"."MapId", "t"."Version", "t"."CatalogRevision", "t"."ContentSha256", "t"."LoadedAt", "t"."RuleVersion", "t"."SnapshotId", "t"."Source"
FROM "TaskTypeStationBindingSetVersions" AS "t"
WHERE "t"."MapId" = @__mapId_0 AND "t"."Version" = @__version_1
LIMIT 2
[09:05:41 INF] Executed DbCommand (0ms) [Parameters=[@__mapId_0='?' (DbType = Int32), @__version_1='?' (DbType = Int64)], CommandType='Text', CommandTimeout='30']
SELECT "t"."TaskType"
FROM "TaskTypeStationRequirements" AS "t"
WHERE "t"."MapId" = @__mapId_0 AND "t"."Version" = @__version_1
[09:05:41 INF] Executed DbCommand (0ms) [Parameters=[@__mapId_0='?' (DbType = Int32), @__version_1='?' (DbType = Int64)], CommandType='Text', CommandTimeout='30']
SELECT "t"."MapId", "t"."Version", "t"."TaskType", "t"."SiteVerificationRef", "t"."StationName", "t"."StationRiotId"
FROM "TaskTypeStationBindings" AS "t"
WHERE "t"."MapId" = @__mapId_0 AND "t"."Version" = @__version_1
[09:05:41 INF] Executed DbCommand (0ms) [Parameters=[@__version_0='?' (DbType = Int64)], CommandType='Text', CommandTimeout='30']
SELECT "t"."Version", "t"."ContentSha256", "t"."LoadedAt", "t"."SnapshotId", "t"."Source"
FROM "TaskTypeStationRuleVersions" AS "t"
WHERE "t"."Version" = @__version_0
LIMIT 2
[09:05:41 INF] Executed DbCommand (0ms) [Parameters=[@__version_0='?' (DbType = Int64)], CommandType='Text', CommandTimeout='30']
SELECT "t"."Version", "t"."TaskType", "t"."FixedEnd"
FROM "TaskTypeStationRules" AS "t"
WHERE "t"."Version" = @__version_0
[09:05:41 INF] Executed DbCommand (0ms) [Parameters=[@__mapId_0='?' (DbType = Int32)], CommandType='Text', CommandTimeout='30']
SELECT "t"."MapId", "t"."ActiveVersion", "t"."PendingVersion", "t"."State", "t"."UpdatedAt"
FROM "TaskTypeStationActiveBindingSets" AS "t"
WHERE "t"."MapId" = @__mapId_0
LIMIT 2
[09:05:41 INF] Executed DbCommand (0ms) [Parameters=[@__messageId_0='?' (Size = 36)], CommandType='Text', CommandTimeout='30']
SELECT "p"."MessageId", "p"."ContentHash", "p"."FirstResponseJson", "p"."MessageType", "p"."ReceivedAt", "p"."RequestJson"
FROM "ProtocolInbox" AS "p"
WHERE "p"."MessageId" = @__messageId_0
LIMIT 2
[09:05:41 INF] Executed DbCommand (0ms) [Parameters=[@__mapId_0='?' (DbType = Int32)], CommandType='Text', CommandTimeout='30']
SELECT "t"."HoldId", "t"."DetailJson", "t"."MapId", "t"."RaisedAt", "t"."RaisedBy", "t"."ReasonCode", "t"."ReleasedAt", "t"."ReleasedBy", "t"."Source", "t"."TaskType"
FROM "TaskTypeStationHolds" AS "t"
WHERE "t"."MapId" = @__mapId_0 AND "t"."ReleasedAt" IS NULL
[09:05:41 INF] Executed DbCommand (0ms) [Parameters=[@p0='?' (Size = 36), @p1='?' (Size = 64), @p2='?' (Size = 536), @p3='?' (Size = 9), @p4='?' (DbType = DateTimeOffset), @p5='?' (Size = 427)], CommandType='Text', CommandTimeout='30']
INSERT INTO "ProtocolInbox" ("MessageId", "ContentHash", "FirstResponseJson", "MessageType", "ReceivedAt", "RequestJson")
VALUES (@p0, @p1, @p2, @p3, @p4, @p5);
[09:05:41 INF] Executed DbCommand (0ms) [Parameters=[@__mapId_0='?' (DbType = Int32)], CommandType='Text', CommandTimeout='30']
SELECT "m"."MapId", "m"."ApprovedMaxUnconfirmedSeconds", "m"."ApprovedSyncPeriodSeconds", "m"."CatalogRevision", "m"."LastAttemptAt", "m"."LastCompleteConfirmationAt", "m"."LastFailureReason", "m"."State", "m"."UpdatedAt"
FROM "MapStationCatalogStates" AS "m"
WHERE "m"."MapId" = @__mapId_0
LIMIT 2
[09:05:41 INF] Executed DbCommand (0ms) [Parameters=[@p3='?' (DbType = Int32), @p0='?' (DbType = DateTimeOffset), @p1='?' (DbType = DateTimeOffset), @p2='?' (DbType = DateTimeOffset)], CommandType='Text', CommandTimeout='30']
UPDATE "MapStationCatalogStates" SET "LastAttemptAt" = @p0, "LastCompleteConfirmationAt" = @p1, "UpdatedAt" = @p2
WHERE "MapId" = @p3
RETURNING 1;
[09:05:41 INF] Executed DbCommand (0ms) [Parameters=[@__mapId_0='?' (DbType = Int32)], CommandType='Text', CommandTimeout='30']
SELECT "t"."MapId", "t"."ActiveVersion", "t"."PendingVersion", "t"."State", "t"."UpdatedAt"
FROM "TaskTypeStationActiveBindingSets" AS "t"
WHERE "t"."MapId" = @__mapId_0
LIMIT 2
[09:05:41 INF] Executed DbCommand (0ms) [Parameters=[@__mapId_0='?' (DbType = Int32), @__version_1='?' (DbType = Int64)], CommandType='Text', CommandTimeout='30']
SELECT "t"."MapId", "t"."Version", "t"."CatalogRevision", "t"."ContentSha256", "t"."LoadedAt", "t"."RuleVersion", "t"."SnapshotId", "t"."Source"
FROM "TaskTypeStationBindingSetVersions" AS "t"
WHERE "t"."MapId" = @__mapId_0 AND "t"."Version" = @__version_1
LIMIT 2
[09:05:41 INF] Executed DbCommand (0ms) [Parameters=[@__mapId_0='?' (DbType = Int32), @__version_1='?' (DbType = Int64)], CommandType='Text', CommandTimeout='30']
SELECT "t"."TaskType"
FROM "TaskTypeStationRequirements" AS "t"
WHERE "t"."MapId" = @__mapId_0 AND "t"."Version" = @__version_1
[09:05:41 INF] Executed DbCommand (0ms) [Parameters=[@__mapId_0='?' (DbType = Int32), @__version_1='?' (DbType = Int64)], CommandType='Text', CommandTimeout='30']
SELECT "t"."MapId", "t"."Version", "t"."TaskType", "t"."SiteVerificationRef", "t"."StationName", "t"."StationRiotId"
FROM "TaskTypeStationBindings" AS "t"
WHERE "t"."MapId" = @__mapId_0 AND "t"."Version" = @__version_1
[09:05:41 INF] Executed DbCommand (0ms) [Parameters=[@__mapId_0='?' (DbType = Int32)], CommandType='Text', CommandTimeout='30']
SELECT "t"."MapId", "t"."ActiveVersion", "t"."PendingVersion", "t"."State", "t"."UpdatedAt"
FROM "TaskTypeStationActiveBindingSets" AS "t"
WHERE "t"."MapId" = @__mapId_0
LIMIT 2
[09:05:41 INF] Executed DbCommand (0ms) [Parameters=[@__mapId_0='?' (DbType = Int32), @__version_1='?' (DbType = Int64)], CommandType='Text', CommandTimeout='30']
SELECT "t"."MapId", "t"."Version", "t"."CatalogRevision", "t"."ContentSha256", "t"."LoadedAt", "t"."RuleVersion", "t"."SnapshotId", "t"."Source"
FROM "TaskTypeStationBindingSetVersions" AS "t"
WHERE "t"."MapId" = @__mapId_0 AND "t"."Version" = @__version_1
LIMIT 2
[09:05:41 INF] Executed DbCommand (0ms) [Parameters=[@__mapId_0='?' (DbType = Int32), @__version_1='?' (DbType = Int64)], CommandType='Text', CommandTimeout='30']
SELECT "t"."TaskType"
FROM "TaskTypeStationRequirements" AS "t"
WHERE "t"."MapId" = @__mapId_0 AND "t"."Version" = @__version_1
[09:05:42 INF] Executed DbCommand (0ms) [Parameters=[@__mapId_0='?' (DbType = Int32), @__version_1='?' (DbType = Int64)], CommandType='Text', CommandTimeout='30']
SELECT "t"."MapId", "t"."Version", "t"."TaskType", "t"."SiteVerificationRef", "t"."StationName", "t"."StationRiotId"
FROM "TaskTypeStationBindings" AS "t"
WHERE "t"."MapId" = @__mapId_0 AND "t"."Version" = @__version_1
[09:05:42 INF] Executed DbCommand (0ms) [Parameters=[@__version_0='?' (DbType = Int64)], CommandType='Text', CommandTimeout='30']
SELECT "t"."Version", "t"."ContentSha256", "t"."LoadedAt", "t"."SnapshotId", "t"."Source"
FROM "TaskTypeStationRuleVersions" AS "t"
WHERE "t"."Version" = @__version_0
LIMIT 2
[09:05:42 INF] Executed DbCommand (0ms) [Parameters=[@__version_0='?' (DbType = Int64)], CommandType='Text', CommandTimeout='30']
SELECT "t"."Version", "t"."TaskType", "t"."FixedEnd"
FROM "TaskTypeStationRules" AS "t"
WHERE "t"."Version" = @__version_0
[09:05:42 INF] Executed DbCommand (0ms) [Parameters=[], CommandType='Text', CommandTimeout='30']
SELECT "a"."Id", "a"."ContentHash", "a"."DeploymentId", "a"."ImportedAt", "a"."Version"
FROM "AdmissionPolicyState" AS "a"
WHERE "a"."Id" = 1
LIMIT 2
[09:05:42 INF] Executed DbCommand (0ms) [Parameters=[], CommandType='Text', CommandTimeout='30']
SELECT "j"."JourneyId", "j"."AgvId", "j"."AgvLifecycleGeneration", "j"."AreaEndAdmissionRevokedSince", "j"."BlockReasonCode", "j"."BlockReasonSince", "j"."CargoHoldingStartedAt", "j"."ConsumedSafetyResultMessageId", "j"."ConsumedSublotMessageId", "j"."CreatedAt", "j"."DemandId", "j"."DispatchGeneration", "j"."DispatchZone", "j"."ExpectedBasketCount", "j"."FullSlotPositionsJson", "j"."GateMovementLegId", "j"."GatePlanMessageId", "j"."GateStationId", "j"."GateStationRiotId", "j"."GateUpperId", "j"."GateVehicleBusinessMessageId", "j"."GateWorklistMessageId", "j"."LoadCommandMessageId", "j"."LoadSlotOperationAttemptId", "j"."LoadingClosedReason", "j"."LoadingPhaseState", "j"."MapId", "j"."MapIdentity", "j"."OperationSessionId", "j"."PickupMovementLegId", "j"."PickupStationId", "j"."PickupStationRiotId", "j"."PickupUpperId", "j"."PlanMessageId", "j"."PlanRevision", "j"."PreDepartureSafetyCheckId", "j"."PreDepartureSafetyCheckMessageId", "j"."RouteEvidenceId", "j"."Stage", "j"."StationDepartureWaitStartedAt", "j"."SublotRequestMessageId", "j"."TargetSlotsJson", "j"."UnloadCommandMessageId", "j"."UnloadSlotOperationAttemptId", "j"."UpdatedAt", "j"."VehicleBusinessMessageId", "j"."VehicleBusinessRevision", "j"."VehicleKey", "j"."WorklistMessageId", "j"."WorklistRevision", "j"."YieldTriggeredAt", "j"."YieldTriggeredByVehicleKey"
FROM "JourneyRuntimes" AS "j"
WHERE "j"."Stage" <> 'Completed'
[09:05:42 INF] Executed DbCommand (0ms) [Parameters=[@__agvId_0='?' (Size = 10)], CommandType='Text', CommandTimeout='30']
SELECT "s"."AgvId", "s"."ActiveUnlockSlotsJson", "s"."CapabilityHash", "s"."CapabilityRevision", "s"."DepartureSafe", "s"."ForcedRecoveryGeneration", "s"."ManifestSha256", "s"."PendingAttemptIdsJson", "s"."PendingResultIdsJson", "s"."ProfileId", "s"."ProtocolCommit", "s"."ProtocolVersion", "s"."ProvenRecoveryCheckpoint", "s"."Readiness", "s"."ReasonCode", "s"."RecoveryReportId", "s"."ReportedForcedRecoveryGeneration", "s"."ReportedSlotConfigurationFingerprint", "s"."SafetyHash", "s"."SafetyReasonCodesJson", "s"."SafetyRevision", "s"."SafetyUnknownPresent", "s"."SessionGeneration", "s"."UnsettledSlotOperationAttemptId", "s"."UpdatedAt"
FROM "SessionRecoveries" AS "s"
WHERE "s"."AgvId" = @__agvId_0 AND "s"."Readiness" = 'Ready'
LIMIT 2
[09:05:42 INF] Executed DbCommand (0ms) [Parameters=[@p3='?' (Size = 44), @p0='?' (Size = 25), @p1='?' (DbType = DateTimeOffset), @p2='?' (DbType = DateTimeOffset)], CommandType='Text', CommandTimeout='30']
UPDATE "JourneyRuntimes" SET "BlockReasonCode" = @p0, "BlockReasonSince" = @p1, "UpdatedAt" = @p2
WHERE "JourneyId" = @p3
RETURNING 1;
[09:05:42 INF] Start processing HTTP request GET http://127.0.0.1:48408/api/task/v1/task/getVehicleInfo/BROKERX-L2-0001
[09:05:42 INF] Sending HTTP request GET http://127.0.0.1:48408/api/task/v1/task/getVehicleInfo/BROKERX-L2-0001
[09:05:42 INF] Received HTTP response headers after 0.7845ms - 200
[09:05:42 INF] End processing HTTP request after 15.8131ms - 200
[09:05:42 INF] Start processing HTTP request GET http://127.0.0.1:48408/api/order/v1/orderRecord?pageNum=1&pageSize=100&filterByState=1&filterByState=3&filterByState=7&filterByState=9
[09:05:42 INF] Sending HTTP request GET http://127.0.0.1:48408/api/order/v1/orderRecord?pageNum=1&pageSize=100&filterByState=1&filterByState=3&filterByState=7&filterByState=9
[09:05:42 INF] Received HTTP response headers after 1.0506ms - 200
[09:05:42 INF] End processing HTTP request after 33.2772ms - 200
[09:05:42 INF] HTTP GET /api/onboard/v1/vehicle-safety responded 200 in 79.4299 ms
[09:05:42 INF] Executed DbCommand (0ms) [Parameters=[@__messageId_0='?' (Size = 36)], CommandType='Text', CommandTimeout='30']
SELECT "p"."MessageId", "p"."ContentHash", "p"."FirstResponseJson", "p"."MessageType", "p"."ReceivedAt", "p"."RequestJson"
FROM "ProtocolInbox" AS "p"
WHERE "p"."MessageId" = @__messageId_0
LIMIT 2
[09:05:42 INF] Executed DbCommand (0ms) [Parameters=[@__agvId_0='?' (Size = 10)], CommandType='Text', CommandTimeout='30']
SELECT "s"."AgvId", "s"."ActiveUnlockSlotsJson", "s"."CapabilityHash", "s"."CapabilityRevision", "s"."DepartureSafe", "s"."ForcedRecoveryGeneration", "s"."ManifestSha256", "s"."PendingAttemptIdsJson", "s"."PendingResultIdsJson", "s"."ProfileId", "s"."ProtocolCommit", "s"."ProtocolVersion", "s"."ProvenRecoveryCheckpoint", "s"."Readiness", "s"."ReasonCode", "s"."RecoveryReportId", "s"."ReportedForcedRecoveryGeneration", "s"."ReportedSlotConfigurationFingerprint", "s"."SafetyHash", "s"."SafetyReasonCodesJson", "s"."SafetyRevision", "s"."SafetyUnknownPresent", "s"."SessionGeneration", "s"."UnsettledSlotOperationAttemptId", "s"."UpdatedAt"
FROM "SessionRecoveries" AS "s"
WHERE "s"."AgvId" = @__agvId_0
LIMIT 2
[09:05:42 INF] Executed DbCommand (0ms) [Parameters=[@p7='?' (Size = 10), @p0='?' (DbType = Boolean), @p1='?' (Size = 20), @p2='?' (Size = 64), @p3='?' (Size = 2), @p4='?' (DbType = Int64), @p5='?' (DbType = Boolean), @p6='?' (DbType = DateTimeOffset)], CommandType='Text', CommandTimeout='30']
UPDATE "SessionRecoveries" SET "DepartureSafe" = @p0, "ReasonCode" = @p1, "SafetyHash" = @p2, "SafetyReasonCodesJson" = @p3, "SafetyRevision" = @p4, "SafetyUnknownPresent" = @p5, "UpdatedAt" = @p6
WHERE "AgvId" = @p7
RETURNING 1;
[09:05:42 INF] Executed DbCommand (0ms) [Parameters=[@__agvId_0='?' (Size = 10)], CommandType='Text', CommandTimeout='30']
SELECT "s"."AgvId", "s"."ActiveUnlockSlotsJson", "s"."CapabilityHash", "s"."CapabilityRevision", "s"."DepartureSafe", "s"."ForcedRecoveryGeneration", "s"."ManifestSha256", "s"."PendingAttemptIdsJson", "s"."PendingResultIdsJson", "s"."ProfileId", "s"."ProtocolCommit", "s"."ProtocolVersion", "s"."ProvenRecoveryCheckpoint", "s"."Readiness", "s"."ReasonCode", "s"."RecoveryReportId", "s"."ReportedForcedRecoveryGeneration", "s"."ReportedSlotConfigurationFingerprint", "s"."SafetyHash", "s"."SafetyReasonCodesJson", "s"."SafetyRevision", "s"."SafetyUnknownPresent", "s"."SessionGeneration", "s"."UnsettledSlotOperationAttemptId", "s"."UpdatedAt"
FROM "SessionRecoveries" AS "s"
WHERE "s"."AgvId" = @__agvId_0
LIMIT 2
[09:05:42 INF] Executed DbCommand (0ms) [Parameters=[@__agvId_0='?' (Size = 10)], CommandType='Text', CommandTimeout='30']
SELECT EXISTS (
    SELECT 1
    FROM "StationOperations" AS "s"
    INNER JOIN (
        SELECT "j"."JourneyId", "j"."DemandId", "j"."AddedAt", "j"."DispatchGeneration", "j"."DispatchZone", "j"."DispatchZoneParameterVersion", "j"."ExpectedBasketCount", "j"."LoadCommandMessageId", "j"."LoadSlotOperationAttemptId", "j"."LoadedSlotsJson", "j"."PickupStopId", "j"."RemovalReason", "j"."RemovedAt", "j"."Status", "j"."TargetSlotsJson", "j"."UnloadCommandMessageId", "j"."UnloadSlotOperationAttemptId", "j"."UnloadStopId"
        FROM "JourneyDemands" AS "j"
        WHERE "j"."RemovedAt" IS NULL
    ) AS "t" ON "s"."DemandId" = "t"."DemandId"
    INNER JOIN "JourneyRuntimes" AS "j0" ON "t"."JourneyId" = "j0"."JourneyId"
    WHERE "j0"."AgvId" = @__agvId_0 AND "s"."Status" = 'RecoveryRequired')
[09:05:42 INF] Executed DbCommand (0ms) [Parameters=[@__agvId_0='?' (Size = 10)], CommandType='Text', CommandTimeout='30']
SELECT EXISTS (
    SELECT 1
    FROM "RecoveryWorkflows" AS "r"
    WHERE "r"."AgvId" = @__agvId_0 AND "r"."WorkflowType" = 'FORCED_MECHANICAL_RECOVERY' AND "r"."State" <> 'HistoricalOnly' AND NOT EXISTS (
        SELECT 1
        FROM "HardwareRecoveryRecords" AS "h"
        WHERE "h"."RecoveryActionId" = "r"."WorkflowId"))
[09:05:42 INF] Executed DbCommand (0ms) [Parameters=[@__agvId_0='?' (Size = 10)], CommandType='Text', CommandTimeout='30']
SELECT "a"."AgvId", "a"."ActivatedAt", "a"."ActivationId", "a"."ConfigurationVersion", "a"."Fingerprint", "a"."SlotModelVersionId", "a"."SnapshotId"
FROM "ActiveSlotConfigurations" AS "a"
WHERE "a"."AgvId" = @__agvId_0
LIMIT 1
[09:05:42 INF] Executed DbCommand (0ms) [Parameters=[@p3='?' (Size = 10), @p0='?' (Size = 5), @p1='?' (Size = 5), @p2='?' (DbType = DateTimeOffset)], CommandType='Text', CommandTimeout='30']
UPDATE "SessionRecoveries" SET "Readiness" = @p0, "ReasonCode" = @p1, "UpdatedAt" = @p2
WHERE "AgvId" = @p3
RETURNING 1;
[09:05:42 INF] Executed DbCommand (0ms) [Parameters=[@__agvId_0='?' (Size = 10)], CommandType='Text', CommandTimeout='30']
SELECT "o"."AlarmsJson"
FROM "OnboardAlarmSnapshots" AS "o"
WHERE "o"."AgvId" = @__agvId_0
LIMIT 1
[09:05:42 INF] Executed DbCommand (0ms) [Parameters=[@p0='?' (Size = 36), @p1='?' (Size = 64), @p2='?' (Size = 1235), @p3='?' (Size = 18), @p4='?' (DbType = DateTimeOffset), @p5='?' (Size = 653)], CommandType='Text', CommandTimeout='30']
INSERT INTO "ProtocolInbox" ("MessageId", "ContentHash", "FirstResponseJson", "MessageType", "ReceivedAt", "RequestJson")
VALUES (@p0, @p1, @p2, @p3, @p4, @p5);
[09:05:42 INF] Executed DbCommand (0ms) [Parameters=[@__messageId_0='?' (Size = 36)], CommandType='Text', CommandTimeout='30']
SELECT "p"."MessageId", "p"."ContentHash", "p"."FirstResponseJson", "p"."MessageType", "p"."ReceivedAt", "p"."RequestJson"
FROM "ProtocolInbox" AS "p"
WHERE "p"."MessageId" = @__messageId_0
LIMIT 2
[09:05:42 INF] Executed DbCommand (0ms) [Parameters=[@__agvId_0='?' (Size = 10)], CommandType='Text', CommandTimeout='30']
SELECT "o"."AlarmsJson"
FROM "OnboardAlarmSnapshots" AS "o"
WHERE "o"."AgvId" = @__agvId_0
LIMIT 1
[09:05:42 INF] Executed DbCommand (0ms) [Parameters=[@__snapshot_AgvId_0='?' (Size = 10)], CommandType='Text', CommandTimeout='30']
SELECT "o"."AgvId", "o"."AlarmsJson", "o"."CapturedAt", "o"."ReceivedAt", "o"."SessionGeneration", "o"."SnapshotSequence"
FROM "OnboardAlarmSnapshots" AS "o"
WHERE "o"."AgvId" = @__snapshot_AgvId_0
LIMIT 1
[09:05:42 INF] Executed DbCommand (0ms) [Parameters=[@p4='?' (Size = 10), @p0='?' (Size = 2), @p1='?' (DbType = DateTimeOffset), @p2='?' (DbType = DateTimeOffset), @p3='?' (DbType = Int64)], CommandType='Text', CommandTimeout='30']
UPDATE "OnboardAlarmSnapshots" SET "AlarmsJson" = @p0, "CapturedAt" = @p1, "ReceivedAt" = @p2, "SnapshotSequence" = @p3
WHERE "AgvId" = @p4
RETURNING 1;
[09:05:42 INF] Executed DbCommand (0ms) [Parameters=[@__agvId_0='?' (Size = 10)], CommandType='Text', CommandTimeout='30']
SELECT "o"."AlarmsJson"
FROM "OnboardAlarmSnapshots" AS "o"
WHERE "o"."AgvId" = @__agvId_0
LIMIT 1
[09:05:42 INF] Executed DbCommand (0ms) [Parameters=[@p0='?' (Size = 36), @p1='?' (Size = 64), @p2='?' (Size = 624), @p3='?' (Size = 20), @p4='?' (DbType = DateTimeOffset), @p5='?' (Size = 485)], CommandType='Text', CommandTimeout='30']
INSERT INTO "ProtocolInbox" ("MessageId", "ContentHash", "FirstResponseJson", "MessageType", "ReceivedAt", "RequestJson")
VALUES (@p0, @p1, @p2, @p3, @p4, @p5);
[09:05:42 INF] Start processing HTTP request GET http://127.0.0.1:48408/api/imap/v1/mapInfo/stations/25
[09:05:42 INF] Sending HTTP request GET http://127.0.0.1:48408/api/imap/v1/mapInfo/stations/25
[09:05:42 INF] Received HTTP response headers after 0.9105ms - 200
[09:05:42 INF] End processing HTTP request after 15.6931ms - 200
[09:05:42 INF] Executed DbCommand (0ms) [Parameters=[@__mapId_0='?' (DbType = Int32)], CommandType='Text', CommandTimeout='30']
SELECT "t"."MapId", "t"."ActiveVersion", "t"."PendingVersion", "t"."State", "t"."UpdatedAt"
FROM "TaskTypeStationActiveBindingSets" AS "t"
WHERE "t"."MapId" = @__mapId_0
LIMIT 2
[09:05:42 INF] Executed DbCommand (0ms) [Parameters=[@__mapId_0='?' (DbType = Int32), @__version_1='?' (DbType = Int64)], CommandType='Text', CommandTimeout='30']
SELECT "t"."MapId", "t"."Version", "t"."CatalogRevision", "t"."ContentSha256", "t"."LoadedAt", "t"."RuleVersion", "t"."SnapshotId", "t"."Source"
FROM "TaskTypeStationBindingSetVersions" AS "t"
WHERE "t"."MapId" = @__mapId_0 AND "t"."Version" = @__version_1
LIMIT 2
[09:05:42 INF] Executed DbCommand (0ms) [Parameters=[@__mapId_0='?' (DbType = Int32), @__version_1='?' (DbType = Int64)], CommandType='Text', CommandTimeout='30']
SELECT "t"."TaskType"
FROM "TaskTypeStationRequirements" AS "t"
WHERE "t"."MapId" = @__mapId_0 AND "t"."Version" = @__version_1
[09:05:42 INF] Executed DbCommand (0ms) [Parameters=[@__mapId_0='?' (DbType = Int32), @__version_1='?' (DbType = Int64)], CommandType='Text', CommandTimeout='30']
SELECT "t"."MapId", "t"."Version", "t"."TaskType", "t"."SiteVerificationRef", "t"."StationName", "t"."StationRiotId"
FROM "TaskTypeStationBindings" AS "t"
WHERE "t"."MapId" = @__mapId_0 AND "t"."Version" = @__version_1
[09:05:42 INF] Executed DbCommand (0ms) [Parameters=[@__version_0='?' (DbType = Int64)], CommandType='Text', CommandTimeout='30']
SELECT "t"."Version", "t"."ContentSha256", "t"."LoadedAt", "t"."SnapshotId", "t"."Source"
FROM "TaskTypeStationRuleVersions" AS "t"
WHERE "t"."Version" = @__version_0
LIMIT 2
[09:05:42 INF] Executed DbCommand (0ms) [Parameters=[@__version_0='?' (DbType = Int64)], CommandType='Text', CommandTimeout='30']
SELECT "t"."Version", "t"."TaskType", "t"."FixedEnd"
FROM "TaskTypeStationRules" AS "t"
WHERE "t"."Version" = @__version_0
[09:05:42 INF] Executed DbCommand (0ms) [Parameters=[@__mapId_0='?' (DbType = Int32)], CommandType='Text', CommandTimeout='30']
SELECT "t"."MapId", "t"."ActiveVersion", "t"."PendingVersion", "t"."State", "t"."UpdatedAt"
FROM "TaskTypeStationActiveBindingSets" AS "t"
WHERE "t"."MapId" = @__mapId_0
LIMIT 2
[09:05:42 INF] Executed DbCommand (0ms) [Parameters=[@__mapId_0='?' (DbType = Int32)], CommandType='Text', CommandTimeout='30']
SELECT "t"."HoldId", "t"."DetailJson", "t"."MapId", "t"."RaisedAt", "t"."RaisedBy", "t"."ReasonCode", "t"."ReleasedAt", "t"."ReleasedBy", "t"."Source", "t"."TaskType"
FROM "TaskTypeStationHolds" AS "t"
WHERE "t"."MapId" = @__mapId_0 AND "t"."ReleasedAt" IS NULL
[09:05:42 INF] Executed DbCommand (0ms) [Parameters=[@__mapId_0='?' (DbType = Int32)], CommandType='Text', CommandTimeout='30']
SELECT "m"."MapId", "m"."ApprovedMaxUnconfirmedSeconds", "m"."ApprovedSyncPeriodSeconds", "m"."CatalogRevision", "m"."LastAttemptAt", "m"."LastCompleteConfirmationAt", "m"."LastFailureReason", "m"."State", "m"."UpdatedAt"
FROM "MapStationCatalogStates" AS "m"
WHERE "m"."MapId" = @__mapId_0
LIMIT 2
[09:05:42 INF] Executed DbCommand (0ms) [Parameters=[@p3='?' (DbType = Int32), @p0='?' (DbType = DateTimeOffset), @p1='?' (DbType = DateTimeOffset), @p2='?' (DbType = DateTimeOffset)], CommandType='Text', CommandTimeout='30']
UPDATE "MapStationCatalogStates" SET "LastAttemptAt" = @p0, "LastCompleteConfirmationAt" = @p1, "UpdatedAt" = @p2
WHERE "MapId" = @p3
RETURNING 1;
[09:05:42 INF] Executed DbCommand (0ms) [Parameters=[@__mapId_0='?' (DbType = Int32)], CommandType='Text', CommandTimeout='30']
SELECT "t"."MapId", "t"."ActiveVersion", "t"."PendingVersion", "t"."State", "t"."UpdatedAt"
FROM "TaskTypeStationActiveBindingSets" AS "t"
WHERE "t"."MapId" = @__mapId_0
LIMIT 2
[09:05:42 INF] Executed DbCommand (0ms) [Parameters=[@__mapId_0='?' (DbType = Int32), @__version_1='?' (DbType = Int64)], CommandType='Text', CommandTimeout='30']
SELECT "t"."MapId", "t"."Version", "t"."CatalogRevision", "t"."ContentSha256", "t"."LoadedAt", "t"."RuleVersion", "t"."SnapshotId", "t"."Source"
FROM "TaskTypeStationBindingSetVersions" AS "t"
WHERE "t"."MapId" = @__mapId_0 AND "t"."Version" = @__version_1
LIMIT 2
[09:05:42 INF] Executed DbCommand (0ms) [Parameters=[@__mapId_0='?' (DbType = Int32), @__version_1='?' (DbType = Int64)], CommandType='Text', CommandTimeout='30']
SELECT "t"."TaskType"
FROM "TaskTypeStationRequirements" AS "t"
WHERE "t"."MapId" = @__mapId_0 AND "t"."Version" = @__version_1
[09:05:42 INF] Executed DbCommand (0ms) [Parameters=[@__mapId_0='?' (DbType = Int32), @__version_1='?' (DbType = Int64)], CommandType='Text', CommandTimeout='30']
SELECT "t"."MapId", "t"."Version", "t"."TaskType", "t"."SiteVerificationRef", "t"."StationName", "t"."StationRiotId"
FROM "TaskTypeStationBindings" AS "t"
WHERE "t"."MapId" = @__mapId_0 AND "t"."Version" = @__version_1
[09:05:42 INF] Executed DbCommand (0ms) [Parameters=[@__mapId_0='?' (DbType = Int32)], CommandType='Text', CommandTimeout='30']
SELECT "t"."MapId", "t"."ActiveVersion", "t"."PendingVersion", "t"."State", "t"."UpdatedAt"
FROM "TaskTypeStationActiveBindingSets" AS "t"
WHERE "t"."MapId" = @__mapId_0
LIMIT 2
[09:05:42 INF] Executed DbCommand (0ms) [Parameters=[@__mapId_0='?' (DbType = Int32), @__version_1='?' (DbType = Int64)], CommandType='Text', CommandTimeout='30']
SELECT "t"."MapId", "t"."Version", "t"."CatalogRevision", "t"."ContentSha256", "t"."LoadedAt", "t"."RuleVersion", "t"."SnapshotId", "t"."Source"
FROM "TaskTypeStationBindingSetVersions" AS "t"
WHERE "t"."MapId" = @__mapId_0 AND "t"."Version" = @__version_1
LIMIT 2
[09:05:42 INF] Executed DbCommand (0ms) [Parameters=[@__mapId_0='?' (DbType = Int32), @__version_1='?' (DbType = Int64)], CommandType='Text', CommandTimeout='30']
SELECT "t"."TaskType"
FROM "TaskTypeStationRequirements" AS "t"
WHERE "t"."MapId" = @__mapId_0 AND "t"."Version" = @__version_1
[09:05:42 INF] Executed DbCommand (0ms) [Parameters=[@__mapId_0='?' (DbType = Int32), @__version_1='?' (DbType = Int64)], CommandType='Text', CommandTimeout='30']
SELECT "t"."MapId", "t"."Version", "t"."TaskType", "t"."SiteVerificationRef", "t"."StationName", "t"."StationRiotId"
FROM "TaskTypeStationBindings" AS "t"
WHERE "t"."MapId" = @__mapId_0 AND "t"."Version" = @__version_1
[09:05:42 INF] Executed DbCommand (0ms) [Parameters=[@__version_0='?' (DbType = Int64)], CommandType='Text', CommandTimeout='30']
SELECT "t"."Version", "t"."ContentSha256", "t"."LoadedAt", "t"."SnapshotId", "t"."Source"
FROM "TaskTypeStationRuleVersions" AS "t"
WHERE "t"."Version" = @__version_0
LIMIT 2
[09:05:42 INF] Executed DbCommand (0ms) [Parameters=[@__version_0='?' (DbType = Int64)], CommandType='Text', CommandTimeout='30']
SELECT "t"."Version", "t"."TaskType", "t"."FixedEnd"
FROM "TaskTypeStationRules" AS "t"
WHERE "t"."Version" = @__version_0
[09:05:42 INF] Executed DbCommand (0ms) [Parameters=[], CommandType='Text', CommandTimeout='30']
SELECT "a"."Id", "a"."ContentHash", "a"."DeploymentId", "a"."ImportedAt", "a"."Version"
FROM "AdmissionPolicyState" AS "a"
WHERE "a"."Id" = 1
LIMIT 2
[09:05:42 INF] Executed DbCommand (0ms) [Parameters=[], CommandType='Text', CommandTimeout='30']
SELECT "j"."JourneyId", "j"."AgvId", "j"."AgvLifecycleGeneration", "j"."AreaEndAdmissionRevokedSince", "j"."BlockReasonCode", "j"."BlockReasonSince", "j"."CargoHoldingStartedAt", "j"."ConsumedSafetyResultMessageId", "j"."ConsumedSublotMessageId", "j"."CreatedAt", "j"."DemandId", "j"."DispatchGeneration", "j"."DispatchZone", "j"."ExpectedBasketCount", "j"."FullSlotPositionsJson", "j"."GateMovementLegId", "j"."GatePlanMessageId", "j"."GateStationId", "j"."GateStationRiotId", "j"."GateUpperId", "j"."GateVehicleBusinessMessageId", "j"."GateWorklistMessageId", "j"."LoadCommandMessageId", "j"."LoadSlotOperationAttemptId", "j"."LoadingClosedReason", "j"."LoadingPhaseState", "j"."MapId", "j"."MapIdentity", "j"."OperationSessionId", "j"."PickupMovementLegId", "j"."PickupStationId", "j"."PickupStationRiotId", "j"."PickupUpperId", "j"."PlanMessageId", "j"."PlanRevision", "j"."PreDepartureSafetyCheckId", "j"."PreDepartureSafetyCheckMessageId", "j"."RouteEvidenceId", "j"."Stage", "j"."StationDepartureWaitStartedAt", "j"."SublotRequestMessageId", "j"."TargetSlotsJson", "j"."UnloadCommandMessageId", "j"."UnloadSlotOperationAttemptId", "j"."UpdatedAt", "j"."VehicleBusinessMessageId", "j"."VehicleBusinessRevision", "j"."VehicleKey", "j"."WorklistMessageId", "j"."WorklistRevision", "j"."YieldTriggeredAt", "j"."YieldTriggeredByVehicleKey"
FROM "JourneyRuntimes" AS "j"
WHERE "j"."Stage" <> 'Completed'
[09:05:42 INF] Executed DbCommand (0ms) [Parameters=[@__agvId_0='?' (Size = 10)], CommandType='Text', CommandTimeout='30']
SELECT "s"."AgvId", "s"."ActiveUnlockSlotsJson", "s"."CapabilityHash", "s"."CapabilityRevision", "s"."DepartureSafe", "s"."ForcedRecoveryGeneration", "s"."ManifestSha256", "s"."PendingAttemptIdsJson", "s"."PendingResultIdsJson", "s"."ProfileId", "s"."ProtocolCommit", "s"."ProtocolVersion", "s"."ProvenRecoveryCheckpoint", "s"."Readiness", "s"."ReasonCode", "s"."RecoveryReportId", "s"."ReportedForcedRecoveryGeneration", "s"."ReportedSlotConfigurationFingerprint", "s"."SafetyHash", "s"."SafetyReasonCodesJson", "s"."SafetyRevision", "s"."SafetyUnknownPresent", "s"."SessionGeneration", "s"."UnsettledSlotOperationAttemptId", "s"."UpdatedAt"
FROM "SessionRecoveries" AS "s"
WHERE "s"."AgvId" = @__agvId_0 AND "s"."Readiness" = 'Ready'
LIMIT 2
[09:05:42 INF] Executed DbCommand (0ms) [Parameters=[], CommandType='Text', CommandTimeout='30']
SELECT "p"."MessageId", "p"."AcknowledgedAt", "p"."CreatedAt", "p"."FencedAt", "p"."MessageType", "p"."PayloadJson"
FROM "ProtocolOutbox" AS "p"
WHERE "p"."AcknowledgedAt" IS NULL AND "p"."FencedAt" IS NULL
[09:05:42 INF] Executed DbCommand (0ms) [Parameters=[@__upperId_0='?' (Size = 49)], CommandType='Text', CommandTimeout='30']
SELECT "o"."MovementLegId", "o"."AgvLifecycleGeneration", "o"."CreateAttemptCount", "o"."CreateAttemptId", "o"."CreateDispatchArmedAt", "o"."CreatedAt", "o"."DemandId", "o"."DestinationStationId", "o"."DispatchAuditSequence", "o"."DispatchAuditVersion", "o"."DispatchGeneration", "o"."ExperimentalCreateAuthorizationId", "o"."LastCreateOutcome", "o"."LastCreateOutcomeAt", "o"."LastCreateReceiptJson", "o"."LastReconciliationOutcome", "o"."LastReconciliationOutcomeAt", "o"."LastReconciliationReceiptJson", "o"."MapId", "o"."OrderId", "o"."Purpose", "o"."Status", "o"."TargetStationId", "o"."UpperId", "o"."VehicleKey", "o"."VehicleOccupancyClaimedAt", "o"."VehicleOccupancyReleasedAt"
FROM "OrderIntents" AS "o"
WHERE "o"."UpperId" = @__upperId_0
LIMIT 2
[09:05:42 INF] Executed DbCommand (0ms) [Parameters=[@__messageId_0='?' (Size = 36)], CommandType='Text', CommandTimeout='30']
SELECT EXISTS (
    SELECT 1
    FROM "ProtocolOutbox" AS "p"
    WHERE "p"."MessageId" = @__messageId_0)
[09:05:42 INF] Executed DbCommand (0ms) [Parameters=[@__messageId_0='?' (Size = 36)], CommandType='Text', CommandTimeout='30']
SELECT "p"."MessageId", "p"."AcknowledgedAt", "p"."CreatedAt", "p"."FencedAt", "p"."MessageType", "p"."PayloadJson"
FROM "ProtocolOutbox" AS "p"
WHERE "p"."MessageId" = @__messageId_0
LIMIT 2
[09:05:42 INF] Executed DbCommand (0ms) [Parameters=[@__messageId_0='?' (Size = 36)], CommandType='Text', CommandTimeout='30']
SELECT "p"."MessageId", "p"."AcknowledgedAt", "p"."CreatedAt", "p"."FencedAt", "p"."MessageType", "p"."PayloadJson"
FROM "ProtocolOutbox" AS "p"
WHERE "p"."MessageId" = @__messageId_0
LIMIT 2
[09:05:42 INF] Executed DbCommand (1ms) [Parameters=[@p0='?' (Size = 36), @p1='?' (DbType = DateTimeOffset), @p2='?' (DbType = DateTimeOffset), @p3='?' (DbType = DateTimeOffset), @p4='?' (Size = 24), @p5='?' (Size = 952)], CommandType='Text', CommandTimeout='30']
INSERT INTO "ProtocolOutbox" ("MessageId", "AcknowledgedAt", "CreatedAt", "FencedAt", "MessageType", "PayloadJson")
VALUES (@p0, @p1, @p2, @p3, @p4, @p5);
[09:05:42 INF] Executed DbCommand (0ms) [Parameters=[@__runtime_DemandId_0='?' (Size = 36), @__purpose_1='?' (Size = 9)], CommandType='Text', CommandTimeout='30']
SELECT "o"."MovementLegId", "o"."AgvLifecycleGeneration", "o"."CreateAttemptCount", "o"."CreateAttemptId", "o"."CreateDispatchArmedAt", "o"."CreatedAt", "o"."DemandId", "o"."DestinationStationId", "o"."DispatchAuditSequence", "o"."DispatchAuditVersion", "o"."DispatchGeneration", "o"."ExperimentalCreateAuthorizationId", "o"."LastCreateOutcome", "o"."LastCreateOutcomeAt", "o"."LastCreateReceiptJson", "o"."LastReconciliationOutcome", "o"."LastReconciliationOutcomeAt", "o"."LastReconciliationReceiptJson", "o"."MapId", "o"."OrderId", "o"."Purpose", "o"."Status", "o"."TargetStationId", "o"."UpperId", "o"."VehicleKey", "o"."VehicleOccupancyClaimedAt", "o"."VehicleOccupancyReleasedAt"
FROM "OrderIntents" AS "o"
WHERE "o"."DemandId" = @__runtime_DemandId_0 AND "o"."Purpose" = @__purpose_1
LIMIT 2
[09:05:42 INF] Start processing HTTP request GET http://127.0.0.1:48408/api/order/v1/orderRecord/detailByUpperId/W2G-6d6d0330-4fbd-49d4-9b39-1b49c82a96be-PICKUP-1
[09:05:42 INF] Sending HTTP request GET http://127.0.0.1:48408/api/order/v1/orderRecord/detailByUpperId/W2G-6d6d0330-4fbd-49d4-9b39-1b49c82a96be-PICKUP-1
[09:05:42 INF] Received HTTP response headers after 0.6273ms - 200
[09:05:42 INF] End processing HTTP request after 31.4737ms - 200
[09:05:42 INF] Executed DbCommand (0ms) [Parameters=[@__messageId_0='?' (Size = 36)], CommandType='Text', CommandTimeout='30']
SELECT "p"."MessageId", "p"."ContentHash", "p"."FirstResponseJson", "p"."MessageType", "p"."ReceivedAt", "p"."RequestJson"
FROM "ProtocolInbox" AS "p"
WHERE "p"."MessageId" = @__messageId_0
LIMIT 2
[09:05:42 INF] Start processing HTTP request GET http://127.0.0.1:48408/api/task/vehicles/getVehicleInfoByDeviceKey?key=BROKERX-L2-0001
[09:05:42 INF] Executed DbCommand (0ms) [Parameters=[@__messageId_0='?' (Size = 36)], CommandType='Text', CommandTimeout='30']
SELECT "p"."MessageId", "p"."AcknowledgedAt", "p"."CreatedAt", "p"."FencedAt", "p"."MessageType", "p"."PayloadJson"
FROM "ProtocolOutbox" AS "p"
WHERE "p"."MessageId" = @__messageId_0
LIMIT 2
[09:05:42 INF] Sending HTTP request GET http://127.0.0.1:48408/api/task/vehicles/getVehicleInfoByDeviceKey?key=BROKERX-L2-0001
[09:05:42 INF] Executed DbCommand (0ms) [Parameters=[@p1='?' (Size = 36), @p0='?' (DbType = DateTimeOffset)], CommandType='Text', CommandTimeout='30']
UPDATE "ProtocolOutbox" SET "AcknowledgedAt" = @p0
WHERE "MessageId" = @p1
RETURNING 1;
[09:05:42 INF] Received HTTP response headers after 0.9123ms - 200
[09:05:42 INF] Executed DbCommand (0ms) [Parameters=[@p0='?' (Size = 36), @p1='?' (Size = 64), @p2='?', @p3='?' (Size = 18), @p4='?' (DbType = DateTimeOffset), @p5='?' (Size = 630)], CommandType='Text', CommandTimeout='30']
INSERT INTO "ProtocolInbox" ("MessageId", "ContentHash", "FirstResponseJson", "MessageType", "ReceivedAt", "RequestJson")
VALUES (@p0, @p1, @p2, @p3, @p4, @p5);
[09:05:42 INF] End processing HTTP request after 63.688ms - 200
[09:05:42 INF] Executed DbCommand (0ms) [Parameters=[@__agvId_0='?' (Size = 10)], CommandType='Text', CommandTimeout='30']
SELECT "s"."AgvId", "s"."ActiveUnlockSlotsJson", "s"."CapabilityHash", "s"."CapabilityRevision", "s"."DepartureSafe", "s"."ForcedRecoveryGeneration", "s"."ManifestSha256", "s"."PendingAttemptIdsJson", "s"."PendingResultIdsJson", "s"."ProfileId", "s"."ProtocolCommit", "s"."ProtocolVersion", "s"."ProvenRecoveryCheckpoint", "s"."Readiness", "s"."ReasonCode", "s"."RecoveryReportId", "s"."ReportedForcedRecoveryGeneration", "s"."ReportedSlotConfigurationFingerprint", "s"."SafetyHash", "s"."SafetyReasonCodesJson", "s"."SafetyRevision", "s"."SafetyUnknownPresent", "s"."SessionGeneration", "s"."UnsettledSlotOperationAttemptId", "s"."UpdatedAt"
FROM "SessionRecoveries" AS "s"
WHERE "s"."AgvId" = @__agvId_0 AND "s"."Readiness" = 'Ready'
LIMIT 2
[09:05:42 INF] Executed DbCommand (0ms) [Parameters=[@__messageType_0='?' (Size = 18)], CommandType='Text', CommandTimeout='30']
SELECT "p"."MessageId", "p"."ContentHash", "p"."FirstResponseJson", "p"."MessageType", "p"."ReceivedAt", "p"."RequestJson"
FROM "ProtocolInbox" AS "p"
WHERE "p"."MessageType" = @__messageType_0
[09:05:42 INF] Executed DbCommand (0ms) [Parameters=[], CommandType='Text', CommandTimeout='30']
SELECT "p"."MessageId", "p"."ContentHash", "p"."FirstResponseJson", "p"."MessageType", "p"."ReceivedAt", "p"."RequestJson"
FROM "ProtocolInbox" AS "p"
WHERE "p"."MessageType" = 'SafetyStateSnapshot'
[09:05:42 INF] Executed DbCommand (0ms) [Parameters=[], CommandType='Text', CommandTimeout='30']
SELECT "p"."MessageId", "p"."ContentHash", "p"."FirstResponseJson", "p"."MessageType", "p"."ReceivedAt", "p"."RequestJson"
FROM "ProtocolInbox" AS "p"
WHERE "p"."MessageType" IN ('SafetyStateSnapshot', 'SafetyStateChanged')
[09:05:42 INF] Executed DbCommand (0ms) [Parameters=[], CommandType='Text', CommandTimeout='30']
SELECT "p"."MessageId", "p"."ContentHash", "p"."FirstResponseJson", "p"."MessageType", "p"."ReceivedAt", "p"."RequestJson"
FROM "ProtocolInbox" AS "p"
[09:05:42 INF] Executed DbCommand (0ms) [Parameters=[@__runtime_DemandId_0='?' (Size = 36)], CommandType='Text', CommandTimeout='30']
SELECT "a"."DemandId", "a"."AcceptedAt", "a"."CatalogRevision", "a"."CreatedAt", "a"."DemandRevision", "a"."Generation", "a"."HistoryEpoch", "a"."LiveMesFieldsJson", "a"."SeriesId", "a"."Status", "a"."Sublot", "a"."TransportDemandKey", "a"."ValueObservedAt", "a"."ValuePollTraceId", "a"."ValueProjectionCommitId", "a"."WorkType"
FROM "AcceptedDemands" AS "a"
WHERE "a"."DemandId" = @__runtime_DemandId_0
LIMIT 2
[09:05:42 INF] Executed DbCommand (0ms) [Parameters=[@__messageId_0='?' (Size = 36)], CommandType='Text', CommandTimeout='30']
SELECT "p"."MessageId", "p"."AcknowledgedAt", "p"."CreatedAt", "p"."FencedAt", "p"."MessageType", "p"."PayloadJson"
FROM "ProtocolOutbox" AS "p"
WHERE "p"."MessageId" = @__messageId_0
LIMIT 2
[09:05:42 INF] Executed DbCommand (0ms) [Parameters=[@__messageId_0='?' (Size = 36)], CommandType='Text', CommandTimeout='30']
SELECT "p"."MessageId", "p"."AcknowledgedAt", "p"."CreatedAt", "p"."FencedAt", "p"."MessageType", "p"."PayloadJson"
FROM "ProtocolOutbox" AS "p"
WHERE "p"."MessageId" = @__messageId_0
LIMIT 2
[09:05:42 INF] Executed DbCommand (1ms) [Parameters=[@p0='?' (Size = 36), @p1='?' (DbType = DateTimeOffset), @p2='?' (DbType = DateTimeOffset), @p3='?' (DbType = DateTimeOffset), @p4='?' (Size = 28), @p5='?' (Size = 731)], CommandType='Text', CommandTimeout='30']
INSERT INTO "ProtocolOutbox" ("MessageId", "AcknowledgedAt", "CreatedAt", "FencedAt", "MessageType", "PayloadJson")
VALUES (@p0, @p1, @p2, @p3, @p4, @p5);
[09:05:42 INF] Executed DbCommand (0ms) [Parameters=[@__messageId_0='?' (Size = 36)], CommandType='Text', CommandTimeout='30']
SELECT "p"."MessageId", "p"."AcknowledgedAt", "p"."CreatedAt", "p"."FencedAt", "p"."MessageType", "p"."PayloadJson"
FROM "ProtocolOutbox" AS "p"
WHERE "p"."MessageId" = @__messageId_0
LIMIT 2
[09:05:42 INF] Executed DbCommand (0ms) [Parameters=[@__messageId_0='?' (Size = 36)], CommandType='Text', CommandTimeout='30']
SELECT "p"."MessageId", "p"."AcknowledgedAt", "p"."CreatedAt", "p"."FencedAt", "p"."MessageType", "p"."PayloadJson"
FROM "ProtocolOutbox" AS "p"
WHERE "p"."MessageId" = @__messageId_0
LIMIT 2
[09:05:42 INF] Executed DbCommand (0ms) [Parameters=[@p1='?' (Size = 44), @p0='?' (DbType = DateTimeOffset)], CommandType='Text', CommandTimeout='30']
UPDATE "JourneyRuntimes" SET "StationDepartureWaitStartedAt" = @p0
WHERE "JourneyId" = @p1
RETURNING 1;
[09:05:42 INF] Executed DbCommand (0ms) [Parameters=[@p0='?' (Size = 36), @p1='?' (DbType = DateTimeOffset), @p2='?' (DbType = DateTimeOffset), @p3='?' (DbType = DateTimeOffset), @p4='?' (Size = 27), @p5='?' (Size = 815)], CommandType='Text', CommandTimeout='30']
INSERT INTO "ProtocolOutbox" ("MessageId", "AcknowledgedAt", "CreatedAt", "FencedAt", "MessageType", "PayloadJson")
VALUES (@p0, @p1, @p2, @p3, @p4, @p5);
[09:05:42 INF] Executed DbCommand (0ms) [Parameters=[@__messageId_0='?' (Size = 36)], CommandType='Text', CommandTimeout='30']
SELECT "p"."MessageId", "p"."AcknowledgedAt", "p"."CreatedAt", "p"."FencedAt", "p"."MessageType", "p"."PayloadJson"
FROM "ProtocolOutbox" AS "p"
WHERE "p"."MessageId" = @__messageId_0 AND "p"."AcknowledgedAt" IS NULL AND "p"."FencedAt" IS NULL
LIMIT 2
[09:05:42 INF] Executed DbCommand (0ms) [Parameters=[@__messageId_0='?' (Size = 36)], CommandType='Text', CommandTimeout='30']
SELECT "p"."MessageId", "p"."AcknowledgedAt", "p"."CreatedAt", "p"."FencedAt", "p"."MessageType", "p"."PayloadJson"
FROM "ProtocolOutbox" AS "p"
WHERE "p"."MessageId" = @__messageId_0
LIMIT 2
[09:05:42 INF] Executed DbCommand (0ms) [Parameters=[@__messageId_0='?' (Size = 36)], CommandType='Text', CommandTimeout='30']
SELECT "p"."MessageId", "p"."AcknowledgedAt", "p"."CreatedAt", "p"."FencedAt", "p"."MessageType", "p"."PayloadJson"
FROM "ProtocolOutbox" AS "p"
WHERE "p"."MessageId" = @__messageId_0
LIMIT 2
[09:05:42 INF] Executed DbCommand (15ms) [Parameters=[@p0='?' (Size = 36), @p1='?' (DbType = DateTimeOffset), @p2='?' (DbType = DateTimeOffset), @p3='?' (DbType = DateTimeOffset), @p4='?' (Size = 24), @p5='?' (Size = 953)], CommandType='Text', CommandTimeout='30']
INSERT INTO "ProtocolOutbox" ("MessageId", "AcknowledgedAt", "CreatedAt", "FencedAt", "MessageType", "PayloadJson")
VALUES (@p0, @p1, @p2, @p3, @p4, @p5);
[09:05:42 INF] Executed DbCommand (0ms) [Parameters=[@__messageId_0='?' (Size = 36)], CommandType='Text', CommandTimeout='30']
SELECT "p"."MessageId", "p"."ContentHash", "p"."FirstResponseJson", "p"."MessageType", "p"."ReceivedAt", "p"."RequestJson"
FROM "ProtocolInbox" AS "p"
WHERE "p"."MessageId" = @__messageId_0
LIMIT 2
[09:05:42 INF] Executed DbCommand (0ms) [Parameters=[@__messageId_0='?' (Size = 36)], CommandType='Text', CommandTimeout='30']
SELECT "p"."MessageId", "p"."AcknowledgedAt", "p"."CreatedAt", "p"."FencedAt", "p"."MessageType", "p"."PayloadJson"
FROM "ProtocolOutbox" AS "p"
WHERE "p"."MessageId" = @__messageId_0
LIMIT 2
[09:05:42 INF] Executed DbCommand (0ms) [Parameters=[@__messageId_0='?' (Size = 36)], CommandType='Text', CommandTimeout='30']
SELECT "p"."MessageId", "p"."AcknowledgedAt", "p"."CreatedAt", "p"."FencedAt", "p"."MessageType", "p"."PayloadJson"
FROM "ProtocolOutbox" AS "p"
WHERE "p"."MessageId" = @__messageId_0
LIMIT 2
[09:05:42 INF] Executed DbCommand (0ms) [Parameters=[@__messageId_0='?' (Size = 36)], CommandType='Text', CommandTimeout='30']
SELECT "p"."MessageId", "p"."AcknowledgedAt", "p"."CreatedAt", "p"."FencedAt", "p"."MessageType", "p"."PayloadJson"
FROM "ProtocolOutbox" AS "p"
WHERE "p"."MessageId" = @__messageId_0
LIMIT 2
[09:05:42 INF] Executed DbCommand (0ms) [Parameters=[@p1='?' (Size = 36), @p0='?' (DbType = DateTimeOffset)], CommandType='Text', CommandTimeout='30']
UPDATE "ProtocolOutbox" SET "AcknowledgedAt" = @p0
WHERE "MessageId" = @p1
RETURNING 1;
[09:05:42 INF] Executed DbCommand (0ms) [Parameters=[@p0='?' (Size = 36), @p1='?' (Size = 64), @p2='?', @p3='?' (Size = 18), @p4='?' (DbType = DateTimeOffset), @p5='?' (Size = 634)], CommandType='Text', CommandTimeout='30']
INSERT INTO "ProtocolInbox" ("MessageId", "ContentHash", "FirstResponseJson", "MessageType", "ReceivedAt", "RequestJson")
VALUES (@p0, @p1, @p2, @p3, @p4, @p5);
[09:05:42 INF] Executed DbCommand (0ms) [Parameters=[@__messageId_0='?' (Size = 36)], CommandType='Text', CommandTimeout='30']
SELECT "p"."MessageId", "p"."ContentHash", "p"."FirstResponseJson", "p"."MessageType", "p"."ReceivedAt", "p"."RequestJson"
FROM "ProtocolInbox" AS "p"
WHERE "p"."MessageId" = @__messageId_0
LIMIT 2
[09:05:42 INF] Executed DbCommand (0ms) [Parameters=[@__messageId_0='?' (Size = 36)], CommandType='Text', CommandTimeout='30']
SELECT "p"."MessageId", "p"."AcknowledgedAt", "p"."CreatedAt", "p"."FencedAt", "p"."MessageType", "p"."PayloadJson"
FROM "ProtocolOutbox" AS "p"
WHERE "p"."MessageId" = @__messageId_0
LIMIT 2
[09:05:42 INF] Executed DbCommand (0ms) [Parameters=[@p1='?' (Size = 36), @p0='?' (DbType = DateTimeOffset)], CommandType='Text', CommandTimeout='30']
UPDATE "ProtocolOutbox" SET "AcknowledgedAt" = @p0
WHERE "MessageId" = @p1
RETURNING 1;
[09:05:42 INF] Executed DbCommand (0ms) [Parameters=[@p0='?' (Size = 36), @p1='?' (Size = 64), @p2='?', @p3='?' (Size = 18), @p4='?' (DbType = DateTimeOffset), @p5='?' (Size = 633)], CommandType='Text', CommandTimeout='30']
INSERT INTO "ProtocolInbox" ("MessageId", "ContentHash", "FirstResponseJson", "MessageType", "ReceivedAt", "RequestJson")
VALUES (@p0, @p1, @p2, @p3, @p4, @p5);
[09:05:42 INF] Executed DbCommand (0ms) [Parameters=[@__messageId_0='?' (Size = 36)], CommandType='Text', CommandTimeout='30']
SELECT "p"."MessageId", "p"."ContentHash", "p"."FirstResponseJson", "p"."MessageType", "p"."ReceivedAt", "p"."RequestJson"
FROM "ProtocolInbox" AS "p"
WHERE "p"."MessageId" = @__messageId_0
LIMIT 2
[09:05:42 INF] Executed DbCommand (0ms) [Parameters=[@__messageId_0='?' (Size = 36)], CommandType='Text', CommandTimeout='30']
SELECT "p"."MessageId", "p"."AcknowledgedAt", "p"."CreatedAt", "p"."FencedAt", "p"."MessageType", "p"."PayloadJson"
FROM "ProtocolOutbox" AS "p"
WHERE "p"."MessageId" = @__messageId_0
LIMIT 2
[09:05:42 INF] Executed DbCommand (0ms) [Parameters=[@p1='?' (Size = 36), @p0='?' (DbType = DateTimeOffset)], CommandType='Text', CommandTimeout='30']
UPDATE "ProtocolOutbox" SET "AcknowledgedAt" = @p0
WHERE "MessageId" = @p1
RETURNING 1;
[09:05:42 INF] Executed DbCommand (0ms) [Parameters=[@p0='?' (Size = 36), @p1='?' (Size = 64), @p2='?', @p3='?' (Size = 18), @p4='?' (DbType = DateTimeOffset), @p5='?' (Size = 630)], CommandType='Text', CommandTimeout='30']
INSERT INTO "ProtocolInbox" ("MessageId", "ContentHash", "FirstResponseJson", "MessageType", "ReceivedAt", "RequestJson")
VALUES (@p0, @p1, @p2, @p3, @p4, @p5);
[09:05:43 INF] Executed DbCommand (165ms) [Parameters=[@p0='?' (Size = 36), @p1='?' (DbType = DateTimeOffset), @p2='?' (DbType = DateTimeOffset), @p3='?' (DbType = DateTimeOffset), @p4='?' (Size = 20), @p5='?' (Size = 620)], CommandType='Text', CommandTimeout='30']
INSERT INTO "ProtocolOutbox" ("MessageId", "AcknowledgedAt", "CreatedAt", "FencedAt", "MessageType", "PayloadJson")
VALUES (@p0, @p1, @p2, @p3, @p4, @p5);
[09:05:43 INF] Executed DbCommand (0ms) [Parameters=[@p4='?' (Size = 44), @p0='?', @p1='?' (DbType = DateTimeOffset), @p2='?' (Size = 14), @p3='?' (DbType = DateTimeOffset)], CommandType='Text', CommandTimeout='30']
UPDATE "JourneyRuntimes" SET "BlockReasonCode" = @p0, "BlockReasonSince" = @p1, "Stage" = @p2, "UpdatedAt" = @p3
WHERE "JourneyId" = @p4
RETURNING 1;
[09:05:43 INF] Executed DbCommand (0ms) [Parameters=[@__messageId_0='?' (Size = 36)], CommandType='Text', CommandTimeout='30']
SELECT "p"."MessageId", "p"."ContentHash", "p"."FirstResponseJson", "p"."MessageType", "p"."ReceivedAt", "p"."RequestJson"
FROM "ProtocolInbox" AS "p"
WHERE "p"."MessageId" = @__messageId_0
LIMIT 2
[09:05:43 INF] Executed DbCommand (0ms) [Parameters=[@p0='?' (Size = 36), @p1='?' (Size = 64), @p2='?' (Size = 663), @p3='?' (Size = 15), @p4='?' (DbType = DateTimeOffset), @p5='?' (Size = 685)], CommandType='Text', CommandTimeout='30']
INSERT INTO "ProtocolInbox" ("MessageId", "ContentHash", "FirstResponseJson", "MessageType", "ReceivedAt", "RequestJson")
VALUES (@p0, @p1, @p2, @p3, @p4, @p5);
[09:05:43 INF] Start processing HTTP request GET http://127.0.0.1:48408/api/task/v1/task/getVehicleInfo/BROKERX-L2-0001
[09:05:43 INF] Sending HTTP request GET http://127.0.0.1:48408/api/task/v1/task/getVehicleInfo/BROKERX-L2-0001
[09:05:43 INF] Received HTTP response headers after 0.9911ms - 200
[09:05:43 INF] End processing HTTP request after 17.6726ms - 200
[09:05:43 INF] Start processing HTTP request GET http://127.0.0.1:48408/api/order/v1/orderRecord?pageNum=1&pageSize=100&filterByState=1&filterByState=3&filterByState=7&filterByState=9
[09:05:43 INF] Sending HTTP request GET http://127.0.0.1:48408/api/order/v1/orderRecord?pageNum=1&pageSize=100&filterByState=1&filterByState=3&filterByState=7&filterByState=9
[09:05:43 INF] Received HTTP response headers after 0.7046ms - 200
[09:05:43 INF] End processing HTTP request after 47.2516ms - 200
[09:05:43 INF] HTTP GET /api/onboard/v1/vehicle-safety responded 200 in 80.4449 ms
[09:05:43 INF] Start processing HTTP request GET http://127.0.0.1:48408/api/imap/v1/mapInfo/stations/25
[09:05:43 INF] Sending HTTP request GET http://127.0.0.1:48408/api/imap/v1/mapInfo/stations/25
[09:05:43 INF] Received HTTP response headers after 0.8875ms - 200
[09:05:43 INF] End processing HTTP request after 15.5512ms - 200
[09:05:43 INF] Executed DbCommand (0ms) [Parameters=[@__mapId_0='?' (DbType = Int32)], CommandType='Text', CommandTimeout='30']
SELECT "t"."MapId", "t"."ActiveVersion", "t"."PendingVersion", "t"."State", "t"."UpdatedAt"
FROM "TaskTypeStationActiveBindingSets" AS "t"
WHERE "t"."MapId" = @__mapId_0
LIMIT 2
[09:05:43 INF] Executed DbCommand (0ms) [Parameters=[@__mapId_0='?' (DbType = Int32), @__version_1='?' (DbType = Int64)], CommandType='Text', CommandTimeout='30']
SELECT "t"."MapId", "t"."Version", "t"."CatalogRevision", "t"."ContentSha256", "t"."LoadedAt", "t"."RuleVersion", "t"."SnapshotId", "t"."Source"
FROM "TaskTypeStationBindingSetVersions" AS "t"
WHERE "t"."MapId" = @__mapId_0 AND "t"."Version" = @__version_1
LIMIT 2
[09:05:43 INF] Executed DbCommand (0ms) [Parameters=[@__mapId_0='?' (DbType = Int32), @__version_1='?' (DbType = Int64)], CommandType='Text', CommandTimeout='30']
SELECT "t"."TaskType"
FROM "TaskTypeStationRequirements" AS "t"
WHERE "t"."MapId" = @__mapId_0 AND "t"."Version" = @__version_1
[09:05:43 INF] Executed DbCommand (0ms) [Parameters=[@__mapId_0='?' (DbType = Int32), @__version_1='?' (DbType = Int64)], CommandType='Text', CommandTimeout='30']
SELECT "t"."MapId", "t"."Version", "t"."TaskType", "t"."SiteVerificationRef", "t"."StationName", "t"."StationRiotId"
FROM "TaskTypeStationBindings" AS "t"
WHERE "t"."MapId" = @__mapId_0 AND "t"."Version" = @__version_1
[09:05:43 INF] Executed DbCommand (0ms) [Parameters=[@__version_0='?' (DbType = Int64)], CommandType='Text', CommandTimeout='30']
SELECT "t"."Version", "t"."ContentSha256", "t"."LoadedAt", "t"."SnapshotId", "t"."Source"
FROM "TaskTypeStationRuleVersions" AS "t"
WHERE "t"."Version" = @__version_0
LIMIT 2
[09:05:43 INF] Executed DbCommand (0ms) [Parameters=[@__version_0='?' (DbType = Int64)], CommandType='Text', CommandTimeout='30']
SELECT "t"."Version", "t"."TaskType", "t"."FixedEnd"
FROM "TaskTypeStationRules" AS "t"
WHERE "t"."Version" = @__version_0
[09:05:43 INF] Executed DbCommand (0ms) [Parameters=[@__mapId_0='?' (DbType = Int32)], CommandType='Text', CommandTimeout='30']
SELECT "t"."MapId", "t"."ActiveVersion", "t"."PendingVersion", "t"."State", "t"."UpdatedAt"
FROM "TaskTypeStationActiveBindingSets" AS "t"
WHERE "t"."MapId" = @__mapId_0
LIMIT 2
[09:05:43 INF] Executed DbCommand (0ms) [Parameters=[@__mapId_0='?' (DbType = Int32)], CommandType='Text', CommandTimeout='30']
SELECT "t"."HoldId", "t"."DetailJson", "t"."MapId", "t"."RaisedAt", "t"."RaisedBy", "t"."ReasonCode", "t"."ReleasedAt", "t"."ReleasedBy", "t"."Source", "t"."TaskType"
FROM "TaskTypeStationHolds" AS "t"
WHERE "t"."MapId" = @__mapId_0 AND "t"."ReleasedAt" IS NULL
[09:05:43 INF] Executed DbCommand (0ms) [Parameters=[@__mapId_0='?' (DbType = Int32)], CommandType='Text', CommandTimeout='30']
SELECT "m"."MapId", "m"."ApprovedMaxUnconfirmedSeconds", "m"."ApprovedSyncPeriodSeconds", "m"."CatalogRevision", "m"."LastAttemptAt", "m"."LastCompleteConfirmationAt", "m"."LastFailureReason", "m"."State", "m"."UpdatedAt"
FROM "MapStationCatalogStates" AS "m"
WHERE "m"."MapId" = @__mapId_0
LIMIT 2
[09:05:43 INF] Executed DbCommand (0ms) [Parameters=[@p3='?' (DbType = Int32), @p0='?' (DbType = DateTimeOffset), @p1='?' (DbType = DateTimeOffset), @p2='?' (DbType = DateTimeOffset)], CommandType='Text', CommandTimeout='30']
UPDATE "MapStationCatalogStates" SET "LastAttemptAt" = @p0, "LastCompleteConfirmationAt" = @p1, "UpdatedAt" = @p2
WHERE "MapId" = @p3
RETURNING 1;
[09:05:43 INF] Executed DbCommand (0ms) [Parameters=[@__mapId_0='?' (DbType = Int32)], CommandType='Text', CommandTimeout='30']
SELECT "t"."MapId", "t"."ActiveVersion", "t"."PendingVersion", "t"."State", "t"."UpdatedAt"
FROM "TaskTypeStationActiveBindingSets" AS "t"
WHERE "t"."MapId" = @__mapId_0
LIMIT 2
[09:05:43 INF] Executed DbCommand (0ms) [Parameters=[@__mapId_0='?' (DbType = Int32), @__version_1='?' (DbType = Int64)], CommandType='Text', CommandTimeout='30']
SELECT "t"."MapId", "t"."Version", "t"."CatalogRevision", "t"."ContentSha256", "t"."LoadedAt", "t"."RuleVersion", "t"."SnapshotId", "t"."Source"
FROM "TaskTypeStationBindingSetVersions" AS "t"
WHERE "t"."MapId" = @__mapId_0 AND "t"."Version" = @__version_1
LIMIT 2
[09:05:43 INF] Executed DbCommand (0ms) [Parameters=[@__mapId_0='?' (DbType = Int32), @__version_1='?' (DbType = Int64)], CommandType='Text', CommandTimeout='30']
SELECT "t"."TaskType"
FROM "TaskTypeStationRequirements" AS "t"
WHERE "t"."MapId" = @__mapId_0 AND "t"."Version" = @__version_1
[09:05:43 INF] Executed DbCommand (0ms) [Parameters=[@__mapId_0='?' (DbType = Int32), @__version_1='?' (DbType = Int64)], CommandType='Text', CommandTimeout='30']
SELECT "t"."MapId", "t"."Version", "t"."TaskType", "t"."SiteVerificationRef", "t"."StationName", "t"."StationRiotId"
FROM "TaskTypeStationBindings" AS "t"
WHERE "t"."MapId" = @__mapId_0 AND "t"."Version" = @__version_1
[09:05:43 INF] Executed DbCommand (0ms) [Parameters=[@__mapId_0='?' (DbType = Int32)], CommandType='Text', CommandTimeout='30']
SELECT "t"."MapId", "t"."ActiveVersion", "t"."PendingVersion", "t"."State", "t"."UpdatedAt"
FROM "TaskTypeStationActiveBindingSets" AS "t"
WHERE "t"."MapId" = @__mapId_0
LIMIT 2
[09:05:43 INF] Executed DbCommand (0ms) [Parameters=[@__mapId_0='?' (DbType = Int32), @__version_1='?' (DbType = Int64)], CommandType='Text', CommandTimeout='30']
SELECT "t"."MapId", "t"."Version", "t"."CatalogRevision", "t"."ContentSha256", "t"."LoadedAt", "t"."RuleVersion", "t"."SnapshotId", "t"."Source"
FROM "TaskTypeStationBindingSetVersions" AS "t"
WHERE "t"."MapId" = @__mapId_0 AND "t"."Version" = @__version_1
LIMIT 2
[09:05:43 INF] Executed DbCommand (0ms) [Parameters=[@__messageId_0='?' (Size = 36)], CommandType='Text', CommandTimeout='30']
SELECT "p"."MessageId", "p"."ContentHash", "p"."FirstResponseJson", "p"."MessageType", "p"."ReceivedAt", "p"."RequestJson"
FROM "ProtocolInbox" AS "p"
WHERE "p"."MessageId" = @__messageId_0
LIMIT 2
[09:05:43 INF] Executed DbCommand (0ms) [Parameters=[@__mapId_0='?' (DbType = Int32), @__version_1='?' (DbType = Int64)], CommandType='Text', CommandTimeout='30']
SELECT "t"."TaskType"
FROM "TaskTypeStationRequirements" AS "t"
WHERE "t"."MapId" = @__mapId_0 AND "t"."Version" = @__version_1
[09:05:43 INF] Executed DbCommand (0ms) [Parameters=[@p0='?' (Size = 36), @p1='?' (Size = 64), @p2='?' (Size = 536), @p3='?' (Size = 9), @p4='?' (DbType = DateTimeOffset), @p5='?' (Size = 427)], CommandType='Text', CommandTimeout='30']
INSERT INTO "ProtocolInbox" ("MessageId", "ContentHash", "FirstResponseJson", "MessageType", "ReceivedAt", "RequestJson")
VALUES (@p0, @p1, @p2, @p3, @p4, @p5);
[09:05:43 INF] Executed DbCommand (0ms) [Parameters=[@__mapId_0='?' (DbType = Int32), @__version_1='?' (DbType = Int64)], CommandType='Text', CommandTimeout='30']
SELECT "t"."MapId", "t"."Version", "t"."TaskType", "t"."SiteVerificationRef", "t"."StationName", "t"."StationRiotId"
FROM "TaskTypeStationBindings" AS "t"
WHERE "t"."MapId" = @__mapId_0 AND "t"."Version" = @__version_1
[09:05:43 INF] Executed DbCommand (0ms) [Parameters=[@__version_0='?' (DbType = Int64)], CommandType='Text', CommandTimeout='30']
SELECT "t"."Version", "t"."ContentSha256", "t"."LoadedAt", "t"."SnapshotId", "t"."Source"
FROM "TaskTypeStationRuleVersions" AS "t"
WHERE "t"."Version" = @__version_0
LIMIT 2
[09:05:43 INF] Executed DbCommand (0ms) [Parameters=[@__version_0='?' (DbType = Int64)], CommandType='Text', CommandTimeout='30']
SELECT "t"."Version", "t"."TaskType", "t"."FixedEnd"
FROM "TaskTypeStationRules" AS "t"
WHERE "t"."Version" = @__version_0
[09:05:43 INF] Executed DbCommand (0ms) [Parameters=[], CommandType='Text', CommandTimeout='30']
SELECT "a"."Id", "a"."ContentHash", "a"."DeploymentId", "a"."ImportedAt", "a"."Version"
FROM "AdmissionPolicyState" AS "a"
WHERE "a"."Id" = 1
LIMIT 2
[09:05:43 INF] Executed DbCommand (0ms) [Parameters=[], CommandType='Text', CommandTimeout='30']
SELECT "j"."JourneyId", "j"."AgvId", "j"."AgvLifecycleGeneration", "j"."AreaEndAdmissionRevokedSince", "j"."BlockReasonCode", "j"."BlockReasonSince", "j"."CargoHoldingStartedAt", "j"."ConsumedSafetyResultMessageId", "j"."ConsumedSublotMessageId", "j"."CreatedAt", "j"."DemandId", "j"."DispatchGeneration", "j"."DispatchZone", "j"."ExpectedBasketCount", "j"."FullSlotPositionsJson", "j"."GateMovementLegId", "j"."GatePlanMessageId", "j"."GateStationId", "j"."GateStationRiotId", "j"."GateUpperId", "j"."GateVehicleBusinessMessageId", "j"."GateWorklistMessageId", "j"."LoadCommandMessageId", "j"."LoadSlotOperationAttemptId", "j"."LoadingClosedReason", "j"."LoadingPhaseState", "j"."MapId", "j"."MapIdentity", "j"."OperationSessionId", "j"."PickupMovementLegId", "j"."PickupStationId", "j"."PickupStationRiotId", "j"."PickupUpperId", "j"."PlanMessageId", "j"."PlanRevision", "j"."PreDepartureSafetyCheckId", "j"."PreDepartureSafetyCheckMessageId", "j"."RouteEvidenceId", "j"."Stage", "j"."StationDepartureWaitStartedAt", "j"."SublotRequestMessageId", "j"."TargetSlotsJson", "j"."UnloadCommandMessageId", "j"."UnloadSlotOperationAttemptId", "j"."UpdatedAt", "j"."VehicleBusinessMessageId", "j"."VehicleBusinessRevision", "j"."VehicleKey", "j"."WorklistMessageId", "j"."WorklistRevision", "j"."YieldTriggeredAt", "j"."YieldTriggeredByVehicleKey"
FROM "JourneyRuntimes" AS "j"
WHERE "j"."Stage" <> 'Completed'
[09:05:43 INF] Executed DbCommand (0ms) [Parameters=[@__agvId_0='?' (Size = 10)], CommandType='Text', CommandTimeout='30']
SELECT "s"."AgvId", "s"."ActiveUnlockSlotsJson", "s"."CapabilityHash", "s"."CapabilityRevision", "s"."DepartureSafe", "s"."ForcedRecoveryGeneration", "s"."ManifestSha256", "s"."PendingAttemptIdsJson", "s"."PendingResultIdsJson", "s"."ProfileId", "s"."ProtocolCommit", "s"."ProtocolVersion", "s"."ProvenRecoveryCheckpoint", "s"."Readiness", "s"."ReasonCode", "s"."RecoveryReportId", "s"."ReportedForcedRecoveryGeneration", "s"."ReportedSlotConfigurationFingerprint", "s"."SafetyHash", "s"."SafetyReasonCodesJson", "s"."SafetyRevision", "s"."SafetyUnknownPresent", "s"."SessionGeneration", "s"."UnsettledSlotOperationAttemptId", "s"."UpdatedAt"
FROM "SessionRecoveries" AS "s"
WHERE "s"."AgvId" = @__agvId_0 AND "s"."Readiness" = 'Ready'
LIMIT 2
[09:05:43 INF] Executed DbCommand (0ms) [Parameters=[], CommandType='Text', CommandTimeout='30']
SELECT "p"."MessageId", "p"."AcknowledgedAt", "p"."CreatedAt", "p"."FencedAt", "p"."MessageType", "p"."PayloadJson"
FROM "ProtocolOutbox" AS "p"
WHERE "p"."AcknowledgedAt" IS NULL AND "p"."FencedAt" IS NULL
[09:05:43 ERR] Journey runtime iteration failed closed; no stage is inferred from memory.
System.IO.IOException: No recovered Onboard peer is connected for 'AGV-L2-001'.
   at ControlServer.Host.Transport.OnboardPeer.SendAsync(ReadOnlyMemory`1 ndjsonLine, CancellationToken cancellationToken) in C:\actions-runner\win11-01-control-server-desktop\_work\8005-agv-control-server\8005-agv-control-server\control-server\src\ControlServer.Host\Transport\OnboardPeer.cs:line 73
   at ControlServer.Host.Transport.OnboardJourneyPublisher.ReplayPendingForSessionAsync(String agvId, Int64 sessionGeneration, IReadOnlySet`1 allowedMessageIds, CancellationToken cancellationToken) in C:\actions-runner\win11-01-control-server-desktop\_work\8005-agv-control-server\8005-agv-control-server\control-server\src\ControlServer.Host\Transport\OnboardJourneyPublisher.cs:line 42
   at ControlServer.Host.Runtime.JourneyRuntimeEngine.AdvanceAsync(JourneyRuntimeRow runtime, RiotMapStationCatalogSnapshot currentMap, CancellationToken cancellationToken) in C:\actions-runner\win11-01-control-server-desktop\_work\8005-agv-control-server\8005-agv-control-server\control-server\src\ControlServer.Host\Runtime\JourneyRuntimeEngine.cs:line 448
   at ControlServer.Host.Runtime.JourneyRuntimeEngine.Exe