[08:03:17 INF] Executed DbCommand (11ms) [Parameters=[], CommandType='Text', CommandTimeout='30']
SELECT COUNT(*) FROM "sqlite_master" WHERE "name" = '__EFMigrationsHistory' AND "type" = 'table';
[08:03:17 INF] Executed DbCommand (0ms) [Parameters=[], CommandType='Text', CommandTimeout='30']
SELECT COUNT(*) FROM "sqlite_master" WHERE "name" = '__EFMigrationsHistory' AND "type" = 'table';
[08:03:17 INF] Executed DbCommand (1ms) [Parameters=[], CommandType='Text', CommandTimeout='30']
SELECT "MigrationId", "ProductVersion"
FROM "__EFMigrationsHistory"
ORDER BY "MigrationId";
[08:03:17 INF] No migrations were applied. The database is already up to date.
[08:03:18 INF] Executed DbCommand (0ms) [Parameters=[], CommandType='Text', CommandTimeout='30']
SELECT "a"."AuditRecordId", "a"."Action", "a"."ActorAttribution", "a"."ActorIdentity", "a"."ClaimedAdministratorRole", "a"."DetailJson", "a"."ObjectId", "a"."ObjectKind", "a"."Outcome", "a"."RecordedAt", "a"."RecordedAtUtcTicks", "a"."SnapshotId", "a"."Version"
FROM "AdministratorAuditRecords" AS "a"
WHERE "a"."Action" = 'AUDIT_RETENTION_POLICY_CONFIGURED'
ORDER BY "a"."RecordedAtUtcTicks" DESC, "a"."AuditRecordId" DESC
LIMIT 1
[08:03:18 INF] Executed DbCommand (0ms) [Parameters=[], CommandType='Text', CommandTimeout='30']
SELECT MAX("d"."Version")
FROM "DispatchZoneAreaAssignmentVersions" AS "d"
[08:03:18 INF] Executed DbCommand (0ms) [Parameters=[], CommandType='Text', CommandTimeout='30']
SELECT "t"."Version", "t"."ContentSha256", "t"."LoadedAt", "t"."SnapshotId", "t"."Source"
FROM "TaskTypeStationRuleVersions" AS "t"
ORDER BY "t"."Version" DESC
LIMIT 1
[08:03:18 INF] Executed DbCommand (3ms) [Parameters=[@__objectKind_0='?' (Size = 19), @__objectId_1='?' (Size = 23), @__version_2='?' (DbType = Int64)], CommandType='Text', CommandTimeout='30']
SELECT "g"."SnapshotId", "g"."ContentJson", "g"."ContentSha256", "g"."FrozenAt", "g"."ObjectId", "g"."ObjectKind", "g"."Version"
FROM "GovernedConfigurationSnapshots" AS "g"
WHERE "g"."ObjectKind" = @__objectKind_0 AND "g"."ObjectId" = @__objectId_1 AND "g"."Version" = @__version_2
LIMIT 2
[08:03:18 INF] Executed DbCommand (2ms) [Parameters=[@p0='?' (Size = 32), @p1='?' (Size = 340), @p2='?' (Size = 64), @p3='?' (DbType = DateTimeOffset), @p4='?' (Size = 23), @p5='?' (Size = 19), @p6='?' (DbType = Int64)], CommandType='Text', CommandTimeout='30']
INSERT INTO "GovernedConfigurationSnapshots" ("SnapshotId", "ContentJson", "ContentSha256", "FrozenAt", "ObjectId", "ObjectKind", "Version")
VALUES (@p0, @p1, @p2, @p3, @p4, @p5, @p6);
[08:03:18 INF] Executed DbCommand (0ms) [Parameters=[@p0='?' (Size = 32), @p1='?' (Size = 37), @p2='?' (Size = 34), @p3='?' (Size = 45), @p4='?' (Size = 131), @p5='?' (Size = 23), @p6='?' (Size = 19), @p7='?' (Size = 9), @p8='?' (DbType = DateTimeOffset), @p9='?' (DbType = Int64), @p10='?' (Size = 32), @p11='?' (DbType = Int64)], CommandType='Text', CommandTimeout='30']
INSERT INTO "BusinessAuditRecords" ("AuditRecordId", "Action", "ActorAttribution", "ActorIdentity", "DetailJson", "ObjectId", "ObjectKind", "Outcome", "RecordedAt", "RecordedAtUtcTicks", "SnapshotId", "Version")
VALUES (@p0, @p1, @p2, @p3, @p4, @p5, @p6, @p7, @p8, @p9, @p10, @p11);
[08:03:18 INF] Executed DbCommand (0ms) [Parameters=[@p0='?' (DbType = Int64), @p1='?' (Size = 64), @p2='?' (DbType = DateTimeOffset), @p3='?' (Size = 32), @p4='?' (Size = 154)], CommandType='Text', CommandTimeout='30']
INSERT INTO "TaskTypeStationRuleVersions" ("Version", "ContentSha256", "LoadedAt", "SnapshotId", "Source")
VALUES (@p0, @p1, @p2, @p3, @p4);
[08:03:18 INF] Executed DbCommand (0ms) [Parameters=[@p0='?' (Size = 11), @p1='?' (DbType = Int64), @p2='?' (Size = 11)], CommandType='Text', CommandTimeout='30']
INSERT INTO "TaskTypeStationRules" ("TaskType", "Version", "FixedEnd")
VALUES (@p0, @p1, @p2);
[08:03:18 INF] Executed DbCommand (0ms) [Parameters=[@p0='?' (Size = 19), @p1='?' (DbType = Int64), @p2='?' (Size = 11)], CommandType='Text', CommandTimeout='30']
INSERT INTO "TaskTypeStationRules" ("TaskType", "Version", "FixedEnd")
VALUES (@p0, @p1, @p2);
[08:03:18 INF] Executed DbCommand (0ms) [Parameters=[@p0='?' (Size = 15), @p1='?' (DbType = Int64), @p2='?' (Size = 6)], CommandType='Text', CommandTimeout='30']
INSERT INTO "TaskTypeStationRules" ("TaskType", "Version", "FixedEnd")
VALUES (@p0, @p1, @p2);
[08:03:18 INF] Executed DbCommand (0ms) [Parameters=[@p0='?' (Size = 12), @p1='?' (DbType = Int64), @p2='?' (Size = 11)], CommandType='Text', CommandTimeout='30']
INSERT INTO "TaskTypeStationRules" ("TaskType", "Version", "FixedEnd")
VALUES (@p0, @p1, @p2);
[08:03:18 INF] Executed DbCommand (0ms) [Parameters=[@p0='?' (Size = 16), @p1='?' (DbType = Int64), @p2='?' (Size = 11)], CommandType='Text', CommandTimeout='30']
INSERT INTO "TaskTypeStationRules" ("TaskType", "Version", "FixedEnd")
VALUES (@p0, @p1, @p2);
[08:03:18 INF] Executed DbCommand (0ms) [Parameters=[@p0='?' (Size = 15), @p1='?' (DbType = Int64), @p2='?' (Size = 11)], CommandType='Text', CommandTimeout='30']
INSERT INTO "TaskTypeStationRules" ("TaskType", "Version", "FixedEnd")
VALUES (@p0, @p1, @p2);
[08:03:18 INF] Executed DbCommand (0ms) [Parameters=[@__mapId_0='?' (DbType = Int32)], CommandType='Text', CommandTimeout='30']
SELECT "t"."MapId", "t"."ActiveVersion", "t"."PendingVersion", "t"."State", "t"."UpdatedAt"
FROM "TaskTypeStationActiveBindingSets" AS "t"
WHERE "t"."MapId" = @__mapId_0
LIMIT 2
[08:03:18 INF] Executed DbCommand (0ms) [Parameters=[@__ruleVersion_0='?' (DbType = Int64)], CommandType='Text', CommandTimeout='30']
SELECT EXISTS (
    SELECT 1
    FROM "TaskTypeStationRuleVersions" AS "t"
    WHERE "t"."Version" = @__ruleVersion_0)
[08:03:18 INF] Executed DbCommand (0ms) [Parameters=[@__ruleVersion_0='?' (DbType = Int64)], CommandType='Text', CommandTimeout='30']
SELECT "t"."TaskType", "t"."FixedEnd"
FROM "TaskTypeStationRules" AS "t"
WHERE "t"."Version" = @__ruleVersion_0
[08:03:18 INF] Executed DbCommand (0ms) [Parameters=[@__mapId_0='?' (DbType = Int32)], CommandType='Text', CommandTimeout='30']
SELECT "t"."MapId", "t"."Version", "t"."CatalogRevision", "t"."ContentSha256", "t"."LoadedAt", "t"."RuleVersion", "t"."SnapshotId", "t"."Source"
FROM "TaskTypeStationBindingSetVersions" AS "t"
WHERE "t"."MapId" = @__mapId_0
ORDER BY "t"."Version" DESC
LIMIT 1
[08:03:18 INF] Executed DbCommand (0ms) [Parameters=[@__objectKind_0='?' (Size = 20), @__objectId_1='?' (Size = 6), @__version_2='?' (DbType = Int64)], CommandType='Text', CommandTimeout='30']
SELECT "g"."SnapshotId", "g"."ContentJson", "g"."ContentSha256", "g"."FrozenAt", "g"."ObjectId", "g"."ObjectKind", "g"."Version"
FROM "GovernedConfigurationSnapshots" AS "g"
WHERE "g"."ObjectKind" = @__objectKind_0 AND "g"."ObjectId" = @__objectId_1 AND "g"."Version" = @__version_2
LIMIT 2
[08:03:18 INF] Executed DbCommand (0ms) [Parameters=[@p0='?' (Size = 32), @p1='?' (Size = 193), @p2='?' (Size = 64), @p3='?' (DbType = DateTimeOffset), @p4='?' (Size = 6), @p5='?' (Size = 20), @p6='?' (DbType = Int64)], CommandType='Text', CommandTimeout='30']
INSERT INTO "GovernedConfigurationSnapshots" ("SnapshotId", "ContentJson", "ContentSha256", "FrozenAt", "ObjectId", "ObjectKind", "Version")
VALUES (@p0, @p1, @p2, @p3, @p4, @p5, @p6);
[08:03:18 INF] Executed DbCommand (0ms) [Parameters=[@p0='?' (Size = 32), @p1='?' (Size = 44), @p2='?' (Size = 34), @p3='?' (Size = 45), @p4='?' (Size = 131), @p5='?' (Size = 6), @p6='?' (Size = 20), @p7='?' (Size = 9), @p8='?' (DbType = DateTimeOffset), @p9='?' (DbType = Int64), @p10='?' (Size = 32), @p11='?' (DbType = Int64)], CommandType='Text', CommandTimeout='30']
INSERT INTO "BusinessAuditRecords" ("AuditRecordId", "Action", "ActorAttribution", "ActorIdentity", "DetailJson", "ObjectId", "ObjectKind", "Outcome", "RecordedAt", "RecordedAtUtcTicks", "SnapshotId", "Version")
VALUES (@p0, @p1, @p2, @p3, @p4, @p5, @p6, @p7, @p8, @p9, @p10, @p11);
[08:03:18 INF] Executed DbCommand (0ms) [Parameters=[@p0='?' (DbType = Int32), @p1='?' (DbType = Int64), @p2='?' (DbType = Int64), @p3='?' (Size = 64), @p4='?' (DbType = DateTimeOffset), @p5='?' (DbType = Int64), @p6='?' (Size = 32), @p7='?' (Size = 154)], CommandType='Text', CommandTimeout='30']
INSERT INTO "TaskTypeStationBindingSetVersions" ("MapId", "Version", "CatalogRevision", "ContentSha256", "LoadedAt", "RuleVersion", "SnapshotId", "Source")
VALUES (@p0, @p1, @p2, @p3, @p4, @p5, @p6, @p7);
[08:03:18 INF] Executed DbCommand (0ms) [Parameters=[@p0='?' (DbType = Int32), @p1='?' (Size = 12), @p2='?' (DbType = Int64), @p3='?' (Size = 23), @p4='?' (Size = 2), @p5='?' (DbType = Int32)], CommandType='Text', CommandTimeout='30']
INSERT INTO "TaskTypeStationBindings" ("MapId", "TaskType", "Version", "SiteVerificationRef", "StationName", "StationRiotId")
VALUES (@p0, @p1, @p2, @p3, @p4, @p5);
[08:03:18 INF] Executed DbCommand (0ms) [Parameters=[@p0='?' (DbType = Int32), @p1='?' (Size = 12), @p2='?' (DbType = Int64)], CommandType='Text', CommandTimeout='30']
INSERT INTO "TaskTypeStationRequirements" ("MapId", "TaskType", "Version")
VALUES (@p0, @p1, @p2);
[08:03:18 INF] Executed DbCommand (0ms) [Parameters=[@__mapId_0='?' (DbType = Int32), @__version_1='?' (DbType = Int64)], CommandType='Text', CommandTimeout='30']
SELECT EXISTS (
    SELECT 1
    FROM "TaskTypeStationBindingSetVersions" AS "t"
    WHERE "t"."MapId" = @__mapId_0 AND "t"."Version" = @__version_1)
[08:03:18 INF] Executed DbCommand (0ms) [Parameters=[@__mapId_0='?' (DbType = Int32)], CommandType='Text', CommandTimeout='30']
SELECT "t"."MapId", "t"."ActiveVersion", "t"."PendingVersion", "t"."State", "t"."UpdatedAt"
FROM "TaskTypeStationActiveBindingSets" AS "t"
WHERE "t"."MapId" = @__mapId_0
LIMIT 2
[08:03:18 INF] Executed DbCommand (0ms) [Parameters=[@p0='?' (DbType = Int32), @p1='?' (DbType = Int64), @p2='?' (DbType = Int64), @p3='?' (Size = 6), @p4='?' (DbType = DateTimeOffset)], CommandType='Text', CommandTimeout='30']
INSERT INTO "TaskTypeStationActiveBindingSets" ("MapId", "ActiveVersion", "PendingVersion", "State", "UpdatedAt")
VALUES (@p0, @p1, @p2, @p3, @p4);
[08:03:18 INF] Task type station preset C:\actions-runner\win11-01-control-server-desktop\_work\_temp\real-rig-35477628971-1\_stage\l2-20260920T000247731Z\task-type-stations.settings.json loaded: rule version 1 (new), Map 25 binding set version 1 (new) active.
[08:03:18 INF] Onboard NDJSON listener started on 127.0.0.1:48405; transport=plaintext
[08:03:19 INF] Start processing HTTP request GET http://127.0.0.1:48408/api/imap/v1/mapInfo/stations/25
[08:03:19 INF] Sending HTTP request GET http://127.0.0.1:48408/api/imap/v1/mapInfo/stations/25
[08:03:19 INF] Now listening on: http://127.0.0.1:48407
[08:03:19 INF] Application started. Press Ctrl+C to shut down.
[08:03:19 INF] Hosting environment: Production
[08:03:19 INF] Content root path: C:\actions-runner\win11-01-control-server-desktop\_work\8005-agv-control-server\8005-agv-control-server\control-server\src\ControlServer.Host\bin\Release\net8.0\win-x64
[08:03:19 INF] Received HTTP response headers after 83.8204ms - 200
[08:03:19 INF] End processing HTTP request after 97.4129ms - 200
[08:03:19 INF] Executed DbCommand (0ms) [Parameters=[@__mapId_0='?' (DbType = Int32)], CommandType='Text', CommandTimeout='30']
SELECT "t"."MapId", "t"."ActiveVersion", "t"."PendingVersion", "t"."State", "t"."UpdatedAt"
FROM "TaskTypeStationActiveBindingSets" AS "t"
WHERE "t"."MapId" = @__mapId_0
LIMIT 2
[08:03:19 INF] Executed DbCommand (0ms) [Parameters=[@__mapId_0='?' (DbType = Int32), @__version_1='?' (DbType = Int64)], CommandType='Text', CommandTimeout='30']
SELECT "t"."MapId", "t"."Version", "t"."CatalogRevision", "t"."ContentSha256", "t"."LoadedAt", "t"."RuleVersion", "t"."SnapshotId", "t"."Source"
FROM "TaskTypeStationBindingSetVersions" AS "t"
WHERE "t"."MapId" = @__mapId_0 AND "t"."Version" = @__version_1
LIMIT 2
[08:03:19 INF] Executed DbCommand (0ms) [Parameters=[@__mapId_0='?' (DbType = Int32), @__version_1='?' (DbType = Int64)], CommandType='Text', CommandTimeout='30']
SELECT "t"."TaskType"
FROM "TaskTypeStationRequirements" AS "t"
WHERE "t"."MapId" = @__mapId_0 AND "t"."Version" = @__version_1
[08:03:19 INF] Executed DbCommand (0ms) [Parameters=[@__mapId_0='?' (DbType = Int32), @__version_1='?' (DbType = Int64)], CommandType='Text', CommandTimeout='30']
SELECT "t"."MapId", "t"."Version", "t"."TaskType", "t"."SiteVerificationRef", "t"."StationName", "t"."StationRiotId"
FROM "TaskTypeStationBindings" AS "t"
WHERE "t"."MapId" = @__mapId_0 AND "t"."Version" = @__version_1
[08:03:19 INF] Executed DbCommand (0ms) [Parameters=[@__version_0='?' (DbType = Int64)], CommandType='Text', CommandTimeout='30']
SELECT "t"."Version", "t"."ContentSha256", "t"."LoadedAt", "t"."SnapshotId", "t"."Source"
FROM "TaskTypeStationRuleVersions" AS "t"
WHERE "t"."Version" = @__version_0
LIMIT 2
[08:03:19 INF] Executed DbCommand (0ms) [Parameters=[@__version_0='?' (DbType = Int64)], CommandType='Text', CommandTimeout='30']
SELECT "t"."Version", "t"."TaskType", "t"."FixedEnd"
FROM "TaskTypeStationRules" AS "t"
WHERE "t"."Version" = @__version_0
[08:03:19 INF] Executed DbCommand (0ms) [Parameters=[@__mapId_0='?' (DbType = Int32)], CommandType='Text', CommandTimeout='30']
SELECT "t"."MapId", "t"."ActiveVersion", "t"."PendingVersion", "t"."State", "t"."UpdatedAt"
FROM "TaskTypeStationActiveBindingSets" AS "t"
WHERE "t"."MapId" = @__mapId_0
LIMIT 2
[08:03:19 INF] Executed DbCommand (0ms) [Parameters=[@__mapId_0='?' (DbType = Int32)], CommandType='Text', CommandTimeout='30']
SELECT "t"."HoldId", "t"."DetailJson", "t"."MapId", "t"."RaisedAt", "t"."RaisedBy", "t"."ReasonCode", "t"."ReleasedAt", "t"."ReleasedBy", "t"."Source", "t"."TaskType"
FROM "TaskTypeStationHolds" AS "t"
WHERE "t"."MapId" = @__mapId_0 AND "t"."ReleasedAt" IS NULL
[08:03:19 INF] Executed DbCommand (0ms) [Parameters=[@__mapId_0='?' (DbType = Int32)], CommandType='Text', CommandTimeout='30']
SELECT "m"."MapId", "m"."ApprovedMaxUnconfirmedSeconds", "m"."ApprovedSyncPeriodSeconds", "m"."CatalogRevision", "m"."LastAttemptAt", "m"."LastCompleteConfirmationAt", "m"."LastFailureReason", "m"."State", "m"."UpdatedAt"
FROM "MapStationCatalogStates" AS "m"
WHERE "m"."MapId" = @__mapId_0
LIMIT 2
[08:03:19 INF] Executed DbCommand (1ms) [Parameters=[@p0='?' (DbType = Int32), @p1='?' (DbType = Int32), @p2='?' (DbType = Int32), @p3='?' (DbType = Int64), @p4='?' (DbType = DateTimeOffset), @p5='?' (DbType = DateTimeOffset), @p6='?', @p7='?' (Size = 5), @p8='?' (DbType = DateTimeOffset)], CommandType='Text', CommandTimeout='30']
INSERT INTO "MapStationCatalogStates" ("MapId", "ApprovedMaxUnconfirmedSeconds", "ApprovedSyncPeriodSeconds", "CatalogRevision", "LastAttemptAt", "LastCompleteConfirmationAt", "LastFailureReason", "State", "UpdatedAt")
VALUES (@p0, @p1, @p2, @p3, @p4, @p5, @p6, @p7, @p8);
[08:03:19 INF] Executed DbCommand (0ms) [Parameters=[@__mapId_0='?' (DbType = Int32)], CommandType='Text', CommandTimeout='30']
SELECT "t"."MapId", "t"."ActiveVersion", "t"."PendingVersion", "t"."State", "t"."UpdatedAt"
FROM "TaskTypeStationActiveBindingSets" AS "t"
WHERE "t"."MapId" = @__mapId_0
LIMIT 2
[08:03:19 INF] Executed DbCommand (0ms) [Parameters=[@__mapId_0='?' (DbType = Int32), @__version_1='?' (DbType = Int64)], CommandType='Text', CommandTimeout='30']
SELECT "t"."MapId", "t"."Version", "t"."CatalogRevision", "t"."ContentSha256", "t"."LoadedAt", "t"."RuleVersion", "t"."SnapshotId", "t"."Source"
FROM "TaskTypeStationBindingSetVersions" AS "t"
WHERE "t"."MapId" = @__mapId_0 AND "t"."Version" = @__version_1
LIMIT 2
[08:03:19 INF] Executed DbCommand (0ms) [Parameters=[@__mapId_0='?' (DbType = Int32), @__version_1='?' (DbType = Int64)], CommandType='Text', CommandTimeout='30']
SELECT "t"."TaskType"
FROM "TaskTypeStationRequirements" AS "t"
WHERE "t"."MapId" = @__mapId_0 AND "t"."Version" = @__version_1
[08:03:19 INF] Executed DbCommand (0ms) [Parameters=[@__mapId_0='?' (DbType = Int32), @__version_1='?' (DbType = Int64)], CommandType='Text', CommandTimeout='30']
SELECT "t"."MapId", "t"."Version", "t"."TaskType", "t"."SiteVerificationRef", "t"."StationName", "t"."StationRiotId"
FROM "TaskTypeStationBindings" AS "t"
WHERE "t"."MapId" = @__mapId_0 AND "t"."Version" = @__version_1
[08:03:19 INF] Executed DbCommand (0ms) [Parameters=[@__mapId_0='?' (DbType = Int32)], CommandType='Text', CommandTimeout='30']
SELECT "t"."MapId", "t"."ActiveVersion", "t"."PendingVersion", "t"."State", "t"."UpdatedAt"
FROM "TaskTypeStationActiveBindingSets" AS "t"
WHERE "t"."MapId" = @__mapId_0
LIMIT 2
[08:03:19 INF] Executed DbCommand (0ms) [Parameters=[@__mapId_0='?' (DbType = Int32), @__version_1='?' (DbType = Int64)], CommandType='Text', CommandTimeout='30']
SELECT "t"."MapId", "t"."Version", "t"."CatalogRevision", "t"."ContentSha256", "t"."LoadedAt", "t"."RuleVersion", "t"."SnapshotId", "t"."Source"
FROM "TaskTypeStationBindingSetVersions" AS "t"
WHERE "t"."MapId" = @__mapId_0 AND "t"."Version" = @__version_1
LIMIT 2
[08:03:19 INF] Executed DbCommand (0ms) [Parameters=[@__mapId_0='?' (DbType = Int32), @__version_1='?' (DbType = Int64)], CommandType='Text', CommandTimeout='30']
SELECT "t"."TaskType"
FROM "TaskTypeStationRequirements" AS "t"
WHERE "t"."MapId" = @__mapId_0 AND "t"."Version" = @__version_1
[08:03:19 INF] Executed DbCommand (0ms) [Parameters=[@__mapId_0='?' (DbType = Int32), @__version_1='?' (DbType = Int64)], CommandType='Text', CommandTimeout='30']
SELECT "t"."MapId", "t"."Version", "t"."TaskType", "t"."SiteVerificationRef", "t"."StationName", "t"."StationRiotId"
FROM "TaskTypeStationBindings" AS "t"
WHERE "t"."MapId" = @__mapId_0 AND "t"."Version" = @__version_1
[08:03:19 INF] Executed DbCommand (0ms) [Parameters=[@__version_0='?' (DbType = Int64)], CommandType='Text', CommandTimeout='30']
SELECT "t"."Version", "t"."ContentSha256", "t"."LoadedAt", "t"."SnapshotId", "t"."Source"
FROM "TaskTypeStationRuleVersions" AS "t"
WHERE "t"."Version" = @__version_0
LIMIT 2
[08:03:19 INF] Executed DbCommand (0ms) [Parameters=[@__version_0='?' (DbType = Int64)], CommandType='Text', CommandTimeout='30']
SELECT "t"."Version", "t"."TaskType", "t"."FixedEnd"
FROM "TaskTypeStationRules" AS "t"
WHERE "t"."Version" = @__version_0
[08:03:19 INF] Executed DbCommand (0ms) [Parameters=[], CommandType='Text', CommandTimeout='30']
SELECT "a"."Id", "a"."ContentHash", "a"."DeploymentId", "a"."ImportedAt", "a"."Version"
FROM "AdmissionPolicyState" AS "a"
WHERE "a"."Id" = 1
LIMIT 2
[08:03:19 INF] Executed DbCommand (0ms) [Parameters=[@p0='?' (DbType = Int64), @p1='?' (Size = 64), @p2='?' (Size = 22), @p3='?' (DbType = DateTimeOffset), @p4='?', @p5='?' (Size = 209)], CommandType='Text', CommandTimeout='30']
INSERT INTO "AdmissionPolicyAudit" ("Version", "ContentHash", "DeploymentId", "ImportedAt", "PreviousContentHash", "RelationsJson")
VALUES (@p0, @p1, @p2, @p3, @p4, @p5);
[08:03:19 INF] Executed DbCommand (0ms) [Parameters=[@p0='?' (DbType = Int32), @p1='?' (Size = 64), @p2='?' (Size = 22), @p3='?' (DbType = DateTimeOffset), @p4='?' (DbType = Int64)], CommandType='Text', CommandTimeout='30']
INSERT INTO "AdmissionPolicyState" ("Id", "ContentHash", "DeploymentId", "ImportedAt", "Version")
VALUES (@p0, @p1, @p2, @p3, @p4);
[08:03:19 INF] Executed DbCommand (0ms) [Parameters=[@p0='?' (Size = 6), @p1='?' (Size = 15), @p2='?' (DbType = Int64)], CommandType='Text', CommandTimeout='30']
INSERT INTO "StationTaskTypeAdmissions" ("StationId", "TaskType", "PolicyVersion")
VALUES (@p0, @p1, @p2);
[08:03:19 INF] Executed DbCommand (0ms) [Parameters=[@p0='?' (Size = 6), @p1='?' (Size = 12), @p2='?' (DbType = Int64)], CommandType='Text', CommandTimeout='30']
INSERT INTO "StationTaskTypeAdmissions" ("StationId", "TaskType", "PolicyVersion")
VALUES (@p0, @p1, @p2);
[08:03:19 INF] Executed DbCommand (0ms) [Parameters=[@p0='?' (Size = 9), @p1='?' (Size = 15), @p2='?' (DbType = Int64)], CommandType='Text', CommandTimeout='30']
INSERT INTO "StationTaskTypeAdmissions" ("StationId", "TaskType", "PolicyVersion")
VALUES (@p0, @p1, @p2);
[08:03:19 INF] Executed DbCommand (0ms) [Parameters=[@p0='?' (Size = 9), @p1='?' (Size = 12), @p2='?' (DbType = Int64)], CommandType='Text', CommandTimeout='30']
INSERT INTO "StationTaskTypeAdmissions" ("StationId", "TaskType", "PolicyVersion")
VALUES (@p0, @p1, @p2);
[08:03:19 INF] Executed DbCommand (0ms) [Parameters=[], CommandType='Text', CommandTimeout='30']
SELECT "j"."JourneyId", "j"."AgvId", "j"."AgvLifecycleGeneration", "j"."AreaEndAdmissionRevokedSince", "j"."BlockReasonCode", "j"."BlockReasonSince", "j"."CargoHoldingStartedAt", "j"."ConsumedSafetyResultMessageId", "j"."ConsumedSublotMessageId", "j"."CreatedAt", "j"."DemandId", "j"."DispatchGeneration", "j"."DispatchZone", "j"."ExpectedBasketCount", "j"."FullSlotPositionsJson", "j"."GateMovementLegId", "j"."GatePlanMessageId", "j"."GateStationId", "j"."GateStationRiotId", "j"."GateUpperId", "j"."GateVehicleBusinessMessageId", "j"."GateWorklistMessageId", "j"."LoadCommandMessageId", "j"."LoadSlotOperationAttemptId", "j"."LoadingClosedReason", "j"."LoadingPhaseState", "j"."MapId", "j"."MapIdentity", "j"."OperationSessionId", "j"."PickupMovementLegId", "j"."PickupStationId", "j"."PickupStationRiotId", "j"."PickupUpperId", "j"."PlanMessageId", "j"."PlanRevision", "j"."PreDepartureSafetyCheckId", "j"."PreDepartureSafetyCheckMessageId", "j"."RouteEvidenceId", "j"."Stage", "j"."StationDepartureWaitStartedAt", "j"."SublotRequestMessageId", "j"."TargetSlotsJson", "j"."UnloadCommandMessageId", "j"."UnloadSlotOperationAttemptId", "j"."UpdatedAt", "j"."VehicleBusinessMessageId", "j"."VehicleBusinessRevision", "j"."VehicleKey", "j"."WorklistMessageId", "j"."WorklistRevision", "j"."YieldTriggeredAt", "j"."YieldTriggeredByVehicleKey"
FROM "JourneyRuntimes" AS "j"
WHERE "j"."Stage" <> 'Completed'
[08:03:19 INF] Executed DbCommand (0ms) [Parameters=[], CommandType='Text', CommandTimeout='30']
SELECT "a"."DemandId"
FROM "AcceptedDemands" AS "a"
WHERE "a"."Status" NOT IN ('Succeeded', 'Cancelled')
[08:03:19 INF] Executed DbCommand (0ms) [Parameters=[], CommandType='Text', CommandTimeout='30']
SELECT "j"."DemandId"
FROM "JourneyRuntimes" AS "j"
[08:03:19 INF] Start processing HTTP request GET http://127.0.0.1:48409/api/v2/contract
[08:03:19 INF] Sending HTTP request GET http://127.0.0.1:48409/api/v2/contract
[08:03:19 INF] Received HTTP response headers after 33.4448ms - 200
[08:03:19 INF] End processing HTTP request after 35.5455ms - 200
[08:03:19 INF] Start processing HTTP request GET http://127.0.0.1:48409/api/v2/externally-readable-demand-catalog
[08:03:19 INF] Sending HTTP request GET http://127.0.0.1:48409/api/v2/externally-readable-demand-catalog
[08:03:19 INF] Received HTTP response headers after 7.9245ms - 200
[08:03:19 INF] End processing HTTP request after 12.826ms - 200
[08:03:19 INF] Executed DbCommand (0ms) [Parameters=[], CommandType='Text', CommandTimeout='30']
SELECT "j"."DemandId", "j"."AcceptedAt", "j"."DecisionFingerprint", "j"."DemandCreatedAt", "j"."FirstSeenAt", "j"."LastSeenAt", "j"."ReasonCode", "j"."StarvationEscalatedAt", "j"."StarvationEscalationParameterVersion", "j"."TransportDemandKey"
FROM "JourneyBacklog" AS "j"
[08:03:19 INF] Executed DbCommand (0ms) [Parameters=[], CommandType='Text', CommandTimeout='30']
SELECT "a"."DemandId"
FROM "AcceptedDemands" AS "a"
[08:03:19 INF] Executed DbCommand (0ms) [Parameters=[], CommandType='Text', CommandTimeout='30']
SELECT "v"."AgvId", "v"."TaskType", "v"."Allowed", "v"."ConfigurationVersion", "v"."UpdatedAt"
FROM "VehicleTaskTypeAdmissions" AS "v"
[08:03:19 INF] Executed DbCommand (0ms) [Parameters=[], CommandType='Text', CommandTimeout='30']
SELECT "v"."AgvId", "v"."ConfigurationVersion", "v"."RoundTimeoutMilliseconds", "v"."UpdatedAt"
FROM "VehicleDispatchBudgets" AS "v"
[08:03:19 INF] Executed DbCommand (0ms) [Parameters=[], CommandType='Text', CommandTimeout='30']
SELECT "d"."Zone", "d"."AgvId", "d"."ConfigurationVersion", "d"."UpdatedAt"
FROM "DispatchZoneVehicles" AS "d"
[08:03:19 INF] Executed DbCommand (0ms) [Parameters=[], CommandType='Text', CommandTimeout='30']
SELECT "v"."AgvId", "v"."TaskType", "v"."Allowed", "v"."ConfigurationVersion", "v"."UpdatedAt"
FROM "VehicleTaskTypeAdmissions" AS "v"
[08:03:19 INF] Executed DbCommand (0ms) [Parameters=[], CommandType='Text', CommandTimeout='30']
SELECT "v"."AgvId", "v"."ConfigurationVersion", "v"."RoundTimeoutMilliseconds", "v"."UpdatedAt"
FROM "VehicleDispatchBudgets" AS "v"
[08:03:19 INF] HTTP GET /health/live responded 200 in 10.1660 ms
[08:03:19 INF] Executed DbCommand (0ms) [Parameters=[], CommandType='Text', CommandTimeout='30']
SELECT "d"."Zone", "d"."AgvId", "d"."ConfigurationVersion", "d"."UpdatedAt"
FROM "DispatchZoneVehicles" AS "d"
[08:03:19 INF] Executed DbCommand (0ms) [Parameters=[@p0='?' (Size = 10), @p1='?' (Size = 19), @p2='?' (Size = 64), @p3='?' (DbType = DateTimeOffset)], CommandType='Text', CommandTimeout='30']
INSERT INTO "DispatchZoneVehicles" ("AgvId", "Zone", "ConfigurationVersion", "UpdatedAt")
VALUES (@p0, @p1, @p2, @p3);
[08:03:19 INF] Executed DbCommand (0ms) [Parameters=[@p0='?' (Size = 10), @p1='?' (Size = 64), @p2='?' (DbType = Int32), @p3='?' (DbType = DateTimeOffset)], CommandType='Text', CommandTimeout='30']
INSERT INTO "VehicleDispatchBudgets" ("AgvId", "ConfigurationVersion", "RoundTimeoutMilliseconds", "UpdatedAt")
VALUES (@p0, @p1, @p2, @p3);
[08:03:19 INF] Executed DbCommand (0ms) [Parameters=[@p0='?' (Size = 10), @p1='?' (Size = 11), @p2='?' (DbType = Boolean), @p3='?' (Size = 64), @p4='?' (DbType = DateTimeOffset)], CommandType='Text', CommandTimeout='30']
INSERT INTO "VehicleTaskTypeAdmissions" ("AgvId", "TaskType", "Allowed", "ConfigurationVersion", "UpdatedAt")
VALUES (@p0, @p1, @p2, @p3, @p4);
[08:03:19 INF] Executed DbCommand (0ms) [Parameters=[@p0='?' (Size = 10), @p1='?' (Size = 19), @p2='?' (DbType = Boolean), @p3='?' (Size = 64), @p4='?' (DbType = DateTimeOffset)], CommandType='Text', CommandTimeout='30']
INSERT INTO "VehicleTaskTypeAdmissions" ("AgvId", "TaskType", "Allowed", "ConfigurationVersion", "UpdatedAt")
VALUES (@p0, @p1, @p2, @p3, @p4);
[08:03:19 INF] Executed DbCommand (0ms) [Parameters=[@p0='?' (Size = 10), @p1='?' (Size = 15), @p2='?' (DbType = Boolean), @p3='?' (Size = 64), @p4='?' (DbType = DateTimeOffset)], CommandType='Text', CommandTimeout='30']
INSERT INTO "VehicleTaskTypeAdmissions" ("AgvId", "TaskType", "Allowed", "ConfigurationVersion", "UpdatedAt")
VALUES (@p0, @p1, @p2, @p3, @p4);
[08:03:19 INF] Executed DbCommand (0ms) [Parameters=[@p0='?' (Size = 10), @p1='?' (Size = 12), @p2='?' (DbType = Boolean), @p3='?' (Size = 64), @p4='?' (DbType = DateTimeOffset)], CommandType='Text', CommandTimeout='30']
INSERT INTO "VehicleTaskTypeAdmissions" ("AgvId", "TaskType", "Allowed", "ConfigurationVersion", "UpdatedAt")
VALUES (@p0, @p1, @p2, @p3, @p4);
[08:03:19 INF] Executed DbCommand (0ms) [Parameters=[@p0='?' (Size = 10), @p1='?' (Size = 16), @p2='?' (DbType = Boolean), @p3='?' (Size = 64), @p4='?' (DbType = DateTimeOffset)], CommandType='Text', CommandTimeout='30']
INSERT INTO "VehicleTaskTypeAdmissions" ("AgvId", "TaskType", "Allowed", "ConfigurationVersion", "UpdatedAt")
VALUES (@p0, @p1, @p2, @p3, @p4);
[08:03:19 INF] Executed DbCommand (0ms) [Parameters=[@p0='?' (Size = 10), @p1='?' (Size = 15), @p2='?' (DbType = Boolean), @p3='?' (Size = 64), @p4='?' (DbType = DateTimeOffset)], CommandType='Text', CommandTimeout='30']
INSERT INTO "VehicleTaskTypeAdmissions" ("AgvId", "TaskType", "Allowed", "ConfigurationVersion", "UpdatedAt")
VALUES (@p0, @p1, @p2, @p3, @p4);
[08:03:19 INF] Executed DbCommand (0ms) [Parameters=[], CommandType='Text', CommandTimeout='30']
SELECT MAX("d"."Version")
FROM "DispatchZoneAreaAssignmentVersions" AS "d"
[08:03:19 INF] Executed DbCommand (0ms) [Parameters=[@__agvId_0='?' (Size = 10)], CommandType='Text', CommandTimeout='30']
SELECT "a"."SlotModelVersionId", "a"."SnapshotId"
FROM "ActiveSlotConfigurations" AS "a"
WHERE "a"."AgvId" = @__agvId_0
LIMIT 2
[08:03:19 INF] Executed DbCommand (0ms) [Parameters=[@__agvId_0='?' (Size = 10)], CommandType='Text', CommandTimeout='30']
SELECT "s"."SlotModelVersionId", "s"."CreatedAt"
FROM "SlotIoBindings" AS "s"
WHERE "s"."AgvId" = @__agvId_0 AND "s"."Status" = 'PUBLISHED'
[08:03:19 INF] Executed DbCommand (0ms) [Parameters=[@__agvId_0='?' (Size = 10)], CommandType='Text', CommandTimeout='30']
SELECT "s"."AgvId", "s"."ActiveUnlockSlotsJson", "s"."CapabilityHash", "s"."CapabilityRevision", "s"."DepartureSafe", "s"."ForcedRecoveryGeneration", "s"."ManifestSha256", "s"."PendingAttemptIdsJson", "s"."PendingResultIdsJson", "s"."ProfileId", "s"."ProtocolCommit", "s"."ProtocolVersion", "s"."ProvenRecoveryCheckpoint", "s"."Readiness", "s"."ReasonCode", "s"."RecoveryReportId", "s"."ReportedForcedRecoveryGeneration", "s"."ReportedSlotConfigurationFingerprint", "s"."SafetyHash", "s"."SafetyReasonCodesJson", "s"."SafetyRevision", "s"."SafetyUnknownPresent", "s"."SessionGeneration", "s"."UnsettledSlotOperationAttemptId", "s"."UpdatedAt"
FROM "SessionRecoveries" AS "s"
WHERE "s"."AgvId" = @__agvId_0 AND "s"."Readiness" = 'Ready'
LIMIT 2
[08:03:19 INF] Start processing HTTP request GET http://127.0.0.1:48408/api/task/vehicles/getVehicleInfoByDeviceKey?key=BROKERX-L2-0001
[08:03:19 INF] Sending HTTP request GET http://127.0.0.1:48408/api/task/vehicles/getVehicleInfoByDeviceKey?key=BROKERX-L2-0001
[08:03:19 INF] HTTP GET /version responded 200 in 4.9837 ms
[08:03:19 INF] Received HTTP response headers after 22.0267ms - 200
[08:03:19 INF] End processing HTTP request after 24.0496ms - 200
[08:03:19 INF] Executed DbCommand (0ms) [Parameters=[], CommandType='Text', CommandTimeout='30']
SELECT "s"."DemandId", "s"."ReasonCode", "s"."ClearedAt", "s"."DetailJson", "s"."FirstRaisedAt", "s"."LastSeenAt", "s"."TransportDemandKey"
FROM "StructuralDispatchBlocks" AS "s"
WHERE "s"."ClearedAt" IS NULL
[08:03:19 INF] Start processing HTTP request GET http://127.0.0.1:48408/api/imap/v1/mapInfo/stations/25
[08:03:19 INF] Sending HTTP request GET http://127.0.0.1:48408/api/imap/v1/mapInfo/stations/25
[08:03:19 INF] Received HTTP response headers after 5.4443ms - 200
[08:03:19 INF] End processing HTTP request after 7.6063ms - 200
[08:03:19 INF] Executed DbCommand (0ms) [Parameters=[@__mapId_0='?' (DbType = Int32)], CommandType='Text', CommandTimeout='30']
SELECT "t"."MapId", "t"."ActiveVersion", "t"."PendingVersion", "t"."State", "t"."UpdatedAt"
FROM "TaskTypeStationActiveBindingSets" AS "t"
WHERE "t"."MapId" = @__mapId_0
LIMIT 2
[08:03:19 INF] Executed DbCommand (0ms) [Parameters=[@__mapId_0='?' (DbType = Int32), @__version_1='?' (DbType = Int64)], CommandType='Text', CommandTimeout='30']
SELECT "t"."MapId", "t"."Version", "t"."CatalogRevision", "t"."ContentSha256", "t"."LoadedAt", "t"."RuleVersion", "t"."SnapshotId", "t"."Source"
FROM "TaskTypeStationBindingSetVersions" AS "t"
WHERE "t"."MapId" = @__mapId_0 AND "t"."Version" = @__version_1
LIMIT 2
[08:03:19 INF] Executed DbCommand (0ms) [Parameters=[@__mapId_0='?' (DbType = Int32), @__version_1='?' (DbType = Int64)], CommandType='Text', CommandTimeout='30']
SELECT "t"."TaskType"
FROM "TaskTypeStationRequirements" AS "t"
WHERE "t"."MapId" = @__mapId_0 AND "t"."Version" = @__version_1
[08:03:19 INF] Executed DbCommand (0ms) [Parameters=[@__mapId_0='?' (DbType = Int32), @__version_1='?' (DbType = Int64)], CommandType='Text', CommandTimeout='30']
SELECT "t"."MapId", "t"."Version", "t"."TaskType", "t"."SiteVerificationRef", "t"."StationName", "t"."StationRiotId"
FROM "TaskTypeStationBindings" AS "t"
WHERE "t"."MapId" = @__mapId_0 AND "t"."Version" = @__version_1
[08:03:19 INF] Executed DbCommand (0ms) [Parameters=[@__version_0='?' (DbType = Int64)], CommandType='Text', CommandTimeout='30']
SELECT "t"."Version", "t"."ContentSha256", "t"."LoadedAt", "t"."SnapshotId", "t"."Source"
FROM "TaskTypeStationRuleVersions" AS "t"
WHERE "t"."Version" = @__version_0
LIMIT 2
[08:03:19 INF] Executed DbCommand (0ms) [Parameters=[@__version_0='?' (DbType = Int64)], CommandType='Text', CommandTimeout='30']
SELECT "t"."Version", "t"."TaskType", "t"."FixedEnd"
FROM "TaskTypeStationRules" AS "t"
WHERE "t"."Version" = @__version_0
[08:03:19 INF] Executed DbCommand (0ms) [Parameters=[@__mapId_0='?' (DbType = Int32)], CommandType='Text', CommandTimeout='30']
SELECT "t"."MapId", "t"."ActiveVersion", "t"."PendingVersion", "t"."State", "t"."UpdatedAt"
FROM "TaskTypeStationActiveBindingSets" AS "t"
WHERE "t"."MapId" = @__mapId_0
LIMIT 2
[08:03:19 INF] Executed DbCommand (0ms) [Parameters=[@__mapId_0='?' (DbType = Int32)], CommandType='Text', CommandTimeout='30']
SELECT "t"."HoldId", "t"."DetailJson", "t"."MapId", "t"."RaisedAt", "t"."RaisedBy", "t"."ReasonCode", "t"."ReleasedAt", "t"."ReleasedBy", "t"."Source", "t"."TaskType"
FROM "TaskTypeStationHolds" AS "t"
WHERE "t"."MapId" = @__mapId_0 AND "t"."ReleasedAt" IS NULL
[08:03:19 INF] Executed DbCommand (0ms) [Parameters=[@__mapId_0='?' (DbType = Int32)], CommandType='Text', CommandTimeout='30']
SELECT "m"."MapId", "m"."ApprovedMaxUnconfirmedSeconds", "m"."ApprovedSyncPeriodSeconds", "m"."CatalogRevision", "m"."LastAttemptAt", "m"."LastCompleteConfirmationAt", "m"."LastFailureReason", "m"."State", "m"."UpdatedAt"
FROM "MapStationCatalogStates" AS "m"
WHERE "m"."MapId" = @__mapId_0
LIMIT 2
[08:03:19 INF] Executed DbCommand (0ms) [Parameters=[@p3='?' (DbType = Int32), @p0='?' (DbType = DateTimeOffset), @p1='?' (DbType = DateTimeOffset), @p2='?' (DbType = DateTimeOffset)], CommandType='Text', CommandTimeout='30']
UPDATE "MapStationCatalogStates" SET "LastAttemptAt" = @p0, "LastCompleteConfirmationAt" = @p1, "UpdatedAt" = @p2
WHERE "MapId" = @p3
RETURNING 1;
[08:03:19 INF] Executed DbCommand (0ms) [Parameters=[@__mapId_0='?' (DbType = Int32)], CommandType='Text', CommandTimeout='30']
SELECT "t"."MapId", "t"."ActiveVersion", "t"."PendingVersion", "t"."State", "t"."UpdatedAt"
FROM "TaskTypeStationActiveBindingSets" AS "t"
WHERE "t"."MapId" = @__mapId_0
LIMIT 2
[08:03:19 INF] Executed DbCommand (0ms) [Parameters=[@__mapId_0='?' (DbType = Int32), @__version_1='?' (DbType = Int64)], CommandType='Text', CommandTimeout='30']
SELECT "t"."MapId", "t"."Version", "t"."CatalogRevision", "t"."ContentSha256", "t"."LoadedAt", "t"."RuleVersion", "t"."SnapshotId", "t"."Source"
FROM "TaskTypeStationBindingSetVersions" AS "t"
WHERE "t"."MapId" = @__mapId_0 AND "t"."Version" = @__version_1
LIMIT 2
[08:03:19 INF] Executed DbCommand (0ms) [Parameters=[@__mapId_0='?' (DbType = Int32), @__version_1='?' (DbType = Int64)], CommandType='Text', CommandTimeout='30']
SELECT "t"."TaskType"
FROM "TaskTypeStationRequirements" AS "t"
WHERE "t"."MapId" = @__mapId_0 AND "t"."Version" = @__version_1
[08:03:19 INF] Executed DbCommand (0ms) [Parameters=[@__mapId_0='?' (DbType = Int32), @__version_1='?' (DbType = Int64)], CommandType='Text', CommandTimeout='30']
SELECT "t"."MapId", "t"."Version", "t"."TaskType", "t"."SiteVerificationRef", "t"."StationName", "t"."StationRiotId"
FROM "TaskTypeStationBindings" AS "t"
WHERE "t"."MapId" = @__mapId_0 AND "t"."Version" = @__version_1
[08:03:19 INF] Executed DbCommand (0ms) [Parameters=[@__mapId_0='?' (DbType = Int32)], CommandType='Text', CommandTimeout='30']
SELECT "t"."MapId", "t"."ActiveVersion", "t"."PendingVersion", "t"."State", "t"."UpdatedAt"
FROM "TaskTypeStationActiveBindingSets" AS "t"
WHERE "t"."MapId" = @__mapId_0
LIMIT 2
[08:03:19 INF] Executed DbCommand (0ms) [Parameters=[@__mapId_0='?' (DbType = Int32), @__version_1='?' (DbType = Int64)], CommandType='Text', CommandTimeout='30']
SELECT "t"."MapId", "t"."Version", "t"."CatalogRevision", "t"."ContentSha256", "t"."LoadedAt", "t"."RuleVersion", "t"."SnapshotId", "t"."Source"
FROM "TaskTypeStationBindingSetVersions" AS "t"
WHERE "t"."MapId" = @__mapId_0 AND "t"."Version" = @__version_1
LIMIT 2
[08:03:19 INF] Executed DbCommand (0ms) [Parameters=[@__mapId_0='?' (DbType = Int32), @__version_1='?' (DbType = Int64)], CommandType='Text', CommandTimeout='30']
SELECT "t"."TaskType"
FROM "TaskTypeStationRequirements" AS "t"
WHERE "t"."MapId" = @__mapId_0 AND "t"."Version" = @__version_1
[08:03:19 INF] Executed DbCommand (0ms) [Parameters=[@__mapId_0='?' (DbType = Int32), @__version_1='?' (DbType = Int64)], CommandType='Text', CommandTimeout='30']
SELECT "t"."MapId", "t"."Version", "t"."TaskType", "t"."SiteVerificationRef", "t"."StationName", "t"."StationRiotId"
FROM "TaskTypeStationBindings" AS "t"
WHERE "t"."MapId" = @__mapId_0 AND "t"."Version" = @__version_1
[08:03:19 INF] Executed DbCommand (0ms) [Parameters=[@__version_0='?' (DbType = Int64)], CommandType='Text', CommandTimeout='30']
SELECT "t"."Version", "t"."ContentSha256", "t"."LoadedAt", "t"."SnapshotId", "t"."Source"
FROM "TaskTypeStationRuleVersions" AS "t"
WHERE "t"."Version" = @__version_0
LIMIT 2
[08:03:19 INF] Executed DbCommand (0ms) [Parameters=[@__version_0='?' (DbType = Int64)], CommandType='Text', CommandTimeout='30']
SELECT "t"."Version", "t"."TaskType", "t"."FixedEnd"
FROM "TaskTypeStationRules" AS "t"
WHERE "t"."Version" = @__version_0
[08:03:19 INF] Executed DbCommand (0ms) [Parameters=[], CommandType='Text', CommandTimeout='30']
SELECT "a"."Id", "a"."ContentHash", "a"."DeploymentId", "a"."ImportedAt", "a"."Version"
FROM "AdmissionPolicyState" AS "a"
WHERE "a"."Id" = 1
LIMIT 2
[08:03:19 INF] Executed DbCommand (0ms) [Parameters=[], CommandType='Text', CommandTimeout='30']
SELECT "j"."JourneyId", "j"."AgvId", "j"."AgvLifecycleGeneration", "j"."AreaEndAdmissionRevokedSince", "j"."BlockReasonCode", "j"."BlockReasonSince", "j"."CargoHoldingStartedAt", "j"."ConsumedSafetyResultMessageId", "j"."ConsumedSublotMessageId", "j"."CreatedAt", "j"."DemandId", "j"."DispatchGeneration", "j"."DispatchZone", "j"."ExpectedBasketCount", "j"."FullSlotPositionsJson", "j"."GateMovementLegId", "j"."GatePlanMessageId", "j"."GateStationId", "j"."GateStationRiotId", "j"."GateUpperId", "j"."GateVehicleBusinessMessageId", "j"."GateWorklistMessageId", "j"."LoadCommandMessageId", "j"."LoadSlotOperationAttemptId", "j"."LoadingClosedReason", "j"."LoadingPhaseState", "j"."MapId", "j"."MapIdentity", "j"."OperationSessionId", "j"."PickupMovementLegId", "j"."PickupStationId", "j"."PickupStationRiotId", "j"."PickupUpperId", "j"."PlanMessageId", "j"."PlanRevision", "j"."PreDepartureSafetyCheckId", "j"."PreDepartureSafetyCheckMessageId", "j"."RouteEvidenceId", "j"."Stage", "j"."StationDepartureWaitStartedAt", "j"."SublotRequestMessageId", "j"."TargetSlotsJson", "j"."UnloadCommandMessageId", "j"."UnloadSlotOperationAttemptId", "j"."UpdatedAt", "j"."VehicleBusinessMessageId", "j"."VehicleBusinessRevision", "j"."VehicleKey", "j"."WorklistMessageId", "j"."WorklistRevision", "j"."YieldTriggeredAt", "j"."YieldTriggeredByVehicleKey"
FROM "JourneyRuntimes" AS "j"
WHERE "j"."Stage" <> 'Completed'
[08:03:19 INF] Executed DbCommand (0ms) [Parameters=[], CommandType='Text', CommandTimeout='30']
SELECT "a"."DemandId"
FROM "AcceptedDemands" AS "a"
WHERE "a"."Status" NOT IN ('Succeeded', 'Cancelled')
[08:03:19 INF] Executed DbCommand (0ms) [Parameters=[], CommandType='Text', CommandTimeout='30']
SELECT "j"."DemandId"
FROM "JourneyRuntimes" AS "j"
[08:03:19 INF] Start processing HTTP request GET http://127.0.0.1:48409/api/v2/contract
[08:03:19 INF] Sending HTTP request GET http://127.0.0.1:48409/api/v2/contract
[08:03:19 INF] Received HTTP response headers after 1.5542ms - 200
[08:03:19 INF] End processing HTTP request after 5.9862ms - 200
[08:03:19 INF] Start processing HTTP request GET http://127.0.0.1:48409/api/v2/externally-readable-demand-catalog
[08:03:19 INF] Sending HTTP request GET http://127.0.0.1:48409/api/v2/externally-readable-demand-catalog
[08:03:19 INF] Received HTTP response headers after 1.4291ms - 200
[08:03:19 INF] End processing HTTP request after 3.2586ms - 200
[08:03:19 INF] Executed DbCommand (0ms) [Parameters=[], CommandType='Text', CommandTimeout='30']
SELECT "j"."DemandId", "j"."AcceptedAt", "j"."DecisionFingerprint", "j"."DemandCreatedAt", "j"."FirstSeenAt", "j"."LastSeenAt", "j"."ReasonCode", "j"."StarvationEscalatedAt", "j"."StarvationEscalationParameterVersion", "j"."TransportDemandKey"
FROM "JourneyBacklog" AS "j"
[08:03:20 INF] Executed DbCommand (0ms) [Parameters=[], CommandType='Text', CommandTimeout='30']
SELECT "a"."DemandId"
FROM "AcceptedDemands" AS "a"
[08:03:20 INF] Executed DbCommand (0ms) [Parameters=[], CommandType='Text', CommandTimeout='30']
SELECT "v"."AgvId", "v"."TaskType", "v"."Allowed", "v"."ConfigurationVersion", "v"."UpdatedAt"
FROM "VehicleTaskTypeAdmissions" AS "v"
[08:03:20 INF] Executed DbCommand (0ms) [Parameters=[], CommandType='Text', CommandTimeout='30']
SELECT "v"."AgvId", "v"."ConfigurationVersion", "v"."RoundTimeoutMilliseconds", "v"."UpdatedAt"
FROM "VehicleDispatchBudgets" AS "v"
[08:03:20 INF] Executed DbCommand (0ms) [Parameters=[], CommandType='Text', CommandTimeout='30']
SELECT "d"."Zone", "d"."AgvId", "d"."ConfigurationVersion", "d"."UpdatedAt"
FROM "DispatchZoneVehicles" AS "d"
[08:03:20 INF] Executed DbCommand (0ms) [Parameters=[], CommandType='Text', CommandTimeout='30']
SELECT MAX("d"."Version")
FROM "DispatchZoneAreaAssignmentVersions" AS "d"
[08:03:20 INF] Executed DbCommand (0ms) [Parameters=[@__agvId_0='?' (Size = 10)], CommandType='Text', CommandTimeout='30']
SELECT "a"."SlotModelVersionId", "a"."SnapshotId"
FROM "ActiveSlotConfigurations" AS "a"
WHERE "a"."AgvId" = @__agvId_0
LIMIT 2
[08:03:20 INF] Executed DbCommand (0ms) [Parameters=[@__agvId_0='?' (Size = 10)], CommandType='Text', CommandTimeout='30']
SELECT "s"."SlotModelVersionId", "s"."CreatedAt"
FROM "SlotIoBindings" AS "s"
WHERE "s"."AgvId" = @__agvId_0 AND "s"."Status" = 'PUBLISHED'
[08:03:20 INF] Executed DbCommand (0ms) [Parameters=[@__agvId_0='?' (Size = 10)], CommandType='Text', CommandTimeout='30']
SELECT "s"."AgvId", "s"."ActiveUnlockSlotsJson", "s"."CapabilityHash", "s"."CapabilityRevision", "s"."DepartureSafe", "s"."ForcedRecoveryGeneration", "s"."ManifestSha256", "s"."PendingAttemptIdsJson", "s"."PendingResultIdsJson", "s"."ProfileId", "s"."ProtocolCommit", "s"."ProtocolVersion", "s"."ProvenRecoveryCheckpoint", "s"."Readiness", "s"."ReasonCode", "s"."RecoveryReportId", "s"."ReportedForcedRecoveryGeneration", "s"."ReportedSlotConfigurationFingerprint", "s"."SafetyHash", "s"."SafetyReasonCodesJson", "s"."SafetyRevision", "s"."SafetyUnknownPresent", "s"."SessionGeneration", "s"."UnsettledSlotOperationAttemptId", "s"."UpdatedAt"
FROM "SessionRecoveries" AS "s"
WHERE "s"."AgvId" = @__agvId_0 AND "s"."Readiness" = 'Ready'
LIMIT 2
[08:03:20 INF] Start processing HTTP request GET http://127.0.0.1:48408/api/task/vehicles/getVehicleInfoByDeviceKey?key=BROKERX-L2-0001
[08:03:20 INF] Sending HTTP request GET http://127.0.0.1:48408/api/task/vehicles/getVehicleInfoByDeviceKey?key=BROKERX-L2-0001
[08:03:20 INF] Received HTTP response headers after 3.1889ms - 200
[08:03:20 INF] End processing HTTP request after 5.5387ms - 200
[08:03:20 INF] Executed DbCommand (0ms) [Parameters=[], CommandType='Text', CommandTimeout='30']
SELECT "s"."DemandId", "s"."ReasonCode", "s"."ClearedAt", "s"."DetailJson", "s"."FirstRaisedAt", "s"."LastSeenAt", "s"."TransportDemandKey"
FROM "StructuralDispatchBlocks" AS "s"
WHERE "s"."ClearedAt" IS NULL
[08:03:20 INF] Start processing HTTP request GET http://127.0.0.1:48408/api/imap/v1/mapInfo/stations/25
[08:03:20 INF] Sending HTTP request GET http://127.0.0.1:48408/api/imap/v1/mapInfo/stations/25
[08:03:20 INF] Received HTTP response headers after 1.7472ms - 200
[08:03:20 INF] End processing HTTP request after 13.874ms - 200
[08:03:20 INF] Executed DbCommand (0ms) [Parameters=[@__mapId_0='?' (DbType = Int32)], CommandType='Text', CommandTimeout='30']
SELECT "t"."MapId", "t"."ActiveVersion", "t"."PendingVersion", "t"."State", "t"."UpdatedAt"
FROM "TaskTypeStationActiveBindingSets" AS "t"
WHERE "t"."MapId" = @__mapId_0
LIMIT 2
[08:03:20 INF] Executed DbCommand (0ms) [Parameters=[@__mapId_0='?' (DbType = Int32), @__version_1='?' (DbType = Int64)], CommandType='Text', CommandTimeout='30']
SELECT "t"."MapId", "t"."Version", "t"."CatalogRevision", "t"."ContentSha256", "t"."LoadedAt", "t"."RuleVersion", "t"."SnapshotId", "t"."Source"
FROM "TaskTypeStationBindingSetVersions" AS "t"
WHERE "t"."MapId" = @__mapId_0 AND "t"."Version" = @__version_1
LIMIT 2
[08:03:20 INF] Executed DbCommand (0ms) [Parameters=[@__mapId_0='?' (DbType = Int32), @__version_1='?' (DbType = Int64)], CommandType='Text', CommandTimeout='30']
SELECT "t"."TaskType"
FROM "TaskTypeStationRequirements" AS "t"
WHERE "t"."MapId" = @__mapId_0 AND "t"."Version" = @__version_1
[08:03:20 INF] Executed DbCommand (0ms) [Parameters=[@__mapId_0='?' (DbType = Int32), @__version_1='?' (DbType = Int64)], CommandType='Text', CommandTimeout='30']
SELECT "t"."MapId", "t"."Version", "t"."TaskType", "t"."SiteVerificationRef", "t"."StationName", "t"."StationRiotId"
FROM "TaskTypeStationBindings" AS "t"
WHERE "t"."MapId" = @__mapId_0 AND "t"."Version" = @__version_1
[08:03:20 INF] Executed DbCommand (0ms) [Parameters=[@__version_0='?' (DbType = Int64)], CommandType='Text', CommandTimeout='30']
SELECT "t"."Version", "t"."ContentSha256", "t"."LoadedAt", "t"."SnapshotId", "t"."Source"
FROM "TaskTypeStationRuleVersions" AS "t"
WHERE "t"."Version" = @__version_0
LIMIT 2
[08:03:20 INF] Executed DbCommand (0ms) [Parameters=[@__version_0='?' (DbType = Int64)], CommandType='Text', CommandTimeout='30']
SELECT "t"."Version", "t"."TaskType", "t"."FixedEnd"
FROM "TaskTypeStationRules" AS "t"
WHERE "t"."Version" = @__version_0
[08:03:20 INF] Executed DbCommand (0ms) [Parameters=[@__mapId_0='?' (DbType = Int32)], CommandType='Text', CommandTimeout='30']
SELECT "t"."MapId", "t"."ActiveVersion", "t"."PendingVersion", "t"."State", "t"."UpdatedAt"
FROM "TaskTypeStationActiveBindingSets" AS "t"
WHERE "t"."MapId" = @__mapId_0
LIMIT 2
[08:03:20 INF] Executed DbCommand (0ms) [Parameters=[@__mapId_0='?' (DbType = Int32)], CommandType='Text', CommandTimeout='30']
SELECT "t"."HoldId", "t"."DetailJson", "t"."MapId", "t"."RaisedAt", "t"."RaisedBy", "t"."ReasonCode", "t"."ReleasedAt", "t"."ReleasedBy", "t"."Source", "t"."TaskType"
FROM "TaskTypeStationHolds" AS "t"
WHERE "t"."MapId" = @__mapId_0 AND "t"."ReleasedAt" IS NULL
[08:03:20 INF] Executed DbCommand (0ms) [Parameters=[@__mapId_0='?' (DbType = Int32)], CommandType='Text', CommandTimeout='30']
SELECT "m"."MapId", "m"."ApprovedMaxUnconfirmedSeconds", "m"."ApprovedSyncPeriodSeconds", "m"."CatalogRevision", "m"."LastAttemptAt", "m"."LastCompleteConfirmationAt", "m"."LastFailureReason", "m"."State", "m"."UpdatedAt"
FROM "MapStationCatalogStates" AS "m"
WHERE "m"."MapId" = @__mapId_0
LIMIT 2
[08:03:20 INF] Executed DbCommand (0ms) [Parameters=[@p3='?' (DbType = Int32), @p0='?' (DbType = DateTimeOffset), @p1='?' (DbType = DateTimeOffset), @p2='?' (DbType = DateTimeOffset)], CommandType='Text', CommandTimeout='30']
UPDATE "MapStationCatalogStates" SET "LastAttemptAt" = @p0, "LastCompleteConfirmationAt" = @p1, "UpdatedAt" = @p2
WHERE "MapId" = @p3
RETURNING 1;
[08:03:20 INF] Executed DbCommand (0ms) [Parameters=[@__mapId_0='?' (DbType = Int32)], CommandType='Text', CommandTimeout='30']
SELECT "t"."MapId", "t"."ActiveVersion", "t"."PendingVersion", "t"."State", "t"."UpdatedAt"
FROM "TaskTypeStationActiveBindingSets" AS "t"
WHERE "t"."MapId" = @__mapId_0
LIMIT 2
[08:03:20 INF] Executed DbCommand (0ms) [Parameters=[@__mapId_0='?' (DbType = Int32), @__version_1='?' (DbType = Int64)], CommandType='Text', CommandTimeout='30']
SELECT "t"."MapId", "t"."Version", "t"."CatalogRevision", "t"."ContentSha256", "t"."LoadedAt", "t"."RuleVersion", "t"."SnapshotId", "t"."Source"
FROM "TaskTypeStationBindingSetVersions" AS "t"
WHERE "t"."MapId" = @__mapId_0 AND "t"."Version" = @__version_1
LIMIT 2
[08:03:20 INF] Executed DbCommand (0ms) [Parameters=[@__mapId_0='?' (DbType = Int32), @__version_1='?' (DbType = Int64)], CommandType='Text', CommandTimeout='30']
SELECT "t"."TaskType"
FROM "TaskTypeStationRequirements" AS "t"
WHERE "t"."MapId" = @__mapId_0 AND "t"."Version" = @__version_1
[08:03:20 INF] Executed DbCommand (0ms) [Parameters=[@__mapId_0='?' (DbType = Int32), @__version_1='?' (DbType = Int64)], CommandType='Text', CommandTimeout='30']
SELECT "t"."MapId", "t"."Version", "t"."TaskType", "t"."SiteVerificationRef", "t"."StationName", "t"."StationRiotId"
FROM "TaskTypeStationBindings" AS "t"
WHERE "t"."MapId" = @__mapId_0 AND "t"."Version" = @__version_1
[08:03:20 INF] Executed DbCommand (0ms) [Parameters=[@__mapId_0='?' (DbType = Int32)], CommandType='Text', CommandTimeout='30']
SELECT "t"."MapId", "t"."ActiveVersion", "t"."PendingVersion", "t"."State", "t"."UpdatedAt"
FROM "TaskTypeStationActiveBindingSets" AS "t"
WHERE "t"."MapId" = @__mapId_0
LIMIT 2
[08:03:20 INF] Executed DbCommand (0ms) [Parameters=[@__mapId_0='?' (DbType = Int32), @__version_1='?' (DbType = Int64)], CommandType='Text', CommandTimeout='30']
SELECT "t"."MapId", "t"."Version", "t"."CatalogRevision", "t"."ContentSha256", "t"."LoadedAt", "t"."RuleVersion", "t"."SnapshotId", "t"."Source"
FROM "TaskTypeStationBindingSetVersions" AS "t"
WHERE "t"."MapId" = @__mapId_0 AND "t"."Version" = @__version_1
LIMIT 2
[08:03:20 INF] Executed DbCommand (0ms) [Parameters=[@__mapId_0='?' (DbType = Int32), @__version_1='?' (DbType = Int64)], CommandType='Text', CommandTimeout='30']
SELECT "t"."TaskType"
FROM "TaskTypeStationRequirements" AS "t"
WHERE "t"."MapId" = @__mapId_0 AND "t"."Version" = @__version_1
[08:03:20 INF] Executed DbCommand (0ms) [Parameters=[@__mapId_0='?' (DbType = Int32), @__version_1='?' (DbType = Int64)], CommandType='Text', CommandTimeout='30']
SELECT "t"."MapId", "t"."Version", "t"."TaskType", "t"."SiteVerificationRef", "t"."StationName", "t"."StationRiotId"
FROM "TaskTypeStationBindings" AS "t"
WHERE "t"."MapId" = @__mapId_0 AND "t"."Version" = @__version_1
[08:03:20 INF] Executed DbCommand (0ms) [Parameters=[@__version_0='?' (DbType = Int64)], CommandType='Text', CommandTimeout='30']
SELECT "t"."Version", "t"."ContentSha256", "t"."LoadedAt", "t"."SnapshotId", "t"."Source"
FROM "TaskTypeStationRuleVersions" AS "t"
WHERE "t"."Version" = @__version_0
LIMIT 2
[08:03:20 INF] Executed DbCommand (0ms) [Parameters=[@__version_0='?' (DbType = Int64)], CommandType='Text', CommandTimeout='30']
SELECT "t"."Version", "t"."TaskType", "t"."FixedEnd"
FROM "TaskTypeStationRules" AS "t"
WHERE "t"."Version" = @__version_0
[08:03:20 INF] Executed DbCommand (0ms) [Parameters=[], CommandType='Text', CommandTimeout='30']
SELECT "a"."Id", "a"."ContentHash", "a"."DeploymentId", "a"."ImportedAt", "a"."Version"
FROM "AdmissionPolicyState" AS "a"
WHERE "a"."Id" = 1
LIMIT 2
[08:03:20 INF] Executed DbCommand (0ms) [Parameters=[], CommandType='Text', CommandTimeout='30']
SELECT "j"."JourneyId", "j"."AgvId", "j"."AgvLifecycleGeneration", "j"."AreaEndAdmissionRevokedSince", "j"."BlockReasonCode", "j"."BlockReasonSince", "j"."CargoHoldingStartedAt", "j"."ConsumedSafetyResultMessageId", "j"."ConsumedSublotMessageId", "j"."CreatedAt", "j"."DemandId", "j"."DispatchGeneration", "j"."DispatchZone", "j"."ExpectedBasketCount", "j"."FullSlotPositionsJson", "j"."GateMovementLegId", "j"."GatePlanMessageId", "j"."GateStationId", "j"."GateStationRiotId", "j"."GateUpperId", "j"."GateVehicleBusinessMessageId", "j"."GateWorklistMessageId", "j"."LoadCommandMessageId", "j"."LoadSlotOperationAttemptId", "j"."LoadingClosedReason", "j"."LoadingPhaseState", "j"."MapId", "j"."MapIdentity", "j"."OperationSessionId", "j"."PickupMovementLegId", "j"."PickupStationId", "j"."PickupStationRiotId", "j"."PickupUpperId", "j"."PlanMessageId", "j"."PlanRevision", "j"."PreDepartureSafetyCheckId", "j"."PreDepartureSafetyCheckMessageId", "j"."RouteEvidenceId", "j"."Stage", "j"."StationDepartureWaitStartedAt", "j"."SublotRequestMessageId", "j"."TargetSlotsJson", "j"."UnloadCommandMessageId", "j"."UnloadSlotOperationAttemptId", "j"."UpdatedAt", "j"."VehicleBusinessMessageId", "j"."VehicleBusinessRevision", "j"."VehicleKey", "j"."WorklistMessageId", "j"."WorklistRevision", "j"."YieldTriggeredAt", "j"."YieldTriggeredByVehicleKey"
FROM "JourneyRuntimes" AS "j"
WHERE "j"."Stage" <> 'Completed'
[08:03:20 INF] Executed DbCommand (0ms) [Parameters=[], CommandType='Text', CommandTimeout='30']
SELECT "a"."DemandId"
FROM "AcceptedDemands" AS "a"
WHERE "a"."Status" NOT IN ('Succeeded', 'Cancelled')
[08:03:20 INF] Executed DbCommand (0ms) [Parameters=[], CommandType='Text', CommandTimeout='30']
SELECT "j"."DemandId"
FROM "JourneyRuntimes" AS "j"
[08:03:20 INF] Start processing HTTP request GET http://127.0.0.1:48409/api/v2/contract
[08:03:20 INF] Sending HTTP request GET http://127.0.0.1:48409/api/v2/contract
[08:03:20 INF] Received HTTP response headers after 1.3541ms - 200
[08:03:20 INF] End processing HTTP request after 14.5954ms - 200
[08:03:20 INF] Start processing HTTP request GET http://127.0.0.1:48409/api/v2/externally-readable-demand-catalog
[08:03:21 INF] Sending HTTP request GET http://127.0.0.1:48409/api/v2/externally-readable-demand-catalog
[08:03:21 INF] Received HTTP response headers after 1.4795ms - 200
[08:03:21 INF] End processing HTTP request after 46.9959ms - 200
[08:03:21 INF] Executed DbCommand (0ms) [Parameters=[], CommandType='Text', CommandTimeout='30']
SELECT "j"."DemandId", "j"."AcceptedAt", "j"."DecisionFingerprint", "j"."DemandCreatedAt", "j"."FirstSeenAt", "j"."LastSeenAt", "j"."ReasonCode", "j"."StarvationEscalatedAt", "j"."StarvationEscalationParameterVersion", "j"."TransportDemandKey"
FROM "JourneyBacklog" AS "j"
[08:03:21 INF] Executed DbCommand (0ms) [Parameters=[], CommandType='Text', CommandTimeout='30']
SELECT "a"."DemandId"
FROM "AcceptedDemands" AS "a"
[08:03:21 INF] Executed DbCommand (0ms) [Parameters=[], CommandType='Text', CommandTimeout='30']
SELECT "v"."AgvId", "v"."TaskType", "v"."Allowed", "v"."ConfigurationVersion", "v"."UpdatedAt"
FROM "VehicleTaskTypeAdmissions" AS "v"
[08:03:21 INF] Executed DbCommand (0ms) [Parameters=[], CommandType='Text', CommandTimeout='30']
SELECT "v"."AgvId", "v"."ConfigurationVersion", "v"."RoundTimeoutMilliseconds", "v"."UpdatedAt"
FROM "VehicleDispatchBudgets" AS "v"
[08:03:21 INF] Executed DbCommand (0ms) [Parameters=[], CommandType='Text', CommandTimeout='30']
SELECT "d"."Zone", "d"."AgvId", "d"."ConfigurationVersion", "d"."UpdatedAt"
FROM "DispatchZoneVehicles" AS "d"
[08:03:21 INF] Executed DbCommand (0ms) [Parameters=[], CommandType='Text', CommandTimeout='30']
SELECT MAX("d"."Version")
FROM "DispatchZoneAreaAssignmentVersions" AS "d"
[08:03:21 INF] Executed DbCommand (0ms) [Parameters=[@__agvId_0='?' (Size = 10)], CommandType='Text', CommandTimeout='30']
SELECT "a"."SlotModelVersionId", "a"."SnapshotId"
FROM "ActiveSlotConfigurations" AS "a"
WHERE "a"."AgvId" = @__agvId_0
LIMIT 2
[08:03:21 INF] Executed DbCommand (0ms) [Parameters=[@__agvId_0='?' (Size = 10)], CommandType='Text', CommandTimeout='30']
SELECT "s"."SlotModelVersionId", "s"."CreatedAt"
FROM "SlotIoBindings" AS "s"
WHERE "s"."AgvId" = @__agvId_0 AND "s"."Status" = 'PUBLISHED'
[08:03:21 INF] Executed DbCommand (0ms) [Parameters=[@__agvId_0='?' (Size = 10)], CommandType='Text', CommandTimeout='30']
SELECT "s"."AgvId", "s"."ActiveUnlockSlotsJson", "s"."CapabilityHash", "s"."CapabilityRevision", "s"."DepartureSafe", "s"."ForcedRecoveryGeneration", "s"."ManifestSha256", "s"."PendingAttemptIdsJson", "s"."PendingResultIdsJson", "s"."ProfileId", "s"."ProtocolCommit", "s"."ProtocolVersion", "s"."ProvenRecoveryCheckpoint", "s"."Readiness", "s"."ReasonCode", "s"."RecoveryReportId", "s"."ReportedForcedRecoveryGeneration", "s"."ReportedSlotConfigurationFingerprint", "s"."SafetyHash", "s"."SafetyReasonCodesJson", "s"."SafetyRevision", "s"."SafetyUnknownPresent", "s"."SessionGeneration", "s"."UnsettledSlotOperationAttemptId", "s"."UpdatedAt"
FROM "SessionRecoveries" AS "s"
WHERE "s"."AgvId" = @__agvId_0 AND "s"."Readiness" = 'Ready'
LIMIT 2
[08:03:21 INF] Start processing HTTP request GET http://127.0.0.1:48408/api/task/vehicles/getVehicleInfoByDeviceKey?key=BROKERX-L2-0001
[08:03:21 INF] Sending HTTP request GET http://127.0.0.1:48408/api/task/vehicles/getVehicleInfoByDeviceKey?key=BROKERX-L2-0001
[08:03:21 INF] Received HTTP response headers after 1.3533ms - 200
[08:03:21 INF] End processing HTTP request after 3.5226ms - 200
[08:03:21 INF] Executed DbCommand (0ms) [Parameters=[], CommandType='Text', CommandTimeout='30']
SELECT "s"."DemandId", "s"."ReasonCode", "s"."ClearedAt", "s"."DetailJson", "s"."FirstRaisedAt", "s"."LastSeenAt", "s"."TransportDemandKey"
FROM "StructuralDispatchBlocks" AS "s"
WHERE "s"."ClearedAt" IS NULL
[08:03:21 INF] Start processing HTTP request GET http://127.0.0.1:48408/api/imap/v1/mapInfo/stations/25
[08:03:21 INF] Sending HTTP request GET http://127.0.0.1:48408/api/imap/v1/mapInfo/stations/25
[08:03:21 INF] Received HTTP response headers after 1.8817ms - 200
[08:03:21 INF] End processing HTTP request after 4.9168ms - 200
[08:03:21 INF] Executed DbCommand (0ms) [Parameters=[@__mapId_0='?' (DbType = Int32)], CommandType='Text', CommandTimeout='30']
SELECT "t"."MapId", "t"."ActiveVersion", "t"."PendingVersion", "t"."State", "t"."UpdatedAt"
FROM "TaskTypeStationActiveBindingSets" AS "t"
WHERE "t"."MapId" = @__mapId_0
LIMIT 2
[08:03:21 INF] Executed DbCommand (0ms) [Parameters=[@__mapId_0='?' (DbType = Int32), @__version_1='?' (DbType = Int64)], CommandType='Text', CommandTimeout='30']
SELECT "t"."MapId", "t"."Version", "t"."CatalogRevision", "t"."ContentSha256", "t"."LoadedAt", "t"."RuleVersion", "t"."SnapshotId", "t"."Source"
FROM "TaskTypeStationBindingSetVersions" AS "t"
WHERE "t"."MapId" = @__mapId_0 AND "t"."Version" = @__version_1
LIMIT 2
[08:03:21 INF] Executed DbCommand (0ms) [Parameters=[@__mapId_0='?' (DbType = Int32), @__version_1='?' (DbType = Int64)], CommandType='Text', CommandTimeout='30']
SELECT "t"."TaskType"
FROM "TaskTypeStationRequirements" AS "t"
WHERE "t"."MapId" = @__mapId_0 AND "t"."Version" = @__version_1
[08:03:21 INF] Executed DbCommand (0ms) [Parameters=[@__mapId_0='?' (DbType = Int32), @__version_1='?' (DbType = Int64)], CommandType='Text', CommandTimeout='30']
SELECT "t"."MapId", "t"."Version", "t"."TaskType", "t"."SiteVerificationRef", "t"."StationName", "t"."StationRiotId"
FROM "TaskTypeStationBindings" AS "t"
WHERE "t"."MapId" = @__mapId_0 AND "t"."Version" = @__version_1
[08:03:21 INF] Executed DbCommand (0ms) [Parameters=[@__version_0='?' (DbType = Int64)], CommandType='Text', CommandTimeout='30']
SELECT "t"."Version", "t"."ContentSha256", "t"."LoadedAt", "t"."SnapshotId", "t"."Source"
FROM "TaskTypeStationRuleVersions" AS "t"
WHERE "t"."Version" = @__version_0
LIMIT 2
[08:03:21 INF] Executed DbCommand (0ms) [Parameters=[@__version_0='?' (DbType = Int64)], CommandType='Text', CommandTimeout='30']
SELECT "t"."Version", "t"."TaskType", "t"."FixedEnd"
FROM "TaskTypeStationRules" AS "t"
WHERE "t"."Version" = @__version_0
[08:03:21 INF] Executed DbCommand (0ms) [Parameters=[@__mapId_0='?' (DbType = Int32)], CommandType='Text', CommandTimeout='30']
SELECT "t"."MapId", "t"."ActiveVersion", "t"."PendingVersion", "t"."State", "t"."UpdatedAt"
FROM "TaskTypeStationActiveBindingSets" AS "t"
WHERE "t"."MapId" = @__mapId_0
LIMIT 2
[08:03:21 INF] Executed DbCommand (0ms) [Parameters=[@__mapId_0='?' (DbType = Int32)], CommandType='Text', CommandTimeout='30']
SELECT "t"."HoldId", "t"."DetailJson", "t"."MapId", "t"."RaisedAt", "t"."RaisedBy", "t"."ReasonCode", "t"."ReleasedAt", "t"."ReleasedBy", "t"."Source", "t"."TaskType"
FROM "TaskTypeStationHolds" AS "t"
WHERE "t"."MapId" = @__mapId_0 AND "t"."ReleasedAt" IS NULL
[08:03:21 INF] Executed DbCommand (0ms) [Parameters=[@__mapId_0='?' (DbType = Int32)], CommandType='Text', CommandTimeout='30']
SELECT "m"."MapId", "m"."ApprovedMaxUnconfirmedSeconds", "m"."ApprovedSyncPeriodSeconds", "m"."CatalogRevision", "m"."LastAttemptAt", "m"."LastCompleteConfirmationAt", "m"."LastFailureReason", "m"."State", "m"."UpdatedAt"
FROM "MapStationCatalogStates" AS "m"
WHERE "m"."MapId" = @__mapId_0
LIMIT 2
[08:03:21 INF] Executed DbCommand (0ms) [Parameters=[@p3='?' (DbType = Int32), @p0='?' (DbType = DateTimeOffset), @p1='?' (DbType = DateTimeOffset), @p2='?' (DbType = DateTimeOffset)], CommandType='Text', CommandTimeout='30']
UPDATE "MapStationCatalogStates" SET "LastAttemptAt" = @p0, "LastCompleteConfirmationAt" = @p1, "UpdatedAt" = @p2
WHERE "MapId" = @p3
RETURNING 1;
[08:03:21 INF] Executed DbCommand (0ms) [Parameters=[@__mapId_0='?' (DbType = Int32)], CommandType='Text', CommandTimeout='30']
SELECT "t"."MapId", "t"."ActiveVersion", "t"."PendingVersion", "t"."State", "t"."UpdatedAt"
FROM "TaskTypeStationActiveBindingSets" AS "t"
WHERE "t"."MapId" = @__mapId_0
LIMIT 2
[08:03:21 INF] Executed DbCommand (0ms) [Parameters=[@__mapId_0='?' (DbType = Int32), @__version_1='?' (DbType = Int64)], CommandType='Text', CommandTimeout='30']
SELECT "t"."MapId", "t"."Version", "t"."CatalogRevision", "t"."ContentSha256", "t"."LoadedAt", "t"."RuleVersion", "t"."SnapshotId", "t"."Source"
FROM "TaskTypeStationBindingSetVersions" AS "t"
WHERE "t"."MapId" = @__mapId_0 AND "t"."Version" = @__version_1
LIMIT 2
[08:03:21 INF] Executed DbCommand (0ms) [Parameters=[@__mapId_0='?' (DbType = Int32), @__version_1='?' (DbType = Int64)], CommandType='Text', CommandTimeout='30']
SELECT "t"."TaskType"
FROM "TaskTypeStationRequirements" AS "t"
WHERE "t"."MapId" = @__mapId_0 AND "t"."Version" = @__version_1
[08:03:21 INF] Executed DbCommand (0ms) [Parameters=[@__mapId_0='?' (DbType = Int32), @__version_1='?' (DbType = Int64)], CommandType='Text', CommandTimeout='30']
SELECT "t"."MapId", "t"."Version", "t"."TaskType", "t"."SiteVerificationRef", "t"."StationName", "t"."StationRiotId"
FROM "TaskTypeStationBindings" AS "t"
WHERE "t"."MapId" = @__mapId_0 AND "t"."Version" = @__version_1
[08:03:21 INF] Executed DbCommand (0ms) [Parameters=[@__mapId_0='?' (DbType = Int32)], CommandType='Text', CommandTimeout='30']
SELECT "t"."MapId", "t"."ActiveVersion", "t"."PendingVersion", "t"."State", "t"."UpdatedAt"
FROM "TaskTypeStationActiveBindingSets" AS "t"
WHERE "t"."MapId" = @__mapId_0
LIMIT 2
[08:03:21 INF] Executed DbCommand (0ms) [Parameters=[@__mapId_0='?' (DbType = Int32), @__version_1='?' (DbType = Int64)], CommandType='Text', CommandTimeout='30']
SELECT "t"."MapId", "t"."Version", "t"."CatalogRevision", "t"."ContentSha256", "t"."LoadedAt", "t"."RuleVersion", "t"."SnapshotId", "t"."Source"
FROM "TaskTypeStationBindingSetVersions" AS "t"
WHERE "t"."MapId" = @__mapId_0 AND "t"."Version" = @__version_1
LIMIT 2
[08:03:21 INF] Executed DbCommand (0ms) [Parameters=[@__mapId_0='?' (DbType = Int32), @__version_1='?' (DbType = Int64)], CommandType='Text', CommandTimeout='30']
SELECT "t"."TaskType"
FROM "TaskTypeStationRequirements" AS "t"
WHERE "t"."MapId" = @__mapId_0 AND "t"."Version" = @__version_1
[08:03:21 INF] Executed DbCommand (0ms) [Parameters=[@__mapId_0='?' (DbType = Int32), @__version_1='?' (DbType = Int64)], CommandType='Text', CommandTimeout='30']
SELECT "t"."MapId", "t"."Version", "t"."TaskType", "t"."SiteVerificationRef", "t"."StationName", "t"."StationRiotId"
FROM "TaskTypeStationBindings" AS "t"
WHERE "t"."MapId" = @__mapId_0 AND "t"."Version" = @__version_1
[08:03:21 INF] Executed DbCommand (0ms) [Parameters=[@__version_0='?' (DbType = Int64)], CommandType='Text', CommandTimeout='30']
SELECT "t"."Version", "t"."ContentSha256", "t"."LoadedAt", "t"."SnapshotId", "t"."Source"
FROM "TaskTypeStationRuleVersions" AS "t"
WHERE "t"."Version" = @__version_0
LIMIT 2
[08:03:21 INF] Executed DbCommand (0ms) [Parameters=[@__version_0='?' (DbType = Int64)], CommandType='Text', CommandTimeout='30']
SELECT "t"."Version", "t"."TaskType", "t"."FixedEnd"
FROM "TaskTypeStationRules" AS "t"
WHERE "t"."Version" = @__version_0
[08:03:21 INF] Executed DbCommand (0ms) [Parameters=[], CommandType='Text', CommandTimeout='30']
SELECT "a"."Id", "a"."ContentHash", "a"."DeploymentId", "a"."ImportedAt", "a"."Version"
FROM "AdmissionPolicyState" AS "a"
WHERE "a"."Id" = 1
LIMIT 2
[08:03:21 INF] Executed DbCommand (0ms) [Parameters=[], CommandType='Text', CommandTimeout='30']
SELECT "j"."JourneyId", "j"."AgvId", "j"."AgvLifecycleGeneration", "j"."AreaEndAdmissionRevokedSince", "j"."BlockReasonCode", "j"."BlockReasonSince", "j"."CargoHoldingStartedAt", "j"."ConsumedSafetyResultMessageId", "j"."ConsumedSublotMessageId", "j"."CreatedAt", "j"."DemandId", "j"."DispatchGeneration", "j"."DispatchZone", "j"."ExpectedBasketCount", "j"."FullSlotPositionsJson", "j"."GateMovementLegId", "j"."GatePlanMessageId", "j"."GateStationId", "j"."GateStationRiotId", "j"."GateUpperId", "j"."GateVehicleBusinessMessageId", "j"."GateWorklistMessageId", "j"."LoadCommandMessageId", "j"."LoadSlotOperationAttemptId", "j"."LoadingClosedReason", "j"."LoadingPhaseState", "j"."MapId", "j"."MapIdentity", "j"."OperationSessionId", "j"."PickupMovementLegId", "j"."PickupStationId", "j"."PickupStationRiotId", "j"."PickupUpperId", "j"."PlanMessageId", "j"."PlanRevision", "j"."PreDepartureSafetyCheckId", "j"."PreDepartureSafetyCheckMessageId", "j"."RouteEvidenceId", "j"."Stage", "j"."StationDepartureWaitStartedAt", "j"."SublotRequestMessageId", "j"."TargetSlotsJson", "j"."UnloadCommandMessageId", "j"."UnloadSlotOperationAttemptId", "j"."UpdatedAt", "j"."VehicleBusinessMessageId", "j"."VehicleBusinessRevision", "j"."VehicleKey", "j"."WorklistMessageId", "j"."WorklistRevision", "j"."YieldTriggeredAt", "j"."YieldTriggeredByVehicleKey"
FROM "JourneyRuntimes" AS "j"
WHERE "j"."Stage" <> 'Completed'
[08:03:21 INF] Executed DbCommand (0ms) [Parameters=[], CommandType='Text', CommandTimeout='30']
SELECT "a"."DemandId"
FROM "AcceptedDemands" AS "a"
WHERE "a"."Status" NOT IN ('Succeeded', 'Cancelled')
[08:03:21 INF] Executed DbCommand (0ms) [Parameters=[], CommandType='Text', CommandTimeout='30']
SELECT "j"."DemandId"
FROM "JourneyRuntimes" AS "j"
[08:03:21 INF] Start processing HTTP request GET http://127.0.0.1:48409/api/v2/contract
[08:03:21 INF] Sending HTTP request GET http://127.0.0.1:48409/api/v2/contract
[08:03:21 INF] Received HTTP response headers after 1.566ms - 200
[08:03:21 INF] End processing HTTP request after 4.1409ms - 200
[08:03:21 INF] Start processing HTTP request GET http://127.0.0.1:48409/api/v2/externally-readable-demand-catalog
[08:03:21 INF] Sending HTTP request GET http://127.0.0.1:48409/api/v2/externally-readable-demand-catalog
[08:03:21 INF] Received HTTP response headers after 1.5463ms - 200
[08:03:21 INF] End processing HTTP request after 33.4797ms - 200
[08:03:21 INF] Executed DbCommand (0ms) [Parameters=[], CommandType='Text', CommandTimeout='30']
SELECT "j"."DemandId", "j"."AcceptedAt", "j"."DecisionFingerprint", "j"."DemandCreatedAt", "j"."FirstSeenAt", "j"."LastSeenAt", "j"."ReasonCode", "j"."StarvationEscalatedAt", "j"."StarvationEscalationParameterVersion", "j"."TransportDemandKey"
FROM "JourneyBacklog" AS "j"
[08:03:21 INF] Executed DbCommand (0ms) [Parameters=[], CommandType='Text', CommandTimeout='30']
SELECT "a"."DemandId"
FROM "AcceptedDemands" AS "a"
[08:03:21 INF] Executed DbCommand (0ms) [Parameters=[], CommandType='Text', CommandTimeout='30']
SELECT "v"."AgvId", "v"."TaskType", "v"."Allowed", "v"."ConfigurationVersion", "v"."UpdatedAt"
FROM "VehicleTaskTypeAdmissions" AS "v"
[08:03:22 INF] Executed DbCommand (0ms) [Parameters=[], CommandType='Text', CommandTimeout='30']
SELECT "v"."AgvId", "v"."ConfigurationVersion", "v"."RoundTimeoutMilliseconds", "v"."UpdatedAt"
FROM "VehicleDispatchBudgets" AS "v"
[08:03:22 INF] Executed DbCommand (0ms) [Parameters=[], CommandType='Text', CommandTimeout='30']
SELECT "d"."Zone", "d"."AgvId", "d"."ConfigurationVersion", "d"."UpdatedAt"
FROM "DispatchZoneVehicles" AS "d"
[08:03:22 INF] Executed DbCommand (0ms) [Parameters=[], CommandType='Text', CommandTimeout='30']
SELECT MAX("d"."Version")
FROM "DispatchZoneAreaAssignmentVersions" AS "d"
[08:03:22 INF] Executed DbCommand (0ms) [Parameters=[@__agvId_0='?' (Size = 10)], CommandType='Text', CommandTimeout='30']
SELECT "a"."SlotModelVersionId", "a"."SnapshotId"
FROM "ActiveSlotConfigurations" AS "a"
WHERE "a"."AgvId" = @__agvId_0
LIMIT 2
[08:03:22 INF] Executed DbCommand (0ms) [Parameters=[@__agvId_0='?' (Size = 10)], CommandType='Text', CommandTimeout='30']
SELECT "s"."SlotModelVersionId", "s"."CreatedAt"
FROM "SlotIoBindings" AS "s"
WHERE "s"."AgvId" = @__agvId_0 AND "s"."Status" = 'PUBLISHED'
[08:03:22 INF] Executed DbCommand (0ms) [Parameters=[@__agvId_0='?' (Size = 10)], CommandType='Text', CommandTimeout='30']
SELECT "s"."AgvId", "s"."ActiveUnlockSlotsJson", "s"."CapabilityHash", "s"."CapabilityRevision", "s"."DepartureSafe", "s"."ForcedRecoveryGeneration", "s"."ManifestSha256", "s"."PendingAttemptIdsJson", "s"."PendingResultIdsJson", "s"."ProfileId", "s"."ProtocolCommit", "s"."ProtocolVersion", "s"."ProvenRecoveryCheckpoint", "s"."Readiness", "s"."ReasonCode", "s"."RecoveryReportId", "s"."ReportedForcedRecoveryGeneration", "s"."ReportedSlotConfigurationFingerprint", "s"."SafetyHash", "s"."SafetyReasonCodesJson", "s"."SafetyRevision", "s"."SafetyUnknownPresent", "s"."SessionGeneration", "s"."UnsettledSlotOperationAttemptId", "s"."UpdatedAt"
FROM "SessionRecoveries" AS "s"
WHERE "s"."AgvId" = @__agvId_0 AND "s"."Readiness" = 'Ready'
LIMIT 2
[08:03:22 INF] Start processing HTTP request GET http://127.0.0.1:48408/api/task/vehicles/getVehicleInfoByDeviceKey?key=BROKERX-L2-0001
[08:03:22 INF] Sending HTTP request GET http://127.0.0.1:48408/api/task/vehicles/getVehicleInfoByDeviceKey?key=BROKERX-L2-0001
[08:03:22 INF] Received HTTP response headers after 1.425ms - 200
[08:03:22 INF] End processing HTTP request after 3.482ms - 200
[08:03:22 INF] Executed DbCommand (0ms) [Parameters=[], CommandType='Text', CommandTimeout='30']
SELECT "s"."DemandId", "s"."ReasonCode", "s"."ClearedAt", "s"."DetailJson", "s"."FirstRaisedAt", "s"."LastSeenAt", "s"."TransportDemandKey"
FROM "StructuralDispatchBlocks" AS "s"
WHERE "s"."ClearedAt" IS NULL
[08:03:22 INF] Start processing HTTP request GET http://127.0.0.1:48408/api/task/v1/task/getVehicleInfo/BROKERX-L2-0001
[08:03:22 INF] Sending HTTP request GET http://127.0.0.1:48408/api/task/v1/task/getVehicleInfo/BROKERX-L2-0001
[08:03:22 INF] Received HTTP response headers after 12.7475ms - 200
[08:03:22 INF] End processing HTTP request after 17.5258ms - 200
[08:03:22 INF] Start processing HTTP request GET http://127.0.0.1:48408/api/order/v1/orderRecord?pageNum=1&pageSize=100&filterByState=1&filterByState=3&filterByState=7&filterByState=9
[08:03:22 INF] Sending HTTP request GET http://127.0.0.1:48408/api/order/v1/orderRecord?pageNum=1&pageSize=100&filterByState=1&filterByState=3&filterByState=7&filterByState=9
[08:03:22 INF] Received HTTP response headers after 15.2901ms - 200
[08:03:22 INF] End processing HTTP request after 18.0666ms - 200
[08:03:22 INF] HTTP GET /api/onboard/v1/vehicle-safety responded 200 in 112.6180 ms
[08:03:22 INF] Start processing HTTP request GET http://127.0.0.1:48408/api/imap/v1/mapInfo/stations/25
[08:03:22 INF] Sending HTTP request GET http://127.0.0.1:48408/api/imap/v1/mapInfo/stations/25
[08:03:22 INF] Received HTTP response headers after 1.6642ms - 200
[08:03:22 INF] End processing HTTP request after 4.6063ms - 200
[08:03:22 INF] Executed DbCommand (0ms) [Parameters=[@__mapId_0='?' (DbType = Int32)], CommandType='Text', CommandTimeout='30']
SELECT "t"."MapId", "t"."ActiveVersion", "t"."PendingVersion", "t"."State", "t"."UpdatedAt"
FROM "TaskTypeStationActiveBindingSets" AS "t"
WHERE "t"."MapId" = @__mapId_0
LIMIT 2
[08:03:22 INF] Executed DbCommand (0ms) [Parameters=[@__mapId_0='?' (DbType = Int32), @__version_1='?' (DbType = Int64)], CommandType='Text', CommandTimeout='30']
SELECT "t"."MapId", "t"."Version", "t"."CatalogRevision", "t"."ContentSha256", "t"."LoadedAt", "t"."RuleVersion", "t"."SnapshotId", "t"."Source"
FROM "TaskTypeStationBindingSetVersions" AS "t"
WHERE "t"."MapId" = @__mapId_0 AND "t"."Version" = @__version_1
LIMIT 2
[08:03:22 INF] Executed DbCommand (0ms) [Parameters=[@__mapId_0='?' (DbType = Int32), @__version_1='?' (DbType = Int64)], CommandType='Text', CommandTimeout='30']
SELECT "t"."TaskType"
FROM "TaskTypeStationRequirements" AS "t"
WHERE "t"."MapId" = @__mapId_0 AND "t"."Version" = @__version_1
[08:03:22 INF] Executed DbCommand (0ms) [Parameters=[@__mapId_0='?' (DbType = Int32), @__version_1='?' (DbType = Int64)], CommandType='Text', CommandTimeout='30']
SELECT "t"."MapId", "t"."Version", "t"."TaskType", "t"."SiteVerificationRef", "t"."StationName", "t"."StationRiotId"
FROM "TaskTypeStationBindings" AS "t"
WHERE "t"."MapId" = @__mapId_0 AND "t"."Version" = @__version_1
[08:03:22 INF] Executed DbCommand (0ms) [Parameters=[@__version_0='?' (DbType = Int64)], CommandType='Text', CommandTimeout='30']
SELECT "t"."Version", "t"."ContentSha256", "t"."LoadedAt", "t"."SnapshotId", "t"."Source"
FROM "TaskTypeStationRuleVersions" AS "t"
WHERE "t"."Version" = @__version_0
LIMIT 2
[08:03:22 INF] Executed DbCommand (0ms) [Parameters=[@__version_0='?' (DbType = Int64)], CommandType='Text', CommandTimeout='30']
SELECT "t"."Version", "t"."TaskType", "t"."FixedEnd"
FROM "TaskTypeStationRules" AS "t"
WHERE "t"."Version" = @__version_0
[08:03:22 INF] Executed DbCommand (0ms) [Parameters=[@__mapId_0='?' (DbType = Int32)], CommandType='Text', CommandTimeout='30']
SELECT "t"."MapId", "t"."ActiveVersion", "t"."PendingVersion", "t"."State", "t"."UpdatedAt"
FROM "TaskTypeStationActiveBindingSets" AS "t"
WHERE "t"."MapId" = @__mapId_0
LIMIT 2
[08:03:22 INF] Executed DbCommand (0ms) [Parameters=[@__mapId_0='?' (DbType = Int32)], CommandType='Text', CommandTimeout='30']
SELECT "t"."HoldId", "t"."DetailJson", "t"."MapId", "t"."RaisedAt", "t"."RaisedBy", "t"."ReasonCode", "t"."ReleasedAt", "t"."ReleasedBy", "t"."Source", "t"."TaskType"
FROM "TaskTypeStationHolds" AS "t"
WHERE "t"."MapId" = @__mapId_0 AND "t"."ReleasedAt" IS NULL
[08:03:22 INF] Executed DbCommand (0ms) [Parameters=[@__mapId_0='?' (DbType = Int32)], CommandType='Text', CommandTimeout='30']
SELECT "m"."MapId", "m"."ApprovedMaxUnconfirmedSeconds", "m"."ApprovedSyncPeriodSeconds", "m"."CatalogRevision", "m"."LastAttemptAt", "m"."LastCompleteConfirmationAt", "m"."LastFailureReason", "m"."State", "m"."UpdatedAt"
FROM "MapStationCatalogStates" AS "m"
WHERE "m"."MapId" = @__mapId_0
LIMIT 2
[08:03:22 INF] Executed DbCommand (0ms) [Parameters=[@p3='?' (DbType = Int32), @p0='?' (DbType = DateTimeOffset), @p1='?' (DbType = DateTimeOffset), @p2='?' (DbType = DateTimeOffset)], CommandType='Text', CommandTimeout='30']
UPDATE "MapStationCatalogStates" SET "LastAttemptAt" = @p0, "LastCompleteConfirmationAt" = @p1, "UpdatedAt" = @p2
WHERE "MapId" = @p3
RETURNING 1;
[08:03:22 INF] Executed DbCommand (0ms) [Parameters=[@__mapId_0='?' (DbType = Int32)], CommandType='Text', CommandTimeout='30']
SELECT "t"."MapId", "t"."ActiveVersion", "t"."PendingVersion", "t"."State", "t"."UpdatedAt"
FROM "TaskTypeStationActiveBindingSets" AS "t"
WHERE "t"."MapId" = @__mapId_0
LIMIT 2
[08:03:22 INF] Executed DbCommand (0ms) [Parameters=[@__mapId_0='?' (DbType = Int32), @__version_1='?' (DbType = Int64)], CommandType='Text', CommandTimeout='30']
SELECT "t"."MapId", "t"."Version", "t"."CatalogRevision", "t"."ContentSha256", "t"."LoadedAt", "t"."RuleVersion", "t"."SnapshotId", "t"."Source"
FROM "TaskTypeStationBindingSetVersions" AS "t"
WHERE "t"."MapId" = @__mapId_0 AND "t"."Version" = @__version_1
LIMIT 2
[08:03:22 INF] Executed DbCommand (0ms) [Parameters=[@__mapId_0='?' (DbType = Int32), @__version_1='?' (DbType = Int64)], CommandType='Text', CommandTimeout='30']
SELECT "t"."TaskType"
FROM "TaskTypeStationRequirements" AS "t"
WHERE "t"."MapId" = @__mapId_0 AND "t"."Version" = @__version_1
[08:03:22 INF] Executed DbCommand (0ms) [Parameters=[@__mapId_0='?' (DbType = Int32), @__version_1='?' (DbType = Int64)], CommandType='Text', CommandTimeout='30']
SELECT "t"."MapId", "t"."Version", "t"."TaskType", "t"."SiteVerificationRef", "t"."StationName", "t"."StationRiotId"
FROM "TaskTypeStationBindings" AS "t"
WHERE "t"."MapId" = @__mapId_0 AND "t"."Version" = @__version_1
[08:03:22 INF] Executed DbCommand (0ms) [Parameters=[@__mapId_0='?' (DbType = Int32)], CommandType='Text', CommandTimeout='30']
SELECT "t"."MapId", "t"."ActiveVersion", "t"."PendingVersion", "t"."State", "t"."UpdatedAt"
FROM "TaskTypeStationActiveBindingSets" AS "t"
WHERE "t"."MapId" = @__mapId_0
LIMIT 2
[08:03:22 INF] Executed DbCommand (0ms) [Parameters=[@__mapId_0='?' (DbType = Int32), @__version_1='?' (DbType = Int64)], CommandType='Text', CommandTimeout='30']
SELECT "t"."MapId", "t"."Version", "t"."CatalogRevision", "t"."ContentSha256", "t"."LoadedAt", "t"."RuleVersion", "t"."SnapshotId", "t"."Source"
FROM "TaskTypeStationBindingSetVersions" AS "t"
WHERE "t"."MapId" = @__mapId_0 AND "t"."Version" = @__version_1
LIMIT 2
[08:03:22 INF] Executed DbCommand (0ms) [Parameters=[@__mapId_0='?' (DbType = Int32), @__version_1='?' (DbType = Int64)], CommandType='Text', CommandTimeout='30']
SELECT "t"."TaskType"
FROM "TaskTypeStationRequirements" AS "t"
WHERE "t"."MapId" = @__mapId_0 AND "t"."Version" = @__version_1
[08:03:22 INF] Executed DbCommand (0ms) [Parameters=[@__mapId_0='?' (DbType = Int32), @__version_1='?' (DbType = Int64)], CommandType='Text', CommandTimeout='30']
SELECT "t"."MapId", "t"."Version", "t"."TaskType", "t"."SiteVerificationRef", "t"."StationName", "t"."StationRiotId"
FROM "TaskTypeStationBindings" AS "t"
WHERE "t"."MapId" = @__mapId_0 AND "t"."Version" = @__version_1
[08:03:22 INF] Executed DbCommand (0ms) [Parameters=[@__version_0='?' (DbType = Int64)], CommandType='Text', CommandTimeout='30']
SELECT "t"."Version", "t"."ContentSha256", "t"."LoadedAt", "t"."SnapshotId", "t"."Source"
FROM "TaskTypeStationRuleVersions" AS "t"
WHERE "t"."Version" = @__version_0
LIMIT 2
[08:03:22 INF] Executed DbCommand (0ms) [Parameters=[@__version_0='?' (DbType = Int64)], CommandType='Text', CommandTimeout='30']
SELECT "t"."Version", "t"."TaskType", "t"."FixedEnd"
FROM "TaskTypeStationRules" AS "t"
WHERE "t"."Version" = @__version_0
[08:03:22 INF] Executed DbCommand (0ms) [Parameters=[], CommandType='Text', CommandTimeout='30']
SELECT "a"."Id", "a"."ContentHash", "a"."DeploymentId", "a"."ImportedAt", "a"."Version"
FROM "AdmissionPolicyState" AS "a"
WHERE "a"."Id" = 1
LIMIT 2
[08:03:22 INF] Executed DbCommand (0ms) [Parameters=[], CommandType='Text', CommandTimeout='30']
SELECT "j"."JourneyId", "j"."AgvId", "j"."AgvLifecycleGeneration", "j"."AreaEndAdmissionRevokedSince", "j"."BlockReasonCode", "j"."BlockReasonSince", "j"."CargoHoldingStartedAt", "j"."ConsumedSafetyResultMessageId", "j"."ConsumedSublotMessageId", "j"."CreatedAt", "j"."DemandId", "j"."DispatchGeneration", "j"."DispatchZone", "j"."ExpectedBasketCount", "j"."FullSlotPositionsJson", "j"."GateMovementLegId", "j"."GatePlanMessageId", "j"."GateStationId", "j"."GateStationRiotId", "j"."GateUpperId", "j"."GateVehicleBusinessMessageId", "j"."GateWorklistMessageId", "j"."LoadCommandMessageId", "j"."LoadSlotOperationAttemptId", "j"."LoadingClosedReason", "j"."LoadingPhaseState", "j"."MapId", "j"."MapIdentity", "j"."OperationSessionId", "j"."PickupMovementLegId", "j"."PickupStationId", "j"."PickupStationRiotId", "j"."PickupUpperId", "j"."PlanMessageId", "j"."PlanRevision", "j"."PreDepartureSafetyCheckId", "j"."PreDepartureSafetyCheckMessageId", "j"."RouteEvidenceId", "j"."Stage", "j"."StationDepartureWaitStartedAt", "j"."SublotRequestMessageId", "j"."TargetSlotsJson", "j"."UnloadCommandMessageId", "j"."UnloadSlotOperationAttemptId", "j"."UpdatedAt", "j"."VehicleBusinessMessageId", "j"."VehicleBusinessRevision", "j"."VehicleKey", "j"."WorklistMessageId", "j"."WorklistRevision", "j"."YieldTriggeredAt", "j"."YieldTriggeredByVehicleKey"
FROM "JourneyRuntimes" AS "j"
WHERE "j"."Stage" <> 'Completed'
[08:03:22 INF] Executed DbCommand (0ms) [Parameters=[], CommandType='Text', CommandTimeout='30']
SELECT "a"."DemandId"
FROM "AcceptedDemands" AS "a"
WHERE "a"."Status" NOT IN ('Succeeded', 'Cancelled')
[08:03:22 INF] Executed DbCommand (0ms) [Parameters=[], CommandType='Text', CommandTimeout='30']
SELECT "j"."DemandId"
FROM "JourneyRuntimes" AS "j"
[08:03:22 INF] Start processing HTTP request GET http://127.0.0.1:48409/api/v2/contract
[08:03:22 INF] Sending HTTP request GET http://127.0.0.1:48409/api/v2/contract
[08:03:22 INF] Received HTTP response headers after 1.6552ms - 200
[08:03:22 INF] End processing HTTP request after 3.7233ms - 200
[08:03:22 INF] Start processing HTTP request GET http://127.0.0.1:48409/api/v2/externally-readable-demand-catalog
[08:03:22 INF] Sending HTTP request GET http://127.0.0.1:48409/api/v2/externally-readable-demand-catalog
[08:03:22 INF] Received HTTP response headers after 1.0523ms - 200
[08:03:22 INF] End processing HTTP request after 2.9349ms - 200
[08:03:22 INF] Executed DbCommand (0ms) [Parameters=[], CommandType='Text', CommandTimeout='30']
SELECT "j"."DemandId", "j"."AcceptedAt", "j"."DecisionFingerprint", "j"."DemandCreatedAt", "j"."FirstSeenAt", "j"."LastSeenAt", "j"."ReasonCode", "j"."StarvationEscalatedAt", "j"."StarvationEscalationParameterVersion", "j"."TransportDemandKey"
FROM "JourneyBacklog" AS "j"
[08:03:22 INF] Executed DbCommand (0ms) [Parameters=[], CommandType='Text', CommandTimeout='30']
SELECT "a"."DemandId"
FROM "AcceptedDemands" AS "a"
[08:03:22 INF] Executed DbCommand (0ms) [Parameters=[], CommandType='Text', CommandTimeout='30']
SELECT "v"."AgvId", "v"."TaskType", "v"."Allowed", "v"."ConfigurationVersion", "v"."UpdatedAt"
FROM "VehicleTaskTypeAdmissions" AS "v"
[08:03:22 INF] Executed DbCommand (0ms) [Parameters=[], CommandType='Text', CommandTimeout='30']
SELECT "v"."AgvId", "v"."ConfigurationVersion", "v"."RoundTimeoutMilliseconds", "v"."UpdatedAt"
FROM "VehicleDispatchBudgets" AS "v"
[08:03:22 INF] Executed DbCommand (0ms) [Parameters=[], CommandType='Text', CommandTimeout='30']
SELECT "d"."Zone", "d"."AgvId", "d"."ConfigurationVersion", "d"."UpdatedAt"
FROM "DispatchZoneVehicles" AS "d"
[08:03:22 INF] Executed DbCommand (0ms) [Parameters=[], CommandType='Text', CommandTimeout='30']
SELECT MAX("d"."Version")
FROM "DispatchZoneAreaAssignmentVersions" AS "d"
[08:03:22 INF] Executed DbCommand (0ms) [Parameters=[@__agvId_0='?' (Size = 10)], CommandType='Text', CommandTimeout='30']
SELECT "a"."SlotModelVersionId", "a"."SnapshotId"
FROM "ActiveSlotConfigurations" AS "a"
WHERE "a"."AgvId" = @__agvId_0
LIMIT 2
[08:03:22 INF] Executed DbCommand (0ms) [Parameters=[@__agvId_0='?' (Size = 10)], CommandType='Text', CommandTimeout='30']
SELECT "s"."SlotModelVersionId", "s"."CreatedAt"
FROM "SlotIoBindings" AS "s"
WHERE "s"."AgvId" = @__agvId_0 AND "s"."Status" = 'PUBLISHED'
[08:03:22 INF] Executed DbCommand (0ms) [Parameters=[@__agvId_0='?' (Size = 10)], CommandType='Text', CommandTimeout='30']
SELECT "s"."AgvId", "s"."ActiveUnlockSlotsJson", "s"."CapabilityHash", "s"."CapabilityRevision", "s"."DepartureSafe", "s"."ForcedRecoveryGeneration", "s"."ManifestSha256", "s"."PendingAttemptIdsJson", "s"."PendingResultIdsJson", "s"."ProfileId", "s"."ProtocolCommit", "s"."ProtocolVersion", "s"."ProvenRecoveryCheckpoint", "s"."Readiness", "s"."ReasonCode", "s"."RecoveryReportId", "s"."ReportedForcedRecoveryGeneration", "s"."ReportedSlotConfigurationFingerprint", "s"."SafetyHash", "s"."SafetyReasonCodesJson", "s"."SafetyRevision", "s"."SafetyUnknownPresent", "s"."SessionGeneration", "s"."UnsettledSlotOperationAttemptId", "s"."UpdatedAt"
FROM "SessionRecoveries" AS "s"
WHERE "s"."AgvId" = @__agvId_0 AND "s"."Readiness" = 'Ready'
LIMIT 2
[08:03:22 INF] Start processing HTTP request GET http://127.0.0.1:48408/api/task/vehicles/getVehicleInfoByDeviceKey?key=BROKERX-L2-0001
[08:03:22 INF] Sending HTTP request GET http://127.0.0.1:48408/api/task/vehicles/getVehicleInfoByDeviceKey?key=BROKERX-L2-0001
[08:03:22 INF] Received HTTP response headers after 1.38ms - 200
[08:03:22 INF] End processing HTTP request after 3.2248ms - 200
[08:03:22 INF] Executed DbCommand (0ms) [Parameters=[], CommandType='Text', CommandTimeout='30']
SELECT "s"."DemandId", "s"."ReasonCode", "s"."ClearedAt", "s"."DetailJson", "s"."FirstRaisedAt", "s"."LastSeenAt", "s"."TransportDemandKey"
FROM "StructuralDispatchBlocks" AS "s"
WHERE "s"."ClearedAt" IS NULL
[08:03:23 INF] Executed DbCommand (0ms) [Parameters=[@__messageId_0='?' (Size = 36)], CommandType='Text', CommandTimeout='30']
SELECT "p"."MessageId", "p"."ContentHash", "p"."FirstResponseJson", "p"."MessageType", "p"."ReceivedAt", "p"."RequestJson"
FROM "ProtocolInbox" AS "p"
WHERE "p"."MessageId" = @__messageId_0
LIMIT 2
[08:03:23 INF] Executed DbCommand (0ms) [Parameters=[@__agvId_0='?' (Size = 10)], CommandType='Text', CommandTimeout='30']
SELECT "s"."SessionGeneration"
FROM "SessionRecoveries" AS "s"
WHERE "s"."AgvId" = @__agvId_0
LIMIT 2
[08:03:23 INF] Executed DbCommand (0ms) [Parameters=[@__identity_AgvId_0='?' (Size = 10)], CommandType='Text', CommandTimeout='30']
SELECT "s"."AgvId", "s"."ActiveUnlockSlotsJson", "s"."CapabilityHash", "s"."CapabilityRevision", "s"."DepartureSafe", "s"."ForcedRecoveryGeneration", "s"."ManifestSha256", "s"."PendingAttemptIdsJson", "s"."PendingResultIdsJson", "s"."ProfileId", "s"."ProtocolCommit", "s"."ProtocolVersion", "s"."ProvenRecoveryCheckpoint", "s"."Readiness", "s"."ReasonCode", "s"."RecoveryReportId", "s"."ReportedForcedRecoveryGeneration", "s"."ReportedSlotConfigurationFingerprint", "s"."SafetyHash", "s"."SafetyReasonCodesJson", "s"."SafetyRevision", "s"."SafetyUnknownPresent", "s"."SessionGeneration", "s"."UnsettledSlotOperationAttemptId", "s"."UpdatedAt"
FROM "SessionRecoveries" AS "s"
WHERE "s"."AgvId" = @__identity_AgvId_0
LIMIT 2
[08:03:23 INF] Executed DbCommand (20ms) [Parameters=[], CommandType='Text', CommandTimeout='30']
SELECT EXISTS (
    SELECT 1
    FROM "SessionRecoveries" AS "s"
    WHERE "s"."Readiness" = 'Ready')
[08:03:23 ERR] HTTP GET /health/ready responded 503 in 33.4720 ms
[08:03:23 INF] Executed DbCommand (0ms) [Parameters=[@__identity_AgvId_0='?' (Size = 10)], CommandType='Text', CommandTimeout='30']
SELECT "j"."JourneyId", "j"."AgvId", "j"."AgvLifecycleGeneration", "j"."AreaEndAdmissionRevokedSince", "j"."BlockReasonCode", "j"."BlockReasonSince", "j"."CargoHoldingStartedAt", "j"."ConsumedSafetyResultMessageId", "j"."ConsumedSublotMessageId", "j"."CreatedAt", "j"."DemandId", "j"."DispatchGeneration", "j"."DispatchZone", "j"."ExpectedBasketCount", "j"."FullSlotPositionsJson", "j"."GateMovementLegId", "j"."GatePlanMessageId", "j"."GateStationId", "j"."GateStationRiotId", "j"."GateUpperId", "j"."GateVehicleBusinessMessageId", "j"."GateWorklistMessageId", "j"."LoadCommandMessageId", "j"."LoadSlotOperationAttemptId", "j"."LoadingClosedReason", "j"."LoadingPhaseState", "j"."MapId", "j"."MapIdentity", "j"."OperationSessionId", "j"."PickupMovementLegId", "j"."PickupStationId", "j"."PickupStationRiotId", "j"."PickupUpperId", "j"."PlanMessageId", "j"."PlanRevision", "j"."PreDepartureSafetyCheckId", "j"."PreDepartureSafetyCheckMessageId", "j"."RouteEvidenceId", "j"."Stage", "j"."StationDepartureWaitStartedAt", "j"."SublotRequestMessageId", "j"."TargetSlotsJson", "j"."UnloadCommandMessageId", "j"."UnloadSlotOperationAttemptId", "j"."UpdatedAt", "j"."VehicleBusinessMessageId", "j"."VehicleBusinessRevision", "j"."VehicleKey", "j"."WorklistMessageId", "j"."WorklistRevision", "j"."YieldTriggeredAt", "j"."YieldTriggeredByVehicleKey"
FROM "JourneyRuntimes" AS "j"
WHERE "j"."AgvId" = @__identity_AgvId_0 AND "j"."StationDepartureWaitStartedAt" IS NOT NULL
[08:03:23 INF] Executed DbCommand (0ms) [Parameters=[@p0='?' (Size = 10), @p1='?' (Size = 2), @p2='?', @p3='?' (DbType = Int64), @p4='?' (DbType = Boolean), @p5='?' (DbType = Int64), @p6='?' (Size = 64), @p7='?' (Size = 2), @p8='?' (Size = 2), @p9='?' (Size = 16), @p10='?' (Size = 40), @p11='?' (DbType = Int32), @p12='?', @p13='?' (Size = 16), @p14='?' (Size = 20), @p15='?', @p16='?' (DbType = Int64), @p17='?', @p18='?', @p19='?', @p20='?' (DbType = Int64), @p21='?' (DbType = Boolean), @p22='?' (DbType = Int64), @p23='?', @p24='?' (DbType = DateTimeOffset)], CommandType='Text', CommandTimeout='30']
INSERT INTO "SessionRecoveries" ("AgvId", "ActiveUnlockSlotsJson", "CapabilityHash", "CapabilityRevision", "DepartureSafe", "ForcedRecoveryGeneration", "ManifestSha256", "PendingAttemptIdsJson", "PendingResultIdsJson", "ProfileId", "ProtocolCommit", "ProtocolVersion", "ProvenRecoveryCheckpoint", "Readiness", "ReasonCode", "RecoveryReportId", "ReportedForcedRecoveryGeneration", "ReportedSlotConfigurationFingerprint", "SafetyHash", "SafetyReasonCodesJson", "SafetyRevision", "SafetyUnknownPresent", "SessionGeneration", "UnsettledSlotOperationAttemptId", "UpdatedAt")
VALUES (@p0, @p1, @p2, @p3, @p4, @p5, @p6, @p7, @p8, @p9, @p10, @p11, @p12, @p13, @p14, @p15, @p16, @p17, @p18, @p19, @p20, @p21, @p22, @p23, @p24);
[08:03:23 INF] Executed DbCommand (0ms) [Parameters=[@p0='?' (Size = 36), @p1='?' (Size = 64), @p2='?' (Size = 1064), @p3='?' (Size = 12), @p4='?' (DbType = DateTimeOffset), @p5='?' (Size = 1075)], CommandType='Text', CommandTimeout='30']
INSERT INTO "ProtocolInbox" ("MessageId", "ContentHash", "FirstResponseJson", "MessageType", "ReceivedAt", "RequestJson")
VALUES (@p0, @p1, @p2, @p3, @p4, @p5);
[08:03:23 INF] Executed DbCommand (0ms) [Parameters=[@__messageId_0='?' (Size = 36)], CommandType='Text', CommandTimeout='30']
SELECT "p"."MessageId", "p"."ContentHash", "p"."FirstResponseJson", "p"."MessageType", "p"."ReceivedAt", "p"."RequestJson"
FROM "ProtocolInbox" AS "p"
WHERE "p"."MessageId" = @__messageId_0
LIMIT 2
[08:03:23 INF] Executed DbCommand (0ms) [Parameters=[@__agvId_0='?' (Size = 10)], CommandType='Text', CommandTimeout='30']
SELECT "a"."AgvId", "a"."ActivatedAt", "a"."ActivationId", "a"."ConfigurationVersion", "a"."Fingerprint", "a"."SlotModelVersionId", "a"."SnapshotId"
FROM "ActiveSlotConfigurations" AS "a"
WHERE "a"."AgvId" = @__agvId_0
LIMIT 1
[08:03:23 INF] Executed DbCommand (0ms) [Parameters=[@__agvId_0='?' (Size = 10)], CommandType='Text', CommandTimeout='30']
SELECT "a"."AgvId", "a"."ArchiveReason", "a"."ArchivedActiveSlotConfigurationFingerprint", "a"."ArchivedAt", "a"."ArchivedLifecycleGeneration"
FROM "AgvArchives" AS "a"
WHERE "a"."AgvId" = @__agvId_0
LIMIT 1
[08:03:23 INF] Executed DbCommand (0ms) [Parameters=[@__agvId_0='?' (Size = 10)], CommandType='Text', CommandTimeout='30']
SELECT "s"."AgvId", "s"."ActiveUnlockSlotsJson", "s"."CapabilityHash", "s"."CapabilityRevision", "s"."DepartureSafe", "s"."ForcedRecoveryGeneration", "s"."ManifestSha256", "s"."PendingAttemptIdsJson", "s"."PendingResultIdsJson", "s"."ProfileId", "s"."ProtocolCommit", "s"."ProtocolVersion", "s"."ProvenRecoveryCheckpoint", "s"."Readiness", "s"."ReasonCode", "s"."RecoveryReportId", "s"."ReportedForcedRecoveryGeneration", "s"."ReportedSlotConfigurationFingerprint", "s"."SafetyHash", "s"."SafetyReasonCodesJson", "s"."SafetyRevision", "s"."SafetyUnknownPresent", "s"."SessionGeneration", "s"."UnsettledSlotOperationAttemptId", "s"."UpdatedAt"
FROM "SessionRecoveries" AS "s"
WHERE "s"."AgvId" = @__agvId_0
LIMIT 2
[08:03:23 INF] Executed DbCommand (0ms) [Parameters=[@p4='?' (Size = 10), @p0='?' (Size = 64), @p1='?' (DbType = Int64), @p2='?' (Size = 64), @p3='?' (DbType = DateTimeOffset)], CommandType='Text', CommandTimeout='30']
UPDATE "SessionRecoveries" SET "CapabilityHash" = @p0, "CapabilityRevision" = @p1, "ReportedSlotConfigurationFingerprint" = @p2, "UpdatedAt" = @p3
WHERE "AgvId" = @p4
RETURNING 1;
[08:03:23 INF] Executed DbCommand (0ms) [Parameters=[@p0='?' (Size = 36), @p1='?' (Size = 64), @p2='?' (Size = 622), @p3='?' (Size = 18), @p4='?' (DbType = DateTimeOffset), @p5='?' (Size = 2073)], CommandType='Text', CommandTimeout='30']
INSERT INTO "ProtocolInbox" ("MessageId", "ContentHash", "FirstResponseJson", "MessageType", "ReceivedAt", "RequestJson")
VALUES (@p0, @p1, @p2, @p3, @p4, @p5);
[08:03:23 INF] Executed DbCommand (0ms) [Parameters=[@__messageId_0='?' (Size = 36)], CommandType='Text', CommandTimeout='30']
SELECT "p"."MessageId", "p"."ContentHash", "p"."FirstResponseJson", "p"."MessageType", "p"."ReceivedAt", "p"."RequestJson"
FROM "ProtocolInbox" AS "p"
WHERE "p"."MessageId" = @__messageId_0
LIMIT 2
[08:03:23 INF] Executed DbCommand (0ms) [Parameters=[@__agvId_0='?' (Size = 10)], CommandType='Text', CommandTimeout='30']
SELECT "s"."AgvId", "s"."ActiveUnlockSlotsJson", "s"."CapabilityHash", "s"."CapabilityRevision", "s"."DepartureSafe", "s"."ForcedRecoveryGeneration", "s"."ManifestSha256", "s"."PendingAttemptIdsJson", "s"."PendingResultIdsJson", "s"."ProfileId", "s"."ProtocolCommit", "s"."ProtocolVersion", "s"."ProvenRecoveryCheckpoint", "s"."Readiness", "s"."ReasonCode", "s"."RecoveryReportId", "s"."ReportedForcedRecoveryGeneration", "s"."ReportedSlotConfigurationFingerprint", "s"."SafetyHash", "s"."SafetyReasonCodesJson", "s"."SafetyRevision", "s"."SafetyUnknownPresent", "s"."SessionGeneration", "s"."UnsettledSlotOperationAttemptId", "s"."UpdatedAt"
FROM "SessionRecoveries" AS "s"
WHERE "s"."AgvId" = @__agvId_0
LIMIT 2
[08:03:23 INF] Executed DbCommand (0ms) [Parameters=[@p6='?' (Size = 10), @p0='?' (DbType = Boolean), @p1='?' (Size = 64), @p2='?' (Size = 2), @p3='?' (DbType = Int64), @p4='?' (DbType = Boolean), @p5='?' (DbType = DateTimeOffset)], CommandType='Text', CommandTimeout='30']
UPDATE "SessionRecoveries" SET "DepartureSafe" = @p0, "SafetyHash" = @p1, "SafetyReasonCodesJson" = @p2, "SafetyRevision" = @p3, "SafetyUnknownPresent" = @p4, "UpdatedAt" = @p5
WHERE "AgvId" = @p6
RETURNING 1;
[08:03:23 INF] Executed DbCommand (0ms) [Parameters=[@p0='?' (Size = 36), @p1='?' (Size = 64), @p2='?' (Size = 624), @p3='?' (Size = 19), @p4='?' (DbType = DateTimeOffset), @p5='?' (Size = 1971)], CommandType='Text', CommandTimeout='30']
INSERT INTO "ProtocolInbox" ("MessageId", "ContentHash", "FirstResponseJson", "MessageType", "ReceivedAt", "RequestJson")
VALUES (@p0, @p1, @p2, @p3, @p4, @p5);
[08:03:23 INF] Executed DbCommand (0ms) [Parameters=[@__messageId_0='?' (Size = 36)], CommandType='Text', CommandTimeout='30']
SELECT "p"."MessageId", "p"."ContentHash", "p"."FirstResponseJson", "p"."MessageType", "p"."ReceivedAt", "p"."RequestJson"
FROM "ProtocolInbox" AS "p"
WHERE "p"."MessageId" = @__messageId_0
LIMIT 2
[08:03:23 INF] Executed DbCommand (0ms) [Parameters=[@__agvId_0='?' (Size = 10)], CommandType='Text', CommandTimeout='30']
SELECT "o"."AlarmsJson"
FROM "OnboardAlarmSnapshots" AS "o"
WHERE "o"."AgvId" = @__agvId_0
LIMIT 1
[08:03:23 INF] Executed DbCommand (0ms) [Parameters=[@__snapshot_AgvId_0='?' (Size = 10)], CommandType='Text', CommandTimeout='30']
SELECT "o"."AgvId", "o"."AlarmsJson", "o"."CapturedAt", "o"."ReceivedAt", "o"."SessionGeneration", "o"."SnapshotSequence"
FROM "OnboardAlarmSnapshots" AS "o"
WHERE "o"."AgvId" = @__snapshot_AgvId_0
LIMIT 1
[08:03:23 INF] Executed DbCommand (0ms) [Parameters=[], CommandType='Text', CommandTimeout='30']
SELECT EXISTS (
    SELECT 1
    FROM "SessionRecoveries" AS "s"
    WHERE "s"."Readiness" = 'Ready')
[08:03:23 INF] Executed DbCommand (0ms) [Parameters=[@p0='?' (Size = 10), @p1='?' (Size = 2), @p2='?' (DbType = DateTimeOffset), @p3='?' (DbType = DateTimeOffset), @p4='?' (DbType = Int64), @p5='?' (DbType = Int64)], CommandType='Text', CommandTimeout='30']
INSERT INTO "OnboardAlarmSnapshots" ("AgvId", "AlarmsJson", "CapturedAt", "ReceivedAt", "SessionGeneration", "SnapshotSequence")
VALUES (@p0, @p1, @p2, @p3, @p4, @p5);
[08:03:23 ERR] HTTP GET /health/ready responded 503 in 4.0525 ms
[08:03:23 INF] Executed DbCommand (0ms) [Parameters=[@__agvId_0='?' (Size = 10)], CommandType='Text', CommandTimeout='30']
SELECT "o"."AlarmsJson"
FROM "OnboardAlarmSnapshots" AS "o"
WHERE "o"."AgvId" = @__agvId_0
LIMIT 1
[08:03:23 INF] Executed DbCommand (0ms) [Parameters=[@p0='?' (Size = 36), @p1='?' (Size = 64), @p2='?' (Size = 625), @p3='?' (Size = 20), @p4='?' (DbType = DateTimeOffset), @p5='?' (Size = 485)], CommandType='Text', CommandTimeout='30']
INSERT INTO "ProtocolInbox" ("MessageId", "ContentHash", "FirstResponseJson", "MessageType", "ReceivedAt", "RequestJson")
VALUES (@p0, @p1, @p2, @p3, @p4, @p5);
[08:03:23 INF] Executed DbCommand (0ms) [Parameters=[@__messageId_0='?' (Size = 36)], CommandType='Text', CommandTimeout='30']
SELECT "p"."MessageId", "p"."ContentHash", "p"."FirstResponseJson", "p"."MessageType", "p"."ReceivedAt", "p"."RequestJson"
FROM "ProtocolInbox" AS "p"
WHERE "p"."MessageId" = @__messageId_0
LIMIT 2
[08:03:23 INF] Start processing HTTP request GET http://127.0.0.1:48408/api/task/v1/task/getVehicleInfo/BROKERX-L2-0001
[08:03:23 INF] Executed DbCommand (0ms) [Parameters=[@__agvId_0='?' (Size = 10)], CommandType='Text', CommandTimeout='30']
SELECT "s"."AgvId", "s"."ActiveUnlockSlotsJson", "s"."CapabilityHash", "s"."CapabilityRevision", "s"."DepartureSafe", "s"."ForcedRecoveryGeneration", "s"."ManifestSha256", "s"."PendingAttemptIdsJson", "s"."PendingResultIdsJson", "s"."ProfileId", "s"."ProtocolCommit", "s"."ProtocolVersion", "s"."ProvenRecoveryCheckpoint", "s"."Readiness", "s"."ReasonCode", "s"."RecoveryReportId", "s"."ReportedForcedRecoveryGeneration", "s"."ReportedSlotConfigurationFingerprint", "s"."SafetyHash", "s"."SafetyReasonCodesJson", "s"."SafetyRevision", "s"."SafetyUnknownPresent", "s"."SessionGeneration", "s"."UnsettledSlotOperationAttemptId", "s"."UpdatedAt"
FROM "SessionRecoveries" AS "s"
WHERE "s"."AgvId" = @__agvId_0
LIMIT 2
[08:03:23 INF] Sending HTTP request GET http://127.0.0.1:48408/api/task/v1/task/getVehicleInfo/BROKERX-L2-0001
[08:03:23 INF] Received HTTP response headers after 3.0092ms - 200
[08:03:23 INF] Executed DbCommand (0ms) [Parameters=[@__agvId_0='?' (Size = 10)], CommandType='Text', CommandTimeout='30']
SELECT "v"."ForcedRecoveryGeneration"
FROM "VehicleRecoveryGenerations" AS "v"
WHERE "v"."AgvId" = @__agvId_0
LIMIT 2
[08:03:23 INF] End processing HTTP request after 7.1373ms - 200
[08:03:23 INF] Executed DbCommand (0ms) [Parameters=[@p4='?' (Size = 10), @p0='?' (Size = 4), @p1='?' (Size = 31), @p2='?' (Size = 36), @p3='?' (DbType = DateTimeOffset)], CommandType='Text', CommandTimeout='30']
UPDATE "SessionRecoveries" SET "ProvenRecoveryCheckpoint" = @p0, "ReasonCode" = @p1, "RecoveryReportId" = @p2, "UpdatedAt" = @p3
WHERE "AgvId" = @p4
RETURNING 1;
[08:03:23 INF] Start processing HTTP request GET http://127.0.0.1:48408/api/order/v1/orderRecord?pageNum=1&pageSize=100&filterByState=1&filterByState=3&filterByState=7&filterByState=9
[08:03:23 INF] Sending HTTP request GET http://127.0.0.1:48408/api/order/v1/orderRecord?pageNum=1&pageSize=100&filterByState=1&filterByState=3&filterByState=7&filterByState=9
[08:03:23 INF] Executed DbCommand (0ms) [Parameters=[@__agvId_0='?' (Size = 10)], CommandType='Text', CommandTimeout='30']
SELECT "s"."AgvId", "s"."ActiveUnlockSlotsJson", "s"."CapabilityHash", "s"."CapabilityRevision", "s"."DepartureSafe", "s"."ForcedRecoveryGeneration", "s"."ManifestSha256", "s"."PendingAttemptIdsJson", "s"."PendingResultIdsJson", "s"."ProfileId", "s"."ProtocolCommit", "s"."ProtocolVersion", "s"."ProvenRecoveryCheckpoint", "s"."Readiness", "s"."ReasonCode", "s"."RecoveryReportId", "s"."ReportedForcedRecoveryGeneration", "s"."ReportedSlotConfigurationFingerprint", "s"."SafetyHash", "s"."SafetyReasonCodesJson", "s"."SafetyRevision", "s"."SafetyUnknownPresent", "s"."SessionGeneration", "s"."UnsettledSlotOperationAttemptId", "s"."UpdatedAt"
FROM "SessionRecoveries" AS "s"
WHERE "s"."AgvId" = @__agvId_0
LIMIT 2
[08:03:23 INF] Received HTTP response headers after 3.7745ms - 200
[08:03:23 INF] End processing HTTP request after 62.3882ms - 200
[08:03:23 INF] HTTP GET /api/onboard/v1/vehicle-safety responded 200 in 94.4852 ms
[08:03:23 INF] Executed DbCommand (0ms) [Parameters=[@__agvId_0='?' (Size = 10)], CommandType='Text', CommandTimeout='30']
SELECT EXISTS (
    SELECT 1
    FROM "StationOperations" AS "s"
    INNER JOIN "JourneyRuntimes" AS "j" ON "s"."DemandId" = "j"."DemandId"
    WHERE "j"."AgvId" = @__agvId_0 AND "s"."Status" = 'RecoveryRequired')
[08:03:23 INF] Executed DbCommand (0ms) [Parameters=[@__agvId_0='?' (Size = 10)], CommandType='Text', CommandTimeout='30']
SELECT EXISTS (
    SELECT 1
    FROM "RecoveryWorkflows" AS "r"
    WHERE "r"."AgvId" = @__agvId_0 AND "r"."WorkflowType" = 'FORCED_MECHANICAL_RECOVERY' AND "r"."State" <> 'HistoricalOnly' AND NOT EXISTS (
        SELECT 1
        FROM "HardwareRecoveryRecords" AS "h"
        WHERE "h"."RecoveryActionId" = "r"."WorkflowId"))
[08:03:23 INF] Executed DbCommand (0ms) [Parameters=[@__agvId_0='?' (Size = 10)], CommandType='Text', CommandTimeout='30']
SELECT "a"."AgvId", "a"."ActivatedAt", "a"."ActivationId", "a"."ConfigurationVersion", "a"."Fingerprint", "a"."SlotModelVersionId", "a"."SnapshotId"
FROM "ActiveSlotConfigurations" AS "a"
WHERE "a"."AgvId" = @__agvId_0
LIMIT 1
[08:03:23 INF] Executed DbCommand (0ms) [Parameters=[@p3='?' (Size = 10), @p0='?' (Size = 5), @p1='?' (Size = 5), @p2='?' (DbType = DateTimeOffset)], CommandType='Text', CommandTimeout='30']
UPDATE "SessionRecoveries" SET "Readiness" = @p0, "ReasonCode" = @p1, "UpdatedAt" = @p2
WHERE "AgvId" = @p3
RETURNING 1;
[08:03:23 INF] Executed DbCommand (0ms) [Parameters=[@p0='?' (Size = 36), @p1='?' (Size = 64), @p2='?' (Size = 1236), @p3='?' (Size = 19), @p4='?' (DbType = DateTimeOffset), @p5='?' (Size = 731)], CommandType='Text', CommandTimeout='30']
INSERT INTO "ProtocolInbox" ("MessageId", "ContentHash", "FirstResponseJson", "MessageType", "ReceivedAt", "RequestJson")
VALUES (@p0, @p1, @p2, @p3, @p4, @p5);
[08:03:23 INF] Executed DbCommand (0ms) [Parameters=[@__agvId_0='?' (Size = 10)], CommandType='Text', CommandTimeout='30']
SELECT "r"."CommandMessageId"
FROM "RecoveryWorkflows" AS "r"
WHERE "r"."AgvId" = @__agvId_0 AND "r"."CommandMessageId" IS NOT NULL AND "r"."State" <> 'Reconciled' AND "r"."State" <> 'HistoricalOnly'
[08:03:23 INF] Executed DbCommand (0ms) [Parameters=[], CommandType='Text', CommandTimeout='30']
SELECT "p"."MessageId", "p"."AcknowledgedAt", "p"."CreatedAt", "p"."FencedAt", "p"."MessageType", "p"."PayloadJson"
FROM "ProtocolOutbox" AS "p"
WHERE "p"."MessageType" = 'ExceptionRecoverySessionSnapshot' AND "p"."AcknowledgedAt" IS NULL AND "p"."FencedAt" IS NULL
[08:03:23 INF] Executed DbCommand (0ms) [Parameters=[@__agvId_0='?' (Size = 10)], CommandType='Text', CommandTimeout='30']
SELECT "s"."ActivationId", "s"."AgvId", "s"."CommandMessageId", "s"."ConfigurationVersion", "s"."Fingerprint", "s"."IssuedAt", "s"."Kind", "s"."RecoveryRole", "s"."ResultJson", "s"."ResultReceivedAt", "s"."RolledBackToVersion", "s"."SlotModelVersionId", "s"."SnapshotId", "s"."State"
FROM "SlotConfigurationActivations" AS "s"
WHERE "s"."AgvId" = @__agvId_0 AND "s"."State" = 'PENDING_RESULT' AND "s"."RecoveryRole" = 'SLOT_CONFIGURATION'
[08:03:23 INF] Start processing HTTP request GET http://127.0.0.1:48408/api/imap/v1/mapInfo/stations/25
[08:03:23 INF] Sending HTTP request GET http://127.0.0.1:48408/api/imap/v1/mapInfo/stations/25
[08:03:23 INF] Received HTTP response headers after 1.904ms - 200
[08:03:23 INF] End processing HTTP request after 35.2588ms - 200
[08:03:23 INF] Executed DbCommand (0ms) [Parameters=[], CommandType='Text', CommandTimeout='30']
SELECT EXISTS (
    SELECT 1
    FROM "SessionRecoveries" AS "s"
    WHERE "s"."Readiness" = 'Ready')
[08:03:23 INF] Executed DbCommand (0ms) [Parameters=[@__mapId_0='?' (DbType = Int32)], CommandType='Text', CommandTimeout='30']
SELECT "t"."MapId", "t"."ActiveVersion", "t"."PendingVersion", "t"."State", "t"."UpdatedAt"
FROM "TaskTypeStationActiveBindingSets" AS "t"
WHERE "t"."MapId" = @__mapId_0
LIMIT 2
[08:03:23 INF] HTTP GET /health/ready responded 200 in 30.2466 ms
[08:03:23 INF] Executed DbCommand (0ms) [Parameters=[@__mapId_0='?' (DbType = Int32), @__version_1='?' (DbType = Int64)], CommandType='Text', CommandTimeout='30']
SELECT "t"."MapId", "t"."Version", "t"."CatalogRevision", "t"."ContentSha256", "t"."LoadedAt", "t"."RuleVersion", "t"."SnapshotId", "t"."Source"
FROM "TaskTypeStationBindingSetVersions" AS "t"
WHERE "t"."MapId" = @__mapId_0 AND "t"."Version" = @__version_1
LIMIT 2
[08:03:23 INF] Executed DbCommand (0ms) [Parameters=[@__mapId_0='?' (DbType = Int32), @__version_1='?' (DbType = Int64)], CommandType='Text', CommandTimeout='30']
SELECT "t"."TaskType"
FROM "TaskTypeStationRequirements" AS "t"
WHERE "t"."MapId" = @__mapId_0 AND "t"."Version" = @__version_1
[08:03:23 INF] Executed DbCommand (0ms) [Parameters=[@__mapId_0='?' (DbType = Int32), @__version_1='?' (DbType = Int64)], CommandType='Text', CommandTimeout='30']
SELECT "t"."MapId", "t"."Version", "t"."TaskType", "t"."SiteVerificationRef", "t"."StationName", "t"."StationRiotId"
FROM "TaskTypeStationBindings" AS "t"
WHERE "t"."MapId" = @__mapId_0 AND "t"."Version" = @__version_1
[08:03:23 INF] Executed DbCommand (0ms) [Parameters=[@__messageId_0='?' (Size = 36)], CommandType='Text', CommandTimeout='30']
SELECT "p"."MessageId", "p"."ContentHash", "p"."FirstResponseJson", "p"."MessageType", "p"."ReceivedAt", "p"."RequestJson"
FROM "ProtocolInbox" AS "p"
WHERE "p"."MessageId" = @__messageId_0
LIMIT 2
[08:03:23 INF] Executed DbCommand (0ms) [Parameters=[@__version_0='?' (DbType = Int64)], CommandType='Text', CommandTimeout='30']
SELECT "t"."Version", "t"."ContentSha256", "t"."LoadedAt", "t"."SnapshotId", "t"."Source"
FROM "TaskTypeStationRuleVersions" AS "t"
WHERE "t"."Version" = @__version_0
LIMIT 2
[08:03:23 INF] Executed DbCommand (0ms) [Parameters=[@__agvId_0='?' (Size = 10)], CommandType='Text', CommandTimeout='30']
SELECT "s"."AgvId", "s"."ActiveUnlockSlotsJson", "s"."CapabilityHash", "s"."CapabilityRevision", "s"."DepartureSafe", "s"."ForcedRecoveryGeneration", "s"."ManifestSha256", "s"."PendingAttemptIdsJson", "s"."PendingResultIdsJson", "s"."ProfileId", "s"."ProtocolCommit", "s"."ProtocolVersion", "s"."ProvenRecoveryCheckpoint", "s"."Readiness", "s"."ReasonCode", "s"."RecoveryReportId", "s"."ReportedForcedRecoveryGeneration", "s"."ReportedSlotConfigurationFingerprint", "s"."SafetyHash", "s"."SafetyReasonCodesJson", "s"."SafetyRevision", "s"."SafetyUnknownPresent", "s"."SessionGeneration", "s"."UnsettledSlotOperationAttemptId", "s"."UpdatedAt"
FROM "SessionRecoveries" AS "s"
WHERE "s"."AgvId" = @__agvId_0
LIMIT 2
[08:03:23 INF] Executed DbCommand (0ms) [Parameters=[@__version_0='?' (DbType = Int64)], CommandType='Text', CommandTimeout='30']
SELECT "t"."Version", "t"."TaskType", "t"."FixedEnd"
FROM "TaskTypeStationRules" AS "t"
WHERE "t"."Version" = @__version_0
[08:03:23 INF] Executed DbCommand (0ms) [Parameters=[@p5='?' (Size = 10), @p0='?' (Size = 16), @p1='?' (Size = 20), @p2='?' (Size = 64), @p3='?' (DbType = Int64), @p4='?' (DbType = DateTimeOffset)], CommandType='Text', CommandTimeout='30']
UPDATE "SessionRecoveries" SET "Readiness" = @p0, "ReasonCode" = @p1, "SafetyHash" = @p2, "SafetyRevision" = @p3, "UpdatedAt" = @p4
WHERE "AgvId" = @p5
RETURNING 1;
[08:03:23 INF] Executed DbCommand (0ms) [Parameters=[@__mapId_0='?' (DbType = Int32)], CommandType='Text', CommandTimeout='30']
SELECT "t"."MapId", "t"."ActiveVersion", "t"."PendingVersion", "t"."State", "t"."UpdatedAt"
FROM "TaskTypeStationActiveBindingSets" AS "t"
WHERE "t"."MapId" = @__mapId_0
LIMIT 2
[08:03:23 INF] Executed DbCommand (0ms) [Parameters=[@__agvId_0='?' (Size = 10)], CommandType='Text', CommandTimeout='30']
SELECT "s"."AgvId", "s"."ActiveUnlockSlotsJson", "s"."CapabilityHash", "s"."CapabilityRevision", "s"."DepartureSafe", "s"."ForcedRecoveryGeneration", "s"."ManifestSha256", "s"."PendingAttemptIdsJson", "s"."PendingResultIdsJson", "s"."ProfileId", "s"."ProtocolCommit", "s"."ProtocolVersion", "s"."ProvenRecoveryCheckpoint", "s"."Readiness", "s"."ReasonCode", "s"."RecoveryReportId", "s"."ReportedForcedRecoveryGeneration", "s"."ReportedSlotConfigurationFingerprint", "s"."SafetyHash", "s"."SafetyReasonCodesJson", "s"."SafetyRevision", "s"."SafetyUnknownPresent", "s"."SessionGeneration", "s"."UnsettledSlotOperationAttemptId", "s"."UpdatedAt"
FROM "SessionRecoveries" AS "s"
WHERE "s"."AgvId" = @__agvId_0
LIMIT 2
[08:03:23 INF] Executed DbCommand (0ms) [Parameters=[@__mapId_0='?' (DbType = Int32)], CommandType='Text', CommandTimeout='30']
SELECT "t"."HoldId", "t"."DetailJson", "t"."MapId", "t"."RaisedAt", "t"."RaisedBy", "t"."ReasonCode", "t"."ReleasedAt", "t"."ReleasedBy", "t"."Source", "t"."TaskType"
FROM "TaskTypeStationHolds" AS "t"
WHERE "t"."MapId" = @__mapId_0 AND "t"."ReleasedAt" IS NULL
[08:03:23 INF] Executed DbCommand (0ms) [Parameters=[@__agvId_0='?' (Size = 10)], CommandType='Text', CommandTimeout='30']
SELECT EXISTS (
    SELECT 1
    FROM "StationOperations" AS "s"
    INNER JOIN "JourneyRuntimes" AS "j" ON "s"."DemandId" = "j"."DemandId"
    WHERE "j"."AgvId" = @__agvId_0 AND "s"."Status" = 'RecoveryRequired')
[08:03:23 INF] Executed DbCommand (0ms) [Parameters=[@__mapId_0='?' (DbType = Int32)], CommandType='Text', CommandTimeout='30']
SELECT "m"."MapId", "m"."ApprovedMaxUnconfirmedSeconds", "m"."ApprovedSyncPeriodSeconds", "m"."CatalogRevision", "m"."LastAttemptAt", "m"."LastCompleteConfirmationAt", "m"."LastFailureReason", "m"."State", "m"."UpdatedAt"
FROM "MapStationCatalogStates" AS "m"
WHERE "m"."MapId" = @__mapId_0
LIMIT 2
[08:03:23 INF] Executed DbCommand (0ms) [Parameters=[@__agvId_0='?' (Size = 10)], CommandType='Text', CommandTimeout='30']
SELECT EXISTS (
    SELECT 1
    FROM "RecoveryWorkflows" AS "r"
    WHERE "r"."AgvId" = @__agvId_0 AND "r"."WorkflowType" = 'FORCED_MECHANICAL_RECOVERY' AND "r"."State" <> 'HistoricalOnly' AND NOT EXISTS (
        SELECT 1
        FROM "HardwareRecoveryRecords" AS "h"
        WHERE "h"."RecoveryActionId" = "r"."WorkflowId"))
[08:03:23 INF] Executed DbCommand (0ms) [Parameters=[@__agvId_0='?' (Size = 10)], CommandType='Text', CommandTimeout='30']
SELECT "a"."AgvId", "a"."ActivatedAt", "a"."ActivationId", "a"."ConfigurationVersion", "a"."Fingerprint", "a"."SlotModelVersionId", "a"."SnapshotId"
FROM "ActiveSlotConfigurations" AS "a"
WHERE "a"."AgvId" = @__agvId_0
LIMIT 1
[08:03:23 INF] Executed DbCommand (0ms) [Parameters=[@p3='?' (Size = 10), @p0='?' (Size = 5), @p1='?' (Size = 5), @p2='?' (DbType = DateTimeOffset)], CommandType='Text', CommandTimeout='30']
UPDATE "SessionRecoveries" SET "Readiness" = @p0, "ReasonCode" = @p1, "UpdatedAt" = @p2
WHERE "AgvId" = @p3
RETURNING 1;
[08:03:23 INF] Executed DbCommand (0ms) [Parameters=[@__agvId_0='?' (Size = 10)], CommandType='Text', CommandTimeout='30']
SELECT "o"."AlarmsJson"
FROM "OnboardAlarmSnapshots" AS "o"
WHERE "o"."AgvId" = @__agvId_0
LIMIT 1
[08:03:23 INF] Executed DbCommand (0ms) [Parameters=[@p0='?' (Size = 36), @p1='?' (Size = 64), @p2='?' (Size = 1235), @p3='?' (Size = 18), @p4='?' (DbType = DateTimeOffset), @p5='?' (Size = 653)], CommandType='Text', CommandTimeout='30']
INSERT INTO "ProtocolInbox" ("MessageId", "ContentHash", "FirstResponseJson", "MessageType", "ReceivedAt", "RequestJson")
VALUES (@p0, @p1, @p2, @p3, @p4, @p5);
[08:03:24 INF] Executed DbCommand (166ms) [Parameters=[@p3='?' (DbType = Int32), @p0='?' (DbType = DateTimeOffset), @p1='?' (DbType = DateTimeOffset), @p2='?' (DbType = DateTimeOffset)], CommandType='Text', CommandTimeout='30']
UPDATE "MapStationCatalogStates" SET "LastAttemptAt" = @p0, "LastCompleteConfirmationAt" = @p1, "UpdatedAt" = @p2
WHERE "MapId" = @p3
RETURNING 1;
[08:03:24 INF] Executed DbCommand (0ms) [Parameters=[@__mapId_0='?' (DbType = Int32)], CommandType='Text', CommandTimeout='30']
SELECT "t"."MapId", "t"."ActiveVersion", "t"."PendingVersion", "t"."State", "t"."UpdatedAt"
FROM "TaskTypeStationActiveBindingSets" AS "t"
WHERE "t"."MapId" = @__mapId_0
LIMIT 2
[08:03:24 INF] Executed DbCommand (0ms) [Parameters=[@__mapId_0='?' (DbType = Int32), @__version_1='?' (DbType = Int64)], CommandType='Text', CommandTimeout='30']
SELECT "t"."MapId", "t"."Version", "t"."CatalogRevision", "t"."ContentSha256", "t"."LoadedAt", "t"."RuleVersion", "t"."SnapshotId", "t"."Source"
FROM "TaskTypeStationBindingSetVersions" AS "t"
WHERE "t"."MapId" = @__mapId_0 AND "t"."Version" = @__version_1
LIMIT 2
[08:03:24 INF] Executed DbCommand (0ms) [Parameters=[@__mapId_0='?' (DbType = Int32), @__version_1='?' (DbType = Int64)], CommandType='Text', CommandTimeout='30']
SELECT "t"."TaskType"
FROM "TaskTypeStationRequirements" AS "t"
WHERE "t"."MapId" = @__mapId_0 AND "t"."Version" = @__version_1
[08:03:24 INF] Executed DbCommand (0ms) [Parameters=[@__mapId_0='?' (DbType = Int32), @__version_1='?' (DbType = Int64)], CommandType='Text', CommandTimeout='30']
SELECT "t"."MapId", "t"."Version", "t"."TaskType", "t"."SiteVerificationRef", "t"."StationName", "t"."StationRiotId"
FROM "TaskTypeStationBindings" AS "t"
WHERE "t"."MapId" = @__mapId_0 AND "t"."Version" = @__version_1
[08:03:24 INF] Executed DbCommand (0ms) [Parameters=[@__mapId_0='?' (DbType = Int32)], CommandType='Text', CommandTimeout='30']
SELECT "t"."MapId", "t"."ActiveVersion", "t"."PendingVersion", "t"."State", "t"."UpdatedAt"
FROM "TaskTypeStationActiveBindingSets" AS "t"
WHERE "t"."MapId" = @__mapId_0
LIMIT 2
[08:03:24 INF] Executed DbCommand (0ms) [Parameters=[@__mapId_0='?' (DbType = Int32), @__version_1='?' (DbType = Int64)], CommandType='Text', CommandTimeout='30']
SELECT "t"."MapId", "t"."Version", "t"."CatalogRevision", "t"."ContentSha256", "t"."LoadedAt", "t"."RuleVersion", "t"."SnapshotId", "t"."Source"
FROM "TaskTypeStationBindingSetVersions" AS "t"
WHERE "t"."MapId" = @__mapId_0 AND "t"."Version" = @__version_1
LIMIT 2
[08:03:24 INF] Executed DbCommand (0ms) [Parameters=[@__mapId_0='?' (DbType = Int32), @__version_1='?' (DbType = Int64)], CommandType='Text', CommandTimeout='30']
SELECT "t"."TaskType"
FROM "TaskTypeStationRequirements" AS "t"
WHERE "t"."MapId" = @__mapId_0 AND "t"."Version" = @__version_1
[08:03:24 INF] Executed DbCommand (0ms) [Parameters=[@__mapId_0='?' (DbType = Int32), @__version_1='?' (DbType = Int64)], CommandType='Text', CommandTimeout='30']
SELECT "t"."MapId", "t"."Version", "t"."TaskType", "t"."SiteVerificationRef", "t"."StationName", "t"."StationRiotId"
FROM "TaskTypeStationBindings" AS "t"
WHERE "t"."MapId" = @__mapId_0 AND "t"."Version" = @__version_1
[08:03:24 INF] Executed DbCommand (0ms) [Parameters=[@__version_0='?' (DbType = Int64)], CommandType='Text', CommandTimeout='30']
SELECT "t"."Version", "t"."ContentSha256", "t"."LoadedAt", "t"."SnapshotId", "t"."Source"
FROM "TaskTypeStationRuleVersions" AS "t"
WHERE "t"."Version" = @__version_0
LIMIT 2
[08:03:24 INF] Executed DbCommand (0ms) [Parameters=[@__version_0='?' (DbType = Int64)], CommandType='Text', CommandTimeout='30']
SELECT "t"."Version", "t"."TaskType", "t"."FixedEnd"
FROM "TaskTypeStationRules" AS "t"
WHERE "t"."Version" = @__version_0
[08:03:24 INF] Executed DbCommand (0ms) [Parameters=[], CommandType='Text', CommandTimeout='30']
SELECT "a"."Id", "a"."ContentHash", "a"."DeploymentId", "a"."ImportedAt", "a"."Version"
FROM "AdmissionPolicyState" AS "a"
WHERE "a"."Id" = 1
LIMIT 2
[08:03:24 INF] Executed DbCommand (0ms) [Parameters=[], CommandType='Text', CommandTimeout='30']
SELECT "j"."JourneyId", "j"."AgvId", "j"."AgvLifecycleGeneration", "j"."AreaEndAdmissionRevokedSince", "j"."BlockReasonCode", "j"."BlockReasonSince", "j"."CargoHoldingStartedAt", "j"."ConsumedSafetyResultMessageId", "j"."ConsumedSublotMessageId", "j"."CreatedAt", "j"."DemandId", "j"."DispatchGeneration", "j"."DispatchZone", "j"."ExpectedBasketCount", "j"."FullSlotPositionsJson", "j"."GateMovementLegId", "j"."GatePlanMessageId", "j"."GateStationId", "j"."GateStationRiotId", "j"."GateUpperId", "j"."GateVehicleBusinessMessageId", "j"."GateWorklistMessageId", "j"."LoadCommandMessageId", "j"."LoadSlotOperationAttemptId", "j"."LoadingClosedReason", "j"."LoadingPhaseState", "j"."MapId", "j"."MapIdentity", "j"."OperationSessionId", "j"."PickupMovementLegId", "j"."PickupStationId", "j"."PickupStationRiotId", "j"."PickupUpperId", "j"."PlanMessageId", "j"."PlanRevision", "j"."PreDepartureSafetyCheckId", "j"."PreDepartureSafetyCheckMessageId", "j"."RouteEvidenceId", "j"."Stage", "j"."StationDepartureWaitStartedAt", "j"."SublotRequestMessageId", "j"."TargetSlotsJson", "j"."UnloadCommandMessageId", "j"."UnloadSlotOperationAttemptId", "j"."UpdatedAt", "j"."VehicleBusinessMessageId", "j"."VehicleBusinessRevision", "j"."VehicleKey", "j"."WorklistMessageId", "j"."WorklistRevision", "j"."YieldTriggeredAt", "j"."YieldTriggeredByVehicleKey"
FROM "JourneyRuntimes" AS "j"
WHERE "j"."Stage" <> 'Completed'
[08:03:24 INF] Executed DbCommand (0ms) [Parameters=[], CommandType='Text', CommandTimeout='30']
SELECT "a"."DemandId"
FROM "AcceptedDemands" AS "a"
WHERE "a"."Status" NOT IN ('Succeeded', 'Cancelled')
[08:03:24 INF] Executed DbCommand (0ms) [Parameters=[], CommandType='Text', CommandTimeout='30']
SELECT "j"."DemandId"
FROM "JourneyRuntimes" AS "j"
[08:03:24 INF] Start processing HTTP request GET http://127.0.0.1:48409/api/v2/contract
[08:03:24 INF] Sending HTTP request GET http://127.0.0.1:48409/api/v2/contract
[08:03:24 INF] Received HTTP response headers after 1.4966ms - 200
[08:03:24 INF] End processing HTTP request after 3.8452ms - 200
[08:03:24 INF] Start processing HTTP request GET http://127.0.0.1:48409/api/v2/externally-readable-demand-catalog
[08:03:24 INF] Sending HTTP request GET http://127.0.0.1:48409/api/v2/externally-readable-demand-catalog
[08:03:24 INF] Received HTTP response headers after 1.1598ms - 200
[08:03:24 INF] End processing HTTP request after 3.0763ms - 200
[08:03:24 INF] Executed DbCommand (0ms) [Parameters=[], CommandType='Text', CommandTimeout='30']
SELECT "j"."DemandId", "j"."AcceptedAt", "j"."DecisionFingerprint", "j"."DemandCreatedAt", "j"."FirstSeenAt", "j"."LastSeenAt", "j"."ReasonCode", "j"."StarvationEscalatedAt", "j"."StarvationEscalationParameterVersion", "j"."TransportDemandKey"
FROM "JourneyBacklog" AS "j"
[08:03:24 INF] Executed DbCommand (0ms) [Parameters=[], CommandType='Text', CommandTimeout='30']
SELECT "a"."DemandId"
FROM "AcceptedDemands" AS "a"
[08:03:24 INF] Executed DbCommand (0ms) [Parameters=[], CommandType='Text', CommandTimeout='30']
SELECT "v"."AgvId", "v"."TaskType", "v"."Allowed", "v"."ConfigurationVersion", "v"."UpdatedAt"
FROM "VehicleTaskTypeAdmissions" AS "v"
[08:03:24 INF] Executed DbCommand (0ms) [Parameters=[], CommandType='Text', CommandTimeout='30']
SELECT "v"."AgvId", "v"."ConfigurationVersion", "v"."RoundTimeoutMilliseconds", "v"."UpdatedAt"
FROM "VehicleDispatchBudgets" AS "v"
[08:03:24 INF] Executed DbCommand (0ms) [Parameters=[], CommandType='Text', CommandTimeout='30']
SELECT "d"."Zone", "d"."AgvId", "d"."ConfigurationVersion", "d"."UpdatedAt"
FROM "DispatchZoneVehicles" AS "d"
[08:03:24 INF] Executed DbCommand (0ms) [Parameters=[], CommandType='Text', CommandTimeout='30']
SELECT MAX("d"."Version")
FROM "DispatchZoneAreaAssignmentVersions" AS "d"
[08:03:24 INF] Executed DbCommand (0ms) [Parameters=[@__agvId_0='?' (Size = 10)], CommandType='Text', CommandTimeout='30']
SELECT "a"."SlotModelVersionId", "a"."SnapshotId"
FROM "ActiveSlotConfigurations" AS "a"
WHERE "a"."AgvId" = @__agvId_0
LIMIT 2
[08:03:24 INF] Executed DbCommand (0ms) [Parameters=[@__agvId_0='?' (Size = 10)], CommandType='Text', CommandTimeout='30']
SELECT "s"."SlotModelVersionId", "s"."CreatedAt"
FROM "SlotIoBindings" AS "s"
WHERE "s"."AgvId" = @__agvId_0 AND "s"."Status" = 'PUBLISHED'
[08:03:24 INF] Executed DbCommand (0ms) [Parameters=[@__agvId_0='?' (Size = 10)], CommandType='Text', CommandTimeout='30']
SELECT "s"."AgvId", "s"."ActiveUnlockSlotsJson", "s"."CapabilityHash", "s"."CapabilityRevision", "s"."DepartureSafe", "s"."ForcedRecoveryGeneration", "s"."ManifestSha256", "s"."PendingAttemptIdsJson", "s"."PendingResultIdsJson", "s"."ProfileId", "s"."ProtocolCommit", "s"."ProtocolVersion", "s"."ProvenRecoveryCheckpoint", "s"."Readiness", "s"."ReasonCode", "s"."RecoveryReportId", "s"."ReportedForcedRecoveryGeneration", "s"."ReportedSlotConfigurationFingerprint", "s"."SafetyHash", "s"."SafetyReasonCodesJson", "s"."SafetyRevision", "s"."SafetyUnknownPresent", "s"."SessionGeneration", "s"."UnsettledSlotOperationAttemptId", "s"."UpdatedAt"
FROM "SessionRecoveries" AS "s"
WHERE "s"."AgvId" = @__agvId_0 AND "s"."Readiness" = 'Ready'
LIMIT 2
[08:03:24 INF] Executed DbCommand (0ms) [Parameters=[@__messageType_0='?' (Size = 18)], CommandType='Text', CommandTimeout='30']
SELECT "p"."MessageId", "p"."ContentHash", "p"."FirstResponseJson", "p"."MessageType", "p"."ReceivedAt", "p"."RequestJson"
FROM "ProtocolInbox" AS "p"
WHERE "p"."MessageType" = @__messageType_0
[08:03:24 INF] Executed DbCommand (0ms) [Parameters=[], CommandType='Text', CommandTimeout='30']
SELECT "p"."MessageId", "p"."ContentHash", "p"."FirstResponseJson", "p"."MessageType", "p"."ReceivedAt", "p"."RequestJson"
FROM "ProtocolInbox" AS "p"
WHERE "p"."MessageType" = 'SafetyStateSnapshot'
[08:03:24 INF] Executed DbCommand (0ms) [Parameters=[], CommandType='Text', CommandTimeout='30']
SELECT "p"."MessageId", "p"."ContentHash", "p"."FirstResponseJson", "p"."MessageType", "p"."ReceivedAt", "p"."RequestJson"
FROM "ProtocolInbox" AS "p"
WHERE "p"."MessageType" IN ('SafetyStateSnapshot', 'SafetyStateChanged')
[08:03:24 INF] Executed DbCommand (0ms) [Parameters=[], CommandType='Text', CommandTimeout='30']
SELECT "p"."MessageId", "p"."ContentHash", "p"."FirstResponseJson", "p"."MessageType", "p"."ReceivedAt", "p"."RequestJson"
FROM "ProtocolInbox" AS "p"
[08:03:24 INF] Start processing HTTP request GET http://127.0.0.1:48408/api/task/vehicles/getVehicleInfoByDeviceKey?key=BROKERX-L2-0001
[08:03:24 INF] Sending HTTP request GET http://127.0.0.1:48408/api/task/vehicles/getVehicleInfoByDeviceKey?key=BROKERX-L2-0001
[08:03:24 INF] Received HTTP response headers after 1.2121ms - 200
[08:03:24 INF] End processing HTTP request after 10.7546ms - 200
[08:03:24 INF] Executed DbCommand (0ms) [Parameters=[], CommandType='Text', CommandTimeout='30']
SELECT "s"."DemandId", "s"."ReasonCode", "s"."ClearedAt", "s"."DetailJson", "s"."FirstRaisedAt", "s"."LastSeenAt", "s"."TransportDemandKey"
FROM "StructuralDispatchBlocks" AS "s"
WHERE "s"."ClearedAt" IS NULL
[08:03:24 INF] Start processing HTTP request GET http://127.0.0.1:48408/api/task/v1/task/getVehicleInfo/BROKERX-L2-0001
[08:03:24 INF] Sending HTTP request GET http://127.0.0.1:48408/api/task/v1/task/getVehicleInfo/BROKERX-L2-0001
[08:03:24 INF] Received HTTP response headers after 1.7114ms - 200
[08:03:24 INF] End processing HTTP request after 5.65ms - 200
[08:03:24 INF] Start processing HTTP request GET http://127.0.0.1:48408/api/order/v1/orderRecord?pageNum=1&pageSize=100&filterByState=1&filterByState=3&filterByState=7&filterByState=9
[08:03:24 INF] Sending HTTP request GET http://127.0.0.1:48408/api/order/v1/orderRecord?pageNum=1&pageSize=100&filterByState=1&filterByState=3&filterByState=7&filterByState=9
[08:03:24 INF] Received HTTP response headers after 1.3142ms - 200
[08:03:24 INF] End processing HTTP request after 3.7478ms - 200
[08:03:24 INF] HTTP GET /api/onboard/v1/vehicle-safety responded 200 in 31.9624 ms
[08:03:24 INF] Start processing HTTP request GET http://127.0.0.1:48408/api/imap/v1/mapInfo/stations/25
[08:03:24 INF] Sending HTTP request GET http://127.0.0.1:48408/api/imap/v1/mapInfo/stations/25
[08:03:24 INF] Received HTTP response headers after 1.1902ms - 200
[08:03:24 INF] End processing HTTP request after 20.1898ms - 200
[08:03:24 INF] Executed DbCommand (0ms) [Parameters=[@__mapId_0='?' (DbType = Int32)], CommandType='Text', CommandTimeout='30']
SELECT "t"."MapId", "t"."ActiveVersion", "t"."PendingVersion", "t"."State", "t"."UpdatedAt"
FROM "TaskTypeStationActiveBindingSets" AS "t"
WHERE "t"."MapId" = @__mapId_0
LIMIT 2
[08:03:24 INF] Executed DbCommand (0ms) [Parameters=[@__mapId_0='?' (DbType = Int32), @__version_1='?' (DbType = Int64)], CommandType='Text', CommandTimeout='30']
SELECT "t"."MapId", "t"."Version", "t"."CatalogRevision", "t"."ContentSha256", "t"."LoadedAt", "t"."RuleVersion", "t"."SnapshotId", "t"."Source"
FROM "TaskTypeStationBindingSetVersions" AS "t"
WHERE "t"."MapId" = @__mapId_0 AND "t"."Version" = @__version_1
LIMIT 2
[08:03:24 INF] Executed DbCommand (0ms) [Parameters=[@__mapId_0='?' (DbType = Int32), @__version_1='?' (DbType = Int64)], CommandType='Text', CommandTimeout='30']
SELECT "t"."TaskType"
FROM "TaskTypeStationRequirements" AS "t"
WHERE "t"."MapId" = @__mapId_0 AND "t"."Version" = @__version_1
[08:03:24 INF] Executed DbCommand (0ms) [Parameters=[@__mapId_0='?' (DbType = Int32), @__version_1='?' (DbType = Int64)], CommandType='Text', CommandTimeout='30']
SELECT "t"."MapId", "t"."Version", "t"."TaskType", "t"."SiteVerificationRef", "t"."StationName", "t"."StationRiotId"
FROM "TaskTypeStationBindings" AS "t"
WHERE "t"."MapId" = @__mapId_0 AND "t"."Version" = @__version_1
[08:03:24 INF] Executed DbCommand (0ms) [Parameters=[@__version_0='?' (DbType = Int64)], CommandType='Text', CommandTimeout='30']
SELECT "t"."Version", "t"."ContentSha256", "t"."LoadedAt", "t"."SnapshotId", "t"."Source"
FROM "TaskTypeStationRuleVersions" AS "t"
WHERE "t"."Version" = @__version_0
LIMIT 2
[08:03:24 INF] Executed DbCommand (0ms) [Parameters=[@__version_0='?' (DbType = Int64)], CommandType='Text', CommandTimeout='30']
SELECT "t"."Version", "t"."TaskType", "t"."FixedEnd"
FROM "TaskTypeStationRules" AS "t"
WHERE "t"."Version" = @__version_0
[08:03:24 INF] Executed DbCommand (0ms) [Parameters=[@__mapId_0='?' (DbType = Int32)], CommandType='Text', CommandTimeout='30']
SELECT "t"."MapId", "t"."ActiveVersion", "t"."PendingVersion", "t"."State", "t"."UpdatedAt"
FROM "TaskTypeStationActiveBindingSets" AS "t"
WHERE "t"."MapId" = @__mapId_0
LIMIT 2
[08:03:24 INF] Executed DbCommand (0ms) [Parameters=[@__mapId_0='?' (DbType = Int32)], CommandType='Text', CommandTimeout='30']
SELECT "t"."HoldId", "t"."DetailJson", "t"."MapId", "t"."RaisedAt", "t"."RaisedBy", "t"."ReasonCode", "t"."ReleasedAt", "t"."ReleasedBy", "t"."Source", "t"."TaskType"
FROM "TaskTypeStationHolds" AS "t"
WHERE "t"."MapId" = @__mapId_0 AND "t"."ReleasedAt" IS NULL
[08:03:24 INF] Executed DbCommand (0ms) [Parameters=[@__mapId_0='?' (DbType = Int32)], CommandType='Text', CommandTimeout='30']
SELECT "m"."MapId", "m"."ApprovedMaxUnconfirmedSeconds", "m"."ApprovedSyncPeriodSeconds", "m"."CatalogRevision", "m"."LastAttemptAt", "m"."LastCompleteConfirmationAt", "m"."LastFailureReason", "m"."State", "m"."UpdatedAt"
FROM "MapStationCatalogStates" AS "m"
WHERE "m"."MapId" = @__mapId_0
LIMIT 2
[08:03:24 INF] Executed DbCommand (0ms) [Parameters=[@p3='?' (DbType = Int32), @p0='?' (DbType = DateTimeOffset), @p1='?' (DbType = DateTimeOffset), @p2='?' (DbType = DateTimeOffset)], CommandType='Text', CommandTimeout='30']
UPDATE "MapStationCatalogStates" SET "LastAttemptAt" = @p0, "LastCompleteConfirmationAt" = @p1, "UpdatedAt" = @p2
WHERE "MapId" = @p3
RETURNING 1;
[08:03:24 INF] Executed DbCommand (0ms) [Parameters=[@__mapId_0='?' (DbType = Int32)], CommandType='Text', CommandTimeout='30']
SELECT "t"."MapId", "t"."ActiveVersion", "t"."PendingVersion", "t"."State", "t"."UpdatedAt"
FROM "TaskTypeStationActiveBindingSets" AS "t"
WHERE "t"."MapId" = @__mapId_0
LIMIT 2
[08:03:24 INF] Executed DbCommand (0ms) [Parameters=[@__mapId_0='?' (DbType = Int32), @__version_1='?' (DbType = Int64)], CommandType='Text', CommandTimeout='30']
SELECT "t"."MapId", "t"."Version", "t"."CatalogRevision", "t"."ContentSha256", "t"."LoadedAt", "t"."RuleVersion", "t"."SnapshotId", "t"."Source"
FROM "TaskTypeStationBindingSetVersions" AS "t"
WHERE "t"."MapId" = @__mapId_0 AND "t"."Version" = @__version_1
LIMIT 2
[08:03:24 INF] Executed DbCommand (0ms) [Parameters=[@__mapId_0='?' (DbType = Int32), @__version_1='?' (DbType = Int64)], CommandType='Text', CommandTimeout='30']
SELECT "t"."TaskType"
FROM "TaskTypeStationRequirements" AS "t"
WHERE "t"."MapId" = @__mapId_0 AND "t"."Version" = @__version_1
[08:03:24 INF] Executed DbCommand (0ms) [Parameters=[@__mapId_0='?' (DbType = Int32), @__version_1='?' (DbType = Int64)], CommandType='Text', CommandTimeout='30']
SELECT "t"."MapId", "t"."Version", "t"."TaskType", "t"."SiteVerificationRef", "t"."StationName", "t"."StationRiotId"
FROM "TaskTypeStationBindings" AS "t"
WHERE "t"."MapId" = @__mapId_0 AND "t"."Version" = @__version_1
[08:03:24 INF] Executed DbCommand (0ms) [Parameters=[@__mapId_0='?' (DbType = Int32)], CommandType='Text', CommandTimeout='30']
SELECT "t"."MapId", "t"."ActiveVersion", "t"."PendingVersion", "t"."State", "t"."UpdatedAt"
FROM "TaskTypeStationActiveBindingSets" AS "t"
WHERE "t"."MapId" = @__mapId_0
LIMIT 2
[08:03:24 INF] Executed DbCommand (0ms) [Parameters=[@__mapId_0='?' (DbType = Int32), @__version_1='?' (DbType = Int64)], CommandType='Text', CommandTimeout='30']
SELECT "t"."MapId", "t"."Version", "t"."CatalogRevision", "t"."ContentSha256", "t"."LoadedAt", "t"."RuleVersion", "t"."SnapshotId", "t"."Source"
FROM "TaskTypeStationBindingSetVersions" AS "t"
WHERE "t"."MapId" = @__mapId_0 AND "t"."Version" = @__version_1
LIMIT 2
[08:03:24 INF] Executed DbCommand (0ms) [Parameters=[@__mapId_0='?' (DbType = Int32), @__version_1='?' (DbType = Int64)], CommandType='Text', CommandTimeout='30']
SELECT "t"."TaskType"
FROM "TaskTypeStationRequirements" AS "t"
WHERE "t"."MapId" = @__mapId_0 AND "t"."Version" = @__version_1
[08:03:24 INF] Executed DbCommand (0ms) [Parameters=[@__mapId_0='?' (DbType = Int32), @__version_1='?' (DbType = Int64)], CommandType='Text', CommandTimeout='30']
SELECT "t"."MapId", "t"."Version", "t"."TaskType", "t"."SiteVerificationRef", "t"."StationName", "t"."StationRiotId"
FROM "TaskTypeStationBindings" AS "t"
WHERE "t"."MapId" = @__mapId_0 AND "t"."Version" = @__version_1
[08:03:24 INF] Executed DbCommand (0ms) [Parameters=[@__version_0='?' (DbType = Int64)], CommandType='Text', CommandTimeout='30']
SELECT "t"."Version", "t"."ContentSha256", "t"."LoadedAt", "t"."SnapshotId", "t"."Source"
FROM "TaskTypeStationRuleVersions" AS "t"
WHERE "t"."Version" = @__version_0
LIMIT 2
[08:03:24 INF] Executed DbCommand (0ms) [Parameters=[@__version_0='?' (DbType = Int64)], CommandType='Text', CommandTimeout='30']
SELECT "t"."Version", "t"."TaskType", "t"."FixedEnd"
FROM "TaskTypeStationRules" AS "t"
WHERE "t"."Version" = @__version_0
[08:03:24 INF] Executed DbCommand (0ms) [Parameters=[], CommandType='Text', CommandTimeout='30']
SELECT "a"."Id", "a"."ContentHash", "a"."DeploymentId", "a"."ImportedAt", "a"."Version"
FROM "AdmissionPolicyState" AS "a"
WHERE "a"."Id" = 1
LIMIT 2
[08:03:24 INF] Executed DbCommand (0ms) [Parameters=[], CommandType='Text', CommandTimeout='30']
SELECT "j"."JourneyId", "j"."AgvId", "j"."AgvLifecycleGeneration", "j"."AreaEndAdmissionRevokedSince", "j"."BlockReasonCode", "j"."BlockReasonSince", "j"."CargoHoldingStartedAt", "j"."ConsumedSafetyResultMessageId", "j"."ConsumedSublotMessageId", "j"."CreatedAt", "j"."DemandId", "j"."DispatchGeneration", "j"."DispatchZone", "j"."ExpectedBasketCount", "j"."FullSlotPositionsJson", "j"."GateMovementLegId", "j"."GatePlanMessageId", "j"."GateStationId", "j"."GateStationRiotId", "j"."GateUpperId", "j"."GateVehicleBusinessMessageId", "j"."GateWorklistMessageId", "j"."LoadCommandMessageId", "j"."LoadSlotOperationAttemptId", "j"."LoadingClosedReason", "j"."LoadingPhaseState", "j"."MapId", "j"."MapIdentity", "j"."OperationSessionId", "j"."PickupMovementLegId", "j"."PickupStationId", "j"."PickupStationRiotId", "j"."PickupUpperId", "j"."PlanMessageId", "j"."PlanRevision", "j"."PreDepartureSafetyCheckId", "j"."PreDepartureSafetyCheckMessageId", "j"."RouteEvidenceId", "j"."Stage", "j"."StationDepartureWaitStartedAt", "j"."SublotRequestMessageId", "j"."TargetSlotsJson", "j"."UnloadCommandMessageId", "j"."UnloadSlotOperationAttemptId", "j"."UpdatedAt", "j"."VehicleBusinessMessageId", "j"."VehicleBusinessRevision", "j"."VehicleKey", "j"."WorklistMessageId", "j"."WorklistRevision", "j"."YieldTriggeredAt", "j"."YieldTriggeredByVehicleKey"
FROM "JourneyRuntimes" AS "j"
WHERE "j"."Stage" <> 'Completed'
[08:03:24 INF] Executed DbCommand (0ms) [Parameters=[], CommandType='Text', CommandTimeout='30']
SELECT "a"."DemandId"
FROM "AcceptedDemands" AS "a"
WHERE "a"."Status" NOT IN ('Succeeded', 'Cancelled')
[08:03:24 INF] Executed DbCommand (0ms) [Parameters=[], CommandType='Text', CommandTimeout='30']
SELECT "j"."DemandId"
FROM "JourneyRuntimes" AS "j"
[08:03:24 INF] Start processing HTTP request GET http://127.0.0.1:48409/api/v2/contract
[08:03:24 INF] Sending HTTP request GET http://127.0.0.1:48409/api/v2/contract
[08:03:24 INF] Received HTTP response headers after 1.2891ms - 200
[08:03:24 INF] End processing HTTP request after 19.5852ms - 200
[08:03:24 INF] Start processing HTTP request GET http://127.0.0.1:48409/api/v2/externally-readable-demand-catalog
[08:03:24 INF] Sending HTTP request GET http://127.0.0.1:48409/api/v2/externally-readable-demand-catalog
[08:03:24 INF] Received HTTP response headers after 1.1335ms - 200
[08:03:24 INF] End processing HTTP request after 3.7212ms - 200
[08:03:25 INF] Executed DbCommand (0ms) [Parameters=[], CommandType='Text', CommandTimeout='30']
SELECT "j"."DemandId", "j"."AcceptedAt", "j"."DecisionFingerprint", "j"."DemandCreatedAt", "j"."FirstSeenAt", "j"."LastSeenAt", "j"."ReasonCode", "j"."StarvationEscalatedAt", "j"."StarvationEscalationParameterVersion", "j"."TransportDemandKey"
FROM "JourneyBacklog" AS "j"
[08:03:25 INF] Executed DbCommand (0ms) [Parameters=[], CommandType='Text', CommandTimeout='30']
SELECT "a"."DemandId"
FROM "AcceptedDemands" AS "a"
[08:03:25 INF] Executed DbCommand (0ms) [Parameters=[], CommandType='Text', CommandTimeout='30']
SELECT "v"."AgvId", "v"."TaskType", "v"."Allowed", "v"."ConfigurationVersion", "v"."UpdatedAt"
FROM "VehicleTaskTypeAdmissions" AS "v"
[08:03:25 INF] Executed DbCommand (0ms) [Parameters=[], CommandType='Text', CommandTimeout='30']
SELECT "v"."AgvId", "v"."ConfigurationVersion", "v"."RoundTimeoutMilliseconds", "v"."UpdatedAt"
FROM "VehicleDispatchBudgets" AS "v"
[08:03:25 INF] Executed DbCommand (0ms) [Parameters=[], CommandType='Text', CommandTimeout='30']
SELECT "d"."Zone", "d"."AgvId", "d"."ConfigurationVersion", "d"."UpdatedAt"
FROM "DispatchZoneVehicles" AS "d"
[08:03:25 INF] Executed DbCommand (0ms) [Parameters=[], CommandType='Text', CommandTimeout='30']
SELECT MAX("d"."Version")
FROM "DispatchZoneAreaAssignmentVersions" AS "d"
[08:03:25 INF] Executed DbCommand (0ms) [Parameters=[@__agvId_0='?' (Size = 10)], CommandType='Text', CommandTimeout='30']
SELECT "a"."SlotModelVersionId", "a"."SnapshotId"
FROM "ActiveSlotConfigurations" AS "a"
WHERE "a"."AgvId" = @__agvId_0
LIMIT 2
[08:03:25 INF] Executed DbCommand (0ms) [Parameters=[@__agvId_0='?' (Size = 10)], CommandType='Text', CommandTimeout='30']
SELECT "s"."SlotModelVersionId", "s"."CreatedAt"
FROM "SlotIoBindings" AS "s"
WHERE "s"."AgvId" = @__agvId_0 AND "s"."Status" = 'PUBLISHED'
[08:03:25 INF] Executed DbCommand (0ms) [Parameters=[@__agvId_0='?' (Size = 10)], CommandType='Text', CommandTimeout='30']
SELECT "s"."AgvId", "s"."ActiveUnlockSlotsJson", "s"."CapabilityHash", "s"."CapabilityRevision", "s"."DepartureSafe", "s"."ForcedRecoveryGeneration", "s"."ManifestSha256", "s"."PendingAttemptIdsJson", "s"."PendingResultIdsJson", "s"."ProfileId", "s"."ProtocolCommit", "s"."ProtocolVersion", "s"."ProvenRecoveryCheckpoint", "s"."Readiness", "s"."ReasonCode", "s"."RecoveryReportId", "s"."ReportedForcedRecoveryGeneration", "s"."ReportedSlotConfigurationFingerprint", "s"."SafetyHash", "s"."SafetyReasonCodesJson", "s"."SafetyRevision", "s"."SafetyUnknownPresent", "s"."SessionGeneration", "s"."UnsettledSlotOperationAttemptId", "s"."UpdatedAt"
FROM "SessionRecoveries" AS "s"
WHERE "s"."AgvId" = @__agvId_0 AND "s"."Readiness" = 'Ready'
LIMIT 2
[08:03:25 INF] Executed DbCommand (0ms) [Parameters=[@__messageType_0='?' (Size = 18)], CommandType='Text', CommandTimeout='30']
SELECT "p"."MessageId", "p"."ContentHash", "p"."FirstResponseJson", "p"."MessageType", "p"."ReceivedAt", "p"."RequestJson"
FROM "ProtocolInbox" AS "p"
WHERE "p"."MessageType" = @__messageType_0
[08:03:25 INF] Executed DbCommand (0ms) [Parameters=[], CommandType='Text', CommandTimeout='30']
SELECT "p"."MessageId", "p"."ContentHash", "p"."FirstResponseJson", "p"."MessageType", "p"."ReceivedAt", "p"."RequestJson"
FROM "ProtocolInbox" AS "p"
WHERE "p"."MessageType" = 'SafetyStateSnapshot'
[08:03:25 INF] Executed DbCommand (0ms) [Parameters=[], CommandType='Text', CommandTimeout='30']
SELECT "p"."MessageId", "p"."ContentHash", "p"."FirstResponseJson", "p"."MessageType", "p"."ReceivedAt", "p"."RequestJson"
FROM "ProtocolInbox" AS "p"
WHERE "p"."MessageType" IN ('SafetyStateSnapshot', 'SafetyStateChanged')
[08:03:25 INF] Executed DbCommand (0ms) [Parameters=[], CommandType='Text', CommandTimeout='30']
SELECT "p"."MessageId", "p"."ContentHash", "p"."FirstResponseJson", "p"."MessageType", "p"."ReceivedAt", "p"."RequestJson"
FROM "ProtocolInbox" AS "p"
[08:03:25 INF] Start processing HTTP request GET http://127.0.0.1:48408/api/task/vehicles/getVehicleInfoByDeviceKey?key=BROKERX-L2-0001
[08:03:25 INF] Sending HTTP request GET http://127.0.0.1:48408/api/task/vehicles/getVehicleInfoByDeviceKey?key=BROKERX-L2-0001
[08:03:25 INF] Received HTTP response headers after 1.2339ms - 200
[08:03:25 INF] End processing HTTP request after 28.8054ms - 200
[08:03:25 INF] Executed DbCommand (0ms) [Parameters=[], CommandType='Text', CommandTimeout='30']
SELECT "s"."DemandId", "s"."ReasonCode", "s"."ClearedAt", "s"."DetailJson", "s"."FirstRaisedAt", "s"."LastSeenAt", "s"."TransportDemandKey"
FROM "StructuralDispatchBlocks" AS "s"
WHERE "s"."ClearedAt" IS NULL
[08:03:25 INF] Start processing HTTP request GET http://127.0.0.1:48408/api/imap/v1/mapInfo/stations/25
[08:03:25 INF] Start processing HTTP request GET http://127.0.0.1:48408/api/task/v1/task/getVehicleInfo/BROKERX-L2-0001
[08:03:25 INF] Sending HTTP request GET http://127.0.0.1:48408/api/imap/v1/mapInfo/stations/25
[08:03:25 INF] Sending HTTP request GET http://127.0.0.1:48408/api/task/v1/task/getVehicleInfo/BROKERX-L2-0001
[08:03:25 INF] Received HTTP response headers after 1.3508ms - 200
[08:03:25 INF] End processing HTTP request after 5.2512ms - 200
[08:03:25 INF] Received HTTP response headers after 3.3341ms - 200
[08:03:25 INF] Executed DbCommand (0ms) [Parameters=[@__mapId_0='?' (DbType = Int32)], CommandType='Text', CommandTimeout='30']
SELECT "t"."MapId", "t"."ActiveVersion", "t"."PendingVersion", "t"."State", "t"."UpdatedAt"
FROM "TaskTypeStationActiveBindingSets" AS "t"
WHERE "t"."MapId" = @__mapId_0
LIMIT 2
[08:03:25 INF] End processing HTTP request after 45.929ms - 200
[08:03:25 INF] Executed DbCommand (0ms) [Parameters=[@__mapId_0='?' (DbType = Int32), @__version_1='?' (DbType = Int64)], CommandType='Text', CommandTimeout='30']
SELECT "t"."MapId", "t"."Version", "t"."CatalogRevision", "t"."ContentSha256", "t"."LoadedAt", "t"."RuleVersion", "t"."SnapshotId", "t"."Source"
FROM "TaskTypeStationBindingSetVersions" AS "t"
WHERE "t"."MapId" = @__mapId_0 AND "t"."Version" = @__version_1
LIMIT 2
[08:03:25 INF] Start processing HTTP request GET http://127.0.0.1:48408/api/order/v1/orderRecord?pageNum=1&pageSize=100&filterByState=1&filterByState=3&filterByState=7&filterByState=9
[08:03:25 INF] Executed DbCommand (0ms) [Parameters=[@__messageId_0='?' (Size = 36)], CommandType='Text', CommandTimeout='30']
SELECT "p"."MessageId", "p"."ContentHash", "p"."FirstResponseJson", "p"."MessageType", "p"."ReceivedAt", "p"."RequestJson"
FROM "ProtocolInbox" AS "p"
WHERE "p"."MessageId" = @__messageId_0
LIMIT 2
[08:03:25 INF] Executed DbCommand (0ms) [Parameters=[@__mapId_0='?' (DbType = Int32), @__version_1='?' (DbType = Int64)], CommandType='Text', CommandTimeout='30']
SELECT "t"."TaskType"
FROM "TaskTypeStationRequirements" AS "t"
WHERE "t"."MapId" = @__mapId_0 AND "t"."Version" = @__version_1
[08:03:25 INF] Sending HTTP request GET http://127.0.0.1:48408/api/order/v1/orderRecord?pageNum=1&pageSize=100&filterByState=1&filterByState=3&filterByState=7&filterByState=9
[08:03:25 INF] Executed DbCommand (0ms) [Parameters=[@__mapId_0='?' (DbType = Int32), @__version_1='?' (DbType = Int64)], CommandType='Text', CommandTimeout='30']
SELECT "t"."MapId", "t"."Version", "t"."TaskType", "t"."SiteVerificationRef", "t"."StationName", "t"."StationRiotId"
FROM "TaskTypeStationBindings" AS "t"
WHERE "t"."MapId" = @__mapId_0 AND "t"."Version" = @__version_1
[08:03:25 INF] Received HTTP response headers after 1.434ms - 200
[08:03:25 INF] Executed DbCommand (0ms) [Parameters=[@__version_0='?' (DbType = Int64)], CommandType='Text', CommandTimeout='30']
SELECT "t"."Version", "t"."ContentSha256", "t"."LoadedAt", "t"."SnapshotId", "t"."Source"
FROM "TaskTypeStationRuleVersions" AS "t"
WHERE "t"."Version" = @__version_0
LIMIT 2
[08:03:26 INF] End processing HTTP request after 67.8336ms - 200
[08:03:26 INF] Executed DbCommand (0ms) [Parameters=[@p0='?' (Size = 36), @p1='?' (Size = 64), @p2='?' (Size = 536), @p3='?' (Size = 9), @p4='?' (DbType = DateTimeOffset), @p5='?' (Size = 427)], CommandType='Text', CommandTimeout='30']
INSERT INTO "ProtocolInbox" ("MessageId", "ContentHash", "FirstResponseJson", "MessageType", "ReceivedAt", "RequestJson")
VALUES (@p0, @p1, @p2, @p3, @p4, @p5);
[08:03:26 INF] Executed DbCommand (0ms) [Parameters=[@__version_0='?' (DbType = Int64)], CommandType='Text', CommandTimeout='30']
SELECT "t"."Version", "t"."TaskType", "t"."FixedEnd"
FROM "TaskTypeStationRules" AS "t"
WHERE "t"."Version" = @__version_0
[08:03:26 INF] HTTP GET /api/onboard/v1/vehicle-safety responded 200 in 205.1596 ms
[08:03:26 INF] Executed DbCommand (0ms) [Parameters=[@__mapId_0='?' (DbType = Int32)], CommandType='Text', CommandTimeout='30']
SELECT "t"."MapId", "t"."ActiveVersion", "t"."PendingVersion", "t"."State", "t"."UpdatedAt"
FROM "TaskTypeStationActiveBindingSets" AS "t"
WHERE "t"."MapId" = @__mapId_0
LIMIT 2
[08:03:26 INF] Executed DbCommand (0ms) [Parameters=[@__mapId_0='?' (DbType = Int32)], CommandType='Text', CommandTimeout='30']
SELECT "t"."HoldId", "t"."DetailJson", "t"."MapId", "t"."RaisedAt", "t"."RaisedBy", "t"."ReasonCode", "t"."ReleasedAt", "t"."ReleasedBy", "t"."Source", "t"."TaskType"
FROM "TaskTypeStationHolds" AS "t"
WHERE "t"."MapId" = @__mapId_0 AND "t"."ReleasedAt" IS NULL
[08:03:26 INF] Executed DbCommand (0ms) [Parameters=[@__mapId_0='?' (DbType = Int32)], CommandType='Text', CommandTimeout='30']
SELECT "m"."MapId", "m"."ApprovedMaxUnconfirmedSeconds", "m"."ApprovedSyncPeriodSeconds", "m"."CatalogRevision", "m"."LastAttemptAt", "m"."LastCompleteConfirmationAt", "m"."LastFailureReason", "m"."State", "m"."UpdatedAt"
FROM "MapStationCatalogStates" AS "m"
WHERE "m"."MapId" = @__mapId_0
LIMIT 2
[08:03:26 INF] Executed DbCommand (0ms) [Parameters=[@p3='?' (DbType = Int32), @p0='?' (DbType = DateTimeOffset), @p1='?' (DbType = DateTimeOffset), @p2='?' (DbType = DateTimeOffset)], CommandType='Text', CommandTimeout='30']
UPDATE "MapStationCatalogStates" SET "LastAttemptAt" = @p0, "LastCompleteConfirmationAt" = @p1, "UpdatedAt" = @p2
WHERE "MapId" = @p3
RETURNING 1;
[08:03:26 INF] Executed DbCommand (0ms) [Parameters=[@__mapId_0='?' (DbType = Int32)], CommandType='Text', CommandTimeout='30']
SELECT "t"."MapId", "t"."ActiveVersion", "t"."PendingVersion", "t"."State", "t"."UpdatedAt"
FROM "TaskTypeStationActiveBindingSets" AS "t"
WHERE "t"."MapId" = @__mapId_0
LIMIT 2
[08:03:26 INF] Executed DbCommand (0ms) [Parameters=[@__mapId_0='?' (DbType = Int32), @__version_1='?' (DbType = Int64)], CommandType='Text', CommandTimeout='30']
SELECT "t"."MapId", "t"."Version", "t"."CatalogRevision", "t"."ContentSha256", "t"."LoadedAt", "t"."RuleVersion", "t"."SnapshotId", "t"."Source"
FROM "TaskTypeStationBindingSetVersions" AS "t"
WHERE "t"."MapId" = @__mapId_0 AND "t"."Version" = @__version_1
LIMIT 2
[08:03:26 INF] Executed DbCommand (0ms) [Parameters=[@__mapId_0='?' (DbType = Int32), @__version_1='?' (DbType = Int64)], CommandType='Text', CommandTimeout='30']
SELECT "t"."TaskType"
FROM "TaskTypeStationRequirements" AS "t"
WHERE "t"."MapId" = @__mapId_0 AND "t"."Version" = @__version_1
[08:03:26 INF] Executed DbCommand (0ms) [Parameters=[@__mapId_0='?' (DbType = Int32), @__version_1='?' (DbType = Int64)], CommandType='Text', CommandTimeout='30']
SELECT "t"."MapId", "t"."Version", "t"."TaskType", "t"."SiteVerificationRef", "t"."StationName", "t"."StationRiotId"
FROM "TaskTypeStationBindings" AS "t"
WHERE "t"."MapId" = @__mapId_0 AND "t"."Version" = @__version_1
[08:03:26 INF] Executed DbCommand (0ms) [Parameters=[@__mapId_0='?' (DbType = Int32)], CommandType='Text', CommandTimeout='30']
SELECT "t"."MapId", "t"."ActiveVersion", "t"."PendingVersion", "t"."State", "t"."UpdatedAt"
FROM "TaskTypeStationActiveBindingSets" AS "t"
WHERE "t"."MapId" = @__mapId_0
LIMIT 2
[08:03:26 INF] Executed DbCommand (0ms) [Parameters=[@__mapId_0='?' (DbType = Int32), @__version_1='?' (DbType = Int64)], CommandType='Text', CommandTimeout='30']
SELECT "t"."MapId", "t"."Version", "t"."CatalogRevision", "t"."ContentSha256", "t"."LoadedAt", "t"."RuleVersion", "t"."SnapshotId", "t"."Source"
FROM "TaskTypeStationBindingSetVersions" AS "t"
WHERE "t"."MapId" = @__mapId_0 AND "t"."Version" = @__version_1
LIMIT 2
[08:03:26 INF] Executed DbCommand (0ms) [Parameters=[@__mapId_0='?' (DbType = Int32), @__version_1='?' (DbType = Int64)], CommandType='Text', CommandTimeout='30']
SELECT "t"."TaskType"
FROM "TaskTypeStationRequirements" AS "t"
WHERE "t"."MapId" = @__mapId_0 AND "t"."Version" = @__version_1
[08:03:26 INF] Executed DbCommand (0ms) [Parameters=[@__mapId_0='?' (DbType = Int32), @__version_1='?' (DbType = Int64)], CommandType='Text', CommandTimeout='30']
SELECT "t"."MapId", "t"."Version", "t"."TaskType", "t"."SiteVerificationRef", "t"."StationName", "t"."StationRiotId"
FROM "TaskTypeStationBindings" AS "t"
WHERE "t"."MapId" = @__mapId_0 AND "t"."Version" = @__version_1
[08:03:26 INF] Executed DbCommand (0ms) [Parameters=[@__version_0='?' (DbType = Int64)], CommandType='Text', CommandTimeout='30']
SELECT "t"."Version", "t"."ContentSha256", "t"."LoadedAt", "t"."SnapshotId", "t"."Source"
FROM "TaskTypeStationRuleVersions" AS "t"
WHERE "t"."Version" = @__version_0
LIMIT 2
[08:03:26 INF] Executed DbCommand (0ms) [Parameters=[@__version_0='?' (DbType = Int64)], CommandType='Text', CommandTimeout='30']
SELECT "t"."Version", "t"."TaskType", "t"."FixedEnd"
FROM "TaskTypeStationRules" AS "t"
WHERE "t"."Version" = @__version_0
[08:03:26 INF] Executed DbCommand (0ms) [Parameters=[], CommandType='Text', CommandTimeout='30']
SELECT "a"."Id", "a"."ContentHash", "a"."DeploymentId", "a"."ImportedAt", "a"."Version"
FROM "AdmissionPolicyState" AS "a"
WHERE "a"."Id" = 1
LIMIT 2
[08:03:26 INF] Executed DbCommand (0ms) [Parameters=[], CommandType='Text', CommandTimeout='30']
SELECT "j"."JourneyId", "j"."AgvId", "j"."AgvLifecycleGeneration", "j"."AreaEndAdmissionRevokedSince", "j"."BlockReasonCode", "j"."BlockReasonSince", "j"."CargoHoldingStartedAt", "j"."ConsumedSafetyResultMessageId", "j"."ConsumedSublotMessageId", "j"."CreatedAt", "j"."DemandId", "j"."DispatchGeneration", "j"."DispatchZone", "j"."ExpectedBasketCount", "j"."FullSlotPositionsJson", "j"."GateMovementLegId", "j"."GatePlanMessageId", "j"."GateStationId", "j"."GateStationRiotId", "j"."GateUpperId", "j"."GateVehicleBusinessMessageId", "j"."GateWorklistMessageId", "j"."LoadCommandMessageId", "j"."LoadSlotOperationAttemptId", "j"."LoadingClosedReason", "j"."LoadingPhaseState", "j"."MapId", "j"."MapIdentity", "j"."OperationSessionId", "j"."PickupMovementLegId", "j"."PickupStationId", "j"."PickupStationRiotId", "j"."PickupUpperId", "j"."PlanMessageId", "j"."PlanRevision", "j"."PreDepartureSafetyCheckId", "j"."PreDepartureSafetyCheckMessageId", "j"."RouteEvidenceId", "j"."Stage", "j"."StationDepartureWaitStartedAt", "j"."SublotRequestMessageId", "j"."TargetSlotsJson", "j"."UnloadCommandMessageId", "j"."UnloadSlotOperationAttemptId", "j"."UpdatedAt", "j"."VehicleBusinessMessageId", "j"."VehicleBusinessRevision", "j"."VehicleKey", "j"."WorklistMessageId", "j"."WorklistRevision", "j"."YieldTriggeredAt", "j"."YieldTriggeredByVehicleKey"
FROM "JourneyRuntimes" AS "j"
WHERE "j"."Stage" <> 'Completed'
[08:03:26 INF] Executed DbCommand (0ms) [Parameters=[], CommandType='Text', CommandTimeout='30']
SELECT "a"."DemandId"
FROM "AcceptedDemands" AS "a"
WHERE "a"."Status" NOT IN ('Succeeded', 'Cancelled')
[08:03:26 INF] Executed DbCommand (0ms) [Parameters=[], CommandType='Text', CommandTimeout='30']
SELECT "j"."DemandId"
FROM "JourneyRuntimes" AS "j"
[08:03:26 INF] Start processing HTTP request GET http://127.0.0.1:48409/api/v2/contract
[08:03:26 INF] Sending HTTP request GET http://127.0.0.1:48409/api/v2/contract
[08:03:26 INF] Received HTTP response headers after 1.3276ms - 200
[08:03:26 INF] End processing HTTP request after 2.7745ms - 200
[08:03:26 INF] Start processing HTTP request GET http://127.0.0.1:48409/api/v2/externally-readable-demand-catalog
[08:03:26 INF] Sending HTTP request GET http://127.0.0.1:48409/api/v2/externally-readable-demand-catalog
[08:03:26 INF] Received HTTP response headers after 1.1074ms - 200
[08:03:26 INF] End processing HTTP request after 33.1911ms - 200
[08:03:26 INF] Executed DbCommand (0ms) [Parameters=[], CommandType='Text', CommandTimeout='30']
SELECT "j"."DemandId", "j"."AcceptedAt", "j"."DecisionFingerprint", "j"."DemandCreatedAt", "j"."FirstSeenAt", "j"."LastSeenAt", "j"."ReasonCode", "j"."StarvationEscalatedAt", "j"."StarvationEscalationParameterVersion", "j"."TransportDemandKey"
FROM "JourneyBacklog" AS "j"
[08:03:26 INF] Executed DbCommand (0ms) [Parameters=[], CommandType='Text', CommandTimeout='30']
SELECT "a"."DemandId"
FROM "AcceptedDemands" AS "a"
[08:03:26 INF] Executed DbCommand (0ms) [Parameters=[], CommandType='Text', CommandTimeout='30']
SELECT "v"."AgvId", "v"."TaskType", "v"."Allowed", "v"."ConfigurationVersion", "v"."UpdatedAt"
FROM "VehicleTaskTypeAdmissions" AS "v"
[08:03:26 INF] Executed DbCommand (0ms) [Parameters=[], CommandType='Text', CommandTimeout='30']
SELECT "v"."AgvId", "v"."ConfigurationVersion", "v"."RoundTimeoutMilliseconds", "v"."UpdatedAt"
FROM "VehicleDispatchBudgets" AS "v"
[08:03:26 INF] Executed DbCommand (0ms) [Parameters=[], CommandType='Text', CommandTimeout='30']
SELECT "d"."Zone", "d"."AgvId", "d"."ConfigurationVersion", "d"."UpdatedAt"
FROM "DispatchZoneVehicles" AS "d"
[08:03:26 INF] Executed DbCommand (0ms) [Parameters=[], CommandType='Text', CommandTimeout='30']
SELECT MAX("d"."Version")
FROM "DispatchZoneAreaAssignmentVersions" AS "d"
[08:03:26 INF] Executed DbCommand (0ms) [Parameters=[@__agvId_0='?' (Size = 10)], CommandType='Text', CommandTimeout='30']
SELECT "a"."SlotModelVersionId", "a"."SnapshotId"
FROM "ActiveSlotConfigurations" AS "a"
WHERE "a"."AgvId" = @__agvId_0
LIMIT 2
[08:03:26 INF] Executed DbCommand (0ms) [Parameters=[@__agvId_0='?' (Size = 10)], CommandType='Text', CommandTimeout='30']
SELECT "s"."SlotModelVersionId", "s"."CreatedAt"
FROM "SlotIoBindings" AS "s"
WHERE "s"."AgvId" = @__agvId_0 AND "s"."Status" = 'PUBLISHED'
[08:03:26 INF] Executed DbCommand (0ms) [Parameters=[@__agvId_0='?' (Size = 10)], CommandType='Text', CommandTimeout='30']
SELECT "s"."AgvId", "s"."ActiveUnlockSlotsJson", "s"."CapabilityHash", "s"."CapabilityRevision", "s"."DepartureSafe", "s"."ForcedRecoveryGeneration", "s"."ManifestSha256", "s"."PendingAttemptIdsJson", "s"."PendingResultIdsJson", "s"."ProfileId", "s"."ProtocolCommit", "s"."ProtocolVersion", "s"."ProvenRecoveryCheckpoint", "s"."Readiness", "s"."ReasonCode", "s"."RecoveryReportId", "s"."ReportedForcedRecoveryGeneration", "s"."ReportedSlotConfigurationFingerprint", "s"."SafetyHash", "s"."SafetyReasonCodesJson", "s"."SafetyRevision", "s"."SafetyUnknownPresent", "s"."SessionGeneration", "s"."UnsettledSlotOperationAttemptId", "s"."UpdatedAt"
FROM "SessionRecoveries" AS "s"
WHERE "s"."AgvId" = @__agvId_0 AND "s"."Readiness" = 'Ready'
LIMIT 2
[08:03:26 INF] Executed DbCommand (0ms) [Parameters=[@__messageType_0='?' (Size = 18)], CommandType='Text', CommandTimeout='30']
SELECT "p"."MessageId", "p"."ContentHash", "p"."FirstResponseJson", "p"."MessageType", "p"."ReceivedAt", "p"."RequestJson"
FROM "ProtocolInbox" AS "p"
WHERE "p"."MessageType" = @__messageType_0
[08:03:26 INF] Executed DbCommand (0ms) [Parameters=[], CommandType='Text', CommandTimeout='30']
SELECT "p"."MessageId", "p"."ContentHash", "p"."FirstResponseJson", "p"."MessageType", "p"."ReceivedAt", "p"."RequestJson"
FROM "ProtocolInbox" AS "p"
WHERE "p"."MessageType" = 'SafetyStateSnapshot'
[08:03:26 INF] Executed DbCommand (0ms) [Parameters=[], CommandType='Text', CommandTimeout='30']
SELECT "p"."MessageId", "p"."ContentHash", "p"."FirstResponseJson", "p"."MessageType", "p"."ReceivedAt", "p"."RequestJson"
FROM "ProtocolInbox" AS "p"
WHERE "p"."MessageType" IN ('SafetyStateSnapshot', 'SafetyStateChanged')
[08:03:26 INF] Executed DbCommand (0ms) [Parameters=[], CommandType='Text', CommandTimeout='30']
SELECT "p"."MessageId", "p"."ContentHash", "p"."FirstResponseJson", "p"."MessageType", "p"."ReceivedAt", "p"."RequestJson"
FROM "ProtocolInbox" AS "p"
[08:03:26 INF] Start processing HTTP request GET http://127.0.0.1:48408/api/task/vehicles/getVehicleInfoByDeviceKey?key=BROKERX-L2-0001
[08:03:26 INF] Sending HTTP request GET http://127.0.0.1:48408/api/task/vehicles/getVehicleInfoByDeviceKey?key=BROKERX-L2-0001
[08:03:26 INF] Received HTTP response headers after 0.9066ms - 200
[08:03:26 INF] End processing HTTP request after 2.724ms - 200
[08:03:26 INF] Executed DbCommand (0ms) [Parameters=[], CommandType='Text', CommandTimeout='30']
SELECT "s"."DemandId", "s"."ReasonCode", "s"."ClearedAt", "s"."DetailJson", "s"."FirstRaisedAt", "s"."LastSeenAt", "s"."TransportDemandKey"
FROM "StructuralDispatchBlocks" AS "s"
WHERE "s"."ClearedAt" IS NULL
[08:03:26 INF] Start processing HTTP request GET http://127.0.0.1:48408/api/imap/v1/mapInfo/stations/25
[08:03:26 INF] Sending HTTP request GET http://127.0.0.1:48408/api/imap/v1/mapInfo/stations/25
[08:03:26 INF] Received HTTP response headers after 1.3924ms - 200
[08:03:26 INF] End processing HTTP request after 4.7286ms - 200
[08:03:26 INF] Executed DbCommand (0ms) [Parameters=[@__mapId_0='?' (DbType = Int32)], CommandType='Text', CommandTimeout='30']
SELECT "t"."MapId", "t"."ActiveVersion", "t"."PendingVersion", "t"."State", "t"."UpdatedAt"
FROM "TaskTypeStationActiveBindingSets" AS "t"
WHERE "t"."MapId" = @__mapId_0
LIMIT 2
[08:03:26 INF] Executed DbCommand (0ms) [Parameters=[@__mapId_0='?' (DbType = Int32), @__version_1='?' (DbType = Int64)], CommandType='Text', CommandTimeout='30']
SELECT "t"."MapId", "t"."Version", "t"."CatalogRevision", "t"."ContentSha256", "t"."LoadedAt", "t"."RuleVersion", "t"."SnapshotId", "t"."Source"
FROM "TaskTypeStationBindingSetVersions" AS "t"
WHERE "t"."MapId" = @__mapId_0 AND "t"."Version" = @__version_1
LIMIT 2
[08:03:26 INF] Executed DbCommand (0ms) [Parameters=[@__mapId_0='?' (DbType = Int32), @__version_1='?' (DbType = Int64)], CommandType='Text', CommandTimeout='30']
SELECT "t"."TaskType"
FROM "TaskTypeStationRequirements" AS "t"
WHERE "t"."MapId" = @__mapId_0 AND "t"."Version" = @__version_1
[08:03:26 INF] Executed DbCommand (0ms) [Parameters=[@__mapId_0='?' (DbType = Int32), @__version_1='?' (DbType = Int64)], CommandType='Text', CommandTimeout='30']
SELECT "t"."MapId", "t"."Version", "t"."TaskType", "t"."SiteVerificationRef", "t"."StationName", "t"."StationRiotId"
FROM "TaskTypeStationBindings" AS "t"
WHERE "t"."MapId" = @__mapId_0 AND "t"."Version" = @__version_1
[08:03:26 INF] Executed DbCommand (0ms) [Parameters=[@__version_0='?' (DbType = Int64)], CommandType='Text', CommandTimeout='30']
SELECT "t"."Version", "t"."ContentSha256", "t"."LoadedAt", "t"."SnapshotId", "t"."Source"
FROM "TaskTypeStationRuleVersions" AS "t"
WHERE "t"."Version" = @__version_0
LIMIT 2
[08:03:26 INF] Executed DbCommand (0ms) [Parameters=[@__version_0='?' (DbType = Int64)], CommandType='Text', CommandTimeout='30']
SELECT "t"."Version", "t"."TaskType", "t"."FixedEnd"
FROM "TaskTypeStationRules" AS "t"
WHERE "t"."Version" = @__version_0
[08:03:26 INF] Executed DbCommand (0ms) [Parameters=[@__mapId_0='?' (DbType = Int32)], CommandType='Text', CommandTimeout='30']
SELECT "t"."MapId", "t"."ActiveVersion", "t"."PendingVersion", "t"."State", "t"."UpdatedAt"
FROM "TaskTypeStationActiveBindingSets" AS "t"
WHERE "t"."MapId" = @__mapId_0
LIMIT 2
[08:03:26 INF] Executed DbCommand (0ms) [Parameters=[@__mapId_0='?' (DbType = Int32)], CommandType='Text', CommandTimeout='30']
SELECT "t"."HoldId", "t"."DetailJson", "t"."MapId", "t"."RaisedAt", "t"."RaisedBy", "t"."ReasonCode", "t"."ReleasedAt", "t"."ReleasedBy", "t"."Source", "t"."TaskType"
FROM "TaskTypeStationHolds" AS "t"
WHERE "t"."MapId" = @__mapId_0 AND "t"."ReleasedAt" IS NULL
[08:03:26 INF] Executed DbCommand (0ms) [Parameters=[@__mapId_0='?' (DbType = Int32)], CommandType='Text', CommandTimeout='30']
SELECT "m"."MapId", "m"."ApprovedMaxUnconfirmedSeconds", "m"."ApprovedSyncPeriodSeconds", "m"."CatalogRevision", "m"."LastAttemptAt", "m"."LastCompleteConfirmationAt", "m"."LastFailureReason", "m"."State", "m"."UpdatedAt"
FROM "MapStationCatalogStates" AS "m"
WHERE "m"."MapId" = @__mapId_0
LIMIT 2
[08:03:26 INF] Executed DbCommand (0ms) [Parameters=[@p3='?' (DbType = Int32), @p0='?' (DbType = DateTimeOffset), @p1='?' (DbType = DateTimeOffset), @p2='?' (DbType = DateTimeOffset)], CommandType='Text', CommandTimeout='30']
UPDATE "MapStationCatalogStates" SET "LastAttemptAt" = @p0, "LastCompleteConfirmationAt" = @p1, "UpdatedAt" = @p2
WHERE "MapId" = @p3
RETURNING 1;
[08:03:26 INF] Executed DbCommand (0ms) [Parameters=[@__mapId_0='?' (DbType = Int32)], CommandType='Text', CommandTimeout='30']
SELECT "t"."MapId", "t"."ActiveVersion", "t"."PendingVersion", "t"."State", "t"."UpdatedAt"
FROM "TaskTypeStationActiveBindingSets" AS "t"
WHERE "t"."MapId" = @__mapId_0
LIMIT 2
[08:03:26 INF] Executed DbCommand (0ms) [Parameters=[@__mapId_0='?' (DbType = Int32), @__version_1='?' (DbType = Int64)], CommandType='Text', CommandTimeout='30']
SELECT "t"."MapId", "t"."Version", "t"."CatalogRevision", "t"."ContentSha256", "t"."LoadedAt", "t"."RuleVersion", "t"."SnapshotId", "t"."Source"
FROM "TaskTypeStationBindingSetVersions" AS "t"
WHERE "t"."MapId" = @__mapId_0 AND "t"."Version" = @__version_1
LIMIT 2
[08:03:26 INF] Executed DbCommand (0ms) [Parameters=[@__mapId_0='?' (DbType = Int32), @__version_1='?' (DbType = Int64)], CommandType='Text', CommandTimeout='30']
SELECT "t"."TaskType"
FROM "TaskTypeStationRequirements" AS "t"
WHERE "t"."MapId" = @__mapId_0 AND "t"."Version" = @__version_1
[08:03:26 INF] Executed DbCommand (0ms) [Parameters=[@__mapId_0='?' (DbType = Int32), @__version_1='?' (DbType = Int64)], CommandType='Text', CommandTimeout='30']
SELECT "t"."MapId", "t"."Version", "t"."TaskType", "t"."SiteVerificationRef", "t"."StationName", "t"."StationRiotId"
FROM "TaskTypeStationBindings" AS "t"
WHERE "t"."MapId" = @__mapId_0 AND "t"."Version" = @__version_1
[08:03:26 INF] Executed DbCommand (0ms) [Parameters=[@__mapId_0='?' (DbType = Int32)], CommandType='Text', CommandTimeout='30']
SELECT "t"."MapId", "t"."ActiveVersion", "t"."PendingVersion", "t"."State", "t"."UpdatedAt"
FROM "TaskTypeStationActiveBindingSets" AS "t"
WHERE "t"."MapId" = @__mapId_0
LIMIT 2
[08:03:26 INF] Executed DbCommand (0ms) [Parameters=[@__mapId_0='?' (DbType = Int32), @__version_1='?' (DbType = Int64)], CommandType='Text', CommandTimeout='30']
SELECT "t"."MapId", "t"."Version", "t"."CatalogRevision", "t"."ContentSha256", "t"."LoadedAt", "t"."RuleVersion", "t"."SnapshotId", "t"."Source"
FROM "TaskTypeStationBindingSetVersions" AS "t"
WHERE "t"."MapId" = @__mapId_0 AND "t"."Version" = @__version_1
LIMIT 2
[08:03:26 INF] Executed DbCommand (0ms) [Parameters=[@__mapId_0='?' (DbType = Int32), @__version_1='?' (DbType = Int64)], CommandType='Text', CommandTimeout='30']
SELECT "t"."TaskType"
FROM "TaskTypeStationRequirements" AS "t"
WHERE "t"."MapId" = @__mapId_0 AND "t"."Version" = @__version_1
[08:03:26 INF] Executed DbCommand (0ms) [Parameters=[@__mapId_0='?' (DbType = Int32), @__version_1='?' (DbType = Int64)], CommandType='Text', CommandTimeout='30']
SELECT "t"."MapId", "t"."Version", "t"."TaskType", "t"."SiteVerificationRef", "t"."StationName", "t"."StationRiotId"
FROM "TaskTypeStationBindings" AS "t"
WHERE "t"."MapId" = @__mapId_0 AND "t"."Version" = @__version_1
[08:03:26 INF] Executed DbCommand (0ms) [Parameters=[@__version_0='?' (DbType = Int64)], CommandType='Text', CommandTimeout='30']
SELECT "t"."Version", "t"."ContentSha256", "t"."LoadedAt", "t"."SnapshotId", "t"."Source"
FROM "TaskTypeStationRuleVersions" AS "t"
WHERE "t"."Version" = @__version_0
LIMIT 2
[08:03:26 INF] Executed DbCommand (0ms) [Parameters=[@__version_0='?' (DbType = Int64)], CommandType='Text', CommandTimeout='30']
SELECT "t"."Version", "t"."TaskType", "t"."FixedEnd"
FROM "TaskTypeStationRules" AS "t"
WHERE "t"."Version" = @__version_0
[08:03:26 INF] Executed DbCommand (0ms) [Parameters=[], CommandType='Text', CommandTimeout='30']
SELECT "a"."Id", "a"."ContentHash", "a"."DeploymentId", "a"."ImportedAt", "a"."Version"
FROM "AdmissionPolicyState" AS "a"
WHERE "a"."Id" = 1
LIMIT 2
[08:03:26 INF] Executed DbCommand (0ms) [Parameters=[], CommandType='Text', CommandTimeout='30']
SELECT "j"."JourneyId", "j"."AgvId", "j"."AgvLifecycleGeneration", "j"."AreaEndAdmissionRevokedSince", "j"."BlockReasonCode", "j"."BlockReasonSince", "j"."CargoHoldingStartedAt", "j"."ConsumedSafetyResultMessageId", "j"."ConsumedSublotMessageId", "j"."CreatedAt", "j"."DemandId", "j"."DispatchGeneration", "j"."DispatchZone", "j"."ExpectedBasketCount", "j"."FullSlotPositionsJson", "j"."GateMovementLegId", "j"."GatePlanMessageId", "j"."GateStationId", "j"."GateStationRiotId", "j"."GateUpperId", "j"."GateVehicleBusinessMessageId", "j"."GateWorklistMessageId", "j"."LoadCommandMessageId", "j"."LoadSlotOperationAttemptId", "j"."LoadingClosedReason", "j"."LoadingPhaseState", "j"."MapId", "j"."MapIdentity", "j"."OperationSessionId", "j"."PickupMovementLegId", "j"."PickupStationId", "j"."PickupStationRiotId", "j"."PickupUpperId", "j"."PlanMessageId", "j"."PlanRevision", "j"."PreDepartureSafetyCheckId", "j"."PreDepartureSafetyCheckMessageId", "j"."RouteEvidenceId", "j"."Stage", "j"."StationDepartureWaitStartedAt", "j"."SublotRequestMessageId", "j"."TargetSlotsJson", "j"."UnloadCommandMessageId", "j"."UnloadSlotOperationAttemptId", "j"."UpdatedAt", "j"."VehicleBusinessMessageId", "j"."VehicleBusinessRevision", "j"."VehicleKey", "j"."WorklistMessageId", "j"."WorklistRevision", "j"."YieldTriggeredAt", "j"."YieldTriggeredByVehicleKey"
FROM "JourneyRuntimes" AS "j"
WHERE "j"."Stage" <> 'Completed'
[08:03:26 INF] Executed DbCommand (0ms) [Parameters=[], CommandType='Text', CommandTimeout='30']
SELECT "a"."DemandId"
FROM "AcceptedDemands" AS "a"
WHERE "a"."Status" NOT IN ('Succeeded', 'Cancelled')
[08:03:26 INF] Executed DbCommand (0ms) [Parameters=[], CommandType='Text', CommandTimeout='30']
SELECT "j"."DemandId"
FROM "JourneyRuntimes" AS "j"
[08:03:26 INF] Start processing HTTP request GET http://127.0.0.1:48409/api/v2/contract
[08:03:26 INF] Sending HTTP request GET http://127.0.0.1:48409/api/v2/contract
[08:03:26 INF] Received HTTP response headers after 1.2007ms - 200
[08:03:26 INF] End processing HTTP request after 27.3601ms - 200
[08:03:26 INF] Start processing HTTP request GET http://127.0.0.1:48409/api/v2/externally-readable-demand-catalog
[08:03:26 INF] Sending HTTP request GET http://127.0.0.1:48409/api/v2/externally-readable-demand-catalog
[08:03:26 INF] Received HTTP response headers after 1.2533ms - 200
[08:03:26 INF] End processing HTTP request after 17.8693ms - 200
[08:03:27 INF] Executed DbCommand (0ms) [Parameters=[], CommandType='Text', CommandTimeout='30']
SELECT "j"."DemandId", "j"."AcceptedAt", "j"."DecisionFingerprint", "j"."DemandCreatedAt", "j"."FirstSeenAt", "j"."LastSeenAt", "j"."ReasonCode", "j"."StarvationEscalatedAt", "j"."StarvationEscalationParameterVersion", "j"."TransportDemandKey"
FROM "JourneyBacklog" AS "j"
[08:03:27 INF] Executed DbCommand (0ms) [Parameters=[], CommandType='Text', CommandTimeout='30']
SELECT "a"."DemandId"
FROM "AcceptedDemands" AS "a"
[08:03:27 INF] Executed DbCommand (0ms) [Parameters=[], CommandType='Text', CommandTimeout='30']
SELECT "v"."AgvId", "v"."TaskType", "v"."Allowed", "v"."ConfigurationVersion", "v"."UpdatedAt"
FROM "VehicleTaskTypeAdmissions" AS "v"
[08:03:27 INF] Executed DbCommand (0ms) [Parameters=[], CommandType='Text', CommandTimeout='30']
SELECT "v"."AgvId", "v"."ConfigurationVersion", "v"."RoundTimeoutMilliseconds", "v"."UpdatedAt"
FROM "VehicleDispatchBudgets" AS "v"
[08:03:27 INF] Executed DbCommand (0ms) [Parameters=[], CommandType='Text', CommandTimeout='30']
SELECT "d"."Zone", "d"."AgvId", "d"."ConfigurationVersion", "d"."UpdatedAt"
FROM "DispatchZoneVehicles" AS "d"
[08:03:27 INF] Executed DbCommand (0ms) [Parameters=[], CommandType='Text', CommandTimeout='30']
SELECT MAX("d"."Version")
FROM "DispatchZoneAreaAssignmentVersions" AS "d"
[08:03:27 INF] Executed DbCommand (0ms) [Parameters=[@__agvId_0='?' (Size = 10)], CommandType='Text', CommandTimeout='30']
SELECT "a"."SlotModelVersionId", "a"."SnapshotId"
FROM "ActiveSlotConfigurations" AS "a"
WHERE "a"."AgvId" = @__agvId_0
LIMIT 2
[08:03:27 INF] Executed DbCommand (0ms) [Parameters=[@__agvId_0='?' (Size = 10)], CommandType='Text', CommandTimeout='30']
SELECT "s"."SlotModelVersionId", "s"."CreatedAt"
FROM "SlotIoBindings" AS "s"
WHERE "s"."AgvId" = @__agvId_0 AND "s"."Status" = 'PUBLISHED'
[08:03:27 INF] Executed DbCommand (0ms) [Parameters=[@__agvId_0='?' (Size = 10)], CommandType='Text', CommandTimeout='30']
SELECT "s"."AgvId", "s"."ActiveUnlockSlotsJson", "s"."CapabilityHash", "s"."CapabilityRevision", "s"."DepartureSafe", "s"."ForcedRecoveryGeneration", "s"."ManifestSha256", "s"."PendingAttemptIdsJson", "s"."PendingResultIdsJson", "s"."ProfileId", "s"."ProtocolCommit", "s"."ProtocolVersion", "s"."ProvenRecoveryCheckpoint", "s"."Readiness", "s"."ReasonCode", "s"."RecoveryReportId", "s"."ReportedForcedRecoveryGeneration", "s"."ReportedSlotConfigurationFingerprint", "s"."SafetyHash", "s"."SafetyReasonCodesJson", "s"."SafetyRevision", "s"."SafetyUnknownPresent", "s"."SessionGeneration", "s"."UnsettledSlotOperationAttemptId", "s"."UpdatedAt"
FROM "SessionRecoveries" AS "s"
WHERE "s"."AgvId" = @__agvId_0 AND "s"."Readiness" = 'Ready'
LIMIT 2
[08:03:27 INF] Executed DbCommand (0ms) [Parameters=[@__messageType_0='?' (Size = 18)], CommandType='Text', CommandTimeout='30']
SELECT "p"."MessageId", "p"."ContentHash", "p"."FirstResponseJson", "p"."MessageType", "p"."ReceivedAt", "p"."RequestJson"
FROM "ProtocolInbox" AS "p"
WHERE "p"."MessageType" = @__messageType_0
[08:03:27 INF] Executed DbCommand (0ms) [Parameters=[], CommandType='Text', CommandTimeout='30']
SELECT "p"."MessageId", "p"."ContentHash", "p"."FirstResponseJson", "p"."MessageType", "p"."ReceivedAt", "p"."RequestJson"
FROM "ProtocolInbox" AS "p"
WHERE "p"."MessageType" = 'SafetyStateSnapshot'
[08:03:27 INF] Executed DbCommand (0ms) [Parameters=[], CommandType='Text', CommandTimeout='30']
SELECT "p"."MessageId", "p"."ContentHash", "p"."FirstResponseJson", "p"."MessageType", "p"."ReceivedAt", "p"."RequestJson"
FROM "ProtocolInbox" AS "p"
WHERE "p"."MessageType" IN ('SafetyStateSnapshot', 'SafetyStateChanged')
[08:03:27 INF] Executed DbCommand (0ms) [Parameters=[], CommandType='Text', CommandTimeout='30']
SELECT "p"."MessageId", "p"."ContentHash", "p"."FirstResponseJson", "p"."MessageType", "p"."ReceivedAt", "p"."RequestJson"
FROM "ProtocolInbox" AS "p"
[08:03:27 INF] Start processing HTTP request GET http://127.0.0.1:48408/api/task/vehicles/getVehicleInfoByDeviceKey?key=BROKERX-L2-0001
[08:03:27 INF] Sending HTTP request GET http://127.0.0.1:48408/api/task/vehicles/getVehicleInfoByDeviceKey?key=BROKERX-L2-0001
[08:03:27 INF] Received HTTP response headers after 0.9115ms - 200
[08:03:27 INF] End processing HTTP request after 2.466ms - 200
[08:03:27 INF] Executed DbCommand (0ms) [Parameters=[], CommandType='Text', CommandTimeout='30']
SELECT "s"."DemandId", "s"."ReasonCode", "s"."ClearedAt", "s"."DetailJson", "s"."FirstRaisedAt", "s"."LastSeenAt", "s"."TransportDemandKey"
FROM "StructuralDispatchBlocks" AS "s"
WHERE "s"."ClearedAt" IS NULL
[08:03:27 INF] Start processing HTTP request GET http://127.0.0.1:48408/api/task/v1/task/getVehicleInfo/BROKERX-L2-0001
[08:03:27 INF] Sending HTTP request GET http://127.0.0.1:48408/api/task/v1/task/getVehicleInfo/BROKERX-L2-0001
[08:03:27 INF] Received HTTP response headers after 1.2729ms - 200
[08:03:27 INF] End processing HTTP request after 4.4116ms - 200
[08:03:27 INF] Start processing HTTP request GET http://127.0.0.1:48408/api/order/v1/orderRecord?pageNum=1&pageSize=100&filterByState=1&filterByState=3&filterByState=7&filterByState=9
[08:03:27 INF] Sending HTTP request GET http://127.0.0.1:48408/api/order/v1/orderRecord?pageNum=1&pageSize=100&filterByState=1&filterByState=3&filterByState=7&filterByState=9
[08:03:27 INF] Received HTTP response headers after 1.3264ms - 200
[08:03:27 INF] End processing HTTP request after 33.1872ms - 200
[08:03:27 INF] HTTP GET /api/onboard/v1/vehicle-safety responded 200 in 79.6959 ms
[08:03:27 INF] Start processing HTTP request GET http://127.0.0.1:48408/api/imap/v1/mapInfo/stations/25
[08:03:27 INF] Sending HTTP request GET http://127.0.0.1:48408/api/imap/v1/mapInfo/stations/25
[08:03:27 INF] Received HTTP response headers after 1.503ms - 200
[08:03:27 INF] End processing HTTP request after 4.1195ms - 200
[08:03:27 INF] Executed DbCommand (0ms) [Parameters=[@__mapId_0='?' (DbType = Int32)], CommandType='Text', CommandTimeout='30']
SELECT "t"."MapId", "t"."ActiveVersion", "t"."PendingVersion", "t"."State", "t"."UpdatedAt"
FROM "TaskTypeStationActiveBindingSets" AS "t"
WHERE "t"."MapId" = @__mapId_0
LIMIT 2
[08:03:27 INF] Executed DbCommand (0ms) [Parameters=[@__mapId_0='?' (DbType = Int32), @__version_1='?' (DbType = Int64)], CommandType='Text', CommandTimeout='30']
SELECT "t"."MapId", "t"."Version", "t"."CatalogRevision", "t"."ContentSha256", "t"."LoadedAt", "t"."RuleVersion", "t"."SnapshotId", "t"."Source"
FROM "TaskTypeStationBindingSetVersions" AS "t"
WHERE "t"."MapId" = @__mapId_0 AND "t"."Version" = @__version_1
LIMIT 2
[08:03:27 INF] Executed DbCommand (0ms) [Parameters=[@__mapId_0='?' (DbType = Int32), @__version_1='?' (DbType = Int64)], CommandType='Text', CommandTimeout='30']
SELECT "t"."TaskType"
FROM "TaskTypeStationRequirements" AS "t"
WHERE "t"."MapId" = @__mapId_0 AND "t"."Version" = @__version_1
[08:03:27 INF] Executed DbCommand (0ms) [Parameters=[@__mapId_0='?' (DbType = Int32), @__version_1='?' (DbType = Int64)], CommandType='Text', CommandTimeout='30']
SELECT "t"."MapId", "t"."Version", "t"."TaskType", "t"."SiteVerificationRef", "t"."StationName", "t"."StationRiotId"
FROM "TaskTypeStationBindings" AS "t"
WHERE "t"."MapId" = @__mapId_0 AND "t"."Version" = @__version_1
[08:03:27 INF] Executed DbCommand (0ms) [Parameters=[@__version_0='?' (DbType = Int64)], CommandType='Text', CommandTimeout='30']
SELECT "t"."Version", "t"."ContentSha256", "t"."LoadedAt", "t"."SnapshotId", "t"."Source"
FROM "TaskTypeStationRuleVersions" AS "t"
WHERE "t"."Version" = @__version_0
LIMIT 2
[08:03:27 INF] Executed DbCommand (0ms) [Parameters=[@__version_0='?' (DbType = Int64)], CommandType='Text', CommandTimeout='30']
SELECT "t"."Version", "t"."TaskType", "t"."FixedEnd"
FROM "TaskTypeStationRules" AS "t"
WHERE "t"."Version" = @__version_0
[08:03:27 INF] Executed DbCommand (0ms) [Parameters=[@__mapId_0='?' (DbType = Int32)], CommandType='Text', CommandTimeout='30']
SELECT "t"."MapId", "t"."ActiveVersion", "t"."PendingVersion", "t"."State", "t"."UpdatedAt"
FROM "TaskTypeStationActiveBindingSets" AS "t"
WHERE "t"."MapId" = @__mapId_0
LIMIT 2
[08:03:27 INF] Executed DbCommand (0ms) [Parameters=[@__mapId_0='?' (DbType = Int32)], CommandType='Text', CommandTimeout='30']
SELECT "t"."HoldId", "t"."DetailJson", "t"."MapId", "t"."RaisedAt", "t"."RaisedBy", "t"."ReasonCode", "t"."ReleasedAt", "t"."ReleasedBy", "t"."Source", "t"."TaskType"
FROM "TaskTypeStationHolds" AS "t"
WHERE "t"."MapId" = @__mapId_0 AND "t"."ReleasedAt" IS NULL
[08:03:27 INF] Executed DbCommand (0ms) [Parameters=[@__mapId_0='?' (DbType = Int32)], CommandType='Text', CommandTimeout='30']
SELECT "m"."MapId", "m"."ApprovedMaxUnconfirmedSeconds", "m"."ApprovedSyncPeriodSeconds", "m"."CatalogRevision", "m"."LastAttemptAt", "m"."LastCompleteConfirmationAt", "m"."LastFailureReason", "m"."State", "m"."UpdatedAt"
FROM "MapStationCatalogStates" AS "m"
WHERE "m"."MapId" = @__mapId_0
LIMIT 2
[08:03:27 INF] Executed DbCommand (0ms) [Parameters=[@__messageId_0='?' (Size = 36)], CommandType='Text', CommandTimeout='30']
SELECT "p"."MessageId", "p"."ContentHash", "p"."FirstResponseJson", "p"."MessageType", "p"."ReceivedAt", "p"."RequestJson"
FROM "ProtocolInbox" AS "p"
WHERE "p"."MessageId" = @__messageId_0
LIMIT 2
[08:03:28 INF] Executed DbCommand (154ms) [Parameters=[@p3='?' (DbType = Int32), @p0='?' (DbType = DateTimeOffset), @p1='?' (DbType = DateTimeOffset), @p2='?' (DbType = DateTimeOffset)], CommandType='Text', CommandTimeout='30']
UPDATE "MapStationCatalogStates" SET "LastAttemptAt" = @p0, "LastCompleteConfirmationAt" = @p1, "UpdatedAt" = @p2
WHERE "MapId" = @p3
RETURNING 1;
[08:03:28 INF] Executed DbCommand (0ms) [Parameters=[@__mapId_0='?' (DbType = Int32)], CommandType='Text', CommandTimeout='30']
SELECT "t"."MapId", "t"."ActiveVersion", "t"."PendingVersion", "t"."State", "t"."UpdatedAt"
FROM "TaskTypeStationActiveBindingSets" AS "t"
WHERE "t"."MapId" = @__mapId_0
LIMIT 2
[08:03:28 INF] Executed DbCommand (0ms) [Parameters=[@__mapId_0='?' (DbType = Int32), @__version_1='?' (DbType = Int64)], CommandType='Text', CommandTimeout='30']
SELECT "t"."MapId", "t"."Version", "t"."CatalogRevision", "t"."ContentSha256", "t"."LoadedAt", "t"."RuleVersion", "t"."SnapshotId", "t"."Source"
FROM "TaskTypeStationBindingSetVersions" AS "t"
WHERE "t"."MapId" = @__mapId_0 AND "t"."Version" = @__version_1
LIMIT 2
[08:03:28 INF] Executed DbCommand (0ms) [Parameters=[@__mapId_0='?' (DbType = Int32), @__version_1='?' (DbType = Int64)], CommandType='Text', CommandTimeout='30']
SELECT "t"."TaskType"
FROM "TaskTypeStationRequirements" AS "t"
WHERE "t"."MapId" = @__mapId_0 AND "t"."Version" = @__version_1
[08:03:28 INF] Executed DbCommand (0ms) [Parameters=[@__mapId_0='?' (DbType = Int32), @__version_1='?' (DbType = Int64)], CommandType='Text', CommandTimeout='30']
SELECT "t"."MapId", "t"."Version", "t"."TaskType", "t"."SiteVerificationRef", "t"."StationName", "t"."StationRiotId"
FROM "TaskTypeStationBindings" AS "t"
WHERE "t"."MapId" = @__mapId_0 AND "t"."Version" = @__version_1
[08:03:28 INF] Executed DbCommand (0ms) [Parameters=[@__mapId_0='?' (DbType = Int32)], CommandType='Text', CommandTimeout='30']
SELECT "t"."MapId", "t"."ActiveVersion", "t"."PendingVersion", "t"."State", "t"."UpdatedAt"
FROM "TaskTypeStationActiveBindingSets" AS "t"
WHERE "t"."MapId" = @__mapId_0
LIMIT 2
[08:03:28 INF] Executed DbCommand (0ms) [Parameters=[@__mapId_0='?' (DbType = Int32), @__version_1='?' (DbType = Int64)], CommandType='Text', CommandTimeout='30']
SELECT "t"."MapId", "t"."Version", "t"."CatalogRevision", "t"."ContentSha256", "t"."LoadedAt", "t"."RuleVersion", "t"."SnapshotId", "t"."Source"
FROM "TaskTypeStationBindingSetVersions" AS "t"
WHERE "t"."MapId" = @__mapId_0 AND "t"."Version" = @__version_1
LIMIT 2
[08:03:28 INF] Executed DbCommand (0ms) [Parameters=[@__mapId_0='?' (DbType = Int32), @__version_1='?' (DbType = Int64)], CommandType='Text', CommandTimeout='30']
SELECT "t"."TaskType"
FROM "TaskTypeStationRequirements" AS "t"
WHERE "t"."MapId" = @__mapId_0 AND "t"."Version" = @__version_1
[08:03:28 INF] Executed DbCommand (0ms) [Parameters=[@__mapId_0='?' (DbType = Int32), @__version_1='?' (DbType = Int64)], CommandType='Text', CommandTimeout='30']
SELECT "t"."MapId", "t"."Version", "t"."TaskType", "t"."SiteVerificationRef", "t"."StationName", "t"."StationRiotId"
FROM "TaskTypeStationBindings" AS "t"
WHERE "t"."MapId" = @__mapId_0 AND "t"."Version" = @__version_1
[08:03:28 INF] Executed DbCommand (0ms) [Parameters=[@__version_0='?' (DbType = Int64)], CommandType='Text', CommandTimeout='30']
SELECT "t"."Version", "t"."ContentSha256", "t"."LoadedAt", "t"."SnapshotId", "t"."Source"
FROM "TaskTypeStationRuleVersions" AS "t"
WHERE "t"."Version" = @__version_0
LIMIT 2
[08:03:28 INF] Executed DbCommand (0ms) [Parameters=[@__version_0='?' (DbType = Int64)], CommandType='Text', CommandTimeout='30']
SELECT "t"."Version", "t"."TaskType", "t"."FixedEnd"
FROM "TaskTypeStationRules" AS "t"
WHERE "t"."Version" = @__version_0
[08:03:28 INF] Executed DbCommand (0ms) [Parameters=[], CommandType='Text', CommandTimeout='30']
SELECT "a"."Id", "a"."ContentHash", "a"."DeploymentId", "a"."ImportedAt", "a"."Version"
FROM "AdmissionPolicyState" AS "a"
WHERE "a"."Id" = 1
LIMIT 2
[08:03:28 INF] Executed DbCommand (0ms) [Parameters=[], CommandType='Text', CommandTimeout='30']
SELECT "j"."JourneyId", "j"."AgvId", "j"."AgvLifecycleGeneration", "j"."AreaEndAdmissionRevokedSince", "j"."BlockReasonCode", "j"."BlockReasonSince", "j"."CargoHoldingStartedAt", "j"."ConsumedSafetyResultMessageId", "j"."ConsumedSublotMessageId", "j"."CreatedAt", "j"."DemandId", "j"."DispatchGeneration", "j"."DispatchZone", "j"."ExpectedBasketCount", "j"."FullSlotPositionsJson", "j"."GateMovementLegId", "j"."GatePlanMessageId", "j"."GateStationId", "j"."GateStationRiotId", "j"."GateUpperId", "j"."GateVehicleBusinessMessageId", "j"."GateWorklistMessageId", "j"."LoadCommandMessageId", "j"."LoadSlotOperationAttemptId", "j"."LoadingClosedReason", "j"."LoadingPhaseState", "j"."MapId", "j"."MapIdentity", "j"."OperationSessionId", "j"."PickupMovementLegId", "j"."PickupStationId", "j"."PickupStationRiotId", "j"."PickupUpperId", "j"."PlanMessageId", "j"."PlanRevision", "j"."PreDepartureSafetyCheckId", "j"."PreDepartureSafetyCheckMessageId", "j"."RouteEvidenceId", "j"."Stage", "j"."StationDepartureWaitStartedAt", "j"."SublotRequestMessageId", "j"."TargetSlotsJson", "j"."UnloadCommandMessageId", "j"."UnloadSlotOperationAttemptId", "j"."UpdatedAt", "j"."VehicleBusinessMessageId", "j"."VehicleBusinessRevision", "j"."VehicleKey", "j"."WorklistMessageId", "j"."WorklistRevision", "j"."YieldTriggeredAt", "j"."YieldTriggeredByVehicleKey"
FROM "JourneyRuntimes" AS "j"
WHERE "j"."Stage" <> 'Completed'
[08:03:28 INF] Executed DbCommand (0ms) [Parameters=[], CommandType='Text', CommandTimeout='30']
SELECT "a"."DemandId"
FROM "AcceptedDemands" AS "a"
WHERE "a"."Status" NOT IN ('Succeeded', 'Cancelled')
[08:03:28 INF] Executed DbCommand (0ms) [Parameters=[], CommandType='Text', CommandTimeout='30']
SELECT "j"."DemandId"
FROM "JourneyRuntimes" AS "j"
[08:03:28 INF] Start processing HTTP request GET http://127.0.0.1:48409/api/v2/contract
[08:03:28 INF] Sending HTTP request GET http://127.0.0.1:48409/api/v2/contract
[08:03:28 INF] Received HTTP response headers after 1.13ms - 200
[08:03:28 INF] End processing HTTP request after 24.0989ms - 200
[08:03:28 INF] Start processing HTTP request GET http://127.0.0.1:48409/api/v2/externally-readable-demand-catalog
[08:03:28 INF] Executed DbCommand (0ms) [Parameters=[@p0='?' (Size = 36), @p1='?' (Size = 64), @p2='?' (Size = 536), @p3='?' (Size = 9), @p4='?' (DbType = DateTimeOffset), @p5='?' (Size = 427)], CommandType='Text', CommandTimeout='30']
INSERT INTO "ProtocolInbox" ("MessageId", "ContentHash", "FirstResponseJson", "MessageType", "ReceivedAt", "RequestJson")
VALUES (@p0, @p1, @p2, @p3, @p4, @p5);
[08:03:28 INF] Sending HTTP request GET http://127.0.0.1:48409/api/v2/externally-readable-demand-catalog
[08:03:28 INF] Start processing HTTP request GET http://127.0.0.1:48408/api/task/v1/task/getVehicleInfo/BROKERX-L2-0001
[08:03:28 INF] Received HTTP response headers after 1.2978ms - 200
[08:03:28 INF] Sending HTTP request GET http://127.0.0.1:48408/api/task/v1/task/getVehicleInfo/BROKERX-L2-0001
[08:03:28 INF] End processing HTTP request after 95.1433ms - 200
[08:03:28 INF] Received HTTP response headers after 1.1124ms - 200
[08:03:28 INF] Executed DbCommand (0ms) [Parameters=[], CommandType='Text', CommandTimeout='30']
SELECT "j"."DemandId", "j"."AcceptedAt", "j"."DecisionFingerprint", "j"."DemandCreatedAt", "j"."FirstSeenAt", "j"."LastSeenAt", "j"."ReasonCode", "j"."StarvationEscalatedAt", "j"."StarvationEscalationParameterVersion", "j"."TransportDemandKey"
FROM "JourneyBacklog" AS "j"
[08:03:28 INF] End processing HTTP request after 62.0788ms - 200
[08:03:28 INF] Executed DbCommand (0ms) [Parameters=[], CommandType='Text', CommandTimeout='30']
SELECT "a"."DemandId"
FROM "AcceptedDemands" AS "a"
[08:03:28 INF] Start processing HTTP request GET http://127.0.0.1:48408/api/order/v1/orderRecord?pageNum=1&pageSize=100&filterByState=1&filterByState=3&filterByState=7&filterByState=9
[08:03:28 INF] Executed DbCommand (0ms) [Parameters=[], CommandType='Text', CommandTimeout='30']
SELECT "v"."AgvId", "v"."TaskType", "v"."Allowed", "v"."ConfigurationVersion", "v"."UpdatedAt"
FROM "VehicleTaskTypeAdmissions" AS "v"
[08:03:28 INF] Sending HTTP request GET http://127.0.0.1:48408/api/order/v1/orderRecord?pageNum=1&pageSize=100&filterByState=1&filterByState=3&filterByState=7&filterByState=9
[08:03:28 INF] Executed DbCommand (0ms) [Parameters=[], CommandType='Text', CommandTimeout='30']
SELECT "v"."AgvId", "v"."ConfigurationVersion", "v"."RoundTimeoutMilliseconds", "v"."UpdatedAt"
FROM "VehicleDispatchBudgets" AS "v"
[08:03:28 INF] Executed DbCommand (0ms) [Parameters=[], CommandType='Text', CommandTimeout='30']
SELECT "d"."Zone", "d"."AgvId", "d"."ConfigurationVersion", "d"."UpdatedAt"
FROM "DispatchZoneVehicles" AS "d"
[08:03:28 INF] Received HTTP response headers after 1.2422ms - 200
[08:03:28 INF] Executed DbCommand (0ms) [Parameters=[], CommandType='Text', CommandTimeout='30']
SELECT MAX("d"."Version")
FROM "DispatchZoneAreaAssignmentVersions" AS "d"
[08:03:28 INF] End processing HTTP request after 46.3517ms - 200
[08:03:28 INF] Executed DbCommand (0ms) [Parameters=[@__agvId_0='?' (Size = 10)], CommandType='Text', CommandTimeout='30']
SELECT "a"."SlotModelVersionId", "a"."SnapshotId"
FROM "ActiveSlotConfigurations" AS "a"
WHERE "a"."AgvId" = @__agvId_0
LIMIT 2
[08:03:28 INF] HTTP GET /api/onboard/v1/vehicle-safety responded 200 in 189.3041 ms
[08:03:28 INF] Executed DbCommand (0ms) [Parameters=[@__agvId_0='?' (Size = 10)], CommandType='Text', CommandTimeout='30']
SELECT "s"."SlotModelVersionId", "s"."CreatedAt"
FROM "SlotIoBindings" AS "s"
WHERE "s"."AgvId" = @__agvId_0 AND "s"."Status" = 'PUBLISHED'
[08:03:28 INF] Executed DbCommand (0ms) [Parameters=[@__slotModelVersionId_0='?' (Size = 32)], CommandType='Text', CommandTimeout='30']
SELECT "s"."SlotModelVersionId", "s"."PhysicalSlotNumber", "s"."SlotPosition", "s"."SlotTemplateId"
FROM "SlotModelSlots" AS "s"
WHERE "s"."SlotModelVersionId" = @__slotModelVersionId_0
[08:03:28 INF] Executed DbCommand (0ms) [Parameters=[@__agvId_0='?' (Size = 10)], CommandType='Text', CommandTimeout='30']
SELECT "s"."AgvId", "s"."ActiveUnlockSlotsJson", "s"."CapabilityHash", "s"."CapabilityRevision", "s"."DepartureSafe", "s"."ForcedRecoveryGeneration", "s"."ManifestSha256", "s"."PendingAttemptIdsJson", "s"."PendingResultIdsJson", "s"."ProfileId", "s"."ProtocolCommit", "s"."ProtocolVersion", "s"."ProvenRecoveryCheckpoint", "s"."Readiness", "s"."ReasonCode", "s"."RecoveryReportId", "s"."ReportedForcedRecoveryGeneration", "s"."ReportedSlotConfigurationFingerprint", "s"."SafetyHash", "s"."SafetyReasonCodesJson", "s"."SafetyRevision", "s"."SafetyUnknownPresent", "s"."SessionGeneration", "s"."UnsettledSlotOperationAttemptId", "s"."UpdatedAt"
FROM "SessionRecoveries" AS "s"
WHERE "s"."AgvId" = @__agvId_0 AND "s"."Readiness" = 'Ready'
LIMIT 2
[08:03:28 INF] Executed DbCommand (0ms) [Parameters=[@__messageType_0='?' (Size = 18)], CommandType='Text', CommandTimeout='30']
SELECT "p"."MessageId", "p"."ContentHash", "p"."FirstResponseJson", "p"."MessageType", "p"."ReceivedAt", "p"."RequestJson"
FROM "ProtocolInbox" AS "p"
WHERE "p"."MessageType" = @__messageType_0
[08:03:28 INF] Executed DbCommand (0ms) [Parameters=[], CommandType='Text', CommandTimeout='30']
SELECT "p"."MessageId", "p"."ContentHash", "p"."FirstResponseJson", "p"."MessageType", "p"."ReceivedAt", "p"."RequestJson"
FROM "ProtocolInbox" AS "p"
WHERE "p"."MessageType" = 'SafetyStateSnapshot'
[08:03:28 INF] Executed DbCommand (0ms) [Parameters=[], CommandType='Text', CommandTimeout='30']
SELECT "p"."MessageId", "p"."ContentHash", "p"."FirstResponseJson", "p"."MessageType", "p"."ReceivedAt", "p"."RequestJson"
FROM "ProtocolInbox" AS "p"
WHERE "p"."MessageType" IN ('SafetyStateSnapshot', 'SafetyStateChanged')
[08:03:28 INF] Executed DbCommand (0ms) [Parameters=[], CommandType='Text', CommandTimeout='30']
SELECT "p"."MessageId", "p"."ContentHash", "p"."FirstResponseJson", "p"."MessageType", "p"."ReceivedAt", "p"."RequestJson"
FROM "ProtocolInbox" AS "p"
[08:03:28 INF] Start processing HTTP request GET http://127.0.0.1:48408/api/task/vehicles/getVehicleInfoByDeviceKey?key=BROKERX-L2-0001
[08:03:28 INF] Sending HTTP request GET http://127.0.0.1:48408/api/task/vehicles/getVehicleInfoByDeviceKey?key=BROKERX-L2-0001
[08:03:28 INF] Received HTTP response headers after 1.2029ms - 200
[08:03:28 INF] End processing HTTP request after 2.4597ms - 200
[08:03:28 INF] Executed DbCommand (0ms) [Parameters=[], CommandType='Text', CommandTimeout='30']
SELECT "s"."DemandId", "s"."ReasonCode", "s"."ClearedAt", "s"."DetailJson", "s"."FirstRaisedAt", "s"."LastSeenAt", "s"."TransportDemandKey"
FROM "StructuralDispatchBlocks" AS "s"
WHERE "s"."ClearedAt" IS NULL
[08:03:28 INF] Start processing HTTP request GET http://127.0.0.1:48408/api/imap/v1/mapInfo/stations/25
[08:03:28 INF] Sending HTTP request GET http://127.0.0.1:48408/api/imap/v1/mapInfo/stations/25
[08:03:28 INF] Received HTTP response headers after 1.343ms - 200
[08:03:28 INF] End processing HTTP request after 4.2749ms - 200
[08:03:28 INF] Executed DbCommand (0ms) [Parameters=[@__mapId_0='?' (DbType = Int32)], CommandType='Text', CommandTimeout='30']
SELECT "t"."MapId", "t"."ActiveVersion", "t"."PendingVersion", "t"."State", "t"."UpdatedAt"
FROM "TaskTypeStationActiveBindingSets" AS "t"
WHERE "t"."MapId" = @__mapId_0
LIMIT 2
[08:03:28 INF] Executed DbCommand (0ms) [Parameters=[@__mapId_0='?' (DbType = Int32), @__version_1='?' (DbType = Int64)], CommandType='Text', CommandTimeout='30']
SELECT "t"."MapId", "t"."Version", "t"."CatalogRevision", "t"."ContentSha256", "t"."LoadedAt", "t"."RuleVersion", "t"."SnapshotId", "t"."Source"
FROM "TaskTypeStationBindingSetVersions" AS "t"
WHERE "t"."MapId" = @__mapId_0 AND "t"."Version" = @__version_1
LIMIT 2
[08:03:28 INF] Executed DbCommand (0ms) [Parameters=[@__mapId_0='?' (DbType = Int32), @__version_1='?' (DbType = Int64)], CommandType='Text', CommandTimeout='30']
SELECT "t"."TaskType"
FROM "TaskTypeStationRequirements" AS "t"
WHERE "t"."MapId" = @__mapId_0 AND "t"."Version" = @__version_1
[08:03:28 INF] Executed DbCommand (0ms) [Parameters=[@__mapId_0='?' (DbType = Int32), @__version_1='?' (DbType = Int64)], CommandType='Text', CommandTimeout='30']
SELECT "t"."MapId", "t"."Version", "t"."TaskType", "t"."SiteVerificationRef", "t"."StationName", "t"."StationRiotId"
FROM "TaskTypeStationBindings" AS "t"
WHERE "t"."MapId" = @__mapId_0 AND "t"."Version" = @__version_1
[08:03:28 INF] Executed DbCommand (0ms) [Parameters=[@__version_0='?' (DbType = Int64)], CommandType='Text', CommandTimeout='30']
SELECT "t"."Version", "t"."ContentSha256", "t"."LoadedAt", "t"."SnapshotId", "t"."Source"
FROM "TaskTypeStationRuleVersions" AS "t"
WHERE "t"."Version" = @__version_0
LIMIT 2
[08:03:28 INF] Executed DbCommand (0ms) [Parameters=[@__version_0='?' (DbType = Int64)], CommandType='Text', CommandTimeout='30']
SELECT "t"."Version", "t"."TaskType", "t"."FixedEnd"
FROM "TaskTypeStationRules" AS "t"
WHERE "t"."Version" = @__version_0
[08:03:28 INF] Executed DbCommand (0ms) [Parameters=[@__mapId_0='?' (DbType = Int32)], CommandType='Text', CommandTimeout='30']
SELECT "t"."MapId", "t"."ActiveVersion", "t"."PendingVersion", "t"."State", "t"."UpdatedAt"
FROM "TaskTypeStationActiveBindingSets" AS "t"
WHERE "t"."MapId" = @__mapId_0
LIMIT 2
[08:03:28 INF] Executed DbCommand (0ms) [Parameters=[@__mapId_0='?' (DbType = Int32)], CommandType='Text', CommandTimeout='30']
SELECT "t"."HoldId", "t"."DetailJson", "t"."MapId", "t"."RaisedAt", "t"."RaisedBy", "t"."ReasonCode", "t"."ReleasedAt", "t"."ReleasedBy", "t"."Source", "t"."TaskType"
FROM "TaskTypeStationHolds" AS "t"
WHERE "t"."MapId" = @__mapId_0 AND "t"."ReleasedAt" IS NULL
[08:03:28 INF] Executed DbCommand (0ms) [Parameters=[@__mapId_0='?' (DbType = Int32)], CommandType='Text', CommandTimeout='30']
SELECT "m"."MapId", "m"."ApprovedMaxUnconfirmedSeconds", "m"."ApprovedSyncPeriodSeconds", "m"."CatalogRevision", "m"."LastAttemptAt", "m"."LastCompleteConfirmationAt", "m"."LastFailureReason", "m"."State", "m"."UpdatedAt"
FROM "MapStationCatalogStates" AS "m"
WHERE "m"."MapId" = @__mapId_0
LIMIT 2
[08:03:28 INF] Executed DbCommand (0ms) [Parameters=[@p3='?' (DbType = Int32), @p0='?' (DbType = DateTimeOffset), @p1='?' (DbType = DateTimeOffset), @p2='?' (DbType = DateTimeOffset)], CommandType='Text', CommandTimeout='30']
UPDATE "MapStationCatalogStates" SET "LastAttemptAt" = @p0, "LastCompleteConfirmationAt" = @p1, "UpdatedAt" = @p2
WHERE "MapId" = @p3
RETURNING 1;
[08:03:28 INF] Executed DbCommand (0ms) [Parameters=[@__mapId_0='?' (DbType = Int32)], CommandType='Text', CommandTimeout='30']
SELECT "t"."MapId", "t"."ActiveVersion", "t"."PendingVersion", "t"."State", "t"."UpdatedAt"
FROM "TaskTypeStationActiveBindingSets" AS "t"
WHERE "t"."MapId" = @__mapId_0
LIMIT 2
[08:03:28 INF] Executed DbCommand (0ms) [Parameters=[@__mapId_0='?' (DbType = Int32), @__version_1='?' (DbType = Int64)], CommandType='Text', CommandTimeout='30']
SELECT "t"."MapId", "t"."Version", "t"."CatalogRevision", "t"."ContentSha256", "t"."LoadedAt", "t"."RuleVersion", "t"."SnapshotId", "t"."Source"
FROM "TaskTypeStationBindingSetVersions" AS "t"
WHERE "t"."MapId" = @__mapId_0 AND "t"."Version" = @__version_1
LIMIT 2
[08:03:28 INF] Executed DbCommand (0ms) [Parameters=[@__mapId_0='?' (DbType = Int32), @__version_1='?' (DbType = Int64)], CommandType='Text', CommandTimeout='30']
SELECT "t"."TaskType"
FROM "TaskTypeStationRequirements" AS "t"
WHERE "t"."MapId" = @__mapId_0 AND "t"."Version" = @__version_1
[08:03:28 INF] Executed DbCommand (0ms) [Parameters=[@__mapId_0='?' (DbType = Int32), @__version_1='?' (DbType = Int64)], CommandType='Text', CommandTimeout='30']
SELECT "t"."MapId", "t"."Version", "t"."TaskType", "t"."SiteVerificationRef", "t"."StationName", "t"."StationRiotId"
FROM "TaskTypeStationBindings" AS "t"
WHERE "t"."MapId" = @__mapId_0 AND "t"."Version" = @__version_1
[08:03:28 INF] Executed DbCommand (0ms) [Parameters=[@__mapId_0='?' (DbType = Int32)], CommandType='Text', CommandTimeout='30']
SELECT "t"."MapId", "t"."ActiveVersion", "t"."PendingVersion", "t"."State", "t"."UpdatedAt"
FROM "TaskTypeStationActiveBindingSets" AS "t"
WHERE "t"."MapId" = @__mapId_0
LIMIT 2
[08:03:28 INF] Executed DbCommand (0ms) [Parameters=[@__mapId_0='?' (DbType = Int32), @__version_1='?' (DbType = Int64)], CommandType='Text', CommandTimeout='30']
SELECT "t"."MapId", "t"."Version", "t"."CatalogRevision", "t"."ContentSha256", "t"."LoadedAt", "t"."RuleVersion", "t"."SnapshotId", "t"."Source"
FROM "TaskTypeStationBindingSetVersions" AS "t"
WHERE "t"."MapId" = @__mapId_0 AND "t"."Version" = @__version_1
LIMIT 2
[08:03:28 INF] Executed DbCommand (0ms) [Parameters=[@__mapId_0='?' (DbType = Int32), @__version_1='?' (DbType = Int64)], CommandType='Text', CommandTimeout='30']
SELECT "t"."TaskType"
FROM "TaskTypeStationRequirements" AS "t"
WHERE "t"."MapId" = @__mapId_0 AND "t"."Version" = @__version_1
[08:03:28 INF] Executed DbCommand (0ms) [Parameters=[@__mapId_0='?' (DbType = Int32), @__version_1='?' (DbType = Int64)], CommandType='Text', CommandTimeout='30']
SELECT "t"."MapId", "t"."Version", "t"."TaskType", "t"."SiteVerificationRef", "t"."StationName", "t"."StationRiotId"
FROM "TaskTypeStationBindings" AS "t"
WHERE "t"."MapId" = @__mapId_0 AND "t"."Version" = @__version_1
[08:03:28 INF] Executed DbCommand (0ms) [Parameters=[@__version_0='?' (DbType = Int64)], CommandType='Text', CommandTimeout='30']
SELECT "t"."Version", "t"."ContentSha256", "t"."LoadedAt", "t"."SnapshotId", "t"."Source"
FROM "TaskTypeStationRuleVersions" AS "t"
WHERE "t"."Version" = @__version_0
LIMIT 2
[08:03:28 INF] Executed DbCommand (0ms) [Parameters=[@__version_0='?' (DbType = Int64)], CommandType='Text', CommandTimeout='30']
SELECT "t"."Version", "t"."TaskType", "t"."FixedEnd"
FROM "TaskTypeStationRules" AS "t"
WHERE "t"."Version" = @__version_0
[08:03:28 INF] Executed DbCommand (0ms) [Parameters=[], CommandType='Text', CommandTimeout='30']
SELECT "a"."Id", "a"."ContentHash", "a"."DeploymentId", "a"."ImportedAt", "a"."Version"
FROM "AdmissionPolicyState" AS "a"
WHERE "a"."Id" = 1
LIMIT 2
[08:03:28 INF] Executed DbCommand (0ms) [Parameters=[], CommandType='Text', CommandTimeout='30']
SELECT "j"."JourneyId", "j"."AgvId", "j"."AgvLifecycleGeneration", "j"."AreaEndAdmissionRevokedSince", "j"."BlockReasonCode", "j"."BlockReasonSince", "j"."CargoHoldingStartedAt", "j"."ConsumedSafetyResultMessageId", "j"."ConsumedSublotMessageId", "j"."CreatedAt", "j"."DemandId", "j"."DispatchGeneration", "j"."DispatchZone", "j"."ExpectedBasketCount", "j"."FullSlotPositionsJson", "j"."GateMovementLegId", "j"."GatePlanMessageId", "j"."GateStationId", "j"."GateStationRiotId", "j"."GateUpperId", "j"."GateVehicleBusinessMessageId", "j"."GateWorklistMessageId", "j"."LoadCommandMessageId", "j"."LoadSlotOperationAttemptId", "j"."LoadingClosedReason", "j"."LoadingPhaseState", "j"."MapId", "j"."MapIdentity", "j"."OperationSessionId", "j"."PickupMovementLegId", "j"."PickupStationId", "j"."PickupStationRiotId", "j"."PickupUpperId", "j"."PlanMessageId", "j"."PlanRevision", "j"."PreDepartureSafetyCheckId", "j"."PreDepartureSafetyCheckMessageId", "j"."RouteEvidenceId", "j"."Stage", "j"."StationDepartureWaitStartedAt", "j"."SublotRequestMessageId", "j"."TargetSlotsJson", "j"."UnloadCommandMessageId", "j"."UnloadSlotOperationAttemptId", "j"."UpdatedAt", "j"."VehicleBusinessMessageId", "j"."VehicleBusinessRevision", "j"."VehicleKey", "j"."WorklistMessageId", "j"."WorklistRevision", "j"."YieldTriggeredAt", "j"."YieldTriggeredByVehicleKey"
FROM "JourneyRuntimes" AS "j"
WHERE "j"."Stage" <> 'Completed'
[08:03:28 INF] Executed DbCommand (0ms) [Parameters=[], CommandType='Text', CommandTimeout='30']
SELECT "a"."DemandId"
FROM "AcceptedDemands" AS "a"
WHERE "a"."Status" NOT IN ('Succeeded', 'Cancelled')
[08:03:28 INF] Executed DbCommand (0ms) [Parameters=[], CommandType='Text', CommandTimeout='30']
SELECT "j"."DemandId"
FROM "JourneyRuntimes" AS "j"
[08:03:28 INF] Start processing HTTP request GET http://127.0.0.1:48409/api/v2/contract
[08:03:28 INF] Sending HTTP request GET http://127.0.0.1:48409/api/v2/contract
[08:03:28 INF] Received HTTP response headers after 1.2097ms - 200
[08:03:28 INF] End processing HTTP request after 19.2695ms - 200
[08:03:28 INF] Start processing HTTP request GET http://127.0.0.1:48409/api/v2/externally-readable-demand-catalog
[08:03:28 INF] Sending HTTP request GET http://127.0.0.1:48409/api/v2/externally-readable-demand-catalog
[08:03:28 INF] Received HTTP response headers after 1.0015ms - 200
[08:03:28 INF] End processing HTTP request after 31.9311ms - 200
[08:03:28 INF] Executed DbCommand (0ms) [Parameters=[], CommandType='Text', CommandTimeout='30']
SELECT "j"."DemandId", "j"."AcceptedAt", "j"."DecisionFingerprint", "j"."DemandCreatedAt", "j"."FirstSeenAt", "j"."LastSeenAt", "j"."ReasonCode", "j"."StarvationEscalatedAt", "j"."StarvationEscalationParameterVersion", "j"."TransportDemandKey"
FROM "JourneyBacklog" AS "j"
[08:03:29 INF] Executed DbCommand (0ms) [Parameters=[], CommandType='Text', CommandTimeout='30']
SELECT "a"."DemandId"
FROM "AcceptedDemands" AS "a"
[08:03:29 INF] Executed DbCommand (0ms) [Parameters=[], CommandType='Text', CommandTimeout='30']
SELECT "v"."AgvId", "v"."TaskType", "v"."Allowed", "v"."ConfigurationVersion", "v"."UpdatedAt"
FROM "VehicleTaskTypeAdmissions" AS "v"
[08:03:29 INF] Executed DbCommand (0ms) [Parameters=[], CommandType='Text', CommandTimeout='30']
SELECT "v"."AgvId", "v"."ConfigurationVersion", "v"."RoundTimeoutMilliseconds", "v"."UpdatedAt"
FROM "VehicleDispatchBudgets" AS "v"
[08:03:29 INF] Executed DbCommand (0ms) [Parameters=[], CommandType='Text', CommandTimeout='30']
SELECT "d"."Zone", "d"."AgvId", "d"."ConfigurationVersion", "d"."UpdatedAt"
FROM "DispatchZoneVehicles" AS "d"
[08:03:29 INF] Executed DbCommand (0ms) [Parameters=[], CommandType='Text', CommandTimeout='30']
SELECT MAX("d"."Version")
FROM "DispatchZoneAreaAssignmentVersions" AS "d"
[08:03:29 INF] Executed DbCommand (0ms) [Parameters=[@__agvId_0='?' (Size = 10)], CommandType='Text', CommandTimeout='30']
SELECT "a"."SlotModelVersionId", "a"."SnapshotId"
FROM "ActiveSlotConfigurations" AS "a"
WHERE "a"."AgvId" = @__agvId_0
LIMIT 2
[08:03:29 INF] Executed DbCommand (0ms) [Parameters=[@__agvId_0='?' (Size = 10)], CommandType='Text', CommandTimeout='30']
SELECT "s"."SlotModelVersionId", "s"."CreatedAt"
FROM "SlotIoBindings" AS "s"
WHERE "s"."AgvId" = @__agvId_0 AND "s"."Status" = 'PUBLISHED'
[08:03:29 INF] Executed DbCommand (0ms) [Parameters=[@__slotModelVersionId_0='?' (Size = 32)], CommandType='Text', CommandTimeout='30']
SELECT "s"."SlotModelVersionId", "s"."PhysicalSlotNumber", "s"."SlotPosition", "s"."SlotTemplateId"
FROM "SlotModelSlots" AS "s"
WHERE "s"."SlotModelVersionId" = @__slotModelVersionId_0
[08:03:29 INF] Executed DbCommand (0ms) [Parameters=[@__agvId_0='?' (Size = 10)], CommandType='Text', CommandTimeout='30']
SELECT "s"."AgvId", "s"."ActiveUnlockSlotsJson", "s"."CapabilityHash", "s"."CapabilityRevision", "s"."DepartureSafe", "s"."ForcedRecoveryGeneration", "s"."ManifestSha256", "s"."PendingAttemptIdsJson", "s"."PendingResultIdsJson", "s"."ProfileId", "s"."ProtocolCommit", "s"."ProtocolVersion", "s"."ProvenRecoveryCheckpoint", "s"."Readiness", "s"."ReasonCode", "s"."RecoveryReportId", "s"."ReportedForcedRecoveryGeneration", "s"."ReportedSlotConfigurationFingerprint", "s"."SafetyHash", "s"."SafetyReasonCodesJson", "s"."SafetyRevision", "s"."SafetyUnknownPresent", "s"."SessionGeneration", "s"."UnsettledSlotOperationAttemptId", "s"."UpdatedAt"
FROM "SessionRecoveries" AS "s"
WHERE "s"."AgvId" = @__agvId_0 AND "s"."Readiness" = 'Ready'
LIMIT 2
[08:03:29 INF] Executed DbCommand (0ms) [Parameters=[@__messageType_0='?' (Size = 18)], CommandType='Text', CommandTimeout='30']
SELECT "p"."MessageId", "p"."ContentHash", "p"."FirstResponseJson", "p"."MessageType", "p"."ReceivedAt", "p"."RequestJson"
FROM "ProtocolInbox" AS "p"
WHERE "p"."MessageType" = @__messageType_0
[08:03:29 INF] Executed DbCommand (0ms) [Parameters=[], CommandType='Text', CommandTimeout='30']
SELECT "p"."MessageId", "p"."ContentHash", "p"."FirstResponseJson", "p"."MessageType", "p"."ReceivedAt", "p"."RequestJson"
FROM "ProtocolInbox" AS "p"
WHERE "p"."MessageType" = 'SafetyStateSnapshot'
[08:03:29 INF] Executed DbCommand (0ms) [Parameters=[], CommandType='Text', CommandTimeout='30']
SELECT "p"."MessageId", "p"."ContentHash", "p"."FirstResponseJson", "p"."MessageType", "p"."ReceivedAt", "p"."RequestJson"
FROM "ProtocolInbox" AS "p"
WHERE "p"."MessageType" IN ('SafetyStateSnapshot', 'SafetyStateChanged')
[08:03:29 INF] Executed DbCommand (0ms) [Parameters=[], CommandType='Text', CommandTimeout='30']
SELECT "p"."MessageId", "p"."ContentHash", "p"."FirstResponseJson", "p"."MessageType", "p"."ReceivedAt", "p"."RequestJson"
FROM "ProtocolInbox" AS "p"
[08:03:29 INF] Start processing HTTP request GET http://127.0.0.1:48408/api/task/vehicles/getVehicleInfoByDeviceKey?key=BROKERX-L2-0001
[08:03:29 INF] Sending HTTP request GET http://127.0.0.1:48408/api/task/vehicles/getVehicleInfoByDeviceKey?key=BROKERX-L2-0001
[08:03:29 INF] Received HTTP response headers after 0.9748ms - 200
[08:03:29 INF] End processing HTTP request after 2.9319ms - 200
[08:03:29 INF] Executed DbCommand (0ms) [Parameters=[], CommandType='Text', CommandTimeout='30']
SELECT "s"."DemandId", "s"."ReasonCode", "s"."ClearedAt", "s"."DetailJson", "s"."FirstRaisedAt", "s"."LastSeenAt", "s"."TransportDemandKey"
FROM "StructuralDispatchBlocks" AS "s"
WHERE "s"."ClearedAt" IS NULL
[08:03:29 INF] Start processing HTTP request GET http://127.0.0.1:48408/api/task/v1/task/getVehicleInfo/BROKERX-L2-0001
[08:03:29 INF] Sending HTTP request GET http://127.0.0.1:48408/api/task/v1/task/getVehicleInfo/BROKERX-L2-0001
[08:03:29 INF] Received HTTP response headers after 1.1202ms - 200
[08:03:29 INF] End processing HTTP request after 4.1447ms - 200
[08:03:29 INF] Start processing HTTP request GET http://127.0.0.1:48408/api/order/v1/orderRecord?pageNum=1&pageSize=100&filterByState=1&filterByState=3&filterByState=7&filterByState=9
[08:03:29 INF] Sending HTTP request GET http://127.0.0.1:48408/api/order/v1/orderRecord?pageNum=1&pageSize=100&filterByState=1&filterByState=3&filterByState=7&filterByState=9
[08:03:29 INF] Received HTTP response headers after 1.0085ms - 200
[08:03:29 INF] End processing HTTP request after 17.3578ms - 200
[08:03:29 INF] HTTP GET /api/onboard/v1/vehicle-safety responded 200 in 47.5531 ms
[08:03:29 INF] Start processing HTTP request GET http://127.0.0.1:48408/api/imap/v1/mapInfo/stations/25
[08:03:29 INF] Sending HTTP request GET http://127.0.0.1:48408/api/imap/v1/mapInfo/stations/25
[08:03:29 INF] Received HTTP response headers after 0.9984ms - 200
[08:03:29 INF] End processing HTTP request after 15.4283ms - 200
[08:03:29 INF] Executed DbCommand (0ms) [Parameters=[@__mapId_0='?' (DbType = Int32)], CommandType='Text', CommandTimeout='30']
SELECT "t"."MapId", "t"."ActiveVersion", "t"."PendingVersion", "t"."State", "t"."UpdatedAt"
FROM "TaskTypeStationActiveBindingSets" AS "t"
WHERE "t"."MapId" = @__mapId_0
LIMIT 2
[08:03:29 INF] Executed DbCommand (0ms) [Parameters=[@__mapId_0='?' (DbType = Int32), @__version_1='?' (DbType = Int64)], CommandType='Text', CommandTimeout='30']
SELECT "t"."MapId", "t"."Version", "t"."CatalogRevision", "t"."ContentSha256", "t"."LoadedAt", "t"."RuleVersion", "t"."SnapshotId", "t"."Source"
FROM "TaskTypeStationBindingSetVersions" AS "t"
WHERE "t"."MapId" = @__mapId_0 AND "t"."Version" = @__version_1
LIMIT 2
[08:03:29 INF] Executed DbCommand (0ms) [Parameters=[@__mapId_0='?' (DbType = Int32), @__version_1='?' (DbType = Int64)], CommandType='Text', CommandTimeout='30']
SELECT "t"."TaskType"
FROM "TaskTypeStationRequirements" AS "t"
WHERE "t"."MapId" = @__mapId_0 AND "t"."Version" = @__version_1
[08:03:29 INF] Executed DbCommand (0ms) [Parameters=[@__mapId_0='?' (DbType = Int32), @__version_1='?' (DbType = Int64)], CommandType='Text', CommandTimeout='30']
SELECT "t"."MapId", "t"."Version", "t"."TaskType", "t"."SiteVerificationRef", "t"."StationName", "t"."StationRiotId"
FROM "TaskTypeStationBindings" AS "t"
WHERE "t"."MapId" = @__mapId_0 AND "t"."Version" = @__version_1
[08:03:29 INF] Executed DbCommand (0ms) [Parameters=[@__version_0='?' (DbType = Int64)], CommandType='Text', CommandTimeout='30']
SELECT "t"."Version", "t"."ContentSha256", "t"."LoadedAt", "t"."SnapshotId", "t"."Source"
FROM "TaskTypeStationRuleVersions" AS "t"
WHERE "t"."Version" = @__version_0
LIMIT 2
[08:03:29 INF] Executed DbCommand (0ms) [Parameters=[@__version_0='?' (DbType = Int64)], CommandType='Text', CommandTimeout='30']
SELECT "t"."Version", "t"."TaskType", "t"."FixedEnd"
FROM "TaskTypeStationRules" AS "t"
WHERE "t"."Version" = @__version_0
[08:03:29 INF] Executed DbCommand (0ms) [Parameters=[@__mapId_0='?' (DbType = Int32)], CommandType='Text', CommandTimeout='30']
SELECT "t"."MapId", "t"."ActiveVersion", "t"."PendingVersion", "t"."State", "t"."UpdatedAt"
FROM "TaskTypeStationActiveBindingSets" AS "t"
WHERE "t"."MapId" = @__mapId_0
LIMIT 2
[08:03:29 INF] Executed DbCommand (0ms) [Parameters=[@__mapId_0='?' (DbType = Int32)], CommandType='Text', CommandTimeout='30']
SELECT "t"."HoldId", "t"."DetailJson", "t"."MapId", "t"."RaisedAt", "t"."RaisedBy", "t"."ReasonCode", "t"."ReleasedAt", "t"."ReleasedBy", "t"."Source", "t"."TaskType"
FROM "TaskTypeStationHolds" AS "t"
WHERE "t"."MapId" = @__mapId_0 AND "t"."ReleasedAt" IS NULL
[08:03:29 INF] Executed DbCommand (0ms) [Parameters=[@__mapId_0='?' (DbType = Int32)], CommandType='Text', CommandTimeout='30']
SELECT "m"."MapId", "m"."ApprovedMaxUnconfirmedSeconds", "m"."ApprovedSyncPeriodSeconds", "m"."CatalogRevision", "m"."LastAttemptAt", "m"."LastCompleteConfirmationAt", "m"."LastFailureReason", "m"."State", "m"."UpdatedAt"
FROM "MapStationCatalogStates" AS "m"
WHERE "m"."MapId" = @__mapId_0
LIMIT 2
[08:03:29 INF] Executed DbCommand (0ms) [Parameters=[@p3='?' (DbType = Int32), @p0='?' (DbType = DateTimeOffset), @p1='?' (DbType = DateTimeOffset), @p2='?' (DbType = DateTimeOffset)], CommandType='Text', CommandTimeout='30']
UPDATE "MapStationCatalogStates" SET "LastAttemptAt" = @p0, "LastCompleteConfirmationAt" = @p1, "UpdatedAt" = @p2
WHERE "MapId" = @p3
RETURNING 1;
[08:03:29 INF] Executed DbCommand (0ms) [Parameters=[@__mapId_0='?' (DbType = Int32)], CommandType='Text', CommandTimeout='30']
SELECT "t"."MapId", "t"."ActiveVersion", "t"."PendingVersion", "t"."State", "t"."UpdatedAt"
FROM "TaskTypeStationActiveBindingSets" AS "t"
WHERE "t"."MapId" = @__mapId_0
LIMIT 2
[08:03:29 INF] Executed DbCommand (0ms) [Parameters=[@__mapId_0='?' (DbType = Int32), @__version_1='?' (DbType = Int64)], CommandType='Text', CommandTimeout='30']
SELECT "t"."MapId", "t"."Version", "t"."CatalogRevision", "t"."ContentSha256", "t"."LoadedAt", "t"."RuleVersion", "t"."SnapshotId", "t"."Source"
FROM "TaskTypeStationBindingSetVersions" AS "t"
WHERE "t"."MapId" = @__mapId_0 AND "t"."Version" = @__version_1
LIMIT 2
[08:03:29 INF] Executed DbCommand (0ms) [Parameters=[@__mapId_0='?' (DbType = Int32), @__version_1='?' (DbType = Int64)], CommandType='Text', CommandTimeout='30']
SELECT "t"."TaskType"
FROM "TaskTypeStationRequirements" AS "t"
WHERE "t"."MapId" = @__mapId_0 AND "t"."Version" = @__version_1
[08:03:29 INF] Executed DbCommand (0ms) [Parameters=[@__mapId_0='?' (DbType = Int32), @__version_1='?' (DbType = Int64)], CommandType='Text', CommandTimeout='30']
SELECT "t"."MapId", "t"."Version", "t"."TaskType", "t"."SiteVerificationRef", "t"."StationName", "t"."StationRiotId"
FROM "TaskTypeStationBindings" AS "t"
WHERE "t"."MapId" = @__mapId_0 AND "t"."Version" = @__version_1
[08:03:29 INF] Executed DbCommand (0ms) [Parameters=[@__mapId_0='?' (DbType = Int32)], CommandType='Text', CommandTimeout='30']
SELECT "t"."MapId", "t"."ActiveVersion", "t"."PendingVersion", "t"."State", "t"."UpdatedAt"
FROM "TaskTypeStationActiveBindingSets" AS "t"
WHERE "t"."MapId" = @__mapId_0
LIMIT 2
[08:03:29 INF] Executed DbCommand (0ms) [Parameters=[@__mapId_0='?' (DbType = Int32), @__version_1='?' (DbType = Int64)], CommandType='Text', CommandTimeout='30']
SELECT "t"."MapId", "t"."Version", "t"."CatalogRevision", "t"."ContentSha256", "t"."LoadedAt", "t"."RuleVersion", "t"."SnapshotId", "t"."Source"
FROM "TaskTypeStationBindingSetVersions" AS "t"
WHERE "t"."MapId" = @__mapId_0 AND "t"."Version" = @__version_1
LIMIT 2
[08:03:29 INF] Executed DbCommand (0ms) [Parameters=[@__mapId_0='?' (DbType = Int32), @__version_1='?' (DbType = Int64)], CommandType='Text', CommandTimeout='30']
SELECT "t"."TaskType"
FROM "TaskTypeStationRequirements" AS "t"
WHERE "t"."MapId" = @__mapId_0 AND "t"."Version" = @__version_1
[08:03:29 INF] Executed DbCommand (0ms) [Parameters=[@__mapId_0='?' (DbType = Int32), @__version_1='?' (DbType = Int64)], CommandType='Text', CommandTimeout='30']
SELECT "t"."MapId", "t"."Version", "t"."TaskType", "t"."SiteVerificationRef", "t"."StationName", "t"."StationRiotId"
FROM "TaskTypeStationBindings" AS "t"
WHERE "t"."MapId" = @__mapId_0 AND "t"."Version" = @__version_1
[08:03:29 INF] Executed DbCommand (0ms) [Parameters=[@__version_0='?' (DbType = Int64)], CommandType='Text', CommandTimeout='30']
SELECT "t"."Version", "t"."ContentSha256", "t"."LoadedAt", "t"."SnapshotId", "t"."Source"
FROM "TaskTypeStationRuleVersions" AS "t"
WHERE "t"."Version" = @__version_0
LIMIT 2
[08:03:29 INF] Executed DbCommand (0ms) [Parameters=[@__version_0='?' (DbType = Int64)], CommandType='Text', CommandTimeout='30']
SELECT "t"."Version", "t"."TaskType", "t"."FixedEnd"
FROM "TaskTypeStationRules" AS "t"
WHERE "t"."Version" = @__version_0
[08:03:29 INF] Executed DbCommand (0ms) [Parameters=[], CommandType='Text', CommandTimeout='30']
SELECT "a"."Id", "a"."ContentHash", "a"."DeploymentId", "a"."ImportedAt", "a"."Version"
FROM "AdmissionPolicyState" AS "a"
WHERE "a"."Id" = 1
LIMIT 2
[08:03:29 INF] Executed DbCommand (0ms) [Parameters=[], CommandType='Text', CommandTimeout='30']
SELECT "j"."JourneyId", "j"."AgvId", "j"."AgvLifecycleGeneration", "j"."AreaEndAdmissionRevokedSince", "j"."BlockReasonCode", "j"."BlockReasonSince", "j"."CargoHoldingStartedAt", "j"."ConsumedSafetyResultMessageId", "j"."ConsumedSublotMessageId", "j"."CreatedAt", "j"."DemandId", "j"."DispatchGeneration", "j"."DispatchZone", "j"."ExpectedBasketCount", "j"."FullSlotPositionsJson", "j"."GateMovementLegId", "j"."GatePlanMessageId", "j"."GateStationId", "j"."GateStationRiotId", "j"."GateUpperId", "j"."GateVehicleBusinessMessageId", "j"."GateWorklistMessageId", "j"."LoadCommandMessageId", "j"."LoadSlotOperationAttemptId", "j"."LoadingClosedReason", "j"."LoadingPhaseState", "j"."MapId", "j"."MapIdentity", "j"."OperationSessionId", "j"."PickupMovementLegId", "j"."PickupStationId", "j"."PickupStationRiotId", "j"."PickupUpperId", "j"."PlanMessageId", "j"."PlanRevision", "j"."PreDepartureSafetyCheckId", "j"."PreDepartureSafetyCheckMessageId", "j"."RouteEvidenceId", "j"."Stage", "j"."StationDepartureWaitStartedAt", "j"."SublotRequestMessageId", "j"."TargetSlotsJson", "j"."UnloadCommandMessageId", "j"."UnloadSlotOperationAttemptId", "j"."UpdatedAt", "j"."VehicleBusinessMessageId", "j"."VehicleBusinessRevision", "j"."VehicleKey", "j"."WorklistMessageId", "j"."WorklistRevision", "j"."YieldTriggeredAt", "j"."YieldTriggeredByVehicleKey"
FROM "JourneyRuntimes" AS "j"
WHERE "j"."Stage" <> 'Completed'
[08:03:29 INF] Executed DbCommand (0ms) [Parameters=[], CommandType='Text', CommandTimeout='30']
SELECT "a"."DemandId"
FROM "AcceptedDemands" AS "a"
WHERE "a"."Status" NOT IN ('Succeeded', 'Cancelled')
[08:03:29 INF] Executed DbCommand (0ms) [Parameters=[], CommandType='Text', CommandTimeout='30']
SELECT "j"."DemandId"
FROM "JourneyRuntimes" AS "j"
[08:03:29 INF] Start processing HTTP request GET http://127.0.0.1:48409/api/v2/contract
[08:03:29 INF] Sending HTTP request GET http://127.0.0.1:48409/api/v2/contract
[08:03:29 INF] Received HTTP response headers after 1.0952ms - 200
[08:03:29 INF] Executed DbCommand (0ms) [Parameters=[@__messageId_0='?' (Size = 36)], CommandType='Text', CommandTimeout='30']
SELECT "p"."MessageId", "p"."ContentHash", "p"."FirstResponseJson", "p"."MessageType", "p"."ReceivedAt", "p"."RequestJson"
FROM "ProtocolInbox" AS "p"
WHERE "p"."MessageId" = @__messageId_0
LIMIT 2
[08:03:29 INF] End processing HTTP request after 27.0437ms - 200
[08:03:30 INF] Executed DbCommand (0ms) [Parameters=[@p0='?' (Size = 36), @p1='?' (Size = 64), @p2='?' (Size = 536), @p3='?' (Size = 9), @p4='?' (DbType = DateTimeOffset), @p5='?' (Size = 427)], CommandType='Text', CommandTimeout='30']
INSERT INTO "ProtocolInbox" ("MessageId", "ContentHash", "FirstResponseJson", "MessageType", "ReceivedAt", "RequestJson")
VALUES (@p0, @p1, @p2, @p3, @p4, @p5);
[08:03:30 INF] Start processing HTTP request GET http://127.0.0.1:48409/api/v2/externally-readable-demand-catalog
[08:03:30 INF] Sending HTTP request GET http://127.0.0.1:48409/api/v2/externally-readable-demand-catalog
[08:03:30 INF] Received HTTP response headers after 1.1623ms - 200
[08:03:30 INF] End processing HTTP request after 47.3451ms - 200
[08:03:30 INF] Executed DbCommand (0ms) [Parameters=[], CommandType='Text', CommandTimeout='30']
SELECT "j"."DemandId", "j"."AcceptedAt", "j"."DecisionFingerprint", "j"."DemandCreatedAt", "j"."FirstSeenAt", "j"."LastSeenAt", "j"."ReasonCode", "j"."StarvationEscalatedAt", "j"."StarvationEscalationParameterVersion", "j"."TransportDemandKey"
FROM "JourneyBacklog" AS "j"
[08:03:30 INF] Executed DbCommand (0ms) [Parameters=[], CommandType='Text', CommandTimeout='30']
SELECT "a"."DemandId"
FROM "AcceptedDemands" AS "a"
[08:03:30 INF] Executed DbCommand (0ms) [Parameters=[], CommandType='Text', CommandTimeout='30']
SELECT "v"."AgvId", "v"."TaskType", "v"."Allowed", "v"."ConfigurationVersion", "v"."UpdatedAt"
FROM "VehicleTaskTypeAdmissions" AS "v"
[08:03:30 INF] Executed DbCommand (0ms) [Parameters=[], CommandType='Text', CommandTimeout='30']
SELECT "v"."AgvId", "v"."ConfigurationVersion", "v"."RoundTimeoutMilliseconds", "v"."UpdatedAt"
FROM "VehicleDispatchBudgets" AS "v"
[08:03:30 INF] Executed DbCommand (0ms) [Parameters=[], CommandType='Text', CommandTimeout='30']
SELECT "d"."Zone", "d"."AgvId", "d"."ConfigurationVersion", "d"."UpdatedAt"
FROM "DispatchZoneVehicles" AS "d"
[08:03:30 INF] Executed DbCommand (0ms) [Parameters=[], CommandType='Text', CommandTimeout='30']
SELECT MAX("d"."Version")
FROM "DispatchZoneAreaAssignmentVersions" AS "d"
[08:03:30 INF] Executed DbCommand (0ms) [Parameters=[@__version_0='?' (DbType = Int64)], CommandType='Text', CommandTimeout='30']
SELECT "d"."Version", "d"."ContentSha256", "d"."EntryCount", "d"."ImportedAt", "d"."SnapshotId"
FROM "DispatchZoneAreaAssignmentVersions" AS "d"
WHERE "d"."Version" = @__version_0
LIMIT 2
[08:03:30 INF] Executed DbCommand (0ms) [Parameters=[@__version_0='?' (DbType = Int64)], CommandType='Text', CommandTimeout='30']
SELECT "d"."Version", "d"."Area", "d"."DispatchZone", "d"."SlotPosition"
FROM "DispatchZoneAreaAssignments" AS "d"
WHERE "d"."Version" = @__version_0
[08:03:30 INF] Executed DbCommand (0ms) [Parameters=[@__agvId_0='?' (Size = 10)], CommandType='Text', CommandTimeout='30']
SELECT "a"."SlotModelVersionId", "a"."SnapshotId"
FROM "ActiveSlotConfigurations" AS "a"
WHERE "a"."AgvId" = @__agvId_0
LIMIT 2
[08:03:30 INF] Executed DbCommand (0ms) [Parameters=[@__agvId_0='?' (Size = 10)], CommandType='Text', CommandTimeout='30']
SELECT "s"."SlotModelVersionId", "s"."CreatedAt"
FROM "SlotIoBindings" AS "s"
WHERE "s"."AgvId" = @__agvId_0 AND "s"."Status" = 'PUBLISHED'
[08:03:30 INF] Executed DbCommand (0ms) [Parameters=[@__slotModelVersionId_0='?' (Size = 32)], CommandType='Text', CommandTimeout='30']
SELECT "s"."SlotModelVersionId", "s"."PhysicalSlotNumber", "s"."SlotPosition", "s"."SlotTemplateId"
FROM "SlotModelSlots" AS "s"
WHERE "s"."SlotModelVersionId" = @__slotModelVersionId_0
[08:03:30 INF] Executed DbCommand (0ms) [Parameters=[@__agvId_0='?' (Size = 10)], CommandType='Text', CommandTimeout='30']
SELECT "s"."AgvId", "s"."ActiveUnlockSlotsJson", "s"."CapabilityHash", "s"."CapabilityRevision", "s"."DepartureSafe", "s"."ForcedRecoveryGeneration", "s"."ManifestSha256", "s"."PendingAttemptIdsJson", "s"."PendingResultIdsJson", "s"."ProfileId", "s"."ProtocolCommit", "s"."ProtocolVersion", "s"."ProvenRecoveryCheckpoint", "s"."Readiness", "s"."ReasonCode", "s"."RecoveryReportId", "s"."ReportedForcedRecoveryGeneration", "s"."ReportedSlotConfigurationFingerprint", "s"."SafetyHash", "s"."SafetyReasonCodesJson", "s"."SafetyRevision", "s"."SafetyUnknownPresent", "s"."SessionGeneration", "s"."UnsettledSlotOperationAttemptId", "s"."UpdatedAt"
FROM "SessionRecoveries" AS "s"
WHERE "s"."AgvId" = @__agvId_0 AND "s"."Readiness" = 'Ready'
LIMIT 2
[08:03:30 INF] Executed DbCommand (0ms) [Parameters=[@__messageType_0='?' (Size = 18)], CommandType='Text', CommandTimeout='30']
SELECT "p"."MessageId", "p"."ContentHash", "p"."FirstResponseJson", "p"."MessageType", "p"."ReceivedAt", "p"."RequestJson"
FROM "ProtocolInbox" AS "p"
WHERE "p"."MessageType" = @__messageType_0
[08:03:30 INF] Executed DbCommand (0ms) [Parameters=[], CommandType='Text', CommandTimeout='30']
SELECT "p"."MessageId", "p"."ContentHash", "p"."FirstResponseJson", "p"."MessageType", "p"."ReceivedAt", "p"."RequestJson"
FROM "ProtocolInbox" AS "p"
WHERE "p"."MessageType" = 'SafetyStateSnapshot'
[08:03:30 INF] Executed DbCommand (0ms) [Parameters=[], CommandType='Text', CommandTimeout='30']
SELECT "p"."MessageId", "p"."ContentHash", "p"."FirstResponseJson", "p"."MessageType", "p"."ReceivedAt", "p"."RequestJson"
FROM "ProtocolInbox" AS "p"
WHERE "p"."MessageType" IN ('SafetyStateSnapshot', 'SafetyStateChanged')
[08:03:30 INF] Executed DbCommand (0ms) [Parameters=[], CommandType='Text', CommandTimeout='30']
SELECT "p"."MessageId", "p"."ContentHash", "p"."FirstResponseJson", "p"."MessageType", "p"."ReceivedAt", "p"."RequestJson"
FROM "ProtocolInbox" AS "p"
[08:03:30 INF] Start processing HTTP request GET http://127.0.0.1:48408/api/task/vehicles/getVehicleInfoByDeviceKey?key=BROKERX-L2-0001
[08:03:30 INF] Sending HTTP request GET http://127.0.0.1:48408/api/task/vehicles/getVehicleInfoByDeviceKey?key=BROKERX-L2-0001
[08:03:30 INF] Received HTTP response headers after 0.9814ms - 200
[08:03:30 INF] End processing HTTP request after 9.3408ms - 200
[08:03:30 INF] Executed DbCommand (0ms) [Parameters=[], CommandType='Text', CommandTimeout='30']
SELECT "s"."DemandId", "s"."ReasonCode", "s"."ClearedAt", "s"."DetailJson", "s"."FirstRaisedAt", "s"."LastSeenAt", "s"."TransportDemandKey"
FROM "StructuralDispatchBlocks" AS "s"
WHERE "s"."ClearedAt" IS NULL
[08:03:30 INF] Start processing HTTP request GET http://127.0.0.1:48408/api/task/v1/task/getVehicleInfo/BROKERX-L2-0001
[08:03:30 INF] Sending HTTP request GET http://127.0.0.1:48408/api/task/v1/task/getVehicleInfo/BROKERX-L2-0001
[08:03:30 INF] Received HTTP response headers after 0.8135ms - 200
[08:03:30 INF] End processing HTTP request after 3.6412ms - 200
[08:03:30 INF] Start processing HTTP request GET http://127.0.0.1:48408/api/order/v1/orderRecord?pageNum=1&pageSize=100&filterByState=1&filterByState=3&filterByState=7&filterByState=9
[08:03:30 INF] Sending HTTP request GET http://127.0.0.1:48408/api/order/v1/orderRecord?pageNum=1&pageSize=100&filterByState=1&filterByState=3&filterByState=7&filterByState=9
[08:03:30 INF] Received HTTP response headers after 1.2759ms - 200
[08:03:30 INF] End processing HTTP request after 46.3843ms - 200
[08:03:30 INF] HTTP GET /api/onboard/v1/vehicle-safety responded 200 in 64.8660 ms
[08:03:30 INF] Start processing HTTP request GET http://127.0.0.1:48408/api/imap/v1/mapInfo/stations/25
[08:03:30 INF] Sending HTTP request GET http://127.0.0.1:48408/api/imap/v1/mapInfo/stations/25
[08:03:30 INF] Received HTTP response headers after 0.9517ms - 200
[08:03:30 INF] End processing HTTP request after 15.6564ms - 200
[08:03:30 INF] Executed DbCommand (0ms) [Parameters=[@__mapId_0='?' (DbType = Int32)], CommandType='Text', CommandTimeout='30']
SELECT "t"."MapId", "t"."ActiveVersion", "t"."PendingVersion", "t"."State", "t"."UpdatedAt"
FROM "TaskTypeStationActiveBindingSets" AS "t"
WHERE "t"."MapId" = @__mapId_0
LIMIT 2
[08:03:30 INF] Executed DbCommand (0ms) [Parameters=[@__mapId_0='?' (DbType = Int32), @__version_1='?' (DbType = Int64)], CommandType='Text', CommandTimeout='30']
SELECT "t"."MapId", "t"."Version", "t"."CatalogRevision", "t"."ContentSha256", "t"."LoadedAt", "t"."RuleVersion", "t"."SnapshotId", "t"."Source"
FROM "TaskTypeStationBindingSetVersions" AS "t"
WHERE "t"."MapId" = @__mapId_0 AND "t"."Version" = @__version_1
LIMIT 2
[08:03:30 INF] Executed DbCommand (0ms) [Parameters=[@__mapId_0='?' (DbType = Int32), @__version_1='?' (DbType = Int64)], CommandType='Text', CommandTimeout='30']
SELECT "t"."TaskType"
FROM "TaskTypeStationRequirements" AS "t"
WHERE "t"."MapId" = @__mapId_0 AND "t"."Version" = @__version_1
[08:03:30 INF] Executed DbCommand (0ms) [Parameters=[@__mapId_0='?' (DbType = Int32), @__version_1='?' (DbType = Int64)], CommandType='Text', CommandTimeout='30']
SELECT "t"."MapId", "t"."Version", "t"."TaskType", "t"."SiteVerificationRef", "t"."StationName", "t"."StationRiotId"
FROM "TaskTypeStationBindings" AS "t"
WHERE "t"."MapId" = @__mapId_0 AND "t"."Version" = @__version_1
[08:03:30 INF] Executed DbCommand (0ms) [Parameters=[@__version_0='?' (DbType = Int64)], CommandType='Text', CommandTimeout='30']
SELECT "t"."Version", "t"."ContentSha256", "t"."LoadedAt", "t"."SnapshotId", "t"."Source"
FROM "TaskTypeStationRuleVersions" AS "t"
WHERE "t"."Version" = @__version_0
LIMIT 2
[08:03:30 INF] Executed DbCommand (0ms) [Parameters=[@__version_0='?' (DbType = Int64)], CommandType='Text', CommandTimeout='30']
SELECT "t"."Version", "t"."TaskType", "t"."FixedEnd"
FROM "TaskTypeStationRules" AS "t"
WHERE "t"."Version" = @__version_0
[08:03:30 INF] Executed DbCommand (0ms) [Parameters=[@__mapId_0='?' (DbType = Int32)], CommandType='Text', CommandTimeout='30']
SELECT "t"."MapId", "t"."ActiveVersion", "t"."PendingVersion", "t"."State", "t"."UpdatedAt"
FROM "TaskTypeStationActiveBindingSets" AS "t"
WHERE "t"."MapId" = @__mapId_0
LIMIT 2
[08:03:30 INF] Executed DbCommand (0ms) [Parameters=[@__mapId_0='?' (DbType = Int32)], CommandType='Text', CommandTimeout='30']
SELECT "t"."HoldId", "t"."DetailJson", "t"."MapId", "t"."RaisedAt", "t"."RaisedBy", "t"."ReasonCode", "t"."ReleasedAt", "t"."ReleasedBy", "t"."Source", "t"."TaskType"
FROM "TaskTypeStationHolds" AS "t"
WHERE "t"."MapId" = @__mapId_0 AND "t"."ReleasedAt" IS NULL
[08:03:30 INF] Executed DbCommand (0ms) [Parameters=[@__mapId_0='?' (DbType = Int32)], CommandType='Text', CommandTimeout='30']
SELECT "m"."MapId", "m"."ApprovedMaxUnconfirmedSeconds", "m"."ApprovedSyncPeriodSeconds", "m"."CatalogRevision", "m"."LastAttemptAt", "m"."LastCompleteConfirmationAt", "m"."LastFailureReason", "m"."State", "m"."UpdatedAt"
FROM "MapStationCatalogStates" AS "m"
WHERE "m"."MapId" = @__mapId_0
LIMIT 2
[08:03:30 INF] Executed DbCommand (0ms) [Parameters=[@p3='?' (DbType = Int32), @p0='?' (DbType = DateTimeOffset), @p1='?' (DbType = DateTimeOffset), @p2='?' (DbType = DateTimeOffset)], CommandType='Text', CommandTimeout='30']
UPDATE "MapStationCatalogStates" SET "LastAttemptAt" = @p0, "LastCompleteConfirmationAt" = @p1, "UpdatedAt" = @p2
WHERE "MapId" = @p3
RETURNING 1;
[08:03:30 INF] Executed DbCommand (0ms) [Parameters=[@__mapId_0='?' (DbType = Int32)], CommandType='Text', CommandTimeout='30']
SELECT "t"."MapId", "t"."ActiveVersion", "t"."PendingVersion", "t"."State", "t"."UpdatedAt"
FROM "TaskTypeStationActiveBindingSets" AS "t"
WHERE "t"."MapId" = @__mapId_0
LIMIT 2
[08:03:30 INF] Executed DbCommand (0ms) [Parameters=[@__mapId_0='?' (DbType = Int32), @__version_1='?' (DbType = Int64)], CommandType='Text', CommandTimeout='30']
SELECT "t"."MapId", "t"."Version", "t"."CatalogRevision", "t"."ContentSha256", "t"."LoadedAt", "t"."RuleVersion", "t"."SnapshotId", "t"."Source"
FROM "TaskTypeStationBindingSetVersions" AS "t"
WHERE "t"."MapId" = @__mapId_0 AND "t"."Version" = @__version_1
LIMIT 2
[08:03:30 INF] Executed DbCommand (0ms) [Parameters=[@__mapId_0='?' (DbType = Int32), @__version_1='?' (DbType = Int64)], CommandType='Text', CommandTimeout='30']
SELECT "t"."TaskType"
FROM "TaskTypeStationRequirements" AS "t"
WHERE "t"."MapId" = @__mapId_0 AND "t"."Version" = @__version_1
[08:03:30 INF] Executed DbCommand (0ms) [Parameters=[@__mapId_0='?' (DbType = Int32), @__version_1='?' (DbType = Int64)], CommandType='Text', CommandTimeout='30']
SELECT "t"."MapId", "t"."Version", "t"."TaskType", "t"."SiteVerificationRef", "t"."StationName", "t"."StationRiotId"
FROM "TaskTypeStationBindings" AS "t"
WHERE "t"."MapId" = @__mapId_0 AND "t"."Version" = @__version_1
[08:03:30 INF] Executed DbCommand (0ms) [Parameters=[@__mapId_0='?' (DbType = Int32)], CommandType='Text', CommandTimeout='30']
SELECT "t"."MapId", "t"."ActiveVersion", "t"."PendingVersion", "t"."State", "t"."UpdatedAt"
FROM "TaskTypeStationActiveBindingSets" AS "t"
WHERE "t"."MapId" = @__mapId_0
LIMIT 2
[08:03:30 INF] Executed DbCommand (0ms) [Parameters=[@__mapId_0='?' (DbType = Int32), @__version_1='?' (DbType = Int64)], CommandType='Text', CommandTimeout='30']
SELECT "t"."MapId", "t"."Version", "t"."CatalogRevision", "t"."ContentSha256", "t"."LoadedAt", "t"."RuleVersion", "t"."SnapshotId", "t"."Source"
FROM "TaskTypeStationBindingSetVersions" AS "t"
WHERE "t"."MapId" = @__mapId_0 AND "t"."Version" = @__version_1
LIMIT 2
[08:03:30 INF] Executed DbCommand (0ms) [Parameters=[@__mapId_0='?' (DbType = Int32), @__version_1='?' (DbType = Int64)], CommandType='Text', CommandTimeout='30']
SELECT "t"."TaskType"
FROM "TaskTypeStationRequirements" AS "t"
WHERE "t"."MapId" = @__mapId_0 AND "t"."Version" = @__version_1
[08:03:30 INF] Executed DbCommand (0ms) [Parameters=[@__mapId_0='?' (DbType = Int32), @__version_1='?' (DbType = Int64)], CommandType='Text', CommandTimeout='30']
SELECT "t"."MapId", "t"."Version", "t"."TaskType", "t"."SiteVerificationRef", "t"."StationName", "t"."StationRiotId"
FROM "TaskTypeStationBindings" AS "t"
WHERE "t"."MapId" = @__mapId_0 AND "t"."Version" = @__version_1
[08:03:30 INF] Executed DbCommand (0ms) [Parameters=[@__version_0='?' (DbType = Int64)], CommandType='Text', CommandTimeout='30']
SELECT "t"."Version", "t"."ContentSha256", "t"."LoadedAt", "t"."SnapshotId", "t"."Source"
FROM "TaskTypeStationRuleVersions" AS "t"
WHERE "t"."Version" = @__version_0
LIMIT 2
[08:03:30 INF] Executed DbCommand (0ms) [Parameters=[@__version_0='?' (DbType = Int64)], CommandType='Text', CommandTimeout='30']
SELECT "t"."Version", "t"."TaskType", "t"."FixedEnd"
FROM "TaskTypeStationRules" AS "t"
WHERE "t"."Version" = @__version_0
[08:03:30 INF] Executed DbCommand (0ms) [Parameters=[], CommandType='Text', CommandTimeout='30']
SELECT "a"."Id", "a"."ContentHash", "a"."DeploymentId", "a"."ImportedAt", "a"."Version"
FROM "AdmissionPolicyState" AS "a"
WHERE "a"."Id" = 1
LIMIT 2
[08:03:30 INF] Executed DbCommand (0ms) [Parameters=[], CommandType='Text', CommandTimeout='30']
SELECT "j"."JourneyId", "j"."AgvId", "j"."AgvLifecycleGeneration", "j"."AreaEndAdmissionRevokedSince", "j"."BlockReasonCode", "j"."BlockReasonSince", "j"."CargoHoldingStartedAt", "j"."ConsumedSafetyResultMessageId", "j"."ConsumedSublotMessageId", "j"."CreatedAt", "j"."DemandId", "j"."DispatchGeneration", "j"."DispatchZone", "j"."ExpectedBasketCount", "j"."FullSlotPositionsJson", "j"."GateMovementLegId", "j"."GatePlanMessageId", "j"."GateStationId", "j"."GateStationRiotId", "j"."GateUpperId", "j"."GateVehicleBusinessMessageId", "j"."GateWorklistMessageId", "j"."LoadCommandMessageId", "j"."LoadSlotOperationAttemptId", "j"."LoadingClosedReason", "j"."LoadingPhaseState", "j"."MapId", "j"."MapIdentity", "j"."OperationSessionId", "j"."PickupMovementLegId", "j"."PickupStationId", "j"."PickupStationRiotId", "j"."PickupUpperId", "j"."PlanMessageId", "j"."PlanRevision", "j"."PreDepartureSafetyCheckId", "j"."PreDepartureSafetyCheckMessageId", "j"."RouteEvidenceId", "j"."Stage", "j"."StationDepartureWaitStartedAt", "j"."SublotRequestMessageId", "j"."TargetSlotsJson", "j"."UnloadCommandMessageId", "j"."UnloadSlotOperationAttemptId", "j"."UpdatedAt", "j"."VehicleBusinessMessageId", "j"."VehicleBusinessRevision", "j"."VehicleKey", "j"."WorklistMessageId", "j"."WorklistRevision", "j"."YieldTriggeredAt", "j"."YieldTriggeredByVehicleKey"
FROM "JourneyRuntimes" AS "j"
WHERE "j"."Stage" <> 'Completed'
[08:03:30 INF] Executed DbCommand (0ms) [Parameters=[], CommandType='Text', CommandTimeout='30']
SELECT "a"."DemandId"
FROM "AcceptedDemands" AS "a"
WHERE "a"."Status" NOT IN ('Succeeded', 'Cancelled')
[08:03:30 INF] Executed DbCommand (0ms) [Parameters=[], CommandType='Text', CommandTimeout='30']
SELECT "j"."DemandId"
FROM "JourneyRuntimes" AS "j"
[08:03:30 INF] Start processing HTTP request GET http://127.0.0.1:48409/api/v2/contract
[08:03:30 INF] Sending HTTP request GET http://127.0.0.1:48409/api/v2/contract
[08:03:30 INF] Received HTTP response headers after 1.1853ms - 200
[08:03:30 INF] End processing HTTP request after 3.5434ms - 200
[08:03:30 INF] Start processing HTTP request GET http://127.0.0.1:48409/api/v2/externally-readable-demand-catalog
[08:03:30 INF] Sending HTTP request GET http://127.0.0.1:48409/api/v2/externally-readable-demand-catalog
[08:03:30 INF] Received HTTP response headers after 7.4745ms - 200
[08:03:30 INF] End processing HTTP request after 14.3607ms - 200
[08:03:30 INF] Executed DbCommand (0ms) [Parameters=[], CommandType='Text', CommandTimeout='30']
SELECT "j"."DemandId", "j"."AcceptedAt", "j"."DecisionFingerprint", "j"."DemandCreatedAt", "j"."FirstSeenAt", "j"."LastSeenAt", "j"."ReasonCode", "j"."StarvationEscalatedAt", "j"."StarvationEscalationParameterVersion", "j"."TransportDemandKey"
FROM "JourneyBacklog" AS "j"
[08:03:30 INF] Executed DbCommand (0ms) [Parameters=[], CommandType='Text', CommandTimeout='30']
SELECT "a"."DemandId"
FROM "AcceptedDemands" AS "a"
[08:03:30 INF] Executed DbCommand (0ms) [Parameters=[], CommandType='Text', CommandTimeout='30']
SELECT "v"."AgvId", "v"."TaskType", "v"."Allowed", "v"."ConfigurationVersion", "v"."UpdatedAt"
FROM "VehicleTaskTypeAdmissions" AS "v"
[08:03:30 INF] Executed DbCommand (0ms) [Parameters=[], CommandType='Text', CommandTimeout='30']
SELECT "v"."AgvId", "v"."ConfigurationVersion", "v"."RoundTimeoutMilliseconds", "v"."UpdatedAt"
FROM "VehicleDispatchBudgets" AS "v"
[08:03:30 INF] Executed DbCommand (0ms) [Parameters=[], CommandType='Text', CommandTimeout='30']
SELECT "d"."Zone", "d"."AgvId", "d"."ConfigurationVersion", "d"."UpdatedAt"
FROM "DispatchZoneVehicles" AS "d"
[08:03:30 INF] Executed DbCommand (0ms) [Parameters=[], CommandType='Text', CommandTimeout='30']
SELECT MAX("d"."Version")
FROM "DispatchZoneAreaAssignmentVersions" AS "d"
[08:03:30 INF] Executed DbCommand (0ms) [Parameters=[@__version_0='?' (DbType = Int64)], CommandType='Text', CommandTimeout='30']
SELECT "d"."Version", "d"."ContentSha256", "d"."EntryCount", "d"."ImportedAt", "d"."SnapshotId"
FROM "DispatchZoneAreaAssignmentVersions" AS "d"
WHERE "d"."Version" = @__version_0
LIMIT 2
[08:03:30 INF] Executed DbCommand (0ms) [Parameters=[@__version_0='?' (DbType = Int64)], CommandType='Text', CommandTimeout='30']
SELECT "d"."Version", "d"."Area", "d"."DispatchZone", "d"."SlotPosition"
FROM "DispatchZoneAreaAssignments" AS "d"
WHERE "d"."Version" = @__version_0
[08:03:30 INF] Executed DbCommand (0ms) [Parameters=[@__agvId_0='?' (Size = 10)], CommandType='Text', CommandTimeout='30']
SELECT "a"."SlotModelVersionId", "a"."SnapshotId"
FROM "ActiveSlotConfigurations" AS "a"
WHERE "a"."AgvId" = @__agvId_0
LIMIT 2
[08:03:30 INF] Executed DbCommand (0ms) [Parameters=[@__agvId_0='?' (Size = 10)], CommandType='Text', CommandTimeout='30']
SELECT "s"."SlotModelVersionId", "s"."CreatedAt"
FROM "SlotIoBindings" AS "s"
WHERE "s"."AgvId" = @__agvId_0 AND "s"."Status" = 'PUBLISHED'
[08:03:30 INF] Executed DbCommand (0ms) [Parameters=[@__slotModelVersionId_0='?' (Size = 32)], CommandType='Text', CommandTimeout='30']
SELECT "s"."SlotModelVersionId", "s"."PhysicalSlotNumber", "s"."SlotPosition", "s"."SlotTemplateId"
FROM "SlotModelSlots" AS "s"
WHERE "s"."SlotModelVersionId" = @__slotModelVersionId_0
[08:03:30 INF] Executed DbCommand (0ms) [Parameters=[@__agvId_0='?' (Size = 10)], CommandType='Text', CommandTimeout='30']
SELECT "s"."AgvId", "s"."ActiveUnlockSlotsJson", "s"."CapabilityHash", "s"."CapabilityRevision", "s"."DepartureSafe", "s"."ForcedRecoveryGeneration", "s"."ManifestSha256", "s"."PendingAttemptIdsJson", "s"."PendingResultIdsJson", "s"."ProfileId", "s"."ProtocolCommit", "s"."ProtocolVersion", "s"."ProvenRecoveryCheckpoint", "s"."Readiness", "s"."ReasonCode", "s"."RecoveryReportId", "s"."ReportedForcedRecoveryGeneration", "s"."ReportedSlotConfigurationFingerprint", "s"."SafetyHash", "s"."SafetyReasonCodesJson", "s"."SafetyRevision", "s"."SafetyUnknownPresent", "s"."SessionGeneration", "s"."UnsettledSlotOperationAttemptId", "s"."UpdatedAt"
FROM "SessionRecoveries" AS "s"
WHERE "s"."AgvId" = @__agvId_0 AND "s"."Readiness" = 'Ready'
LIMIT 2
[08:03:30 INF] Executed DbCommand (0ms) [Parameters=[@__messageType_0='?' (Size = 18)], CommandType='Text', CommandTimeout='30']
SELECT "p"."MessageId", "p"."ContentHash", "p"."FirstResponseJson", "p"."MessageType", "p"."ReceivedAt", "p"."RequestJson"
FROM "ProtocolInbox" AS "p"
WHERE "p"."MessageType" = @__messageType_0
[08:03:30 INF] Executed DbCommand (0ms) [Parameters=[], CommandType='Text', CommandTimeout='30']
SELECT "p"."MessageId", "p"."ContentHash", "p"."FirstResponseJson", "p"."MessageType", "p"."ReceivedAt", "p"."RequestJson"
FROM "ProtocolInbox" AS "p"
WHERE "p"."MessageType" = 'SafetyStateSnapshot'
[08:03:30 INF] Executed DbCommand (0ms) [Parameters=[], CommandType='Text', CommandTimeout='30']
SELECT "p"."MessageId", "p"."ContentHash", "p"."FirstResponseJson", "p"."MessageType", "p"."ReceivedAt", "p"."RequestJson"
FROM "ProtocolInbox" AS "p"
WHERE "p"."MessageType" IN ('SafetyStateSnapshot', 'SafetyStateChanged')
[08:03:30 INF] Executed DbCommand (0ms) [Parameters=[], CommandType='Text', CommandTimeout='30']
SELECT "p"."MessageId", "p"."ContentHash", "p"."FirstResponseJson", "p"."MessageType", "p"."ReceivedAt", "p"."RequestJson"
FROM "ProtocolInbox" AS "p"
[08:03:30 INF] Start processing HTTP request GET http://127.0.0.1:48408/api/task/vehicles/getVehicleInfoByDeviceKey?key=BROKERX-L2-0001
[08:03:30 INF] Sending HTTP request GET http://127.0.0.1:48408/api/task/vehicles/getVehicleInfoByDeviceKey?key=BROKERX-L2-0001
[08:03:30 INF] Received HTTP response headers after 0.6849ms - 200
[08:03:30 INF] End processing HTTP request after 3.3463ms - 200
[08:03:30 INF] Executed DbCommand (0ms) [Parameters=[@__agvId_0='?' (Size = 10)], CommandType='Text', CommandTimeout='30']
SELECT "v"."AgvId", "v"."ClearedAt", "v"."ClearedReason", "v"."EnteredAt", "v"."EscalatedAt", "v"."EvidenceCode", "v"."EvidenceOnAutoConfirmWhitelist", "v"."FaultGeneration", "v"."LastEvaluatedAt", "v"."Level", "v"."StopProven", "v"."StopProvenAt"
FROM "VehicleFaultStates" AS "v"
WHERE "v"."AgvId" = @__agvId_0
LIMIT 2
[08:03:30 INF] Executed DbCommand (0ms) [Parameters=[@__mapId_0='?' (DbType = Int32)], CommandType='Text', CommandTimeout='30']
SELECT "m"."MapId", "m"."ApprovedMaxUnconfirmedSeconds", "m"."ApprovedSyncPeriodSeconds", "m"."CatalogRevision", "m"."LastAttemptAt", "m"."LastCompleteConfirmationAt", "m"."LastFailureReason", "m"."State", "m"."UpdatedAt"
FROM "MapStationCatalogStates" AS "m"
WHERE "m"."MapId" = @__mapId_0
LIMIT 2
[08:03:31 INF] Executed DbCommand (0ms) [Parameters=[], CommandType='Text', CommandTimeout='30']
SELECT "p"."RuleId", "p"."EffectiveAt", "p"."MatchType", "p"."MaxBoxesPerBasket", "p"."Pattern", "p"."Source", "p"."SupersededAt", "p"."Version"
FROM "PackageCapacityRules" AS "p"
WHERE "p"."SupersededAt" IS NULL
[08:03:31 INF] Executed DbCommand (0ms) [Parameters=[@__package_0='?' (Size = 10)], CommandType='Text', CommandTimeout='30']
SELECT "m"."Package", "m"."FirstSeenAt", "m"."LastSeenAt", "m"."Status"
FROM "MissingPackages" AS "m"
WHERE "m"."Package" = @__package_0
LIMIT 2
[08:03:31 INF] Executed DbCommand (0ms) [Parameters=[@__stationId_0='?' (Size = 9), @__taskType_1='?' (Size = 12)], CommandType='Text', CommandTimeout='30']
SELECT EXISTS (
    SELECT 1
    FROM "StationTaskTypeAdmissions" AS "s"
    WHERE "s"."StationId" = @__stationId_0 AND "s"."TaskType" = @__taskType_1)
[08:03:31 INF] Start processing HTTP request POST http://127.0.0.1:48408/api/task/v1/route/getRouteCostsBy
[08:03:31 INF] Sending HTTP request POST http://127.0.0.1:48408/api/task/v1/route/getRouteCostsBy
[08:03:31 INF] Received HTTP response headers after 20.8011ms - 200
[08:03:31 INF] End processing HTTP request after 22.3322ms - 200
[08:03:31 INF] Executed DbCommand (0ms) [Parameters=[@__demandId_0='?' (Size = 36)], CommandType='Text', CommandTimeout='30']
SELECT "c"."GateAuditId", "c"."AgvId", "c"."ConflictDetail", "c"."DemandId", "c"."EvaluatedAt", "c"."GraphReachable", "c"."GraphTraversalCostMm", "c"."MapId", "c"."RiotRouteCostMm", "c"."TargetStationId", "c"."TransportDemandKey", "c"."Verdict"
FROM "CreateGateAudit" AS "c"
WHERE "c"."DemandId" = @__demandId_0
[08:03:31 INF] Executed DbCommand (1ms) [Parameters=[@p0='?' (Size = 36), @p1='?' (Size = 10), @p2='?', @p3='?' (Size = 36), @p4='?' (DbType = DateTimeOffset), @p5='?' (DbType = Boolean), @p6='?' (DbType = Int64), @p7='?' (DbType = Int32), @p8='?' (DbType = Int64), @p9='?' (DbType = Int32), @p10='?' (Size = 38), @p11='?' (Size = 7)], CommandType='Text', CommandTimeout='30']
INSERT INTO "CreateGateAudit" ("GateAuditId", "AgvId", "ConflictDetail", "DemandId", "EvaluatedAt", "GraphReachable", "GraphTraversalCostMm", "MapId", "RiotRouteCostMm", "TargetStationId", "TransportDemandKey", "Verdict")
VALUES (@p0, @p1, @p2, @p3, @p4, @p5, @p6, @p7, @p8, @p9, @p10, @p11);
[08:03:31 INF] Start processing HTTP request GET http://127.0.0.1:48409/api/v2/sublot-box-count?sublot=L2-CR-20260920T000247731Z
[08:03:31 INF] Sending HTTP request GET http://127.0.0.1:48409/api/v2/sublot-box-count?sublot=L2-CR-20260920T000247731Z
[08:03:31 INF] Received HTTP response headers after 15.9851ms - 200
[08:03:31 INF] End processing HTTP request after 20.4513ms - 200
[08:03:31 INF] Executed DbCommand (1ms) [Parameters=[@p0='?' (Size = 36), @p1='?' (DbType = DateTimeOffset), @p2='?' (Size = 64), @p3='?' (DbType = DateTimeOffset), @p4='?' (DbType = DateTimeOffset), @p5='?' (DbType = DateTimeOffset), @p6='?' (Size = 8), @p7='?' (DbType = DateTimeOffset), @p8='?' (DbType = Int64), @p9='?' (Size = 38)], CommandType='Text', CommandTimeout='30']
INSERT INTO "JourneyBacklog" ("DemandId", "AcceptedAt", "DecisionFingerprint", "DemandCreatedAt", "FirstSeenAt", "LastSeenAt", "ReasonCode", "StarvationEscalatedAt", "StarvationEscalationParameterVersion", "TransportDemandKey")
VALUES (@p0, @p1, @p2, @p3, @p4, @p5, @p6, @p7, @p8, @p9);
[08:03:31 INF] Executed DbCommand (0ms) [Parameters=[@__vehicleKey_0='?' (Size = 15)], CommandType='Text', CommandTimeout='30']
SELECT EXISTS (
    SELECT 1
    FROM "VehicleDispatchLeases" AS "v"
    WHERE "v"."VehicleKey" = @__vehicleKey_0 AND "v"."ReleasedAt" IS NULL)
[08:03:31 INF] Executed DbCommand (0ms) [Parameters=[@__agvId_0='?' (Size = 10)], CommandType='Text', CommandTimeout='30']
SELECT "s"."AgvId", "s"."ActiveUnlockSlotsJson", "s"."CapabilityHash", "s"."CapabilityRevision", "s"."DepartureSafe", "s"."ForcedRecoveryGeneration", "s"."ManifestSha256", "s"."PendingAttemptIdsJson", "s"."PendingResultIdsJson", "s"."ProfileId", "s"."ProtocolCommit", "s"."ProtocolVersion", "s"."ProvenRecoveryCheckpoint", "s"."Readiness", "s"."ReasonCode", "s"."RecoveryReportId", "s"."ReportedForcedRecoveryGeneration", "s"."ReportedSlotConfigurationFingerprint", "s"."SafetyHash", "s"."SafetyReasonCodesJson", "s"."SafetyRevision", "s"."SafetyUnknownPresent", "s"."SessionGeneration", "s"."UnsettledSlotOperationAttemptId", "s"."UpdatedAt"
FROM "SessionRecoveries" AS "s"
WHERE "s"."AgvId" = @__agvId_0 AND "s"."Readiness" = 'Ready'
LIMIT 2
[08:03:31 INF] Executed DbCommand (0ms) [Parameters=[@__messageType_0='?' (Size = 18)], CommandType='Text', CommandTimeout='30']
SELECT "p"."MessageId", "p"."ContentHash", "p"."FirstResponseJson", "p"."MessageType", "p"."ReceivedAt", "p"."RequestJson"
FROM "ProtocolInbox" AS "p"
WHERE "p"."MessageType" = @__messageType_0
[08:03:31 INF] Executed DbCommand (0ms) [Parameters=[], CommandType='Text', CommandTimeout='30']
SELECT "p"."MessageId", "p"."ContentHash", "p"."FirstResponseJson", "p"."MessageType", "p"."ReceivedAt", "p"."RequestJson"
FROM "ProtocolInbox" AS "p"
WHERE "p"."MessageType" = 'SafetyStateSnapshot'
[08:03:31 INF] Executed DbCommand (0ms) [Parameters=[], CommandType='Text', CommandTimeout='30']
SELECT "p"."MessageId", "p"."ContentHash", "p"."FirstResponseJson", "p"."MessageType", "p"."ReceivedAt", "p"."RequestJson"
FROM "ProtocolInbox" AS "p"
WHERE "p"."MessageType" IN ('SafetyStateSnapshot', 'SafetyStateChanged')
[08:03:31 INF] Executed DbCommand (0ms) [Parameters=[], CommandType='Text', CommandTimeout='30']
SELECT "p"."MessageId", "p"."ContentHash", "p"."FirstResponseJson", "p"."MessageType", "p"."ReceivedAt", "p"."RequestJson"
FROM "ProtocolInbox" AS "p"
[08:03:31 INF] Start processing HTTP request GET http://127.0.0.1:48408/api/task/vehicles/getVehicleInfoByDeviceKey?key=BROKERX-L2-0001
[08:03:31 INF] Sending HTTP request GET http://127.0.0.1:48408/api/task/vehicles/getVehicleInfoByDeviceKey?key=BROKERX-L2-0001
[08:03:31 INF] Received HTTP response headers after 0.877ms - 200
[08:03:31 INF] End processing HTTP request after 3.547ms - 200
[08:03:31 INF] Start processing HTTP request GET http://127.0.0.1:48409/api/v2/contract
[08:03:31 INF] Sending HTTP request GET http://127.0.0.1:48409/api/v2/contract
[08:03:31 INF] Received HTTP response headers after 1.1746ms - 200
[08:03:31 INF] End processing HTTP request after 3.4826ms - 200
[08:03:31 INF] Start processing HTTP request GET http://127.0.0.1:48409/api/v2/externally-readable-demand-catalog
[08:03:31 INF] Sending HTTP request GET http://127.0.0.1:48409/api/v2/externally-readable-demand-catalog
[08:03:31 INF] Received HTTP response headers after 1.0154ms - 200
[08:03:31 INF] End processing HTTP request after 17.441ms - 200
[08:03:31 INF] Executed DbCommand (0ms) [Parameters=[@__agvId_0='?' (Size = 10)], CommandType='Text', CommandTimeout='30']
SELECT "s"."AgvId", "s"."ActiveUnlockSlotsJson", "s"."CapabilityHash", "s"."CapabilityRevision", "s"."DepartureSafe", "s"."ForcedRecoveryGeneration", "s"."ManifestSha256", "s"."PendingAttemptIdsJson", "s"."PendingResultIdsJson", "s"."ProfileId", "s"."ProtocolCommit", "s"."ProtocolVersion", "s"."ProvenRecoveryCheckpoint", "s"."Readiness", "s"."ReasonCode", "s"."RecoveryReportId", "s"."ReportedForcedRecoveryGeneration", "s"."ReportedSlotConfigurationFingerprint", "s"."SafetyHash", "s"."SafetyReasonCodesJson", "s"."SafetyRevision", "s"."SafetyUnknownPresent", "s"."SessionGeneration", "s"."UnsettledSlotOperationAttemptId", "s"."UpdatedAt"
FROM "SessionRecoveries" AS "s"
WHERE "s"."AgvId" = @__agvId_0 AND "s"."Readiness" = 'Ready'
LIMIT 2
[08:03:31 INF] Executed DbCommand (0ms) [Parameters=[@__messageType_0='?' (Size = 18)], CommandType='Text', CommandTimeout='30']
SELECT "p"."MessageId", "p"."ContentHash", "p"."FirstResponseJson", "p"."MessageType", "p"."ReceivedAt", "p"."RequestJson"
FROM "ProtocolInbox" AS "p"
WHERE "p"."MessageType" = @__messageType_0
[08:03:31 INF] Executed DbCommand (0ms) [Parameters=[], CommandType='Text', CommandTimeout='30']
SELECT "p"."MessageId", "p"."ContentHash", "p"."FirstResponseJson", "p"."MessageType", "p"."ReceivedAt", "p"."RequestJson"
FROM "ProtocolInbox" AS "p"
WHERE "p"."MessageType" = 'SafetyStateSnapshot'
[08:03:31 INF] Executed DbCommand (0ms) [Parameters=[], CommandType='Text', CommandTimeout='30']
SELECT "p"."MessageId", "p"."ContentHash", "p"."FirstResponseJson", "p"."MessageType", "p"."ReceivedAt", "p"."RequestJson"
FROM "ProtocolInbox" AS "p"
WHERE "p"."MessageType" IN ('SafetyStateSnapshot', 'SafetyStateChanged')
[08:03:31 INF] Executed DbCommand (0ms) [Parameters=[], CommandType='Text', CommandTimeout='30']
SELECT "p"."MessageId", "p"."ContentHash", "p"."FirstResponseJson", "p"."MessageType", "p"."ReceivedAt", "p"."RequestJson"
FROM "ProtocolInbox" AS "p"
[08:03:31 INF] Start processing HTTP request GET http://127.0.0.1:48408/api/task/vehicles/getVehicleInfoByDeviceKey?key=BROKERX-L2-0001
[08:03:31 INF] Sending HTTP request GET http://127.0.0.1:48408/api/task/vehicles/getVehicleInfoByDeviceKey?key=BROKERX-L2-0001
[08:03:31 INF] Received HTTP response headers after 0.772ms - 200
[08:03:31 INF] End processing HTTP request after 2.4246ms - 200
[08:03:31 INF] Executed DbCommand (0ms) [Parameters=[@__snapshot_DemandId_0='?' (Size = 36), @__snapshot_TransportDemandKey_1='?' (Size = 38)], CommandType='Text', CommandTimeout='30']
SELECT "a"."DemandId", "a"."AcceptedAt", "a"."CatalogRevision", "a"."CreatedAt", "a"."DemandRevision", "a"."Generation", "a"."HistoryEpoch", "a"."LiveMesFieldsJson", "a"."SeriesId", "a"."Status", "a"."Sublot", "a"."TransportDemandKey", "a"."ValueObservedAt", "a"."ValuePollTraceId", "a"."ValueProjectionCommitId", "a"."WorkType"
FROM "AcceptedDemands" AS "a"
WHERE "a"."DemandId" = @__snapshot_DemandId_0 OR "a"."TransportDemandKey" = @__snapshot_TransportDemandKey_1
LIMIT 2
[08:03:31 INF] Executed DbCommand (0ms) [Parameters=[@__orderIntent_VehicleKey_0='?' (Size = 15)], CommandType='Text', CommandTimeout='30']
SELECT "v"."JourneyId", "v"."AcquiredAt", "v"."DemandId", "v"."ReleasedAt", "v"."VehicleKey"
FROM "VehicleDispatchLeases" AS "v"
WHERE "v"."VehicleKey" = @__orderIntent_VehicleKey_0 AND "v"."ReleasedAt" IS NULL
LIMIT 2
[08:03:31 INF] Executed DbCommand (0ms) [Parameters=[], CommandType='Text', CommandTimeout='30']
SELECT MAX("d"."Version")
FROM "DispatchZoneAreaAssignmentVersions" AS "d"
[08:03:31 INF] Executed DbCommand (0ms) [Parameters=[@__demandId_0='?' (Size = 36)], CommandType='Text', CommandTimeout='30']
SELECT "c"."ConsumerKind", "c"."ConsumerId", "c"."ObjectKind", "c"."ObjectId", "c"."FrozenAt", "c"."FrozenVersion", "c"."SnapshotId"
FROM "ConfigurationConsumerBindings" AS "c"
WHERE "c"."ConsumerKind" = 'TransportDemand' AND "c"."ObjectKind" = 'DispatchZoneAreaAssignment' AND "c"."ObjectId" = 'dispatch-zone-area-assignment' AND "c"."ConsumerId" = @__demandId_0
LIMIT 2
[08:03:31 INF] Executed DbCommand (0ms) [Parameters=[@__version_0='?' (DbType = Int64)], CommandType='Text', CommandTimeout='30']
SELECT "d"."Version", "d"."ContentSha256", "d"."EntryCount", "d"."ImportedAt", "d"."SnapshotId"
FROM "DispatchZoneAreaAssignmentVersions" AS "d"
WHERE "d"."Version" = @__version_0
LIMIT 2
[08:03:31 INF] Executed DbCommand (0ms) [Parameters=[@p0='?' (Size = 36), @p1='?' (Size = 15), @p2='?' (Size = 29), @p3='?' (Size = 26), @p4='?' (DbType = DateTimeOffset), @p5='?' (DbType = Int64), @p6='?' (Size = 32)], CommandType='Text', CommandTimeout='30']
INSERT INTO "ConfigurationConsumerBindings" ("ConsumerId", "ConsumerKind", "ObjectId", "ObjectKind", "FrozenAt", "FrozenVersion", "SnapshotId")
VALUES (@p0, @p1, @p2, @p3, @p4, @p5, @p6);
[08:03:31 INF] Executed DbCommand (0ms) [Parameters=[@__snapshot_DemandId_0='?' (Size = 36)], CommandType='Text', CommandTimeout='30']
DELETE FROM "FrozenDemandStations" AS "f"
WHERE "f"."DemandId" = @__snapshot_DemandId_0
[08:03:31 INF] Executed DbCommand (0ms) [Parameters=[@__demandId_0='?' (Size = 36)], CommandType='Text', CommandTimeout='30']
SELECT "f"."DemandId", "f"."Role", "f"."CatalogRevision", "f"."FrozenAt", "f"."MapId", "f"."StationId", "f"."StationName", "f"."TransportDemandKey"
FROM "FrozenDemandStations" AS "f"
WHERE "f"."DemandId" = @__demandId_0
[08:03:31 INF] Executed DbCommand (0ms) [Parameters=[@p0='?' (Size = 36), @p1='?' (Size = 6), @p2='?' (DbType = Int64), @p3='?' (DbType = DateTimeOffset), @p4='?' (DbType = Int32), @p5='?' (DbType = Int32), @p6='?' (Size = 9), @p7='?' (Size = 38)], CommandType='Text', CommandTimeout='30']
INSERT INTO "FrozenDemandStations" ("DemandId", "Role", "CatalogRevision", "FrozenAt", "MapId", "StationId", "StationName", "TransportDemandKey")
VALUES (@p0, @p1, @p2, @p3, @p4, @p5, @p6, @p7);
[08:03:31 INF] Executed DbCommand (0ms) [Parameters=[@p0='?' (Size = 36), @p1='?' (Size = 7), @p2='?' (DbType = Int64), @p3='?' (DbType = DateTimeOffset), @p4='?' (DbType = Int32), @p5='?' (DbType = Int32), @p6='?' (Size = 2), @p7='?' (Size = 38)], CommandType='Text', CommandTimeout='30']
INSERT INTO "FrozenDemandStations" ("DemandId", "Role", "CatalogRevision", "FrozenAt", "MapId", "StationId", "StationName", "TransportDemandKey")
VALUES (@p0, @p1, @p2, @p3, @p4, @p5, @p6, @p7);
[08:03:31 INF] Executed DbCommand (0ms) [Parameters=[@__demandId_0='?' (Size = 36)], CommandType='Text', CommandTimeout='30']
SELECT "c"."ConsumerKind", "c"."ConsumerId", "c"."ObjectKind", "c"."ObjectId", "c"."FrozenAt", "c"."FrozenVersion", "c"."SnapshotId"
FROM "ConfigurationConsumerBindings" AS "c"
WHERE "c"."ConsumerKind" = 'TransportDemand' AND "c"."ConsumerId" = @__demandId_0 AND (("c"."ObjectKind" = 'TaskTypeStationRule' AND "c"."ObjectId" = 'task-type-station-rules') OR ("c"."ObjectKind" = 'PublicStationBinding' AND "c"."ObjectId" LIKE 'map-%'))
[08:03:31 INF] Executed DbCommand (0ms) [Parameters=[@__ruleVersion_0='?' (DbType = Int64)], CommandType='Text', CommandTimeout='30']
SELECT "t"."Version", "t"."ContentSha256", "t"."LoadedAt", "t"."SnapshotId", "t"."Source"
FROM "TaskTypeStationRuleVersions" AS "t"
WHERE "t"."Version" = @__ruleVersion_0
LIMIT 2
[08:03:31 INF] Executed DbCommand (0ms) [Parameters=[@__mapId_0='?' (DbType = Int32), @__bindingSetVersion_1='?' (DbType = Int64)], CommandType='Text', CommandTimeout='30']
SELECT "t"."MapId", "t"."Version", "t"."CatalogRevision", "t"."ContentSha256", "t"."LoadedAt", "t"."RuleVersion", "t"."SnapshotId", "t"."Source"
FROM "TaskTypeStationBindingSetVersions" AS "t"
WHERE "t"."MapId" = @__mapId_0 AND "t"."Version" = @__bindingSetVersion_1
LIMIT 2
[08:03:31 INF] Executed DbCommand (0ms) [Parameters=[@p0='?' (Size = 36), @p1='?' (Size = 15), @p2='?' (Size = 6), @p3='?' (Size = 20), @p4='?' (DbType = DateTimeOffset), @p5='?' (DbType = Int64), @p6='?' (Size = 32)], CommandType='Text', CommandTimeout='30']
INSERT INTO "ConfigurationConsumerBindings" ("ConsumerId", "ConsumerKind", "ObjectId", "ObjectKind", "FrozenAt", "FrozenVersion", "SnapshotId")
VALUES (@p0, @p1, @p2, @p3, @p4, @p5, @p6);
[08:03:31 INF] Executed DbCommand (0ms) [Parameters=[@p0='?' (Size = 36), @p1='?' (Size = 15), @p2='?' (Size = 23), @p3='?' (Size = 19), @p4='?' (DbType = DateTimeOffset), @p5='?' (DbType = Int64), @p6='?' (Size = 32)], CommandType='Text', CommandTimeout='30']
INSERT INTO "ConfigurationConsumerBindings" ("ConsumerId", "ConsumerKind", "ObjectId", "ObjectKind", "FrozenAt", "FrozenVersion", "SnapshotId")
VALUES (@p0, @p1, @p2, @p3, @p4, @p5, @p6);
[08:03:31 INF] Start processing HTTP request GET http://127.0.0.1:48408/api/task/v1/task/getVehicleInfo/BROKERX-L2-0001
[08:03:31 INF] Sending HTTP request GET http://127.0.0.1:48408/api/task/v1/task/getVehicleInfo/BROKERX-L2-0001
[08:03:31 INF] Received HTTP response headers after 0.9733ms - 200
[08:03:31 INF] End processing HTTP request after 15.3635ms - 200
[08:03:31 INF] Start processing HTTP request GET http://127.0.0.1:48408/api/order/v1/orderRecord?pageNum=1&pageSize=100&filterByState=1&filterByState=3&filterByState=7&filterByState=9
[08:03:31 INF] Sending HTTP request GET http://127.0.0.1:48408/api/order/v1/orderRecord?pageNum=1&pageSize=100&filterByState=1&filterByState=3&filterByState=7&filterByState=9
[08:03:31 INF] Received HTTP response headers after 1.0294ms - 200
[08:03:31 INF] Executed DbCommand (0ms) [Parameters=[@__runtime_AgvId_0='?' (Size = 10)], CommandType='Text', CommandTimeout='30']
SELECT MAX("j"."VehicleBusinessRevision") AS "VehicleBusiness", MAX("j"."WorklistRevision") AS "Worklist", MAX("j"."PlanRevision") AS "Plan"
FROM "JourneyRuntimes" AS "j"
WHERE "j"."AgvId" = @__runtime_AgvId_0
GROUP BY "j"."AgvId"
LIMIT 2
[08:03:31 INF] End processing HTTP request after 46.9442ms - 200
[08:03:31 INF] HTTP GET /api/onboard/v1/vehicle-safety responded 200 in 126.6408 ms
[08:03:31 INF] Executed DbCommand (0ms) [Parameters=[@__runtime_AgvId_0='?' (Size = 10)], CommandType='Text', CommandTimeout='30']
SELECT "v"."AgvId", "v"."PlanRevision", "v"."VehicleBusinessRevision", "v"."WorklistRevision"
FROM "VehicleSnapshotRevisions" AS "v"
WHERE "v"."AgvId" = @__runtime_AgvId_0
LIMIT 2
[08:03:31 INF] Executed DbCommand (0ms) [Parameters=[@__snapshot_DemandId_0='?' (Size = 36)], CommandType='Text', CommandTimeout='30']
SELECT "j"."DemandId", "j"."AcceptedAt", "j"."DecisionFingerprint", "j"."DemandCreatedAt", "j"."FirstSeenAt", "j"."LastSeenAt", "j"."ReasonCode", "j"."StarvationEscalatedAt", "j"."StarvationEscalationParameterVersion", "j"."TransportDemandKey"
FROM "JourneyBacklog" AS "j"
WHERE "j"."DemandId" = @__snapshot_DemandId_0
LIMIT 2
[08:03:31 INF] Executed DbCommand (0ms) [Parameters=[@p0='?' (Size = 36), @p1='?' (DbType = DateTimeOffset), @p2='?' (DbType = Int64), @p3='?' (DbType = DateTimeOffset), @p4='?' (DbType = Int64), @p5='?' (DbType = Int32), @p6='?' (Size = 36), @p7='?' (Size = 89), @p8='?' (Size = 39), @p9='?' (Size = 8), @p10='?' (Size = 25), @p11='?' (Size = 38), @p12='?' (DbType = DateTimeOffset), @p13='?' (Size = 38), @p14='?' (Size = 39), @p15='?' (Size = 12)], CommandType='Text', CommandTimeout='30']
INSERT INTO "AcceptedDemands" ("DemandId", "AcceptedAt", "CatalogRevision", "CreatedAt", "DemandRevision", "Generation", "HistoryEpoch", "LiveMesFieldsJson", "SeriesId", "Status", "Sublot", "TransportDemandKey", "ValueObservedAt", "ValuePollTraceId", "ValueProjectionCommitId", "WorkType")
VALUES (@p0, @p1, @p2, @p3, @p4, @p5, @p6, @p7, @p8, @p9, @p10, @p11, @p12, @p13, @p14, @p15);
[08:03:31 INF] Executed DbCommand (0ms) [Parameters=[@p3='?' (Size = 36), @p0='?' (DbType = DateTimeOffset), @p1='?' (DbType = DateTimeOffset), @p2='?' (Size = 8)], CommandType='Text', CommandTimeout='30']
UPDATE "JourneyBacklog" SET "AcceptedAt" = @p0, "LastSeenAt" = @p1, "ReasonCode" = @p2
WHERE "DemandId" = @p3
RETURNING 1;
[08:03:31 INF] Executed DbCommand (0ms) [Parameters=[@p0='?' (Size = 36), @p1='?' (Size = 44), @p2='?' (DbType = DateTimeOffset), @p3='?' (DbType = Int64), @p4='?' (Size = 19), @p5='?' (DbType = Int64), @p6='?' (DbType = Int32), @p7='?' (Size = 36), @p8='?' (Size = 36), @p9='?', @p10='?' (Size = 51), @p11='?', @p12='?' (DbType = DateTimeOffset), @p13='?' (Size = 12), @p14='?' (Size = 3), @p15='?' (Size = 36), @p16='?' (Size = 36), @p17='?' (Size = 51)], CommandType='Text', CommandTimeout='30']
INSERT INTO "JourneyDemands" ("DemandId", "JourneyId", "AddedAt", "DispatchGeneration", "DispatchZone", "DispatchZoneParameterVersion", "ExpectedBasketCount", "LoadCommandMessageId", "LoadSlotOperationAttemptId", "LoadedSlotsJson", "PickupStopId", "RemovalReason", "RemovedAt", "Status", "TargetSlotsJson", "UnloadCommandMessageId", "UnloadSlotOperationAttemptId", "UnloadStopId")
VALUES (@p0, @p1, @p2, @p3, @p4, @p5, @p6, @p7, @p8, @p9, @p10, @p11, @p12, @p13, @p14, @p15, @p16, @p17);
[08:03:31 INF] Executed DbCommand (0ms) [Parameters=[@p0='?' (Size = 44), @p1='?' (Size = 10), @p2='?' (DbType = Int64), @p3='?' (DbType = DateTimeOffset), @p4='?', @p5='?' (DbType = DateTimeOffset), @p6='?' (DbType = DateTimeOffset), @p7='?', @p8='?', @p9='?' (DbType = DateTimeOffset), @p10='?' (Size = 36), @p11='?' (DbType = Int64), @p12='?' (Size = 19), @p13='?' (DbType = Int32), @p14='?', @p15='?' (Size = 36), @p16='?' (Size = 36), @p17='?' (Size = 2), @p18='?' (DbType = Int32), @p19='?' (Size = 47), @p20='?' (Size = 36), @p21='?' (Size = 36), @p22='?' (Size = 36), @p23='?' (Size = 36), @p24='?', @p25='?', @p26='?' (DbType = Int32), @p27='?' (Size = 6), @p28='?' (Size = 36), @p29='?' (Size = 36), @p30='?' (Size = 9), @p31='?' (DbType = Int32), @p32='?' (Size = 49), @p33='?' (Size = 36), @p34='?' (DbType = Int64), @p35='?' (Size = 36), @p36='?' (Size = 36), @p37='?' (Size = 71), @p38='?' (Size = 21), @p39='?' (DbType = DateTimeOffset), @p40='?' (Size = 36), @p41='?' (Size = 3), @p42='?' (Size = 36), @p43='?' (Size = 36), @p44='?' (DbType = DateTimeOffset), @p45='?' (Size = 36), @p46='?' (DbType = Int64), @p47='?' (Size = 15), @p48='?' (Size = 36), @p49='?' (DbType = Int64), @p50='?' (DbType = DateTimeOffset), @p51='?'], CommandType='Text', CommandTimeout='30']
INSERT INTO "JourneyRuntimes" ("JourneyId", "AgvId", "AgvLifecycleGeneration", "AreaEndAdmissionRevokedSince", "BlockReasonCode", "BlockReasonSince", "CargoHoldingStartedAt", "ConsumedSafetyResultMessageId", "ConsumedSublotMessageId", "CreatedAt", "DemandId", "DispatchGeneration", "DispatchZone", "ExpectedBasketCount", "FullSlotPositionsJson", "GateMovementLegId", "GatePlanMessageId", "GateStationId", "GateStationRiotId", "GateUpperId", "GateVehicleBusinessMessageId", "GateWorklistMessageId", "LoadCommandMessageId", "LoadSlotOperationAttemptId", "LoadingClosedReason", "LoadingPhaseState", "MapId", "MapIdentity", "OperationSessionId", "PickupMovementLegId", "PickupStationId", "PickupStationRiotId", "PickupUpperId", "PlanMessageId", "PlanRevision", "PreDepartureSafetyCheckId", "PreDepartureSafetyCheckMessageId", "RouteEvidenceId", "Stage", "StationDepartureWaitStartedAt", "SublotRequestMessageId", "TargetSlotsJson", "UnloadCommandMessageId", "UnloadSlotOperationAttemptId", "UpdatedAt", "VehicleBusinessMessageId", "VehicleBusinessRevision", "VehicleKey", "WorklistMessageId", "WorklistRevision", "YieldTriggeredAt", "YieldTriggeredByVehicleKey")
VALUES (@p0, @p1, @p2, @p3, @p4, @p5, @p6, @p7, @p8, @p9, @p10, @p11, @p12, @p13, @p14, @p15, @p16, @p17, @p18, @p19, @p20, @p21, @p22, @p23, @p24, @p25, @p26, @p27, @p28, @p29, @p30, @p31, @p32, @p33, @p34, @p35, @p36, @p37, @p38, @p39, @p40, @p41, @p42, @p43, @p44, @p45, @p46, @p47, @p48, @p49, @p50, @p51);
[08:03:31 INF] Executed DbCommand (0ms) [Parameters=[@p0='?' (Size = 51), @p1='?' (DbType = DateTimeOffset), @p2='?' (Size = 36), @p3='?' (Size = 36), @p4='?' (Size = 19), @p5='?' (Size = 44), @p6='?' (Size = 36), @p7='?' (Size = 36), @p8='?' (Size = 36), @p9='?' (DbType = Int32), @p10='?' (Size = 9), @p11='?' (DbType = Int32), @p12='?' (Size = 7), @p13='?' (Size = 6), @p14='?' (Size = 36), @p15='?' (Size = 49), @p16='?' (Size = 36), @p17='?' (Size = 36)], CommandType='Text', CommandTimeout='30']
INSERT INTO "JourneyStops" ("StopId", "CreatedAt", "DepartureSafetyCheckId", "DepartureSafetyCheckMessageId", "DispatchZone", "JourneyId", "MovementLegId", "OperationSessionId", "PlanMessageId", "Sequence", "StationId", "StationRiotId", "Status", "StopRole", "SublotRequestMessageId", "UpperId", "VehicleBusinessMessageId", "WorklistMessageId")
VALUES (@p0, @p1, @p2, @p3, @p4, @p5, @p6, @p7, @p8, @p9, @p10, @p11, @p12, @p13, @p14, @p15, @p16, @p17);
[08:03:31 INF] Executed DbCommand (0ms) [Parameters=[@p0='?' (Size = 51), @p1='?' (DbType = DateTimeOffset), @p2='?', @p3='?', @p4='?' (Size = 19), @p5='?' (Size = 44), @p6='?' (Size = 36), @p7='?' (Size = 36), @p8='?' (Size = 36), @p9='?' (DbType = Int32), @p10='?' (Size = 2), @p11='?' (DbType = Int32), @p12='?' (Size = 7), @p13='?' (Size = 6), @p14='?', @p15='?' (Size = 47), @p16='?' (Size = 36), @p17='?' (Size = 36)], CommandType='Text', CommandTimeout='30']
INSERT INTO "JourneyStops" ("StopId", "CreatedAt", "DepartureSafetyCheckId", "DepartureSafetyCheckMessageId", "DispatchZone", "JourneyId", "MovementLegId", "OperationSessionId", "PlanMessageId", "Sequence", "StationId", "StationRiotId", "Status", "StopRole", "SublotRequestMessageId", "UpperId", "VehicleBusinessMessageId", "WorklistMessageId")
VALUES (@p0, @p1, @p2, @p3, @p4, @p5, @p6, @p7, @p8, @p9, @p10, @p11, @p12, @p13, @p14, @p15, @p16, @p17);
[08:03:31 INF] Executed DbCommand (1ms) [Parameters=[@p0='?' (Size = 36), @p1='?' (DbType = Int64), @p2='?' (DbType = Int32), @p3='?', @p4='?' (DbType = DateTimeOffset), @p5='?' (DbType = DateTimeOffset), @p6='?' (Size = 36), @p7='?' (DbType = Int32), @p8='?' (DbType = Int64), @p9='?' (DbType = Int32), @p10='?' (DbType = Int64), @p11='?', @p12='?', @p13='?' (DbType = DateTimeOffset), @p14='?', @p15='?', @p16='?' (DbType = DateTimeOffset), @p17='?', @p18='?' (DbType = Int32), @p19='?', @p20='?' (Size = 9), @p21='?' (Size = 22), @p22='?' (Size = 9), @p23='?' (Size = 49), @p24='?' (Size = 15), @p25='?' (DbType = DateTimeOffset), @p26='?' (DbType = DateTimeOffset)], CommandType='Text', CommandTimeout='30']
INSERT INTO "OrderIntents" ("MovementLegId", "AgvLifecycleGeneration", "CreateAttemptCount", "CreateAttemptId", "CreateDispatchArmedAt", "CreatedAt", "DemandId", "DestinationStationId", "DispatchAuditSequence", "DispatchAuditVersion", "DispatchGeneration", "ExperimentalCreateAuthorizationId", "LastCreateOutcome", "LastCreateOutcomeAt", "LastCreateReceiptJson", "LastReconciliationOutcome", "LastReconciliationOutcomeAt", "LastReconciliationReceiptJson", "MapId", "OrderId", "Purpose", "Status", "TargetStationId", "UpperId", "VehicleKey", "VehicleOccupancyClaimedAt", "VehicleOccupancyReleasedAt")
VALUES (@p0, @p1, @p2, @p3, @p4, @p5, @p6, @p7, @p8, @p9, @p10, @p11, @p12, @p13, @p14, @p15, @p16, @p17, @p18, @p19, @p20, @p21, @p22, @p23, @p24, @p25, @p26);
[08:03:31 INF] Executed DbCommand (0ms) [Parameters=[@p0='?' (Size = 44), @p1='?' (DbType = DateTimeOffset), @p2='?' (Size = 36), @p3='?' (DbType = DateTimeOffset), @p4='?' (Size = 15)], CommandType='Text', CommandTimeout='30']
INSERT INTO "VehicleDispatchLeases" ("JourneyId", "AcquiredAt", "DemandId", "ReleasedAt", "VehicleKey")
VALUES (@p0, @p1, @p2, @p3, @p4);
[08:03:31 INF] Executed DbCommand (0ms) [Parameters=[@p0='?' (Size = 15), @p1='?' (DbType = DateTimeOffset), @p2='?' (Size = 44), @p3='?' (Size = 9)], CommandType='Text', CommandTimeout='30']
INSERT INTO "VehiclePurposeClaims" ("VehicleKey", "ClaimedAt", "JourneyId", "Purpose")
VALUES (@p0, @p1, @p2, @p3);
[08:03:31 INF] Executed DbCommand (0ms) [Parameters=[@p0='?' (Size = 10), @p1='?' (DbType = Int64), @p2='?' (DbType = Int64), @p3='?' (DbType = Int64)], CommandType='Text', CommandTimeout='30']
INSERT INTO "VehicleSnapshotRevisions" ("AgvId", "PlanRevision", "VehicleBusinessRevision", "WorklistRevision")
VALUES (@p0, @p1, @p2, @p3);
[08:03:31 INF] Executed DbCommand (0ms) [Parameters=[@__upperId_0='?' (Size = 49)], CommandType='Text', CommandTimeout='30']
SELECT "o"."MovementLegId", "o"."AgvLifecycleGeneration", "o"."CreateAttemptCount", "o"."CreateAttemptId", "o"."CreateDispatchArmedAt", "o"."CreatedAt", "o"."DemandId", "o"."DestinationStationId", "o"."DispatchAuditSequence", "o"."DispatchAuditVersion", "o"."DispatchGeneration", "o"."ExperimentalCreateAuthorizationId", "o"."LastCreateOutcome", "o"."LastCreateOutcomeAt", "o"."LastCreateReceiptJson", "o"."LastReconciliationOutcome", "o"."LastReconciliationOutcomeAt", "o"."LastReconciliationReceiptJson", "o"."MapId", "o"."OrderId", "o"."Purpose", "o"."Status", "o"."TargetStationId", "o"."UpperId", "o"."VehicleKey", "o"."VehicleOccupancyClaimedAt", "o"."VehicleOccupancyReleasedAt"
FROM "OrderIntents" AS "o"
WHERE "o"."UpperId" = @__upperId_0
LIMIT 2
[08:03:31 INF] Executed DbCommand (0ms) [Parameters=[], CommandType='Text', CommandTimeout='30']
SELECT "e"."AuthorizationId", "e"."AgvLifecycleGeneration", "e"."AuthorizationVersion", "e"."ConsumedAt", "e"."ConsumedByAttemptId", "e"."DemandId", "e"."DispatchGeneration", "e"."ExpiresAt", "e"."MovementLegId", "e"."PersistedAt", "e"."UpperId"
FROM "ExperimentalRiotCreateAuthorizations" AS "e"
WHERE 0
LIMIT 2
[08:03:31 INF] Start processing HTTP request GET http://127.0.0.1:48408/api/order/v1/orderRecord/detailByUpperId/W2G-85d79e30-f8cd-40eb-80ce-a487b692ba51-PICKUP-1
[08:03:31 INF] Sending HTTP request GET http://127.0.0.1:48408/api/order/v1/orderRecord/detailByUpperId/W2G-85d79e30-f8cd-40eb-80ce-a487b692ba51-PICKUP-1
[08:03:31 INF] Received HTTP response headers after 8.7551ms - 404
[08:03:31 INF] End processing HTTP request after 10.3217ms - 404
[08:03:31 INF] Executed DbCommand (0ms) [Parameters=[@__upperId_0='?' (Size = 49)], CommandType='Text', CommandTimeout='30']
SELECT "o"."MovementLegId", "o"."AgvLifecycleGeneration", "o"."CreateAttemptCount", "o"."CreateAttemptId", "o"."CreateDispatchArmedAt", "o"."CreatedAt", "o"."DemandId", "o"."DestinationStationId", "o"."DispatchAuditSequence", "o"."DispatchAuditVersion", "o"."DispatchGeneration", "o"."ExperimentalCreateAuthorizationId", "o"."LastCreateOutcome", "o"."LastCreateOutcomeAt", "o"."LastCreateReceiptJson", "o"."LastReconciliationOutcome", "o"."LastReconciliationOutcomeAt", "o"."LastReconciliationReceiptJson", "o"."MapId", "o"."OrderId", "o"."Purpose", "o"."Status", "o"."TargetStationId", "o"."UpperId", "o"."VehicleKey", "o"."VehicleOccupancyClaimedAt", "o"."VehicleOccupancyReleasedAt"
FROM "OrderIntents" AS "o"
WHERE "o"."UpperId" = @__upperId_0
LIMIT 2
[08:03:31 INF] Executed DbCommand (0ms) [Parameters=[@__messageId_0='?' (Size = 36)], CommandType='Text', CommandTimeout='30']
SELECT "p"."MessageId", "p"."ContentHash", "p"."FirstResponseJson", "p"."MessageType", "p"."ReceivedAt", "p"."RequestJson"
FROM "ProtocolInbox" AS "p"
WHERE "p"."MessageId" = @__messageId_0
LIMIT 2
[08:03:31 INF] Executed DbCommand (0ms) [Parameters=[@p0='?' (Size = 36), @p1='?' (Size = 64), @p2='?' (Size = 535), @p3='?' (Size = 9), @p4='?' (DbType = DateTimeOffset), @p5='?' (Size = 427)], CommandType='Text', CommandTimeout='30']
INSERT INTO "ProtocolInbox" ("MessageId", "ContentHash", "FirstResponseJson", "MessageType", "ReceivedAt", "RequestJson")
VALUES (@p0, @p1, @p2, @p3, @p4, @p5);
[08:03:32 INF] Executed DbCommand (0ms) [Parameters=[@p4='?' (Size = 36), @p5='?' (DbType = Int32), @p0='?' (DbType = Int64), @p6='?' (DbType = Int64), @p8='?', @p1='?' (Size = 31), @p2='?' (DbType = DateTimeOffset), @p3='?' (Size = 188), @p7='?' (Size = 22)], CommandType='Text', CommandTimeout='30']
UPDATE "OrderIntents" SET "DispatchAuditSequence" = @p0, "LastReconciliationOutcome" = @p1, "LastReconciliationOutcomeAt" = @p2, "LastReconciliationReceiptJson" = @p3
WHERE "MovementLegId" = @p4 AND "CreateAttemptCount" = @p5 AND "DispatchAuditSequence" = @p6 AND "ExperimentalCreateAuthorizationId" IS NULL AND "Status" = @p7
RETURNING 1;
[08:03:32 INF] Executed DbCommand (0ms) [Parameters=[@p0='?' (Size = 36), @p1='?', @p2='?' (DbType = Int32), @p3='?', @p4='?' (Size = 36), @p5='?' (DbType = Int64), @p6='?', @p7='?', @p8='?', @p9='?' (DbType = Int32), @p10='?' (Size = 36), @p11='?' (DbType = DateTimeOffset), @p12='?' (Size = 9), @p13='?' (Size = 25), @p14='?' (Size = 8), @p15='?' (DbType = DateTimeOffset), @p16='?' (Size = 9), @p17='?', @p18='?' (DbType = Boolean), @p19='?', @p20='?' (DbType = Int64), @p21='?' (Size = 49)], CommandType='Text', CommandTimeout='30']
INSERT INTO "RiotDispatchAuditEvents" ("AuditEventId", "AttemptId", "AttemptNumber", "BusinessCode", "DemandId", "DispatchGeneration", "EligibilityBasis", "ExperimentalAuthorizationId", "FailureCategory", "HttpStatusCode", "MovementLegId", "OccurredAt", "Outcome", "Phase", "ReceiptClassification", "ReceiptObservedAt", "ReceiptOperation", "RequestSemanticSha256", "ResultPresent", "ReturnedOrderId", "Sequence", "UpperId")
VALUES (@p0, @p1, @p2, @p3, @p4, @p5, @p6, @p7, @p8, @p9, @p10, @p11, @p12, @p13, @p14, @p15, @p16, @p17, @p18, @p19, @p20, @p21);
[08:03:32 INF] Executed DbCommand (0ms) [Parameters=[@__upperId_0='?' (Size = 49)], CommandType='Text', CommandTimeout='30']
SELECT "o"."MovementLegId", "o"."AgvLifecycleGeneration", "o"."CreateAttemptCount", "o"."CreateAttemptId", "o"."CreateDispatchArmedAt", "o"."CreatedAt", "o"."DemandId", "o"."DestinationStationId", "o"."DispatchAuditSequence", "o"."DispatchAuditVersion", "o"."DispatchGeneration", "o"."ExperimentalCreateAuthorizationId", "o"."LastCreateOutcome", "o"."LastCreateOutcomeAt", "o"."LastCreateReceiptJson", "o"."LastReconciliationOutcome", "o"."LastReconciliationOutcomeAt", "o"."LastReconciliationReceiptJson", "o"."MapId", "o"."OrderId", "o"."Purpose", "o"."Status", "o"."TargetStationId", "o"."UpperId", "o"."VehicleKey", "o"."VehicleOccupancyClaimedAt", "o"."VehicleOccupancyReleasedAt"
FROM "OrderIntents" AS "o"
WHERE "o"."UpperId" = @__upperId_0
LIMIT 2
[08:03:32 INF] Executed DbCommand (0ms) [Parameters=[@p7='?' (Size = 36), @p0='?' (DbType = Int32), @p8='?' (DbType = Int32), @p1='?' (Size = 36), @p2='?' (DbType = DateTimeOffset), @p3='?' (DbType = Int64), @p9='?' (DbType = Int64), @p11='?', @p4='?' (Size = 13), @p5='?' (DbType = DateTimeOffset), @p6='?' (Size = 16), @p10='?' (Size = 22)], CommandType='Text', CommandTimeout='30']
UPDATE "OrderIntents" SET "CreateAttemptCount" = @p0, "CreateAttemptId" = @p1, "CreateDispatchArmedAt" = @p2, "DispatchAuditSequence" = @p3, "LastCreateOutcome" = @p4, "LastCreateOutcomeAt" = @p5, "Status" = @p6
WHERE "MovementLegId" = @p7 AND "CreateAttemptCount" = @p8 AND "DispatchAuditSequence" = @p9 AND "ExperimentalCreateAuthorizationId" IS NULL AND "Status" = @p10
RETURNING 1;
[08:03:32 INF] Executed DbCommand (0ms) [Parameters=[@p0='?' (Size = 36), @p1='?' (Size = 36), @p2='?' (DbType = Int32), @p3='?', @p4='?' (Size = 36), @p5='?' (DbType = Int64), @p6='?', @p7='?', @p8='?', @p9='?' (DbType = Int32), @p10='?' (Size = 36), @p11='?' (DbType = DateTimeOffset), @p12='?' (Size = 5), @p13='?' (Size = 15), @p14='?', @p15='?' (DbType = DateTimeOffset), @p16='?', @p17='?' (Size = 64), @p18='?' (DbType = Boolean), @p19='?', @p20='?' (DbType = Int64), @p21='?' (Size = 49)], CommandType='Text', CommandTimeout='30']
INSERT INTO "RiotDispatchAuditEvents" ("AuditEventId", "AttemptId", "AttemptNumber", "BusinessCode", "DemandId", "DispatchGeneration", "EligibilityBasis", "ExperimentalAuthorizationId", "FailureCategory", "HttpStatusCode", "MovementLegId", "OccurredAt", "Outcome", "Phase", "ReceiptClassification", "ReceiptObservedAt", "ReceiptOperation", "RequestSemanticSha256", "ResultPresent", "ReturnedOrderId", "Sequence", "UpperId")
VALUES (@p0, @p1, @p2, @p3, @p4, @p5, @p6, @p7, @p8, @p9, @p10, @p11, @p12, @p13, @p14, @p15, @p16, @p17, @p18, @p19, @p20, @p21);
[08:03:32 INF] Executed DbCommand (0ms) [Parameters=[@__upperId_0='?' (Size = 49)], CommandType='Text', CommandTimeout='30']
SELECT "o"."MovementLegId", "o"."AgvLifecycleGeneration", "o"."CreateAttemptCount", "o"."CreateAttemptId", "o"."CreateDispatchArmedAt", "o"."CreatedAt", "o"."DemandId", "o"."DestinationStationId", "o"."DispatchAuditSequence", "o"."DispatchAuditVersion", "o"."DispatchGeneration", "o"."ExperimentalCreateAuthorizationId", "o"."LastCreateOutcome", "o"."LastCreateOutcomeAt", "o"."LastCreateReceiptJson", "o"."LastReconciliationOutcome", "o"."LastReconciliationOutcomeAt", "o"."LastReconciliationReceiptJson", "o"."MapId", "o"."OrderId", "o"."Purpose", "o"."Status", "o"."TargetStationId", "o"."UpperId", "o"."VehicleKey", "o"."VehicleOccupancyClaimedAt", "o"."VehicleOccupancyReleasedAt"
FROM "OrderIntents" AS "o"
WHERE "o"."UpperId" = @__upperId_0
LIMIT 2
[08:03:32 INF] Executed DbCommand (0ms) [Parameters=[@p3='?' (Size = 36), @p4='?' (DbType = Int32), @p0='?' (DbType = Int64), @p5='?' (DbType = Int64), @p7='?', @p1='?' (Size = 20), @p2='?' (DbType = DateTimeOffset), @p6='?' (Size = 16)], CommandType='Text', CommandTimeout='30']
UPDATE "OrderIntents" SET "DispatchAuditSequence" = @p0, "LastCreateOutcome" = @p1, "LastCreateOutcomeAt" = @p2
WHERE "MovementLegId" = @p3 AND "CreateAttemptCount" = @p4 AND "DispatchAuditSequence" = @p5 AND "ExperimentalCreateAuthorizationId" IS NULL AND "Status" = @p6
RETURNING 1;
[08:03:32 INF] Executed DbCommand (0ms) [Parameters=[@p0='?' (Size = 36), @p1='?' (Size = 36), @p2='?' (DbType = Int32), @p3='?', @p4='?' (Size = 36), @p5='?' (DbType = Int64), @p6='?', @p7='?', @p8='?', @p9='?' (DbType = Int32), @p10='?' (Size = 36), @p11='?' (DbType = DateTimeOffset), @p12='?' (Size = 7), @p13='?' (Size = 14), @p14='?', @p15='?' (DbType = DateTimeOffset), @p16='?', @p17='?' (Size = 64), @p18='?' (DbType = Boolean), @p19='?', @p20='?' (DbType = Int64), @p21='?' (Size = 49)], CommandType='Text', CommandTimeout='30']
INSERT INTO "RiotDispatchAuditEvents" ("AuditEventId", "AttemptId", "AttemptNumber", "BusinessCode", "DemandId", "DispatchGeneration", "EligibilityBasis", "ExperimentalAuthorizationId", "FailureCategory", "HttpStatusCode", "MovementLegId", "OccurredAt", "Outcome", "Phase", "ReceiptClassification", "ReceiptObservedAt", "ReceiptOperation", "RequestSemanticSha256", "ResultPresent", "ReturnedOrderId", "Sequence", "UpperId")
VALUES (@p0, @p1, @p2, @p3, @p4, @p5, @p6, @p7, @p8, @p9, @p10, @p11, @p12, @p13, @p14, @p15, @p16, @p17, @p18, @p19, @p20, @p21);
[08:03:32 INF] Start processing HTTP request POST http://127.0.0.1:48408/api/order/v1/add/byDefaultMissions
[08:03:32 INF] Sending HTTP request POST http://127.0.0.1:48408/api/order/v1/add/byDefaultMissions
[08:03:32 INF] Received HTTP response headers after 13.0867ms - 200
[08:03:32 INF] End processing HTTP request after 14.5211ms - 200
[08:03:32 INF] Executed DbCommand (0ms) [Parameters=[@__upperId_0='?' (Size = 49)], CommandType='Text', CommandTimeout='30']
SELECT "o"."MovementLegId", "o"."AgvLifecycleGeneration", "o"."CreateAttemptCount", "o"."CreateAttemptId", "o"."CreateDispatchArmedAt", "o"."CreatedAt", "o"."DemandId", "o"."DestinationStationId", "o"."DispatchAuditSequence", "o"."DispatchAuditVersion", "o"."DispatchGeneration", "o"."ExperimentalCreateAuthorizationId", "o"."LastCreateOutcome", "o"."LastCreateOutcomeAt", "o"."LastCreateReceiptJson", "o"."LastReconciliationOutcome", "o"."LastReconciliationOutcomeAt", "o"."LastReconciliationReceiptJson", "o"."MapId", "o"."OrderId", "o"."Purpose", "o"."Status", "o"."TargetStationId", "o"."UpperId", "o"."VehicleKey", "o"."VehicleOccupancyClaimedAt", "o"."VehicleOccupancyReleasedAt"
FROM "OrderIntents" AS "o"
WHERE "o"."UpperId" = @__upperId_0
LIMIT 2
[08:03:32 INF] Executed DbCommand (0ms) [Parameters=[@p4='?' (Size = 36), @p5='?' (DbType = Int32), @p0='?' (DbType = Int64), @p6='?' (DbType = Int64), @p8='?', @p1='?' (Size = 22), @p2='?' (DbType = DateTimeOffset), @p3='?' (Size = 188), @p7='?' (Size = 16)], CommandType='Text', CommandTimeout='30']
UPDATE "OrderIntents" SET "DispatchAuditSequence" = @p0, "LastCreateOutcome" = @p1, "LastCreateOutcomeAt" = @p2, "LastCreateReceiptJson" = @p3
WHERE "MovementLegId" = @p4 AND "CreateAttemptCount" = @p5 AND "DispatchAuditSequence" = @p6 AND "ExperimentalCreateAuthorizationId" IS NULL AND "Status" = @p7
RETURNING 1;
[08:03:32 INF] Executed DbCommand (0ms) [Parameters=[@p0='?' (Size = 36), @p1='?' (Size = 36), @p2='?' (DbType = Int32), @p3='?', @p4='?' (Size = 36), @p5='?' (DbType = Int64), @p6='?', @p7='?', @p8='?', @p9='?' (DbType = Int32), @p10='?' (Size = 36), @p11='?' (DbType = DateTimeOffset), @p12='?' (Size = 8), @p13='?' (Size = 15), @p14='?' (Size = 11), @p15='?' (DbType = DateTimeOffset), @p16='?' (Size = 6), @p17='?', @p18='?' (DbType = Boolean), @p19='?' (Size = 12), @p20='?' (DbType = Int64), @p21='?' (Size = 49)], CommandType='Text', CommandTimeout='30']
INSERT INTO "RiotDispatchAuditEvents" ("AuditEventId", "AttemptId", "AttemptNumber", "BusinessCode", "DemandId", "DispatchGeneration", "EligibilityBasis", "ExperimentalAuthorizationId", "FailureCategory", "HttpStatusCode", "MovementLegId", "OccurredAt", "Outcome", "Phase", "ReceiptClassification", "ReceiptObservedAt", "ReceiptOperation", "RequestSemanticSha256", "ResultPresent", "ReturnedOrderId", "Sequence", "UpperId")
VALUES (@p0, @p1, @p2, @p3, @p4, @p5, @p6, @p7, @p8, @p9, @p10, @p11, @p12, @p13, @p14, @p15, @p16, @p17, @p18, @p19, @p20, @p21);
[08:03:32 INF] Start processing HTTP request GET http://127.0.0.1:48408/api/order/v1/orderRecord/detailByUpperId/W2G-85d79e30-f8cd-40eb-80ce-a487b692ba51-PICKUP-1
[08:03:32 INF] Sending HTTP request GET http://127.0.0.1:48408/api/order/v1/orderRecord/detailByUpperId/W2G-85d79e30-f8cd-40eb-80ce-a487b692ba51-PICKUP-1
[08:03:32 INF] Received HTTP response headers after 4.1825ms - 200
[08:03:32 INF] End processing HTTP request after 9.6716ms - 200
[08:03:32 INF] Executed DbCommand (0ms) [Parameters=[@__upperId_0='?' (Size = 49)], CommandType='Text', CommandTimeout='30']
SELECT "o"."MovementLegId", "o"."AgvLifecycleGeneration", "o"."CreateAttemptCount", "o"."CreateAttemptId", "o"."CreateDispatchArmedAt", "o"."CreatedAt", "o"."DemandId", "o"."DestinationStationId", "o"."DispatchAuditSequence", "o"."DispatchAuditVersion", "o"."DispatchGeneration", "o"."ExperimentalCreateAuthorizationId", "o"."LastCreateOutcome", "o"."LastCreateOutcomeAt", "o"."LastCreateReceiptJson", "o"."LastReconciliationOutcome", "o"."LastReconciliationOutcomeAt", "o"."LastReconciliationReceiptJson", "o"."MapId", "o"."OrderId", "o"."Purpose", "o"."Status", "o"."TargetStationId", "o"."UpperId", "o"."VehicleKey", "o"."VehicleOccupancyClaimedAt", "o"."VehicleOccupancyReleasedAt"
FROM "OrderIntents" AS "o"
WHERE "o"."UpperId" = @__upperId_0
LIMIT 2
[08:03:32 INF] Executed DbCommand (0ms) [Parameters=[@p6='?' (Size = 36), @p7='?' (DbType = Int32), @p0='?' (DbType = Int64), @p8='?' (DbType = Int64), @p10='?', @p1='?' (Size = 33), @p2='?' (DbType = DateTimeOffset), @p3='?' (Size = 185), @p4='?' (Size = 12), @p5='?' (Size = 9), @p9='?' (Size = 16)], CommandType='Text', CommandTimeout='30']
UPDATE "OrderIntents" SET "DispatchAuditSequence" = @p0, "LastReconciliationOutcome" = @p1, "LastReconciliationOutcomeAt" = @p2, "LastReconciliationReceiptJson" = @p3, "OrderId" = @p4, "Status" = @p5
WHERE "MovementLegId" = @p6 AND "CreateAttemptCount" = @p7 AND "DispatchAuditSequence" = @p8 AND "ExperimentalCreateAuthorizationId" IS NULL AND "Status" = @p9
RETURNING 1;
[08:03:32 INF] Executed DbCommand (0ms) [Parameters=[@p0='?' (Size = 36), @p1='?' (Size = 36), @p2='?' (DbType = Int32), @p3='?', @p4='?' (Size = 36), @p5='?' (DbType = Int64), @p6='?', @p7='?', @p8='?', @p9='?' (DbType = Int32), @p10='?' (Size = 36), @p11='?' (DbType = DateTimeOffset), @p12='?' (Size = 9), @p13='?' (Size = 26), @p14='?' (Size = 5), @p15='?' (DbType = DateTimeOffset), @p16='?' (Size = 9), @p17='?', @p18='?' (DbType = Boolean), @p19='?' (Size = 12), @p20='?' (DbType = Int64), @p21='?' (Size = 49)], CommandType='Text', CommandTimeout='30']
INSERT INTO "RiotDispatchAuditEvents" ("AuditEventId", "AttemptId", "AttemptNumber", "BusinessCode", "DemandId", "DispatchGeneration", "EligibilityBasis", "ExperimentalAuthorizationId", "FailureCategory", "HttpStatusCode", "MovementLegId", "OccurredAt", "Outcome", "Phase", "ReceiptClassification", "ReceiptObservedAt", "ReceiptOperation", "RequestSemanticSha256", "ResultPresent", "ReturnedOrderId", "Sequence", "UpperId")
VALUES (@p0, @p1, @p2, @p3, @p4, @p5, @p6, @p7, @p8, @p9, @p10, @p11, @p12, @p13, @p14, @p15, @p16, @p17, @p18, @p19, @p20, @p21);
[08:03:32 INF] Executed DbCommand (0ms) [Parameters=[@__upperId_0='?' (Size = 49)], CommandType='Text', CommandTimeout='30']
SELECT "o"."MovementLegId", "o"."AgvLifecycleGeneration", "o"."CreateAttemptCount", "o"."CreateAttemptId", "o"."CreateDispatchArmedAt", "o"."CreatedAt", "o"."DemandId", "o"."DestinationStationId", "o"."DispatchAuditSequence", "o"."DispatchAuditVersion", "o"."DispatchGeneration", "o"."ExperimentalCreateAuthorizationId", "o"."LastCreateOutcome", "o"."LastCreateOutcomeAt", "o"."LastCreateReceiptJson", "o"."LastReconciliationOutcome", "o"."LastReconciliationOutcomeAt", "o"."LastReconciliationReceiptJson", "o"."MapId", "o"."OrderId", "o"."Purpose", "o"."Status", "o"."TargetStationId", "o"."UpperId", "o"."VehicleKey", "o"."VehicleOccupancyClaimedAt", "o"."VehicleOccupancyReleasedAt"
FROM "OrderIntents" AS "o"
WHERE "o"."UpperId" = @__upperId_0
LIMIT 2
[08:03:32 INF] Executed DbCommand (0ms) [Parameters=[@p1='?' (Size = 36), @p2='?' (DbType = Int32), @p3='?' (DbType = Int64), @p5='?', @p4='?' (Size = 9), @p0='?' (DbType = DateTimeOffset)], CommandType='Text', CommandTimeout='30']
UPDATE "OrderIntents" SET "VehicleOccupancyClaimedAt" = @p0
WHERE "MovementLegId" = @p1 AND "CreateAttemptCount" = @p2 AND "DispatchAuditSequence" = @p3 AND "ExperimentalCreateAuthorizationId" IS NULL AND "Status" = @p4
RETURNING 1;
[08:03:32 INF] Executed DbCommand (0ms) [Parameters=[], CommandType='Text', CommandTimeout='30']
SELECT "s"."DemandId", "s"."ReasonCode", "s"."ClearedAt", "s"."DetailJson", "s"."FirstRaisedAt", "s"."LastSeenAt", "s"."TransportDemandKey"
FROM "StructuralDispatchBlocks" AS "s"
WHERE "s"."ClearedAt" IS NULL
[08:03:32 INF] Start processing HTTP request GET http://127.0.0.1:48408/api/imap/v1/mapInfo/stations/25
[08:03:32 INF] Sending HTTP request GET http://127.0.0.1:48408/api/imap/v1/mapInfo/stations/25
[08:03:32 INF] Received HTTP response headers after 0.9567ms - 200
[08:03:32 INF] End processing HTTP request after 4.3777ms - 200
[08:03:32 INF] Executed DbCommand (0ms) [Parameters=[@__mapId_0='?' (DbType = Int32)], CommandType='Text', CommandTimeout='30']
SELECT "t"."MapId", "t"."ActiveVersion", "t"."PendingVersion", "t"."State", "t"."UpdatedAt"
FROM "TaskTypeStationActiveBindingSets" AS "t"
WHERE "t"."MapId" = @__mapId_0
LIMIT 2
[08:03:32 INF] Executed DbCommand (0ms) [Parameters=[@__mapId_0='?' (DbType = Int32), @__version_1='?' (DbType = Int64)], CommandType='Text', CommandTimeout='30']
SELECT "t"."MapId", "t"."Version", "t"."CatalogRevision", "t"."ContentSha256", "t"."LoadedAt", "t"."RuleVersion", "t"."SnapshotId", "t"."Source"
FROM "TaskTypeStationBindingSetVersions" AS "t"
WHERE "t"."MapId" = @__mapId_0 AND "t"."Version" = @__version_1
LIMIT 2
[08:03:32 INF] Executed DbCommand (0ms) [Parameters=[@__mapId_0='?' (DbType = Int32), @__version_1='?' (DbType = Int64)], CommandType='Text', CommandTimeout='30']
SELECT "t"."TaskType"
FROM "TaskTypeStationRequirements" AS "t"
WHERE "t"."MapId" = @__mapId_0 AND "t"."Version" = @__version_1
[08:03:32 INF] Executed DbCommand (0ms) [Parameters=[@__mapId_0='?' (DbType = Int32), @__version_1='?' (DbType = Int64)], CommandType='Text', CommandTimeout='30']
SELECT "t"."MapId", "t"."Version", "t"."TaskType", "t"."SiteVerificationRef", "t"."StationName", "t"."StationRiotId"
FROM "TaskTypeStationBindings" AS "t"
WHERE "t"."MapId" = @__mapId_0 AND "t"."Version" = @__version_1
[08:03:32 INF] Executed DbCommand (0ms) [Parameters=[@__version_0='?' (DbType = Int64)], CommandType='Text', CommandTimeout='30']
SELECT "t"."Version", "t"."ContentSha256", "t"."LoadedAt", "t"."SnapshotId", "t"."Source"
FROM "TaskTypeStationRuleVersions" AS "t"
WHERE "t"."Version" = @__version_0
LIMIT 2
[08:03:32 INF] Executed DbCommand (0ms) [Parameters=[@__version_0='?' (DbType = Int64)], CommandType='Text', CommandTimeout='30']
SELECT "t"."Version", "t"."TaskType", "t"."FixedEnd"
FROM "TaskTypeStationRules" AS "t"
WHERE "t"."Version" = @__version_0
[08:03:32 INF] Executed DbCommand (0ms) [Parameters=[@__mapId_0='?' (DbType = Int32)], CommandType='Text', CommandTimeout='30']
SELECT "t"."MapId", "t"."ActiveVersion", "t"."PendingVersion", "t"."State", "t"."UpdatedAt"
FROM "TaskTypeStationActiveBindingSets" AS "t"
WHERE "t"."MapId" = @__mapId_0
LIMIT 2
[08:03:32 INF] Executed DbCommand (0ms) [Parameters=[@__mapId_0='?' (DbType = Int32)], CommandType='Text', CommandTimeout='30']
SELECT "t"."HoldId", "t"."DetailJson", "t"."MapId", "t"."RaisedAt", "t"."RaisedBy", "t"."ReasonCode", "t"."ReleasedAt", "t"."ReleasedBy", "t"."Source", "t"."TaskType"
FROM "TaskTypeStationHolds" AS "t"
WHERE "t"."MapId" = @__mapId_0 AND "t"."ReleasedAt" IS NULL
[08:03:32 INF] Executed DbCommand (0ms) [Parameters=[@__mapId_0='?' (DbType = Int32)], CommandType='Text', CommandTimeout='30']
SELECT "m"."MapId", "m"."ApprovedMaxUnconfirmedSeconds", "m"."ApprovedSyncPeriodSeconds", "m"."CatalogRevision", "m"."LastAttemptAt", "m"."LastCompleteConfirmationAt", "m"."LastFailureReason", "m"."State", "m"."UpdatedAt"
FROM "MapStationCatalogStates" AS "m"
WHERE "m"."MapId" = @__mapId_0
LIMIT 2
[08:03:32 INF] Executed DbCommand (0ms) [Parameters=[@p3='?' (DbType = Int32), @p0='?' (DbType = DateTimeOffset), @p1='?' (DbType = DateTimeOffset), @p2='?' (DbType = DateTimeOffset)], CommandType='Text', CommandTimeout='30']
UPDATE "MapStationCatalogStates" SET "LastAttemptAt" = @p0, "LastCompleteConfirmationAt" = @p1, "UpdatedAt" = @p2
WHERE "MapId" = @p3
RETURNING 1;
[08:03:32 INF] Executed DbCommand (0ms) [Parameters=[@__mapId_0='?' (DbType = Int32)], CommandType='Text', CommandTimeout='30']
SELECT "t"."MapId", "t"."ActiveVersion", "t"."PendingVersion", "t"."State", "t"."UpdatedAt"
FROM "TaskTypeStationActiveBindingSets" AS "t"
WHERE "t"."MapId" = @__mapId_0
LIMIT 2
[08:03:32 INF] Executed DbCommand (0ms) [Parameters=[@__mapId_0='?' (DbType = Int32), @__version_1='?' (DbType = Int64)], CommandType='Text', CommandTimeout='30']
SELECT "t"."MapId", "t"."Version", "t"."CatalogRevision", "t"."ContentSha256", "t"."LoadedAt", "t"."RuleVersion", "t"."SnapshotId", "t"."Source"
FROM "TaskTypeStationBindingSetVersions" AS "t"
WHERE "t"."MapId" = @__mapId_0 AND "t"."Version" = @__version_1
LIMIT 2
[08:03:32 INF] Executed DbCommand (0ms) [Parameters=[@__mapId_0='?' (DbType = Int32), @__version_1='?' (DbType = Int64)], CommandType='Text', CommandTimeout='30']
SELECT "t"."TaskType"
FROM "TaskTypeStationRequirements" AS "t"
WHERE "t"."MapId" = @__mapId_0 AND "t"."Version" = @__version_1
[08:03:32 INF] Executed DbCommand (0ms) [Parameters=[@__mapId_0='?' (DbType = Int32), @__version_1='?' (DbType = Int64)], CommandType='Text', CommandTimeout='30']
SELECT "t"."MapId", "t"."Version", "t"."TaskType", "t"."SiteVerificationRef", "t"."StationName", "t"."StationRiotId"
FROM "TaskTypeStationBindings" AS "t"
WHERE "t"."MapId" = @__mapId_0 AND "t"."Version" = @__version_1
[08:03:32 INF] Executed DbCommand (0ms) [Parameters=[@__mapId_0='?' (DbType = Int32)], CommandType='Text', CommandTimeout='30']
SELECT "t"."MapId", "t"."ActiveVersion", "t"."PendingVersion", "t"."State", "t"."UpdatedAt"
FROM "TaskTypeStationActiveBindingSets" AS "t"
WHERE "t"."MapId" = @__mapId_0
LIMIT 2
[08:03:32 INF] Executed DbCommand (0ms) [Parameters=[@__mapId_0='?' (DbType = Int32), @__version_1='?' (DbType = Int64)], CommandType='Text', CommandTimeout='30']
SELECT "t"."MapId", "t"."Version", "t"."CatalogRevision", "t"."ContentSha256", "t"."LoadedAt", "t"."RuleVersion", "t"."SnapshotId", "t"."Source"
FROM "TaskTypeStationBindingSetVersions" AS "t"
WHERE "t"."MapId" = @__mapId_0 AND "t"."Version" = @__version_1
LIMIT 2
[08:03:32 INF] Executed DbCommand (0ms) [Parameters=[@__mapId_0='?' (DbType = Int32), @__version_1='?' (DbType = Int64)], CommandType='Text', CommandTimeout='30']
SELECT "t"."TaskType"
FROM "TaskTypeStationRequirements" AS "t"
WHERE "t"."MapId" = @__mapId_0 AND "t"."Version" = @__version_1
[08:03:32 INF] Executed DbCommand (0ms) [Parameters=[@__mapId_0='?' (DbType = Int32), @__version_1='?' (DbType = Int64)], CommandType='Text', CommandTimeout='30']
SELECT "t"."MapId", "t"."Version", "t"."TaskType", "t"."SiteVerificationRef", "t"."StationName", "t"."StationRiotId"
FROM "TaskTypeStationBindings" AS "t"
WHERE "t"."MapId" = @__mapId_0 AND "t"."Version" = @__version_1
[08:03:32 INF] Executed DbCommand (0ms) [Parameters=[@__version_0='?' (DbType = Int64)], CommandType='Text', CommandTimeout='30']
SELECT "t"."Version", "t"."ContentSha256", "t"."LoadedAt", "t"."SnapshotId", "t"."Source"
FROM "TaskTypeStationRuleVersions" AS "t"
WHERE "t"."Version" = @__version_0
LIMIT 2
[08:03:32 INF] Executed DbCommand (0ms) [Parameters=[@__version_0='?' (DbType = Int64)], CommandType='Text', CommandTimeout='30']
SELECT "t"."Version", "t"."TaskType", "t"."FixedEnd"
FROM "TaskTypeStationRules" AS "t"
WHERE "t"."Version" = @__version_0
[08:03:32 INF] Executed DbCommand (0ms) [Parameters=[], CommandType='Text', CommandTimeout='30']
SELECT "a"."Id", "a"."ContentHash", "a"."DeploymentId", "a"."ImportedAt", "a"."Version"
FROM "AdmissionPolicyState" AS "a"
WHERE "a"."Id" = 1
LIMIT 2
[08:03:32 INF] Executed DbCommand (0ms) [Parameters=[], CommandType='Text', CommandTimeout='30']
SELECT "j"."JourneyId", "j"."AgvId", "j"."AgvLifecycleGeneration", "j"."AreaEndAdmissionRevokedSince", "j"."BlockReasonCode", "j"."BlockReasonSince", "j"."CargoHoldingStartedAt", "j"."ConsumedSafetyResultMessageId", "j"."ConsumedSublotMessageId", "j"."CreatedAt", "j"."DemandId", "j"."DispatchGeneration", "j"."DispatchZone", "j"."ExpectedBasketCount", "j"."FullSlotPositionsJson", "j"."GateMovementLegId", "j"."GatePlanMessageId", "j"."GateStationId", "j"."GateStationRiotId", "j"."GateUpperId", "j"."GateVehicleBusinessMessageId", "j"."GateWorklistMessageId", "j"."LoadCommandMessageId", "j"."LoadSlotOperationAttemptId", "j"."LoadingClosedReason", "j"."LoadingPhaseState", "j"."MapId", "j"."MapIdentity", "j"."OperationSessionId", "j"."PickupMovementLegId", "j"."PickupStationId", "j"."PickupStationRiotId", "j"."PickupUpperId", "j"."PlanMessageId", "j"."PlanRevision", "j"."PreDepartureSafetyCheckId", "j"."PreDepartureSafetyCheckMessageId", "j"."RouteEvidenceId", "j"."Stage", "j"."StationDepartureWaitStartedAt", "j"."SublotRequestMessageId", "j"."TargetSlotsJson", "j"."UnloadCommandMessageId", "j"."UnloadSlotOperationAttemptId", "j"."UpdatedAt", "j"."VehicleBusinessMessageId", "j"."VehicleBusinessRevision", "j"."VehicleKey", "j"."WorklistMessageId", "j"."WorklistRevision", "j"."YieldTriggeredAt", "j"."YieldTriggeredByVehicleKey"
FROM "JourneyRuntimes" AS "j"
WHERE "j"."Stage" <> 'Completed'
[08:03:32 INF] Executed DbCommand (0ms) [Parameters=[@__agvId_0='?' (Size = 10)], CommandType='Text', CommandTimeout='30']
SELECT "s"."AgvId", "s"."ActiveUnlockSlotsJson", "s"."CapabilityHash", "s"."CapabilityRevision", "s"."DepartureSafe", "s"."ForcedRecoveryGeneration", "s"."ManifestSha256", "s"."PendingAttemptIdsJson", "s"."PendingResultIdsJson", "s"."ProfileId", "s"."ProtocolCommit", "s"."ProtocolVersion", "s"."ProvenRecoveryCheckpoint", "s"."Readiness", "s"."ReasonCode", "s"."RecoveryReportId", "s"."ReportedForcedRecoveryGeneration", "s"."ReportedSlotConfigurationFingerprint", "s"."SafetyHash", "s"."SafetyReasonCodesJson", "s"."SafetyRevision", "s"."SafetyUnknownPresent", "s"."SessionGeneration", "s"."UnsettledSlotOperationAttemptId", "s"."UpdatedAt"
FROM "SessionRecoveries" AS "s"
WHERE "s"."AgvId" = @__agvId_0 AND "s"."Readiness" = 'Ready'
LIMIT 2
[08:03:32 INF] Executed DbCommand (0ms) [Parameters=[], CommandType='Text', CommandTimeout='30']
SELECT "p"."MessageId", "p"."AcknowledgedAt", "p"."CreatedAt", "p"."FencedAt", "p"."MessageType", "p"."PayloadJson"
FROM "ProtocolOutbox" AS "p"
WHERE "p"."AcknowledgedAt" IS NULL AND "p"."FencedAt" IS NULL
[08:03:32 INF] Executed DbCommand (0ms) [Parameters=[@__upperId_0='?' (Size = 49)], CommandType='Text', CommandTimeout='30']
SELECT "o"."MovementLegId", "o"."AgvLifecycleGeneration", "o"."CreateAttemptCount", "o"."CreateAttemptId", "o"."CreateDispatchArmedAt", "o"."CreatedAt", "o"."DemandId", "o"."DestinationStationId", "o"."DispatchAuditSequence", "o"."DispatchAuditVersion", "o"."DispatchGeneration", "o"."ExperimentalCreateAuthorizationId", "o"."LastCreateOutcome", "o"."LastCreateOutcomeAt", "o"."LastCreateReceiptJson", "o"."LastReconciliationOutcome", "o"."LastReconciliationOutcomeAt", "o"."LastReconciliationReceiptJson", "o"."MapId", "o"."OrderId", "o"."Purpose", "o"."Status", "o"."TargetStationId", "o"."UpperId", "o"."VehicleKey", "o"."VehicleOccupancyClaimedAt", "o"."VehicleOccupancyReleasedAt"
FROM "OrderIntents" AS "o"
WHERE "o"."UpperId" = @__upperId_0
LIMIT 2
[08:03:32 INF] Executed DbCommand (0ms) [Parameters=[@__messageId_0='?' (Size = 36)], CommandType='Text', CommandTimeout='30']
SELECT EXISTS (
    SELECT 1
    FROM "ProtocolOutbox" AS "p"
    WHERE "p"."MessageId" = @__messageId_0)
[08:03:32 INF] Executed DbCommand (0ms) [Parameters=[@__messageId_0='?' (Size = 36)], CommandType='Text', CommandTimeout='30']
SELECT "p"."MessageId", "p"."AcknowledgedAt", "p"."CreatedAt", "p"."FencedAt", "p"."MessageType", "p"."PayloadJson"
FROM "ProtocolOutbox" AS "p"
WHERE "p"."MessageId" = @__messageId_0
LIMIT 2
[08:03:32 INF] Executed DbCommand (0ms) [Parameters=[@__messageId_0='?' (Size = 36)], CommandType='Text', CommandTimeout='30']
SELECT "p"."MessageId", "p"."AcknowledgedAt", "p"."CreatedAt", "p"."FencedAt", "p"."MessageType", "p"."PayloadJson"
FROM "ProtocolOutbox" AS "p"
WHERE "p"."MessageId" = @__messageId_0
LIMIT 2
[08:03:32 INF] Executed DbCommand (1ms) [Parameters=[@p0='?' (Size = 36), @p1='?' (DbType = DateTimeOffset), @p2='?' (DbType = DateTimeOffset), @p3='?' (DbType = DateTimeOffset), @p4='?' (Size = 24), @p5='?' (Size = 952)], CommandType='Text', CommandTimeout='30']
INSERT INTO "ProtocolOutbox" ("MessageId", "AcknowledgedAt", "CreatedAt", "FencedAt", "MessageType", "PayloadJson")
VALUES (@p0, @p1, @p2, @p3, @p4, @p5);
[08:03:32 INF] Executed DbCommand (0ms) [Parameters=[@__runtime_DemandId_0='?' (Size = 36), @__purpose_1='?' (Size = 9)], CommandType='Text', CommandTimeout='30']
SELECT "o"."MovementLegId", "o"."AgvLifecycleGeneration", "o"."CreateAttemptCount", "o"."CreateAttemptId", "o"."CreateDispatchArmedAt", "o"."CreatedAt", "o"."DemandId", "o"."DestinationStationId", "o"."DispatchAuditSequence", "o"."DispatchAuditVersion", "o"."DispatchGeneration", "o"."ExperimentalCreateAuthorizationId", "o"."LastCreateOutcome", "o"."LastCreateOutcomeAt", "o"."LastCreateReceiptJson", "o"."LastReconciliationOutcome", "o"."LastReconciliationOutcomeAt", "o"."LastReconciliationReceiptJson", "o"."MapId", "o"."OrderId", "o"."Purpose", "o"."Status", "o"."TargetStationId", "o"."UpperId", "o"."VehicleKey", "o"."VehicleOccupancyClaimedAt", "o"."VehicleOccupancyReleasedAt"
FROM "OrderIntents" AS "o"
WHERE "o"."DemandId" = @__runtime_DemandId_0 AND "o"."Purpose" = @__purpose_1
LIMIT 2
[08:03:32 INF] Start processing HTTP request GET http://127.0.0.1:48408/api/order/v1/orderRecord/detailByUpperId/W2G-85d79e30-f8cd-40eb-80ce-a487b692ba51-PICKUP-1
[08:03:32 INF] Sending HTTP request GET http://127.0.0.1:48408/api/order/v1/orderRecord/detailByUpperId/W2G-85d79e30-f8cd-40eb-80ce-a487b692ba51-PICKUP-1
[08:03:32 INF] Received HTTP response headers after 0.9748ms - 200
[08:03:32 INF] End processing HTTP request after 3.1612ms - 200
[08:03:32 INF] Start processing HTTP request GET http://127.0.0.1:48408/api/task/v1/task/getVehicleInfo/BROKERX-L2-0001
[08:03:32 INF] Sending HTTP request GET http://127.0.0.1:48408/api/task/v1/task/getVehicleInfo/BROKERX-L2-0001
[08:03:32 INF] Received HTTP response headers after 0.7462ms - 200
[08:03:32 INF] End processing HTTP request after 36.6778ms - 200
[08:03:32 INF] Start processing HTTP request GET http://127.0.0.1:48408/api/task/vehicles/getVehicleInfoByDeviceKey?key=BROKERX-L2-0001
[08:03:32 INF] Sending HTTP request GET http://127.0.0.1:48408/api/task/vehicles/getVehicleInfoByDeviceKey?key=BROKERX-L2-0001
[08:03:32 INF] Executed DbCommand (0ms) [Parameters=[@__messageId_0='?' (Size = 36)], CommandType='Text', CommandTimeout='30']
SELECT "p"."MessageId", "p"."ContentHash", "p"."FirstResponseJson", "p"."MessageType", "p"."ReceivedAt", "p"."RequestJson"
FROM "ProtocolInbox" AS "p"
WHERE "p"."MessageId" = @__messageId_0
LIMIT 2
[08:03:32 INF] Received HTTP response headers after 0.9593ms - 200
[08:03:32 INF] End processing HTTP request after 76.7994ms - 200
[08:03:32 INF] Executed DbCommand (0ms) [Parameters=[@__messageId_0='?' (Size = 36)], CommandType='Text', CommandTimeout='30']
SELECT "p"."MessageId", "p"."AcknowledgedAt", "p"."CreatedAt", "p"."FencedAt", "p"."MessageType", "p"."PayloadJson"
FROM "ProtocolOutbox" AS "p"
WHERE "p"."MessageId" = @__messageId_0
LIMIT 2
[08:03:32 INF] Executed DbCommand (0ms) [Parameters=[@p1='?' (Size = 36), @p0='?' (DbType = DateTimeOffset)], CommandType='Text', CommandTimeout='30']
UPDATE "ProtocolOutbox" SET "AcknowledgedAt" = @p0
WHERE "MessageId" = @p1
RETURNING 1;
[08:03:32 INF] Executed DbCommand (0ms) [Parameters=[@p0='?' (Size = 36), @p1='?' (Size = 64), @p2='?', @p3='?' (Size = 18), @p4='?' (DbType = DateTimeOffset), @p5='?' (Size = 628)], CommandType='Text', CommandTimeout='30']
INSERT INTO "ProtocolInbox" ("MessageId", "ContentHash", "FirstResponseJson", "MessageType", "ReceivedAt", "RequestJson")
VALUES (@p0, @p1, @p2, @p3, @p4, @p5);
[08:03:32 INF] Start processing HTTP request GET http://127.0.0.1:48408/api/task/v1/task/getVehicleInfo/BROKERX-L2-0001
[08:03:32 INF] Sending HTTP request GET http://127.0.0.1:48408/api/task/v1/task/getVehicleInfo/BROKERX-L2-0001
[08:03:32 INF] Received HTTP response headers after 1.0761ms - 200
[08:03:32 INF] End processing HTTP request after 15.3283ms - 200
[08:03:32 INF] Start processing HTTP request GET http://127.0.0.1:48408/api/order/v1/orderRecord?pageNum=1&pageSize=100&filterByState=1&filterByState=3&filterByState=7&filterByState=9
[08:03:32 INF] Sending HTTP request GET http://127.0.0.1:48408/api/order/v1/orderRecord?pageNum=1&pageSize=100&filterByState=1&filterByState=3&filterByState=7&filterByState=9
[08:03:32 INF] Received HTTP response headers after 2.4853ms - 200
[08:03:32 INF] End processing HTTP request after 18.3825ms - 200
[08:03:32 INF] HTTP GET /api/onboard/v1/vehicle-safety responded 200 in 51.9775 ms
[08:03:32 INF] Start processing HTTP request GET http://127.0.0.1:48408/api/imap/v1/mapInfo/stations/25
[08:03:32 INF] Sending HTTP request GET http://127.0.0.1:48408/api/imap/v1/mapInfo/stations/25
[08:03:32 INF] Received HTTP response headers after 0.9513ms - 200
[08:03:32 INF] End processing HTTP request after 15.5566ms - 200
[08:03:32 INF] Executed DbCommand (0ms) [Parameters=[@__mapId_0='?' (DbType = Int32)], CommandType='Text', CommandTimeout='30']
SELECT "t"."MapId", "t"."ActiveVersion", "t"."PendingVersion", "t"."State", "t"."UpdatedAt"
FROM "TaskTypeStationActiveBindingSets" AS "t"
WHERE "t"."MapId" = @__mapId_0
LIMIT 2
[08:03:32 INF] Executed DbCommand (0ms) [Parameters=[@__mapId_0='?' (DbType = Int32), @__version_1='?' (DbType = Int64)], CommandType='Text', CommandTimeout='30']
SELECT "t"."MapId", "t"."Version", "t"."CatalogRevision", "t"."ContentSha256", "t"."LoadedAt", "t"."RuleVersion", "t"."SnapshotId", "t"."Source"
FROM "TaskTypeStationBindingSetVersions" AS "t"
WHERE "t"."MapId" = @__mapId_0 AND "t"."Version" = @__version_1
LIMIT 2
[08:03:32 INF] Executed DbCommand (0ms) [Parameters=[@__mapId_0='?' (DbType = Int32), @__version_1='?' (DbType = Int64)], CommandType='Text', CommandTimeout='30']
SELECT "t"."TaskType"
FROM "TaskTypeStationRequirements" AS "t"
WHERE "t"."MapId" = @__mapId_0 AND "t"."Version" = @__version_1
[08:03:32 INF] Executed DbCommand (0ms) [Parameters=[@__mapId_0='?' (DbType = Int32), @__version_1='?' (DbType = Int64)], CommandType='Text', CommandTimeout='30']
SELECT "t"."MapId", "t"."Version", "t"."TaskType", "t"."SiteVerificationRef", "t"."StationName", "t"."StationRiotId"
FROM "TaskTypeStationBindings" AS "t"
WHERE "t"."MapId" = @__mapId_0 AND "t"."Version" = @__version_1
[08:03:32 INF] Executed DbCommand (0ms) [Parameters=[@__version_0='?' (DbType = Int64)], CommandType='Text', CommandTimeout='30']
SELECT "t"."Version", "t"."ContentSha256", "t"."LoadedAt", "t"."SnapshotId", "t"."Source"
FROM "TaskTypeStationRuleVersions" AS "t"
WHERE "t"."Version" = @__version_0
LIMIT 2
[08:03:32 INF] Executed DbCommand (0ms) [Parameters=[@__version_0='?' (DbType = Int64)], CommandType='Text', CommandTimeout='30']
SELECT "t"."Version", "t"."TaskType", "t"."FixedEnd"
FROM "TaskTypeStationRules" AS "t"
WHERE "t"."Version" = @__version_0
[08:03:32 INF] Executed DbCommand (0ms) [Parameters=[@__mapId_0='?' (DbType = Int32)], CommandType='Text', CommandTimeout='30']
SELECT "t"."MapId", "t"."ActiveVersion", "t"."PendingVersion", "t"."State", "t"."UpdatedAt"
FROM "TaskTypeStationActiveBindingSets" AS "t"
WHERE "t"."MapId" = @__mapId_0
LIMIT 2
[08:03:32 INF] Executed DbCommand (0ms) [Parameters=[@__mapId_0='?' (DbType = Int32)], CommandType='Text', CommandTimeout='30']
SELECT "t"."HoldId", "t"."DetailJson", "t"."MapId", "t"."RaisedAt", "t"."RaisedBy", "t"."ReasonCode", "t"."ReleasedAt", "t"."ReleasedBy", "t"."Source", "t"."TaskType"
FROM "TaskTypeStationHolds" AS "t"
WHERE "t"."MapId" = @__mapId_0 AND "t"."ReleasedAt" IS NULL
[08:03:32 INF] Executed DbCommand (0ms) [Parameters=[@__mapId_0='?' (DbType = Int32)], CommandType='Text', CommandTimeout='30']
SELECT "m"."MapId", "m"."ApprovedMaxUnconfirmedSeconds", "m"."ApprovedSyncPeriodSeconds", "m"."CatalogRevision", "m"."LastAttemptAt", "m"."LastCompleteConfirmationAt", "m"."LastFailureReason", "m"."State", "m"."UpdatedAt"
FROM "MapStationCatalogStates" AS "m"
WHERE "m"."MapId" = @__mapId_0
LIMIT 2
[08:03:32 INF] Executed DbCommand (0ms) [Parameters=[@p3='?' (DbType = Int32), @p0='?' (DbType = DateTimeOffset), @p1='?' (DbType = DateTimeOffset), @p2='?' (DbType = DateTimeOffset)], CommandType='Text', CommandTimeout='30']
UPDATE "MapStationCatalogStates" SET "LastAttemptAt" = @p0, "LastCompleteConfirmationAt" = @p1, "UpdatedAt" = @p2
WHERE "MapId" = @p3
RETURNING 1;
[08:03:32 INF] Executed DbCommand (0ms) [Parameters=[@__mapId_0='?' (DbType = Int32)], CommandType='Text', CommandTimeout='30']
SELECT "t"."MapId", "t"."ActiveVersion", "t"."PendingVersion", "t"."State", "t"."UpdatedAt"
FROM "TaskTypeStationActiveBindingSets" AS "t"
WHERE "t"."MapId" = @__mapId_0
LIMIT 2
[08:03:32 INF] Executed DbCommand (0ms) [Parameters=[@__mapId_0='?' (DbType = Int32), @__version_1='?' (DbType = Int64)], CommandType='Text', CommandTimeout='30']
SELECT "t"."MapId", "t"."Version", "t"."CatalogRevision", "t"."ContentSha256", "t"."LoadedAt", "t"."RuleVersion", "t"."SnapshotId", "t"."Source"
FROM "TaskTypeStationBindingSetVersions" AS "t"
WHERE "t"."MapId" = @__mapId_0 AND "t"."Version" = @__version_1
LIMIT 2
[08:03:32 INF] Executed DbCommand (0ms) [Parameters=[@__mapId_0='?' (DbType = Int32), @__version_1='?' (DbType = Int64)], CommandType='Text', CommandTimeout='30']
SELECT "t"."TaskType"
FROM "TaskTypeStationRequirements" AS "t"
WHERE "t"."MapId" = @__mapId_0 AND "t"."Version" = @__version_1
[08:03:32 INF] Executed DbCommand (0ms) [Parameters=[@__mapId_0='?' (DbType = Int32), @__version_1='?' (DbType = Int64)], CommandType='Text', CommandTimeout='30']
SELECT "t"."MapId", "t"."Version", "t"."TaskType", "t"."SiteVerificationRef", "t"."StationName", "t"."StationRiotId"
FROM "TaskTypeStationBindings" AS "t"
WHERE "t"."MapId" = @__mapId_0 AND "t"."Version" = @__version_1
[08:03:32 INF] Executed DbCommand (0ms) [Parameters=[@__mapId_0='?' (DbType = Int32)], CommandType='Text', CommandTimeout='30']
SELECT "t"."MapId", "t"."ActiveVersion", "t"."PendingVersion", "t"."State", "t"."UpdatedAt"
FROM "TaskTypeStationActiveBindingSets" AS "t"
WHERE "t"."MapId" = @__mapId_0
LIMIT 2
[08:03:32 INF] Executed DbCommand (0ms) [Parameters=[@__mapId_0='?' (DbType = Int32), @__version_1='?' (DbType = Int64)], CommandType='Text', CommandTimeout='30']
SELECT "t"."MapId", "t"."Version", "t"."CatalogRevision", "t"."ContentSha256", "t"."LoadedAt", "t"."RuleVersion", "t"."SnapshotId", "t"."Source"
FROM "TaskTypeStationBindingSetVersions" AS "t"
WHERE "t"."MapId" = @__mapId_0 AND "t"."Version" = @__version_1
LIMIT 2
[08:03:32 INF] Executed DbCommand (0ms) [Parameters=[@__mapId_0='?' (DbType = Int32), @__version_1='?' (DbType = Int64)], CommandType='Text', CommandTimeout='30']
SELECT "t"."TaskType"
FROM "TaskTypeStationRequirements" AS "t"
WHERE "t"."MapId" = @__mapId_0 AND "t"."Version" = @__version_1
[08:03:32 INF] Executed DbCommand (0ms) [Parameters=[@__mapId_0='?' (DbType = Int32), @__version_1='?' (DbType = Int64)], CommandType='Text', CommandTimeout='30']
SELECT "t"."MapId", "t"."Version", "t"."TaskType", "t"."SiteVerificationRef", "t"."StationName", "t"."StationRiotId"
FROM "TaskTypeStationBindings" AS "t"
WHERE "t"."MapId" = @__mapId_0 AND "t"."Version" = @__version_1
[08:03:32 INF] Executed DbCommand (0ms) [Parameters=[@__version_0='?' (DbType = Int64)], CommandType='Text', CommandTimeout='30']
SELECT "t"."Version", "t"."ContentSha256", "t"."LoadedAt", "t"."SnapshotId", "t"."Source"
FROM "TaskTypeStationRuleVersions" AS "t"
WHERE "t"."Version" = @__version_0
LIMIT 2
[08:03:32 INF] Executed DbCommand (0ms) [Parameters=[@__version_0='?' (DbType = Int64)], CommandType='Text', CommandTimeout='30']
SELECT "t"."Version", "t"."TaskType", "t"."FixedEnd"
FROM "TaskTypeStationRules" AS "t"
WHERE "t"."Version" = @__version_0
[08:03:32 INF] Executed DbCommand (0ms) [Parameters=[], CommandType='Text', CommandTimeout='30']
SELECT "a"."Id", "a"."ContentHash", "a"."DeploymentId", "a"."ImportedAt", "a"."Version"
FROM "AdmissionPolicyState" AS "a"
WHERE "a"."Id" = 1
LIMIT 2
[08:03:32 INF] Executed DbCommand (0ms) [Parameters=[], CommandType='Text', CommandTimeout='30']
SELECT "j"."JourneyId", "j"."AgvId", "j"."AgvLifecycleGeneration", "j"."AreaEndAdmissionRevokedSince", "j"."BlockReasonCode", "j"."BlockReasonSince", "j"."CargoHoldingStartedAt", "j"."ConsumedSafetyResultMessageId", "j"."ConsumedSublotMessageId", "j"."CreatedAt", "j"."DemandId", "j"."DispatchGeneration", "j"."DispatchZone", "j"."ExpectedBasketCount", "j"."FullSlotPositionsJson", "j"."GateMovementLegId", "j"."GatePlanMessageId", "j"."GateStationId", "j"."GateStationRiotId", "j"."GateUpperId", "j"."GateVehicleBusinessMessageId", "j"."GateWorklistMessageId", "j"."LoadCommandMessageId", "j"."LoadSlotOperationAttemptId", "j"."LoadingClosedReason", "j"."LoadingPhaseState", "j"."MapId", "j"."MapIdentity", "j"."OperationSessionId", "j"."PickupMovementLegId", "j"."PickupStationId", "j"."PickupStationRiotId", "j"."PickupUpperId", "j"."PlanMessageId", "j"."PlanRevision", "j"."PreDepartureSafetyCheckId", "j"."PreDepartureSafetyCheckMessageId", "j"."RouteEvidenceId", "j"."Stage", "j"."StationDepartureWaitStartedAt", "j"."SublotRequestMessageId", "j"."TargetSlotsJson", "j"."UnloadCommandMessageId", "j"."UnloadSlotOperationAttemptId", "j"."UpdatedAt", "j"."VehicleBusinessMessageId", "j"."VehicleBusinessRevision", "j"."VehicleKey", "j"."WorklistMessageId", "j"."WorklistRevision", "j"."YieldTriggeredAt", "j"."YieldTriggeredByVehicleKey"
FROM "JourneyRuntimes" AS "j"
WHERE "j"."Stage" <> 'Completed'
[08:03:32 INF] Executed DbCommand (0ms) [Parameters=[@__agvId_0='?' (Size = 10)], CommandType='Text', CommandTimeout='30']
SELECT "s"."AgvId", "s"."ActiveUnlockSlotsJson", "s"."CapabilityHash", "s"."CapabilityRevision", "s"."DepartureSafe", "s"."ForcedRecoveryGeneration", "s"."ManifestSha256", "s"."PendingAttemptIdsJson", "s"."PendingResultIdsJson", "s"."ProfileId", "s"."ProtocolCommit", "s"."ProtocolVersion", "s"."ProvenRecoveryCheckpoint", "s"."Readiness", "s"."ReasonCode", "s"."RecoveryReportId", "s"."ReportedForcedRecoveryGeneration", "s"."ReportedSlotConfigurationFingerprint", "s"."SafetyHash", "s"."SafetyReasonCodesJson", "s"."SafetyRevision", "s"."SafetyUnknownPresent", "s"."SessionGeneration", "s"."UnsettledSlotOperationAttemptId", "s"."UpdatedAt"
FROM "SessionRecoveries" AS "s"
WHERE "s"."AgvId" = @__agvId_0 AND "s"."Readiness" = 'Ready'
LIMIT 2
[08:03:32 INF] Executed DbCommand (0ms) [Parameters=[], CommandType='Text', CommandTimeout='30']
SELECT "p"."MessageId", "p"."AcknowledgedAt", "p"."CreatedAt", "p"."FencedAt", "p"."MessageType", "p"."PayloadJson"
FROM "ProtocolOutbox" AS "p"
WHERE "p"."AcknowledgedAt" IS NULL AND "p"."FencedAt" IS NULL
[08:03:32 INF] Executed DbCommand (0ms) [Parameters=[@__upperId_0='?' (Size = 49)], CommandType='Text', CommandTimeout='30']
SELECT "o"."MovementLegId", "o"."AgvLifecycleGeneration", "o"."CreateAttemptCount", "o"."CreateAttemptId", "o"."CreateDispatchArmedAt", "o"."CreatedAt", "o"."DemandId", "o"."DestinationStationId", "o"."DispatchAuditSequence", "o"."DispatchAuditVersion", "o"."DispatchGeneration", "o"."ExperimentalCreateAuthorizationId", "o"."LastCreateOutcome", "o"."LastCreateOutcomeAt", "o"."LastCreateReceiptJson", "o"."LastReconciliationOutcome", "o"."LastReconciliationOutcomeAt", "o"."LastReconciliationReceiptJson", "o"."MapId", "o"."OrderId", "o"."Purpose", "o"."Status", "o"."TargetStationId", "o"."UpperId", "o"."VehicleKey", "o"."VehicleOccupancyClaimedAt", "o"."VehicleOccupancyReleasedAt"
FROM "OrderIntents" AS "o"
WHERE "o"."UpperId" = @__upperId_0
LIMIT 2
[08:03:32 INF] Executed DbCommand (0ms) [Parameters=[@__messageId_0='?' (Size = 36)], CommandType='Text', CommandTimeout='30']
SELECT EXISTS (
    SELECT 1
    FROM "ProtocolOutbox" AS "p"
    WHERE "p"."MessageId" = @__messageId_0)
[08:03:32 INF] Executed DbCommand (0ms) [Parameters=[@__runtime_DemandId_0='?' (Size = 36), @__purpose_1='?' (Size = 9)], CommandType='Text', CommandTimeout='30']
SELECT "o"."MovementLegId", "o"."AgvLifecycleGeneration", "o"."CreateAttemptCount", "o"."CreateAttemptId", "o"."CreateDispatchArmedAt", "o"."CreatedAt", "o"."DemandId", "o"."DestinationStationId", "o"."DispatchAuditSequence", "o"."DispatchAuditVersion", "o"."DispatchGeneration", "o"."ExperimentalCreateAuthorizationId", "o"."LastCreateOutcome", "o"."LastCreateOutcomeAt", "o"."LastCreateReceiptJson", "o"."LastReconciliationOutcome", "o"."LastReconciliationOutcomeAt", "o"."LastReconciliationReceiptJson", "o"."MapId", "o"."OrderId", "o"."Purpose", "o"."Status", "o"."TargetStationId", "o"."UpperId", "o"."VehicleKey", "o"."VehicleOccupancyClaimedAt", "o"."VehicleOccupancyReleasedAt"
FROM "OrderIntents" AS "o"
WHERE "o"."DemandId" = @__runtime_DemandId_0 AND "o"."Purpose" = @__purpose_1
LIMIT 2
[08:03:32 INF] Start processing HTTP request GET http://127.0.0.1:48408/api/order/v1/orderRecord/detailByUpperId/W2G-85d79e30-f8cd-40eb-80ce-a487b692ba51-PICKUP-1
[08:03:32 INF] Sending HTTP request GET http://127.0.0.1:48408/api/order/v1/orderRecord/detailByUpperId/W2G-85d79e30-f8cd-40eb-80ce-a487b692ba51-PICKUP-1
[08:03:32 INF] Received HTTP response headers after 0.7885ms - 200
[08:03:32 INF] End processing HTTP request after 2.1819ms - 200
[08:03:32 INF] Start processing HTTP request GET http://127.0.0.1:48408/api/task/vehicles/getVehicleInfoByDeviceKey?key=BROKERX-L2-0001
[08:03:32 INF] Sending HTTP request GET http://127.0.0.1:48408/api/task/vehicles/getVehicleInfoByDeviceKey?key=BROKERX-L2-0001
[08:03:32 INF] Received HTTP response headers after 0.7956ms - 200
[08:03:32 INF] End processing HTTP request after 52.0752ms - 200
[08:03:32 INF] Executed DbCommand (0ms) [Parameters=[@__agvId_0='?' (Size = 10)], CommandType='Text', CommandTimeout='30']
SELECT "s"."AgvId", "s"."ActiveUnlockSlotsJson", "s"."CapabilityHash", "s"."CapabilityRevision", "s"."DepartureSafe", "s"."ForcedRecoveryGeneration", "s"."ManifestSha256", "s"."PendingAttemptIdsJson", "s"."PendingResultIdsJson", "s"."ProfileId", "s"."ProtocolCommit", "s"."ProtocolVersion", "s"."ProvenRecoveryCheckpoint", "s"."Readiness", "s"."ReasonCode", "s"."RecoveryReportId", "s"."ReportedForcedRecoveryGeneration", "s"."ReportedSlotConfigurationFingerprint", "s"."SafetyHash", "s"."SafetyReasonCodesJson", "s"."SafetyRevision", "s"."SafetyUnknownPresent", "s"."SessionGeneration", "s"."UnsettledSlotOperationAttemptId", "s"."UpdatedAt"
FROM "SessionRecoveries" AS "s"
WHERE "s"."AgvId" = @__agvId_0 AND "s"."Readiness" = 'Ready'
LIMIT 2
[08:03:32 INF] Executed DbCommand (0ms) [Parameters=[@__messageType_0='?' (Size = 18)], CommandType='Text', CommandTimeout='30']
SELECT "p"."MessageId", "p"."ContentHash", "p"."FirstResponseJson", "p"."MessageType", "p"."ReceivedAt", "p"."RequestJson"
FROM "ProtocolInbox" AS "p"
WHERE "p"."MessageType" = @__messageType_0
[08:03:32 INF] Executed DbCommand (0ms) [Parameters=[], CommandType='Text', CommandTimeout='30']
SELECT "p"."MessageId", "p"."ContentHash", "p"."FirstResponseJson", "p"."MessageType", "p"."ReceivedAt", "p"."RequestJson"
FROM "ProtocolInbox" AS "p"
WHERE "p"."MessageType" = 'SafetyStateSnapshot'
[08:03:32 INF] Executed DbCommand (0ms) [Parameters=[], CommandType='Text', CommandTimeout='30']
SELECT "p"."MessageId", "p"."ContentHash", "p"."FirstResponseJson", "p"."MessageType", "p"."ReceivedAt", "p"."RequestJson"
FROM "ProtocolInbox" AS "p"
WHERE "p"."MessageType" IN ('SafetyStateSnapshot', 'SafetyStateChanged')
[08:03:32 INF] Executed DbCommand (0ms) [Parameters=[], CommandType='Text', CommandTimeout='30']
SELECT "p"."MessageId", "p"."ContentHash", "p"."FirstResponseJson", "p"."MessageType", "p"."ReceivedAt", "p"."RequestJson"
FROM "ProtocolInbox" AS "p"
[08:03:32 INF] Executed DbCommand (0ms) [Parameters=[@__runtime_DemandId_0='?' (Size = 36)], CommandType='Text', CommandTimeout='30']
SELECT "a"."DemandId", "a"."AcceptedAt", "a"."CatalogRevision", "a"."CreatedAt", "a"."DemandRevision", "a"."Generation", "a"."HistoryEpoch", "a"."LiveMesFieldsJson", "a"."SeriesId", "a"."Status", "a"."Sublot", "a"."TransportDemandKey", "a"."ValueObservedAt", "a"."ValuePollTraceId", "a"."ValueProjectionCommitId", "a"."WorkType"
FROM "AcceptedDemands" AS "a"
WHERE "a"."DemandId" = @__runtime_DemandId_0
LIMIT 2
[08:03:33 INF] Executed DbCommand (0ms) [Parameters=[@__messageId_0='?' (Size = 36)], CommandType='Text', CommandTimeout='30']
SELECT "p"."MessageId", "p"."AcknowledgedAt", "p"."CreatedAt", "p"."FencedAt", "p"."MessageType", "p"."PayloadJson"
FROM "ProtocolOutbox" AS "p"
WHERE "p"."MessageId" = @__messageId_0
LIMIT 2
[08:03:33 INF] Executed DbCommand (0ms) [Parameters=[@__messageId_0='?' (Size = 36)], CommandType='Text', CommandTimeout='30']
SELECT "p"."MessageId", "p"."AcknowledgedAt", "p"."CreatedAt", "p"."FencedAt", "p"."MessageType", "p"."PayloadJson"
FROM "ProtocolOutbox" AS "p"
WHERE "p"."MessageId" = @__messageId_0
LIMIT 2
[08:03:33 INF] Executed DbCommand (1ms) [Parameters=[@p0='?' (Size = 36), @p1='?' (DbType = DateTimeOffset), @p2='?' (DbType = DateTimeOffset), @p3='?' (DbType = DateTimeOffset), @p4='?' (Size = 28), @p5='?' (Size = 731)], CommandType='Text', CommandTimeout='30']
INSERT INTO "ProtocolOutbox" ("MessageId", "AcknowledgedAt", "CreatedAt", "FencedAt", "MessageType", "PayloadJson")
VALUES (@p0, @p1, @p2, @p3, @p4, @p5);
[08:03:33 INF] Executed DbCommand (0ms) [Parameters=[@__messageId_0='?' (Size = 36)], CommandType='Text', CommandTimeout='30']
SELECT "p"."MessageId", "p"."AcknowledgedAt", "p"."CreatedAt", "p"."FencedAt", "p"."MessageType", "p"."PayloadJson"
FROM "ProtocolOutbox" AS "p"
WHERE "p"."MessageId" = @__messageId_0
LIMIT 2
[08:03:33 INF] Executed DbCommand (0ms) [Parameters=[@__messageId_0='?' (Size = 36)], CommandType='Text', CommandTimeout='30']
SELECT "p"."MessageId", "p"."AcknowledgedAt", "p"."CreatedAt", "p"."FencedAt", "p"."MessageType", "p"."PayloadJson"
FROM "ProtocolOutbox" AS "p"
WHERE "p"."MessageId" = @__messageId_0
LIMIT 2
[08:03:33 INF] Executed DbCommand (0ms) [Parameters=[@p1='?' (Size = 44), @p0='?' (DbType = DateTimeOffset)], CommandType='Text', CommandTimeout='30']
UPDATE "JourneyRuntimes" SET "StationDepartureWaitStartedAt" = @p0
WHERE "JourneyId" = @p1
RETURNING 1;
[08:03:33 INF] Executed DbCommand (0ms) [Parameters=[@p0='?' (Size = 36), @p1='?' (DbType = DateTimeOffset), @p2='?' (DbType = DateTimeOffset), @p3='?' (DbType = DateTimeOffset), @p4='?' (Size = 27), @p5='?' (Size = 806)], CommandType='Text', CommandTimeout='30']
INSERT INTO "ProtocolOutbox" ("MessageId", "AcknowledgedAt", "CreatedAt", "FencedAt", "MessageType", "PayloadJson")
VALUES (@p0, @p1, @p2, @p3, @p4, @p5);
[08:03:33 INF] Executed DbCommand (0ms) [Parameters=[@__messageId_0='?' (Size = 36)], CommandType='Text', CommandTimeout='30']
SELECT "p"."MessageId", "p"."ContentHash", "p"."FirstResponseJson", "p"."MessageType", "p"."ReceivedAt", "p"."RequestJson"
FROM "ProtocolInbox" AS "p"
WHERE "p"."MessageId" = @__messageId_0
LIMIT 2
[08:03:33 INF] Executed DbCommand (0ms) [Parameters=[@__messageId_0='?' (Size = 36)], CommandType='Text', CommandTimeout='30']
SELECT "p"."MessageId", "p"."AcknowledgedAt", "p"."CreatedAt", "p"."FencedAt", "p"."MessageType", "p"."PayloadJson"
FROM "ProtocolOutbox" AS "p"
WHERE "p"."MessageId" = @__messageId_0
LIMIT 2
[08:03:33 INF] Executed DbCommand (0ms) [Parameters=[@p1='?' (Size = 36), @p0='?' (DbType = DateTimeOffset)], CommandType='Text', CommandTimeout='30']
UPDATE "ProtocolOutbox" SET "AcknowledgedAt" = @p0
WHERE "MessageId" = @p1
RETURNING 1;
[08:03:33 INF] Executed DbCommand (0ms) [Parameters=[@p0='?' (Size = 36), @p1='?' (Size = 64), @p2='?', @p3='?' (Size = 18), @p4='?' (DbType = DateTimeOffset), @p5='?' (Size = 633)], CommandType='Text', CommandTimeout='30']
INSERT INTO "ProtocolInbox" ("MessageId", "ContentHash", "FirstResponseJson", "MessageType", "ReceivedAt", "RequestJson")
VALUES (@p0, @p1, @p2, @p3, @p4, @p5);
[08:03:33 INF] Executed DbCommand (0ms) [Parameters=[@__messageId_0='?' (Size = 36)], CommandType='Text', CommandTimeout='30']
SELECT "p"."MessageId", "p"."AcknowledgedAt", "p"."CreatedAt", "p"."FencedAt", "p"."MessageType", "p"."PayloadJson"
FROM "ProtocolOutbox" AS "p"
WHERE "p"."MessageId" = @__messageId_0 AND "p"."AcknowledgedAt" IS NULL AND "p"."FencedAt" IS NULL
LIMIT 2
[08:03:33 INF] Executed DbCommand (0ms) [Parameters=[@__messageId_0='?' (Size = 36)], CommandType='Text', CommandTimeout='30']
SELECT "p"."MessageId", "p"."AcknowledgedAt", "p"."CreatedAt", "p"."FencedAt", "p"."MessageType", "p"."PayloadJson"
FROM "ProtocolOutbox" AS "p"
WHERE "p"."MessageId" = @__messageId_0
LIMIT 2
[08:03:33 INF] Executed DbCommand (0ms) [Parameters=[@__messageId_0='?' (Size = 36)], CommandType='Text', CommandTimeout='30']
SELECT "p"."MessageId", "p"."AcknowledgedAt", "p"."CreatedAt", "p"."FencedAt", "p"."MessageType", "p"."PayloadJson"
FROM "ProtocolOutbox" AS "p"
WHERE "p"."MessageId" = @__messageId_0
LIMIT 2
[08:03:33 INF] Executed DbCommand (1ms) [Parameters=[@p0='?' (Size = 36), @p1='?' (DbType = DateTimeOffset), @p2='?' (DbType = DateTimeOffset), @p3='?' (DbType = DateTimeOffset), @p4='?' (Size = 24), @p5='?' (Size = 953)], CommandType='Text', CommandTimeout='30']
INSERT INTO "ProtocolOutbox" ("MessageId", "AcknowledgedAt", "CreatedAt", "FencedAt", "MessageType", "PayloadJson")
VALUES (@p0, @p1, @p2, @p3, @p4, @p5);
[08:03:33 INF] Executed DbCommand (0ms) [Parameters=[@__messageId_0='?' (Size = 36)], CommandType='Text', CommandTimeout='30']
SELECT "p"."MessageId", "p"."AcknowledgedAt", "p"."CreatedAt", "p"."FencedAt", "p"."MessageType", "p"."PayloadJson"
FROM "ProtocolOutbox" AS "p"
WHERE "p"."MessageId" = @__messageId_0
LIMIT 2
[08:03:33 INF] Executed DbCommand (0ms) [Parameters=[@__messageId_0='?' (Size = 36)], CommandType='Text', CommandTimeout='30']
SELECT "p"."MessageId", "p"."ContentHash", "p"."FirstResponseJson", "p"."MessageType", "p"."ReceivedAt", "p"."RequestJson"
FROM "ProtocolInbox" AS "p"
WHERE "p"."MessageId" = @__messageId_0
LIMIT 2
[08:03:33 INF] Executed DbCommand (0ms) [Parameters=[@__messageId_0='?' (Size = 36)], CommandType='Text', CommandTimeout='30']
SELECT "p"."MessageId", "p"."AcknowledgedAt", "p"."CreatedAt", "p"."FencedAt", "p"."MessageType", "p"."PayloadJson"
FROM "ProtocolOutbox" AS "p"
WHERE "p"."MessageId" = @__messageId_0
LIMIT 2
[08:03:33 INF] Executed DbCommand (0ms) [Parameters=[@__messageId_0='?' (Size = 36)], CommandType='Text', CommandTimeout='30']
SELECT "p"."MessageId", "p"."AcknowledgedAt", "p"."CreatedAt", "p"."FencedAt", "p"."MessageType", "p"."PayloadJson"
FROM "ProtocolOutbox" AS "p"
WHERE "p"."MessageId" = @__messageId_0
LIMIT 2
[08:03:33 INF] Executed DbCommand (0ms) [Parameters=[@p1='?' (Size = 36), @p0='?' (DbType = DateTimeOffset)], CommandType='Text', CommandTimeout='30']
UPDATE "ProtocolOutbox" SET "AcknowledgedAt" = @p0
WHERE "MessageId" = @p1
RETURNING 1;
[08:03:33 INF] Executed DbCommand (0ms) [Parameters=[@p0='?' (Size = 36), @p1='?' (Size = 64), @p2='?', @p3='?' (Size = 18), @p4='?' (DbType = DateTimeOffset), @p5='?' (Size = 633)], CommandType='Text', CommandTimeout='30']
INSERT INTO "ProtocolInbox" ("MessageId", "ContentHash", "FirstResponseJson", "MessageType", "ReceivedAt", "RequestJson")
VALUES (@p0, @p1, @p2, @p3, @p4, @p5);
[08:03:33 INF] Executed DbCommand (0ms) [Parameters=[@__messageId_0='?' (Size = 36)], CommandType='Text', CommandTimeout='30']
SELECT "p"."MessageId", "p"."ContentHash", "p"."FirstResponseJson", "p"."MessageType", "p"."ReceivedAt", "p"."RequestJson"
FROM "ProtocolInbox" AS "p"
WHERE "p"."MessageId" = @__messageId_0
LIMIT 2
[08:03:33 INF] Executed DbCommand (0ms) [Parameters=[@__messageId_0='?' (Size = 36)], CommandType='Text', CommandTimeout='30']
SELECT "p"."MessageId", "p"."AcknowledgedAt", "p"."CreatedAt", "p"."FencedAt", "p"."MessageType", "p"."PayloadJson"
FROM "ProtocolOutbox" AS "p"
WHERE "p"."MessageId" = @__messageId_0
LIMIT 2
[08:03:33 INF] Executed DbCommand (0ms) [Parameters=[@p1='?' (Size = 36), @p0='?' (DbType = DateTimeOffset)], CommandType='Text', CommandTimeout='30']
UPDATE "ProtocolOutbox" SET "AcknowledgedAt" = @p0
WHERE "MessageId" = @p1
RETURNING 1;
[08:03:33 INF] Executed DbCommand (0ms) [Parameters=[@p0='?' (Size = 36), @p1='?' (Size = 64), @p2='?', @p3='?' (Size = 18), @p4='?' (DbType = DateTimeOffset), @p5='?' (Size = 630)], CommandType='Text', CommandTimeout='30']
INSERT INTO "ProtocolInbox" ("MessageId", "ContentHash", "FirstResponseJson", "MessageType", "ReceivedAt", "RequestJson")
VALUES (@p0, @p1, @p2, @p3, @p4, @p5);
[08:03:33 INF] Executed DbCommand (162ms) [Parameters=[@p0='?' (Size = 36), @p1='?' (DbType = DateTimeOffset), @p2='?' (DbType = DateTimeOffset), @p3='?' (DbType = DateTimeOffset), @p4='?' (Size = 20), @p5='?' (Size = 615)], CommandType='Text', CommandTimeout='30']
INSERT INTO "ProtocolOutbox" ("MessageId", "AcknowledgedAt", "CreatedAt", "FencedAt", "MessageType", "PayloadJson")
VALUES (@p0, @p1, @p2, @p3, @p4, @p5);
[08:03:33 INF] Executed DbCommand (0ms) [Parameters=[@p2='?' (Size = 44), @p0='?' (Size = 14), @p1='?' (DbType = DateTimeOffset)], CommandType='Text', CommandTimeout='30']
UPDATE "JourneyRuntimes" SET "Stage" = @p0, "UpdatedAt" = @p1
WHERE "JourneyId" = @p2
RETURNING 1;
[08:03:33 INF] Executed DbCommand (0ms) [Parameters=[@__messageId_0='?' (Size = 36)], CommandType='Text', CommandTimeout='30']
SELECT "p"."MessageId", "p"."ContentHash", "p"."FirstResponseJson", "p"."MessageType", "p"."ReceivedAt", "p"."RequestJson"
FROM "ProtocolInbox" AS "p"
WHERE "p"."MessageId" = @__messageId_0
LIMIT 2
[08:03:33 INF] Executed DbCommand (0ms) [Parameters=[@p0='?' (Size = 36), @p1='?' (Size = 64), @p2='?' (Size = 663), @p3='?' (Size = 15), @p4='?' (DbType = DateTimeOffset), @p5='?' (Size = 680)], CommandType='Text', CommandTimeout='30']
INSERT INTO "ProtocolInbox" ("MessageId", "ContentHash", "FirstResponseJson", "MessageType", "ReceivedAt", "RequestJson")
VALUES (@p0, @p1, @p2, @p3, @p4, @p5);
[08:03:33 INF] Start processing HTTP request GET http://127.0.0.1:48408/api/task/v1/task/getVehicleInfo/BROKERX-L2-0001
[08:03:33 INF] Sending HTTP request GET http://127.0.0.1:48408/api/task/v1/task/getVehicleInfo/BROKERX-L2-0001
[08:03:33 INF] Received HTTP response headers after 0.9882ms - 200
[08:03:33 INF] End processing HTTP request after 15.5043ms - 200
[08:03:33 INF] Start processing HTTP request GET http://127.0.0.1:48408/api/order/v1/orderRecord?pageNum=1&pageSize=100&filterByState=1&filterByState=3&filterByState=7&filterByState=9
[08:03:33 INF] Sending HTTP request GET http://127.0.0.1:48408/api/order/v1/orderRecord?pageNum=1&pageSize=100&filterByState=1&filterByState=3&filterByState=7&filterByState=9
[08:03:33 INF] Received HTTP response headers after 1.017ms - 200
[08:03:33 INF] End processing HTTP request after 47.5111ms - 200
[08:03:33 INF] Start processing HTTP request GET http://127.0.0.1:48408/api/imap/v1/mapInfo/stations/25
[08:03:33 INF] HTTP GET /api/onboard/v1/vehicle-safety responded 200 in 96.9328 ms
[08:03:33 INF] Sending HTTP request GET http://127.0.0.1:48408/api/imap/v1/mapInfo/stations/25
[08:03:33 INF] Received HTTP response headers after 0.98ms - 200
[08:03:33 INF] End processing HTTP request after 50.3904ms - 200
[08:03:33 INF] Executed DbCommand (0ms) [Parameters=[@__mapId_0='?' (DbType = Int32)], CommandType='Text', CommandTimeout='30']
SELECT "t"."MapId", "t"."ActiveVersion", "t"."PendingVersion", "t"."State", "t"."UpdatedAt"
FROM "TaskTypeStationActiveBindingSets" AS "t"
WHERE "t"."MapId" = @__mapId_0
LIMIT 2
[08:03:33 INF] Executed DbCommand (0ms) [Parameters=[@__mapId_0='?' (DbType = Int32), @__version_1='?' (DbType = Int64)], CommandType='Text', CommandTimeout='30']
SELECT "t"."MapId", "t"."Version", "t"."CatalogRevision", "t"."ContentSha256", "t"."LoadedAt", "t"."RuleVersion", "t"."SnapshotId", "t"."Source"
FROM "TaskTypeStationBindingSetVersions" AS "t"
WHERE "t"."MapId" = @__mapId_0 AND "t"."Version" = @__version_1
LIMIT 2
[08:03:33 INF] Executed DbCommand (0ms) [Parameters=[@__mapId_0='?' (DbType = Int32), @__version_1='?' (DbType = Int64)], CommandType='Text', CommandTimeout='30']
SELECT "t"."TaskType"
FROM "TaskTypeStationRequirements" AS "t"
WHERE "t"."MapId" = @__mapId_0 AND "t"."Version" = @__version_1
[08:03:33 INF] Executed DbCommand (0ms) [Parameters=[@__mapId_0='?' (DbType = Int32), @__version_1='?' (DbType = Int64)], CommandType='Text', CommandTimeout='30']
SELECT "t"."MapId", "t"."Version", "t"."TaskType", "t"."SiteVerificationRef", "t"."StationName", "t"."StationRiotId"
FROM "TaskTypeStationBindings" AS "t"
WHERE "t"."MapId" = @__mapId_0 AND "t"."Version" = @__version_1
[08:03:33 INF] Executed DbCommand (0ms) [Parameters=[@__version_0='?' (DbType = Int64)], CommandType='Text', CommandTimeout='30']
SELECT "t"."Version", "t"."ContentSha256", "t"."LoadedAt", "t"."SnapshotId", "t"."Source"
FROM "TaskTypeStationRuleVersions" AS "t"
WHERE "t"."Version" = @__version_0
LIMIT 2
[08:03:33 INF] Executed DbCommand (0ms) [Parameters=[@__version_0='?' (DbType = Int64)], CommandType='Text', CommandTimeout='30']
SELECT "t"."Version", "t"."TaskType", "t"."FixedEnd"
FROM "TaskTypeStationRules" AS "t"
WHERE "t"."Version" = @__version_0
[08:03:33 INF] Executed DbCommand (0ms) [Parameters=[@__mapId_0='?' (DbType = Int32)], CommandType='Text', CommandTimeout='30']
SELECT "t"."MapId", "t"."ActiveVersion", "t"."PendingVersion", "t"."State", "t"."UpdatedAt"
FROM "TaskTypeStationActiveBindingSets" AS "t"
WHERE "t"."MapId" = @__mapId_0
LIMIT 2
[08:03:33 INF] Executed DbCommand (0ms) [Parameters=[@__mapId_0='?' (DbType = Int32)], CommandType='Text', CommandTimeout='30']
SELECT "t"."HoldId", "t"."DetailJson", "t"."MapId", "t"."RaisedAt", "t"."RaisedBy", "t"."ReasonCode", "t"."ReleasedAt", "t"."ReleasedBy", "t"."Source", "t"."TaskType"
FROM "TaskTypeStationHolds" AS "t"
WHERE "t"."MapId" = @__mapId_0 AND "t"."ReleasedAt" IS NULL
[08:03:33 INF] Executed DbCommand (0ms) [Parameters=[@__mapId_0='?' (DbType = Int32)], CommandType='Text', CommandTimeout='30']
SELECT "m"."MapId", "m"."ApprovedMaxUnconfirmedSeconds", "m"."ApprovedSyncPeriodSeconds", "m"."CatalogRevision", "m"."LastAttemptAt", "m"."LastCompleteConfirmationAt", "m"."LastFailureReason", "m"."State", "m"."UpdatedAt"
FROM "MapStationCatalogStates" AS "m"
WHERE "m"."MapId" = @__mapId_0
LIMIT 2
[08:03:33 INF] Executed DbCommand (0ms) [Parameters=[@p3='?' (DbType = Int32), @p0='?' (DbType = DateTimeOffset), @p1='?' (DbType = DateTimeOffset), @p2='?' (DbType = DateTimeOffset)], CommandType='Text', CommandTimeout='30']
UPDATE "MapStationCatalogStates" SET "LastAttemptAt" = @p0, "LastCompleteConfirmationAt" = @p1, "UpdatedAt" = @p2
WHERE "MapId" = @p3
RETURNING 1;
[08:03:33 INF] Executed DbCommand (0ms) [Parameters=[@__mapId_0='?' (DbType = Int32)], CommandType='Text', CommandTimeout='30']
SELECT "t"."MapId", "t"."ActiveVersion", "t"."PendingVersion", "t"."State", "t"."UpdatedAt"
FROM "TaskTypeStationActiveBindingSets" AS "t"
WHERE "t"."MapId" = @__mapId_0
LIMIT 2
[08:03:33 INF] Executed DbCommand (0ms) [Parameters=[@__mapId_0='?' (DbType = Int32), @__version_1='?' (DbType = Int64)], CommandType='Text', CommandTimeout='30']
SELECT "t"."MapId", "t"."Version", "t"."CatalogRevision", "t"."ContentSha256", "t"."LoadedAt", "t"."RuleVersion", "t"."SnapshotId", "t"."Source"
FROM "TaskTypeStationBindingSetVersions" AS "t"
WHERE "t"."MapId" = @__mapId_0 AND "t"."Version" = @__version_1
LIMIT 2
[08:03:33 INF] Executed DbCommand (0ms) [Parameters=[@__mapId_0='?' (DbType = Int32), @__version_1='?' (DbType = Int64)], CommandType='Text', CommandTimeout='30']
SELECT "t"."TaskType"
FROM "TaskTypeStationRequirements" AS "t"
WHERE "t"."MapId" = @__mapId_0 AND "t"."Version" = @__version_1
[08:03:33 INF] Executed DbCommand (0ms) [Parameters=[@__mapId_0='?' (DbType = Int32), @__version_1='?' (DbType = Int64)], CommandType='Text', CommandTimeout='30']
SELECT "t"."MapId", "t"."Version", "t"."TaskType", "t"."SiteVerificationRef", "t"."StationName", "t"."StationRiotId"
FROM "TaskTypeStationBindings" AS "t"
WHERE "t"."MapId" = @__mapId_0 AND "t"."Version" = @__version_1
[08:03:33 INF] Executed DbCommand (0ms) [Parameters=[@__mapId_0='?' (DbType = Int32)], CommandType='Text', CommandTimeout='30']
SELECT "t"."MapId", "t"."ActiveVersion", "t"."PendingVersion", "t"."State", "t"."UpdatedAt"
FROM "TaskTypeStationActiveBindingSets" AS "t"
WHERE "t"."MapId" = @__mapId_0
LIMIT 2
[08:03:33 INF] Executed DbCommand (0ms) [Parameters=[@__mapId_0='?' (DbType = Int32), @__version_1='?' (DbType = Int64)], CommandType='Text', CommandTimeout='30']
SELECT "t"."MapId", "t"."Version", "t"."CatalogRevision", "t"."ContentSha256", "t"."LoadedAt", "t"."RuleVersion", "t"."SnapshotId", "t"."Source"
FROM "TaskTypeStationBindingSetVersions" AS "t"
WHERE "t"."MapId" = @__mapId_0 AND "t"."Version" = @__version_1
LIMIT 2
[08:03:33 INF] Executed DbCommand (0ms) [Parameters=[@__mapId_0='?' (DbType = Int32), @__version_1='?' (DbType = Int64)], CommandType='Text', CommandTimeout='30']
SELECT "t"."TaskType"
FROM "TaskTypeStationRequirements" AS "t"
WHERE "t"."MapId" = @__mapId_0 AND "t"."Version" = @__version_1
[08:03:33 INF] Executed DbCommand (0ms) [Parameters=[@__mapId_0='?' (DbType = Int32), @__version_1='?' (DbType = Int64)], CommandType='Text', CommandTimeout='30']
SELECT "t"."MapId", "t"."Version", "t"."TaskType", "t"."SiteVerificationRef", "t"."StationName", "t"."StationRiotId"
FROM "TaskTypeStationBindings" AS "t"
WHERE "t"."MapId" = @__mapId_0 AND "t"."Version" = @__version_1
[08:03:33 INF] Executed DbCommand (0ms) [Parameters=[@__version_0='?' (DbType = Int64)], CommandType='Text', CommandTimeout='30']
SELECT "t"."Version", "t"."ContentSha256", "t"."LoadedAt", "t"."SnapshotId", "t"."Source"
FROM "TaskTypeStationRuleVersions" AS "t"
WHERE "t"."Version" = @__version_0
LIMIT 2
[08:03:33 INF] Executed DbCommand (0ms) [Parameters=[@__version_0='?' (DbType = Int64)], CommandType='Text', CommandTimeout='30']
SELECT "t"."Version", "t"."TaskType", "t"."FixedEnd"
FROM "TaskTypeStationRules" AS "t"
WHERE "t"."Version" = @__version_0
[08:03:33 INF] Executed DbCommand (0ms) [Parameters=[], CommandType='Text', CommandTimeout='30']
SELECT "a"."Id", "a"."ContentHash", "a"."DeploymentId", "a"."ImportedAt", "a"."Version"
FROM "AdmissionPolicyState" AS "a"
WHERE "a"."Id" = 1
LIMIT 2
[08:03:33 INF] Executed DbCommand (0ms) [Parameters=[], CommandType='Text', CommandTimeout='30']
SELECT "j"."JourneyId", "j"."AgvId", "j"."AgvLifecycleGeneration", "j"."AreaEndAdmissionRevokedSince", "j"."BlockReasonCode", "j"."BlockReasonSince", "j"."CargoHoldingStartedAt", "j"."ConsumedSafetyResultMessageId", "j"."ConsumedSublotMessageId", "j"."CreatedAt", "j"."DemandId", "j"."DispatchGeneration", "j"."DispatchZone", "j"."ExpectedBasketCount", "j"."FullSlotPositionsJson", "j"."GateMovementLegId", "j"."GatePlanMessageId", "j"."GateStationId", "j"."GateStationRiotId", "j"."GateUpperId", "j"."GateVehicleBusinessMessageId", "j"."GateWorklistMessageId", "j"."LoadCommandMessageId", "j"."LoadSlotOperationAttemptId", "j"."LoadingClosedReason", "j"."LoadingPhaseState", "j"."MapId", "j"."MapIdentity", "j"."OperationSessionId", "j"."PickupMovementLegId", "j"."PickupStationId", "j"."PickupStationRiotId", "j"."PickupUpperId", "j"."PlanMessageId", "j"."PlanRevision", "j"."PreDepartureSafetyCheckId", "j"."PreDepartureSafetyCheckMessageId", "j"."RouteEvidenceId", "j"."Stage", "j"."StationDepartureWaitStartedAt", "j"."SublotRequestMessageId", "j"."TargetSlotsJson", "j"."UnloadCommandMessageId", "j"."UnloadSlotOperationAttemptId", "j"."UpdatedAt", "j"."VehicleBusinessMessageId", "j"."VehicleBusinessRevision", "j"."VehicleKey", "j"."WorklistMessageId", "j"."WorklistRevision", "j"."YieldTriggeredAt", "j"."YieldTriggeredByVehicleKey"
FROM "JourneyRuntimes" AS "j"
WHERE "j"."Stage" <> 'Completed'
[08:03:33 INF] Executed DbCommand (0ms) [Parameters=[@__agvId_0='?' (Size = 10)], CommandType='Text', CommandTimeout='30']
SELECT "s"."AgvId", "s"."ActiveUnlockSlotsJson", "s"."CapabilityHash", "s"."CapabilityRevision", "s"."DepartureSafe", "s"."ForcedRecoveryGeneration", "s"."ManifestSha256", "s"."PendingAttemptIdsJson", "s"."PendingResultIdsJson", "s"."ProfileId", "s"."ProtocolCommit", "s"."ProtocolVersion", "s"."ProvenRecoveryCheckpoint", "s"."Readiness", "s"."ReasonCode", "s"."RecoveryReportId", "s"."ReportedForcedRecoveryGeneration", "s"."ReportedSlotConfigurationFingerprint", "s"."SafetyHash", "s"."SafetyReasonCodesJson", "s"."SafetyRevision", "s"."SafetyUnknownPresent", "s"."SessionGeneration", "s"."UnsettledSlotOperationAttemptId", "s"."UpdatedAt"
FROM "SessionRecoveries" AS "s"
WHERE "s"."AgvId" = @__agvId_0 AND "s"."Readiness" = 'Ready'
LIMIT 2
[08:03:33 INF] Executed DbCommand (0ms) [Parameters=[], CommandType='Text', CommandTimeout='30']
SELECT "p"."MessageId", "p"."AcknowledgedAt", "p"."CreatedAt", "p"."FencedAt", "p"."MessageType", "p"."PayloadJson"
FROM "ProtocolOutbox" AS "p"
WHERE "p"."AcknowledgedAt" IS NULL AND "p"."FencedAt" IS NULL
[08:03:33 INF] Executed DbCommand (0ms) [Parameters=[@__operationSessionId_0='?' (Size = 36)], CommandType='Text', CommandTimeout='30']
SELECT "p"."MessageId", "p"."ContentHash", "p"."FirstResponseJson", "p"."MessageType", "p"."ReceivedAt", "p"."RequestJson"
FROM "ProtocolInbox" AS "p"
WHERE "p"."MessageType" = 'SublotSubmitted' AND instr("p"."RequestJson", @__operationSessionId_0) > 0
[08:03:33 INF] Executed DbCommand (0ms) [Parameters=[@__submissionId_0='?' (Size = 36)], CommandType='Text', CommandTimeout='30']
SELECT "p"."PayloadJson"
FROM "ProtocolOutbox" AS "p"
WHERE "p"."MessageType" = 'SublotRejected' AND instr("p"."PayloadJson", @__submissionId_0) > 0
[08:03:33 INF] Executed DbCommand (0ms) [Parameters=[@__messageId_0='?' (Size = 36)], CommandType='Text', CommandTimeout='30']
SELECT "p"."MessageId", "p"."ContentHash", "p"."FirstResponseJson", "p"."MessageType", "p"."ReceivedAt", "p"."RequestJson"
FROM "ProtocolInbox" AS "p"
WHERE "p"."MessageId" = @__messageId_0
LIMIT 2
[08:03:33 INF] Executed DbCommand (0ms) [Parameters=[@__demandId_0='?' (Size = 36)], CommandType='Text', CommandTimeout='30']
SELECT EXISTS (
    SELECT 1
    FROM "RecoveryWorkflows" AS "r"
    WHERE "r"."DemandId" = @__demandId_0 AND "r"."WorkflowType" = 'LOAD_CANCELLATION' AND "r"."State" = 'AwaitingResult')
[08:03:33 INF] Executed DbCommand (0ms) [Parameters=[@p0='?' (Size = 36), @p1='?' (Size = 64), @p2='?' (Size = 536), @p3='?' (Size = 9), @p4='?' (DbType = DateTimeOffset), @p5='?' (Size = 427)], CommandType='Text', CommandTimeout='30']
INSERT INTO "ProtocolInbox" ("MessageId", "ContentHash", "FirstResponseJson", "MessageType", "ReceivedAt", "RequestJson")
VALUES (@p0, @p1, @p2, @p3, @p4, @p5);
[08:03:33 INF] Executed DbCommand (0ms) [Parameters=[@__runtime_DemandId_0='?' (Size = 36)], CommandType='Text', CommandTimeout='30']
SELECT "a"."DemandId", "a"."AcceptedAt", "a"."CatalogRevision", "a"."CreatedAt", "a"."DemandRevision", "a"."Generation", "a"."HistoryEpoch", "a"."LiveMesFieldsJson", "a"."SeriesId", "a"."Status", "a"."Sublot", "a"."TransportDemandKey", "a"."ValueObservedAt", "a"."ValuePollTraceId", "a"."ValueProjectionCommitId", "a"."WorkType"
FROM "AcceptedDemands" AS "a"
WHERE "a"."DemandId" = @__runtime_DemandId_0
[08:03:33 INF] Executed DbCommand (0ms) [Parameters=[@__demandId_0='?' (Size = 36)], CommandType='Text', CommandTimeout='30']
SELECT "c"."ConsumerKind", "c"."ConsumerId", "c"."ObjectKind", "c"."ObjectId", "c"."FrozenAt", "c"."FrozenVersion", "c"."SnapshotId"
FROM "ConfigurationConsumerBindings" AS "c"
WHERE "c"."ConsumerKind" = 'TransportDemand' AND "c"."ConsumerId" = @__demandId_0 AND (("c"."ObjectKind" = 'TaskTypeStationRule' AND "c"."ObjectId" = 'task-type-station-rules') OR ("c"."ObjectKind" = 'PublicStationBinding' AND "c"."ObjectId" LIKE 'map-%'))
[08:03:33 INF] Executed DbCommand (0ms) [Parameters=[@__freeze_RuleVersion_0='?' (DbType = Int64), @__taskType_1='?' (Size = 12)], CommandType='Text', CommandTimeout='30']
SELECT "t"."FixedEnd"
FROM "TaskTypeStationRules" AS "t"
WHERE "t"."Version" = @__freeze_RuleVersion_0 AND "t"."TaskType" = @__taskType_1
LIMIT 2
[08:03:33 INF] Executed DbCommand (0ms) [Parameters=[@__stationId_0='?' (Size = 9), @__taskType_1='?' (Size = 12)], CommandType='Text', CommandTimeout='30']
SELECT EXISTS (
    SELECT 1
    FROM "StationTaskTypeAdmissions" AS "s"
    WHERE "s"."StationId" = @__stationId_0 AND "s"."TaskType" = @__taskType_1)
[08:03:33 INF] Executed DbCommand (0ms) [Parameters=[], CommandType='Text', CommandTimeout='30']
SELECT "p"."RuleId", "p"."EffectiveAt", "p"."MatchType", "p"."MaxBoxesPerBasket", "p"."Pattern", "p"."Source", "p"."SupersededAt", "p"."Version"
FROM "PackageCapacityRules" AS "p"
WHERE "p"."SupersededAt" IS NULL
[08:03:33 INF] Executed DbCommand (0ms) [Parameters=[@__package_0='?' (Size = 10)], CommandType='Text', CommandTimeout='30']
SELECT "m"."Package", "m"."FirstSeenAt", "m"."LastSeenAt", "m"."Status"
FROM "MissingPackages" AS "m"
WHERE "m"."Package" = @__package_0
LIMIT 2
[08:03:33 INF] Start processing HTTP request GET http://127.0.0.1:48409/api/v2/sublot-box-count?sublot=L2-CR-20260920T000247731Z
[08:03:33 INF] Sending HTTP request GET http://127.0.0.1:48409/api/v2/sublot-box-count?sublot=L2-CR-20260920T000247731Z
[08:03:33 INF] Received HTTP response headers after 1.029ms - 200
[08:03:33 INF] End processing HTTP request after 2.4819ms - 200
[08:03:34 INF] Executed DbCommand (0ms) [Parameters=[@__runtime_DemandId_0='?' (Size = 36)], CommandType='Text', CommandTimeout='30']
SELECT "a"."DemandId", "a"."AcceptedAt", "a"."CatalogRevision", "a"."CreatedAt", "a"."DemandRevision", "a"."Generation", "a"."HistoryEpoch", "a"."LiveMesFieldsJson", "a"."SeriesId", "a"."Status", "a"."Sublot", "a"."TransportDemandKey", "a"."ValueObservedAt", "a"."ValuePollTraceId", "a"."ValueProjectionCommitId", "a"."WorkType"
FROM "AcceptedDemands" AS "a"
WHERE "a"."DemandId" = @__runtime_DemandId_0
LIMIT 2
[08:03:34 INF] Executed DbCommand (0ms) [Parameters=[@__demandId_0='?' (Size = 36)], CommandType='Text', CommandTimeout='30']
SELECT "c"."ConsumerKind", "c"."ConsumerId", "c"."ObjectKind", "c"."ObjectId", "c"."FrozenAt", "c"."FrozenVersion", "c"."SnapshotId"
FROM "ConfigurationConsumerBindings" AS "c"
WHERE "c"."ConsumerKind" = 'TransportDemand' AND "c"."ConsumerId" = @__demandId_0 AND (("c"."ObjectKind" = 'TaskTypeStationRule' AND "c"."ObjectId" = 'task-type-station-rules') OR ("c"."ObjectKind" = 'PublicStationBinding' AND "c"."ObjectId" LIKE 'map-%'))
[08:03:34 INF] Executed DbCommand (0ms) [Parameters=[@__freeze_RuleVersion_0='?' (DbType = Int64), @__taskType_1='?' (Size = 12)], CommandType='Text', CommandTimeout='30']
SELECT "t"."FixedEnd"
FROM "TaskTypeStationRules" AS "t"
WHERE "t"."Version" = @__freeze_RuleVersion_0 AND "t"."TaskType" = @__taskType_1
LIMIT 2
[08:03:34 INF] Executed DbCommand (0ms) [Parameters=[@__messageId_0='?' (Size = 36)], CommandType='Text', CommandTimeout='30']
SELECT "p"."MessageId", "p"."AcknowledgedAt", "p"."CreatedAt", "p"."FencedAt", "p"."MessageType", "p"."PayloadJson"
FROM "ProtocolOutbox" AS "p"
WHERE "p"."MessageId" = @__messageId_0
LIMIT 2
[08:03:34 INF] Executed DbCommand (0ms) [Parameters=[@__plan_DemandId_0='?' (Size = 36)], CommandType='Text', CommandTimeout='30']
SELECT "a"."WorkType"
FROM "AcceptedDemands" AS "a"
WHERE "a"."DemandId" = @__plan_DemandId_0
LIMIT 2
[08:03:34 INF] Executed DbCommand (0ms) [Parameters=[@__demandId_0='?' (Size = 36)], CommandType='Text', CommandTimeout='30']
SELECT "c"."ConsumerKind", "c"."ConsumerId", "c"."ObjectKind", "c"."ObjectId", "c"."FrozenAt", "c"."FrozenVersion", "c"."SnapshotId"
FROM "ConfigurationConsumerBindings" AS "c"
WHERE "c"."ConsumerKind" = 'TransportDemand' AND "c"."ConsumerId" = @__demandId_0 AND (("c"."ObjectKind" = 'TaskTypeStationRule' AND "c"."ObjectId" = 'task-type-station-rules') OR ("c"."ObjectKind" = 'PublicStationBinding' AND "c"."ObjectId" LIKE 'map-%'))
[08:03:34 INF] Executed DbCommand (0ms) [Parameters=[@__freeze_RuleVersion_0='?' (DbType = Int64), @__taskType_1='?' (Size = 12)], CommandType='Text', CommandTimeout='30']
SELECT "t"."FixedEnd"
FROM "TaskTypeStationRules" AS "t"
WHERE "t"."Version" = @__freeze_RuleVersion_0 AND "t"."TaskType" = @__taskType_1
LIMIT 2
[08:03:34 INF] Executed DbCommand (0ms) [Parameters=[@__plan_SlotOperationAttemptId_0='?' (Size = 36)], CommandType='Text', CommandTimeout='30']
SELECT "s"."SlotOperationAttemptId", "s"."CommittedAt", "s"."ContentHash", "s"."CreatedAt", "s"."DemandId", "s"."EvidenceJson", "s"."ForcedRecoveryGeneration", "s"."OperationType", "s"."Status", "s"."SublotId", "s"."TargetSlotsJson"
FROM "StationOperations" AS "s"
WHERE "s"."SlotOperationAttemptId" = @__plan_SlotOperationAttemptId_0
LIMIT 2
[08:03:34 INF] Executed DbCommand (0ms) [Parameters=[@__messageId_0='?' (Size = 36)], CommandType='Text', CommandTimeout='30']
SELECT EXISTS (
    SELECT 1
    FROM "ProtocolOutbox" AS "p"
    WHERE "p"."MessageId" = @__messageId_0)
[08:03:34 INF] Executed DbCommand (0ms) [Parameters=[], CommandType='Text', CommandTimeout='30']
SELECT "a"."Id", "a"."ContentHash", "a"."DeploymentId", "a"."ImportedAt", "a"."Version"
FROM "AdmissionPolicyState" AS "a"
WHERE "a"."Id" = 1
LIMIT 2
[08:03:34 INF] Executed DbCommand (0ms) [Parameters=[@__plan_AdmissionStationId_0='?' (Size = 9), @__plan_AdmissionTaskType_1='?' (Size = 12)], CommandType='Text', CommandTimeout='30']
SELECT EXISTS (
    SELECT 1
    FROM "StationTaskTypeAdmissions" AS "s"
    WHERE "s"."StationId" = @__plan_AdmissionStationId_0 AND "s"."TaskType" = @__plan_AdmissionTaskType_1)
[08:03:34 INF] Executed DbCommand (0ms) [Parameters=[@p0='?' (Size = 36), @p1='?' (DbType = Int64), @p2='?' (DbType = DateTimeOffset), @p3='?' (DbType = Boolean), @p4='?' (Size = 9), @p5='?' (Size = 12)], CommandType='Text', CommandTimeout='30']
INSERT INTO "AdmissionDecisionSnapshots" ("SlotOperationAttemptId", "AdmissionPolicyVersion", "AdmittedAt", "Allowed", "StationId", "TaskType")
VALUES (@p0, @p1, @p2, @p3, @p4, @p5);
[08:03:34 INF] Executed DbCommand (0ms) [Parameters=[@p0='?' (Size = 36), @p1='?' (DbType = DateTimeOffset), @p2='?' (DbType = DateTimeOffset), @p3='?' (DbType = DateTimeOffset), @p4='?' (Size = 20), @p5='?' (Size = 790)], CommandType='Text', CommandTimeout='30']
INSERT INTO "ProtocolOutbox" ("MessageId", "AcknowledgedAt", "CreatedAt", "FencedAt", "MessageType", "PayloadJson")
VALUES (@p0, @p1, @p2, @p3, @p4, @p5);
[08:03:34 INF] Executed DbCommand (0ms) [Parameters=[@p0='?' (Size = 36), @p1='?' (DbType = DateTimeOffset), @p2='?' (Size = 64), @p3='?' (DbType = DateTimeOffset), @p4='?' (Size = 36), @p5='?', @p6='?' (DbType = Int64), @p7='?' (Size = 4), @p8='?' (Size = 8), @p9='?' (Size = 25), @p10='?' (Size = 3)], CommandType='Text', CommandTimeout='30']
INSERT INTO "StationOperations" ("SlotOperationAttemptId", "CommittedAt", "ContentHash", "CreatedAt", "DemandId", "EvidenceJson", "ForcedRecoveryGeneration", "OperationType", "Status", "SublotId", "TargetSlotsJson")
VALUES (@p0, @p1, @p2, @p3, @p4, @p5, @p6, @p7, @p8, @p9, @p10);
[08:03:34 INF] Executed DbCommand (0ms) [Parameters=[@__messageId_0='?' (Size = 36)], CommandType='Text', CommandTimeout='30']
SELECT "p"."MessageId", "p"."AcknowledgedAt", "p"."CreatedAt", "p"."FencedAt", "p"."MessageType", "p"."PayloadJson"
FROM "ProtocolOutbox" AS "p"
WHERE "p"."MessageId" = @__messageId_0
LIMIT 2
[08:03:34 INF] Executed DbCommand (0ms) [Parameters=[@p1='?' (Size = 44), @p0='?' (Size = 36)], CommandType='Text', CommandTimeout='30']
UPDATE "JourneyRuntimes" SET "ConsumedSublotMessageId" = @p0
WHERE "JourneyId" = @p1
RETURNING 1;
[08:03:34 INF] Executed DbCommand (0ms) [Parameters=[@p1='?' (Size = 36), @p0='?' (DbType = DateTimeOffset)], CommandType='Text', CommandTimeout='30']
UPDATE "ProtocolOutbox" SET "AcknowledgedAt" = @p0
WHERE "MessageId" = @p1
RETURNING 1;
[08:03:34 INF] Executed DbCommand (0ms) [Parameters=[@p2='?' (Size = 44), @p0='?' (Size = 18), @p1='?' (DbType = DateTimeOffset)], CommandType='Text', CommandTimeout='30']
UPDATE "JourneyRuntimes" SET "Stage" = @p0, "UpdatedAt" = @p1
WHERE "JourneyId" = @p2
RETURNING 1;
[08:03:34 INF] Executed DbCommand (0ms) [Parameters=[@__messageId_0='?' (Size = 36)], CommandType='Text', CommandTimeout='30']
SELECT "p"."MessageId", "p"."ContentHash", "p"."FirstResponseJson", "p"."MessageType", "p"."ReceivedAt", "p"."RequestJson"
FROM "ProtocolInbox" AS "p"
WHERE "p"."MessageId" = @__messageId_0
LIMIT 2
[08:03:34 INF] Executed DbCommand (0ms) [Parameters=[@p0='?' (Size = 36), @p1='?' (Size = 64), @p2='?' (Size = 664), @p3='?' (Size = 17), @p4='?' (DbType = DateTimeOffset), @p5='?' (Size = 571)], CommandType='Text', CommandTimeout='30']
INSERT INTO "ProtocolInbox" ("MessageId", "ContentHash", "FirstResponseJson", "MessageType", "ReceivedAt", "RequestJson")
VALUES (@p0, @p1, @p2, @p3, @p4, @p5);
[08:03:34 INF] Executed DbCommand (0ms) [Parameters=[@__messageId_0='?' (Size = 36)], CommandType='Text', CommandTimeout='30']
SELECT "p"."MessageId", "p"."ContentHash", "p"."FirstResponseJson", "p"."MessageType", "p"."ReceivedAt", "p"."RequestJson"
FROM "ProtocolInbox" AS "p"
WHERE "p"."MessageId" = @__messageId_0
LIMIT 2
[08:03:34 INF] Executed DbCommand (0ms) [Parameters=[@p0='?' (Size = 36), @p1='?' (Size = 64), @p2='?' (Size = 665), @p3='?' (Size = 17), @p4='?' (DbType = DateTimeOffset), @p5='?' (Size = 572)], CommandType='Text', CommandTimeout='30']
INSERT INTO "ProtocolInbox" ("MessageId", "ContentHash", "FirstResponseJson", "MessageType", "ReceivedAt", "RequestJson")
VALUES (@p0, @p1, @p2, @p3, @p4, @p5);
[08:03:34 INF] Executed DbCommand (0ms) [Parameters=[@__messageId_0='?' (Size = 36)], CommandType='Text', CommandTimeout='30']
SELECT "p"."MessageId", "p"."ContentHash", "p"."FirstResponseJson", "p"."MessageType", "p"."ReceivedAt", "p"."RequestJson"
FROM "ProtocolInbox" AS "p"
WHERE "p"."MessageId" = @__messageId_0
LIMIT 2
[08:03:34 INF] Executed DbCommand (0ms) [Parameters=[@__agvId_0='?' (Size = 10)], CommandType='Text', CommandTimeout='30']
SELECT "s"."AgvId", "s"."ActiveUnlockSlotsJson", "s"."CapabilityHash", "s"."CapabilityRevision", "s"."DepartureSafe", "s"."ForcedRecoveryGeneration", "s"."ManifestSha256", "s"."PendingAttemptIdsJson", "s"."PendingResultIdsJson", "s"."ProfileId", "s"."ProtocolCommit", "s"."ProtocolVersion", "s"."ProvenRecoveryCheckpoint", "s"."Readiness", "s"."ReasonCode", "s"."RecoveryReportId", "s"."ReportedForcedRecoveryGeneration", "s"."ReportedSlotConfigurationFingerprint", "s"."SafetyHash", "s"."SafetyReasonCodesJson", "s"."SafetyRevision", "s"."SafetyUnknownPresent", "s"."SessionGeneration", "s"."UnsettledSlotOperationAttemptId", "s"."UpdatedAt"
FROM "SessionRecoveries" AS "s"
WHERE "s"."AgvId" = @__agvId_0
LIMIT 2
[08:03:34 INF] Executed DbCommand (0ms) [Parameters=[@p7='?' (Size = 10), @p0='?' (DbType = Boolean), @p1='?' (Size = 16), @p2='?' (Size = 20), @p3='?' (Size = 64), @p4='?' (Size = 27), @p5='?' (DbType = Int64), @p6='?' (DbType = DateTimeOffset)], CommandType='Text', CommandTimeout='30']
UPDATE "SessionRecoveries" SET "DepartureSafe" = @p0, "Readiness" = @p1, "ReasonCode" = @p2, "SafetyHash" = @p3, "SafetyReasonCodesJson" = @p4, "SafetyRevision" = @p5, "UpdatedAt" = @p6
WHERE "AgvId" = @p7
RETURNING 1;
[08:03:34 INF] Executed DbCommand (0ms) [Parameters=[@__agvId_0='?' (Size = 10)], CommandType='Text', CommandTimeout='30']
SELECT "s"."AgvId", "s"."ActiveUnlockSlotsJson", "s"."CapabilityHash", "s"."CapabilityRevision", "s"."DepartureSafe", "s"."ForcedRecoveryGeneration", "s"."ManifestSha256", "s"."PendingAttemptIdsJson", "s"."PendingResultIdsJson", "s"."ProfileId", "s"."ProtocolCommit", "s"."ProtocolVersion", "s"."ProvenRecoveryCheckpoint", "s"."Readiness", "s"."ReasonCode", "s"."RecoveryReportId", "s"."ReportedForcedRecoveryGeneration", "s"."ReportedSlotConfigurationFingerprint", "s"."SafetyHash", "s"."SafetyReasonCodesJson", "s"."SafetyRevision", "s"."SafetyUnknownPresent", "s"."SessionGeneration", "s"."UnsettledSlotOperationAttemptId", "s"."UpdatedAt"
FROM "SessionRecoveries" AS "s"
WHERE "s"."AgvId" = @__agvId_0
LIMIT 2
[08:03:34 INF] Executed DbCommand (0ms) [Parameters=[@__row_AgvId_0='?' (Size = 10)], CommandType='Text', CommandTimeout='30']
SELECT EXISTS (
    SELECT 1
    FROM "StationOperations" AS "s"
    INNER JOIN "JourneyRuntimes" AS "j" ON "s"."DemandId" = "j"."DemandId"
    WHERE "j"."AgvId" = @__row_AgvId_0 AND "s"."Status" = 'Prepared')
[08:03:34 INF] Executed DbCommand (0ms) [Parameters=[@__agvId_0='?' (Size = 10)], CommandType='Text', CommandTimeout='30']
SELECT EXISTS (
    SELECT 1
    FROM "StationOperations" AS "s"
    INNER JOIN "JourneyRuntimes" AS "j" ON "s"."DemandId" = "j"."DemandId"
    WHERE "j"."AgvId" = @__agvId_0 AND "s"."Status" = 'RecoveryRequired')
[08:03:34 INF] Executed DbCommand (0ms) [Parameters=[@__agvId_0='?' (Size = 10)], CommandType='Text', CommandTimeout='30']
SELECT EXISTS (
    SELECT 1
    FROM "RecoveryWorkflows" AS "r"
    WHERE "r"."AgvId" = @__agvId_0 AND "r"."WorkflowType" = 'FORCED_MECHANICAL_RECOVERY' AND "r"."State" <> 'HistoricalOnly' AND NOT EXISTS (
        SELECT 1
        FROM "HardwareRecoveryRecords" AS "h"
        WHERE "h"."RecoveryActionId" = "r"."WorkflowId"))
[08:03:34 INF] Executed DbCommand (0ms) [Parameters=[@__agvId_0='?' (Size = 10)], CommandType='Text', CommandTimeout='30']
SELECT "a"."AgvId", "a"."ActivatedAt", "a"."ActivationId", "a"."ConfigurationVersion", "a"."Fingerprint", "a"."SlotModelVersionId", "a"."SnapshotId"
FROM "ActiveSlotConfigurations" AS "a"
WHERE "a"."AgvId" = @__agvId_0
LIMIT 1
[08:03:34 INF] Executed DbCommand (0ms) [Parameters=[@p3='?' (Size = 10), @p0='?' (Size = 5), @p1='?' (Size = 5), @p2='?' (DbType = DateTimeOffset)], CommandType='Text', CommandTimeout='30']
UPDATE "SessionRecoveries" SET "Readiness" = @p0, "ReasonCode" = @p1, "UpdatedAt" = @p2
WHERE "AgvId" = @p3
RETURNING 1;
[08:03:34 INF] Executed DbCommand (0ms) [Parameters=[@__agvId_0='?' (Size = 10)], CommandType='Text', CommandTimeout='30']
SELECT "o"."AlarmsJson"
FROM "OnboardAlarmSnapshots" AS "o"
WHERE "o"."AgvId" = @__agvId_0
LIMIT 1
[08:03:34 INF] Executed DbCommand (0ms) [Parameters=[@p0='?' (Size = 36), @p1='?' (Size = 64), @p2='?' (Size = 1235), @p3='?' (Size = 18), @p4='?' (DbType = DateTimeOffset), @p5='?' (Size = 680)], CommandType='Text', CommandTimeout='30']
INSERT INTO "ProtocolInbox" ("MessageId", "ContentHash", "FirstResponseJson", "MessageType", "ReceivedAt", "RequestJson")
VALUES (@p0, @p1, @p2, @p3, @p4, @p5);
[08:03:34 INF] Executed DbCommand (0ms) [Parameters=[@__messageId_0='?' (Size = 36)], CommandType='Text', CommandTimeout='30']
SELECT "p"."MessageId", "p"."ContentHash", "p"."FirstResponseJson", "p"."MessageType", "p"."ReceivedAt", "p"."RequestJson"
FROM "ProtocolInbox" AS "p"
WHERE "p"."MessageId" = @__messageId_0
LIMIT 2
[08:03:34 INF] Executed DbCommand (0ms) [Parameters=[@__agvId_0='?' (Size = 10)], CommandType='Text', CommandTimeout='30']
SELECT "s"."AgvId", "s"."ActiveUnlockSlotsJson", "s"."CapabilityHash", "s"."CapabilityRevision", "s"."DepartureSafe", "s"."ForcedRecoveryGeneration", "s"."ManifestSha256", "s"."PendingAttemptIdsJson", "s"."PendingResultIdsJson", "s"."ProfileId", "s"."ProtocolCommit", "s"."ProtocolVersion", "s"."ProvenRecoveryCheckpoint", "s"."Readiness", "s"."ReasonCode", "s"."RecoveryReportId", "s"."ReportedForcedRecoveryGeneration", "s"."ReportedSlotConfigurationFingerprint", "s"."SafetyHash", "s"."SafetyReasonCodesJson", "s"."SafetyRevision", "s"."SafetyUnknownPresent", "s"."SessionGeneration", "s"."UnsettledSlotOperationAttemptId", "s"."UpdatedAt"
FROM "SessionRecoveries" AS "s"
WHERE "s"."AgvId" = @__agvId_0
LIMIT 2
[08:03:34 INF] Executed DbCommand (0ms) [Parameters=[@p6='?' (Size = 10), @p0='?' (Size = 16), @p1='?' (Size = 20), @p2='?' (Size = 64), @p3='?' (Size = 45), @p4='?' (DbType = Int64), @p5='?' (DbType = DateTimeOffset)], CommandType='Text', CommandTimeout='30']
UPDATE "SessionRecoveries" SET "Readiness" = @p0, "ReasonCode" = @p1, "SafetyHash" = @p2, "SafetyReasonCodesJson" = @p3, "SafetyRevision" = @p4, "UpdatedAt" = @p5
WHERE "AgvId" = @p6
RETURNING 1;
[08:03:34 INF] Executed DbCommand (0ms) [Parameters=[@__agvId_0='?' (Size = 10)], CommandType='Text', CommandTimeout='30']
SELECT "s"."AgvId", "s"."ActiveUnlockSlotsJson", "s"."CapabilityHash", "s"."CapabilityRevision", "s"."DepartureSafe", "s"."ForcedRecoveryGeneration", "s"."ManifestSha256", "s"."PendingAttemptIdsJson", "s"."PendingResultIdsJson", "s"."ProfileId", "s"."ProtocolCommit", "s"."ProtocolVersion", "s"."ProvenRecoveryCheckpoint", "s"."Readiness", "s"."ReasonCode", "s"."RecoveryReportId", "s"."ReportedForcedRecoveryGeneration", "s"."ReportedSlotConfigurationFingerprint", "s"."SafetyHash", "s"."SafetyReasonCodesJson", "s"."SafetyRevision", "s"."SafetyUnknownPresent", "s"."SessionGeneration", "s"."UnsettledSlotOperationAttemptId", "s"."UpdatedAt"
FROM "SessionRecoveries" AS "s"
WHERE "s"."AgvId" = @__agvId_0
LIMIT 2
[08:03:34 INF] Executed DbCommand (0ms) [Parameters=[@__row_AgvId_0='?' (Size = 10)], CommandType='Text', CommandTimeout='30']
SELECT EXISTS (
    SELECT 1
    FROM "StationOperations" AS "s"
    INNER JOIN "JourneyRuntimes" AS "j" ON "s"."DemandId" = "j"."DemandId"
    WHERE "j"."AgvId" = @__row_AgvId_0 AND "s"."Status" = 'Prepared')
[08:03:34 INF] Executed DbCommand (0ms) [Parameters=[@__agvId_0='?' (Size = 10)], CommandType='Text', CommandTimeout='30']
SELECT EXISTS (
    SELECT 1
    FROM "StationOperations" AS "s"
    INNER JOIN "JourneyRuntimes" AS "j" ON "s"."DemandId" = "j"."DemandId"
    WHERE "j"."AgvId" = @__agvId_0 AND "s"."Status" = 'RecoveryRequired')
[08:03:34 INF] Executed DbCommand (0ms) [Parameters=[@__agvId_0='?' (Size = 10)], CommandType='Text', CommandTimeout='30']
SELECT EXISTS (
    SELECT 1
    FROM "RecoveryWorkflows" AS "r"
    WHERE "r"."AgvId" = @__agvId_0 AND "r"."WorkflowType" = 'FORCED_MECHANICAL_RECOVERY' AND "r"."State" <> 'HistoricalOnly' AND NOT EXISTS (
        SELECT 1
        FROM "HardwareRecoveryRecords" AS "h"
        WHERE "h"."RecoveryActionId" = "r"."WorkflowId"))
[08:03:34 INF] Executed DbCommand (0ms) [Parameters=[@__agvId_0='?' (Size = 10)], CommandType='Text', CommandTimeout='30']
SELECT "a"."AgvId", "a"."ActivatedAt", "a"."ActivationId", "a"."ConfigurationVersion", "a"."Fingerprint", "a"."SlotModelVersionId", "a"."SnapshotId"
FROM "ActiveSlotConfigurations" AS "a"
WHERE "a"."AgvId" = @__agvId_0
LIMIT 1
[08:03:34 INF] Executed DbCommand (0ms) [Parameters=[@p3='?' (Size = 10), @p0='?' (Size = 5), @p1='?' (Size = 5), @p2='?' (DbType = DateTimeOffset)], CommandType='Text', CommandTimeout='30']
UPDATE "SessionRecoveries" SET "Readiness" = @p0, "ReasonCode" = @p1, "UpdatedAt" = @p2
WHERE "AgvId" = @p3
RETURNING 1;
[08:03:34 INF] Executed DbCommand (0ms) [Parameters=[@__agvId_0='?' (Size = 10)], CommandType='Text', CommandTimeout='30']
SELECT "o"."AlarmsJson"
FROM "OnboardAlarmSnapshots" AS "o"
WHERE "o"."AgvId" = @__agvId_0
LIMIT 1
[08:03:34 INF] Executed DbCommand (0ms) [Parameters=[@p0='?' (Size = 36), @p1='?' (Size = 64), @p2='?' (Size = 1235), @p3='?' (Size = 18), @p4='?' (DbType = DateTimeOffset), @p5='?' (Size = 699)], CommandType='Text', CommandTimeout='30']
INSERT INTO "ProtocolInbox" ("MessageId", "ContentHash", "FirstResponseJson", "MessageType", "ReceivedAt", "RequestJson")
VALUES (@p0, @p1, @p2, @p3, @p4, @p5);
[08:03:34 INF] Start processing HTTP request GET http://127.0.0.1:48408/api/imap/v1/mapInfo/stations/25
[08:03:34 INF] Sending HTTP request GET http://127.0.0.1:48408/api/imap/v1/mapInfo/stations/25
[08:03:34 INF] Received HTTP response headers after 1.4576ms - 200
[08:03:34 INF] End processing HTTP request after 20.4744ms - 200
[08:03:34 INF] Executed DbCommand (0ms) [Parameters=[@__mapId_0='?' (DbType = Int32)], CommandType='Text', CommandTimeout='30']
SELECT "t"."MapId", "t"."ActiveVersion", "t"."PendingVersion", "t"."State", "t"."UpdatedAt"
FROM "TaskTypeStationActiveBindingSets" AS "t"
WHERE "t"."MapId" = @__mapId_0
LIMIT 2
[08:03:34 INF] Executed DbCommand (0ms) [Parameters=[@__mapId_0='?' (DbType = Int32), @__version_1='?' (DbType = Int64)], CommandType='Text', CommandTimeout='30']
SELECT "t"."MapId", "t"."Version", "t"."CatalogRevision", "t"."ContentSha256", "t"."LoadedAt", "t"."RuleVersion", "t"."SnapshotId", "t"."Source"
FROM "TaskTypeStationBindingSetVersions" AS "t"
WHERE "t"."MapId" = @__mapId_0 AND "t"."Version" = @__version_1
LIMIT 2
[08:03:34 INF] Executed DbCommand (0ms) [Parameters=[@__mapId_0='?' (DbType = Int32), @__version_1='?' (DbType = Int64)], CommandType='Text', CommandTimeout='30']
SELECT "t"."TaskType"
FROM "TaskTypeStationRequirements" AS "t"
WHERE "t"."MapId" = @__mapId_0 AND "t"."Version" = @__version_1
[08:03:34 INF] Executed DbCommand (0ms) [Parameters=[@__mapId_0='?' (DbType = Int32), @__version_1='?' (DbType = Int64)], CommandType='Text', CommandTimeout='30']
SELECT "t"."MapId", "t"."Version", "t"."TaskType", "t"."SiteVerificationRef", "t"."StationName", "t"."StationRiotId"
FROM "TaskTypeStationBindings" AS "t"
WHERE "t"."MapId" = @__mapId_0 AND "t"."Version" = @__version_1
[08:03:34 INF] Executed DbCommand (0ms) [Parameters=[@__version_0='?' (DbType = Int64)], CommandType='Text', CommandTimeout='30']
SELECT "t"."Version", "t"."ContentSha256", "t"."LoadedAt", "t"."SnapshotId", "t"."Source"
FROM "TaskTypeStationRuleVersions" AS "t"
WHERE "t"."Version" = @__version_0
LIMIT 2
[08:03:34 INF] Executed DbCommand (0ms) [Parameters=[@__version_0='?' (DbType = Int64)], CommandType='Text', CommandTimeout='30']
SELECT "t"."Version", "t"."TaskType", "t"."FixedEnd"
FROM "TaskTypeStationRules" AS "t"
WHERE "t"."Version" = @__version_0
[08:03:34 INF] Executed DbCommand (0ms) [Parameters=[@__mapId_0='?' (DbType = Int32)], CommandType='Text', CommandTimeout='30']
SELECT "t"."MapId", "t"."ActiveVersion", "t"."PendingVersion", "t"."State", "t"."UpdatedAt"
FROM "TaskTypeStationActiveBindingSets" AS "t"
WHERE "t"."MapId" = @__mapId_0
LIMIT 2
[08:03:34 INF] Start processing HTTP request GET http://127.0.0.1:48408/api/task/v1/task/getVehicleInfo/BROKERX-L2-0001
[08:03:34 INF] Executed DbCommand (0ms) [Parameters=[@__mapId_0='?' (DbType = Int32)], CommandType='Text', CommandTimeout='30']
SELECT "t"."HoldId", "t"."DetailJson", "t"."MapId", "t"."RaisedAt", "t"."RaisedBy", "t"."ReasonCode", "t"."ReleasedAt", "t"."ReleasedBy", "t"."Source", "t"."TaskType"
FROM "TaskTypeStationHolds" AS "t"
WHERE "t"."MapId" = @__mapId_0 AND "t"."ReleasedAt" IS NULL
[08:03:34 INF] Sending HTTP request GET http://127.0.0.1:48408/api/task/v1/task/getVehicleInfo/BROKERX-L2-0001
[08:03:34 INF] Executed DbCommand (0ms) [Parameters=[@__mapId_0='?' (DbType = Int32)], CommandType='Text', CommandTimeout='30']
SELECT "m"."MapId", "m"."ApprovedMaxUnconfirmedSeconds", "m"."ApprovedSyncPeriodSeconds", "m"."CatalogRevision", "m"."LastAttemptAt", "m"."LastCompleteConfirmationAt", "m"."LastFailureReason", "m"."State", "m"."UpdatedAt"
FROM "MapStationCatalogStates" AS "m"
WHERE "m"."MapId" = @__mapId_0
LIMIT 2
[08:03:34 INF] Received HTTP response headers after 0.8721ms - 200
[08:03:34 INF] Executed DbCommand (0ms) [Parameters=[@__messageId_0='?' (Size = 36)], CommandType='Text', CommandTimeout='30']
SELECT "p"."MessageId", "p"."ContentHash", "p"."FirstResponseJson", "p"."MessageType", "p"."ReceivedAt", "p"."RequestJson"
FROM "ProtocolInbox" AS "p"
WHERE "p"."MessageId" = @__messageId_0
LIMIT 2
[08:03:34 INF] Executed DbCommand (0ms) [Parameters=[@p3='?' (DbType = Int32), @p0='?' (DbType = DateTimeOffset), @p1='?' (DbType = DateTimeOffset), @p2='?' (DbType = DateTimeOffset)], CommandType='Text', CommandTimeout='30']
UPDATE "MapStationCatalogStates" SET "LastAttemptAt" = @p0, "LastCompleteConfirmationAt" = @p1, "UpdatedAt" = @p2
WHERE "MapId" = @p3
RETURNING 1;
[08:03:34 INF] End processing HTTP request after 62.1952ms - 200
[08:03:34 INF] Start processing HTTP request GET http://127.0.0.1:48408/api/order/v1/orderRecord?pageNum=1&pageSize=100&filterByState=1&filterByState=3&filterByState=7&filterByState=9
[08:03:35 INF] Sending HTTP request GET http://127.0.0.1:48408/api/order/v1/orderRecord?pageNum=1&pageSize=100&filterByState=1&filterByState=3&filterByState=7&filterByState=9
[08:03:35 INF] Executed DbCommand (0ms) [Parameters=[@__mapId_0='?' (DbType = Int32)], CommandType='Text', CommandTimeout='30']
SELECT "t"."MapId", "t"."ActiveVersion", "t"."PendingVersion", "t"."State", "t"."UpdatedAt"
FROM "TaskTypeStationActiveBindingSets" AS "t"
WHERE "t"."MapId" = @__mapId_0
LIMIT 2
[08:03:35 INF] Received HTTP response headers after 1.0085ms - 200
[08:03:35 INF] Executed DbCommand (0ms) [Parameters=[@__mapId_0='?' (DbType = Int32), @__version_1='?' (DbType = Int64)], CommandType='Text', CommandTimeout='30']
SELECT "t"."MapId", "t"."Version", "t"."CatalogRevision", "t"."ContentSha256", "t"."LoadedAt", "t"."RuleVersion", "t"."SnapshotId", "t"."Source"
FROM "TaskTypeStationBindingSetVersions" AS "t"
WHERE "t"."MapId" = @__mapId_0 AND "t"."Version" = @__version_1
LIMIT 2
[08:03:35 INF] End processing HTTP request after 45.1466ms - 200
[08:03:35 INF] Executed DbCommand (0ms) [Parameters=[@__mapId_0='?' (DbType = Int32), @__version_1='?' (DbType = Int64)], CommandType='Text', CommandTimeout='30']
SELECT "t"."TaskType"
FROM "TaskTypeStationRequirements" AS "t"
WHERE "t"."MapId" = @__mapId_0 AND "t"."Version" = @__version_1
[08:03:35 INF] HTTP GET /api/onboard/v1/vehicle-safety responded 200 in 204.6800 ms
[08:03:35 INF] Executed DbCommand (0ms) [Parameters=[@__mapId_0='?' (DbType = Int32), @__version_1='?' (DbType = Int64)], CommandType='Text', CommandTimeout='30']
SELECT "t"."MapId", "t"."Version", "t"."TaskType", "t"."SiteVerificationRef", "t"."StationName", "t"."StationRiotId"
FROM "TaskTypeStationBindings" AS "t"
WHERE "t"."MapId" = @__mapId_0 AND "t"."Version" = @__version_1
[08:03:35 INF] Executed DbCommand (0ms) [Parameters=[@__mapId_0='?' (DbType = Int32)], CommandType='Text', CommandTimeout='30']
SELECT "t"."MapId", "t"."ActiveVersion", "t"."PendingVersion", "t"."State", "t"."UpdatedAt"
FROM "TaskTypeStationActiveBindingSets" AS "t"
WHERE "t"."MapId" = @__mapId_0
LIMIT 2
[08:03:35 INF] Executed DbCommand (0ms) [Parameters=[@__mapId_0='?' (DbType = Int32), @__version_1='?' (DbType = Int64)], CommandType='Text', CommandTimeout='30']
SELECT "t"."MapId", "t"."Version", "t"."CatalogRevision", "t"."ContentSha256", "t"."LoadedAt", "t"."RuleVersion", "t"."SnapshotId", "t"."Source"
FROM "TaskTypeStationBindingSetVersions" AS "t"
WHERE "t"."MapId" = @__mapId_0 AND "t"."Version" = @__version_1
LIMIT 2
[08:03:35 INF] Executed DbCommand (0ms) [Parameters=[@__mapId_0='?' (DbType = Int32), @__version_1='?' (DbType = Int64)], CommandType='Text', CommandTimeout='30']
SELECT "t"."TaskType"
FROM "TaskTypeStationRequirements" AS "t"
WHERE "t"."MapId" = @__mapId_0 AND "t"."Version" = @__version_1
[08:03:35 INF] Executed DbCommand (0ms) [Parameters=[@__mapId_0='?' (DbType = Int32), @__version_1='?' (DbType = Int64)], CommandType='Text', CommandTimeout='30']
SELECT "t"."MapId", "t"."Version", "t"."TaskType", "t"."SiteVerificationRef", "t"."StationName", "t"."StationRiotId"
FROM "TaskTypeStationBindings" AS "t"
WHERE "t"."MapId" = @__mapId_0 AND "t"."Version" = @__version_1
[08:03:35 INF] Executed DbCommand (0ms) [Parameters=[@__version_0='?' (DbType = Int64)], CommandType='Text', CommandTimeout='30']
SELECT "t"."Version", "t"."ContentSha256", "t"."LoadedAt", "t"."SnapshotId", "t"."Source"
FROM "TaskTypeStationRuleVersions" AS "t"
WHERE "t"."Version" = @__version_0
LIMIT 2
[08:03:35 INF] Executed DbCommand (0ms) [Parameters=[@__version_0='?' (DbType = Int64)], CommandType='Text', CommandTimeout='30']
SELECT "t"."Version", "t"."TaskType", "t"."FixedEnd"
FROM "TaskTypeStationRules" AS "t"
WHERE "t"."Version" = @__version_0
[08:03:35 INF] Executed DbCommand (0ms) [Parameters=[], CommandType='Text', CommandTimeout='30']
SELECT "a"."Id", "a"."ContentHash", "a"."DeploymentId", "a"."ImportedAt", "a"."Version"
FROM "AdmissionPolicyState" AS "a"
WHERE "a"."Id" = 1
LIMIT 2
[08:03:35 INF] Executed DbCommand (0ms) [Parameters=[], CommandType='Text', CommandTimeout='30']
SELECT "j"."JourneyId", "j"."AgvId", "j"."AgvLifecycleGeneration", "j"."AreaEndAdmissionRevokedSince", "j"."BlockReasonCode", "j"."BlockReasonSince", "j"."CargoHoldingStartedAt", "j"."ConsumedSafetyResultMessageId", "j"."ConsumedSublotMessageId", "j"."CreatedAt", "j"."DemandId", "j"."DispatchGeneration", "j"."DispatchZone", "j"."ExpectedBasketCount", "j"."FullSlotPositionsJson", "j"."GateMovementLegId", "j"."GatePlanMessageId", "j"."GateStationId", "j"."GateStationRiotId", "j"."GateUpperId", "j"."GateVehicleBusinessMessageId", "j"."GateWorklistMessageId", "j"."LoadCommandMessageId", "j"."LoadSlotOperationAttemptId", "j"."LoadingClosedReason", "j"."LoadingPhaseState", "j"."MapId", "j"."MapIdentity", "j"."OperationSessionId", "j"."PickupMovementLegId", "j"."PickupStationId", "j"."PickupStationRiotId", "j"."PickupUpperId", "j"."PlanMessageId", "j"."PlanRevision", "j"."PreDepartureSafetyCheckId", "j"."PreDepartureSafetyCheckMessageId", "j"."RouteEvidenceId", "j"."Stage", "j"."StationDepartureWaitStartedAt", "j"."SublotRequestMessageId", "j"."TargetSlotsJson", "j"."UnloadCommandMessageId", "j"."UnloadSlotOperationAttemptId", "j"."UpdatedAt", "j"."VehicleBusinessMessageId", "j"."VehicleBusinessRevision", "j"."VehicleKey", "j"."WorklistMessageId", "j"."WorklistRevision", "j"."YieldTriggeredAt", "j"."YieldTriggeredByVehicleKey"
FROM "JourneyRuntimes" AS "j"
WHERE "j"."Stage" <> 'Completed'
[08:03:35 INF] Executed DbCommand (0ms) [Parameters=[@__agvId_0='?' (Size = 10)], CommandType='Text', CommandTimeout='30']
SELECT "s"."AgvId", "s"."ActiveUnlockSlotsJson", "s"."CapabilityHash", "s"."CapabilityRevision", "s"."DepartureSafe", "s"."ForcedRecoveryGeneration", "s"."ManifestSha256", "s"."PendingAttemptIdsJson", "s"."PendingResultIdsJson", "s"."ProfileId", "s"."ProtocolCommit", "s"."ProtocolVersion", "s"."ProvenRecoveryCheckpoint", "s"."Readiness", "s"."ReasonCode", "s"."RecoveryReportId", "s"."ReportedForcedRecoveryGeneration", "s"."ReportedSlotConfigurationFingerprint", "s"."SafetyHash", "s"."SafetyReasonCodesJson", "s"."SafetyRevision", "s"."SafetyUnknownPresent", "s"."SessionGeneration", "s"."UnsettledSlotOperationAttemptId", "s"."UpdatedAt"
FROM "SessionRecoveries" AS "s"
WHERE "s"."AgvId" = @__agvId_0 AND "s"."Readiness" = 'Ready'
LIMIT 2
[08:03:35 INF] Executed DbCommand (0ms) [Parameters=[], CommandType='Text', CommandTimeout='30']
SELECT "p"."MessageId", "p"."AcknowledgedAt", "p"."CreatedAt", "p"."FencedAt", "p"."MessageType", "p"."PayloadJson"
FROM "ProtocolOutbox" AS "p"
WHERE "p"."AcknowledgedAt" IS NULL AND "p"."FencedAt" IS NULL
[08:03:35 INF] Executed DbCommand (0ms) [Parameters=[@__runtime_LoadSlotOperationAttemptId_0='?' (Size = 36)], CommandType='Text', CommandTimeout='30']
SELECT "s"."SlotOperationAttemptId", "s"."CommittedAt", "s"."ContentHash", "s"."CreatedAt", "s"."DemandId", "s"."EvidenceJson", "s"."ForcedRecoveryGeneration", "s"."OperationType", "s"."Status", "s"."SublotId", "s"."TargetSlotsJson"
FROM "StationOperations" AS "s"
WHERE "s"."SlotOperationAttemptId" = @__runtime_LoadSlotOperationAttemptId_0
LIMIT 2
[08:03:35 INF] Executed DbCommand (0ms) [Parameters=[@__agvId_0='?' (Size = 10)], CommandType='Text', CommandTimeout='30']
SELECT "s"."AgvId", "s"."ActiveUnlockSlotsJson", "s"."CapabilityHash", "s"."CapabilityRevision", "s"."DepartureSafe", "s"."ForcedRecoveryGeneration", "s"."ManifestSha256", "s"."PendingAttemptIdsJson", "s"."PendingResultIdsJson", "s"."ProfileId", "s"."ProtocolCommit", "s"."ProtocolVersion", "s"."ProvenRecoveryCheckpoint", "s"."Readiness", "s"."ReasonCode", "s"."RecoveryReportId", "s"."ReportedForcedRecoveryGeneration", "s"."ReportedSlotConfigurationFingerprint", "s"."SafetyHash", "s"."SafetyReasonCodesJson", "s"."SafetyRevision", "s"."SafetyUnknownPresent", "s"."SessionGeneration", "s"."UnsettledSlotOperationAttemptId", "s"."UpdatedAt"
FROM "SessionRecoveries" AS "s"
WHERE "s"."AgvId" = @__agvId_0
LIMIT 2
[08:03:35 INF] Executed DbCommand (0ms) [Parameters=[@p6='?' (Size = 10), @p0='?' (Size = 16), @p1='?' (Size = 20), @p2='?' (Size = 64), @p3='?' (Size = 19), @p4='?' (DbType = Int64), @p5='?' (DbType = DateTimeOffset)], CommandType='Text', CommandTimeout='30']
UPDATE "SessionRecoveries" SET "Readiness" = @p0, "ReasonCode" = @p1, "SafetyHash" = @p2, "SafetyReasonCodesJson" = @p3, "SafetyRevision" = @p4, "UpdatedAt" = @p5
WHERE "AgvId" = @p6
RETURNING 1;
[08:03:35 INF] Executed DbCommand (0ms) [Parameters=[@__agvId_0='?' (Size = 10)], CommandType='Text', CommandTimeout='30']
SELECT "s"."AgvId", "s"."ActiveUnlockSlotsJson", "s"."CapabilityHash", "s"."CapabilityRevision", "s"."DepartureSafe", "s"."ForcedRecoveryGeneration", "s"."ManifestSha256", "s"."PendingAttemptIdsJson", "s"."PendingResultIdsJson", "s"."ProfileId", "s"."ProtocolCommit", "s"."ProtocolVersion", "s"."ProvenRecoveryCheckpoint", "s"."Readiness", "s"."ReasonCode", "s"."RecoveryReportId", "s"."ReportedForcedRecoveryGeneration", "s"."ReportedSlotConfigurationFingerprint", "s"."SafetyHash", "s"."SafetyReasonCodesJson", "s"."SafetyRevision", "s"."SafetyUnknownPresent", "s"."SessionGeneration", "s"."UnsettledSlotOperationAttemptId", "s"."UpdatedAt"
FROM "SessionRecoveries" AS "s"
WHERE "s"."AgvId" = @__agvId_0
LIMIT 2
[08:03:35 INF] Executed DbCommand (0ms) [Parameters=[@__row_AgvId_0='?' (Size = 10)], CommandType='Text', CommandTimeout='30']
SELECT EXISTS (
    SELECT 1
    FROM "StationOperations" AS "s"
    INNER JOIN "JourneyRuntimes" AS "j" ON "s"."DemandId" = "j"."DemandId"
    WHERE "j"."AgvId" = @__row_AgvId_0 AND "s"."Status" = 'Prepared')
[08:03:35 INF] Executed DbCommand (0ms) [Parameters=[@__agvId_0='?' (Size = 10)], CommandType='Text', CommandTimeout='30']
SELECT EXISTS (
    SELECT 1
    FROM "StationOperations" AS "s"
    INNER JOIN "JourneyRuntimes" AS "j" ON "s"."DemandId" = "j"."DemandId"
    WHERE "j"."AgvId" = @__agvId_0 AND "s"."Status" = 'RecoveryRequired')
[08:03:35 INF] Executed DbCommand (0ms) [Parameters=[@__agvId_0='?' (Size = 10)], CommandType='Text', CommandTimeout='30']
SELECT EXISTS (
    SELECT 1
    FROM "RecoveryWorkflows" AS "r"
    WHERE "r"."AgvId" = @__agvId_0 AND "r"."WorkflowType" = 'FORCED_MECHANICAL_RECOVERY' AND "r"."State" <> 'HistoricalOnly' AND NOT EXISTS (
        SELECT 1
        FROM "HardwareRecoveryRecords" AS "h"
        WHERE "h"."RecoveryActionId" = "r"."WorkflowId"))
[08:03:35 INF] Executed DbCommand (0ms) [Parameters=[@__agvId_0='?' (Size = 10)], CommandType='Text', CommandTimeout='30']
SELECT "a"."AgvId", "a"."ActivatedAt", "a"."ActivationId", "a"."ConfigurationVersion", "a"."Fingerprint", "a"."SlotModelVersionId", "a"."SnapshotId"
FROM "ActiveSlotConfigurations" AS "a"
WHERE "a"."AgvId" = @__agvId_0
LIMIT 1
[08:03:35 INF] Executed DbCommand (0ms) [Parameters=[@p3='?' (Size = 10), @p0='?' (Size = 5), @p1='?' (Size = 5), @p2='?' (DbType = DateTimeOffset)], CommandType='Text', CommandTimeout='30']
UPDATE "SessionRecoveries" SET "Readiness" = @p0, "ReasonCode" = @p1, "UpdatedAt" = @p2
WHERE "AgvId" = @p3
RETURNING 1;
[08:03:35 INF] Executed DbCommand (0ms) [Parameters=[@__agvId_0='?' (Size = 10)], CommandType='Text', CommandTimeout='30']
SELECT "o"."AlarmsJson"
FROM "OnboardAlarmSnapshots" AS "o"
WHERE "o"."AgvId" = @__agvId_0
LIMIT 1
[08:03:35 INF] Executed DbCommand (0ms) [Parameters=[@p0='?' (Size = 36), @p1='?' (Size = 64), @p2='?' (Size = 1235), @p3='?' (Size = 18), @p4='?' (DbType = DateTimeOffset), @p5='?' (Size = 671)], CommandType='Text', CommandTimeout='30']
INSERT INTO "ProtocolInbox" ("MessageId", "ContentHash", "FirstResponseJson", "MessageType", "ReceivedAt", "RequestJson")
VALUES (@p0, @p1, @p2, @p3, @p4, @p5);
[08:03:35 INF] Executed DbCommand (0ms) [Parameters=[@__messageId_0='?' (Size = 36)], CommandType='Text', CommandTimeout='30']
SELECT "p"."MessageId", "p"."ContentHash", "p"."FirstResponseJson", "p"."MessageType", "p"."ReceivedAt", "p"."RequestJson"
FROM "ProtocolInbox" AS "p"
WHERE "p"."MessageId" = @__messageId_0
LIMIT 2
[08:03:35 INF] Executed DbCommand (0ms) [Parameters=[@p0='?' (Size = 36), @p1='?' (Size = 64), @p2='?' (Size = 665), @p3='?' (Size = 17), @p4='?' (DbType = DateTimeOffset), @p5='?' (Size = 579)], CommandType='Text', CommandTimeout='30']
INSERT INTO "ProtocolInbox" ("MessageId", "ContentHash", "FirstResponseJson", "MessageType", "ReceivedAt", "RequestJson")
VALUES (@p0, @p1, @p2, @p3, @p4, @p5);
[08:03:35 INF] Start processing HTTP request GET http://127.0.0.1:48408/api/imap/v1/mapInfo/stations/25
[08:03:35 INF] Sending HTTP request GET http://127.0.0.1:48408/api/imap/v1/mapInfo/stations/25
[08:03:35 INF] Received HTTP response headers after 0.9564ms - 200
[08:03:35 INF] End processing HTTP request after 15.9239ms - 200
[08:03:35 INF] Executed DbCommand (0ms) [Parameters=[@__mapId_0='?' (DbType = Int32)], CommandType='Text', CommandTimeout='30']
SELECT "t"."MapId", "t"."ActiveVersion", "t"."PendingVersion", "t"."State", "t"."UpdatedAt"
FROM "TaskTypeStationActiveBindingSets" AS "t"
WHERE "t"."MapId" = @__mapId_0
LIMIT 2
[08:03:35 INF] Executed DbCommand (0ms) [Parameters=[@__mapId_0='?' (DbType = Int32), @__version_1='?' (DbType = Int64)], CommandType='Text', CommandTimeout='30']
SELECT "t"."MapId", "t"."Version", "t"."CatalogRevision", "t"."ContentSha256", "t"."LoadedAt", "t"."RuleVersion", "t"."SnapshotId", "t"."Source"
FROM "TaskTypeStationBindingSetVersions" AS "t"
WHERE "t"."MapId" = @__mapId_0 AND "t"."Version" = @__version_1
LIMIT 2
[08:03:35 INF] Executed DbCommand (0ms) [Parameters=[@__mapId_0='?' (DbType = Int32), @__version_1='?' (DbType = Int64)], CommandType='Text', CommandTimeout='30']
SELECT "t"."TaskType"
FROM "TaskTypeStationRequirements" AS "t"
WHERE "t"."MapId" = @__mapId_0 AND "t"."Version" = @__version_1
[08:03:35 INF] Executed DbCommand (0ms) [Parameters=[@__mapId_0='?' (DbType = Int32), @__version_1='?' (DbType = Int64)], CommandType='Text', CommandTimeout='30']
SELECT "t"."MapId", "t"."Version", "t"."TaskType", "t"."SiteVerificationRef", "t"."StationName", "t"."StationRiotId"
FROM "TaskTypeStationBindings" AS "t"
WHERE "t"."MapId" = @__mapId_0 AND "t"."Version" = @__version_1
[08:03:35 INF] Executed DbCommand (0ms) [Parameters=[@__version_0='?' (DbType = Int64)], CommandType='Text', CommandTimeout='30']
SELECT "t"."Version", "t"."ContentSha256", "t"."LoadedAt", "t"."SnapshotId", "t"."Source"
FROM "TaskTypeStationRuleVersions" AS "t"
WHERE "t"."Version" = @__version_0
LIMIT 2
[08:03:35 INF] Executed DbCommand (0ms) [Parameters=[@__version_0='?' (DbType = Int64)], CommandType='Text', CommandTimeout='30']
SELECT "t"."Version", "t"."TaskType", "t"."FixedEnd"
FROM "TaskTypeStationRules" AS "t"
WHERE "t"."Version" = @__version_0
[08:03:35 INF] Executed DbCommand (0ms) [Parameters=[@__mapId_0='?' (DbType = Int32)], CommandType='Text', CommandTimeout='30']
SELECT "t"."MapId", "t"."ActiveVersion", "t"."PendingVersion", "t"."State", "t"."UpdatedAt"
FROM "TaskTypeStationActiveBindingSets" AS "t"
WHERE "t"."MapId" = @__mapId_0
LIMIT 2
[08:03:35 INF] Executed DbCommand (0ms) [Parameters=[@__mapId_0='?' (DbType = Int32)], CommandType='Text', CommandTimeout='30']
SELECT "t"."HoldId", "t"."DetailJson", "t"."MapId", "t"."RaisedAt", "t"."RaisedBy", "t"."ReasonCode", "t"."ReleasedAt", "t"."ReleasedBy", "t"."Source", "t"."TaskType"
FROM "TaskTypeStationHolds" AS "t"
WHERE "t"."MapId" = @__mapId_0 AND "t"."ReleasedAt" IS NULL
[08:03:35 INF] Executed DbCommand (0ms) [Parameters=[@__mapId_0='?' (DbType = Int32)], CommandType='Text', CommandTimeout='30']
SELECT "m"."MapId", "m"."ApprovedMaxUnconfirmedSeconds", "m"."ApprovedSyncPeriodSeconds", "m"."CatalogRevision", "m"."LastAttemptAt", "m"."LastCompleteConfirmationAt", "m"."LastFailureReason", "m"."State", "m"."UpdatedAt"
FROM "MapStationCatalogStates" AS "m"
WHERE "m"."MapId" = @__mapId_0
LIMIT 2
[08:03:35 INF] Executed DbCommand (0ms) [Parameters=[@p3='?' (DbType = Int32), @p0='?' (DbType = DateTimeOffset), @p1='?' (DbType = DateTimeOffset), @p2='?' (DbType = DateTimeOffset)], CommandType='Text', CommandTimeout='30']
UPDATE "MapStationCatalogStates" SET "LastAttemptAt" = @p0, "LastCompleteConfirmationAt" = @p1, "UpdatedAt" = @p2
WHERE "MapId" = @p3
RETURNING 1;
[08:03:35 INF] Executed DbCommand (0ms) [Parameters=[@__mapId_0='?' (DbType = Int32)], CommandType='Text', CommandTimeout='30']
SELECT "t"."MapId", "t"."ActiveVersion", "t"."PendingVersion", "t"."State", "t"."UpdatedAt"
FROM "TaskTypeStationActiveBindingSets" AS "t"
WHERE "t"."MapId" = @__mapId_0
LIMIT 2
[08:03:35 INF] Executed DbCommand (0ms) [Parameters=[@__mapId_0='?' (DbType = Int32), @__version_1='?' (DbType = Int64)], CommandType='Text', CommandTimeout='30']
SELECT "t"."MapId", "t"."Version", "t"."CatalogRevision", "t"."ContentSha256", "t"."LoadedAt", "t"."RuleVersion", "t"."SnapshotId", "t"."Source"
FROM "TaskTypeStationBindingSetVersions" AS "t"
WHERE "t"."MapId" = @__mapId_0 AND "t"."Version" = @__version_1
LIMIT 2
[08:03:35 INF] Executed DbCommand (0ms) [Parameters=[@__mapId_0='?' (DbType = Int32), @__version_1='?' (DbType = Int64)], CommandType='Text', CommandTimeout='30']
SELECT "t"."TaskType"
FROM "TaskTypeStationRequirements" AS "t"
WHERE "t"."MapId" = @__mapId_0 AND "t"."Version" = @__version_1
[08:03:35 INF] Executed DbCommand (0ms) [Parameters=[@__mapId_0='?' (DbType = Int32), @__version_1='?' (DbType = Int64)], CommandType='Text', CommandTimeout='30']
SELECT "t"."MapId", "t"."Version", "t"."TaskType", "t"."SiteVerificationRef", "t"."StationName", "t"."StationRiotId"
FROM "TaskTypeStationBindings" AS "t"
WHERE "t"."MapId" = @__mapId_0 AND "t"."Version" = @__version_1
[08:03:35 INF] Executed DbCommand (0ms) [Parameters=[@__mapId_0='?' (DbType = Int32)], CommandType='Text', CommandTimeout='30']
SELECT "t"."MapId", "t"."ActiveVersion", "t"."PendingVersion", "t"."State", "t"."UpdatedAt"
FROM "TaskTypeStationActiveBindingSets" AS "t"
WHERE "t"."MapId" = @__mapId_0
LIMIT 2
[08:03:35 INF] Executed DbCommand (0ms) [Parameters=[@__mapId_0='?' (DbType = Int32), @__version_1='?' (DbType = Int64)], CommandType='Text', CommandTimeout='30']
SELECT "t"."MapId", "t"."Version", "t"."CatalogRevision", "t"."ContentSha256", "t"."LoadedAt", "t"."RuleVersion", "t"."SnapshotId", "t"."Source"
FROM "TaskTypeStationBindingSetVersions" AS "t"
WHERE "t"."MapId" = @__mapId_0 AND "t"."Version" = @__version_1
LIMIT 2
[08:03:35 INF] Executed DbCommand (0ms) [Parameters=[@__mapId_0='?' (DbType = Int32), @__version_1='?' (DbType = Int64)], CommandType='Text', CommandTimeout='30']
SELECT "t"."TaskType"
FROM "TaskTypeStationRequirements" AS "t"
WHERE "t"."MapId" = @__mapId_0 AND "t"."Version" = @__version_1
[08:03:35 INF] Executed DbCommand (0ms) [Parameters=[@__mapId_0='?' (DbType = Int32), @__version_1='?' (DbType = Int64)], CommandType='Text', CommandTimeout='30']
SELECT "t"."MapId", "t"."Version", "t"."TaskType", "t"."SiteVerificationRef", "t"."StationName", "t"."StationRiotId"
FROM "TaskTypeStationBindings" AS "t"
WHERE "t"."MapId" = @__mapId_0 AND "t"."Version" = @__version_1
[08:03:35 INF] Executed DbCommand (0ms) [Parameters=[@__version_0='?' (DbType = Int64)], CommandType='Text', CommandTimeout='30']
SELECT "t"."Version", "t"."ContentSha256", "t"."LoadedAt", "t"."SnapshotId", "t"."Source"
FROM "TaskTypeStationRuleVersions" AS "t"
WHERE "t"."Version" = @__version_0
LIMIT 2
[08:03:35 INF] Executed DbCommand (0ms) [Parameters=[@__version_0='?' (DbType = Int64)], CommandType='Text', CommandTimeout='30']
SELECT "t"."Version", "t"."TaskType", "t"."FixedEnd"
FROM "TaskTypeStationRules" AS "t"
WHERE "t"."Version" = @__version_0
[08:03:35 INF] Executed DbCommand (0ms) [Parameters=[], CommandType='Text', CommandTimeout='30']
SELECT "a"."Id", "a"."ContentHash", "a"."DeploymentId", "a"."ImportedAt", "a"."Version"
FROM "AdmissionPolicyState" AS "a"
WHERE "a"."Id" = 1
LIMIT 2
[08:03:35 INF] Executed DbCommand (0ms) [Parameters=[], CommandType='Text', CommandTimeout='30']
SELECT "j"."JourneyId", "j"."AgvId", "j"."AgvLifecycleGeneration", "j"."AreaEndAdmissionRevokedSince", "j"."BlockReasonCode", "j"."BlockReasonSince", "j"."CargoHoldingStartedAt", "j"."ConsumedSafetyResultMessageId", "j"."ConsumedSublotMessageId", "j"."CreatedAt", "j"."DemandId", "j"."DispatchGeneration", "j"."DispatchZone", "j"."ExpectedBasketCount", "j"."FullSlotPositionsJson", "j"."GateMovementLegId", "j"."GatePlanMessageId", "j"."GateStationId", "j"."GateStationRiotId", "j"."GateUpperId", "j"."GateVehicleBusinessMessageId", "j"."GateWorklistMessageId", "j"."LoadCommandMessageId", "j"."LoadSlotOperationAttemptId", "j"."LoadingClosedReason", "j"."LoadingPhaseState", "j"."MapId", "j"."MapIdentity", "j"."OperationSessionId", "j"."PickupMovementLegId", "j"."PickupStationId", "j"."PickupStationRiotId", "j"."PickupUpperId", "j"."PlanMessageId", "j"."PlanRevision", "j"."PreDepartureSafetyCheckId", "j"."PreDepartureSafetyCheckMessageId", "j"."RouteEvidenceId", "j"."Stage", "j"."StationDepartureWaitStartedAt", "j"."SublotRequestMessageId", "j"."TargetSlotsJson", "j"."UnloadCommandMessageId", "j"."UnloadSlotOperationAttemptId", "j"."UpdatedAt", "j"."VehicleBusinessMessageId", "j"."VehicleBusinessRevision", "j"."VehicleKey", "j"."WorklistMessageId", "j"."WorklistRevision", "j"."YieldTriggeredAt", "j"."YieldTriggeredByVehicleKey"
FROM "JourneyRuntimes" AS "j"
WHERE "j"."Stage" <> 'Completed'
[08:03:35 INF] Executed DbCommand (0ms) [Parameters=[@__agvId_0='?' (Size = 10)], CommandType='Text', CommandTimeout='30']
SELECT "s"."AgvId", "s"."ActiveUnlockSlotsJson", "s"."CapabilityHash", "s"."CapabilityRevision", "s"."DepartureSafe", "s"."ForcedRecoveryGeneration", "s"."ManifestSha256", "s"."PendingAttemptIdsJson", "s"."PendingResultIdsJson", "s"."ProfileId", "s"."ProtocolCommit", "s"."ProtocolVersion", "s"."ProvenRecoveryCheckpoint", "s"."Readiness", "s"."ReasonCode", "s"."RecoveryReportId", "s"."ReportedForcedRecoveryGeneration", "s"."ReportedSlotConfigurationFingerprint", "s"."SafetyHash", "s"."SafetyReasonCodesJson", "s"."SafetyRevision", "s"."SafetyUnknownPresent", "s"."SessionGeneration", "s"."UnsettledSlotOperationAttemptId", "s"."UpdatedAt"
FROM "SessionRecoveries" AS "s"
WHERE "s"."AgvId" = @__agvId_0 AND "s"."Readiness" = 'Ready'
LIMIT 2
[08:03:35 INF] Executed DbCommand (0ms) [Parameters=[], CommandType='Text', CommandTimeout='30']
SELECT "p"."MessageId", "p"."AcknowledgedAt", "p"."CreatedAt", "p"."FencedAt", "p"."MessageType", "p"."PayloadJson"
FROM "ProtocolOutbox" AS "p"
WHERE "p"."AcknowledgedAt" IS NULL AND "p"."FencedAt" IS NULL
[08:03:35 ERR] Journey runtime iteration failed closed; no stage is inferred from memory.
System.IO.IOException: No recovered Onboard peer is connected for 'AGV-L2-001'.
   at ControlServer.Host.Transport.OnboardPeer.SendAsync(ReadOnlyMemory`1 ndjsonLine, CancellationToken cancellationToken) in C:\actions-runner\win11-01-control-server-desktop\_work\8005-agv-control-server\8005-agv-control-server\control-server\src\ControlServer.Host\Transport\OnboardPeer.cs:line 73
   at ControlServer.Host.Transport.OnboardJourneyPublisher.ReplayPendingForSessionAsync(String agvId, Int64 sessionGeneration, IReadOnlySet`1 allowedMessageIds, CancellationToken cancellationToken) in C:\actions-runner\win11-01-control-server-desktop\_work\8005-agv-control-server\8005-agv-control-server\control-server\src\ControlServer.Host\Transport\OnboardJourneyPublisher.cs:line 42
   at ControlServer.Host.Runtime.JourneyRuntimeEngine.AdvanceAsync(JourneyRuntimeRow runtime, RiotMapStationCatalogSnapshot currentMap, CancellationToken cancellationToken) in C:\actions-runner\win11-01-control-server-desktop\_work\8005-agv-control-server\8005-agv-control-server\control-server\src\ControlServer.Host\Runtime\JourneyRuntimeEngine.cs:line 447
   at ControlServer.Host.Runtime.JourneyRuntimeEngine.ExecuteOnceAsync(CancellationToken cancellationToken) in C:\actions-runner\win11-01-control-server-desktop\_work\8005-agv-control-server\8005-agv-control-server\control-server\src\ControlServer.Host\Runtime\JourneyRuntimeEngine.cs:line 322
   at ControlServer.Host.Runtime.JourneyRuntimeWorker.ExecuteAsync(CancellationToken stoppingToken) in C:\actions-runner\win11-01-control-server-desktop\_work\8005-agv-control-server\8005-agv-control-server\control-server\src\ControlServer.Host\Runtime\JourneyRuntimeWorker.cs:line 51
   at ControlServer.Host.Runtime.JourneyRuntimeWorker.ExecuteAsync(CancellationToken stoppingToken) in C:\actions-runner\win11-01-control-server-desktop\_work\8005-agv-control-server\8005-agv-control-server\control-server\src\ControlServer.Host\Runtime\JourneyRuntimeWorker.cs:line 51
[08:03:36 INF] Start processing HTTP request GET http://127.0.0.1:48408/api/task/v1/task/getVehicleInfo/BROKERX-L2-0001
[08:03:36 INF] Sending HTTP request GET http://127.0.0.1:48408/api/task/v1/task/getVehicleInfo/BROKERX-L2-0001
[08:03:36 INF] Received HTTP response headers after 0.8569ms - 200
[08:03:36 INF] End processing HTTP request after 19.459ms - 200
[08:03:36 INF] Start processing HTTP request GET http://127.0.0.1:48408/api/order/v1/orderRecord?pageNum=1&pageSize=100&filterByState=1&filterByState=3&filterByState=7&filterByState=9
[08:03:36 INF] Sending HTTP request GET http://127.0.0.1:48408/api/order/v1/orderRecord?pageNum=1&pageSize=100&filterByState=1&filterByState=3&filterByState=7&filterByState=9
[08:03:36 INF] Received HTTP response headers after 0.8665ms - 200
[08:03:36 INF] End processing HTTP request after 16.7797ms - 200
[08:03:36 INF] HTTP GET /api/onboard/v1/vehicle-safety responded 200 in 67.5731 ms
[08:03:36 INF] Executed DbCommand (0ms) [Parameters=[@__messageId_0='?' (Size = 36)], CommandType='Text', CommandTimeout='30']
SELECT "p"."MessageId", "p"."ContentHash", "p"."FirstResponseJson", "p"."MessageType", "p"."ReceivedAt", "p"."RequestJson"
FROM "ProtocolInbox" AS "p"
WHERE "p"."MessageId" = @__messageId_0
LIMIT 2
[08:03:36 INF] Executed DbCommand (0ms) [Parameters=[@__agvId_0='?' (Size = 10)], CommandType='Text', CommandTimeout='30']
SELECT "s"."SessionGeneration"
FROM "SessionRecoveries" AS "s"
WHERE "s"."AgvId" = @__agvId_0
LIMIT 2
[08:03:36 INF] Executed DbCommand (0ms) [Parameters=[@__identity_AgvId_0='?' (Size = 10)], CommandType='Text', CommandTimeout='30']
SELECT "s"."AgvId", "s"."ActiveUnlockSlotsJson", "s"."CapabilityHash", "s"."CapabilityRevision", "s"."DepartureSafe", "s"."ForcedRecoveryGeneration", "s"."ManifestSha256", "s"."PendingAttemptIdsJson", "s"."PendingResultIdsJson", "s"."ProfileId", "s"."ProtocolCommit", "s"."ProtocolVersion", "s"."ProvenRecoveryCheckpoint", "s"."Readiness", "s"."ReasonCode", "s"."RecoveryReportId", "s"."ReportedForcedRecoveryGeneration", "s"."ReportedSlotConfigurationFingerprint", "s"."SafetyHash", "s"."SafetyReasonCodesJson", "s"."SafetyRevision", "s"."SafetyUnknownPresent", "s"."SessionGeneration", "s"."UnsettledSlotOperationAttemptId", "s"."UpdatedAt"
FROM "SessionRecoveries" AS "s"
WHERE "s"."AgvId" = @__identity_AgvId_0
LIMIT 2
[08:03:36 INF] Executed DbCommand (0ms) [Parameters=[@__identity_AgvId_0='?' (Size = 10)], CommandType='Text', CommandTimeout='30']
SELECT "j"."JourneyId", "j"."AgvId", "j"."AgvLifecycleGeneration", "j"."AreaEndAdmissionRevokedSince", "j"."BlockReasonCode", "j"."BlockReasonSince", "j"."CargoHoldingStartedAt", "j"."ConsumedSafetyResultMessageId", "j"."ConsumedSublotMessageId", "j"."CreatedAt", "j"."DemandId", "j"."DispatchGeneration", "j"."DispatchZone", "j"."ExpectedBasketCount", "j"."FullSlotPositionsJson", "j"."GateMovementLegId", "j"."GatePlanMessageId", "j"."GateStationId", "j"."GateStationRiotId", "j"."GateUpperId", "j"."GateVehicleBusinessMessageId", "j"."GateWorklistMessageId", "j"."LoadCommandMessageId", "j"."LoadSlotOperationAttemptId", "j"."LoadingClosedReason", "j"."LoadingPhaseState", "j"."MapId", "j"."MapIdentity", "j"."OperationSessionId", "j"."PickupMovementLegId", "j"."PickupStationId", "j"."PickupStationRiotId", "j"."PickupUpperId", "j"."PlanMessageId", "j"."PlanRevision", "j"."PreDepartureSafetyCheckId", "j"."PreDepartureSafetyCheckMessageId", "j"."RouteEvidenceId", "j"."Stage", "j"."StationDepartureWaitStartedAt", "j"."SublotRequestMessageId", "j"."TargetSlotsJson", "j"."UnloadCommandMessageId", "j"."UnloadSlotOperationAttemptId", "j"."UpdatedAt", "j"."VehicleBusinessMessageId", "j"."VehicleBusinessRevision", "j"."VehicleKey", "j"."WorklistMessageId", "j"."WorklistRevision", "j"."YieldTriggeredAt", "j"."YieldTriggeredByVehicleKey"
FROM "JourneyRuntimes" AS "j"
WHERE "j"."AgvId" = @__identity_AgvId_0 AND "j"."StationDepartureWaitStartedAt" IS NOT NULL
[08:03:36 INF] Executed DbCommand (0ms) [Parameters=[@p1='?' (Size = 44), @p0='?' (DbType = DateTimeOffset)], CommandType='Text', CommandTimeout='30']
UPDATE "JourneyRuntimes" SET "StationDepartureWaitStartedAt" = @p0
WHERE "JourneyId" = @p1
RETURNING 1;
[08:03:36 INF] Executed DbCommand (0ms) [Parameters=[@p11='?' (Size = 10), @p0='?', @p1='?' (DbType = Int64), @p2='?' (DbType = Boolean), @p3='?' (Size = 16), @p4='?' (Size = 20), @p5='?', @p6='?', @p7='?', @p8='?' (DbType = Int64), @p9='?' (DbType = Int64), @p10='?' (DbType = DateTimeOffset)], CommandType='Text', CommandTimeout='30']
UPDATE "SessionRecoveries" SET "CapabilityHash" = @p0, "CapabilityRevision" = @p1, "DepartureSafe" = @p2, "Readiness" = @p3, "ReasonCode" = @p4, "RecoveryReportId" = @p5, "ReportedSlotConfigurationFingerprint" = @p6, "SafetyHash" = @p7, "SafetyRevision" = @p8, "SessionGeneration" = @p9, "UpdatedAt" = @p10
WHERE "AgvId" = @p11
RETURNING 1;
[08:03:36 INF] Executed DbCommand (0ms) [Parameters=[@p0='?' (Size = 36), @p1='?' (Size = 64), @p2='?' (Size = 1063), @p3='?' (Size = 12), @p4='?' (DbType = DateTimeOffset), @p5='?' (Size = 1075)], CommandType='Text', CommandTimeout='30']
INSERT INTO "ProtocolInbox" ("MessageId", "ContentHash", "FirstResponseJson", "MessageType", "ReceivedAt", "RequestJson")
VALUES (@p0, @p1, @p2, @p3, @p4, @p5);
[08:03:36 INF] Executed DbCommand (0ms) [Parameters=[@__messageId_0='?' (Size = 36)], CommandType='Text', CommandTimeout='30']
SELECT "p"."MessageId", "p"."ContentHash", "p"."FirstResponseJson", "p"."MessageType", "p"."ReceivedAt", "p"."RequestJson"
FROM "ProtocolInbox" AS "p"
WHERE "p"."MessageId" = @__messageId_0
LIMIT 2
[08:03:36 INF] Executed DbCommand (0ms) [Parameters=[@__agvId_0='?' (Size = 10)], CommandType='Text', CommandTimeout='30']
SELECT "a"."AgvId", "a"."ActivatedAt", "a"."ActivationId", "a"."ConfigurationVersion", "a"."Fingerprint", "a"."SlotModelVersionId", "a"."SnapshotId"
FROM "ActiveSlotConfigurations" AS "a"
WHERE "a"."AgvId" = @__agvId_0
LIMIT 1
[08:03:36 INF] Executed DbCommand (0ms) [Parameters=[@__agvId_0='?' (Size = 10)], CommandType='Text', CommandTimeout='30']
SELECT "a"."AgvId", "a"."ArchiveReason", "a"."ArchivedActiveSlotConfigurationFingerprint", "a"."ArchivedAt", "a"."ArchivedLifecycleGeneration"
FROM "AgvArchives" AS "a"
WHERE "a"."AgvId" = @__agvId_0
LIMIT 1
[08:03:36 INF] Executed DbCommand (0ms) [Parameters=[@__agvId_0='?' (Size = 10)], CommandType='Text', CommandTimeout='30']
SELECT "s"."AgvId", "s"."ActiveUnlockSlotsJson", "s"."CapabilityHash", "s"."CapabilityRevision", "s"."DepartureSafe", "s"."ForcedRecoveryGeneration", "s"."ManifestSha256", "s"."PendingAttemptIdsJson", "s"."PendingResultIdsJson", "s"."ProfileId", "s"."ProtocolCommit", "s"."ProtocolVersion", "s"."ProvenRecoveryCheckpoint", "s"."Readiness", "s"."ReasonCode", "s"."RecoveryReportId", "s"."ReportedForcedRecoveryGeneration", "s"."ReportedSlotConfigurationFingerprint", "s"."SafetyHash", "s"."SafetyReasonCodesJson", "s"."SafetyRevision", "s"."SafetyUnknownPresent", "s"."SessionGeneration", "s"."UnsettledSlotOperationAttemptId", "s"."UpdatedAt"
FROM "SessionRecoveries" AS "s"
WHERE "s"."AgvId" = @__agvId_0
LIMIT 2
[08:03:36 INF] Executed DbCommand (0ms) [Parameters=[@p4='?' (Size = 10), @p0='?' (Size = 64), @p1='?' (DbType = Int64), @p2='?' (Size = 64), @p3='?' (DbType = DateTimeOffset)], CommandType='Text', CommandTimeout='30']
UPDATE "SessionRecoveries" SET "CapabilityHash" = @p0, "CapabilityRevision" = @p1, "ReportedSlotConfigurationFingerprint" = @p2, "UpdatedAt" = @p3
WHERE "AgvId" = @p4
RETURNING 1;
[08:03:36 INF] Executed DbCommand (0ms) [Parameters=[@p0='?' (Size = 36), @p1='?' (Size = 64), @p2='?' (Size = 622), @p3='?' (Size = 18), @p4='?' (DbType = DateTimeOffset), @p5='?' (Size = 2073)], CommandType='Text', CommandTimeout='30']
INSERT INTO "ProtocolInbox" ("MessageId", "ContentHash", "FirstResponseJson", "MessageType", "ReceivedAt", "RequestJson")
VALUES (@p0, @p1, @p2, @p3, @p4, @p5);
[08:03:36 INF] Executed DbCommand (0ms) [Parameters=[@__messageId_0='?' (Size = 36)], CommandType='Text', CommandTimeout='30']
SELECT "p"."MessageId", "p"."ContentHash", "p"."FirstResponseJson", "p"."MessageType", "p"."ReceivedAt", "p"."RequestJson"
FROM "ProtocolInbox" AS "p"
WHERE "p"."MessageId" = @__messageId_0
LIMIT 2
[08:03:36 INF] Executed DbCommand (0ms) [Parameters=[@__agvId_0='?' (Size = 10)], CommandType='Text', CommandTimeout='30']
SELECT "s"."AgvId", "s"."ActiveUnlockSlotsJson", "s"."CapabilityHash", "s"."CapabilityRevision", "s"."DepartureSafe", "s"."ForcedRecoveryGeneration", "s"."ManifestSha256", "s"."PendingAttemptIdsJson", "s"."PendingResultIdsJson", "s"."ProfileId", "s"."ProtocolCommit", "s"."ProtocolVersion", "s"."ProvenRecoveryCheckpoint", "s"."Readiness", "s"."ReasonCode", "s"."RecoveryReportId", "s"."ReportedForcedRecoveryGeneration", "s"."ReportedSlotConfigurationFingerprint", "s"."SafetyHash", "s"."SafetyReasonCodesJson", "s"."SafetyRevision", "s"."SafetyUnknownPresent", "s"."SessionGeneration", "s"."UnsettledSlotOperationAttemptId", "s"."UpdatedAt"
FROM "SessionRecoveries" AS "s"
WHERE "s"."AgvId" = @__agvId_0
LIMIT 2
[08:03:36 INF] Executed DbCommand (0ms) [Parameters=[@p5='?' (Size = 10), @p0='?' (DbType = Boolean), @p1='?' (Size = 64), @p2='?' (Size = 2), @p3='?' (DbType = Int64), @p4='?' (DbType = DateTimeOffset)], CommandType='Text', CommandTimeout='30']
UPDATE "SessionRecoveries" SET "DepartureSafe" = @p0, "SafetyHash" = @p1, "SafetyReasonCodesJson" = @p2, "SafetyRevision" = @p3, "UpdatedAt" = @p4
WHERE "AgvId" = @p5
RETURNING 1;
[08:03:36 INF] Executed DbCommand (0ms) [Parameters=[@p0='?' (Size = 36), @p1='?' (Size = 64), @p2='?' (Size = 624), @p3='?' (Size = 19), @p4='?' (DbType = DateTimeOffset), @p5='?' (Size = 1971)], CommandType='Text', CommandTimeout='30']
INSERT INTO "ProtocolInbox" ("MessageId", "ContentHash", "FirstResponseJson", "MessageType", "ReceivedAt", "RequestJson")
VALUES (@p0, @p1, @p2, @p3, @p4, @p5);
[08:03:36 INF] Executed DbCommand (0ms) [Parameters=[@__messageId_0='?' (Size = 36)], CommandType='Text', CommandTimeout='30']
SELECT "p"."MessageId", "p"."ContentHash", "p"."FirstResponseJson", "p"."MessageType", "p"."ReceivedAt", "p"."RequestJson"
FROM "ProtocolInbox" AS "p"
WHERE "p"."MessageId" = @__messageId_0
LIMIT 2
[08:03:36 INF] Executed DbCommand (0ms) [Parameters=[@__agvId_0='?' (Size = 10)], CommandType='Text', CommandTimeout='30']
SELECT "o"."AlarmsJson"
FROM "OnboardAlarmSnapshots" AS "o"
WHERE "o"."AgvId" = @__agvId_0
LIMIT 1
[08:03:36 INF] Executed DbCommand (0ms) [Parameters=[@__snapshot_AgvId_0='?' (Size = 10)], CommandType='Text', CommandTimeout='30']
SELECT "o"."AgvId", "o"."AlarmsJson", "o"."CapturedAt", "o"."ReceivedAt", "o"."SessionGeneration", "o"."SnapshotSequence"
FROM "OnboardAlarmSnapshots" AS "o"
WHERE "o"."AgvId" = @__snapshot_AgvId_0
LIMIT 1
[08:03:36 INF] Executed DbCommand (0ms) [Parameters=[@p3='?' (Size = 10), @p0='?' (DbType = DateTimeOffset), @p1='?' (DbType = DateTimeOffset), @p2='?' (DbType = Int64)], CommandType='Text', CommandTimeout='30']
UPDATE "OnboardAlarmSnapshots" SET "CapturedAt" = @p0, "ReceivedAt" = @p1, "SessionGeneration" = @p2
WHERE "AgvId" = @p3
RETURNING 1;
[08:03:36 INF] Executed DbCommand (0ms) [Parameters=[@__agvId_0='?' (Size = 10)], CommandType='Text', CommandTimeout='30']
SELECT "o"."AlarmsJson"
FROM "OnboardAlarmSnapshots" AS "o"
WHERE "o"."AgvId" = @__agvId_0
LIMIT 1
[08:03:36 INF] Executed DbCommand (0ms) [Parameters=[@p0='?' (Size = 36), @p1='?' (Size = 64), @p2='?' (Size = 625), @p3='?' (Size = 20), @p4='?' (DbType = DateTimeOffset), @p5='?' (Size = 485)], CommandType='Text', CommandTimeout='30']
INSERT INTO "ProtocolInbox" ("MessageId", "ContentHash", "FirstResponseJson", "MessageType", "ReceivedAt", "RequestJson")
VALUES (@p0, @p1, @p2, @p3, @p4, @p5);
[08:03:36 INF] Start processing HTTP request GET http://127.0.0.1:48408/api/imap/v1/mapInfo/stations/25
[08:03:36 INF] Sending HTTP request GET http://127.0.0.1:48408/api/imap/v1/mapInfo/stations/25
[08:03:36 INF] Received HTTP response headers after 0.7587ms - 200
[08:03:36 INF] End processing HTTP request after 2.5856ms - 200
[08:03:36 INF] Executed DbCommand (0ms) [Parameters=[@__mapId_0='?' (DbType = Int32)], CommandType='Text', CommandTimeout='30']
SELECT "t"."MapId", "t"."ActiveVersion", "t"."PendingVersion", "t"."State", "t"."UpdatedAt"
FROM "TaskTypeStationActiveBindingSets" AS "t"
WHERE "t"."MapId" = @__mapId_0
LIMIT 2
[08:03:36 INF] Executed DbCommand (0ms) [Parameters=[@__mapId_0='?' (DbType = Int32), @__version_1='?' (DbType = Int64)], CommandType='Text', CommandTimeout='30']
SELECT "t"."MapId", "t"."Version", "t"."CatalogRevision", "t"."ContentSha256", "t"."LoadedAt", "t"."RuleVersion", "t"."SnapshotId", "t"."Source"
FROM "TaskTypeStationBindingSetVersions" AS "t"
WHERE "t"."MapId" = @__mapId_0 AND "t"."Version" = @__version_1
LIMIT 2
[08:03:36 INF] Executed DbCommand (0ms) [Parameters=[@__mapId_0='?' (DbType = Int32), @__version_1='?' (DbType = Int64)], CommandType='Text', CommandTimeout='30']
SELECT "t"."TaskType"
FROM "TaskTypeStationRequirements" AS "t"
WHERE "t"."MapId" = @__mapId_0 AND "t"."Version" = @__version_1
[08:03:36 INF] Executed DbCommand (0ms) [Parameters=[@__mapId_0='?' (DbType = Int32), @__version_1='?' (DbType = Int64)], CommandType='Text', CommandTimeout='30']
SELECT "t"."MapId", "t"."Version", "t"."TaskType", "t"."SiteVerificationRef", "t"."StationName", "t"."StationRiotId"
FROM "TaskTypeStationBindings" AS "t"
WHERE "t"."MapId" = @__mapId_0 AND "t"."Version" = @__version_1
[08:03:36 INF] Executed DbCommand (0ms) [Parameters=[@__messageId_0='?' (Size = 36)], CommandType='Text', CommandTimeout='30']
SELECT "p"."MessageId", "p"."ContentHash", "p"."FirstResponseJson", "p"."MessageType", "p"."ReceivedAt", "p"."RequestJson"
FROM "ProtocolInbox" AS "p"
WHERE "p"."MessageId" = @__messageId_0
LIMIT 2
[08:03:36 INF] Executed DbCommand (0ms) [Parameters=[@__version_0='?' (DbType = Int64)], CommandType='Text', CommandTimeout='30']
SELECT "t"."Version", "t"."ContentSha256", "t"."LoadedAt", "t"."SnapshotId", "t"."Source"
FROM "TaskTypeStationRuleVersions" AS "t"
WHERE "t"."Version" = @__version_0
LIMIT 2
[08:03:36 INF] Executed DbCommand (0ms) [Parameters=[@__agvId_0='?' (Size = 10)], CommandType='Text', CommandTimeout='30']
SELECT "s"."AgvId", "s"."ActiveUnlockSlotsJson", "s"."CapabilityHash", "s"."CapabilityRevision", "s"."DepartureSafe", "s"."ForcedRecoveryGeneration", "s"."ManifestSha256", "s"."PendingAttemptIdsJson", "s"."PendingResultIdsJson", "s"."ProfileId", "s"."ProtocolCommit", "s"."ProtocolVersion", "s"."ProvenRecoveryCheckpoint", "s"."Readiness", "s"."ReasonCode", "s"."RecoveryReportId", "s"."ReportedForcedRecoveryGeneration", "s"."ReportedSlotConfigurationFingerprint", "s"."SafetyHash", "s"."SafetyReasonCodesJson", "s"."SafetyRevision", "s"."SafetyUnknownPresent", "s"."SessionGeneration", "s"."UnsettledSlotOperationAttemptId", "s"."UpdatedAt"
FROM "SessionRecoveries" AS "s"
WHERE "s"."AgvId" = @__agvId_0
LIMIT 2
[08:03:36 INF] Executed DbCommand (0ms) [Parameters=[@__version_0='?' (DbType = Int64)], CommandType='Text', CommandTimeout='30']
SELECT "t"."Version", "t"."TaskType", "t"."FixedEnd"
FROM "TaskTypeStationRules" AS "t"
WHERE "t"."Version" = @__version_0
[08:03:36 INF] Executed DbCommand (0ms) [Parameters=[@__agvId_0='?' (Size = 10)], CommandType='Text', CommandTimeout='30']
SELECT "v"."ForcedRecoveryGeneration"
FROM "VehicleRecoveryGenerations" AS "v"
WHERE "v"."AgvId" = @__agvId_0
LIMIT 2
[08:03:36 INF] Executed DbCommand (0ms) [Parameters=[@__mapId_0='?' (DbType = Int32)], CommandType='Text', CommandTimeout='30']
SELECT "t"."MapId", "t"."ActiveVersion", "t"."PendingVersion", "t"."State", "t"."UpdatedAt"
FROM "TaskTypeStationActiveBindingSets" AS "t"
WHERE "t"."MapId" = @__mapId_0
LIMIT 2
[08:03:36 INF] Executed DbCommand (0ms) [Parameters=[@__mapId_0='?' (DbType = Int32)], CommandType='Text', CommandTimeout='30']
SELECT "t"."HoldId", "t"."DetailJson", "t"."MapId", "t"."RaisedAt", "t"."RaisedBy", "t"."ReasonCode", "t"."ReleasedAt", "t"."ReleasedBy", "t"."Source", "t"."TaskType"
FROM "TaskTypeStationHolds" AS "t"
WHERE "t"."MapId" = @__mapId_0 AND "t"."ReleasedAt" IS NULL
[08:03:36 INF] Executed DbCommand (0ms) [Parameters=[@__mapId_0='?' (DbType = Int32)], CommandType='Text', CommandTimeout='30']
SELECT "m"."MapId", "m"."ApprovedMaxUnconfirmedSeconds", "m"."ApprovedSyncPeriodSeconds", "m"."CatalogRevision", "m"."LastAttemptAt", "m"."LastCompleteConfirmationAt", "m"."LastFailureReason", "m"."State", "m"."UpdatedAt"
FROM "MapStationCatalogStates" AS "m"
WHERE "m"."MapId" = @__mapId_0
LIMIT 2
[08:03:36 INF] Executed DbCommand (0ms) [Parameters=[@__pending_0='?' (Size = 40)], CommandType='Text', CommandTimeout='30']
SELECT "s"."SlotOperationAttemptId"
FROM "StationOperations" AS "s"
WHERE "s"."SlotOperationAttemptId" IN (
    SELECT "p"."value"
    FROM json_each(@__pending_0) AS "p"
) AND "s"."Status" IN ('Committed', 'Failed', 'Cancelled')
[08:03:36 INF] Executed DbCommand (0ms) [Parameters=[@p7='?' (Size = 10), @p0='?' (Size = 3), @p1='?' (Size = 40), @p2='?' (Size = 17), @p3='?' (Size = 31), @p4='?' (Size = 36), @p5='?' (Size = 36), @p6='?' (DbType = DateTimeOffset)], CommandType='Text', CommandTimeout='30']
UPDATE "SessionRecoveries" SET "ActiveUnlockSlotsJson" = @p0, "PendingAttemptIdsJson" = @p1, "ProvenRecoveryCheckpoint" = @p2, "ReasonCode" = @p3, "RecoveryReportId" = @p4, "UnsettledSlotOperationAttemptId" = @p5, "UpdatedAt" = @p6
WHERE "AgvId" = @p7
RETURNING 1;
[08:03:36 INF] Executed DbCommand (0ms) [Parameters=[@__agvId_0='?' (Size = 10)], CommandType='Text', CommandTimeout='30']
SELECT "s"."AgvId", "s"."ActiveUnlockSlotsJson", "s"."CapabilityHash", "s"."CapabilityRevision", "s"."DepartureSafe", "s"."ForcedRecoveryGeneration", "s"."ManifestSha256", "s"."PendingAttemptIdsJson", "s"."PendingResultIdsJson", "s"."ProfileId", "s"."ProtocolCommit", "s"."ProtocolVersion", "s"."ProvenRecoveryCheckpoint", "s"."Readiness", "s"."ReasonCode", "s"."RecoveryReportId", "s"."ReportedForcedRecoveryGeneration", "s"."ReportedSlotConfigurationFingerprint", "s"."SafetyHash", "s"."SafetyReasonCodesJson", "s"."SafetyRevision", "s"."SafetyUnknownPresent", "s"."SessionGeneration", "s"."UnsettledSlotOperationAttemptId", "s"."UpdatedAt"
FROM "SessionRecoveries" AS "s"
WHERE "s"."AgvId" = @__agvId_0
LIMIT 2
[08:03:36 INF] Executed DbCommand (0ms) [Parameters=[@__agvId_0='?' (Size = 10)], CommandType='Text', CommandTimeout='30']
SELECT EXISTS (
    SELECT 1
    FROM "StationOperations" AS "s"
    INNER JOIN "JourneyRuntimes" AS "j" ON "s"."DemandId" = "j"."DemandId"
    WHERE "j"."AgvId" = @__agvId_0 AND "s"."Status" = 'RecoveryRequired')
[08:03:36 INF] Executed DbCommand (0ms) [Parameters=[@__agvId_0='?' (Size = 10)], CommandType='Text', CommandTimeout='30']
SELECT EXISTS (
    SELECT 1
    FROM "RecoveryWorkflows" AS "r"
    WHERE "r"."AgvId" = @__agvId_0 AND "r"."WorkflowType" = 'FORCED_MECHANICAL_RECOVERY' AND "r"."State" <> 'HistoricalOnly' AND NOT EXISTS (
        SELECT 1
        FROM "HardwareRecoveryRecords" AS "h"
        WHERE "h"."RecoveryActionId" = "r"."WorkflowId"))
[08:03:36 INF] Executed DbCommand (0ms) [Parameters=[@__agvId_0='?' (Size = 10)], CommandType='Text', CommandTimeout='30']
SELECT "a"."AgvId", "a"."ActivatedAt", "a"."ActivationId", "a"."ConfigurationVersion", "a"."Fingerprint", "a"."SlotModelVersionId", "a"."SnapshotId"
FROM "ActiveSlotConfigurations" AS "a"
WHERE "a"."AgvId" = @__agvId_0
LIMIT 1
[08:03:36 INF] Executed DbCommand (0ms) [Parameters=[@p2='?' (Size = 10), @p0='?' (Size = 36), @p1='?' (DbType = DateTimeOffset)], CommandType='Text', CommandTimeout='30']
UPDATE "SessionRecoveries" SET "ReasonCode" = @p0, "UpdatedAt" = @p1
WHERE "AgvId" = @p2
RETURNING 1;
[08:03:36 INF] Executed DbCommand (0ms) [Parameters=[@p0='?' (Size = 36), @p1='?' (Size = 64), @p2='?' (Size = 1275), @p3='?' (Size = 19), @p4='?' (DbType = DateTimeOffset), @p5='?' (Size = 778)], CommandType='Text', CommandTimeout='30']
INSERT INTO "ProtocolInbox" ("MessageId", "ContentHash", "FirstResponseJson", "MessageType", "ReceivedAt", "RequestJson")
VALUES (@p0, @p1, @p2, @p3, @p4, @p5);
[08:03:36 INF] Executed DbCommand (0ms) [Parameters=[@__agvId_0='?' (Size = 10)], CommandType='Text', CommandTimeout='30']
SELECT "r"."CommandMessageId"
FROM "RecoveryWorkflows" AS "r"
WHERE "r"."AgvId" = @__agvId_0 AND "r"."CommandMessageId" IS NOT NULL AND "r"."State" <> 'Reconciled' AND "r"."State" <> 'HistoricalOnly'
[08:03:36 INF] Executed DbCommand (0ms) [Parameters=[], CommandType='Text', CommandTimeout='30']
SELECT "p"."MessageId", "p"."AcknowledgedAt", "p"."CreatedAt", "p"."FencedAt", "p"."MessageType", "p"."PayloadJson"
FROM "ProtocolOutbox" AS "p"
WHERE "p"."MessageType" = 'ExceptionRecoverySessionSnapshot' AND "p"."AcknowledgedAt" IS NULL AND "p"."FencedAt" IS NULL
[08:03:36 INF] Executed DbCommand (0ms) [Parameters=[@__agvId_0='?' (Size = 10)], CommandType='Text', CommandTimeout='30']
SELECT "s"."ActivationId", "s"."AgvId", "s"."CommandMessageId", "s"."ConfigurationVersion", "s"."Fingerprint", "s"."IssuedAt", "s"."Kind", "s"."RecoveryRole", "s"."ResultJson", "s"."ResultReceivedAt", "s"."RolledBackToVersion", "s"."SlotModelVersionId", "s"."SnapshotId", "s"."State"
FROM "SlotConfigurationActivations" AS "s"
WHERE "s"."AgvId" = @__agvId_0 AND "s"."State" = 'PENDING_RESULT' AND "s"."RecoveryRole" = 'SLOT_CONFIGURATION'
[08:03:37 INF] Executed DbCommand (0ms) [Parameters=[@__messageId_0='?' (Size = 36)], CommandType='Text', CommandTimeout='30']
SELECT "p"."MessageId", "p"."ContentHash", "p"."FirstResponseJson", "p"."MessageType", "p"."ReceivedAt", "p"."RequestJson"
FROM "ProtocolInbox" AS "p"
WHERE "p"."MessageId" = @__messageId_0
LIMIT 2
[08:03:37 INF] Executed DbCommand (0ms) [Parameters=[@__agvId_0='?' (Size = 10)], CommandType='Text', CommandTimeout='30']
SELECT "s"."AgvId", "s"."ActiveUnlockSlotsJson", "s"."CapabilityHash", "s"."CapabilityRevision", "s"."DepartureSafe", "s"."ForcedRecoveryGeneration", "s"."ManifestSha256", "s"."PendingAttemptIdsJson", "s"."PendingResultIdsJson", "s"."ProfileId", "s"."ProtocolCommit", "s"."ProtocolVersion", "s"."ProvenRecoveryCheckpoint", "s"."Readiness", "s"."ReasonCode", "s"."RecoveryReportId", "s"."ReportedForcedRecoveryGeneration", "s"."ReportedSlotConfigurationFingerprint", "s"."SafetyHash", "s"."SafetyReasonCodesJson", "s"."SafetyRevision", "s"."SafetyUnknownPresent", "s"."SessionGeneration", "s"."UnsettledSlotOperationAttemptId", "s"."UpdatedAt"
FROM "SessionRecoveries" AS "s"
WHERE "s"."AgvId" = @__agvId_0
LIMIT 2
[08:03:37 INF] Executed DbCommand (0ms) [Parameters=[@p4='?' (Size = 10), @p0='?' (Size = 20), @p1='?' (Size = 64), @p2='?' (DbType = Int64), @p3='?' (DbType = DateTimeOffset)], CommandType='Text', CommandTimeout='30']
UPDATE "SessionRecoveries" SET "ReasonCode" = @p0, "SafetyHash" = @p1, "SafetyRevision" = @p2, "UpdatedAt" = @p3
WHERE "AgvId" = @p4
RETURNING 1;
[08:03:37 INF] Executed DbCommand (0ms) [Parameters=[@__agvId_0='?' (Size = 10)], CommandType='Text', CommandTimeout='30']
SELECT "s"."AgvId", "s"."ActiveUnlockSlotsJson", "s"."CapabilityHash", "s"."CapabilityRevision", "s"."DepartureSafe", "s"."ForcedRecoveryGeneration", "s"."ManifestSha256", "s"."PendingAttemptIdsJson", "s"."PendingResultIdsJson", "s"."ProfileId", "s"."ProtocolCommit", "s"."ProtocolVersion", "s"."ProvenRecoveryCheckpoint", "s"."Readiness", "s"."ReasonCode", "s"."RecoveryReportId", "s"."ReportedForcedRecoveryGeneration", "s"."ReportedSlotConfigurationFingerprint", "s"."SafetyHash", "s"."SafetyReasonCodesJson", "s"."SafetyRevision", "s"."SafetyUnknownPresent", "s"."SessionGeneration", "s"."UnsettledSlotOperationAttemptId", "s"."UpdatedAt"
FROM "SessionRecoveries" AS "s"
WHERE "s"."AgvId" = @__agvId_0
LIMIT 2
[08:03:37 INF] Executed DbCommand (0ms) [Parameters=[@__agvId_0='?' (Size = 10)], CommandType='Text', CommandTimeout='30']
SELECT EXISTS (
    SELECT 1
    FROM "StationOperations" AS "s"
    INNER JOIN "JourneyRuntimes" AS "j" ON "s"."DemandId" = "j"."DemandId"
    WHERE "j"."AgvId" = @__agvId_0 AND "s"."Status" = 'RecoveryRequired')
[08:03:37 INF] Executed DbCommand (0ms) [Parameters=[@__agvId_0='?' (Size = 10)], CommandType='Text', CommandTimeout='30']
SELECT EXISTS (
    SELECT 1
    FROM "RecoveryWorkflows" AS "r"
    WHERE "r"."AgvId" = @__agvId_0 AND "r"."WorkflowType" = 'FORCED_MECHANICAL_RECOVERY' AND "r"."State" <> 'HistoricalOnly' AND NOT EXISTS (
        SELECT 1
        FROM "HardwareRecoveryRecords" AS "h"
        WHERE "h"."RecoveryActionId" = "r"."WorkflowId"))
[08:03:37 INF] Executed DbCommand (0ms) [Parameters=[@__agvId_0='?' (Size = 10)], CommandType='Text', CommandTimeout='30']
SELECT "a"."AgvId", "a"."ActivatedAt", "a"."ActivationId", "a"."ConfigurationVersion", "a"."Fingerprint", "a"."SlotModelVersionId", "a"."SnapshotId"
FROM "ActiveSlotConfigurations" AS "a"
WHERE "a"."AgvId" = @__agvId_0
LIMIT 1
[08:03:37 INF] Executed DbCommand (0ms) [Parameters=[@p2='?' (Size = 10), @p0='?' (Size = 36), @p1='?' (DbType = DateTimeOffset)], CommandType='Text', CommandTimeout='30']
UPDATE "SessionRecoveries" SET "ReasonCode" = @p0, "UpdatedAt" = @p1
WHERE "AgvId" = @p2
RETURNING 1;
[08:03:37 INF] Executed DbCommand (0ms) [Parameters=[@__agvId_0='?' (Size = 10)], CommandType='Text', CommandTimeout='30']
SELECT "o"."AlarmsJson"
FROM "OnboardAlarmSnapshots" AS "o"
WHERE "o"."AgvId" = @__agvId_0
LIMIT 1
[08:03:37 INF] Executed DbCommand (0ms) [Parameters=[@p0='?' (Size = 36), @p1='?' (Size = 64), @p2='?' (Size = 1274), @p3='?' (Size = 18), @p4='?' (DbType = DateTimeOffset), @p5='?' (Size = 653)], CommandType='Text', CommandTimeout='30']
INSERT INTO "ProtocolInbox" ("MessageId", "ContentHash", "FirstResponseJson", "MessageType", "ReceivedAt", "RequestJson")
VALUES (@p0, @p1, @p2, @p3, @p4, @p5);
[08:03:37 INF] Executed DbCommand (0ms) [Parameters=[@__messageId_0='?' (Size = 36)], CommandType='Text', CommandTimeout='30']
SELECT "p"."MessageId", "p"."ContentHash", "p"."FirstResponseJson", "p"."MessageType", "p"."ReceivedAt", "p"."RequestJson"
FROM "ProtocolInbox" AS "p"
WHERE "p"."MessageId" = @__messageId_0
LIMIT 2
[08:03:37 INF] Executed DbCommand (0ms) [Parameters=[@__slotOperationAttemptId_0='?' (Size = 36)], CommandType='Text', CommandTimeout='30']
SELECT "s"."ForcedRecoveryGeneration"
FROM "StationOperations" AS "s"
WHERE "s"."SlotOperationAttemptId" = @__slotOperationAttemptId_0
LIMIT 2
[08:03:37 INF] Executed DbCommand (0ms) [Parameters=[@__demandId_0='?' (Size = 36)], CommandType='Text', CommandTimeout='30']
SELECT "j"."JourneyId", "j"."AgvId", "j"."AgvLifecycleGeneration", "j"."AreaEndAdmissionRevokedSince", "j"."BlockReasonCode", "j"."BlockReasonSince", "j"."CargoHoldingStartedAt", "j"."ConsumedSafetyResultMessageId", "j"."ConsumedSublotMessageId", "j"."CreatedAt", "j"."DemandId", "j"."DispatchGeneration", "j"."DispatchZone", "j"."ExpectedBasketCount", "j"."FullSlotPositionsJson", "j"."GateMovementLegId", "j"."GatePlanMessageId", "j"."GateStationId", "j"."GateStationRiotId", "j"."GateUpperId", "j"."GateVehicleBusinessMessageId", "j"."GateWorklistMessageId", "j"."LoadCommandMessageId", "j"."LoadSlotOperationAttemptId", "j"."LoadingClosedReason", "j"."LoadingPhaseState", "j"."MapId", "j"."MapIdentity", "j"."OperationSessionId", "j"."PickupMovementLegId", "j"."PickupStationId", "j"."PickupStationRiotId", "j"."PickupUpperId", "j"."PlanMessageId", "j"."PlanRevision", "j"."PreDepartureSafetyCheckId", "j"."PreDepartureSafetyCheckMessageId", "j"."RouteEvidenceId", "j"."Stage", "j"."StationDepartureWaitStartedAt", "j"."SublotRequestMessageId", "j"."TargetSlotsJson", "j"."UnloadCommandMessageId", "j"."UnloadSlotOperationAttemptId", "j"."UpdatedAt", "j"."VehicleBusinessMessageId", "j"."VehicleBusinessRevision", "j"."VehicleKey", "j"."WorklistMessageId", "j"."WorklistRevision", "j"."YieldTriggeredAt", "j"."YieldTriggeredByVehicleKey"
FROM "JourneyRuntimes" AS "j"
WHERE "j"."DemandId" = @__demandId_0
LIMIT 2
[08:03:37 INF] Executed DbCommand (0ms) [Parameters=[@__result_ResultId_0='?' (Size = 36)], CommandType='Text', CommandTimeout='30']
SELECT "o"."ResultId", "o"."AgvId", "o"."ContentHash", "o"."EvidenceJson", "o"."ForcedRecoveryGeneration", "o"."HistoricalOnly", "o"."ObservedAt", "o"."OverallOutcome", "o"."ReceivedAt", "o"."ResultContentSha256", "o"."SlotOperationAttemptId", "o"."SupersededByResultId"
FROM "OperationResults" AS "o"
WHERE "o"."ResultId" = @__result_ResultId_0
LIMIT 2
[08:03:37 INF] Executed DbCommand (0ms) [Parameters=[@__result_SlotOperationAttemptId_0='?' (Size = 36), @__forcedRecoveryGeneration_1='?' (DbType = Int64)], CommandType='Text', CommandTimeout='30']
SELECT "o"."ResultId", "o"."AgvId", "o"."ContentHash", "o"."EvidenceJson", "o"."ForcedRecoveryGeneration", "o"."HistoricalOnly", "o"."ObservedAt", "o"."OverallOutcome", "o"."ReceivedAt", "o"."ResultContentSha256", "o"."SlotOperationAttemptId", "o"."SupersededByResultId"
FROM "OperationResults" AS "o"
WHERE "o"."SlotOperationAttemptId" = @__result_SlotOperationAttemptId_0 AND "o"."ForcedRecoveryGeneration" = @__forcedRecoveryGeneration_1 AND "o"."SupersededByResultId" IS NULL
[08:03:37 INF] Executed DbCommand (0ms) [Parameters=[@__agvId_0='?' (Size = 10)], CommandType='Text', CommandTimeout='30']
SELECT "v"."ForcedRecoveryGeneration"
FROM "VehicleRecoveryGenerations" AS "v"
WHERE "v"."AgvId" = @__agvId_0
LIMIT 2
[08:03:37 INF] Executed DbCommand (0ms) [Parameters=[@__result_SlotOperationAttemptId_0='?' (Size = 36)], CommandType='Text', CommandTimeout='30']
SELECT "s"."SlotOperationAttemptId", "s"."CommittedAt", "s"."ContentHash", "s"."CreatedAt", "s"."DemandId", "s"."EvidenceJson", "s"."ForcedRecoveryGeneration", "s"."OperationType", "s"."Status", "s"."SublotId", "s"."TargetSlotsJson"
FROM "StationOperations" AS "s"
WHERE "s"."SlotOperationAttemptId" = @__result_SlotOperationAttemptId_0
LIMIT 2
[08:03:37 INF] Executed DbCommand (0ms) [Parameters=[@__result_DemandId_0='?' (Size = 36)], CommandType='Text', CommandTimeout='30']
SELECT "a"."DemandId", "a"."AcceptedAt", "a"."CatalogRevision", "a"."CreatedAt", "a"."DemandRevision", "a"."Generation", "a"."HistoryEpoch", "a"."LiveMesFieldsJson", "a"."SeriesId", "a"."Status", "a"."Sublot", "a"."TransportDemandKey", "a"."ValueObservedAt", "a"."ValuePollTraceId", "a"."ValueProjectionCommitId", "a"."WorkType"
FROM "AcceptedDemands" AS "a"
WHERE "a"."DemandId" = @__result_DemandId_0
LIMIT 2
[08:03:37 INF] Executed DbCommand (0ms) [Parameters=[@p1='?' (Size = 36), @p0='?' (Size = 16)], CommandType='Text', CommandTimeout='30']
UPDATE "AcceptedDemands" SET "Status" = @p0
WHERE "DemandId" = @p1
RETURNING 1;
[08:03:37 INF] Executed DbCommand (0ms) [Parameters=[@p0='?' (Size = 36), @p1='?' (Size = 10), @p2='?' (Size = 64), @p3='?' (Size = 71), @p4='?' (DbType = Int64), @p5='?' (DbType = Boolean), @p6='?' (DbType = DateTimeOffset), @p7='?' (Size = 7), @p8='?' (DbType = DateTimeOffset), @p9='?' (Size = 64), @p10='?' (Size = 36), @p11='?'], CommandType='Text', CommandTimeout='30']
INSERT INTO "OperationResults" ("ResultId", "AgvId", "ContentHash", "EvidenceJson", "ForcedRecoveryGeneration", "HistoricalOnly", "ObservedAt", "OverallOutcome", "ReceivedAt", "ResultContentSha256", "SlotOperationAttemptId", "SupersededByResultId")
VALUES (@p0, @p1, @p2, @p3, @p4, @p5, @p6, @p7, @p8, @p9, @p10, @p11);
[08:03:37 INF] Executed DbCommand (0ms) [Parameters=[@p1='?' (Size = 36), @p0='?' (Size = 16)], CommandType='Text', CommandTimeout='30']
UPDATE "StationOperations" SET "Status" = @p0
WHERE "SlotOperationAttemptId" = @p1
RETURNING 1;
[08:03:37 INF] Executed DbCommand (0ms) [Parameters=[@__slotOperationAttemptId_0='?' (Size = 36)], CommandType='Text', CommandTimeout='30']
SELECT "r"."WorkflowId", "r"."AgvId", "r"."CommandContentHash", "r"."CommandMessageId", "r"."CommandMessageType", "r"."CreatedAt", "r"."DemandId", "r"."ExceptionRecoverySessionId", "r"."ForcedRecoveryGeneration", "r"."HandoffId", "r"."Outcome", "r"."RequestContentHash", "r"."RequestMessageId", "r"."ResultContentHash", "r"."ResultMessageId", "r"."SlotOperationAttemptId", "r"."SlotsJson", "r"."State", "r"."UpdatedAt", "r"."WorkflowType"
FROM "RecoveryWorkflows" AS "r"
WHERE "r"."WorkflowType" = 'RESUME_AFTER_REPAIR' AND "r"."SlotOperationAttemptId" = @__slotOperationAttemptId_0 AND "r"."State" IN ('CommandPending', 'AwaitingResult')
LIMIT 2
[08:03:37 INF] Executed DbCommand (0ms) [Parameters=[@__agvId_0='?' (Size = 10)], CommandType='Text', CommandTimeout='30']
SELECT "s"."AgvId", "s"."ActiveUnlockSlotsJson", "s"."CapabilityHash", "s"."CapabilityRevision", "s"."DepartureSafe", "s"."ForcedRecoveryGeneration", "s"."ManifestSha256", "s"."PendingAttemptIdsJson", "s"."PendingResultIdsJson", "s"."ProfileId", "s"."ProtocolCommit", "s"."ProtocolVersion", "s"."ProvenRecoveryCheckpoint", "s"."Readiness", "s"."ReasonCode", "s"."RecoveryReportId", "s"."ReportedForcedRecoveryGeneration", "s"."ReportedSlotConfigurationFingerprint", "s"."SafetyHash", "s"."SafetyReasonCodesJson", "s"."SafetyRevision", "s"."SafetyUnknownPresent", "s"."SessionGeneration", "s"."UnsettledSlotOperationAttemptId", "s"."UpdatedAt"
FROM "SessionRecoveries" AS "s"
WHERE "s"."AgvId" = @__agvId_0
LIMIT 2
[08:03:37 INF] Executed DbCommand (0ms) [Parameters=[@__agvId_0='?' (Size = 10)], CommandType='Text', CommandTimeout='30']
SELECT "s"."AgvId", "s"."ActiveUnlockSlotsJson", "s"."CapabilityHash", "s"."CapabilityRevision", "s"."DepartureSafe", "s"."ForcedRecoveryGeneration", "s"."ManifestSha256", "s"."PendingAttemptIdsJson", "s"."PendingResultIdsJson", "s"."ProfileId", "s"."ProtocolCommit", "s"."ProtocolVersion", "s"."ProvenRecoveryCheckpoint", "s"."Readiness", "s"."ReasonCode", "s"."RecoveryReportId", "s"."ReportedForcedRecoveryGeneration", "s"."ReportedSlotConfigurationFingerprint", "s"."SafetyHash", "s"."SafetyReasonCodesJson", "s"."SafetyRevision", "s"."SafetyUnknownPresent", "s"."SessionGeneration", "s"."UnsettledSlotOperationAttemptId", "s"."UpdatedAt"
FROM "SessionRecoveries" AS "s"
WHERE "s"."AgvId" = @__agvId_0
LIMIT 2
[08:03:37 INF] Executed DbCommand (0ms) [Parameters=[@__pending_0='?' (Size = 40)], CommandType='Text', CommandTimeout='30']
SELECT "s"."SlotOperationAttemptId"
FROM "StationOperations" AS "s"
WHERE "s"."SlotOperationAttemptId" IN (
    SELECT "p"."value"
    FROM json_each(@__pending_0) AS "p"
) AND "s"."Status" IN ('Committed', 'Failed', 'Cancelled')
[08:03:37 INF] Executed DbCommand (0ms) [Parameters=[@__agvId_0='?' (Size = 10)], CommandType='Text', CommandTimeout='30']
SELECT "s"."AgvId", "s"."ActiveUnlockSlotsJson", "s"."CapabilityHash", "s"."CapabilityRevision", "s"."DepartureSafe", "s"."ForcedRecoveryGeneration", "s"."ManifestSha256", "s"."PendingAttemptIdsJson", "s"."PendingResultIdsJson", "s"."ProfileId", "s"."ProtocolCommit", "s"."ProtocolVersion", "s"."ProvenRecoveryCheckpoint", "s"."Readiness", "s"."ReasonCode", "s"."RecoveryReportId", "s"."ReportedForcedRecoveryGeneration", "s"."ReportedSlotConfigurationFingerprint", "s"."SafetyHash", "s"."SafetyReasonCodesJson", "s"."SafetyRevision", "s"."SafetyUnknownPresent", "s"."SessionGeneration", "s"."UnsettledSlotOperationAttemptId", "s"."UpdatedAt"
FROM "SessionRecoveries" AS "s"
WHERE "s"."AgvId" = @__agvId_0
LIMIT 2
[08:03:37 INF] Executed DbCommand (0ms) [Parameters=[@__agvId_0='?' (Size = 10)], CommandType='Text', CommandTimeout='30']
SELECT EXISTS (
    SELECT 1
    FROM "StationOperations" AS "s"
    INNER JOIN "JourneyRuntimes" AS "j" ON "s"."DemandId" = "j"."DemandId"
    WHERE "j"."AgvId" = @__agvId_0 AND "s"."Status" = 'RecoveryRequired')
[08:03:37 INF] Executed DbCommand (0ms) [Parameters=[@__agvId_0='?' (Size = 10)], CommandType='Text', CommandTimeout='30']
SELECT EXISTS (
    SELECT 1
    FROM "RecoveryWorkflows" AS "r"
    WHERE "r"."AgvId" = @__agvId_0 AND "r"."WorkflowType" = 'FORCED_MECHANICAL_RECOVERY' AND "r"."State" <> 'HistoricalOnly' AND NOT EXISTS (
        SELECT 1
        FROM "HardwareRecoveryRecords" AS "h"
        WHERE "h"."RecoveryActionId" = "r"."WorkflowId"))
[08:03:37 INF] Executed DbCommand (0ms) [Parameters=[@__agvId_0='?' (Size = 10)], CommandType='Text', CommandTimeout='30']
SELECT "a"."AgvId", "a"."ActivatedAt", "a"."ActivationId", "a"."ConfigurationVersion", "a"."Fingerprint", "a"."SlotModelVersionId", "a"."SnapshotId"
FROM "ActiveSlotConfigurations" AS "a"
WHERE "a"."AgvId" = @__agvId_0
LIMIT 1
[08:03:37 INF] Executed DbCommand (0ms) [Parameters=[@p1='?' (Size = 10), @p0='?' (DbType = DateTimeOffset)], CommandType='Text', CommandTimeout='30']
UPDATE "SessionRecoveries" SET "UpdatedAt" = @p0
WHERE "AgvId" = @p1
RETURNING 1;
[08:03:37 INF] Executed DbCommand (0ms) [Parameters=[@p0='?' (Size = 36), @p1='?' (Size = 64), @p2='?' (Size = 662), @p3='?' (Size = 15), @p4='?' (DbType = DateTimeOffset), @p5='?' (Size = 913)], CommandType='Text', CommandTimeout='30']
INSERT INTO "ProtocolInbox" ("MessageId", "ContentHash", "FirstResponseJson", "MessageType", "ReceivedAt", "RequestJson")
VALUES (@p0, @p1, @p2, @p3, @p4, @p5);
[08:03:37 INF] Executed DbCommand (0ms) [Parameters=[], CommandType='Text', CommandTimeout='30']
SELECT "p"."MessageId", "p"."AcknowledgedAt", "p"."CreatedAt", "p"."FencedAt", "p"."MessageType", "p"."PayloadJson"
FROM "ProtocolOutbox" AS "p"
WHERE "p"."MessageType" = 'ExceptionRecoverySessionSnapshot' AND "p"."AcknowledgedAt" IS NULL AND "p"."FencedAt" IS NULL
[08:03:37 INF] Executed DbCommand (0ms) [Parameters=[@__messageId_0='?' (Size = 36)], CommandType='Text', CommandTimeout='30']
SELECT "p"."MessageId", "p"."ContentHash", "p"."FirstResponseJson", "p"."MessageType", "p"."ReceivedAt", "p"."RequestJson"
FROM "ProtocolInbox" AS "p"
WHERE "p"."MessageId" = @__messageId_0
LIMIT 2
[08:03:37 INF] Executed DbCommand (0ms) [Parameters=[@__agvId_0='?' (Size = 10)], CommandType='Text', CommandTimeout='30']
SELECT "o"."AlarmsJson"
FROM "OnboardAlarmSnapshots" AS "o"
WHERE "o"."AgvId" = @__agvId_0
LIMIT 1
[08:03:37 INF] Start processing HTTP request GET http://127.0.0.1:48408/api/task/v1/task/getVehicleInfo/BROKERX-L2-0001
[08:03:37 INF] Executed DbCommand (0ms) [Parameters=[@__snapshot_AgvId_0='?' (Size = 10)], CommandType='Text', CommandTimeout='30']
SELECT "o"."AgvId", "o"."AlarmsJson", "o"."CapturedAt", "o"."ReceivedAt", "o"."SessionGeneration", "o"."SnapshotSequence"
FROM "OnboardAlarmSnapshots" AS "o"
WHERE "o"."AgvId" = @__snapshot_AgvId_0
LIMIT 1
[08:03:37 INF] Sending HTTP request GET http://127.0.0.1:48408/api/task/v1/task/getVehicleInfo/BROKERX-L2-0001
[08:03:37 INF] Received HTTP response headers after 0.8788ms - 200
[08:03:37 INF] Executed DbCommand (0ms) [Parameters=[@p4='?' (Size = 10), @p0='?' (Size = 423), @p1='?' (DbType = DateTimeOffset), @p2='?' (DbType = DateTimeOffset), @p3='?' (DbType = Int64)], CommandType='Text', CommandTimeout='30']
UPDATE "OnboardAlarmSnapshots" SET "AlarmsJson" = @p0, "CapturedAt" = @p1, "ReceivedAt" = @p2, "SnapshotSequence" = @p3
WHERE "AgvId" = @p4
RETURNING 1;
[08:03:37 INF] End processing HTTP request after 16.0837ms - 200
[08:03:37 INF] Executed DbCommand (0ms) [Parameters=[@__agvId_0='?' (Size = 10)], CommandType='Text', CommandTimeout='30']
SELECT "o"."AlarmsJson"
FROM "OnboardAlarmSnapshots" AS "o"
WHERE "o"."AgvId" = @__agvId_0
LIMIT 1
[08:03:37 INF] Start processing HTTP request GET http://127.0.0.1:48408/api/order/v1/orderRecord?pageNum=1&pageSize=100&filterByState=1&filterByState=3&filterByState=7&filterByState=9
[08:03:37 INF] Sending HTTP request GET http://127.0.0.1:48408/api/order/v1/orderRecord?pageNum=1&pageSize=100&filterByState=1&filterByState=3&filterByState=7&filterByState=9
[08:03:37 INF] Received HTTP response headers after 1.1725ms - 200
[08:03:37 INF] Executed DbCommand (0ms) [Parameters=[@p0='?' (Size = 36), @p1='?' (Size = 64), @p2='?' (Size = 625), @p3='?' (Size = 20), @p4='?' (DbType = DateTimeOffset), @p5='?' (Size = 844)], CommandType='Text', CommandTimeout='30']
INSERT INTO "ProtocolInbox" ("MessageId", "ContentHash", "FirstResponseJson", "MessageType", "ReceivedAt", "RequestJson")
VALUES (@p0, @p1, @p2, @p3, @p4, @p5);
[08:03:37 INF] End processing HTTP request after 29.9784ms - 200
[08:03:37 INF] HTTP GET /api/onboard/v1/vehicle-safety responded 200 in 126.0816 ms
[08:03:37 INF] Executed DbCommand (477ms) [Parameters=[@p3='?' (DbType = Int32), @p0='?' (DbType = DateTimeOffset), @p1='?' (DbType = DateTimeOffset), @p2='?' (DbType = DateTimeOffset)], CommandType='Text', CommandTimeout='30']
UPDATE "MapStationCatalogStates" SET "LastAttemptAt" = @p0, "LastCompleteConfirmationAt" = @p1, "UpdatedAt" = @p2
WHERE "MapId" = @p3
RETURNING 1;
[08:03:37 INF] Executed DbCommand (0ms) [Parameters=[@__mapId_0='?' (DbType = Int32)], CommandType='Text', CommandTimeout='30']
SELECT "t"."MapId", "t"."ActiveVersion", "t"."PendingVersion", "t"."State", "t"."UpdatedAt"
FROM "TaskTypeStationActiveBindingSets" AS "t"
WHERE "t"."MapId" = @__mapId_0
LIMIT 2
[08:03:37 INF] Executed DbCommand (0ms) [Parameters=[@__mapId_0='?' (DbType = Int32), @__version_1='?' (DbType = Int64)], CommandType='Text', CommandTimeout='30']
SELECT "t"."MapId", "t"."Version", "t"."CatalogRevision", "t"."ContentSha256", "t"."LoadedAt", "t"."RuleVersion", "t"."SnapshotId", "t"."Source"
FROM "TaskTypeStationBindingSetVersions" AS "t"
WHERE "t"."MapId" = @__mapId_0 AND "t"."Version" = @__version_1
LIMIT 2
[08:03:37 INF] Executed DbCommand (0ms) [Parameters=[@__mapId_0='?' (DbType = Int32), @__version_1='?' (DbType = Int64)], CommandType='Text', CommandTimeout='30']
SELECT "t"."TaskType"
FROM "TaskTypeStationRequirements" AS "t"
WHERE "t"."MapId" = @__mapId_0 AND "t"."Version" = @__version_1
[08:03:37 INF] Executed DbCommand (0ms) [Parameters=[@__mapId_0='?' (DbType = Int32), @__version_1='?' (DbType = Int64)], CommandType='Text', CommandTimeout='30']
SELECT "t"."MapId", "t"."Version", "t"."TaskType", "t"."SiteVerificationRef", "t"."StationName", "t"."StationRiotId"
FROM "TaskTypeStationBindings" AS "t"
WHERE "t"."MapId" = @__mapId_0 AND "t"."Version" = @__version_1
[08:03:37 INF] Executed DbCommand (0ms) [Parameters=[@__mapId_0='?' (DbType = Int32)], CommandType='Text', CommandTimeout='30']
SELECT "t"."MapId", "t"."ActiveVersion", "t"."PendingVersion", "t"."State", "t"."UpdatedAt"
FROM "TaskTypeStationActiveBindingSets" AS "t"
WHERE "t"."MapId" = @__mapId_0
LIMIT 2
[08:03:37 INF] Executed DbCommand (0ms) [Parameters=[@__mapId_0='?' (DbType = Int32), @__version_1='?' (DbType = Int64)], CommandType='Text', CommandTimeout='30']
SELECT "t"."MapId", "t"."Version", "t"."CatalogRevision", "t"."ContentSha256", "t"."LoadedAt", "t"."RuleVersion", "t"."SnapshotId", "t"."Source"
FROM "TaskTypeStationBindingSetVersions" AS "t"
WHERE "t"."MapId" = @__mapId_0 AND "t"."Version" = @__version_1
LIMIT 2
[08:03:37 INF] Executed DbCommand (0ms) [Parameters=[@__mapId_0='?' (DbType = Int32), @__version_1='?' (DbType = Int64)], CommandType='Text', CommandTimeout='30']
SELECT "t"."TaskType"
FROM "TaskTypeStationRequirements" AS "t"
WHERE "t"."MapId" = @__mapId_0 AND "t"."Version" = @__version_1
[08:03:37 INF] Executed DbCommand (0ms) [Parameters=[@__mapId_0='?' (DbType = Int32), @__version_1='?' (DbType = Int64)], CommandType='Text', CommandTimeout='30']
SELECT "t"."MapId", "t"."Version", "t"."TaskType", "t"."SiteVerificationRef", "t"."StationName", "t"."StationRiotId"
FROM "TaskTypeStationBindings" AS "t"
WHERE "t"."MapId" = @__mapId_0 AND "t"."Version" = @__version_1
[08:03:37 INF] Executed DbCommand (0ms) [Parameters=[@__version_0='?' (DbType = Int64)], CommandType='Text', CommandTimeout='30']
SELECT "t"."Version", "t"."ContentSha256", "t"."LoadedAt", "t"."SnapshotId", "t"."Source"
FROM "TaskTypeStationRuleVersions" AS "t"
WHERE "t"."Version" = @__version_0
LIMIT 2
[08:03:37 INF] Executed DbCommand (0ms) [Parameters=[@__version_0='?' (DbType = Int64)], CommandType='Text', CommandTimeout='30']
SELECT "t"."Version", "t"."TaskType", "t"."FixedEnd"
FROM "TaskTypeStationRules" AS "t"
WHERE "t"."Version" = @__version_0
[08:03:37 INF] Executed DbCommand (0ms) [Parameters=[], CommandType='Text', CommandTimeout='30']
SELECT "a"."Id", "a"."ContentHash", "a"."DeploymentId", "a"."ImportedAt", "a"."Version"
FROM "AdmissionPolicyState" AS "a"
WHERE "a"."Id" = 1
LIMIT 2
[08:03:37 INF] Executed DbCommand (0ms) [Parameters=[], CommandType='Text', CommandTimeout='30']
SELECT "j"."JourneyId", "j"."AgvId", "j"."AgvLifecycleGeneration", "j"."AreaEndAdmissionRevokedSince", "j"."BlockReasonCode", "j"."BlockReasonSince", "j"."CargoHoldingStartedAt", "j"."ConsumedSafetyResultMessageId", "j"."ConsumedSublotMessageId", "j"."CreatedAt", "j"."DemandId", "j"."DispatchGeneration", "j"."DispatchZone", "j"."ExpectedBasketCount", "j"."FullSlotPositionsJson", "j"."GateMovementLegId", "j"."GatePlanMessageId", "j"."GateStationId", "j"."GateStationRiotId", "j"."GateUpperId", "j"."GateVehicleBusinessMessageId", "j"."GateWorklistMessageId", "j"."LoadCommandMessageId", "j"."LoadSlotOperationAttemptId", "j"."LoadingClosedReason", "j"."LoadingPhaseState", "j"."MapId", "j"."MapIdentity", "j"."OperationSessionId", "j"."PickupMovementLegId", "j"."PickupStationId", "j"."PickupStationRiotId", "j"."PickupUpperId", "j"."PlanMessageId", "j"."PlanRevision", "j"."PreDepartureSafetyCheckId", "j"."PreDepartureSafetyCheckMessageId", "j"."RouteEvidenceId", "j"."Stage", "j"."StationDepartureWaitStartedAt", "j"."SublotRequestMessageId", "j"."TargetSlotsJson", "j"."UnloadCommandMessageId", "j"."UnloadSlotOperationAttemptId", "j"."UpdatedAt", "j"."VehicleBusinessMessageId", "j"."VehicleBusinessRevision", "j"."VehicleKey", "j"."WorklistMessageId", "j"."WorklistRevision", "j"."YieldTriggeredAt", "j"."YieldTriggeredByVehicleKey"
FROM "JourneyRuntimes" AS "j"
WHERE "j"."Stage" <> 'Completed'
[08:03:37 INF] Executed DbCommand (0ms) [Parameters=[@__agvId_0='?' (Size = 10)], CommandType='Text', CommandTimeout='30']
SELECT "s"."AgvId", "s"."ActiveUnlockSlotsJson", "s"."CapabilityHash", "s"."CapabilityRevision", "s"."DepartureSafe", "s"."ForcedRecoveryGeneration", "s"."ManifestSha256", "s"."PendingAttemptIdsJson", "s"."PendingResultIdsJson", "s"."ProfileId", "s"."ProtocolCommit", "s"."ProtocolVersion", "s"."ProvenRecoveryCheckpoint", "s"."Readiness", "s"."ReasonCode", "s"."RecoveryReportId", "s"."ReportedForcedRecoveryGeneration", "s"."ReportedSlotConfigurationFingerprint", "s"."SafetyHash", "s"."SafetyReasonCodesJson", "s"."SafetyRevision", "s"."SafetyUnknownPresent", "s"."SessionGeneration", "s"."UnsettledSlotOperationAttemptId", "s"."UpdatedAt"
FROM "SessionRecoveries" AS "s"
WHERE "s"."AgvId" = @__agvId_0 AND "s"."Readiness" = 'Ready'
LIMIT 2
[08:03:37 INF] Executed DbCommand (0ms) [Parameters=[@__attemptId_0='?' (Size = 36)], CommandType='Text', CommandTimeout='30']
SELECT "s"."SlotOperationAttemptId", "s"."CommittedAt", "s"."ContentHash", "s"."CreatedAt", "s"."DemandId", "s"."EvidenceJson", "s"."ForcedRecoveryGeneration", "s"."OperationType", "s"."Status", "s"."SublotId", "s"."TargetSlotsJson"
FROM "StationOperations" AS "s"
WHERE "s"."SlotOperationAttemptId" = @__attemptId_0
LIMIT 2
[08:03:37 INF] Executed DbCommand (0ms) [Parameters=[@p4='?' (Size = 44), @p0='?' (Size = 29), @p1='?' (DbType = DateTimeOffset), @p2='?' (Size = 7), @p3='?' (DbType = DateTimeOffset)], CommandType='Text', CommandTimeout='30']
UPDATE "JourneyRuntimes" SET "BlockReasonCode" = @p0, "BlockReasonSince" = @p1, "Stage" = @p2, "UpdatedAt" = @p3
WHERE "JourneyId" = @p4
RETURNING 1;
[08:03:37 INF] Start processing HTTP request GET http://127.0.0.1:48408/api/imap/v1/mapInfo/stations/25
[08:03:37 INF] Sending HTTP request GET http://127.0.0.1:48408/api/imap/v1/mapInfo/stations/25
[08:03:37 INF] Received HTTP response headers after 0.7495ms - 200
[08:03:37 INF] End processing HTTP request after 4.1963ms - 200
[08:03:37 INF] Executed DbCommand (0ms) [Parameters=[@__mapId_0='?' (DbType = Int32)], CommandType='Text', CommandTimeout='30']
SELECT "t"."MapId", "t"."ActiveVersion", "t"."PendingVersion", "t"."State", "t"."UpdatedAt"
FROM "TaskTypeStationActiveBindingSets" AS "t"
WHERE "t"."MapId" = @__mapId_0
LIMIT 2
[08:03:37 INF] Executed DbCommand (0ms) [Parameters=[@__mapId_0='?' (DbType = Int32), @__version_1='?' (DbType = Int64)], CommandType='Text', CommandTimeout='30']
SELECT "t"."MapId", "t"."Version", "t"."CatalogRevision", "t"."ContentSha256", "t"."LoadedAt", "t"."RuleVersion", "t"."SnapshotId", "t"."Source"
FROM "TaskTypeStationBindingSetVersions" AS "t"
WHERE "t"."MapId" = @__mapId_0 AND "t"."Version" = @__version_1
LIMIT 2
[08:03:37 INF] Executed DbCommand (0ms) [Parameters=[@__mapId_0='?' (DbType = Int32), @__version_1='?' (DbType = Int64)], CommandType='Text', CommandTimeout='30']
SELECT "t"."TaskType"
FROM "TaskTypeStationRequirements" AS "t"
WHERE "t"."MapId" = @__mapId_0 AND "t"."Version" = @__version_1
[08:03:37 INF] Executed DbCommand (0ms) [Parameters=[@__mapId_0='?' (DbType = Int32), @__version_1='?' (DbType = Int64)], CommandType='Text', CommandTimeout='30']
SELECT "t"."MapId", "t"."Version", "t"."TaskType", "t"."SiteVerificationRef", "t"."StationName", "t"."StationRiotId"
FROM "TaskTypeStationBindings" AS "t"
WHERE "t"."MapId" = @__mapId_0 AND "t"."Version" = @__version_1
[08:03:37 INF] Executed DbCommand (0ms) [Parameters=[@__version_0='?' (DbType = Int64)], CommandType='Text', CommandTimeout='30']
SELECT "t"."Version", "t"."ContentSha256", "t"."LoadedAt", "t"."SnapshotId", "t"."Source"
FROM "TaskTypeStationRuleVersions" AS "t"
WHERE "t"."Version" = @__version_0
LIMIT 2
[08:03:37 INF] Executed DbCommand (0ms) [Parameters=[@__version_0='?' (DbType = Int64)], CommandType='Text', CommandTimeout='30']
SELECT "t"."Version", "t"."TaskType", "t"."FixedEnd"
FROM "TaskTypeStationRules" AS "t"
WHERE "t"."Version" = @__version_0
[08:03:37 INF] Executed DbCommand (0ms) [Parameters=[@__mapId_0='?' (DbType = Int32)], CommandType='Text', CommandTimeout='30']
SELECT "t"."MapId", "t"."ActiveVersion", "t"."PendingVersion", "t"."State", "t"."UpdatedAt"
FROM "TaskTypeStationActiveBindingSets" AS "t"
WHERE "t"."MapId" = @__mapId_0
LIMIT 2
[08:03:37 INF] Executed DbCommand (0ms) [Parameters=[@__mapId_0='?' (DbType = Int32)], CommandType='Text', CommandTimeout='30']
SELECT "t"."HoldId", "t"."DetailJson", "t"."MapId", "t"."RaisedAt", "t"."RaisedBy", "t"."ReasonCode", "t"."ReleasedAt", "t"."ReleasedBy", "t"."Source", "t"."TaskType"
FROM "TaskTypeStationHolds" AS "t"
WHERE "t"."MapId" = @__mapId_0 AND "t"."ReleasedAt" IS NULL
[08:03:37 INF] Executed DbCommand (0ms) [Parameters=[@__mapId_0='?' (DbType = Int32)], CommandType='Text', CommandTimeout='30']
SELECT "m"."MapId", "m"."ApprovedMaxUnconfirmedSeconds", "m"."ApprovedSyncPeriodSeconds", "m"."CatalogRevision", "m"."LastAttemptAt", "m"."LastCompleteConfirmationAt", "m"."LastFailureReason", "m"."State", "m"."UpdatedAt"
FROM "MapStationCatalogStates" AS "m"
WHERE "m"."MapId" = @__mapId_0
LIMIT 2
[08:03:37 INF] Executed DbCommand (0ms) [Parameters=[@p3='?' (DbType = Int32), @p0='?' (DbType = DateTimeOffset), @p1='?' (DbType = DateTimeOffset), @p2='?' (DbType = DateTimeOffset)], CommandType='Text', CommandTimeout='30']
UPDATE "MapStationCatalogStates" SET "LastAttemptAt" = @p0, "LastCompleteConfirmationAt" = @p1, "UpdatedAt" = @p2
WHERE "MapId" = @p3
RETURNING 1;
[08:03:37 INF] Executed DbCommand (0ms) [Parameters=[@__mapId_0='?' (DbType = Int32)], CommandType='Text', CommandTimeout='30']
SELECT "t"."MapId", "t"."ActiveVersion", "t"."PendingVersion", "t"."State", "t"."UpdatedAt"
FROM "TaskTypeStationActiveBindingSets" AS "t"
WHERE "t"."MapId" = @__mapId_0
LIMIT 2
[08:03:37 INF] Executed DbCommand (0ms) [Parameters=[@__mapId_0='?' (DbType = Int32), @__version_1='?' (DbType = Int64)], CommandType='Text', CommandTimeout='30']
SELECT "t"."MapId", "t"."Version", "t"."CatalogRevision", "t"."ContentSha256", "t"."LoadedAt", "t"."RuleVersion", "t"."SnapshotId", "t"."Source"
FROM "TaskTypeStationBindingSetVersions" AS "t"
WHERE "t"."MapId" = @__mapId_0 AND "t"."Version" = @__version_1
LIMIT 2
[08:03:37 INF] Executed DbCommand (0ms) [Parameters=[@__mapId_0='?' (DbType = Int32), @__version_1='?' (DbType = Int64)], CommandType='Text', CommandTimeout='30']
SELECT "t"."TaskType"
FROM "TaskTypeStationRequirements" AS "t"
WHERE "t"."MapId" = @__mapId_0 AND "t"."Version" = @__version_1
[08:03:37 INF] Executed DbCommand (0ms) [Parameters=[@__mapId_0='?' (DbType = Int32), @__version_1='?' (DbType = Int64)], CommandType='Text', CommandTimeout='30']
SELECT "t"."MapId", "t"."Version", "t"."TaskType", "t"."SiteVerificationRef", "t"."StationName", "t"."StationRiotId"
FROM "TaskTypeStationBindings" AS "t"
WHERE "t"."MapId" = @__mapId_0 AND "t"."Version" = @__version_1
[08:03:37 INF] Executed DbCommand (0ms) [Parameters=[@__mapId_0='?' (DbType = Int32)], CommandType='Text', CommandTimeout='30']
SELECT "t"."MapId", "t"."ActiveVersion", "t"."PendingVersion", "t"."State", "t"."UpdatedAt"
FROM "TaskTypeStationActiveBindingSets" AS "t"
WHERE "t"."MapId" = @__mapId_0
LIMIT 2
[08:03:37 INF] Executed DbCommand (0ms) [Parameters=[@__mapId_0='?' (DbType = Int32), @__version_1='?' (DbType = Int64)], CommandType='Text', CommandTimeout='30']
SELECT "t"."MapId", "t"."Version", "t"."CatalogRevision", "t"."ContentSha256", "t"."LoadedAt", "t"."RuleVersion", "t"."SnapshotId", "t"."Source"
FROM "TaskTypeStationBindingSetVersions" AS "t"
WHERE "t"."MapId" = @__mapId_0 AND "t"."Version" = @__version_1
LIMIT 2
[08:03:37 INF] Executed DbCommand (0ms) [Parameters=[@__mapId_0='?' (DbType = Int32), @__version_1='?' (DbType = Int64)], CommandType='Text', CommandTimeout='30']
SELECT "t"."TaskType"
FROM "TaskTypeStationRequirements" AS "t"
WHERE "t"."MapId" = @__mapId_0 AND "t"."Version" = @__version_1
[08:03:37 INF] Executed DbCommand (0ms) [Parameters=[@__mapId_0='?' (DbType = Int32), @__version_1='?' (DbType = Int64)], CommandType='Text', CommandTimeout='30']
SELECT "t"."MapId", "t"."Version", "t"."TaskType", "t"."SiteVerificationRef", "t"."StationName", "t"."StationRiotId"
FROM "TaskTypeStationBindings" AS "t"
WHERE "t"."MapId" = @__mapId_0 AND "t"."Version" = @__version_1
[08:03:37 INF] Executed DbCommand (0ms) [Parameters=[@__version_0='?' (DbType = Int64)], CommandType='Text', CommandTimeout='30']
SELECT "t"."Version", "t"."ContentSha256", "t"."LoadedAt", "t"."SnapshotId", "t"."Source"
FROM "TaskTypeStationRuleVersions" AS "t"
WHERE "t"."Version" = @__version_0
LIMIT 2
[08:03:37 INF] Executed DbCommand (0ms) [Parameters=[@__version_0='?' (DbType = Int64)], CommandType='Text', CommandTimeout='30']
SELECT "t"."Version", "t"."TaskType", "t"."FixedEnd"
FROM "TaskTypeStationRules" AS "t"
WHERE "t"."Version" = @__version_0
[08:03:37 INF] Executed DbCommand (0ms) [Parameters=[], CommandType='Text', CommandTimeout='30']
SELECT "a"."Id", "a"."ContentHash", "a"."DeploymentId", "a"."ImportedAt", "a"."Version"
FROM "AdmissionPolicyState" AS "a"
WHERE "a"."Id" = 1
LIMIT 2
[08:03:37 INF] Executed DbCommand (0ms) [Parameters=[], CommandType='Text', CommandTimeout='30']
SELECT "j"."JourneyId", "j"."AgvId", "j"."AgvLifecycleGeneration", "j"."AreaEndAdmissionRevokedSince", "j"."BlockReasonCode", "j"."BlockReasonSince", "j"."CargoHoldingStartedAt", "j"."ConsumedSafetyResultMessageId", "j"."ConsumedSublotMessageId", "j"."CreatedAt", "j"."DemandId", "j"."DispatchGeneration", "j"."DispatchZone", "j"."ExpectedBasketCount", "j"."FullSlotPositionsJson", "j"."GateMovementLegId", "j"."GatePlanMessageId", "j"."GateStationId", "j"."GateStationRiotId", "j"."GateUpperId", "j"."GateVehicleBusinessMessageId", "j"."GateWorklistMessageId", "j"."LoadCommandMessageId", "j"."LoadSlotOperationAttemptId", "j"."LoadingClosedReason", "j"."LoadingPhaseState", "j"."MapId", "j"."MapIdentity", "j"."OperationSessionId", "j"."PickupMovementLegId", "j"."PickupStationId", "j"."PickupStationRiotId", "j"."PickupUpperId", "j"."PlanMessageId", "j"."PlanRevision", "j"."PreDepartureSafetyCheckId", "j"."PreDepartureSafetyCheckMessageId", "j"."RouteEvidenceId", "j"."Stage", "j"."StationDepartureWaitStartedAt", "j"."SublotRequestMessageId", "j"."TargetSlotsJson", "j"."UnloadCommandMessageId", "j"."UnloadSlotOperationAttemptId", "j"."UpdatedAt", "j"."VehicleBusinessMessageId", "j"."VehicleBusinessRevision", "j"."VehicleKey", "j"."WorklistMessageId", "j"."WorklistRevision", "j"."YieldTriggeredAt", "j"."YieldTriggeredByVehicleKey"
FROM "JourneyRuntimes" AS "j"
WHERE "j"."Stage" <> 'Completed'
[08:03:37 INF] Executed DbCommand (0ms) [Parameters=[@__agvId_0='?' (Size = 10)], CommandType='Text', CommandTimeout='30']
SELECT "s"."AgvId", "s"."ActiveUnlockSlotsJson", "s"."CapabilityHash", "s"."CapabilityRevision", "s"."DepartureSafe", "s"."ForcedRecoveryGeneration", "s"."ManifestSha256", "s"."PendingAttemptIdsJson", "s"."PendingResultIdsJson", "s"."ProfileId", "s"."ProtocolCommit", "s"."ProtocolVersion", "s"."ProvenRecoveryCheckpoint", "s"."Readiness", "s"."ReasonCode", "s"."RecoveryReportId", "s"."ReportedForcedRecoveryGeneration", "s"."ReportedSlotConfigurationFingerprint", "s"."SafetyHash", "s"."SafetyReasonCodesJson", "s"."SafetyRevision", "s"."SafetyUnknownPresent", "s"."SessionGeneration", "s"."UnsettledSlotOperationAttemptId", "s"."UpdatedAt"
FROM "SessionRecoveries" AS "s"
WHERE "s"."AgvId" = @__agvId_0 AND "s"."Readiness" = 'Ready'
LIMIT 2
[08:03:38 INF] Start processing HTTP request GET http://127.0.0.1:48408/api/task/v1/task/getVehicleInfo/BROKERX-L2-0001
[08:03:38 INF] Sending HTTP request GET http://127.0.0.1:48408/api/task/v1/task/getVehicleInfo/BROKERX-L2-0001
[08:03:38 INF] Received HTTP response headers after 0.9244ms - 200
[08:03:38 INF] End processing HTTP request after 15.3346ms - 200
[08:03:38 INF] Start processing HTTP request GET http://127.0.0.1:48408/api/order/v1/orderRecord?pageNum=1&pageSize=100&filterByState=1&filterByState=3&filterByState=7&filterByState=9
[08:03:38 INF] Sending HTTP request GET http://127.0.0.1:48408/api/order/v1/orderRecord?pageNum=1&pageSize=100&filterByState=1&filterByState=3&filterByState=7&filterByState=9
[08:03:38 INF] Received HTTP response headers after 1.1065ms - 200
[08:03:38 INF] End processing HTTP request after 31.0406ms - 200
[08:03:38 INF] HTTP GET /api/onboard/v1/vehicle-safety responded 200 in 80.2308 ms
[08:03:38 INF] Start processing HTTP request GET http://127.0.0.1:48408/api/imap/v1/mapInfo/stations/25
[08:03:38 INF] Sending HTTP request GET http://127.0.0.1:48408/api/imap/v1/mapInfo/stations/25
[08:03:38 INF] Received HTTP response headers after 0.6443ms - 200
[08:03:38 INF] End processing HTTP request after 15.7821ms - 200
[08:03:38 INF] Executed DbCommand (0ms) [Parameters=[@__mapId_0='?' (DbType = Int32)], CommandType='Text', CommandTimeout='30']
SELECT "t"."MapId", "t"."ActiveVersion", "t"."PendingVersion", "t"."State", "t"."UpdatedAt"
FROM "TaskTypeStationActiveBindingSets" AS "t"
WHERE "t"."MapId" = @__mapId_0
LIMIT 2
[08:03:38 INF] Executed DbCommand (0ms) [Parameters=[@__mapId_0='?' (DbType = Int32), @__version_1='?' (DbType = Int64)], CommandType='Text', CommandTimeout='30']
SELECT "t"."MapId", "t"."Version", "t"."CatalogRevision", "t"."ContentSha256", "t"."LoadedAt", "t"."RuleVersion", "t"."SnapshotId", "t"."Source"
FROM "TaskTypeStationBindingSetVersions" AS "t"
WHERE "t"."MapId" = @__mapId_0 AND "t"."Version" = @__version_1
LIMIT 2
[08:03:38 INF] Executed DbCommand (0ms) [Parameters=[@__mapId_0='?' (DbType = Int32), @__version_1='?' (DbType = Int64)], CommandType='Text', CommandTimeout='30']
SELECT "t"."TaskType"
FROM "TaskTypeStationRequirements" AS "t"
WHERE "t"."MapId" = @__mapId_0 AND "t"."Version" = @__version_1
[08:03:38 INF] Executed DbCommand (0ms) [Parameters=[@__mapId_0='?' (DbType = Int32), @__version_1='?' (DbType = Int64)], CommandType='Text', CommandTimeout='30']
SELECT "t"."MapId", "t"."Version", "t"."TaskType", "t"."SiteVerificationRef", "t"."StationName", "t"."StationRiotId"
FROM "TaskTypeStationBindings" AS "t"
WHERE "t"."MapId" = @__mapId_0 AND "t"."Version" = @__version_1
[08:03:38 INF] Executed DbCommand (0ms) [Parameters=[@__version_0='?' (DbType = Int64)], CommandType='Text', CommandTimeout='30']
SELECT "t"."Version", "t"."ContentSha256", "t"."LoadedAt", "t"."SnapshotId", "t"."Source"
FROM "TaskTypeStationRuleVersions" AS "t"
WHERE "t"."Version" = @__version_0
LIMIT 2
[08:03:38 INF] Executed DbCommand (0ms) [Parameters=[@__version_0='?' (DbType = Int64)], CommandType='Text', CommandTimeout='30']
SELECT "t"."Version", "t"."TaskType", "t"."FixedEnd"
FROM "TaskTypeStationRules" AS "t"
WHERE "t"."Version" = @__version_0
[08:03:38 INF] Executed DbCommand (0ms) [Parameters=[@__mapId_0='?' (DbType = Int32)], CommandType='Text', CommandTimeout='30']
SELECT "t"."MapId", "t"."ActiveVersion", "t"."PendingVersion", "t"."State", "t"."UpdatedAt"
FROM "TaskTypeStationActiveBindingSets" AS "t"
WHERE "t"."MapId" = @__mapId_0
LIMIT 2
[08:03:38 INF] Executed DbCommand (0ms) [Parameters=[@__mapId_0='?' (DbType = Int32)], CommandType='Text', CommandTimeout='30']
SELECT "t"."HoldId", "t"."DetailJson", "t"."MapId", "t"."RaisedAt", "t"."RaisedBy", "t"."ReasonCode", "t"."ReleasedAt", "t"."ReleasedBy", "t"."Source", "t"."TaskType"
FROM "TaskTypeStationHolds" AS "t"
WHERE "t"."MapId" = @__mapId_0 AND "t"."ReleasedAt" IS NULL
[08:03:38 INF] Executed DbCommand (0ms) [Parameters=[@__mapId_0='?' (DbType = Int32)], CommandType='Text', CommandTimeout='30']
SELECT "m"."MapId", "m"."ApprovedMaxUnconfirmedSeconds", "m"."ApprovedSyncPeriodSeconds", "m"."CatalogRevision", "m"."LastAttemptAt", "m"."LastCompleteConfirmationAt", "m"."LastFailureReason", "m"."State", "m"."UpdatedAt"
FROM "MapStationCatalogStates" AS "m"
WHERE "m"."MapId" = @__mapId_0
LIMIT 2
[08:03:38 INF] Executed DbCommand (0ms) [Parameters=[@p3='?' (DbType = Int32), @p0='?' (DbType = DateTimeOffset), @p1='?' (DbType = DateTimeOffset), @p2='?' (DbType = DateTimeOffset)], CommandType='Text', CommandTimeout='30']
UPDATE "MapStationCatalogStates" SET "LastAttemptAt" = @p0, "LastCompleteConfirmationAt" = @p1, "UpdatedAt" = @p2
WHERE "MapId" = @p3
RETURNING 1;
[08:03:38 INF] Executed DbCommand (0ms) [Parameters=[@__mapId_0='?' (DbType = Int32)], CommandType='Text', CommandTimeout='30']
SELECT "t"."MapId", "t"."ActiveVersion", "t"."PendingVersion", "t"."State", "t"."UpdatedAt"
FROM "TaskTypeStationActiveBindingSets" AS "t"
WHERE "t"."MapId" = @__mapId_0
LIMIT 2
[08:03:38 INF] Executed DbCommand (0ms) [Parameters=[@__mapId_0='?' (DbType = Int32), @__version_1='?' (DbType = Int64)], CommandType='Text', CommandTimeout='30']
SELECT "t"."MapId", "t"."Version", "t"."CatalogRevision", "t"."ContentSha256", "t"."LoadedAt", "t"."RuleVersion", "t"."SnapshotId", "t"."Source"
FROM "TaskTypeStationBindingSetVersions" AS "t"
WHERE "t"."MapId" = @__mapId_0 AND "t"."Version" = @__version_1
LIMIT 2
[08:03:38 INF] Executed DbCommand (0ms) [Parameters=[@__mapId_0='?' (DbType = Int32), @__version_1='?' (DbType = Int64)], CommandType='Text', CommandTimeout='30']
SELECT "t"."TaskType"
FROM "TaskTypeStationRequirements" AS "t"
WHERE "t"."MapId" = @__mapId_0 AND "t"."Version" = @__version_1
[08:03:38 INF] Executed DbCommand (0ms) [Parameters=[@__mapId_0='?' (DbType = Int32), @__version_1='?' (DbType = Int64)], CommandType='Text', CommandTimeout='30']
SELECT "t"."MapId", "t"."Version", "t"."TaskType", "t"."SiteVerificationRef", "t"."StationName", "t"."StationRiotId"
FROM "TaskTypeStationBindings" AS "t"
WHERE "t"."MapId" = @__mapId_0 AND "t"."Version" = @__version_1
[08:03:38 INF] Executed DbCommand (0ms) [Parameters=[@__mapId_0='?' (DbType = Int32)], CommandType='Text', CommandTimeout='30']
SELECT "t"."MapId", "t"."ActiveVersion", "t"."PendingVersion", "t"."State", "t"."UpdatedAt"
FROM "TaskTypeStationActiveBindingSets" AS "t"
WHERE "t"."MapId" = @__mapId_0
LIMIT 2
[08:03:38 INF] Executed DbCommand (0ms) [Parameters=[@__mapId_0='?' (DbType = Int32), @__version_1='?' (DbType = Int64)], CommandType='Text', CommandTimeout='30']
SELECT "t"."MapId", "t"."Version", "t"."CatalogRevision", "t"."ContentSha256", "t"."LoadedAt", "t"."RuleVersion", "t"."SnapshotId", "t"."Source"
FROM "TaskTypeStationBindingSetVersions" AS "t"
WHERE "t"."MapId" = @__mapId_0 AND "t"."Version" = @__version_1
LIMIT 2
[08:03:38 INF] Executed DbCommand (0ms) [Parameters=[@__mapId_0='?' (DbType = Int32), @__version_1='?' (DbType = Int64)], CommandType='Text', CommandTimeout='30']
SELECT "t"."TaskType"
FROM "TaskTypeStationRequirements" AS "t"
WHERE "t"."MapId" = @__mapId_0 AND "t"."Version" = @__version_1
[08:03:38 INF] Executed DbCommand (0ms) [Parameters=[@__mapId_0='?' (DbType = Int32), @__version_1='?' (DbType = Int64)], CommandType='Text', CommandTimeout='30']
SELECT "t"."MapId", "t"."Version", "t"."TaskType", "t"."SiteVerificationRef", "t"."StationName", "t"."StationRiotId"
FROM "TaskTypeStationBindings" AS "t"
WHERE "t"."MapId" = @__mapId_0 AND "t"."Version" = @__version_1
[08:03:38 INF] Executed DbCommand (0ms) [Parameters=[@__version_0='?' (DbType = Int64)], CommandType='Text', CommandTimeout='30']
SELECT "t"."Version", "t"."ContentSha256", "t"."LoadedAt", "t"."SnapshotId", "t"."Source"
FROM "TaskTypeStationRuleVersions" AS "t"
WHERE "t"."Version" = @__version_0
LIMIT 2
[08:03:38 INF] Executed DbCommand (0ms) [Parameters=[@__version_0='?' (DbType = Int64)], CommandType='Text', CommandTimeout='30']
SELECT "t"."Version", "t"."TaskType", "t"."FixedEnd"
FROM "TaskTypeStationRules" AS "t"
WHERE "t"."Version" = @__version_0
[08:03:38 INF] Executed DbCommand (0ms) [Parameters=[], CommandType='Text', CommandTimeout='30']
SELECT "a"."Id", "a"."ContentHash", "a"."DeploymentId", "a"."ImportedAt", "a"."Version"
FROM "AdmissionPolicyState" AS "a"
WHERE "a"."Id" = 1
LIMIT 2
[08:03:38 INF] Executed DbCommand (0ms) [Parameters=[], CommandType='Text', CommandTimeout='30']
SELECT "j"."JourneyId", "j"."AgvId", "j"."AgvLifecycleGeneration", "j"."AreaEndAdmissionRevokedSince", "j"."BlockReasonCode", "j"."BlockReasonSince", "j"."CargoHoldingStartedAt", "j"."ConsumedSafetyResultMessageId", "j"."ConsumedSublotMessageId", "j"."CreatedAt", "j"."DemandId", "j"."DispatchGeneration", "j"."DispatchZone", "j"."ExpectedBasketCount", "j"."FullSlotPositionsJson", "j"."GateMovementLegId", "j"."GatePlanMessageId", "j"."GateStationId", "j"."GateStationRiotId", "j"."GateUpperId", "j"."GateVehicleBusinessMessageId", "j"."GateWorklistMessageId", "j"."LoadCommandMessageId", "j"."LoadSlotOperationAttemptId", "j"."LoadingClosedReason", "j"."LoadingPhaseState", "j"."MapId", "j"."MapIdentity", "j"."OperationSessionId", "j"."PickupMovementLegId", "j"."PickupStationId", "j"."PickupStationRiotId", "j"."PickupUpperId", "j"."PlanMessageId", "j"."PlanRevision", "j"."PreDepartureSafetyCheckId", "j"."PreDepartureSafetyCheckMessageId", "j"."RouteEvidenceId", "j"."Stage", "j"."StationDepartureWaitStartedAt", "j"."SublotRequestMessageId", "j"."TargetSlotsJson", "j"."UnloadCommandMessageId", "j"."UnloadSlotOperationAttemptId", "j"."UpdatedAt", "j"."VehicleBusinessMessageId", "j"."VehicleBusinessRevision", "j"."VehicleKey", "j"."WorklistMessageId", "j"."WorklistRevision", "j"."YieldTriggeredAt", "j"."YieldTriggeredByVehicleKey"
FROM "JourneyRuntimes" AS "j"
WHERE "j"."Stage" <> 'Completed'
[08:03:38 INF] Executed DbCommand (0ms) [Parameters=[@__agvId_0='?' (Size = 10)], CommandType='Text', CommandTimeout='30']
SELECT "s"."AgvId", "s"."ActiveUnlockSlotsJson", "s"."CapabilityHash", "s"."CapabilityRevision", "s"."DepartureSafe", "s"."ForcedRecoveryGeneration", "s"."ManifestSha256", "s"."PendingAttemptIdsJson", "s"."PendingResultIdsJson", "s"."ProfileId", "s"."ProtocolCommit", "s"."ProtocolVersion", "s"."ProvenRecoveryCheckpoint", "s"."Readiness", "s"."ReasonCode", "s"."RecoveryReportId", "s"."ReportedForcedRecoveryGeneration", "s"."ReportedSlotConfigurationFingerprint", "s"."SafetyHash", "s"."SafetyReasonCodesJson", "s"."SafetyRevision", "s"."SafetyUnknownPresent", "s"."SessionGeneration", "s"."UnsettledSlotOperationAttemptId", "s"."UpdatedAt"
FROM "SessionRecoveries" AS "s"
WHERE "s"."AgvId" = @__agvId_0 AND "s"."Readiness" = 'Ready'
LIMIT 2
[08:03:38 INF] Executed DbCommand (0ms) [Parameters=[@__messageId_0='?' (Size = 36)], CommandType='Text', CommandTimeout='30']
SELECT "p"."MessageId", "p"."ContentHash", "p"."FirstResponseJson", "p"."MessageType", "p"."ReceivedAt", "p"."RequestJson"
FROM "ProtocolInbox" AS "p"
WHERE "p"."MessageId" = @__messageId_0
LIMIT 2
[08:03:39 INF] Executed DbCommand (0ms) [Parameters=[@__requestId_0='?' (Size = 36)], CommandType='Text', CommandTimeout='30']
SELECT "e"."ExceptionRecoverySessionId", "e"."AdministratorId", "e"."AdministratorRole", "e"."AgvId", "e"."DemandId", "e"."EventId", "e"."ForcedRecoveryGeneration", "e"."OpenedAt", "e"."Reason", "e"."RequestContentHash", "e"."RequestId", "e"."Revision", "e"."SelectedAction", "e"."SlotsJson", "e"."State", "e"."UpdatedAt"
FROM "ExceptionRecoverySessions" AS "e"
WHERE "e"."RequestId" = @__requestId_0
LIMIT 2
[08:03:39 INF] Executed DbCommand (0ms) [Parameters=[@__agvId_0='?' (Size = 10)], CommandType='Text', CommandTimeout='30']
SELECT "e"."ExceptionRecoverySessionId", "e"."AdministratorId", "e"."AdministratorRole", "e"."AgvId", "e"."DemandId", "e"."EventId", "e"."ForcedRecoveryGeneration", "e"."OpenedAt", "e"."Reason", "e"."RequestContentHash", "e"."RequestId", "e"."Revision", "e"."SelectedAction", "e"."SlotsJson", "e"."State", "e"."UpdatedAt"
FROM "ExceptionRecoverySessions" AS "e"
WHERE "e"."AgvId" = @__agvId_0 AND "e"."State" <> 'CLOSED'
LIMIT 2
[08:03:39 INF] Executed DbCommand (0ms) [Parameters=[@__agvId_0='?' (Size = 10), @__generation_1='?' (DbType = Int64)], CommandType='Text', CommandTimeout='30']
SELECT "s"."AgvId", "s"."ActiveUnlockSlotsJson", "s"."CapabilityHash", "s"."CapabilityRevision", "s"."DepartureSafe", "s"."ForcedRecoveryGeneration", "s"."ManifestSha256", "s"."PendingAttemptIdsJson", "s"."PendingResultIdsJson", "s"."ProfileId", "s"."ProtocolCommit", "s"."ProtocolVersion", "s"."ProvenRecoveryCheckpoint", "s"."Readiness", "s"."ReasonCode", "s"."RecoveryReportId", "s"."ReportedForcedRecoveryGeneration", "s"."ReportedSlotConfigurationFingerprint", "s"."SafetyHash", "s"."SafetyReasonCodesJson", "s"."SafetyRevision", "s"."SafetyUnknownPresent", "s"."SessionGeneration", "s"."UnsettledSlotOperationAttemptId", "s"."UpdatedAt"
FROM "SessionRecoveries" AS "s"
WHERE "s"."AgvId" = @__agvId_0 AND "s"."SessionGeneration" = @__generation_1
LIMIT 2
[08:03:39 INF] Executed DbCommand (0ms) [Parameters=[@__demandId_0='?' (Size = 36), @__agvId_1='?' (Size = 10)], CommandType='Text', CommandTimeout='30']
SELECT "j"."JourneyId", "j"."AgvId", "j"."AgvLifecycleGeneration", "j"."AreaEndAdmissionRevokedSince", "j"."BlockReasonCode", "j"."BlockReasonSince", "j"."CargoHoldingStartedAt", "j"."ConsumedSafetyResultMessageId", "j"."ConsumedSublotMessageId", "j"."CreatedAt", "j"."DemandId", "j"."DispatchGeneration", "j"."DispatchZone", "j"."ExpectedBasketCount", "j"."FullSlotPositionsJson", "j"."GateMovementLegId", "j"."GatePlanMessageId", "j"."GateStationId", "j"."GateStationRiotId", "j"."GateUpperId", "j"."GateVehicleBusinessMessageId", "j"."GateWorklistMessageId", "j"."LoadCommandMessageId", "j"."LoadSlotOperationAttemptId", "j"."LoadingClosedReason", "j"."LoadingPhaseState", "j"."MapId", "j"."MapIdentity", "j"."OperationSessionId", "j"."PickupMovementLegId", "j"."PickupStationId", "j"."PickupStationRiotId", "j"."PickupUpperId", "j"."PlanMessageId", "j"."PlanRevision", "j"."PreDepartureSafetyCheckId", "j"."PreDepartureSafetyCheckMessageId", "j"."RouteEvidenceId", "j"."Stage", "j"."StationDepartureWaitStartedAt", "j"."SublotRequestMessageId", "j"."TargetSlotsJson", "j"."UnloadCommandMessageId", "j"."UnloadSlotOperationAttemptId", "j"."UpdatedAt", "j"."VehicleBusinessMessageId", "j"."VehicleBusinessRevision", "j"."VehicleKey", "j"."WorklistMessageId", "j"."WorklistRevision", "j"."YieldTriggeredAt", "j"."YieldTriggeredByVehicleKey"
FROM "JourneyRuntimes" AS "j"
WHERE "j"."DemandId" = @__demandId_0 AND "j"."AgvId" = @__agvId_1 AND "j"."Stage" = 'Blocked'
LIMIT 2
[08:03:39 INF] Executed DbCommand (0ms) [Parameters=[@__demandId_0='?' (Size = 36)], CommandType='Text', CommandTimeout='30']
SELECT "s"."SlotOperationAttemptId", "s"."CommittedAt", "s"."ContentHash", "s"."CreatedAt", "s"."DemandId", "s"."EvidenceJson", "s"."ForcedRecoveryGeneration", "s"."OperationType", "s"."Status", "s"."SublotId", "s"."TargetSlotsJson"
FROM "StationOperations" AS "s"
WHERE "s"."DemandId" = @__demandId_0
[08:03:39 INF] Executed DbCommand (0ms) [Parameters=[], CommandType='Text', CommandTimeout='30']
SELECT "p"."MessageId", "p"."AcknowledgedAt", "p"."CreatedAt", "p"."FencedAt", "p"."MessageType", "p"."PayloadJson"
FROM "ProtocolOutbox" AS "p"
WHERE "p"."MessageType" = 'ExceptionRecoverySessionSnapshot' AND "p"."AcknowledgedAt" IS NULL AND "p"."FencedAt" IS NULL
[08:03:39 INF] Executed DbCommand (0ms) [Parameters=[@__session_DemandId_0='?' (Size = 36)], CommandType='Text', CommandTimeout='30']
SELECT "s"."SlotOperationAttemptId", "s"."CommittedAt", "s"."ContentHash", "s"."CreatedAt", "s"."DemandId", "s"."EvidenceJson", "s"."ForcedRecoveryGeneration", "s"."OperationType", "s"."Status", "s"."SublotId", "s"."TargetSlotsJson"
FROM "StationOperations" AS "s"
WHERE "s"."DemandId" = @__session_DemandId_0
[08:03:39 INF] Executed DbCommand (0ms) [Parameters=[@__messageId_0='?' (Size = 36)], CommandType='Text', CommandTimeout='30']
SELECT "p"."MessageId", "p"."AcknowledgedAt", "p"."CreatedAt", "p"."FencedAt", "p"."MessageType", "p"."PayloadJson"
FROM "ProtocolOutbox" AS "p"
WHERE "p"."MessageId" = @__messageId_0
LIMIT 2
[08:03:39 INF] Executed DbCommand (0ms) [Parameters=[@__messageId_0='?' (Size = 36)], CommandType='Text', CommandTimeout='30']
SELECT "p"."MessageId", "p"."AcknowledgedAt", "p"."CreatedAt", "p"."FencedAt", "p"."MessageType", "p"."PayloadJson"
FROM "ProtocolOutbox" AS "p"
WHERE "p"."MessageId" = @__messageId_0
LIMIT 2
[08:03:39 INF] Executed DbCommand (0ms) [Parameters=[@p0='?' (Size = 36), @p1='?' (Size = 11), @p2='?' (Size = 25), @p3='?' (Size = 10), @p4='?' (Size = 36), @p5='?' (Size = 36), @p6='?' (DbType = Int64), @p7='?' (DbType = DateTimeOffset), @p8='?' (Size = 22), @p9='?' (Size = 64), @p10='?' (Size = 36), @p11='?' (DbType = Int64), @p12='?', @p13='?' (Size = 3), @p14='?' (Size = 4), @p15='?' (DbType = DateTimeOffset)], CommandType='Text', CommandTimeout='30']
INSERT INTO "ExceptionRecoverySessions" ("ExceptionRecoverySessionId", "AdministratorId", "AdministratorRole", "AgvId", "DemandId", "EventId", "ForcedRecoveryGeneration", "OpenedAt", "Reason", "RequestContentHash", "RequestId", "Revision", "SelectedAction", "SlotsJson", "State", "UpdatedAt")
VALUES (@p0, @p1, @p2, @p3, @p4, @p5, @p6, @p7, @p8, @p9, @p10, @p11, @p12, @p13, @p14, @p15);
[08:03:39 INF] Executed DbCommand (0ms) [Parameters=[@p0='?' (Size = 36), @p1='?' (DbType = DateTimeOffset), @p2='?' (DbType = DateTimeOffset), @p3='?' (DbType = DateTimeOffset), @p4='?' (Size = 32), @p5='?' (Size = 1067)], CommandType='Text', CommandTimeout='30']
INSERT INTO "ProtocolOutbox" ("MessageId", "AcknowledgedAt", "CreatedAt", "FencedAt", "MessageType", "PayloadJson")
VALUES (@p0, @p1, @p2, @p3, @p4, @p5);
[08:03:39 INF] Executed DbCommand (0ms) [Parameters=[@__session_DemandId_0='?' (Size = 36)], CommandType='Text', CommandTimeout='30']
SELECT "s"."SlotOperationAttemptId", "s"."CommittedAt", "s"."ContentHash", "s"."CreatedAt", "s"."DemandId", "s"."EvidenceJson", "s"."ForcedRecoveryGeneration", "s"."OperationType", "s"."Status", "s"."SublotId", "s"."TargetSlotsJson"
FROM "StationOperations" AS "s"
WHERE "s"."DemandId" = @__session_DemandId_0
[08:03:39 INF] Executed DbCommand (0ms) [Parameters=[@p0='?' (Size = 36), @p1='?' (Size = 64), @p2='?' (Size = 805), @p3='?' (Size = 33), @p4='?' (DbType = DateTimeOffset), @p5='?' (Size = 930)], CommandType='Text', CommandTimeout='30']
INSERT INTO "ProtocolInbox" ("MessageId", "ContentHash", "FirstResponseJson", "MessageType", "ReceivedAt", "RequestJson")
VALUES (@p0, @p1, @p2, @p3, @p4, @p5);
[08:03:39 INF] Executed DbCommand (0ms) [Parameters=[], CommandType='Text', CommandTimeout='30']
SELECT "p"."MessageId", "p"."AcknowledgedAt", "p"."CreatedAt", "p"."FencedAt", "p"."MessageType", "p"."PayloadJson"
FROM "ProtocolOutbox" AS "p"
WHERE "p"."MessageType" = 'ExceptionRecoverySessionSnapshot' AND "p"."AcknowledgedAt" IS NULL AND "p"."FencedAt" IS NULL
[08:03:39 INF] Executed DbCommand (0ms) [Parameters=[@__messageId_0='?' (Size = 36)], CommandType='Text', CommandTimeout='30']
SELECT "p"."MessageId", "p"."AcknowledgedAt", "p"."CreatedAt", "p"."FencedAt", "p"."MessageType", "p"."PayloadJson"
FROM "ProtocolOutbox" AS "p"
WHERE "p"."MessageId" = @__messageId_0
LIMIT 2
[08:03:39 INF] Executed DbCommand (0ms) [Parameters=[@__messageId_0='?' (Size = 36)], CommandType='Text', CommandTimeout='30']
SELECT "p"."MessageId", "p"."ContentHash", "p"."FirstResponseJson", "p"."MessageType", "p"."ReceivedAt", "p"."RequestJson"
FROM "ProtocolInbox" AS "p"
WHERE "p"."MessageId" = @__messageId_0
LIMIT 2
[08:03:39 INF] Executed DbCommand (0ms) [Parameters=[@p0='?' (Size = 36), @p1='?' (Size = 64), @p2='?' (Size = 536), @p3='?' (Size = 9), @p4='?' (DbType = DateTimeOffset), @p5='?' (Size = 427)], CommandType='Text', CommandTimeout='30']
INSERT INTO "ProtocolInbox" ("MessageId", "ContentHash", "FirstResponseJson", "MessageType", "ReceivedAt", "RequestJson")
VALUES (@p0, @p1, @p2, @p3, @p4, @p5);
[08:03:39 INF] Executed DbCommand (0ms) [Parameters=[@__messageId_0='?' (Size = 36)], CommandType='Text', CommandTimeout='30']
SELECT "p"."MessageId", "p"."ContentHash", "p"."FirstResponseJson", "p"."MessageType", "p"."ReceivedAt", "p"."RequestJson"
FROM "ProtocolInbox" AS "p"
WHERE "p"."MessageId" = @__messageId_0
LIMIT 2
[08:03:39 INF] Executed DbCommand (0ms) [Parameters=[@__recoverySessionId_0='?' (Size = 36)], CommandType='Text', CommandTimeout='30']
SELECT "e"."ExceptionRecoverySessionId", "e"."AdministratorId", "e"."AdministratorRole", "e"."AgvId", "e"."DemandId", "e"."EventId", "e"."ForcedRecoveryGeneration", "e"."OpenedAt", "e"."Reason", "e"."RequestContentHash", "e"."RequestId", "e"."Revision", "e"."SelectedAction", "e"."SlotsJson", "e"."State", "e"."UpdatedAt"
FROM "ExceptionRecoverySessions" AS "e"
WHERE "e"."ExceptionRecoverySessionId" = @__recoverySessionId_0
LIMIT 2
[08:03:39 INF] Executed DbCommand (0ms) [Parameters=[@__actionId_0='?' (Size = 36)], CommandType='Text', CommandTimeout='30']
SELECT "r"."WorkflowId", "r"."AgvId", "r"."CommandContentHash", "r"."CommandMessageId", "r"."CommandMessageType", "r"."CreatedAt", "r"."DemandId", "r"."ExceptionRecoverySessionId", "r"."ForcedRecoveryGeneration", "r"."HandoffId", "r"."Outcome", "r"."RequestContentHash", "r"."RequestMessageId", "r"."ResultContentHash", "r"."ResultMessageId", "r"."SlotOperationAttemptId", "r"."SlotsJson", "r"."State", "r"."UpdatedAt", "r"."WorkflowType"
FROM "RecoveryWorkflows" AS "r"
WHERE "r"."WorkflowId" = @__actionId_0
LIMIT 2
[08:03:39 INF] Executed DbCommand (0ms) [Parameters=[@__session_DemandId_0='?' (Size = 36)], CommandType='Text', CommandTimeout='30']
SELECT "s"."SlotOperationAttemptId", "s"."CommittedAt", "s"."ContentHash", "s"."CreatedAt", "s"."DemandId", "s"."EvidenceJson", "s"."ForcedRecoveryGeneration", "s"."OperationType", "s"."Status", "s"."SublotId", "s"."TargetSlotsJson"
FROM "StationOperations" AS "s"
WHERE "s"."DemandId" = @__session_DemandId_0
[08:03:39 INF] Executed DbCommand (0ms) [Parameters=[@__demandId_0='?' (Size = 36)], CommandType='Text', CommandTimeout='30']
SELECT "s"."SlotOperationAttemptId", "s"."CommittedAt", "s"."ContentHash", "s"."CreatedAt", "s"."DemandId", "s"."EvidenceJson", "s"."ForcedRecoveryGeneration", "s"."OperationType", "s"."Status", "s"."SublotId", "s"."TargetSlotsJson"
FROM "StationOperations" AS "s"
WHERE "s"."DemandId" = @__demandId_0
[08:03:39 INF] Executed DbCommand (0ms) [Parameters=[@__session_AgvId_0='?' (Size = 10)], CommandType='Text', CommandTimeout='30']
SELECT "s"."AgvId", "s"."ActiveUnlockSlotsJson", "s"."CapabilityHash", "s"."CapabilityRevision", "s"."DepartureSafe", "s"."ForcedRecoveryGeneration", "s"."ManifestSha256", "s"."PendingAttemptIdsJson", "s"."PendingResultIdsJson", "s"."ProfileId", "s"."ProtocolCommit", "s"."ProtocolVersion", "s"."ProvenRecoveryCheckpoint", "s"."Readiness", "s"."ReasonCode", "s"."RecoveryReportId", "s"."ReportedForcedRecoveryGeneration", "s"."ReportedSlotConfigurationFingerprint", "s"."SafetyHash", "s"."SafetyReasonCodesJson", "s"."SafetyRevision", "s"."SafetyUnknownPresent", "s"."SessionGeneration", "s"."UnsettledSlotOperationAttemptId", "s"."UpdatedAt"
FROM "SessionRecoveries" AS "s"
WHERE "s"."AgvId" = @__session_AgvId_0
LIMIT 2
[08:03:39 INF] Executed DbCommand (0ms) [Parameters=[@__action_0='?' (Size = 25), @__recoverySessionId_1='?' (Size = 36)], CommandType='Text', CommandTimeout='30']
SELECT EXISTS (
    SELECT 1
    FROM "RecoveryWorkflows" AS "r"
    WHERE "r"."WorkflowType" = @__action_0 AND "r"."State" IN ('CommandPending', 'AwaitingResult') AND "r"."ExceptionRecoverySessionId" = @__recoverySessionId_1)
[08:03:39 INF] Executed DbCommand (0ms) [Parameters=[], CommandType='Text', CommandTimeout='30']
SELECT "p"."MessageId", "p"."AcknowledgedAt", "p"."CreatedAt", "p"."FencedAt", "p"."MessageType", "p"."PayloadJson"
FROM "ProtocolOutbox" AS "p"
WHERE "p"."MessageType" = 'ExceptionRecoverySessionSnapshot' AND "p"."AcknowledgedAt" IS NULL AND "p"."FencedAt" IS NULL
[08:03:39 INF] Executed DbCommand (0ms) [Parameters=[@__session_DemandId_0='?' (Size = 36)], CommandType='Text', CommandTimeout='30']
SELECT "s"."SlotOperationAttemptId", "s"."CommittedAt", "s"."ContentHash", "s"."CreatedAt", "s"."DemandId", "s"."EvidenceJson", "s"."ForcedRecoveryGeneration", "s"."OperationType", "s"."Status", "s"."SublotId", "s"."TargetSlotsJson"
FROM "StationOperations" AS "s"
WHERE "s"."DemandId" = @__session_DemandId_0
[08:03:39 INF] Executed DbCommand (0ms) [Parameters=[@__messageId_0='?' (Size = 36)], CommandType='Text', CommandTimeout='30']
SELECT "p"."MessageId", "p"."AcknowledgedAt", "p"."CreatedAt", "p"."FencedAt", "p"."MessageType", "p"."PayloadJson"
FROM "ProtocolOutbox" AS "p"
WHERE "p"."MessageId" = @__messageId_0
LIMIT 2
[08:03:39 INF] Executed DbCommand (0ms) [Parameters=[@__messageId_0='?' (Size = 36)], CommandType='Text', CommandTimeout='30']
SELECT "p"."MessageId", "p"."AcknowledgedAt", "p"."CreatedAt", "p"."FencedAt", "p"."MessageType", "p"."PayloadJson"
FROM "ProtocolOutbox" AS "p"
WHERE "p"."MessageId" = @__messageId_0
LIMIT 2
[08:03:39 INF] Executed DbCommand (0ms) [Parameters=[@p4='?' (Size = 36), @p0='?' (DbType = Int64), @p1='?' (Size = 25), @p2='?' (Size = 15), @p3='?' (DbType = DateTimeOffset)], CommandType='Text', CommandTimeout='30']
UPDATE "ExceptionRecoverySessions" SET "Revision" = @p0, "SelectedAction" = @p1, "State" = @p2, "UpdatedAt" = @p3
WHERE "ExceptionRecoverySessionId" = @p4
RETURNING 1;
[08:03:39 INF] Executed DbCommand (0ms) [Parameters=[@p1='?' (Size = 36), @p0='?' (DbType = DateTimeOffset)], CommandType='Text', CommandTimeout='30']
UPDATE "ProtocolOutbox" SET "FencedAt" = @p0
WHERE "MessageId" = @p1
RETURNING 1;
[08:03:39 INF] Executed DbCommand (0ms) [Parameters=[@p0='?' (Size = 36), @p1='?' (DbType = DateTimeOffset), @p2='?' (DbType = DateTimeOffset), @p3='?' (DbType = DateTimeOffset), @p4='?' (Size = 32), @p5='?' (Size = 1001)], CommandType='Text', CommandTimeout='30']
INSERT INTO "ProtocolOutbox" ("MessageId", "AcknowledgedAt", "CreatedAt", "FencedAt", "MessageType", "PayloadJson")
VALUES (@p0, @p1, @p2, @p3, @p4, @p5);
[08:03:39 INF] Executed DbCommand (0ms) [Parameters=[@p0='?' (Size = 36), @p1='?' (Size = 10), @p2='?', @p3='?', @p4='?', @p5='?' (DbType = DateTimeOffset), @p6='?' (Size = 36), @p7='?' (Size = 36), @p8='?' (DbType = Int64), @p9='?', @p10='?', @p11='?' (Size = 64), @p12='?' (Size = 36), @p13='?', @p14='?', @p15='?' (Size = 36), @p16='?' (Size = 3), @p17='?' (Size = 21), @p18='?' (DbType = DateTimeOffset), @p19='?' (Size = 25)], CommandType='Text', CommandTimeout='30']
INSERT INTO "RecoveryWorkflows" ("WorkflowId", "AgvId", "CommandContentHash", "CommandMessageId", "CommandMessageType", "CreatedAt", "DemandId", "ExceptionRecoverySessionId", "ForcedRecoveryGeneration", "HandoffId", "Outcome", "RequestContentHash", "RequestMessageId", "ResultContentHash", "ResultMessageId", "SlotOperationAttemptId", "SlotsJson", "State", "UpdatedAt", "WorkflowType")
VALUES (@p0, @p1, @p2, @p3, @p4, @p5, @p6, @p7, @p8, @p9, @p10, @p11, @p12, @p13, @p14, @p15, @p16, @p17, @p18, @p19);
[08:03:39 INF] Executed DbCommand (0ms) [Parameters=[@p0='?' (Size = 36), @p1='?' (Size = 64), @p2='?' (Size = 740), @p3='?' (Size = 23), @p4='?' (DbType = DateTimeOffset), @p5='?' (Size = 939)], CommandType='Text', CommandTimeout='30']
INSERT INTO "ProtocolInbox" ("MessageId", "ContentHash", "FirstResponseJson", "MessageType", "ReceivedAt", "RequestJson")
VALUES (@p0, @p1, @p2, @p3, @p4, @p5);
[08:03:39 INF] Executed DbCommand (0ms) [Parameters=[@__workflowId_0='?' (Size = 36)], CommandType='Text', CommandTimeout='30']
SELECT "r"."WorkflowId", "r"."AgvId", "r"."CommandContentHash", "r"."CommandMessageId", "r"."CommandMessageType", "r"."CreatedAt", "r"."DemandId", "r"."ExceptionRecoverySessionId", "r"."ForcedRecoveryGeneration", "r"."HandoffId", "r"."Outcome", "r"."RequestContentHash", "r"."RequestMessageId", "r"."ResultContentHash", "r"."ResultMessageId", "r"."SlotOperationAttemptId", "r"."SlotsJson", "r"."State", "r"."UpdatedAt", "r"."WorkflowType"
FROM "RecoveryWorkflows" AS "r"
WHERE "r"."WorkflowId" = @__workflowId_0
LIMIT 2
[08:03:39 INF] Executed DbCommand (0ms) [Parameters=[], CommandType='Text', CommandTimeout='30']
SELECT "p"."MessageId", "p"."AcknowledgedAt", "p"."CreatedAt", "p"."FencedAt", "p"."MessageType", "p"."PayloadJson"
FROM "ProtocolOutbox" AS "p"
WHERE "p"."MessageType" = 'ExceptionRecoverySessionSnapshot' AND "p"."AcknowledgedAt" IS NULL AND "p"."FencedAt" IS NULL
[08:03:39 INF] Executed DbCommand (0ms) [Parameters=[@__messageId_0='?' (Size = 36)], CommandType='Text', CommandTimeout='30']
SELECT "p"."MessageId", "p"."AcknowledgedAt", "p"."CreatedAt", "p"."FencedAt", "p"."MessageType", "p"."PayloadJson"
FROM "ProtocolOutbox" AS "p"
WHERE "p"."MessageId" = @__messageId_0
LIMIT 2
[08:03:39 INF] Executed DbCommand (0ms) [Parameters=[@__messageId_0='?' (Size = 36)], CommandType='Text', CommandTimeout='30']
SELECT "p"."MessageId", "p"."ContentHash", "p"."FirstResponseJson", "p"."MessageType", "p"."ReceivedAt", "p"."RequestJson"
FROM "ProtocolInbox" AS "p"
WHERE "p"."MessageId" = @__messageId_0
LIMIT 2
[08:03:39 INF] Executed DbCommand (0ms) [Parameters=[@__actionId_0='?' (Size = 36)], CommandType='Text', CommandTimeout='30']
SELECT "r"."WorkflowId", "r"."AgvId", "r"."CommandContentHash", "r"."CommandMessageId", "r"."CommandMessageType", "r"."CreatedAt", "r"."DemandId", "r"."ExceptionRecoverySessionId", "r"."ForcedRecoveryGeneration", "r"."HandoffId", "r"."Outcome", "r"."RequestContentHash", "r"."RequestMessageId", "r"."ResultContentHash", "r"."ResultMessageId", "r"."SlotOperationAttemptId", "r"."SlotsJson", "r"."State", "r"."UpdatedAt", "r"."WorkflowType"
FROM "RecoveryWorkflows" AS "r"
WHERE "r"."WorkflowId" = @__actionId_0 AND "r"."WorkflowType" = 'COMPENSATE_LOAD_ALL_EMPTY'
LIMIT 2
[08:03:39 INF] Executed DbCommand (0ms) [Parameters=[@__workflow_ExceptionRecoverySessionId_0='?' (Size = 36)], CommandType='Text', CommandTimeout='30']
SELECT "e"."ExceptionRecoverySessionId", "e"."AdministratorId", "e"."AdministratorRole", "e"."AgvId", "e"."DemandId", "e"."EventId", "e"."ForcedRecoveryGeneration", "e"."OpenedAt", "e"."Reason", "e"."RequestContentHash", "e"."RequestId", "e"."Revision", "e"."SelectedAction", "e"."SlotsJson", "e"."State", "e"."UpdatedAt"
FROM "ExceptionRecoverySessions" AS "e"
WHERE "e"."ExceptionRecoverySessionId" = @__workflow_ExceptionRecoverySessionId_0
LIMIT 2
[08:03:39 INF] Executed DbCommand (0ms) [Parameters=[@__actionId_0='?' (Size = 36), @__workflow_ExceptionRecoverySessionId_1='?' (Size = 36)], CommandType='Text', CommandTimeout='30']
SELECT EXISTS (
    SELECT 1
    FROM "RecoveryWorkflows" AS "r"
    WHERE "r"."WorkflowType" = 'COMPENSATE_LOAD_ALL_EMPTY' AND "r"."WorkflowId" <> @__actionId_0 AND "r"."ExceptionRecoverySessionId" = @__workflow_ExceptionRecoverySessionId_1 AND "r"."State" IN ('CommandPending', 'AwaitingResult'))
[08:03:39 INF] Executed DbCommand (0ms) [Parameters=[@__messageId_0='?' (Size = 36)], CommandType='Text', CommandTimeout='30']
SELECT "p"."MessageId", "p"."AcknowledgedAt", "p"."CreatedAt", "p"."FencedAt", "p"."MessageType", "p"."PayloadJson"
FROM "ProtocolOutbox" AS "p"
WHERE "p"."MessageId" = @__messageId_0
LIMIT 2
[08:03:39 INF] Executed DbCommand (0ms) [Parameters=[@__messageId_0='?' (Size = 36)], CommandType='Text', CommandTimeout='30']
SELECT "p"."MessageId", "p"."AcknowledgedAt", "p"."CreatedAt", "p"."FencedAt", "p"."MessageType", "p"."PayloadJson"
FROM "ProtocolOutbox" AS "p"
WHERE "p"."MessageId" = @__messageId_0
LIMIT 2
[08:03:39 INF] Executed DbCommand (0ms) [Parameters=[@p0='?' (Size = 36), @p1='?' (DbType = DateTimeOffset), @p2='?' (DbType = DateTimeOffset), @p3='?' (DbType = DateTimeOffset), @p4='?' (Size = 23), @p5='?' (Size = 775)], CommandType='Text', CommandTimeout='30']
INSERT INTO "ProtocolOutbox" ("MessageId", "AcknowledgedAt", "CreatedAt", "FencedAt", "MessageType", "PayloadJson")
VALUES (@p0, @p1, @p2, @p3, @p4, @p5);
[08:03:39 INF] Executed DbCommand (0ms) [Parameters=[], CommandType='Text', CommandTimeout='30']
SELECT "p"."MessageId", "p"."AcknowledgedAt", "p"."CreatedAt", "p"."FencedAt", "p"."MessageType", "p"."PayloadJson"
FROM "ProtocolOutbox" AS "p"
WHERE "p"."MessageType" = 'ExceptionRecoverySessionSnapshot' AND "p"."AcknowledgedAt" IS NULL AND "p"."FencedAt" IS NULL
[08:03:39 INF] Executed DbCommand (0ms) [Parameters=[@__session_DemandId_0='?' (Size = 36)], CommandType='Text', CommandTimeout='30']
SELECT "s"."SlotOperationAttemptId", "s"."CommittedAt", "s"."ContentHash", "s"."CreatedAt", "s"."DemandId", "s"."EvidenceJson", "s"."ForcedRecoveryGeneration", "s"."OperationType", "s"."Status", "s"."SublotId", "s"."TargetSlotsJson"
FROM "StationOperations" AS "s"
WHERE "s"."DemandId" = @__session_DemandId_0
[08:03:39 INF] Executed DbCommand (0ms) [Parameters=[@__messageId_0='?' (Size = 36)], CommandType='Text', CommandTimeout='30']
SELECT "p"."MessageId", "p"."AcknowledgedAt", "p"."CreatedAt", "p"."FencedAt", "p"."MessageType", "p"."PayloadJson"
FROM "ProtocolOutbox" AS "p"
WHERE "p"."MessageId" = @__messageId_0
LIMIT 2
[08:03:39 INF] Executed DbCommand (0ms) [Parameters=[@__messageId_0='?' (Size = 36)], CommandType='Text', CommandTimeout='30']
SELECT "p"."MessageId", "p"."AcknowledgedAt", "p"."CreatedAt", "p"."FencedAt", "p"."MessageType", "p"."PayloadJson"
FROM "ProtocolOutbox" AS "p"
WHERE "p"."MessageId" = @__messageId_0
LIMIT 2
[08:03:39 INF] Executed DbCommand (0ms) [Parameters=[@p3='?' (Size = 36), @p0='?' (DbType = Int64), @p1='?' (Size = 9), @p2='?' (DbType = DateTimeOffset)], CommandType='Text', CommandTimeout='30']
UPDATE "ExceptionRecoverySessions" SET "Revision" = @p0, "State" = @p1, "UpdatedAt" = @p2
WHERE "ExceptionRecoverySessionId" = @p3
RETURNING 1;
[08:03:39 INF] Executed DbCommand (0ms) [Parameters=[@p1='?' (Size = 36), @p0='?' (DbType = DateTimeOffset)], CommandType='Text', CommandTimeout='30']
UPDATE "ProtocolOutbox" SET "FencedAt" = @p0
WHERE "MessageId" = @p1
RETURNING 1;
[08:03:39 INF] Executed DbCommand (0ms) [Parameters=[@p0='?' (Size = 36), @p1='?' (DbType = DateTimeOffset), @p2='?' (DbType = DateTimeOffset), @p3='?' (DbType = DateTimeOffset), @p4='?' (Size = 32), @p5='?' (Size = 995)], CommandType='Text', CommandTimeout='30']
INSERT INTO "ProtocolOutbox" ("MessageId", "AcknowledgedAt", "CreatedAt", "FencedAt", "MessageType", "PayloadJson")
VALUES (@p0, @p1, @p2, @p3, @p4, @p5);
[08:03:39 INF] Executed DbCommand (0ms) [Parameters=[@p5='?' (Size = 36), @p0='?' (Size = 64), @p1='?' (Size = 36), @p2='?' (Size = 23), @p3='?' (Size = 14), @p4='?' (DbType = DateTimeOffset)], CommandType='Text', CommandTimeout='30']
UPDATE "RecoveryWorkflows" SET "CommandContentHash" = @p0, "CommandMessageId" = @p1, "CommandMessageType" = @p2, "State" = @p3, "UpdatedAt" = @p4
WHERE "WorkflowId" = @p5
RETURNING 1;
[08:03:39 INF] Executed DbCommand (0ms) [Parameters=[@p0='?' (Size = 36), @p1='?' (Size = 64), @p2='?', @p3='?' (Size = 25), @p4='?' (DbType = DateTimeOffset), @p5='?' (Size = 763)], CommandType='Text', CommandTimeout='30']
INSERT INTO "ProtocolInbox" ("MessageId", "ContentHash", "FirstResponseJson", "MessageType", "ReceivedAt", "RequestJson")
VALUES (@p0, @p1, @p2, @p3, @p4, @p5);
[08:03:39 INF] Executed DbCommand (0ms) [Parameters=[@__workflowId_0='?' (Size = 36)], CommandType='Text', CommandTimeout='30']
SELECT "r"."WorkflowId", "r"."AgvId", "r"."CommandContentHash", "r"."CommandMessageId", "r"."CommandMessageType", "r"."CreatedAt", "r"."DemandId", "r"."ExceptionRecoverySessionId", "r"."ForcedRecoveryGeneration", "r"."HandoffId", "r"."Outcome", "r"."RequestContentHash", "r"."RequestMessageId", "r"."ResultContentHash", "r"."ResultMessageId", "r"."SlotOperationAttemptId", "r"."SlotsJson", "r"."State", "r"."UpdatedAt", "r"."WorkflowType"
FROM "RecoveryWorkflows" AS "r"
WHERE "r"."WorkflowId" = @__workflowId_0
LIMIT 2
[08:03:39 INF] Executed DbCommand (0ms) [Parameters=[@__messageId_0='?' (Size = 36)], CommandType='Text', CommandTimeout='30']
SELECT "p"."MessageId", "p"."AcknowledgedAt", "p"."CreatedAt", "p"."FencedAt", "p"."MessageType", "p"."PayloadJson"
FROM "ProtocolOutbox" AS "p"
WHERE "p"."MessageId" = @__messageId_0
LIMIT 2
[08:03:39 INF] Executed DbCommand (0ms) [Parameters=[], CommandType='Text', CommandTimeout='30']
SELECT "p"."MessageId", "p"."AcknowledgedAt", "p"."CreatedAt", "p"."FencedAt", "p"."MessageType", "p"."PayloadJson"
FROM "ProtocolOutbox" AS "p"
WHERE "p"."MessageType" = 'ExceptionRecoverySessionSnapshot' AND "p"."AcknowledgedAt" IS NULL AND "p"."FencedAt" IS NULL
[08:03:39 INF] Executed DbCommand (0ms) [Parameters=[@__messageId_0='?' (Size = 36)], CommandType='Text', CommandTimeout='30']
SELECT "p"."MessageId", "p"."AcknowledgedAt", "p"."CreatedAt", "p"."FencedAt", "p"."MessageType", "p"."PayloadJson"
FROM "ProtocolOutbox" AS "p"
WHERE "p"."MessageId" = @__messageId_0
LIMIT 2
[08:03:39 INF] Executed DbCommand (0ms) [Parameters=[@__messageId_0='?' (Size = 36)], CommandType='Text', CommandTimeout='30']
SELECT "p"."MessageId", "p"."ContentHash", "p"."FirstResponseJson", "p"."MessageType", "p"."ReceivedAt", "p"."RequestJson"
FROM "ProtocolInbox" AS "p"
WHERE "p"."MessageId" = @__messageId_0
LIMIT 2
[08:03:39 INF] Executed DbCommand (0ms) [Parameters=[@__agvId_0='?' (Size = 10)], CommandType='Text', CommandTimeout='30']
SELECT "o"."AlarmsJson"
FROM "OnboardAlarmSnapshots" AS "o"
WHERE "o"."AgvId" = @__agvId_0
LIMIT 1
[08:03:39 INF] Executed DbCommand (0ms) [Parameters=[@__snapshot_AgvId_0='?' (Size = 10)], CommandType='Text', CommandTimeout='30']
SELECT "o"."AgvId", "o"."AlarmsJson", "o"."CapturedAt", "o"."ReceivedAt", "o"."SessionGeneration", "o"."SnapshotSequence"
FROM "OnboardAlarmSnapshots" AS "o"
WHERE "o"."AgvId" = @__snapshot_AgvId_0
LIMIT 1
[08:03:39 INF] Executed DbCommand (0ms) [Parameters=[@p4='?' (Size = 10), @p0='?' (Size = 2), @p1='?' (DbType = DateTimeOffset), @p2='?' (DbType = DateTimeOffset), @p3='?' (DbType = Int64)], CommandType='Text', CommandTimeout='30']
UPDATE "OnboardAlarmSnapshots" SET "AlarmsJson" = @p0, "CapturedAt" = @p1, "ReceivedAt" = @p2, "SnapshotSequence" = @p3
WHERE "AgvId" = @p4
RETURNING 1;
[08:03:39 INF] Executed DbCommand (0ms) [Parameters=[@__agvId_0='?' (Size = 10)], CommandType='Text', CommandTimeout='30']
SELECT "o"."AlarmsJson"
FROM "OnboardAlarmSnapshots" AS "o"
WHERE "o"."AgvId" = @__agvId_0
LIMIT 1
[08:03:39 INF] Executed DbCommand (0ms) [Parameters=[@p0='?' (Size = 36), @p1='?' (Size = 64), @p2='?' (Size = 625), @p3='?' (Size = 20), @p4='?' (DbType = DateTimeOffset), @p5='?' (Size = 484)], CommandType='Text', CommandTimeout='30']
INSERT INTO "ProtocolInbox" ("MessageId", "ContentHash", "FirstResponseJson", "MessageType", "ReceivedAt", "RequestJson")
VALUES (@p0, @p1, @p2, @p3, @p4, @p5);
[08:03:39 INF] Executed DbCommand (0ms) [Parameters=[@__messageId_0='?' (Size = 36)], CommandType='Text', CommandTimeout='30']
SELECT "p"."MessageId", "p"."ContentHash", "p"."FirstResponseJson", "p"."MessageType", "p"."ReceivedAt", "p"."RequestJson"
FROM "ProtocolInbox" AS "p"
WHERE "p"."MessageId" = @__messageId_0
LIMIT 2
[08:03:39 INF] Executed DbCommand (0ms) [Parameters=[@p0='?' (Size = 36), @p1='?' (Size = 64), @p2='?' (Size = 665), @p3='?' (Size = 17), @p4='?' (DbType = DateTimeOffset), @p5='?' (Size = 572)], CommandType='Text', CommandTimeout='30']
INSERT INTO "ProtocolInbox" ("MessageId", "ContentHash", "FirstResponseJson", "MessageType", "ReceivedAt", "RequestJson")
VALUES (@p0, @p1, @p2, @p3, @p4, @p5);
[08:03:39 INF] Executed DbCommand (0ms) [Parameters=[@__messageId_0='?' (Size = 36)], CommandType='Text', CommandTimeout='30']
SELECT "p"."MessageId", "p"."ContentHash", "p"."FirstResponseJson", "p"."MessageType", "p"."ReceivedAt", "p"."RequestJson"
FROM "ProtocolInbox" AS "p"
WHERE "p"."MessageId" = @__messageId_0
LIMIT 2
[08:03:39 INF] Executed DbCommand (1ms) [Parameters=[@p0='?' (Size = 36), @p1='?' (Size = 64), @p2='?' (Size = 665), @p3='?' (Size = 17), @p4='?' (DbType = DateTimeOffset), @p5='?' (Size = 574)], CommandType='Text', CommandTimeout='30']
INSERT INTO "ProtocolInbox" ("MessageId", "ContentHash", "FirstResponseJson", "MessageType", "ReceivedAt", "RequestJson")
VALUES (@p0, @p1, @p2, @p3, @p4, @p5);
[08:03:39 INF] Executed DbCommand (0ms) [Parameters=[@__messageId_0='?' (Size = 36)], CommandType='Text', CommandTimeout='30']
SELECT "p"."MessageId", "p"."ContentHash", "p"."FirstResponseJson", "p"."MessageType", "p"."ReceivedAt", "p"."RequestJson"
FROM "ProtocolInbox" AS "p"
WHERE "p"."MessageId" = @__messageId_0
LIMIT 2
[08:03:39 INF] Executed DbCommand (0ms) [Parameters=[@__workflowId_0='?' (Size = 36), @__agvId_1='?' (Size = 10)], CommandType='Text', CommandTimeout='30']
SELECT "r"."WorkflowId", "r"."AgvId", "r"."CommandContentHash", "r"."CommandMessageId", "r"."CommandMessageType", "r"."CreatedAt", "r"."DemandId", "r"."ExceptionRecoverySessionId", "r"."ForcedRecoveryGeneration", "r"."HandoffId", "r"."Outcome", "r"."RequestContentHash", "r"."RequestMessageId", "r"."ResultContentHash", "r"."ResultMessageId", "r"."SlotOperationAttemptId", "r"."SlotsJson", "r"."State", "r"."UpdatedAt", "r"."WorkflowType"
FROM "RecoveryWorkflows" AS "r"
WHERE "r"."WorkflowId" = @__workflowId_0 AND "r"."AgvId" = @__agvId_1
LIMIT 2
[08:03:39 INF] Start processing HTTP request GET http://127.0.0.1:48408/api/task/v1/task/getVehicleInfo/BROKERX-L2-0001
[08:03:39 INF] Sending HTTP request GET http://127.0.0.1:48408/api/task/v1/task/getVehicleInfo/BROKERX-L2-0001
[08:03:39 INF] Received HTTP response headers after 0.5645ms - 200
[08:03:39 INF] End processing HTTP request after 3.4144ms - 200
[08:03:39 INF] Executed DbCommand (0ms) [Parameters=[@__messageId_0='?' (Size = 36)], CommandType='Text', CommandTimeout='30']
SELECT "r"."MessageId", "r"."ContentHash", "r"."ForcedRecoveryGeneration", "r"."HistoricalOnly", "r"."MessageType", "r"."ObservedAt", "r"."Outcome", "r"."ReceivedAt", "r"."WorkflowId"
FROM "RecoveryResultEvidence" AS "r"
WHERE "r"."MessageId" = @__messageId_0
LIMIT 2
[08:03:39 INF] Start processing HTTP request GET http://127.0.0.1:48408/api/order/v1/orderRecord?pageNum=1&pageSize=100&filterByState=1&filterByState=3&filterByState=7&filterByState=9
[08:03:39 INF] Executed DbCommand (0ms) [Parameters=[@__agvId_0='?' (Size = 10)], CommandType='Text', CommandTimeout='30']
SELECT "v"."ForcedRecoveryGeneration"
FROM "VehicleRecoveryGenerations" AS "v"
WHERE "v"."AgvId" = @__agvId_0
LIMIT 2
[08:03:39 INF] Sending HTTP request GET http://127.0.0.1:48408/api/order/v1/orderRecord?pageNum=1&pageSize=100&filterByState=1&filterByState=3&filterByState=7&filterByState=9
[08:03:39 INF] Received HTTP response headers after 0.8491ms - 200
[08:03:39 INF] Executed DbCommand (0ms) [Parameters=[@__agvId_0='?' (Size = 10)], CommandType='Text', CommandTimeout='30']
SELECT "s"."ForcedRecoveryGeneration"
FROM "SessionRecoveries" AS "s"
WHERE "s"."AgvId" = @__agvId_0
LIMIT 2
[08:03:39 INF] End processing HTTP request after 34.0191ms - 200
[08:03:39 INF] HTTP GET /api/onboard/v1/vehicle-safety responded 200 in 79.9541 ms
[08:03:39 INF] Executed DbCommand (0ms) [Parameters=[@__workflow_ExceptionRecoverySessionId_0='?' (Size = 36)], CommandType='Text', CommandTimeout='30']
SELECT EXISTS (
    SELECT 1
    FROM "ExceptionRecoverySessions" AS "e"
    WHERE "e"."ExceptionRecoverySessionId" = @__workflow_ExceptionRecoverySessionId_0 AND "e"."State" = 'CLOSED')
[08:03:39 INF] Executed DbCommand (0ms) [Parameters=[@__workflow_DemandId_0='?' (Size = 36)], CommandType='Text', CommandTimeout='30']
SELECT "j"."JourneyId", "j"."AgvId", "j"."AgvLifecycleGeneration", "j"."AreaEndAdmissionRevokedSince", "j"."BlockReasonCode", "j"."BlockReasonSince", "j"."CargoHoldingStartedAt", "j"."ConsumedSafetyResultMessageId", "j"."ConsumedSublotMessageId", "j"."CreatedAt", "j"."DemandId", "j"."DispatchGeneration", "j"."DispatchZone", "j"."ExpectedBasketCount", "j"."FullSlotPositionsJson", "j"."GateMovementLegId", "j"."GatePlanMessageId", "j"."GateStationId", "j"."GateStationRiotId", "j"."GateUpperId", "j"."GateVehicleBusinessMessageId", "j"."GateWorklistMessageId", "j"."LoadCommandMessageId", "j"."LoadSlotOperationAttemptId", "j"."LoadingClosedReason", "j"."LoadingPhaseState", "j"."MapId", "j"."MapIdentity", "j"."OperationSessionId", "j"."PickupMovementLegId", "j"."PickupStationId", "j"."PickupStationRiotId", "j"."PickupUpperId", "j"."PlanMessageId", "j"."PlanRevision", "j"."PreDepartureSafetyCheckId", "j"."PreDepartureSafetyCheckMessageId", "j"."RouteEvidenceId", "j"."Stage", "j"."StationDepartureWaitStartedAt", "j"."SublotRequestMessageId", "j"."TargetSlotsJson", "j"."UnloadCommandMessageId", "j"."UnloadSlotOperationAttemptId", "j"."UpdatedAt", "j"."VehicleBusinessMessageId", "j"."VehicleBusinessRevision", "j"."VehicleKey", "j"."WorklistMessageId", "j"."WorklistRevision", "j"."YieldTriggeredAt", "j"."YieldTriggeredByVehicleKey"
FROM "JourneyRuntimes" AS "j"
WHERE "j"."DemandId" = @__workflow_DemandId_0
LIMIT 2
[08:03:39 INF] Executed DbCommand (0ms) [Parameters=[@__workflow_SlotOperationAttemptId_0='?' (Size = 36)], CommandType='Text', CommandTimeout='30']
SELECT "s"."SlotOperationAttemptId", "s"."CommittedAt", "s"."ContentHash", "s"."CreatedAt", "s"."DemandId", "s"."EvidenceJson", "s"."ForcedRecoveryGeneration", "s"."OperationType", "s"."Status", "s"."SublotId", "s"."TargetSlotsJson"
FROM "StationOperations" AS "s"
WHERE "s"."SlotOperationAttemptId" = @__workflow_SlotOperationAttemptId_0
LIMIT 2
[08:03:39 INF] Executed DbCommand (0ms) [Parameters=[@__runtime_DemandId_0='?' (Size = 36)], CommandType='Text', CommandTimeout='30']
SELECT "a"."DemandId", "a"."AcceptedAt", "a"."CatalogRevision", "a"."CreatedAt", "a"."DemandRevision", "a"."Generation", "a"."HistoryEpoch", "a"."LiveMesFieldsJson", "a"."SeriesId", "a"."Status", "a"."Sublot", "a"."TransportDemandKey", "a"."ValueObservedAt", "a"."ValuePollTraceId", "a"."ValueProjectionCommitId", "a"."WorkType"
FROM "AcceptedDemands" AS "a"
WHERE "a"."DemandId" = @__runtime_DemandId_0
LIMIT 2
[08:03:39 INF] Executed DbCommand (0ms) [Parameters=[@__runtime_DemandId_0='?' (Size = 36)], CommandType='Text', CommandTimeout='30']
SELECT "v"."JourneyId", "v"."AcquiredAt", "v"."DemandId", "v"."ReleasedAt", "v"."VehicleKey"
FROM "VehicleDispatchLeases" AS "v"
WHERE "v"."DemandId" = @__runtime_DemandId_0
LIMIT 2
[08:03:39 INF] Executed DbCommand (0ms) [Parameters=[@__lease_VehicleKey_0='?' (Size = 15), @__lease_JourneyId_1='?' (Size = 44)], CommandType='Text', CommandTimeout='30']
SELECT "v"."VehicleKey", "v"."ClaimedAt", "v"."JourneyId", "v"."Purpose"
FROM "VehiclePurposeClaims" AS "v"
WHERE "v"."VehicleKey" = @__lease_VehicleKey_0 AND "v"."JourneyId" = @__lease_JourneyId_1
LIMIT 2
[08:03:39 INF] Executed DbCommand (0ms) [Parameters=[@__runtime_PickupUpperId_0='?' (Size = 49)], CommandType='Text', CommandTimeout='30']
SELECT "o"."MovementLegId", "o"."AgvLifecycleGeneration", "o"."CreateAttemptCount", "o"."CreateAttemptId", "o"."CreateDispatchArmedAt", "o"."CreatedAt", "o"."DemandId", "o"."DestinationStationId", "o"."DispatchAuditSequence", "o"."DispatchAuditVersion", "o"."DispatchGeneration", "o"."ExperimentalCreateAuthorizationId", "o"."LastCreateOutcome", "o"."LastCreateOutcomeAt", "o"."LastCreateReceiptJson", "o"."LastReconciliationOutcome", "o"."LastReconciliationOutcomeAt", "o"."LastReconciliationReceiptJson", "o"."MapId", "o"."OrderId", "o"."Purpose", "o"."Status", "o"."TargetStationId", "o"."UpperId", "o"."VehicleKey", "o"."VehicleOccupancyClaimedAt", "o"."VehicleOccupancyReleasedAt"
FROM "OrderIntents" AS "o"
WHERE "o"."UpperId" = @__runtime_PickupUpperId_0
LIMIT 2
[08:03:39 INF] Executed DbCommand (0ms) [Parameters=[@__runtime_SublotRequestMessageId_0='?' (Size = 36)], CommandType='Text', CommandTimeout='30']
SELECT "p"."MessageId", "p"."AcknowledgedAt", "p"."CreatedAt", "p"."FencedAt", "p"."MessageType", "p"."PayloadJson"
FROM "ProtocolOutbox" AS "p"
WHERE "p"."MessageId" = @__runtime_SublotRequestMessageId_0
LIMIT 2
[08:03:39 INF] Executed DbCommand (0ms) [Parameters=[@__workflow_ExceptionRecoverySessionId_0='?' (Size = 36)], CommandType='Text', CommandTimeout='30']
SELECT "e"."ExceptionRecoverySessionId", "e"."AdministratorId", "e"."AdministratorRole", "e"."AgvId", "e"."DemandId", "e"."EventId", "e"."ForcedRecoveryGeneration", "e"."OpenedAt", "e"."Reason", "e"."RequestContentHash", "e"."RequestId", "e"."Revision", "e"."SelectedAction", "e"."SlotsJson", "e"."State", "e"."UpdatedAt"
FROM "ExceptionRecoverySessions" AS "e"
WHERE "e"."ExceptionRecoverySessionId" = @__workflow_ExceptionRecoverySessionId_0
LIMIT 2
[08:03:39 INF] Executed DbCommand (0ms) [Parameters=[], CommandType='Text', CommandTimeout='30']
SELECT "p"."MessageId", "p"."AcknowledgedAt", "p"."CreatedAt", "p"."FencedAt", "p"."MessageType", "p"."PayloadJson"
FROM "ProtocolOutbox" AS "p"
WHERE "p"."MessageType" = 'ExceptionRecoverySessionSnapshot' AND "p"."AcknowledgedAt" IS NULL AND "p"."FencedAt" IS NULL
[08:03:39 INF] Executed DbCommand (0ms) [Parameters=[@__session_DemandId_0='?' (Size = 36)], CommandType='Text', CommandTimeout='30']
SELECT "s"."SlotOperationAttemptId", "s"."CommittedAt", "s"."ContentHash", "s"."CreatedAt", "s"."DemandId", "s"."EvidenceJson", "s"."ForcedRecoveryGeneration", "s"."OperationType", "s"."Status", "s"."SublotId", "s"."TargetSlotsJson"
FROM "StationOperations" AS "s"
WHERE "s"."DemandId" = @__session_DemandId_0
[08:03:39 INF] Executed DbCommand (0ms) [Parameters=[@__messageId_0='?' (Size = 36)], CommandType='Text', CommandTimeout='30']
SELECT "p"."MessageId", "p"."AcknowledgedAt", "p"."CreatedAt", "p"."FencedAt", "p"."MessageType", "p"."PayloadJson"
FROM "ProtocolOutbox" AS "p"
WHERE "p"."MessageId" = @__messageId_0
LIMIT 2
[08:03:39 INF] Executed DbCommand (0ms) [Parameters=[@__messageId_0='?' (Size = 36)], CommandType='Text', CommandTimeout='30']
SELECT "p"."MessageId", "p"."AcknowledgedAt", "p"."CreatedAt", "p"."FencedAt", "p"."MessageType", "p"."PayloadJson"
FROM "ProtocolOutbox" AS "p"
WHERE "p"."MessageId" = @__messageId_0
LIMIT 2
[08:03:39 INF] Executed DbCommand (0ms) [Parameters=[@p1='?' (Size = 36), @p0='?' (Size = 9)], CommandType='Text', CommandTimeout='30']
UPDATE "AcceptedDemands" SET "Status" = @p0
WHERE "DemandId" = @p1
RETURNING 1;
[08:03:39 INF] Executed DbCommand (0ms) [Parameters=[@p3='?' (Size = 36), @p0='?' (DbType = Int64), @p1='?' (Size = 6), @p2='?' (DbType = DateTimeOffset)], CommandType='Text', CommandTimeout='30']
UPDATE "ExceptionRecoverySessions" SET "Revision" = @p0, "State" = @p1, "UpdatedAt" = @p2
WHERE "ExceptionRecoverySessionId" = @p3
RETURNING 1;
[08:03:39 INF] Executed DbCommand (0ms) [Parameters=[@p4='?' (Size = 44), @p0='?' (Size = 30), @p1='?' (DbType = DateTimeOffset), @p2='?' (Size = 9), @p3='?' (DbType = DateTimeOffset)], CommandType='Text', CommandTimeout='30']
UPDATE "JourneyRuntimes" SET "BlockReasonCode" = @p0, "BlockReasonSince" = @p1, "Stage" = @p2, "UpdatedAt" = @p3
WHERE "JourneyId" = @p4
RETURNING 1;
[08:03:39 INF] Executed DbCommand (0ms) [Parameters=[@p1='?' (Size = 36), @p2='?' (DbType = Int32), @p3='?' (DbType = Int64), @p5='?', @p4='?' (Size = 9), @p0='?' (DbType = DateTimeOffset)], CommandType='Text', CommandTimeout='30']
UPDATE "OrderIntents" SET "VehicleOccupancyReleasedAt" = @p0
WHERE "MovementLegId" = @p1 AND "CreateAttemptCount" = @p2 AND "DispatchAuditSequence" = @p3 AND "ExperimentalCreateAuthorizationId" IS NULL AND "Status" = @p4
RETURNING 1;
[08:03:39 INF] Executed DbCommand (0ms) [Parameters=[@p1='?' (Size = 36), @p0='?' (DbType = DateTimeOffset)], CommandType='Text', CommandTimeout='30']
UPDATE "ProtocolOutbox" SET "FencedAt" = @p0
WHERE "MessageId" = @p1
RETURNING 1;
[08:03:39 INF] Executed DbCommand (0ms) [Parameters=[@p0='?' (Size = 36), @p1='?' (DbType = DateTimeOffset), @p2='?' (DbType = DateTimeOffset), @p3='?' (DbType = DateTimeOffset), @p4='?' (Size = 32), @p5='?' (Size = 857)], CommandType='Text', CommandTimeout='30']
INSERT INTO "ProtocolOutbox" ("MessageId", "AcknowledgedAt", "CreatedAt", "FencedAt", "MessageType", "PayloadJson")
VALUES (@p0, @p1, @p2, @p3, @p4, @p5);
[08:03:39 INF] Executed DbCommand (0ms) [Parameters=[@p0='?' (Size = 36), @p1='?' (Size = 64), @p2='?' (DbType = Int64), @p3='?' (DbType = Boolean), @p4='?' (Size = 22), @p5='?' (DbType = DateTimeOffset), @p6='?' (Size = 9), @p7='?' (DbType = DateTimeOffset), @p8='?' (Size = 36)], CommandType='Text', CommandTimeout='30']
INSERT INTO "RecoveryResultEvidence" ("MessageId", "ContentHash", "ForcedRecoveryGeneration", "HistoricalOnly", "MessageType", "ObservedAt", "Outcome", "ReceivedAt", "WorkflowId")
VALUES (@p0, @p1, @p2, @p3, @p4, @p5, @p6, @p7, @p8);
[08:03:39 INF] Executed DbCommand (0ms) [Parameters=[@p5='?' (Size = 36), @p0='?' (Size = 9), @p1='?' (Size = 64), @p2='?' (Size = 36), @p3='?' (Size = 10), @p4='?' (DbType = DateTimeOffset)], CommandType='Text', CommandTimeout='30']
UPDATE "RecoveryWorkflows" SET "Outcome" = @p0, "ResultContentHash" = @p1, "ResultMessageId" = @p2, "State" = @p3, "UpdatedAt" = @p4
WHERE "WorkflowId" = @p5
RETURNING 1;
[08:03:39 INF] Executed DbCommand (0ms) [Parameters=[@p1='?' (Size = 36), @p0='?' (Size = 9)], CommandType='Text', CommandTimeout='30']
UPDATE "StationOperations" SET "Status" = @p0
WHERE "SlotOperationAttemptId" = @p1
RETURNING 1;
[08:03:39 INF] Executed DbCommand (0ms) [Parameters=[@p1='?' (Size = 44), @p0='?' (DbType = DateTimeOffset)], CommandType='Text', CommandTimeout='30']
UPDATE "VehicleDispatchLeases" SET "ReleasedAt" = @p0
WHERE "JourneyId" = @p1
RETURNING 1;
[08:03:39 INF] Executed DbCommand (1ms) [Parameters=[@p0='?' (Size = 15)], CommandType='Text', CommandTimeout='30']
DELETE FROM "VehiclePurposeClaims"
WHERE "VehicleKey" = @p0
RETURNING 1;
[08:03:39 INF] Executed DbCommand (0ms) [Parameters=[@__messageId_0='?' (Size = 36)], CommandType='Text', CommandTimeout='30']
SELECT "p"."MessageId", "p"."AcknowledgedAt", "p"."CreatedAt", "p"."FencedAt", "p"."MessageType", "p"."PayloadJson"
FROM "ProtocolOutbox" AS "p"
WHERE "p"."MessageId" = @__messageId_0
LIMIT 2
[08:03:39 INF] Executed DbCommand (0ms) [Parameters=[@p1='?' (Size = 36), @p0='?' (DbType = DateTimeOffset)], CommandType='Text', CommandTimeout='30']
UPDATE "ProtocolOutbox" SET "AcknowledgedAt" = @p0
WHERE "MessageId" = @p1
RETURNING 1;
[08:03:39 INF] Executed DbCommand (0ms) [Parameters=[@__agvId_0='?' (Size = 10)], CommandType='Text', CommandTimeout='30']
SELECT "s"."AgvId", "s"."ActiveUnlockSlotsJson", "s"."CapabilityHash", "s"."CapabilityRevision", "s"."DepartureSafe", "s"."ForcedRecoveryGeneration", "s"."ManifestSha256", "s"."PendingAttemptIdsJson", "s"."PendingResultIdsJson", "s"."ProfileId", "s"."ProtocolCommit", "s"."ProtocolVersion", "s"."ProvenRecoveryCheckpoint", "s"."Readiness", "s"."ReasonCode", "s"."RecoveryReportId", "s"."ReportedForcedRecoveryGeneration", "s"."ReportedSlotConfigurationFingerprint", "s"."SafetyHash", "s"."SafetyReasonCodesJson", "s"."SafetyRevision", "s"."SafetyUnknownPresent", "s"."SessionGeneration", "s"."UnsettledSlotOperationAttemptId", "s"."UpdatedAt"
FROM "SessionRecoveries" AS "s"
WHERE "s"."AgvId" = @__agvId_0
LIMIT 2
[08:03:39 INF] Executed DbCommand (0ms) [Parameters=[@__pending_0='?' (Size = 40)], CommandType='Text', CommandTimeout='30']
SELECT "s"."SlotOperationAttemptId"
FROM "StationOperations" AS "s"
WHERE "s"."SlotOperationAttemptId" IN (
    SELECT "p"."value"
    FROM json_each(@__pending_0) AS "p"
) AND "s"."Status" IN ('Committed', 'Failed', 'Cancelled')
[08:03:39 INF] Executed DbCommand (0ms) [Parameters=[@p3='?' (Size = 10), @p0='?' (Size = 2), @p1='?', @p2='?' (DbType = DateTimeOffset)], CommandType='Text', CommandTimeout='30']
UPDATE "SessionRecoveries" SET "PendingAttemptIdsJson" = @p0, "UnsettledSlotOperationAttemptId" = @p1, "UpdatedAt" = @p2
WHERE "AgvId" = @p3
RETURNING 1;
[08:03:39 INF] Executed DbCommand (0ms) [Parameters=[@__agvId_0='?' (Size = 10)], CommandType='Text', CommandTimeout='30']
SELECT "s"."AgvId", "s"."ActiveUnlockSlotsJson", "s"."CapabilityHash", "s"."CapabilityRevision", "s"."DepartureSafe", "s"."ForcedRecoveryGeneration", "s"."ManifestSha256", "s"."PendingAttemptIdsJson", "s"."PendingResultIdsJson", "s"."ProfileId", "s"."ProtocolCommit", "s"."ProtocolVersion", "s"."ProvenRecoveryCheckpoint", "s"."Readiness", "s"."ReasonCode", "s"."RecoveryReportId", "s"."ReportedForcedRecoveryGeneration", "s"."ReportedSlotConfigurationFingerprint", "s"."SafetyHash", "s"."SafetyReasonCodesJson", "s"."SafetyRevision", "s"."SafetyUnknownPresent", "s"."SessionGeneration", "s"."UnsettledSlotOperationAttemptId", "s"."UpdatedAt"
FROM "SessionRecoveries" AS "s"
WHERE "s"."AgvId" = @__agvId_0
LIMIT 2
[08:03:39 INF] Executed DbCommand (0ms) [Parameters=[@__agvId_0='?' (Size = 10)], CommandType='Text', CommandTimeout='30']
SELECT EXISTS (
    SELECT 1
    FROM "StationOperations" AS "s"
    INNER JOIN "JourneyRuntimes" AS "j" ON "s"."DemandId" = "j"."DemandId"
    WHERE "j"."AgvId" = @__agvId_0 AND "s"."Status" = 'RecoveryRequired')
[08:03:39 INF] Executed DbCommand (0ms) [Parameters=[@__agvId_0='?' (Size = 10)], CommandType='Text', CommandTimeout='30']
SELECT EXISTS (
    SELECT 1
    FROM "RecoveryWorkflows" AS "r"
    WHERE "r"."AgvId" = @__agvId_0 AND "r"."WorkflowType" = 'FORCED_MECHANICAL_RECOVERY' AND "r"."State" <> 'HistoricalOnly' AND NOT EXISTS (
        SELECT 1
        FROM "HardwareRecoveryRecords" AS "h"
        WHERE "h"."RecoveryActionId" = "r"."WorkflowId"))
[08:03:39 INF] Executed DbCommand (0ms) [Parameters=[@__agvId_0='?' (Size = 10)], CommandType='Text', CommandTimeout='30']
SELECT "a"."AgvId", "a"."ActivatedAt", "a"."ActivationId", "a"."ConfigurationVersion", "a"."Fingerprint", "a"."SlotModelVersionId", "a"."SnapshotId"
FROM "ActiveSlotConfigurations" AS "a"
WHERE "a"."AgvId" = @__agvId_0
LIMIT 1
[08:03:39 INF] Executed DbCommand (0ms) [Parameters=[@p3='?' (Size = 10), @p0='?' (Size = 5), @p1='?' (Size = 5), @p2='?' (DbType = DateTimeOffset)], CommandType='Text', CommandTimeout='30']
UPDATE "SessionRecoveries" SET "Readiness" = @p0, "ReasonCode" = @p1, "UpdatedAt" = @p2
WHERE "AgvId" = @p3
RETURNING 1;
[08:03:39 INF] Executed DbCommand (0ms) [Parameters=[@p0='?' (Size = 36), @p1='?' (Size = 64), @p2='?' (Size = 1239), @p3='?' (Size = 22), @p4='?' (DbType = DateTimeOffset), @p5='?' (Size = 796)], CommandType='Text', CommandTimeout='30']
INSERT INTO "ProtocolInbox" ("MessageId", "ContentHash", "FirstResponseJson", "MessageType", "ReceivedAt", "RequestJson")
VALUES (@p0, @p1, @p2, @p3, @p4, @p5);
[08:03:39 INF] Executed DbCommand (0ms) [Parameters=[], CommandType='Text', CommandTimeout='30']
SELECT "p"."MessageId", "p"."AcknowledgedAt", "p"."CreatedAt", "p"."FencedAt", "p"."MessageType", "p"."PayloadJson"
FROM "ProtocolOutbox" AS "p"
WHERE "p"."MessageType" = 'ExceptionRecoverySessionSnapshot' AND "p"."AcknowledgedAt" IS NULL AND "p"."FencedAt" IS NULL
[08:03:39 INF] Executed DbCommand (0ms) [Parameters=[@__messageId_0='?' (Size = 36)], CommandType='Text', CommandTimeout='30']
SELECT "p"."MessageId", "p"."AcknowledgedAt", "p"."CreatedAt", "p"."FencedAt", "p"."MessageType", "p"."PayloadJson"
FROM "ProtocolOutbox" AS "p"
WHERE "p"."MessageId" = @__messageId_0
LIMIT 2
[08:03:39 INF] Executed DbCommand (0ms) [Parameters=[@__messageId_0='?' (Size = 36)], CommandType='Text', CommandTimeout='30']
SELECT "p"."MessageId", "p"."ContentHash", "p"."FirstResponseJson", "p"."MessageType", "p"."ReceivedAt", "p"."RequestJson"
FROM "ProtocolInbox" AS "p"
WHERE "p"."MessageId" = @__messageId_0
LIMIT 2
[08:03:39 INF] Executed DbCommand (0ms) [Parameters=[@__agvId_0='?' (Size = 10)], CommandType='Text', CommandTimeout='30']
SELECT "o"."AlarmsJson"
FROM "OnboardAlarmSnapshots" AS "o"
WHERE "o"."AgvId" = @__agvId_0
LIMIT 1
[08:03:39 INF] Executed DbCommand (0ms) [Parameters=[@__snapshot_AgvId_0='?' (Size = 10)], CommandType='Text', CommandTimeout='30']
SELECT "o"."AgvId", "o"."AlarmsJson", "o"."CapturedAt", "o"."ReceivedAt", "o"."SessionGeneration", "o"."SnapshotSequence"
FROM "OnboardAlarmSnapshots" AS "o"
WHERE "o"."AgvId" = @__snapshot_AgvId_0
LIMIT 1
[08:03:39 INF] Executed DbCommand (0ms) [Parameters=[@p4='?' (Size = 10), @p0='?' (Size = 423), @p1='?' (DbType = DateTimeOffset), @p2='?' (DbType = DateTimeOffset), @p3='?' (DbType = Int64)], CommandType='Text', CommandTimeout='30']
UPDATE "OnboardAlarmSnapshots" SET "AlarmsJson" = @p0, "CapturedAt" = @p1, "ReceivedAt" = @p2, "SnapshotSequence" = @p3
WHERE "AgvId" = @p4
RETURNING 1;
[08:03:39 INF] Executed DbCommand (0ms) [Parameters=[@__agvId_0='?' (Size = 10)], CommandType='Text', CommandTimeout='30']
SELECT "o"."AlarmsJson"
FROM "OnboardAlarmSnapshots" AS "o"
WHERE "o"."AgvId" = @__agvId_0
LIMIT 1
[08:03:39 INF] Executed DbCommand (0ms) [Parameters=[@p0='?' (Size = 36), @p1='?' (Size = 64), @p2='?' (Size = 625), @p3='?' (Size = 20), @p4='?' (DbType = DateTimeOffset), @p5='?' (Size = 845)], CommandType='Text', CommandTimeout='30']
INSERT INTO "ProtocolInbox" ("MessageId", "ContentHash", "FirstResponseJson", "MessageType", "ReceivedAt", "RequestJson")
VALUES (@p0, @p1, @p2, @p3, @p4, @p5);
[08:03:39 INF] Executed DbCommand (0ms) [Parameters=[@__messageId_0='?' (Size = 36)], CommandType='Text', CommandTimeout='30']
SELECT "p"."MessageId", "p"."ContentHash", "p"."FirstResponseJson", "p"."MessageType", "p"."ReceivedAt", "p"."RequestJson"
FROM "ProtocolInbox" AS "p"
WHERE "p"."MessageId" = @__messageId_0
LIMIT 2
[08:03:39 INF] Executed DbCommand (0ms) [Parameters=[@__messageId_0='?' (Size = 36)], CommandType='Text', CommandTimeout='30']
SELECT "p"."MessageId", "p"."AcknowledgedAt", "p"."CreatedAt", "p"."FencedAt", "p"."MessageType", "p"."PayloadJson"
FROM "ProtocolOutbox" AS "p"
WHERE "p"."MessageId" = @__messageId_0
LIMIT 2
[08:03:39 INF] Executed DbCommand (0ms) [Parameters=[@p1='?' (Size = 36), @p0='?' (DbType = DateTimeOffset)], CommandType='Text', CommandTimeout='30']
UPDATE "ProtocolOutbox" SET "AcknowledgedAt" = @p0
WHERE "MessageId" = @p1
RETURNING 1;
[08:03:39 INF] Executed DbCommand (0ms) [Parameters=[@p0='?' (Size = 36), @p1='?' (Size = 64), @p2='?', @p3='?' (Size = 18), @p4='?' (DbType = DateTimeOffset), @p5='?' (Size = 638)], CommandType='Text', CommandTimeout='30']
INSERT INTO "ProtocolInbox" ("MessageId", "ContentHash", "FirstResponseJson", "MessageType", "ReceivedAt", "RequestJson")
VALUES (@p0, @p1, @p2, @p3, @p4, @p5);
[08:03:39 INF] Executed DbCommand (0ms) [Parameters=[@__messageId_0='?' (Size = 36)], CommandType='Text', CommandTimeout='30']
SELECT "p"."MessageId", "p"."ContentHash", "p"."FirstResponseJson", "p"."MessageType", "p"."ReceivedAt", "p"."RequestJson"
FROM "ProtocolInbox" AS "p"
WHERE "p"."MessageId" = @__messageId_0
LIMIT 2
[08:03:39 INF] Executed DbCommand (0ms) [Parameters=[@__agvId_0='?' (Size = 10)], CommandType='Text', CommandTimeout='30']
SELECT "o"."AlarmsJson"
FROM "OnboardAlarmSnapshots" AS "o"
WHERE "o"."AgvId" = @__agvId_0
LIMIT 1
[08:03:39 INF] Executed DbCommand (0ms) [Parameters=[@__snapshot_AgvId_0='?' (Size = 10)], CommandType='Text', CommandTimeout='30']
SELECT "o"."AgvId", "o"."AlarmsJson", "o"."CapturedAt", "o"."ReceivedAt", "o"."SessionGeneration", "o"."SnapshotSequence"
FROM "OnboardAlarmSnapshots" AS "o"
WHERE "o"."AgvId" = @__snapshot_AgvId_0
LIMIT 1
[08:03:39 INF] Executed DbCommand (0ms) [Parameters=[@p4='?' (Size = 10), @p0='?' (Size = 2), @p1='?' (DbType = DateTimeOffset), @p2='?' (DbType = DateTimeOffset), @p3='?' (DbType = Int64)], CommandType='Text', CommandTimeout='30']
UPDATE "OnboardAlarmSnapshots" SET "AlarmsJson" = @p0, "CapturedAt" = @p1, "ReceivedAt" = @p2, "SnapshotSequence" = @p3
WHERE "AgvId" = @p4
RETURNING 1;
[08:03:39 INF] Executed DbCommand (0ms) [Parameters=[@__agvId_0='?' (Size = 10)], CommandType='Text', CommandTimeout='30']
SELECT "o"."AlarmsJson"
FROM "OnboardAlarmSnapshots" AS "o"
WHERE "o"."AgvId" = @__agvId_0
LIMIT 1
[08:03:39 INF] Executed DbCommand (0ms) [Parameters=[@p0='?' (Size = 36), @p1='?' (Size = 64), @p2='?' (Size = 625), @p3='?' (Size = 20), @p4='?' (DbType = DateTimeOffset), @p5='?' (Size = 485)], CommandType='Text', CommandTimeout='30']
INSERT INTO "ProtocolInbox" ("MessageId", "ContentHash", "FirstResponseJson", "MessageType", "ReceivedAt", "RequestJson")
VALUES (@p0, @p1, @p2, @p3, @p4, @p5);
[08:03:39 INF] Start processing HTTP request GET http://127.0.0.1:48408/api/imap/v1/mapInfo/stations/25
[08:03:39 INF] Sending HTTP request GET http://127.0.0.1:48408/api/imap/v1/mapInfo/stations/25
[08:03:39 INF] Received HTTP response headers after 0.9767ms - 200
[08:03:39 INF] End processing HTTP request after 15.5737ms - 200
[08:03:39 INF] Executed DbCommand (0ms) [Parameters=[@__mapId_0='?' (DbType = Int32)], CommandType='Text', CommandTimeout='30']
SELECT "t"."MapId", "t"."ActiveVersion", "t"."PendingVersion", "t"."State", "t"."UpdatedAt"
FROM "TaskTypeStationActiveBindingSets" AS "t"
WHERE "t"."MapId" = @__mapId_0
LIMIT 2
[08:03:39 INF] Executed DbCommand (0ms) [Parameters=[@__mapId_0='?' (DbType = Int32), @__version_1='?' (DbType = Int64)], CommandType='Text', CommandTimeout='30']
SELECT "t"."MapId", "t"."Version", "t"."CatalogRevision", "t"."ContentSha256", "t"."LoadedAt", "t"."RuleVersion", "t"."SnapshotId", "t"."Source"
FROM "TaskTypeStationBindingSetVersions" AS "t"
WHERE "t"."MapId" = @__mapId_0 AND "t"."Version" = @__version_1
LIMIT 2
[08:03:39 INF] Executed DbCommand (0ms) [Parameters=[@__mapId_0='?' (DbType = Int32), @__version_1='?' (DbType = Int64)], CommandType='Text', CommandTimeout='30']
SELECT "t"."TaskType"
FROM "TaskTypeStationRequirements" AS "t"
WHERE "t"."MapId" = @__mapId_0 AND "t"."Version" = @__version_1
[08:03:39 INF] Executed DbCommand (0ms) [Parameters=[@__mapId_0='?' (DbType = Int32), @__version_1='?' (DbType = Int64)], CommandType='Text', CommandTimeout='30']
SELECT "t"."MapId", "t"."Version", "t"."TaskType", "t"."SiteVerificationRef", "t"."StationName", "t"."StationRiotId"
FROM "TaskTypeStationBindings" AS "t"
WHERE "t"."MapId" = @__mapId_0 AND "t"."Version" = @__version_1
[08:03:39 INF] Executed DbCommand (0ms) [Parameters=[@__version_0='?' (DbType = Int64)], CommandType='Text', CommandTimeout='30']
SELECT "t"."Version", "t"."ContentSha256", "t"."LoadedAt", "t"."SnapshotId", "t"."Source"
FROM "TaskTypeStationRuleVersions" AS "t"
WHERE "t"."Version" = @__version_0
LIMIT 2
[08:03:39 INF] Executed DbCommand (0ms) [Parameters=[@__version_0='?' (DbType = Int64)], CommandType='Text', CommandTimeout='30']
SELECT "t"."Version", "t"."TaskType", "t"."FixedEnd"
FROM "TaskTypeStationRules" AS "t"
WHERE "t"."Version" = @__version_0
[08:03:39 INF] Executed DbCommand (0ms) [Parameters=[@__mapId_0='?' (DbType = Int32)], CommandType='Text', CommandTimeout='30']
SELECT "t"."MapId", "t"."ActiveVersion", "t"."PendingVersion", "t"."State", "t"."UpdatedAt"
FROM "TaskTypeStationActiveBindingSets" AS "t"
WHERE "t"."MapId" = @__mapId_0
LIMIT 2
[08:03:39 INF] Executed DbCommand (0ms) [Parameters=[@__mapId_0='?' (DbType = Int32)], CommandType='Text', CommandTimeout='30']
SELECT "t"."HoldId", "t"."DetailJson", "t"."MapId", "t"."RaisedAt", "t"."RaisedBy", "t"."ReasonCode", "t"."ReleasedAt", "t"."ReleasedBy", "t"."Source", "t"."TaskType"
FROM "TaskTypeStationHolds" AS "t"
WHERE "t"."MapId" = @__mapId_0 AND "t"."ReleasedAt" IS NULL
[08:03:39 INF] Executed DbCommand (0ms) [Parameters=[@__mapId_0='?' (DbType = Int32)], CommandType='Text', CommandTimeout='30']
SELECT "m"."MapId", "m"."ApprovedMaxUnconfirmedSeconds", "m"."ApprovedSyncPeriodSeconds", "m"."CatalogRevision", "m"."LastAttemptAt", "m"."LastCompleteConfirmationAt", "m"."LastFailureReason", "m"."State", "m"."UpdatedAt"
FROM "MapStationCatalogStates" AS "m"
WHERE "m"."MapId" = @__mapId_0
LIMIT 2
[08:03:39 INF] Executed DbCommand (0ms) [Parameters=[@p3='?' (DbType = Int32), @p0='?' (DbType = DateTimeOffset), @p1='?' (DbType = DateTimeOffset), @p2='?' (DbType = DateTimeOffset)], CommandType='Text', CommandTimeout='30']
UPDATE "MapStationCatalogStates" SET "LastAttemptAt" = @p0, "LastCompleteConfirmationAt" = @p1, "UpdatedAt" = @p2
WHERE "MapId" = @p3
RETURNING 1;
[08:03:39 INF] Executed DbCommand (0ms) [Parameters=[@__mapId_0='?' (DbType = Int32)], CommandType='Text', CommandTimeout='30']
SELECT "t"."MapId", "t"."ActiveVersion", "t"."PendingVersion", "t"."State", "t"."UpdatedAt"
FROM "TaskTypeStationActiveBindingSets" AS "t"
WHERE "t"."MapId" = @__mapId_0
LIMIT 2
[08:03:39 INF] Executed DbCommand (0ms) [Parameters=[@__mapId_0='?' (DbType = Int32), @__version_1='?' (DbType = Int64)], CommandType='Text', CommandTimeout='30']
SELECT "t"."MapId", "t"."Version", "t"."CatalogRevision", "t"."ContentSha256", "t"."LoadedAt", "t"."RuleVersion", "t"."SnapshotId", "t"."Source"
FROM "TaskTypeStationBindingSetVersions" AS "t"
WHERE "t"."MapId" = @__mapId_0 AND "t"."Version" = @__version_1
LIMIT 2
[08:03:39 INF] Executed DbCommand (0ms) [Parameters=[@__mapId_0='?' (DbType = Int32), @__version_1='?' (DbType = Int64)], CommandType='Text', CommandTimeout='30']
SELECT "t"."TaskType"
FROM "TaskTypeStationRequirements" AS "t"
WHERE "t"."MapId" = @__mapId_0 AND "t"."Version" = @__version_1
[08:03:39 INF] Executed DbCommand (0ms) [Parameters=[@__mapId_0='?' (DbType = Int32), @__version_1='?' (DbType = Int64)], CommandType='Text', CommandTimeout='30']
SELECT "t"."MapId", "t"."Version", "t"."TaskType", "t"."SiteVerificationRef", "t"."StationName", "t"."StationRiotId"
FROM "TaskTypeStationBindings" AS "t"
WHERE "t"."MapId" = @__mapId_0 AND "t"."Version" = @__version_1
[08:03:39 INF] Executed DbCommand (0ms) [Parameters=[@__mapId_0='?' (DbType = Int32)], CommandType='Text', CommandTimeout='30']
SELECT "t"."MapId", "t"."ActiveVersion", "t"."PendingVersion", "t"."State", "t"."UpdatedAt"
FROM "TaskTypeStationActiveBindingSets" AS "t"
WHERE "t"."MapId" = @__mapId_0
LIMIT 2
[08:03:39 INF] Executed DbCommand (0ms) [Parameters=[@__mapId_0='?' (DbType = Int32), @__version_1='?' (DbType = Int64)], CommandType='Text', CommandTimeout='30']
SELECT "t"."MapId", "t"."Version", "t"."CatalogRevision", "t"."ContentSha256", "t"."LoadedAt", "t"."RuleVersion", "t"."SnapshotId", "t"."Source"
FROM "TaskTypeStationBindingSetVersions" AS "t"
WHERE "t"."MapId" = @__mapId_0 AND "t"."Version" = @__version_1
LIMIT 2
[08:03:39 INF] Executed DbCommand (0ms) [Parameters=[@__mapId_0='?' (DbType = Int32), @__version_1='?' (DbType = Int64)], CommandType='Text', CommandTimeout='30']
SELECT "t"."TaskType"
FROM "TaskTypeStationRequirements" AS "t"
WHERE "t"."MapId" = @__mapId_0 AND "t"."Version" = @__version_1
[08:03:39 INF] Executed DbCommand (0ms) [Parameters=[@__mapId_0='?' (DbType = Int32), @__version_1='?' (DbType = Int64)], CommandType='Text', CommandTimeout='30']
SELECT "t"."MapId", "t"."Version", "t"."TaskType", "t"."SiteVerificationRef", "t"."StationName", "t"."StationRiotId"
FROM "TaskTypeStationBindings" AS "t"
WHERE "t"."MapId" = @__mapId_0 AND "t"."Version" = @__version_1
[08:03:39 INF] Executed DbCommand (0ms) [Parameters=[@__version_0='?' (DbType = Int64)], CommandType='Text', CommandTimeout='30']
SELECT "t"."Version", "t"."ContentSha256", "t"."LoadedAt", "t"."SnapshotId", "t"."Source"
FROM "TaskTypeStationRuleVersions" AS "t"
WHERE "t"."Version" = @__version_0
LIMIT 2
[08:03:39 INF] Executed DbCommand (0ms) [Parameters=[@__version_0='?' (DbType = Int64)], CommandType='Text', CommandTimeout='30']
SELECT "t"."Version", "t"."TaskType", "t"."FixedEnd"
FROM "TaskTypeStationRules" AS "t"
WHERE "t"."Version" = @__version_0
[08:03:39 INF] Executed DbCommand (0ms) [Parameters=[], CommandType='Text', CommandTimeout='30']
SELECT "a"."Id", "a"."ContentHash", "a"."DeploymentId", "a"."ImportedAt", "a"."Version"
FROM "AdmissionPolicyState" AS "a"
WHERE "a"."Id" = 1
LIMIT 2
[08:03:39 INF] Executed DbCommand (0ms) [Parameters=[], CommandType='Text', CommandTimeout='30']
SELECT "j"."JourneyId", "j"."AgvId", "j"."AgvLifecycleGeneration", "j"."AreaEndAdmissionRevokedSince", "j"."BlockReasonCode", "j"."BlockReasonSince", "j"."CargoHoldingStartedAt", "j"."ConsumedSafetyResultMessageId", "j"."ConsumedSublotMessageId", "j"."CreatedAt", "j"."DemandId", "j"."DispatchGeneration", "j"."DispatchZone", "j"."ExpectedBasketCount", "j"."FullSlotPositionsJson", "j"."GateMovementLegId", "j"."GatePlanMessageId", "j"."GateStationId", "j"."GateStationRiotId", "j"."GateUpperId", "j"."GateVehicleBusinessMessageId", "j"."GateWorklistMessageId", "j"."LoadCommandMessageId", "j"."LoadSlotOperationAttemptId", "j"."LoadingClosedReason", "j"."LoadingPhaseState", "j"."MapId", "j"."MapIdentity", "j"."OperationSessionId", "j"."PickupMovementLegId", "j"."PickupStationId", "j"."PickupStationRiotId", "j"."PickupUpperId", "j"."PlanMessageId", "j"."PlanRevision", "j"."PreDepartureSafetyCheckId", "j"."PreDepartureSafetyCheckMessageId", "j"."RouteEvidenceId", "j"."Stage", "j"."StationDepartureWaitStartedAt", "j"."SublotRequestMessageId", "j"."TargetSlotsJson", "j"."UnloadCommandMessageId", "j"."UnloadSlotOperationAttemptId", "j"."UpdatedAt", "j"."VehicleBusinessMessageId", "j"."VehicleBusinessRevision", "j"."VehicleKey", "j"."WorklistMessageId", "j"."WorklistRevision", "j"."YieldTriggeredAt", "j"."YieldTriggeredByVehicleKey"
FROM "JourneyRuntimes" AS "j"
WHERE "j"."Stage" <> 'Completed'
[08:03:39 INF] Executed DbCommand (0ms) [Parameters=[], CommandType='Text', CommandTimeout='30']
SELECT "a"."DemandId"
FROM "AcceptedDemands" AS "a"
WHERE "a"."Status" NOT IN ('Succeeded', 'Cancelled')
[08:03:39 INF] Executed DbCommand (0ms) [Parameters=[], CommandType='Text', CommandTimeout='30']
SELECT "j"."DemandId"
FROM "JourneyRuntimes" AS "j"
[08:03:39 INF] Start processing HTTP request GET http://127.0.0.1:48409/api/v2/contract
[08:03:39 INF] Sending HTTP request GET http://127.0.0.1:48409/api/v2/contract
[08:03:39 INF] Received HTTP response headers after 1.0578ms - 200
[08:03:39 INF] End processing HTTP request after 2.5839ms - 200
[08:03:39 INF] Start processing HTTP request GET http://127.0.0.1:48409/api/v2/externally-readable-demand-catalog
[08:03:39 INF] Sending HTTP request GET http://127.0.0.1:48409/api/v2/externally-readable-demand-catalog
[08:03:39 INF] Received HTTP response headers after 0.869ms - 200
[08:03:39 INF] End processing HTTP request after 31.5832ms - 200
[08:03:39 INF] Executed DbCommand (0ms) [Parameters=[], CommandType='Text', CommandTimeout='30']
SELECT "j"."DemandId", "j"."AcceptedAt", "j"."DecisionFingerprint", "j"."DemandCreatedAt", "j"."FirstSeenAt", "j"."LastSeenAt", "j"."ReasonCode", "j"."StarvationEscalatedAt", "j"."StarvationEscalationParameterVersion", "j"."TransportDemandKey"
FROM "JourneyBacklog" AS "j"
[08:03:39 INF] Executed DbCommand (0ms) [Parameters=[], CommandType='Text', CommandTimeout='30']
SELECT "a"."DemandId"
FROM "AcceptedDemands" AS "a"
[08:03:39 INF] Executed DbCommand (0ms) [Parameters=[], CommandType='Text', CommandTimeout='30']
SELECT "v"."AgvId", "v"."TaskType", "v"."Allowed", "v"."ConfigurationVersion", "v"."UpdatedAt"
FROM "VehicleTaskTypeAdmissions" AS "v"
[08:03:39 INF] Executed DbCommand (0ms) [Parameters=[], CommandType='Text', CommandTimeout='30']
SELECT "v"."AgvId", "v"."ConfigurationVersion", "v"."RoundTimeoutMilliseconds", "v"."UpdatedAt"
FROM "VehicleDispatchBudgets" AS "v"
[08:03:39 INF] Executed DbCommand (0ms) [Parameters=[], CommandType='Text', CommandTimeout='30']
SELECT "d"."Zone", "d"."AgvId", "d"."ConfigurationVersion", "d"."UpdatedAt"
FROM "DispatchZoneVehicles" AS "d"
[08:03:39 INF] Executed DbCommand (0ms) [Parameters=[], CommandType='Text', CommandTimeout='30']
SELECT MAX("d"."Version")
FROM "DispatchZoneAreaAssignmentVersions" AS "d"
[08:03:39 INF] Executed DbCommand (0ms) [Parameters=[@__version_0='?' (DbType = Int64)], CommandType='Text', CommandTimeout='30']
SELECT "d"."Version", "d"."ContentSha256", "d"."EntryCount", "d"."ImportedAt", "d"."SnapshotId"
FROM "DispatchZoneAreaAssignmentVersions" AS "d"
WHERE "d"."Version" = @__version_0
LIMIT 2
[08:03:40 INF] Executed DbCommand (0ms) [Parameters=[@__version_0='?' (DbType = Int64)], CommandType='Text', CommandTimeout='30']
SELECT "d"."Version", "d"."Area", "d"."DispatchZone", "d"."SlotPosition"
FROM "DispatchZoneAreaAssignments" AS "d"
WHERE "d"."Version" = @__version_0
[08:03:40 INF] Executed DbCommand (0ms) [Parameters=[@__agvId_0='?' (Size = 10)], CommandType='Text', CommandTimeout='30']
SELECT "a"."SlotModelVersionId", "a"."SnapshotId"
FROM "ActiveSlotConfigurations" AS "a"
WHERE "a"."AgvId" = @__agvId_0
LIMIT 2
[08:03:40 INF] Executed DbCommand (0ms) [Parameters=[@__agvId_0='?' (Size = 10)], CommandType='Text', CommandTimeout='30']
SELECT "s"."SlotModelVersionId", "s"."CreatedAt"
FROM "SlotIoBindings" AS "s"
WHERE "s"."AgvId" = @__agvId_0 AND "s"."Status" = 'PUBLISHED'
[08:03:40 INF] Executed DbCommand (0ms) [Parameters=[@__slotModelVersionId_0='?' (Size = 32)], CommandType='Text', CommandTimeout='30']
SELECT "s"."SlotModelVersionId", "s"."PhysicalSlotNumber", "s"."SlotPosition", "s"."SlotTemplateId"
FROM "SlotModelSlots" AS "s"
WHERE "s"."SlotModelVersionId" = @__slotModelVersionId_0
[08:03:40 INF] Executed DbCommand (0ms) [Parameters=[@__agvId_0='?' (Size = 10)], CommandType='Text', CommandTimeout='30']
SELECT "s"."AgvId", "s"."ActiveUnlockSlotsJson", "s"."CapabilityHash", "s"."CapabilityRevision", "s"."DepartureSafe", "s"."ForcedRecoveryGeneration", "s"."ManifestSha256", "s"."PendingAttemptIdsJson", "s"."PendingResultIdsJson", "s"."ProfileId", "s"."ProtocolCommit", "s"."ProtocolVersion", "s"."ProvenRecoveryCheckpoint", "s"."Readiness", "s"."ReasonCode", "s"."RecoveryReportId", "s"."ReportedForcedRecoveryGeneration", "s"."ReportedSlotConfigurationFingerprint", "s"."SafetyHash", "s"."SafetyReasonCodesJson", "s"."SafetyRevision", "s"."SafetyUnknownPresent", "s"."SessionGeneration", "s"."UnsettledSlotOperationAttemptId", "s"."UpdatedAt"
FROM "SessionRecoveries" AS "s"
WHERE "s"."AgvId" = @__agvId_0 AND "s"."Readiness" = 'Ready'
LIMIT 2
[08:03:40 INF] Executed DbCommand (0ms) [Parameters=[@__messageType_0='?' (Size = 18)], CommandType='Text', CommandTimeout='30']
SELECT "p"."MessageId", "p"."ContentHash", "p"."FirstResponseJson", "p"."MessageType", "p"."ReceivedAt", "p"."RequestJson"
FROM "ProtocolInbox" AS "p"
WHERE "p"."MessageType" = @__messageType_0
[08:03:40 INF] Executed DbCommand (0ms) [Parameters=[], CommandType='Text', CommandTimeout='30']
SELECT "p"."MessageId", "p"."ContentHash", "p"."FirstResponseJson", "p"."MessageType", "p"."ReceivedAt", "p"."RequestJson"
FROM "ProtocolInbox" AS "p"
WHERE "p"."MessageType" = 'SafetyStateSnapshot'
[08:03:40 INF] Executed DbCommand (0ms) [Parameters=[], CommandType='Text', CommandTimeout='30']
SELECT "p"."MessageId", "p"."ContentHash", "p"."FirstResponseJson", "p"."MessageType", "p"."ReceivedAt", "p"."RequestJson"
FROM "ProtocolInbox" AS "p"
WHERE "p"."MessageType" IN ('SafetyStateSnapshot', 'SafetyStateChanged')
[08:03:40 INF] Executed DbCommand (0ms) [Parameters=[], CommandType='Text', CommandTimeout='30']
SELECT "p"."MessageId", "p"."ContentHash", "p"."FirstResponseJson", "p"."MessageType", "p"."ReceivedAt", "p"."RequestJson"
FROM "ProtocolInbox" AS "p"
[08:03:40 INF] Start processing HTTP request GET http://127.0.0.1:48408/api/task/vehicles/getVehicleInfoByDeviceKey?key=BROKERX-L2-0001
[08:03:40 INF] Sending HTTP request GET http://127.0.0.1:48408/api/task/vehicles/getVehicleInfoByDeviceKey?key=BROKERX-L2-0001
[08:03:40 INF] Received HTTP response headers after 0.6929ms - 200
[08:03:40 INF] End processing HTTP request after 31.739ms - 200
[08:03:40 INF] Executed DbCommand (0ms) [Parameters=[@p2='?' (Size = 36), @p0='?' (DbType = DateTimeOffset), @p1='?' (Size = 23)], CommandType='Text', CommandTimeout='30']
UPDATE "JourneyBacklog" SET "LastSeenAt" = @p0, "ReasonCode" = @p1
WHERE "DemandId" = @p2
RETURNING 1;
[08:03:40 INF] Executed DbCommand (0ms) [Parameters=[], CommandType='Text', CommandTimeout='30']
SELECT "s"."DemandId", "s"."ReasonCode", "s"."ClearedAt", "s"."DetailJson", "s"."FirstRaisedAt", "s"."LastSeenAt", "s"."TransportDemandKey"
FROM "StructuralDispatchBlocks" AS "s"
WHERE "s"."ClearedAt" IS NULL
[08:03:40 INF] Start processing HTTP request GET http://127.0.0.1:48408/api/task/v1/task/getVehicleInfo/BROKERX-L2-0001
[08:03:40 INF] Sending HTTP request GET http://127.0.0.1:48408/api/task/v1/task/getVehicleInfo/BROKERX-L2-0001
[08:03:40 INF] Received HTTP response headers after 0.9272ms - 200
[08:03:40 INF] End processing HTTP request after 15.2933ms - 200
[08:03:40 INF] Start processing HTTP request GET http://127.0.0.1:48408/api/order/v1/orderRecord?pageNum=1&pageSize=100&filterByState=1&filterByState=3&filterByState=7&filterByState=9
[08:03:40 INF] Sending HTTP request GET http://127.0.0.1:48408/api/order/v1/orderRecord?pageNum=1&pageSize=100&filterByState=1&filterByState=3&filterByState=7&filterByState=9
[08:03:40 INF] Received HTTP response headers after 0.9189ms - 200
[08:03:40 INF] End processing HTTP request after 17.2535ms - 200
[08:03:40 INF] HTTP GET /api/onboard/v1/vehicle-safety responded 200 in 63.6062 ms
[08:03:40 INF] Start processing HTTP request GET http://127.0.0.1:48408/api/imap/v1/mapInfo/stations/25
[08:03:40 INF] Sending HTTP request GET http://127.0.0.1:48408/api/imap/v1/mapInfo/stations/25
[08:03:40 INF] Received HTTP response headers after 1.0946ms - 200
[08:03:40 INF] End processing HTTP request after 15.5602ms - 200
[08:03:40 INF] Executed DbCommand (0ms) [Parameters=[@__mapId_0='?' (DbType = Int32)], CommandType='Text', CommandTimeout='30']
SELECT "t"."MapId", "t"."ActiveVersion", "t"."PendingVersion", "t"."State", "t"."UpdatedAt"
FROM "TaskTypeStationActiveBindingSets" AS "t"
WHERE "t"."MapId" = @__mapId_0
LIMIT 2
[08:03:40 INF] Executed DbCommand (0ms) [Parameters=[@__mapId_0='?' (DbType = Int32), @__version_1='?' (DbType = Int64)], CommandType='Text', CommandTimeout='30']
SELECT "t"."MapId", "t"."Version", "t"."CatalogRevision", "t"."ContentSha256", "t"."LoadedAt", "t"."RuleVersion", "t"."SnapshotId", "t"."Source"
FROM "TaskTypeStationBindingSetVersions" AS "t"
WHERE "t"."MapId" = @__mapId_0 AND "t"."Version" = @__version_1
LIMIT 2
[08:03:40 INF] Executed DbCommand (0ms) [Parameters=[@__mapId_0='?' (DbType = Int32), @__version_1='?' (DbType = Int64)], CommandType='Text', CommandTimeout='30']
SELECT "t"."TaskType"
FROM "TaskTypeStationRequirements" AS "t"
WHERE "t"."MapId" = @__mapId_0 AND "t"."Version" = @__version_1
[08:03:40 INF] Executed DbCommand (0ms) [Parameters=[@__mapId_0='?' (DbType = Int32), @__version_1='?' (DbType = Int64)], CommandType='Text', CommandTimeout='30']
SELECT "t"."MapId", "t"."Version", "t"."TaskType", "t"."SiteVerificationRef", "t"."StationName", "t"."StationRiotId"
FROM "TaskTypeStationBindings" AS "t"
WHERE "t"."MapId" = @__mapId_0 AND "t"."Version" = @__version_1
[08:03:40 INF] Executed DbCommand (0ms) [Parameters=[@__version_0='?' (DbType = Int64)], CommandType='Text', CommandTimeout='30']
SELECT "t"."Version", "t"."ContentSha256", "t"."LoadedAt", "t"."SnapshotId", "t"."Source"
FROM "TaskTypeStationRuleVersions" AS "t"
WHERE "t"."Version" = @__version_0
LIMIT 2
[08:03:40 INF] Executed DbCommand (0ms) [Parameters=[@__version_0='?' (DbType = Int64)], CommandType='Text', CommandTimeout='30']
SELECT "t"."Version", "t"."TaskType", "t"."FixedEnd"
FROM "TaskTypeStationRules" AS "t"
WHERE "t"."Version" = @__version_0
[08:03:40 INF] Executed DbCommand (0ms) [Parameters=[@__mapId_0='?' (DbType = Int32)], CommandType='Text', CommandTimeout='30']
SELECT "t"."MapId", "t"."ActiveVersion", "t"."PendingVersion", "t"."State", "t"."UpdatedAt"
FROM "TaskTypeStationActiveBindingSets" AS "t"
WHERE "t"."MapId" = @__mapId_0
LIMIT 2
[08:03:40 INF] Executed DbCommand (0ms) [Parameters=[@__mapId_0='?' (DbType = Int32)], CommandType='Text', CommandTimeout='30']
SELECT "t"."HoldId", "t"."DetailJson", "t"."MapId", "t"."RaisedAt", "t"."RaisedBy", "t"."ReasonCode", "t"."ReleasedAt", "t"."ReleasedBy", "t"."Source", "t"."TaskType"
FROM "TaskTypeStationHolds" AS "t"
WHERE "t"."MapId" = @__mapId_0 AND "t"."ReleasedAt" IS NULL
[08:03:40 INF] Executed DbCommand (0ms) [Parameters=[@__mapId_0='?' (DbType = Int32)], CommandType='Text', CommandTimeout='30']
SELECT "m"."MapId", "m"."ApprovedMaxUnconfirmedSeconds", "m"."ApprovedSyncPeriodSeconds", "m"."CatalogRevision", "m"."LastAttemptAt", "m"."LastCompleteConfirmationAt", "m"."LastFailureReason", "m"."State", "m"."UpdatedAt"
FROM "MapStationCatalogStates" AS "m"
WHERE "m"."MapId" = @__mapId_0
LIMIT 2
[08:03:40 INF] Executed DbCommand (0ms) [Parameters=[@p3='?' (DbType = Int32), @p0='?' (DbType = DateTimeOffset), @p1='?' (DbType = DateTimeOffset), @p2='?' (DbType = DateTimeOffset)], CommandType='Text', CommandTimeout='30']
UPDATE "MapStationCatalogStates" SET "LastAttemptAt" = @p0, "LastCompleteConfirmationAt" = @p1, "UpdatedAt" = @p2
WHERE "MapId" = @p3
RETURNING 1;
[08:03:40 INF] Executed DbCommand (0ms) [Parameters=[@__mapId_0='?' (DbType = Int32)], CommandType='Text', CommandTimeout='30']
SELECT "t"."MapId", "t"."ActiveVersion", "t"."PendingVersion", "t"."State", "t"."UpdatedAt"
FROM "TaskTypeStationActiveBindingSets" AS "t"
WHERE "t"."MapId" = @__mapId_0
LIMIT 2
[08:03:40 INF] Executed DbCommand (0ms) [Parameters=[@__mapId_0='?' (DbType = Int32), @__version_1='?' (DbType = Int64)], CommandType='Text', CommandTimeout='30']
SELECT "t"."MapId", "t"."Version", "t"."CatalogRevision", "t"."ContentSha256", "t"."LoadedAt", "t"."RuleVersion", "t"."SnapshotId", "t"."Source"
FROM "TaskTypeStationBindingSetVersions" AS "t"
WHERE "t"."MapId" = @__mapId_0 AND "t"."Version" = @__version_1
LIMIT 2
[08:03:40 INF] Executed DbCommand (0ms) [Parameters=[@__mapId_0='?' (DbType = Int32), @__version_1='?' (DbType = Int64)], CommandType='Text', CommandTimeout='30']
SELECT "t"."TaskType"
FROM "TaskTypeStationRequirements" AS "t"
WHERE "t"."MapId" = @__mapId_0 AND "t"."Version" = @__version_1
[08:03:40 INF] Executed DbCommand (0ms) [Parameters=[@__mapId_0='?' (DbType = Int32), @__version_1='?' (DbType = Int64)], CommandType='Text', CommandTimeout='30']
SELECT "t"."MapId", "t"."Version", "t"."TaskType", "t"."SiteVerificationRef", "t"."StationName", "t"."StationRiotId"
FROM "TaskTypeStationBindings" AS "t"
WHERE "t"."MapId" = @__mapId_0 AND "t"."Version" = @__version_1
[08:03:40 INF] Executed DbCommand (0ms) [Parameters=[@__mapId_0='?' (DbType = Int32)], CommandType='Text', CommandTimeout='30']
SELECT "t"."MapId", "t"."ActiveVersion", "t"."PendingVersion", "t"."State", "t"."UpdatedAt"
FROM "TaskTypeStationActiveBindingSets" AS "t"
WHERE "t"."MapId" = @__mapId_0
LIMIT 2
[08:03:40 INF] Executed DbCommand (0ms) [Parameters=[@__mapId_0='?' (DbType = Int32), @__version_1='?' (DbType = Int64)], CommandType='Text', CommandTimeout='30']
SELECT "t"."MapId", "t"."Version", "t"."CatalogRevision", "t"."ContentSha256", "t"."LoadedAt", "t"."RuleVersion", "t"."SnapshotId", "t"."Source"
FROM "TaskTypeStationBindingSetVersions" AS "t"
WHERE "t"."MapId" = @__mapId_0 AND "t"."Version" = @__version_1
LIMIT 2
[08:03:40 INF] Executed DbCommand (0ms) [Parameters=[@__mapId_0='?' (DbType = Int32), @__version_1='?' (DbType = Int64)], CommandType='Text', CommandTimeout='30']
SELECT "t"."TaskType"
FROM "TaskTypeStationRequirements" AS "t"
WHERE "t"."MapId" = @__mapId_0 AND "t"."Version" = @__version_1
[08:03:40 INF] Executed DbCommand (0ms) [Parameters=[@__mapId_0='?' (DbType = Int32), @__version_1='?' (DbType = Int64)], CommandType='Text', CommandTimeout='30']
SELECT "t"."MapId", "t"."Version", "t"."TaskType", "t"."SiteVerificationRef", "t"."StationName", "t"."StationRiotId"
FROM "TaskTypeStationBindings" AS "t"
WHERE "t"."MapId" = @__mapId_0 AND "t"."Version" = @__version_1
[08:03:40 INF] Executed DbCommand (0ms) [Parameters=[@__version_0='?' (DbType = Int64)], CommandType='Text', CommandTimeout='30']
SELECT "t"."Version", "t"."ContentSha256", "t"."LoadedAt", "t"."SnapshotId", "t"."Source"
FROM "TaskTypeStationRuleVersions" AS "t"
WHERE "t"."Version" = @__version_0
LIMIT 2
[08:03:40 INF] Executed DbCommand (0ms) [Parameters=[@__version_0='?' (DbType = Int64)], CommandType='Text', CommandTimeout='30']
SELECT "t"."Version", "t"."TaskType", "t"."FixedEnd"
FROM "TaskTypeStationRules" AS "t"
WHERE "t"."Version" = @__version_0
[08:03:40 INF] Executed DbCommand (0ms) [Parameters=[], CommandType='Text', CommandTimeout='30']
SELECT "a"."Id", "a"."ContentHash", "a"."DeploymentId", "a"."ImportedAt", "a"."Version"
FROM "AdmissionPolicyState" AS "a"
WHERE "a"."Id" = 1
LIMIT 2
[08:03:40 INF] Executed DbCommand (0ms) [Parameters=[], CommandType='Text', CommandTimeout='30']
SELECT "j"."JourneyId", "j"."AgvId", "j"."AgvLifecycleGeneration", "j"."AreaEndAdmissionRevokedSince", "j"."BlockReasonCode", "j"."BlockReasonSince", "j"."CargoHoldingStartedAt", "j"."ConsumedSafetyResultMessageId", "j"."ConsumedSublotMessageId", "j"."CreatedAt", "j"."DemandId", "j"."DispatchGeneration", "j"."DispatchZone", "j"."ExpectedBasketCount", "j"."FullSlotPositionsJson", "j"."GateMovementLegId", "j"."GatePlanMessageId", "j"."GateStationId", "j"."GateStationRiotId", "j"."GateUpperId", "j"."GateVehicleBusinessMessageId", "j"."GateWorklistMessageId", "j"."LoadCommandMessageId", "j"."LoadSlotOperationAttemptId", "j"."LoadingClosedReason", "j"."LoadingPhaseState", "j"."MapId", "j"."MapIdentity", "j"."OperationSessionId", "j"."PickupMovementLegId", "j"."PickupStationId", "j"."PickupStationRiotId", "j"."PickupUpperId", "j"."PlanMessageId", "j"."PlanRevision", "j"."PreDepartureSafetyCheckId", "j"."PreDepartureSafetyCheckMessageId", "j"."RouteEvidenceId", "j"."Stage", "j"."StationDepartureWaitStartedAt", "j"."SublotRequestMessageId", "j"."TargetSlotsJson", "j"."UnloadCommandMessageId", "j"."UnloadSlotOperationAttemptId", "j"."UpdatedAt", "j"."VehicleBusinessMessageId", "j"."VehicleBusinessRevision", "j"."VehicleKey", "j"."WorklistMessageId", "j"."WorklistRevision", "j"."YieldTriggeredAt", "j"."YieldTriggeredByVehicleKey"
FROM "JourneyRuntimes" AS "j"
WHERE "j"."Stage" <> 'Completed'
[08:03:40 INF] Executed DbCommand (0ms) [Parameters=[], CommandType='Text', CommandTimeout='30']
SELECT "a"."DemandId"
FROM "AcceptedDemands" AS "a"
WHERE "a"."Status" NOT IN ('Succeeded', 'Cancelled')
[08:03:40 INF] Executed DbCommand (0ms) [Parameters=[], CommandType='Text', CommandTimeout='30']
SELECT "j"."DemandId"
FROM "JourneyRuntimes" AS "j"
[08:03:40 INF] Start processing HTTP request GET http://127.0.0.1:48409/api/v2/contract
[08:03:40 INF] Sending HTTP request GET http://127.0.0.1:48409/api/v2/contract
[08:03:40 INF] Received HTTP response headers after 0.9992ms - 200
[08:03:40 INF] End processing HTTP request after 2.9531ms - 200
[08:03:40 INF] Start processing HTTP request GET http://127.0.0.1:48409/api/v2/externally-readable-demand-catalog
[08:03:40 INF] Sending HTTP request GET http://127.0.0.1:48409/api/v2/externally-readable-demand-catalog
[08:03:40 INF] Received HTTP response headers after 0.8985ms - 200
[08:03:40 INF] End processing HTTP request after 17.2105ms - 200
[08:03:40 INF] Executed DbCommand (0ms) [Parameters=[], CommandType='Text', CommandTimeout='30']
SELECT "j"."DemandId", "j"."AcceptedAt", "j"."DecisionFingerprint", "j"."DemandCreatedAt", "j"."FirstSeenAt", "j"."LastSeenAt", "j"."ReasonCode", "j"."StarvationEscalatedAt", "j"."StarvationEscalationParameterVersion", "j"."TransportDemandKey"
FROM "JourneyBacklog" AS "j"
[08:03:40 INF] Executed DbCommand (0ms) [Parameters=[], CommandType='Text', CommandTimeout='30']
SELECT "a"."DemandId"
FROM "AcceptedDemands" AS "a"
[08:03:40 INF] Executed DbCommand (0ms) [Parameters=[], CommandType='Text', CommandTimeout='30']
SELECT "v"."AgvId", "v"."TaskType", "v"."Allowed", "v"."ConfigurationVersion", "v"."UpdatedAt"
FROM "VehicleTaskTypeAdmissions" AS "v"
[08:03:40 INF] Executed DbCommand (0ms) [Parameters=[], CommandType='Text', CommandTimeout='30']
SELECT "v"."AgvId", "v"."ConfigurationVersion", "v"."RoundTimeoutMilliseconds", "v"."UpdatedAt"
FROM "VehicleDispatchBudgets" AS "v"
[08:03:40 INF] Executed DbCommand (0ms) [Parameters=[], CommandType='Text', CommandTimeout='30']
SELECT "d"."Zone", "d"."AgvId", "d"."ConfigurationVersion", "d"."UpdatedAt"
FROM "DispatchZoneVehicles" AS "d"
[08:03:40 INF] Executed DbCommand (0ms) [Parameters=[], CommandType='Text', CommandTimeout='30']
SELECT MAX("d"."Version")
FROM "DispatchZoneAreaAssignmentVersions" AS "d"
[08:03:40 INF] Executed DbCommand (0ms) [Parameters=[@__version_0='?' (DbType = Int64)], CommandType='Text', CommandTimeout='30']
SELECT "d"."Version", "d"."ContentSha256", "d"."EntryCount", "d"."ImportedAt", "d"."SnapshotId"
FROM "DispatchZoneAreaAssignmentVersions" AS "d"
WHERE "d"."Version" = @__version_0
LIMIT 2
[08:03:40 INF] Executed DbCommand (0ms) [Parameters=[@__version_0='?' (DbType = Int64)], CommandType='Text', CommandTimeout='30']
SELECT "d"."Version", "d"."Area", "d"."DispatchZone", "d"."SlotPosition"
FROM "DispatchZoneAreaAssignments" AS "d"
WHERE "d"."Version" = @__version_0
[08:03:40 INF] Executed DbCommand (0ms) [Parameters=[@__agvId_0='?' (Size = 10)], CommandType='Text', CommandTimeout='30']
SELECT "a"."SlotModelVersionId", "a"."SnapshotId"
FROM "ActiveSlotConfigurations" AS "a"
WHERE "a"."AgvId" = @__agvId_0
LIMIT 2
[08:03:40 INF] Executed DbCommand (0ms) [Parameters=[@__agvId_0='?' (Size = 10)], CommandType='Text', CommandTimeout='30']
SELECT "s"."SlotModelVersionId", "s"."CreatedAt"
FROM "SlotIoBindings" AS "s"
WHERE "s"."AgvId" = @__agvId_0 AND "s"."Status" = 'PUBLISHED'
[08:03:40 INF] Executed DbCommand (0ms) [Parameters=[@__slotModelVersionId_0='?' (Size = 32)], CommandType='Text', CommandTimeout='30']
SELECT "s"."SlotModelVersionId", "s"."PhysicalSlotNumber", "s"."SlotPosition", "s"."SlotTemplateId"
FROM "SlotModelSlots" AS "s"
WHERE "s"."SlotModelVersionId" = @__slotModelVersionId_0
[08:03:40 INF] Executed DbCommand (0ms) [Parameters=[@__agvId_0='?' (Size = 10)], CommandType='Text', CommandTimeout='30']
SELECT "s"."AgvId", "s"."ActiveUnlockSlotsJson", "s"."CapabilityHash", "s"."CapabilityRevision", "s"."DepartureSafe", "s"."ForcedRecoveryGeneration", "s"."ManifestSha256", "s"."PendingAttemptIdsJson", "s"."PendingResultIdsJson", "s"."ProfileId", "s"."ProtocolCommit", "s"."ProtocolVersion", "s"."ProvenRecoveryCheckpoint", "s"."Readiness", "s"."ReasonCode", "s"."RecoveryReportId", "s"."ReportedForcedRecoveryGeneration", "s"."ReportedSlotConfigurationFingerprint", "s"."SafetyHash", "s"."SafetyReasonCodesJson", "s"."SafetyRevision", "s"."SafetyUnknownPresent", "s"."SessionGeneration", "s"."UnsettledSlotOperationAttemptId", "s"."UpdatedAt"
FROM "SessionRecoveries" AS "s"
WHERE "s"."AgvId" = @__agvId_0 AND "s"."Readiness" = 'Ready'
LIMIT 2
[08:03:40 INF] Executed DbCommand (0ms) [Parameters=[@__messageType_0='?' (Size = 18)], CommandType='Text', CommandTimeout='30']
SELECT "p"."MessageId", "p"."ContentHash", "p"."FirstResponseJson", "p"."MessageType", "p"."ReceivedAt", "p"."RequestJson"
FROM "ProtocolInbox" AS "p"
WHERE "p"."MessageType" = @__messageType_0
[08:03:40 INF] Executed DbCommand (0ms) [Parameters=[], CommandType='Text', CommandTimeout='30']
SELECT "p"."MessageId", "p"."ContentHash", "p"."FirstResponseJson", "p"."MessageType", "p"."ReceivedAt", "p"."RequestJson"
FROM "ProtocolInbox" AS "p"
WHERE "p"."MessageType" = 'SafetyStateSnapshot'
[08:03:40 INF] Executed DbCommand (0ms) [Parameters=[], CommandType='Text', CommandTimeout='30']
SELECT "p"."MessageId", "p"."ContentHash", "p"."FirstResponseJson", "p"."MessageType", "p"."ReceivedAt", "p"."RequestJson"
FROM "ProtocolInbox" AS "p"
WHERE "p"."MessageType" IN ('SafetyStateSnapshot', 'SafetyStateChanged')
[08:03:40 INF] Executed DbCommand (0ms) [Parameters=[], CommandType='Text', CommandTimeout='30']
SELECT "p"."MessageId", "p"."ContentHash", "p"."FirstResponseJson", "p"."MessageType", "p"."ReceivedAt", "p"."RequestJson"
FROM "ProtocolInbox" AS "p"
[08:03:40 INF] Start processing HTTP request GET http://127.0.0.1:48408/api/task/vehicles/getVehicleInfoByDeviceKey?key=BROKERX-L2-0001
[08:03:40 INF] Sending HTTP request GET http://127.0.0.1:48408/api/task/vehicles/getVehicleInfoByDeviceKey?key=BROKERX-L2-0001
[08:03:40 INF] Received HTTP response headers after 0.726ms - 200
[08:03:40 INF] End processing HTTP request after 2.0589ms - 200
[08:03:40 INF] Executed DbCommand (0ms) [Parameters=[@p1='?' (Size = 36), @p0='?' (DbType = DateTimeOffset)], CommandType='Text', CommandTimeout='30']
UPDATE "JourneyBacklog" SET "LastSeenAt" = @p0
WHERE "DemandId" = @p1
RETURNING 1;
[08:03:41 INF] Executed DbCommand (0ms) [Parameters=[], CommandType='Text', CommandTimeout='30']
SELECT "s"."DemandId", "s"."ReasonCode", "s"."ClearedAt", "s"."DetailJson", "s"."FirstRaisedAt", "s"."LastSeenAt", "s"."TransportDemandKey"
FROM "StructuralDispatchBlocks" AS "s"
WHERE "s"."ClearedAt" IS NULL
[08:03:41 INF] Start processing HTTP request GET http://127.0.0.1:48408/api/task/v1/task/getVehicleInfo/BROKERX-L2-0001
[08:03:41 INF] Sending HTTP request GET http://127.0.0.1:48408/api/task/v1/task/getVehicleInfo/BROKERX-L2-0001
[08:03:41 INF] Received HTTP response headers after 1.0862ms - 200
[08:03:41 INF] End processing HTTP request after 15.8224ms - 200
[08:03:41 INF] Start processing HTTP request GET http://127.0.0.1:48408/api/order/v1/orderRecord?pageNum=1&pageSize=100&filterByState=1&filterByState=3&filterByState=7&filterByState=9
[08:03:41 INF] Sending HTTP request GET http://127.0.0.1:48408/api/order/v1/orderRecord?pageNum=1&pageSize=100&filterByState=1&filterByState=3&filterByState=7&filterByState=9
[08:03:41 INF] Received HTTP response headers after 0.9536ms - 200
[08:03:41 INF] End processing HTTP request after 30.8828ms - 200
[08:03:41 INF] HTTP GET /api/onboard/v1/vehicle-safety responded 200 in 79.5271 ms
[08:03:41 INF] Start processing HTTP request GET http://127.0.0.1:48408/api/imap/v1/mapInfo/stations/25
[08:03:41 INF] Sending HTTP request GET http://127.0.0.1:48408/api/imap/v1/mapInfo/stations/25
[08:03:41 INF] Received HTTP response headers after 1.0551ms - 200
[08:03:41 INF] End processing HTTP request after 15.8053ms - 200
[08:03:41 INF] Executed DbCommand (0ms) [Parameters=[@__mapId_0='?' (DbType = Int32)], CommandType='Text', CommandTimeout='30']
SELECT "t"."MapId", "t"."ActiveVersion", "t"."PendingVersion", "t"."State", "t"."UpdatedAt"
FROM "TaskTypeStationActiveBindingSets" AS "t"
WHERE "t"."MapId" = @__mapId_0
LIMIT 2
[08:03:41 INF] Executed DbCommand (0ms) [Parameters=[@__mapId_0='?' (DbType = Int32), @__version_1='?' (DbType = Int64)], CommandType='Text', CommandTimeout='30']
SELECT "t"."MapId", "t"."Version", "t"."CatalogRevision", "t"."ContentSha256", "t"."LoadedAt", "t"."RuleVersion", "t"."SnapshotId", "t"."Source"
FROM "TaskTypeStationBindingSetVersions" AS "t"
WHERE "t"."MapId" = @__mapId_0 AND "t"."Version" = @__version_1
LIMIT 2
[08:03:41 INF] Executed DbCommand (0ms) [Parameters=[@__mapId_0='?' (DbType = Int32), @__version_1='?' (DbType = Int64)], CommandType='Text', CommandTimeout='30']
SELECT "t"."TaskType"
FROM "TaskTypeStationRequirements" AS "t"
WHERE "t"."MapId" = @__mapId_0 AND "t"."Version" = @__version_1
[08:03:41 INF] Executed DbCommand (0ms) [Parameters=[@__mapId_0='?' (DbType = Int32), @__version_1='?' (DbType = Int64)], CommandType='Text', CommandTimeout='30']
SELECT "t"."MapId", "t"."Version", "t"."TaskType", "t"."SiteVerificationRef", "t"."StationName", "t"."StationRiotId"
FROM "TaskTypeStationBindings" AS "t"
WHERE "t"."MapId" = @__mapId_0 AND "t"."Version" = @__version_1
[08:03:41 INF] Executed DbCommand (0ms) [Parameters=[@__version_0='?' (DbType = Int64)], CommandType='Text', CommandTimeout='30']
SELECT "t"."Version", "t"."ContentSha256", "t"."LoadedAt", "t"."SnapshotId", "t"."Source"
FROM "TaskTypeStationRuleVersions" AS "t"
WHERE "t"."Version" = @__version_0
LIMIT 2
[08:03:41 INF] Executed DbCommand (0ms) [Parameters=[@__version_0='?' (DbType = Int64)], CommandType='Text', CommandTimeout='30']
SELECT "t"."Version", "t"."TaskType", "t"."FixedEnd"
FROM "TaskTypeStationRules" AS "t"
WHERE "t"."Version" = @__version_0
[08:03:41 INF] Executed DbCommand (0ms) [Parameters=[@__mapId_0='?' (DbType = Int32)], CommandType='Text', CommandTimeout='30']
SELECT "t"."MapId", "t"."ActiveVersion", "t"."PendingVersion", "t"."State", "t"."UpdatedAt"
FROM "TaskTypeStationActiveBindingSets" AS "t"
WHERE "t"."MapId" = @__mapId_0
LIMIT 2
[08:03:41 INF] Executed DbCommand (0ms) [Parameters=[@__mapId_0='?' (DbType = Int32)], CommandType='Text', CommandTimeout='30']
SELECT "t"."HoldId", "t"."DetailJson", "t"."MapId", "t"."RaisedAt", "t"."RaisedBy", "t"."ReasonCode", "t"."ReleasedAt", "t"."ReleasedBy", "t"."Source", "t"."TaskType"
FROM "TaskTypeStationHolds" AS "t"
WHERE "t"."MapId" = @__mapId_0 AND "t"."ReleasedAt" IS NULL
[08:03:41 INF] Executed DbCommand (0ms) [Parameters=[@__mapId_0='?' (DbType = Int32)], CommandType='Text', CommandTimeout='30']
SELECT "m"."MapId", "m"."ApprovedMaxUnconfirmedSeconds", "m"."ApprovedSyncPeriodSeconds", "m"."CatalogRevision", "m"."LastAttemptAt", "m"."LastCompleteConfirmationAt", "m"."LastFailureReason", "m"."State", "m"."UpdatedAt"
FROM "MapStationCatalogStates" AS "m"
WHERE "m"."MapId" = @__mapId_0
LIMIT 2
[08:03:41 INF] Executed DbCommand (0ms) [Parameters=[@p3='?' (DbType = Int32), @p0='?' (DbType = DateTimeOffset), @p1='?' (DbType = DateTimeOffset), @p2='?' (DbType = DateTimeOffset)], CommandType='Text', CommandTimeout='30']
UPDATE "MapStationCatalogStates" SET "LastAttemptAt" = @p0, "LastCompleteConfirmationAt" = @p1, "UpdatedAt" = @p2
WHERE "MapId" = @p3
RETURNING 1;
[08:03:41 INF] Executed DbCommand (0ms) [Parameters=[@__mapId_0='?' (DbType = Int32)], CommandType='Text', CommandTimeout='30']
SELECT "t"."MapId", "t"."ActiveVersion", "t"."PendingVersion", "t"."State", "t"."UpdatedAt"
FROM "TaskTypeStationActiveBindingSets" AS "t"
WHERE "t"."MapId" = @__mapId_0
LIMIT 2
[08:03:41 INF] Executed DbCommand (0ms) [Parameters=[@__mapId_0='?' (DbType = Int32), @__version_1='?' (DbType = Int64)], CommandType='Text', CommandTimeout='30']
SELECT "t"."MapId", "t"."Version", "t"."CatalogRevision", "t"."ContentSha256", "t"."LoadedAt", "t"."RuleVersion", "t"."SnapshotId", "t"."Source"
FROM "TaskTypeStationBindingSetVersions" AS "t"
WHERE "t"."MapId" = @__mapId_0 AND "t"."Version" = @__version_1
LIMIT 2
[08:03:41 INF] Executed DbCommand (0ms) [Parameters=[@__mapId_0='?' (DbType = Int32), @__version_1='?' (DbType = Int64)], CommandType='Text', CommandTimeout='30']
SELECT "t"."TaskType"
FROM "TaskTypeStationRequirements" AS "t"
WHERE "t"."MapId" = @__mapId_0 AND "t"."Version" = @__version_1
[08:03:41 INF] Executed DbCommand (0ms) [Parameters=[@__mapId_0='?' (DbType = Int32), @__version_1='?' (DbType = Int64)], CommandType='Text', CommandTimeout='30']
SELECT "t"."MapId", "t"."Version", "t"."TaskType", "t"."SiteVerificationRef", "t"."StationName", "t"."StationRiotId"
FROM "TaskTypeStationBindings" AS "t"
WHERE "t"."MapId" = @__mapId_0 AND "t"."Version" = @__version_1
[08:03:41 INF] Executed DbCommand (0ms) [Parameters=[@__mapId_0='?' (DbType = Int32)], CommandType='Text', CommandTimeout='30']
SELECT "t"."MapId", "t"."ActiveVersion", "t"."PendingVersion", "t"."State", "t"."UpdatedAt"
FROM "TaskTypeStationActiveBindingSets" AS "t"
WHERE "t"."MapId" = @__mapId_0
LIMIT 2
[08:03:41 INF] Executed DbCommand (0ms) [Parameters=[@__mapId_0='?' (DbType = Int32), @__version_1='?' (DbType = Int64)], CommandType='Text', CommandTimeout='30']
SELECT "t"."MapId", "t"."Version", "t"."CatalogRevision", "t"."ContentSha256", "t"."LoadedAt", "t"."RuleVersion", "t"."SnapshotId", "t"."Source"
FROM "TaskTypeStationBindingSetVersions" AS "t"
WHERE "t"."MapId" = @__mapId_0 AND "t"."Version" = @__version_1
LIMIT 2
[08:03:41 INF] Executed DbCommand (0ms) [Parameters=[@__mapId_0='?' (DbType = Int32), @__version_1='?' (DbType = Int64)], CommandType='Text', CommandTimeout='30']
SELECT "t"."TaskType"
FROM "TaskTypeStationRequirements" AS "t"
WHERE "t"."MapId" = @__mapId_0 AND "t"."Version" = @__version_1
[08:03:41 INF] Executed DbCommand (0ms) [Parameters=[@__mapId_0='?' (DbType = Int32), @__version_1='?' (DbType = Int64)], CommandType='Text', CommandTimeout='30']
SELECT "t"."MapId", "t"."Version", "t"."TaskType", "t"."SiteVerificationRef", "t"."StationName", "t"."StationRiotId"
FROM "TaskTypeStationBindings" AS "t"
WHERE "t"."MapId" = @__mapId_0 AND "t"."Version" = @__version_1
[08:03:41 INF] Executed DbCommand (0ms) [Parameters=[@__version_0='?' (DbType = Int64)], CommandType='Text', CommandTimeout='30']
SELECT "t"."Version", "t"."ContentSha256", "t"."LoadedAt", "t"."SnapshotId", "t"."Source"
FROM "TaskTypeStationRuleVersions" AS "t"
WHERE "t"."Version" = @__version_0
LIMIT 2
[08:03:41 INF] Executed DbCommand (0ms) [Parameters=[@__version_0='?' (DbType = Int64)], CommandType='Text', CommandTimeout='30']
SELECT "t"."Version", "t"."TaskType", "t"."FixedEnd"
FROM "TaskTypeStationRules" AS "t"
WHERE "t"."Version" = @__version_0
[08:03:41 INF] Executed DbCommand (0ms) [Parameters=[], CommandType='Text', CommandTimeout='30']
SELECT "a"."Id", "a"."ContentHash", "a"."DeploymentId", "a"."ImportedAt", "a"."Version"
FROM "AdmissionPolicyState" AS "a"
WHERE "a"."Id" = 1
LIMIT 2
[08:03:41 INF] Executed DbCommand (0ms) [Parameters=[], CommandType='Text', CommandTimeout='30']
SELECT "j"."JourneyId", "j"."AgvId", "j"."AgvLifecycleGeneration", "j"."AreaEndAdmissionRevokedSince", "j"."BlockReasonCode", "j"."BlockReasonSince", "j"."CargoHoldingStartedAt", "j"."ConsumedSafetyResultMessageId", "j"."ConsumedSublotMessageId", "j"."CreatedAt", "j"."DemandId", "j"."DispatchGeneration", "j"."DispatchZone", "j"."ExpectedBasketCount", "j"."FullSlotPositionsJson", "j"."GateMovementLegId", "j"."GatePlanMessageId", "j"."GateStationId", "j"."GateStationRiotId", "j"."GateUpperId", "j"."GateVehicleBusinessMessageId", "j"."GateWorklistMessageId", "j"."LoadCommandMessageId", "j"."LoadSlotOperationAttemptId", "j"."LoadingClosedReason", "j"."LoadingPhaseState", "j"."MapId", "j"."MapIdentity", "j"."OperationSessionId", "j"."PickupMovementLegId", "j"."PickupStationId", "j"."PickupStationRiotId", "j"."PickupUpperId", "j"."PlanMessageId", "j"."PlanRevision", "j"."PreDepartureSafetyCheckId", "j"."PreDepartureSafetyCheckMessageId", "j"."RouteEvidenceId", "j"."Stage", "j"."StationDepartureWaitStartedAt", "j"."SublotRequestMessageId", "j"."TargetSlotsJson", "j"."UnloadCommandMessageId", "j"."UnloadSlotOperationAttemptId", "j"."UpdatedAt", "j"."VehicleBusinessMessageId", "j"."VehicleBusinessRevision", "j"."VehicleKey", "j"."WorklistMessageId", "j"."WorklistRevision", "j"."YieldTriggeredAt", "j"."YieldTriggeredByVehicleKey"
FROM "JourneyRuntimes" AS "j"
WHERE "j"."Stage" <> 'Completed'
[08:03:41 INF] Executed DbCommand (0ms) [Parameters=[], CommandType='Text', CommandTimeout='30']
SELECT "a"."DemandId"
FROM "AcceptedDemands" AS "a"
WHERE "a"."Status" NOT IN ('Succeeded', 'Cancelled')
[08:03:41 INF] Executed DbCommand (0ms) [Parameters=[], CommandType='Text', CommandTimeout='30']
SELECT "j"."DemandId"
FROM "JourneyRuntimes" AS "j"
[08:03:41 INF] Start processing HTTP request GET http://127.0.0.1:48409/api/v2/contract
[08:03:41 INF] Sending HTTP request GET http://127.0.0.1:48409/api/v2/contract
[08:03:41 INF] Received HTTP response headers after 1.0639ms - 200
[08:03:41 INF] End processing HTTP request after 4.2281ms - 200
[08:03:41 INF] Start processing HTTP request GET http://127.0.0.1:48409/api/v2/externally-readable-demand-catalog
[08:03:41 INF] Sending HTTP request GET http://127.0.0.1:48409/api/v2/externally-readable-demand-catalog
[08:03:41 INF] Received HTTP response headers after 0.9546ms - 200
[08:03:41 INF] End processing HTTP request after 47.1338ms - 200
[08:03:42 INF] Executed DbCommand (0ms) [Parameters=[], CommandType='Text', CommandTimeout='30']
SELECT "j"."DemandId", "j"."AcceptedAt", "j"."DecisionFingerprint", "j"."DemandCreatedAt", "j"."FirstSeenAt", "j"."LastSeenAt", "j"."ReasonCode", "j"."StarvationEscalatedAt", "j"."StarvationEscalationParameterVersion", "j"."TransportDemandKey"
FROM "JourneyBacklog" AS "j"
[08:03:42 INF] Executed DbCommand (0ms) [Parameters=[], CommandType='Text', CommandTimeout='30']
SELECT "a"."DemandId"
FROM "AcceptedDemands" AS "a"
[08:03:42 INF] Executed DbCommand (0ms) [Parameters=[], CommandType='Text', CommandTimeout='30']
SELECT "v"."AgvId", "v"."TaskType", "v"."Allowed", "v"."ConfigurationVersion", "v"."UpdatedAt"
FROM "VehicleTaskTypeAdmissions" AS "v"
[08:03:42 INF] Executed DbCommand (0ms) [Parameters=[], CommandType='Text', CommandTimeout='30']
SELECT "v"."AgvId", "v"."ConfigurationVersion", "v"."RoundTimeoutMilliseconds", "v"."UpdatedAt"
FROM "VehicleDispatchBudgets" AS "v"
[08:03:42 INF] Executed DbCommand (0ms) [Parameters=[], CommandType='Text', CommandTimeout='30']
SELECT "d"."Zone", "d"."AgvId", "d"."ConfigurationVersion", "d"."UpdatedAt"
FROM "DispatchZoneVehicles" AS "d"
[08:03:42 INF] Executed DbCommand (0ms) [Parameters=[], CommandType='Text', CommandTimeout='30']
SELECT MAX("d"."Version")
FROM "DispatchZoneAreaAssignmentVersions" AS "d"
[08:03:42 INF] Executed DbCommand (0ms) [Parameters=[@__version_0='?' (DbType = Int64)], CommandType='Text', CommandTimeout='30']
SELECT "d"."Version", "d"."ContentSha256", "d"."EntryCount", "d"."ImportedAt", "d"."SnapshotId"
FROM "DispatchZoneAreaAssignmentVersions" AS "d"
WHERE "d"."Version" = @__version_0
LIMIT 2
[08:03:42 INF] Executed DbCommand (0ms) [Parameters=[@__version_0='?' (DbType = Int64)], CommandType='Text', CommandTimeout='30']
SELECT "d"."Version", "d"."Area", "d"."DispatchZone", "d"."SlotPosition"
FROM "DispatchZoneAreaAssignments" AS "d"
WHERE "d"."Version" = @__version_0
[08:03:42 INF] Executed DbCommand (0ms) [Parameters=[@__agvId_0='?' (Size = 10)], CommandType='Text', CommandTimeout='30']
SELECT "a"."SlotModelVersionId", "a"."SnapshotId"
FROM "ActiveSlotConfigurations" AS "a"
WHERE "a"."AgvId" = @__agvId_0
LIMIT 2
[08:03:42 INF] Executed DbCommand (0ms) [Parameters=[@__agvId_0='?' (Size = 10)], CommandType='Text', CommandTimeout='30']
SELECT "s"."SlotModelVersionId", "s"."CreatedAt"
FROM "SlotIoBindings" AS "s"
WHERE "s"."AgvId" = @__agvId_0 AND "s"."Status" = 'PUBLISHED'
[08:03:42 INF] Executed DbCommand (0ms) [Parameters=[@__slotModelVersionId_0='?' (Size = 32)], CommandType='Text', CommandTimeout='30']
SELECT "s"."SlotModelVersionId", "s"."PhysicalSlotNumber", "s"."SlotPosition", "s"."SlotTemplateId"
FROM "SlotModelSlots" AS "s"
WHERE "s"."SlotModelVersionId" = @__slotModelVersionId_0
[08:03:42 INF] Executed DbCommand (0ms) [Parameters=[@__agvId_0='?' (Size = 10)], CommandType='Text', CommandTimeout='30']
SELECT "s"."AgvId", "s"."ActiveUnlockSlotsJson", "s"."CapabilityHash", "s"."CapabilityRevision", "s"."DepartureSafe", "s"."ForcedRecoveryGeneration", "s"."ManifestSha256", "s"."PendingAttemptIdsJson", "s"."PendingResultIdsJson", "s"."ProfileId", "s"."ProtocolCommit", "s"."ProtocolVersion", "s"."ProvenRecoveryCheckpoint", "s"."Readiness", "s"."ReasonCode", "s"."RecoveryReportId", "s"."ReportedForcedRecoveryGeneration", "s"."ReportedSlotConfigurationFingerprint", "s"."SafetyHash", "s"."SafetyReasonCodesJson", "s"."SafetyRevision", "s"."SafetyUnknownPresent", "s"."SessionGeneration", "s"."UnsettledSlotOperationAttemptId", "s"."UpdatedAt"
FROM "SessionRecoveries" AS "s"
WHERE "s"."AgvId" = @__agvId_0 AND "s"."Readiness" = 'Ready'
LIMIT 2
[08:03:42 INF] Executed DbCommand (0ms) [Parameters=[@__messageType_0='?' (Size = 18)], CommandType='Text', CommandTimeout='30']
SELECT "p"."MessageId", "p"."ContentHash", "p"."FirstResponseJson", "p"."MessageType", "p"."ReceivedAt", "p"."RequestJson"
FROM "ProtocolInbox" AS "p"
WHERE "p"."MessageType" = @__messageType_0
[08:03:42 INF] Executed DbCommand (0ms) [Parameters=[], CommandType='Text', CommandTimeout='30']
SELECT "p"."MessageId", "p"."ContentHash", "p"."FirstResponseJson", "p"."MessageType", "p"."ReceivedAt", "p"."RequestJson"
FROM "ProtocolInbox" AS "p"
WHERE "p"."MessageType" = 'SafetyStateSnapshot'
[08:03:42 INF] Executed DbCommand (0ms) [Parameters=[], CommandType='Text', CommandTimeout='30']
SELECT "p"."MessageId", "p"."ContentHash", "p"."FirstResponseJson", "p"."MessageType", "p"."ReceivedAt", "p"."RequestJson"
FROM "ProtocolInbox" AS "p"
WHERE "p"."MessageType" IN ('SafetyStateSnapshot', 'SafetyStateChanged')
[08:03:42 INF] Executed DbCommand (0ms) [Parameters=[], CommandType='Text', CommandTimeout='30']
SELECT "p"."MessageId", "p"."ContentHash", "p"."FirstResponseJson", "p"."MessageType", "p"."ReceivedAt", "p"."RequestJson"
FROM "ProtocolInbox" AS "p"
[08:03:42 INF] Start processing HTTP request GET http://127.0.0.1:48408/api/task/vehicles/getVehicleInfoByDeviceKey?key=BROKERX-L2-0001
[08:03:42 INF] Sending HTTP request GET http://127.0.0.1:48408/api/task/vehicles/getVehicleInfoByDeviceKey?key=BROKERX-L2-0001
[08:03:42 INF] Received HTTP response headers after 0.8689ms - 200
[08:03:42 INF] End processing HTTP request after 11.0246ms - 200
[08:03:42 INF] Executed DbCommand (0ms) [Parameters=[@p1='?' (Size = 36), @p0='?' (DbType = DateTimeOffset)], CommandType='Text', CommandTimeout='30']
UPDATE "JourneyBacklog" SET "LastSeenAt" = @p0
WHERE "DemandId" = @p1
RETURNING 1;
[08:03:42 INF] Executed DbCommand (0ms) [Parameters=[], CommandType='Text', CommandTimeout='30']
SELECT "s"."DemandId", "s"."ReasonCode", "s"."ClearedAt", "s"."DetailJson", "s"."FirstRaisedAt", "s"."LastSeenAt", "s"."TransportDemandKey"
FROM "StructuralDispatchBlocks" AS "s"
WHERE "s"."ClearedAt" IS NULL
[08:03:42 INF] Start processing HTTP request GET http://127.0.0.1:48408/api/task/v1/task/getVehicleInfo/BROKERX-L2-0001
[08:03:42 INF] Sending HTTP request GET http://127.0.0.1:48408/api/task/v1/task/getVehicleInfo/BROKERX-L2-0001
[08:03:42 INF] Received HTTP response headers after 0.9411ms - 200
[08:03:42 INF] End processing HTTP request after 15.7266ms - 200
[08:03:42 INF] Start processing HTTP request GET http://127.0.0.1:48408/api/order/v1/orderRecord?pageNum=1&pageSize=100&filterByState=1&filterByState=3&filterByState=7&filterByState=9
[08:03:42 INF] Sending HTTP request GET http://127.0.0.1:48408/api/order/v1/orderRecord?pageNum=1&pageSize=100&filterByState=1&filterByState=3&filterByState=7&filterByState=9
[08:03:42 INF] Start processing HTTP request GET http://127.0.0.1:48408/api/imap/v1/mapInfo/stations/25
[08:03:42 INF] Received HTTP response headers after 0.8693ms - 200
[08:03:42 INF] Sending HTTP request GET http://127.0.0.1:48408/api/imap/v1/mapInfo/stations/25
[08:03:42 INF] End processing HTTP request after 30.9706ms - 200
[08:03:42 INF] Received HTTP response headers after 0.7355ms - 200
[08:03:42 INF] HTTP GET /api/onboard/v1/vehicle-safety responded 200 in 95.1338 ms
[08:03:42 INF] End processing HTTP request after 63.1951ms - 200
[08:03:42 INF] Executed DbCommand (0ms) [Parameters=[@__mapId_0='?' (DbType = Int32)], CommandType='Text', CommandTimeout='30']
SELECT "t"."MapId", "t"."ActiveVersion", "t"."PendingVersion", "t"."State", "t"."UpdatedAt"
FROM "TaskTypeStationActiveBindingSets" AS "t"
WHERE "t"."MapId" = @__mapId_0
LIMIT 2
[08:03:42 INF] Executed DbCommand (0ms) [Parameters=[@__mapId_0='?' (DbType = Int32), @__version_1='?' (DbType = Int64)], CommandType='Text', CommandTimeout='30']
SELECT "t"."MapId", "t"."Version", "t"."CatalogRevision", "t"."ContentSha256", "t"."LoadedAt", "t"."RuleVersion", "t"."SnapshotId", "t"."Source"
FROM "TaskTypeStationBindingSetVersions" AS "t"
WHERE "t"."MapId" = @__mapId_0 AND "t"."Version" = @__version_1
LIMIT 2
[08:03:42 INF] Executed DbCommand (0ms) [Parameters=[@__mapId_0='?' (DbType = Int32), @__version_1='?' (DbType = Int64)], CommandType='Text', CommandTimeout='30']
SELECT "t"."TaskType"
FROM "TaskTypeStationRequirements" AS "t"
WHERE "t"."MapId" = @__mapId_0 AND "t"."Version" = @__version_1
[08:03:42 INF] Executed DbCommand (0ms) [Parameters=[@__mapId_0='?' (DbType = Int32), @__version_1='?' (DbType = Int64)], CommandType='Text', CommandTimeout='30']
SELECT "t"."MapId", "t"."Version", "t"."TaskType", "t"."SiteVerificationRef", "t"."StationName", "t"."StationRiotId"
FROM "TaskTypeStationBindings" AS "t"
WHERE "t"."MapId" = @__mapId_0 AND "t"."Version" = @__version_1
[08:03:42 INF] Executed DbCommand (0ms) [Parameters=[@__version_0='?' (DbType = Int64)], CommandType='Text', CommandTimeout='30']
SELECT "t"."Version", "t"."ContentSha256", "t"."LoadedAt", "t"."SnapshotId", "t"."Source"
FROM "TaskTypeStationRuleVersions" AS "t"
WHERE "t"."Version" = @__version_0
LIMIT 2
[08:03:42 INF] Executed DbCommand (0ms) [Parameters=[@__version_0='?' (DbType = Int64)], CommandType='Text', CommandTimeout='30']
SELECT "t"."Version", "t"."TaskType", "t"."FixedEnd"
FROM "TaskTypeStationRules" AS "t"
WHERE "t"."Version" = @__version_0
[08:03:42 INF] Executed DbCommand (0ms) [Parameters=[@__mapId_0='?' (DbType = Int32)], CommandType='Text', CommandTimeout='30']
SELECT "t"."MapId", "t"."ActiveVersion", "t"."PendingVersion", "t"."State", "t"."UpdatedAt"
FROM "TaskTypeStationActiveBindingSets" AS "t"
WHERE "t"."MapId" = @__mapId_0
LIMIT 2
[08:03:42 INF] Executed DbCommand (0ms) [Parameters=[@__mapId_0='?' (DbType = Int32)], CommandType='Text', CommandTimeout='30']
SELECT "t"."HoldId", "t"."DetailJson", "t"."MapId", "t"."RaisedAt", "t"."RaisedBy", "t"."ReasonCode", "t"."ReleasedAt", "t"."ReleasedBy", "t"."Source", "t"."TaskType"
FROM "TaskTypeStationHolds" AS "t"
WHERE "t"."MapId" = @__mapId_0 AND "t"."ReleasedAt" IS NULL
[08:03:42 INF] Executed DbCommand (0ms) [Parameters=[@__mapId_0='?' (DbType = Int32)], CommandType='Text', CommandTimeout='30']
SELECT "m"."MapId", "m"."ApprovedMaxUnconfirmedSeconds", "m"."ApprovedSyncPeriodSeconds", "m"."CatalogRevision", "m"."LastAttemptAt", "m"."LastCompleteConfirmationAt", "m"."LastFailureReason", "m"."State", "m"."UpdatedAt"
FROM "MapStationCatalogStates" AS "m"
WHERE "m"."MapId" = @__mapId_0
LIMIT 2
[08:03:42 INF] Executed DbCommand (0ms) [Parameters=[@p3='?' (DbType = Int32), @p0='?' (DbType = DateTimeOffset), @p1='?' (DbType = DateTimeOffset), @p2='?' (DbType = DateTimeOffset)], CommandType='Text', CommandTimeout='30']
UPDATE "MapStationCatalogStates" SET "LastAttemptAt" = @p0, "LastCompleteConfirmationAt" = @p1, "UpdatedAt" = @p2
WHERE "MapId" = @p3
RETURNING 1;
[08:03:42 INF] Executed DbCommand (0ms) [Parameters=[@__mapId_0='?' (DbType = Int32)], CommandType='Text', CommandTimeout='30']
SELECT "t"."MapId", "t"."ActiveVersion", "t"."PendingVersion", "t"."State", "t"."UpdatedAt"
FROM "TaskTypeStationActiveBindingSets" AS "t"
WHERE "t"."MapId" = @__mapId_0
LIMIT 2
[08:03:42 INF] Executed DbCommand (0ms) [Parameters=[@__mapId_0='?' (DbType = Int32), @__version_1='?' (DbType = Int64)], CommandType='Text', CommandTimeout='30']
SELECT "t"."MapId", "t"."Version", "t"."CatalogRevision", "t"."ContentSha256", "t"."LoadedAt", "t"."RuleVersion", "t"."SnapshotId", "t"."Source"
FROM "TaskTypeStationBindingSetVersions" AS "t"
WHERE "t"."MapId" = @__mapId_0 AND "t"."Version" = @__version_1
LIMIT 2
[08:03:42 INF] Executed DbCommand (0ms) [Parameters=[@__mapId_0='?' (DbType = Int32), @__version_1='?' (DbType = Int64)], CommandType='Text', CommandTimeout='30']
SELECT "t"."TaskType"
FROM "TaskTypeStationRequirements" AS "t"
WHERE "t"."MapId" = @__mapId_0 AND "t"."Version" = @__version_1
[08:03:42 INF] Executed DbCommand (0ms) [Parameters=[@__mapId_0='?' (DbType = Int32), @__version_1='?' (DbType = Int64)], CommandType='Text', CommandTimeout='30']
SELECT "t"."MapId", "t"."Version", "t"."TaskType", "t"."SiteVerificationRef", "t"."StationName", "t"."StationRiotId"
FROM "TaskTypeStationBindings" AS "t"
WHERE "t"."MapId" = @__mapId_0 AND "t"."Version" = @__version_1
[08:03:42 INF] Executed DbCommand (0ms) [Parameters=[@__mapId_0='?' (DbType = Int32)], CommandType='Text', CommandTimeout='30']
SELECT "t"."MapId", "t"."ActiveVersion", "t"."PendingVersion", "t"."State", "t"."UpdatedAt"
FROM "TaskTypeStationActiveBindingSets" AS "t"
WHERE "t"."MapId" = @__mapId_0
LIMIT 2
[08:03:42 INF] Executed DbCommand (0ms) [Parameters=[@__mapId_0='?' (DbType = Int32), @__version_1='?' (DbType = Int64)], CommandType='Text', CommandTimeout='30']
SELECT "t"."MapId", "t"."Version", "t"."CatalogRevision", "t"."ContentSha256", "t"."LoadedAt", "t"."RuleVersion", "t"."SnapshotId", "t"."Source"
FROM "TaskTypeStationBindingSetVersions" AS "t"
WHERE "t"."MapId" = @__mapId_0 AND "t"."Version" = @__version_1
LIMIT 2
[08:03:42 INF] Executed DbCommand (0ms) [Parameters=[@__mapId_0='?' (DbType = Int32), @__version_1='?' (DbType = Int64)], CommandType='Text', CommandTimeout='30']
SELECT "t"."TaskType"
FROM "TaskTypeStationRequirements" AS "t"
WHERE "t"."MapId" = @__mapId_0 AND "t"."Version" = @__version_1
[08:03:42 INF] Executed DbCommand (0ms) [Parameters=[@__mapId_0='?' (DbType = Int32), @__version_1='?' (DbType = Int64)], CommandType='Text', CommandTimeout='30']
SELECT "t"."MapId", "t"."Version", "t"."TaskType", "t"."SiteVerificationRef", "t"."StationName", "t"."StationRiotId"
FROM "TaskTypeStationBindings" AS "t"
WHERE "t"."MapId" = @__mapId_0 AND "t"."Version" = @__version_1
[08:03:42 INF] Executed DbCommand (0ms) [Parameters=[@__version_0='?' (DbType = Int64)], CommandType='Text', CommandTimeout='30']
SELECT "t"."Version", "t"."ContentSha256", "t"."LoadedAt", "t"."SnapshotId", "t"."Source"
FROM "TaskTypeStationRuleVersions" AS "t"
WHERE "t"."Version" = @__version_0
LIMIT 2
[08:03:42 INF] Executed DbCommand (0ms) [Parameters=[@__version_0='?' (DbType = Int64)], CommandType='Text', CommandTimeout='30']
SELECT "t"."Version", "t"."TaskType", "t"."FixedEnd"
FROM "TaskTypeStationRules" AS "t"
WHERE "t"."Version" = @__version_0
[08:03:42 INF] Executed DbCommand (0ms) [Parameters=[], CommandType='Text', CommandTimeout='30']
SELECT "a"."Id", "a"."ContentHash", "a"."DeploymentId", "a"."ImportedAt", "a"."Version"
FROM "AdmissionPolicyState" AS "a"
WHERE "a"."Id" = 1
LIMIT 2
[08:03:42 INF] Executed DbCommand (0ms) [Parameters=[], CommandType='Text', CommandTimeout='30']
SELECT "j"."JourneyId", "j"."AgvId", "j"."AgvLifecycleGeneration", "j"."AreaEndAdmissionRevokedSince", "j"."BlockReasonCode", "j"."BlockReasonSince", "j"."CargoHoldingStartedAt", "j"."ConsumedSafetyResultMessageId", "j"."ConsumedSublotMessageId", "j"."CreatedAt", "j"."DemandId", "j"."DispatchGeneration", "j"."DispatchZone", "j"."ExpectedBasketCount", "j"."FullSlotPositionsJson", "j"."GateMovementLegId", "j"."GatePlanMessageId", "j"."GateStationId", "j"."GateStationRiotId", "j"."GateUpperId", "j"."GateVehicleBusinessMessageId", "j"."GateWorklistMessageId", "j"."LoadCommandMessageId", "j"."LoadSlotOperationAttemptId", "j"."LoadingClosedReason", "j"."LoadingPhaseState", "j"."MapId", "j"."MapIdentity", "j"."OperationSessionId", "j"."PickupMovementLegId", "j"."PickupStationId", "j"."PickupStationRiotId", "j"."PickupUpperId", "j"."PlanMessageId", "j"."PlanRevision", "j"."PreDepartureSafetyCheckId", "j"."PreDepartureSafetyCheckMessageId", "j"."RouteEvidenceId", "j"."Stage", "j"."StationDepartureWaitStartedAt", "j"."SublotRequestMessageId", "j"."TargetSlotsJson", "j"."UnloadCommandMessageId", "j"."UnloadSlotOperationAttemptId", "j"."UpdatedAt", "j"."VehicleBusinessMessageId", "j"."VehicleBusinessRevision", "j"."VehicleKey", "j"."WorklistMessageId", "j"."WorklistRevision", "j"."YieldTriggeredAt", "j"."YieldTriggeredByVehicleKey"
FROM "JourneyRuntimes" AS "j"
WHERE "j"."Stage" <> 'Completed'
[08:03:42 INF] Executed DbCommand (0ms) [Parameters=[], CommandType='Text', CommandTimeout='30']
SELECT "a"."DemandId"
FROM "AcceptedDemands" AS "a"
WHERE "a"."Status" NOT IN ('Succeeded', 'Cancelled')
[08:03:42 INF] Executed DbCommand (0ms) [Parameters=[], CommandType='Text', CommandTimeout='30']
SELECT "j"."DemandId"
FROM "JourneyRuntimes" AS "j"
[08:03:42 INF] Start processing HTTP request GET http://127.0.0.1:48409/api/v2/contract
[08:03:42 INF] Sending HTTP request GET http://127.0.0.1:48409/api/v2/contract
[08:03:42 INF] Received HTTP response headers after 0.7267ms - 200
[08:03:42 INF] End processing HTTP request after 2.3292ms - 200
[08:03:42 INF] Start processing HTTP request GET http://127.0.0.1:48409/api/v2/externally-readable-demand-catalog
[08:03:42 INF] Sending HTTP request GET http://127.0.0.1:48409/api/v2/externally-readable-demand-catalog
[08:03:43 INF] Received HTTP response headers after 0.7683ms - 200
[08:03:43 INF] End processing HTTP request after 31.8349ms - 200
[08:03:43 INF] Executed DbCommand (0ms) [Parameters=[], CommandType='Text', CommandTimeout='30']
SELECT "j"."DemandId", "j"."AcceptedAt", "j"."DecisionFingerprint", "j"."DemandCreatedAt", "j"."FirstSeenAt", "j"."LastSeenAt", "j"."ReasonCode", "j"."StarvationEscalatedAt", "j"."StarvationEscalationParameterVersion", "j"."TransportDemandKey"
FROM "JourneyBacklog" AS "j"
[08:03:43 INF] Executed DbCommand (0ms) [Parameters=[], CommandType='Text', CommandTimeout='30']
SELECT "a"."DemandId"
FROM "AcceptedDemands" AS "a"
[08:03:43 INF] Executed DbCommand (0ms) [Parameters=[], CommandType='Text', CommandTimeout='30']
SELECT "v"."AgvId", "v"."TaskType", "v"."Allowed", "v"."ConfigurationVersion", "v"."UpdatedAt"
FROM "VehicleTaskTypeAdmissions" AS "v"
[08:03:43 INF] Executed DbCommand (0ms) [Parameters=[], CommandType='Text', CommandTimeout='30']
SELECT "v"."AgvId", "v"."ConfigurationVersion", "v"."RoundTimeoutMilliseconds", "v"."UpdatedAt"
FROM "VehicleDispatchBudgets" AS "v"
[08:03:43 INF] Executed DbCommand (0ms) [Parameters=[], CommandType='Text', CommandTimeout='30']
SELECT "d"."Zone", "d"."AgvId", "d"."ConfigurationVersion", "d"."UpdatedAt"
FROM "DispatchZoneVehicles" AS "d"
[08:03:43 INF] Executed DbCommand (0ms) [Parameters=[], CommandType='Text', CommandTimeout='30']
SELECT MAX("d"."Version")
FROM "DispatchZoneAreaAssignmentVersions" AS "d"
[08:03:43 INF] Executed DbCommand (0ms) [Parameters=[@__version_0='?' (DbType = Int64)], CommandType='Text', CommandTimeout='30']
SELECT "d"."Version", "d"."ContentSha256", "d"."EntryCount", "d"."ImportedAt", "d"."SnapshotId"
FROM "DispatchZoneAreaAssignmentVersions" AS "d"
WHERE "d"."Version" = @__version_0
LIMIT 2
[08:03:43 INF] Executed DbCommand (0ms) [Parameters=[@__version_0='?' (DbType = Int64)], CommandType='Text', CommandTimeout='30']
SELECT "d"."Version", "d"."Area", "d"."DispatchZone", "d"."SlotPosition"
FROM "DispatchZoneAreaAssignments" AS "d"
WHERE "d"."Version" = @__version_0
[08:03:43 INF] Executed DbCommand (0ms) [Parameters=[@__agvId_0='?' (Size = 10)], CommandType='Text', CommandTimeout='30']
SELECT "a"."SlotModelVersionId", "a"."SnapshotId"
FROM "ActiveSlotConfigurations" AS "a"
WHERE "a"."AgvId" = @__agvId_0
LIMIT 2
[08:03:43 INF] Executed DbCommand (0ms) [Parameters=[@__agvId_0='?' (Size = 10)], CommandType='Text', CommandTimeout='30']
SELECT "s"."SlotModelVersionId", "s"."CreatedAt"
FROM "SlotIoBindings" AS "s"
WHERE "s"."AgvId" = @__agvId_0 AND "s"."Status" = 'PUBLISHED'
[08:03:43 INF] Executed DbCommand (0ms) [Parameters=[@__slotModelVersionId_0='?' (Size = 32)], CommandType='Text', CommandTimeout='30']
SELECT "s"."SlotModelVersionId", "s"."PhysicalSlotNumber", "s"."SlotPosition", "s"."SlotTemplateId"
FROM "SlotModelSlots" AS "s"
WHERE "s"."SlotModelVersionId" = @__slotModelVersionId_0
[08:03:43 INF] Executed DbCommand (0ms) [Parameters=[@__agvId_0='?' (Size = 10)], CommandType='Text', CommandTimeout='30']
SELECT "s"."AgvId", "s"."ActiveUnlockSlotsJson", "s"."CapabilityHash", "s"."CapabilityRevision", "s"."DepartureSafe", "s"."ForcedRecoveryGeneration", "s"."ManifestSha256", "s"."PendingAttemptIdsJson", "s"."PendingResultIdsJson", "s"."ProfileId", "s"."ProtocolCommit", "s"."ProtocolVersion", "s"."ProvenRecoveryCheckpoint", "s"."Readiness", "s"."ReasonCode", "s"."RecoveryReportId", "s"."ReportedForcedRecoveryGeneration", "s"."ReportedSlotConfigurationFingerprint", "s"."SafetyHash", "s"."SafetyReasonCodesJson", "s"."SafetyRevision", "s"."SafetyUnknownPresent", "s"."SessionGeneration", "s"."UnsettledSlotOperationAttemptId", "s"."UpdatedAt"
FROM "SessionRecoveries" AS "s"
WHERE "s"."AgvId" = @__agvId_0 AND "s"."Readiness" = 'Ready'
LIMIT 2
[08:03:43 INF] Executed DbCommand (0ms) [Parameters=[@__messageType_0='?' (Size = 18)], CommandType='Text', CommandTimeout='30']
SELECT "p"."MessageId", "p"."ContentHash", "p"."FirstResponseJson", "p"."MessageType", "p"."ReceivedAt", "p"."RequestJson"
FROM "ProtocolInbox" AS "p"
WHERE "p"."MessageType" = @__messageType_0
[08:03:43 INF] Executed DbCommand (0ms) [Parameters=[], CommandType='Text', CommandTimeout='30']
SELECT "p"."MessageId", "p"."ContentHash", "p"."FirstResponseJson", "p"."MessageType", "p"."ReceivedAt", "p"."RequestJson"
FROM "ProtocolInbox" AS "p"
WHERE "p"."MessageType" = 'SafetyStateSnapshot'
[08:03:43 INF] Executed DbCommand (0ms) [Parameters=[], CommandType='Text', CommandTimeout='30']
SELECT "p"."MessageId", "p"."ContentHash", "p"."FirstResponseJson", "p"."MessageType", "p"."ReceivedAt", "p"."RequestJson"
FROM "ProtocolInbox" AS "p"
WHERE "p"."MessageType" IN ('SafetyStateSnapshot', 'SafetyStateChanged')
[08:03:43 INF] Executed DbCommand (0ms) [Parameters=[], CommandType='Text', CommandTimeout='30']
SELECT "p"."MessageId", "p"."ContentHash", "p"."FirstResponseJson", "p"."MessageType", "p"."ReceivedAt", "p"."RequestJson"
FROM "ProtocolInbox" AS "p"
[08:03:43 INF] Start processing HTTP request GET http://127.0.0.1:48408/api/task/vehicles/getVehicleInfoByDeviceKey?key=BROKERX-L2-0001
[08:03:43 INF] Sending HTTP request GET http://127.0.0.1:48408/api/task/vehicles/getVehicleInfoByDeviceKey?key=BROKERX-L2-0001
[08:03:43 INF] Received HTTP response headers after 0.9143ms - 200
[08:03:43 INF] End processing HTTP request after 17.3001ms - 200
[08:03:43 INF] Executed DbCommand (0ms) [Parameters=[@__messageId_0='?' (Size = 36)], CommandType='Text', CommandTimeout='30']
SELECT "p"."MessageId", "p"."ContentHash", "p"."FirstResponseJson", "p"."MessageType", "p"."ReceivedAt", "p"."RequestJson"
FROM "ProtocolInbox" AS "p"
WHERE "p"."MessageId" = @__messageId_0
LIMIT 2
[08:03:43 INF] Executed DbCommand (0ms) [Parameters=[@p1='?' (Size = 36), @p0='?' (DbType = DateTimeOffset)], CommandType='Text', CommandTimeout='30']
UPDATE "JourneyBacklog" SET "LastSeenAt" = @p0
WHERE "DemandId" = @p1
RETURNING 1;
[08:03:43 INF] Executed DbCommand (0ms) [Parameters=[], CommandType='Text', CommandTimeout='30']
SELECT "s"."DemandId", "s"."ReasonCode", "s"."ClearedAt", "s"."DetailJson", "s"."FirstRaisedAt", "s"."LastSeenAt", "s"."TransportDemandKey"
FROM "StructuralDispatchBlocks" AS "s"
WHERE "s"."ClearedAt" IS NULL
[08:03:43 INF] Executed DbCommand (0ms) [Parameters=[@__agvId_0='?' (Size = 10)], CommandType='Text', CommandTimeout='30']
SELECT "s"."SessionGeneration"
FROM "SessionRecoveries" AS "s"
WHERE "s"."AgvId" = @__agvId_0
LIMIT 2
[08:03:43 INF] Executed DbCommand (0ms) [Parameters=[@__identity_AgvId_0='?' (Size = 10)], CommandType='Text', CommandTimeout='30']
SELECT "s"."AgvId", "s"."ActiveUnlockSlotsJson", "s"."CapabilityHash", "s"."CapabilityRevision", "s"."DepartureSafe", "s"."ForcedRecoveryGeneration", "s"."ManifestSha256", "s"."PendingAttemptIdsJson", "s"."PendingResultIdsJson", "s"."ProfileId", "s"."ProtocolCommit", "s"."ProtocolVersion", "s"."ProvenRecoveryCheckpoint", "s"."Readiness", "s"."ReasonCode", "s"."RecoveryReportId", "s"."ReportedForcedRecoveryGeneration", "s"."ReportedSlotConfigurationFingerprint", "s"."SafetyHash", "s"."SafetyReasonCodesJson", "s"."SafetyRevision", "s"."SafetyUnknownPresent", "s"."SessionGeneration", "s"."UnsettledSlotOperationAttemptId", "s"."UpdatedAt"
FROM "SessionRecoveries" AS "s"
WHERE "s"."AgvId" = @__identity_AgvId_0
LIMIT 2
[08:03:43 INF] Executed DbCommand (0ms) [Parameters=[@__identity_AgvId_0='?' (Size = 10)], CommandType='Text', CommandTimeout='30']
SELECT "j"."JourneyId", "j"."AgvId", "j"."AgvLifecycleGeneration", "j"."AreaEndAdmissionRevokedSince", "j"."BlockReasonCode", "j"."BlockReasonSince", "j"."CargoHoldingStartedAt", "j"."ConsumedSafetyResultMessageId", "j"."ConsumedSublotMessageId", "j"."CreatedAt", "j"."DemandId", "j"."DispatchGeneration", "j"."DispatchZone", "j"."ExpectedBasketCount", "j"."FullSlotPositionsJson", "j"."GateMovementLegId", "j"."GatePlanMessageId", "j"."GateStationId", "j"."GateStationRiotId", "j"."GateUpperId", "j"."GateVehicleBusinessMessageId", "j"."GateWorklistMessageId", "j"."LoadCommandMessageId", "j"."LoadSlotOperationAttemptId", "j"."LoadingClosedReason", "j"."LoadingPhaseState", "j"."MapId", "j"."MapIdentity", "j"."OperationSessionId", "j"."PickupMovementLegId", "j"."PickupStationId", "j"."PickupStationRiotId", "j"."PickupUpperId", "j"."PlanMessageId", "j"."PlanRevision", "j"."PreDepartureSafetyCheckId", "j"."PreDepartureSafetyCheckMessageId", "j"."RouteEvidenceId", "j"."Stage", "j"."StationDepartureWaitStartedAt", "j"."SublotRequestMessageId", "j"."TargetSlotsJson", "j"."UnloadCommandMessageId", "j"."UnloadSlotOperationAttemptId", "j"."UpdatedAt", "j"."VehicleBusinessMessageId", "j"."VehicleBusinessRevision", "j"."VehicleKey", "j"."WorklistMessageId", "j"."WorklistRevision", "j"."YieldTriggeredAt", "j"."YieldTriggeredByVehicleKey"
FROM "JourneyRuntimes" AS "j"
WHERE "j"."AgvId" = @__identity_AgvId_0 AND "j"."StationDepartureWaitStartedAt" IS NOT NULL
[08:03:43 INF] Executed DbCommand (0ms) [Parameters=[@p11='?' (Size = 10), @p0='?', @p1='?' (DbType = Int64), @p2='?' (DbType = Boolean), @p3='?' (Size = 16), @p4='?' (Size = 20), @p5='?', @p6='?', @p7='?', @p8='?' (DbType = Int64), @p9='?' (DbType = Int64), @p10='?' (DbType = DateTimeOffset)], CommandType='Text', CommandTimeout='30']
UPDATE "SessionRecoveries" SET "CapabilityHash" = @p0, "CapabilityRevision" = @p1, "DepartureSafe" = @p2, "Readiness" = @p3, "ReasonCode" = @p4, "RecoveryReportId" = @p5, "ReportedSlotConfigurationFingerprint" = @p6, "SafetyHash" = @p7, "SafetyRevision" = @p8, "SessionGeneration" = @p9, "UpdatedAt" = @p10
WHERE "AgvId" = @p11
RETURNING 1;
[08:03:43 INF] Executed DbCommand (0ms) [Parameters=[@p0='?' (Size = 36), @p1='?' (Size = 64), @p2='?' (Size = 1064), @p3='?' (Size = 12), @p4='?' (DbType = DateTimeOffset), @p5='?' (Size = 1075)], CommandType='Text', CommandTimeout='30']
INSERT INTO "ProtocolInbox" ("MessageId", "ContentHash", "FirstResponseJson", "MessageType", "ReceivedAt", "RequestJson")
VALUES (@p0, @p1, @p2, @p3, @p4, @p5);
[08:03:43 INF] Executed DbCommand (0ms) [Parameters=[@__messageId_0='?' (Size = 36)], CommandType='Text', CommandTimeout='30']
SELECT "p"."MessageId", "p"."ContentHash", "p"."FirstResponseJson", "p"."MessageType", "p"."ReceivedAt", "p"."RequestJson"
FROM "ProtocolInbox" AS "p"
WHERE "p"."MessageId" = @__messageId_0
LIMIT 2
[08:03:43 INF] Executed DbCommand (0ms) [Parameters=[@__agvId_0='?' (Size = 10)], CommandType='Text', CommandTimeout='30']
SELECT "a"."AgvId", "a"."ActivatedAt", "a"."ActivationId", "a"."ConfigurationVersion", "a"."Fingerprint", "a"."SlotModelVersionId", "a"."SnapshotId"
FROM "ActiveSlotConfigurations" AS "a"
WHERE "a"."AgvId" = @__agvId_0
LIMIT 1
[08:03:43 INF] Executed DbCommand (0ms) [Parameters=[@__agvId_0='?' (Size = 10)], CommandType='Text', CommandTimeout='30']
SELECT "a"."AgvId", "a"."ArchiveReason", "a"."ArchivedActiveSlotConfigurationFingerprint", "a"."ArchivedAt", "a"."ArchivedLifecycleGeneration"
FROM "AgvArchives" AS "a"
WHERE "a"."AgvId" = @__agvId_0
LIMIT 1
[08:03:43 INF] Executed DbCommand (0ms) [Parameters=[@__agvId_0='?' (Size = 10)], CommandType='Text', CommandTimeout='30']
SELECT "s"."AgvId", "s"."ActiveUnlockSlotsJson", "s"."CapabilityHash", "s"."CapabilityRevision", "s"."DepartureSafe", "s"."ForcedRecoveryGeneration", "s"."ManifestSha256", "s"."PendingAttemptIdsJson", "s"."PendingResultIdsJson", "s"."ProfileId", "s"."ProtocolCommit", "s"."ProtocolVersion", "s"."ProvenRecoveryCheckpoint", "s"."Readiness", "s"."ReasonCode", "s"."RecoveryReportId", "s"."ReportedForcedRecoveryGeneration", "s"."ReportedSlotConfigurationFingerprint", "s"."SafetyHash", "s"."SafetyReasonCodesJson", "s"."SafetyRevision", "s"."SafetyUnknownPresent", "s"."SessionGeneration", "s"."UnsettledSlotOperationAttemptId", "s"."UpdatedAt"
FROM "SessionRecoveries" AS "s"
WHERE "s"."AgvId" = @__agvId_0
LIMIT 2
[08:03:43 INF] Executed DbCommand (0ms) [Parameters=[@p4='?' (Size = 10), @p0='?' (Size = 64), @p1='?' (DbType = Int64), @p2='?' (Size = 64), @p3='?' (DbType = DateTimeOffset)], CommandType='Text', CommandTimeout='30']
UPDATE "SessionRecoveries" SET "CapabilityHash" = @p0, "CapabilityRevision" = @p1, "ReportedSlotConfigurationFingerprint" = @p2, "UpdatedAt" = @p3
WHERE "AgvId" = @p4
RETURNING 1;
[08:03:43 INF] Executed DbCommand (0ms) [Parameters=[@p0='?' (Size = 36), @p1='?' (Size = 64), @p2='?' (Size = 622), @p3='?' (Size = 18), @p4='?' (DbType = DateTimeOffset), @p5='?' (Size = 2073)], CommandType='Text', CommandTimeout='30']
INSERT INTO "ProtocolInbox" ("MessageId", "ContentHash", "FirstResponseJson", "MessageType", "ReceivedAt", "RequestJson")
VALUES (@p0, @p1, @p2, @p3, @p4, @p5);
[08:03:43 INF] Executed DbCommand (0ms) [Parameters=[@__messageId_0='?' (Size = 36)], CommandType='Text', CommandTimeout='30']
SELECT "p"."MessageId", "p"."ContentHash", "p"."FirstResponseJson", "p"."MessageType", "p"."ReceivedAt", "p"."RequestJson"
FROM "ProtocolInbox" AS "p"
WHERE "p"."MessageId" = @__messageId_0
LIMIT 2
[08:03:43 INF] Executed DbCommand (0ms) [Parameters=[@__agvId_0='?' (Size = 10)], CommandType='Text', CommandTimeout='30']
SELECT "s"."AgvId", "s"."ActiveUnlockSlotsJson", "s"."CapabilityHash", "s"."CapabilityRevision", "s"."DepartureSafe", "s"."ForcedRecoveryGeneration", "s"."ManifestSha256", "s"."PendingAttemptIdsJson", "s"."PendingResultIdsJson", "s"."ProfileId", "s"."ProtocolCommit", "s"."ProtocolVersion", "s"."ProvenRecoveryCheckpoint", "s"."Readiness", "s"."ReasonCode", "s"."RecoveryReportId", "s"."ReportedForcedRecoveryGeneration", "s"."ReportedSlotConfigurationFingerprint", "s"."SafetyHash", "s"."SafetyReasonCodesJson", "s"."SafetyRevision", "s"."SafetyUnknownPresent", "s"."SessionGeneration", "s"."UnsettledSlotOperationAttemptId", "s"."UpdatedAt"
FROM "SessionRecoveries" AS "s"
WHERE "s"."AgvId" = @__agvId_0
LIMIT 2
[08:03:43 INF] Executed DbCommand (0ms) [Parameters=[@p4='?' (Size = 10), @p0='?' (DbType = Boolean), @p1='?' (Size = 64), @p2='?' (DbType = Int64), @p3='?' (DbType = DateTimeOffset)], CommandType='Text', CommandTimeout='30']
UPDATE "SessionRecoveries" SET "DepartureSafe" = @p0, "SafetyHash" = @p1, "SafetyRevision" = @p2, "UpdatedAt" = @p3
WHERE "AgvId" = @p4
RETURNING 1;
[08:03:43 INF] Executed DbCommand (0ms) [Parameters=[@p0='?' (Size = 36), @p1='?' (Size = 64), @p2='?' (Size = 624), @p3='?' (Size = 19), @p4='?' (DbType = DateTimeOffset), @p5='?' (Size = 1970)], CommandType='Text', CommandTimeout='30']
INSERT INTO "ProtocolInbox" ("MessageId", "ContentHash", "FirstResponseJson", "MessageType", "ReceivedAt", "RequestJson")
VALUES (@p0, @p1, @p2, @p3, @p4, @p5);
[08:03:43 INF] Executed DbCommand (0ms) [Parameters=[@__messageId_0='?' (Size = 36)], CommandType='Text', CommandTimeout='30']
SELECT "p"."MessageId", "p"."ContentHash", "p"."FirstResponseJson", "p"."MessageType", "p"."ReceivedAt", "p"."RequestJson"
FROM "ProtocolInbox" AS "p"
WHERE "p"."MessageId" = @__messageId_0
LIMIT 2
[08:03:43 INF] Executed DbCommand (0ms) [Parameters=[@__agvId_0='?' (Size = 10)], CommandType='Text', CommandTimeout='30']
SELECT "o"."AlarmsJson"
FROM "OnboardAlarmSnapshots" AS "o"
WHERE "o"."AgvId" = @__agvId_0
LIMIT 1
[08:03:43 INF] Executed DbCommand (0ms) [Parameters=[@__snapshot_AgvId_0='?' (Size = 10)], CommandType='Text', CommandTimeout='30']
SELECT "o"."AgvId", "o"."AlarmsJson", "o"."CapturedAt", "o"."ReceivedAt", "o"."SessionGeneration", "o"."SnapshotSequence"
FROM "OnboardAlarmSnapshots" AS "o"
WHERE "o"."AgvId" = @__snapshot_AgvId_0
LIMIT 1
[08:03:43 INF] Executed DbCommand (0ms) [Parameters=[@p4='?' (Size = 10), @p0='?' (DbType = DateTimeOffset), @p1='?' (DbType = DateTimeOffset), @p2='?' (DbType = Int64), @p3='?' (DbType = Int64)], CommandType='Text', CommandTimeout='30']
UPDATE "OnboardAlarmSnapshots" SET "CapturedAt" = @p0, "ReceivedAt" = @p1, "SessionGeneration" = @p2, "SnapshotSequence" = @p3
WHERE "AgvId" = @p4
RETURNING 1;
[08:03:43 INF] Executed DbCommand (0ms) [Parameters=[@__agvId_0='?' (Size = 10)], CommandType='Text', CommandTimeout='30']
SELECT "o"."AlarmsJson"
FROM "OnboardAlarmSnapshots" AS "o"
WHERE "o"."AgvId" = @__agvId_0
LIMIT 1
[08:03:43 INF] Executed DbCommand (0ms) [Parameters=[@p0='?' (Size = 36), @p1='?' (Size = 64), @p2='?' (Size = 625), @p3='?' (Size = 20), @p4='?' (DbType = DateTimeOffset), @p5='?' (Size = 485)], CommandType='Text', CommandTimeout='30']
INSERT INTO "ProtocolInbox" ("MessageId", "ContentHash", "FirstResponseJson", "MessageType", "ReceivedAt", "RequestJson")
VALUES (@p0, @p1, @p2, @p3, @p4, @p5);
[08:03:43 INF] Executed DbCommand (0ms) [Parameters=[@__messageId_0='?' (Size = 36)], CommandType='Text', CommandTimeout='30']
SELECT "p"."MessageId", "p"."ContentHash", "p"."FirstResponseJson", "p"."MessageType", "p"."ReceivedAt", "p"."RequestJson"
FROM "ProtocolInbox" AS "p"
WHERE "p"."MessageId" = @__messageId_0
LIMIT 2
[08:03:43 INF] Executed DbCommand (0ms) [Parameters=[@__agvId_0='?' (Size = 10)], CommandType='Text', CommandTimeout='30']
SELECT "s"."AgvId", "s"."ActiveUnlockSlotsJson", "s"."CapabilityHash", "s"."CapabilityRevision", "s"."DepartureSafe", "s"."ForcedRecoveryGeneration", "s"."ManifestSha256", "s"."PendingAttemptIdsJson", "s"."PendingResultIdsJson", "s"."ProfileId", "s"."ProtocolCommit", "s"."ProtocolVersion", "s"."ProvenRecoveryCheckpoint", "s"."Readiness", "s"."ReasonCode", "s"."RecoveryReportId", "s"."ReportedForcedRecoveryGeneration", "s"."ReportedSlotConfigurationFingerprint", "s"."SafetyHash", "s"."SafetyReasonCodesJson", "s"."SafetyRevision", "s"."SafetyUnknownPresent", "s"."SessionGeneration", "s"."UnsettledSlotOperationAttemptId", "s"."UpdatedAt"
FROM "SessionRecoveries" AS "s"
WHERE "s"."AgvId" = @__agvId_0
LIMIT 2
[08:03:43 INF] Executed DbCommand (0ms) [Parameters=[@__agvId_0='?' (Size = 10)], CommandType='Text', CommandTimeout='30']
SELECT "v"."ForcedRecoveryGeneration"
FROM "VehicleRecoveryGenerations" AS "v"
WHERE "v"."AgvId" = @__agvId_0
LIMIT 2
[08:03:43 INF] Executed DbCommand (0ms) [Parameters=[@p5='?' (Size = 10), @p0='?' (Size = 2), @p1='?' (Size = 15), @p2='?' (Size = 31), @p3='?' (Size = 36), @p4='?' (DbType = DateTimeOffset)], CommandType='Text', CommandTimeout='30']
UPDATE "SessionRecoveries" SET "ActiveUnlockSlotsJson" = @p0, "ProvenRecoveryCheckpoint" = @p1, "ReasonCode" = @p2, "RecoveryReportId" = @p3, "UpdatedAt" = @p4
WHERE "AgvId" = @p5
RETURNING 1;
[08:03:43 INF] Executed DbCommand (0ms) [Parameters=[@__agvId_0='?' (Size = 10)], CommandType='Text', CommandTimeout='30']
SELECT "s"."AgvId", "s"."ActiveUnlockSlotsJson", "s"."CapabilityHash", "s"."CapabilityRevision", "s"."DepartureSafe", "s"."ForcedRecoveryGeneration", "s"."ManifestSha256", "s"."PendingAttemptIdsJson", "s"."PendingResultIdsJson", "s"."ProfileId", "s"."ProtocolCommit", "s"."ProtocolVersion", "s"."ProvenRecoveryCheckpoint", "s"."Readiness", "s"."ReasonCode", "s"."RecoveryReportId", "s"."ReportedForcedRecoveryGeneration", "s"."ReportedSlotConfigurationFingerprint", "s"."SafetyHash", "s"."SafetyReasonCodesJson", "s"."SafetyRevision", "s"."SafetyUnknownPresent", "s"."SessionGeneration", "s"."UnsettledSlotOperationAttemptId", "s"."UpdatedAt"
FROM "SessionRecoveries" AS "s"
WHERE "s"."AgvId" = @__agvId_0
LIMIT 2
[08:03:43 INF] Executed DbCommand (0ms) [Parameters=[@__agvId_0='?' (Size = 10)], CommandType='Text', CommandTimeout='30']
SELECT EXISTS (
    SELECT 1
    FROM "StationOperations" AS "s"
    INNER JOIN "JourneyRuntimes" AS "j" ON "s"."DemandId" = "j"."DemandId"
    WHERE "j"."AgvId" = @__agvId_0 AND "s"."Status" = 'RecoveryRequired')
[08:03:43 INF] Executed DbCommand (0ms) [Parameters=[@__agvId_0='?' (Size = 10)], CommandType='Text', CommandTimeout='30']
SELECT EXISTS (
    SELECT 1
    FROM "RecoveryWorkflows" AS "r"
    WHERE "r"."AgvId" = @__agvId_0 AND "r"."WorkflowType" = 'FORCED_MECHANICAL_RECOVERY' AND "r"."State" <> 'HistoricalOnly' AND NOT EXISTS (
        SELECT 1
        FROM "HardwareRecoveryRecords" AS "h"
        WHERE "h"."RecoveryActionId" = "r"."WorkflowId"))
[08:03:43 INF] Executed DbCommand (0ms) [Parameters=[@__agvId_0='?' (Size = 10)], CommandType='Text', CommandTimeout='30']
SELECT "a"."AgvId", "a"."ActivatedAt", "a"."ActivationId", "a"."ConfigurationVersion", "a"."Fingerprint", "a"."SlotModelVersionId", "a"."SnapshotId"
FROM "ActiveSlotConfigurations" AS "a"
WHERE "a"."AgvId" = @__agvId_0
LIMIT 1
[08:03:43 INF] Executed DbCommand (0ms) [Parameters=[@p3='?' (Size = 10), @p0='?' (Size = 5), @p1='?' (Size = 5), @p2='?' (DbType = DateTimeOffset)], CommandType='Text', CommandTimeout='30']
UPDATE "SessionRecoveries" SET "Readiness" = @p0, "ReasonCode" = @p1, "UpdatedAt" = @p2
WHERE "AgvId" = @p3
RETURNING 1;
[08:03:43 INF] Executed DbCommand (0ms) [Parameters=[@p0='?' (Size = 36), @p1='?' (Size = 64), @p2='?' (Size = 1236), @p3='?' (Size = 19), @p4='?' (DbType = DateTimeOffset), @p5='?' (Size = 742)], CommandType='Text', CommandTimeout='30']
INSERT INTO "ProtocolInbox" ("MessageId", "ContentHash", "FirstResponseJson", "MessageType", "ReceivedAt", "RequestJson")
VALUES (@p0, @p1, @p2, @p3, @p4, @p5);
[08:03:43 INF] Executed DbCommand (0ms) [Parameters=[@__agvId_0='?' (Size = 10)], CommandType='Text', CommandTimeout='30']
SELECT "r"."CommandMessageId"
FROM "RecoveryWorkflows" AS "r"
WHERE "r"."AgvId" = @__agvId_0 AND "r"."CommandMessageId" IS NOT NULL AND "r"."State" <> 'Reconciled' AND "r"."State" <> 'HistoricalOnly'
[08:03:43 INF] Executed DbCommand (0ms) [Parameters=[], CommandType='Text', CommandTimeout='30']
SELECT "p"."MessageId", "p"."AcknowledgedAt", "p"."CreatedAt", "p"."FencedAt", "p"."MessageType", "p"."PayloadJson"
FROM "ProtocolOutbox" AS "p"
WHERE "p"."MessageType" = 'ExceptionRecoverySessionSnapshot' AND "p"."AcknowledgedAt" IS NULL AND "p"."FencedAt" IS NULL
[08:03:43 INF] Executed DbCommand (0ms) [Parameters=[@__agvId_0='?' (Size = 10)], CommandType='Text', CommandTimeout='30']
SELECT "s"."ActivationId", "s"."AgvId", "s"."CommandMessageId", "s"."ConfigurationVersion", "s"."Fingerprint", "s"."IssuedAt", "s"."Kind", "s"."RecoveryRole", "s"."ResultJson", "s"."ResultReceivedAt", "s"."RolledBackToVersion", "s"."SlotModelVersionId", "s"."SnapshotId", "s"."State"
FROM "SlotConfigurationActivations" AS "s"
WHERE "s"."AgvId" = @__agvId_0 AND "s"."State" = 'PENDING_RESULT' AND "s"."RecoveryRole" = 'SLOT_CONFIGURATION'
[08:03:43 INF] Executed DbCommand (0ms) [Parameters=[@__messageId_0='?' (Size = 36)], CommandType='Text', CommandTimeout='30']
SELECT "p"."MessageId", "p"."ContentHash", "p"."FirstResponseJson", "p"."MessageType", "p"."ReceivedAt", "p"."RequestJson"
FROM "ProtocolInbox" AS "p"
WHERE "p"."MessageId" = @__messageId_0
LIMIT 2
[08:03:43 INF] Executed DbCommand (0ms) [Parameters=[@__agvId_0='?' (Size = 10)], CommandType='Text', CommandTimeout='30']
SELECT "s"."AgvId", "s"."ActiveUnlockSlotsJson", "s"."CapabilityHash", "s"."CapabilityRevision", "s"."DepartureSafe", "s"."ForcedRecoveryGeneration", "s"."ManifestSha256", "s"."PendingAttemptIdsJson", "s"."PendingResultIdsJson", "s"."ProfileId", "s"."ProtocolCommit", "s"."ProtocolVersion", "s"."ProvenRecoveryCheckpoint", "s"."Readiness", "s"."ReasonCode", "s"."RecoveryReportId", "s"."ReportedForcedRecoveryGeneration", "s"."ReportedSlotConfigurationFingerprint", "s"."SafetyHash", "s"."SafetyReasonCodesJson", "s"."SafetyRevision", "s"."SafetyUnknownPresent", "s"."SessionGeneration", "s"."UnsettledSlotOperationAttemptId", "s"."UpdatedAt"
FROM "SessionRecoveries" AS "s"
WHERE "s"."AgvId" = @__agvId_0
LIMIT 2
[08:03:43 INF] Executed DbCommand (0ms) [Parameters=[@p5='?' (Size = 10), @p0='?' (Size = 16), @p1='?' (Size = 20), @p2='?' (Size = 64), @p3='?' (DbType = Int64), @p4='?' (DbType = DateTimeOffset)], CommandType='Text', CommandTimeout='30']
UPDATE "SessionRecoveries" SET "Readiness" = @p0, "ReasonCode" = @p1, "SafetyHash" = @p2, "SafetyRevision" = @p3, "UpdatedAt" = @p4
WHERE "AgvId" = @p5
RETURNING 1;
[08:03:43 INF] Executed DbCommand (0ms) [Parameters=[@__agvId_0='?' (Size = 10)], CommandType='Text', CommandTimeout='30']
SELECT "s"."AgvId", "s"."ActiveUnlockSlotsJson", "s"."CapabilityHash", "s"."CapabilityRevision", "s"."DepartureSafe", "s"."ForcedRecoveryGeneration", "s"."ManifestSha256", "s"."PendingAttemptIdsJson", "s"."PendingResultIdsJson", "s"."ProfileId", "s"."ProtocolCommit", "s"."ProtocolVersion", "s"."ProvenRecoveryCheckpoint", "s"."Readiness", "s"."ReasonCode", "s"."RecoveryReportId", "s"."ReportedForcedRecoveryGeneration", "s"."ReportedSlotConfigurationFingerprint", "s"."SafetyHash", "s"."SafetyReasonCodesJson", "s"."SafetyRevision", "s"."SafetyUnknownPresent", "s"."SessionGeneration", "s"."UnsettledSlotOperationAttemptId", "s"."UpdatedAt"
FROM "SessionRecoveries" AS "s"
WHERE "s"."AgvId" = @__agvId_0
LIMIT 2
[08:03:43 INF] Executed DbCommand (0ms) [Parameters=[@__agvId_0='?' (Size = 10)], CommandType='Text', CommandTimeout='30']
SELECT EXISTS (
    SELECT 1
    FROM "StationOperations" AS "s"
    INNER JOIN "JourneyRuntimes" AS "j" ON "s"."DemandId" = "j"."DemandId"
    WHERE "j"."AgvId" = @__agvId_0 AND "s"."Status" = 'RecoveryRequired')
[08:03:43 INF] Executed DbCommand (0ms) [Parameters=[@__agvId_0='?' (Size = 10)], CommandType='Text', CommandTimeout='30']
SELECT EXISTS (
    SELECT 1
    FROM "RecoveryWorkflows" AS "r"
    WHERE "r"."AgvId" = @__agvId_0 AND "r"."WorkflowType" = 'FORCED_MECHANICAL_RECOVERY' AND "r"."State" <> 'HistoricalOnly' AND NOT EXISTS (
        SELECT 1
        FROM "HardwareRecoveryRecords" AS "h"
        WHERE "h"."RecoveryActionId" = "r"."WorkflowId"))
[08:03:43 INF] Executed DbCommand (0ms) [Parameters=[@__agvId_0='?' (Size = 10)], CommandType='Text', CommandTimeout='30']
SELECT "a"."AgvId", "a"."ActivatedAt", "a"."ActivationId", "a"."ConfigurationVersion", "a"."Fingerprint", "a"."SlotModelVersionId", "a"."SnapshotId"
FROM "ActiveSlotConfigurations" AS "a"
WHERE "a"."AgvId" = @__agvId_0
LIMIT 1
[08:03:43 INF] Executed DbCommand (0ms) [Parameters=[@p3='?' (Size = 10), @p0='?' (Size = 5), @p1='?' (Size = 5), @p2='?' (DbType = DateTimeOffset)], CommandType='Text', CommandTimeout='30']
UPDATE "SessionRecoveries" SET "Readiness" = @p0, "ReasonCode" = @p1, "UpdatedAt" = @p2
WHERE "AgvId" = @p3
RETURNING 1;
[08:03:43 INF] Executed DbCommand (0ms) [Parameters=[@__agvId_0='?' (Size = 10)], CommandType='Text', CommandTimeout='30']
SELECT "o"."AlarmsJson"
FROM "OnboardAlarmSnapshots" AS "o"
WHERE "o"."AgvId" = @__agvId_0
LIMIT 1
[08:03:43 INF] Executed DbCommand (0ms) [Parameters=[@p0='?' (Size = 36), @p1='?' (Size = 64), @p2='?' (Size = 1235), @p3='?' (Size = 18), @p4='?' (DbType = DateTimeOffset), @p5='?' (Size = 652)], CommandType='Text', CommandTimeout='30']
INSERT INTO "ProtocolInbox" ("MessageId", "ContentHash", "FirstResponseJson", "MessageType", "ReceivedAt", "RequestJson")
VALUES (@p0, @p1, @p2, @p3, @p4, @p5);
[08:03:43 INF] Start processing HTTP request GET http://127.0.0.1:48408/api/imap/v1/mapInfo/stations/25
[08:03:43 INF] Sending HTTP request GET http://127.0.0.1:48408/api/imap/v1/mapInfo/stations/25
[08:03:43 INF] Received HTTP response headers after 0.8953ms - 200
[08:03:43 INF] End processing HTTP request after 3.8106ms - 200
[08:03:43 INF] Executed DbCommand (0ms) [Parameters=[@__mapId_0='?' (DbType = Int32)], CommandType='Text', CommandTimeout='30']
SELECT "t"."MapId", "t"."ActiveVersion", "t"."PendingVersion", "t"."State", "t"."UpdatedAt"
FROM "TaskTypeStationActiveBindingSets" AS "t"
WHERE "t"."MapId" = @__mapId_0
LIMIT 2
[08:03:43 INF] Executed DbCommand (0ms) [Parameters=[@__mapId_0='?' (DbType = Int32), @__version_1='?' (DbType = Int64)], CommandType='Text', CommandTimeout='30']
SELECT "t"."MapId", "t"."Version", "t"."CatalogRevision", "t"."ContentSha256", "t"."LoadedAt", "t"."RuleVersion", "t"."SnapshotId", "t"."Source"
FROM "TaskTypeStationBindingSetVersions" AS "t"
WHERE "t"."MapId" = @__mapId_0 AND "t"."Version" = @__version_1
LIMIT 2
[08:03:43 INF] Executed DbCommand (0ms) [Parameters=[@__mapId_0='?' (DbType = Int32), @__version_1='?' (DbType = Int64)], CommandType='Text', CommandTimeout='30']
SELECT "t"."TaskType"
FROM "TaskTypeStationRequirements" AS "t"
WHERE "t"."MapId" = @__mapId_0 AND "t"."Version" = @__version_1
[08:03:43 INF] Executed DbCommand (0ms) [Parameters=[@__mapId_0='?' (DbType = Int32), @__version_1='?' (DbType = Int64)], CommandType='Text', CommandTimeout='30']
SELECT "t"."MapId", "t"."Version", "t"."TaskType", "t"."SiteVerificationRef", "t"."StationName", "t"."StationRiotId"
FROM "TaskTypeStationBindings" AS "t"
WHERE "t"."MapId" = @__mapId_0 AND "t"."Version" = @__version_1
[08:03:43 INF] Executed DbCommand (0ms) [Parameters=[@__version_0='?' (DbType = Int64)], CommandType='Text', CommandTimeout='30']
SELECT "t"."Version", "t"."ContentSha256", "t"."LoadedAt", "t"."SnapshotId", "t"."Source"
FROM "TaskTypeStationRuleVersions" AS "t"
WHERE "t"."Version" = @__version_0
LIMIT 2
[08:03:43 INF] Executed DbCommand (0ms) [Parameters=[@__version_0='?' (DbType = Int64)], CommandType='Text', CommandTimeout='30']
SELECT "t"."Version", "t"."TaskType", "t"."FixedEnd"
FROM "TaskTypeStationRules" AS "t"
WHERE "t"."Version" = @__version_0
[08:03:43 INF] Executed DbCommand (0ms) [Parameters=[@__mapId_0='?' (DbType = Int32)], CommandType='Text', CommandTimeout='30']
SELECT "t"."MapId", "t"."ActiveVersion", "t"."PendingVersion", "t"."State", "t"."UpdatedAt"
FROM "TaskTypeStationActiveBindingSets" AS "t"
WHERE "t"."MapId" = @__mapId_0
LIMIT 2
[08:03:43 INF] Executed DbCommand (0ms) [Parameters=[@__mapId_0='?' (DbType = Int32)], CommandType='Text', CommandTimeout='30']
SELECT "t"."HoldId", "t"."DetailJson", "t"."MapId", "t"."RaisedAt", "t"."RaisedBy", "t"."ReasonCode", "t"."ReleasedAt", "t"."ReleasedBy", "t"."Source", "t"."TaskType"
FROM "TaskTypeStationHolds" AS "t"
WHERE "t"."MapId" = @__mapId_0 AND "t"."ReleasedAt" IS NULL
[08:03:43 INF] Executed DbCommand (0ms) [Parameters=[@__mapId_0='?' (DbType = Int32)], CommandType='Text', CommandTimeout='30']
SELECT "m"."MapId", "m"."ApprovedMaxUnconfirmedSeconds", "m"."ApprovedSyncPeriodSeconds", "m"."CatalogRevision", "m"."LastAttemptAt", "m"."LastCompleteConfirmationAt", "m"."LastFailureReason", "m"."State", "m"."UpdatedAt"
FROM "MapStationCatalogStates" AS "m"
WHERE "m"."MapId" = @__mapId_0
LIMIT 2
[08:03:43 INF] Executed DbCommand (0ms) [Parameters=[@p3='?' (DbType = Int32), @p0='?' (DbType = DateTimeOffset), @p1='?' (DbType = DateTimeOffset), @p2='?' (DbType = DateTimeOffset)], CommandType='Text', CommandTimeout='30']
UPDATE "MapStationCatalogStates" SET "LastAttemptAt" = @p0, "LastCompleteConfirmationAt" = @p1, "UpdatedAt" = @p2
WHERE "MapId" = @p3
RETURNING 1;
[08:03:43 INF] Executed DbCommand (0ms) [Parameters=[@__mapId_0='?' (DbType = Int32)], CommandType='Text', CommandTimeout='30']
SELECT "t"."MapId", "t"."ActiveVersion", "t"."PendingVersion", "t"."State", "t"."UpdatedAt"
FROM "TaskTypeStationActiveBindingSets" AS "t"
WHERE "t"."MapId" = @__mapId_0
LIMIT 2
[08:03:43 INF] Executed DbCommand (0ms) [Parameters=[@__mapId_0='?' (DbType = Int32), @__version_1='?' (DbType = Int64)], CommandType='Text', CommandTimeout='30']
SELECT "t"."MapId", "t"."Version", "t"."CatalogRevision", "t"."ContentSha256", "t"."LoadedAt", "t"."RuleVersion", "t"."SnapshotId", "t"."Source"
FROM "TaskTypeStationBindingSetVersions" AS "t"
WHERE "t"."MapId" = @__mapId_0 AND "t"."Version" = @__version_1
LIMIT 2
[08:03:43 INF] Start processing HTTP request GET http://127.0.0.1:48408/api/task/v1/task/getVehicleInfo/BROKERX-L2-0001
[08:03:43 INF] Executed DbCommand (0ms) [Parameters=[@__mapId_0='?' (DbType = Int32), @__version_1='?' (DbType = Int64)], CommandType='Text', CommandTimeout='30']
SELECT "t"."TaskType"
FROM "TaskTypeStationRequirements" AS "t"
WHERE "t"."MapId" = @__mapId_0 AND "t"."Version" = @__version_1
[08:03:43 INF] Sending HTTP request GET http://127.0.0.1:48408/api/task/v1/task/getVehicleInfo/BROKERX-L2-0001
[08:03:43 INF] Executed DbCommand (0ms) [Parameters=[@__mapId_0='?' (DbType = Int32), @__version_1='?' (DbType = Int64)], CommandType='Text', CommandTimeout='30']
SELECT "t"."MapId", "t"."Version", "t"."TaskType", "t"."SiteVerificationRef", "t"."StationName", "t"."StationRiotId"
FROM "TaskTypeStationBindings" AS "t"
WHERE "t"."MapId" = @__mapId_0 AND "t"."Version" = @__version_1
[08:03:43 INF] Received HTTP response headers after 0.8019ms - 200
[08:03:43 INF] Executed DbCommand (0ms) [Parameters=[@__mapId_0='?' (DbType = Int32)], CommandType='Text', CommandTimeout='30']
SELECT "t"."MapId", "t"."ActiveVersion", "t"."PendingVersion", "t"."State", "t"."UpdatedAt"
FROM "TaskTypeStationActiveBindingSets" AS "t"
WHERE "t"."MapId" = @__mapId_0
LIMIT 2
[08:03:43 INF] End processing HTTP request after 62.9277ms - 200
[08:03:44 INF] Executed DbCommand (0ms) [Parameters=[@__mapId_0='?' (DbType = Int32), @__version_1='?' (DbType = Int64)], CommandType='Text', CommandTimeout='30']
SELECT "t"."MapId", "t"."Version", "t"."CatalogRevision", "t"."ContentSha256", "t"."LoadedAt", "t"."RuleVersion", "t"."SnapshotId", "t"."Source"
FROM "TaskTypeStationBindingSetVersions" AS "t"
WHERE "t"."MapId" = @__mapId_0 AND "t"."Version" = @__version_1
LIMIT 2
[08:03:44 INF] Start processing HTTP request GET http://127.0.0.1:48408/api/order/v1/orderRecord?pageNum=1&pageSize=100&filterByState=1&filterByState=3&filterByState=7&filterByState=9
[08:03:44 INF] Executed DbCommand (0ms) [Parameters=[@__mapId_0='?' (DbType = Int32), @__version_1='?' (DbType = Int64)], CommandType='Text', CommandTimeout='30']
SELECT "t"."TaskType"
FROM "TaskTypeStationRequirements" AS "t"
WHERE "t"."MapId" = @__mapId_0 AND "t"."Version" = @__version_1
[08:03:44 INF] Sending HTTP request GET http://127.0.0.1:48408/api/order/v1/orderRecord?pageNum=1&pageSize=100&filterByState=1&filterByState=3&filterByState=7&filterByState=9
[08:03:44 INF] Executed DbCommand (0ms) [Parameters=[@__mapId_0='?' (DbType = Int32), @__version_1='?' (DbType = Int64)], CommandType='Text', CommandTimeout='30']
SELECT "t"."MapId", "t"."Version", "t"."TaskType", "t"."SiteVerificationRef", "t"."StationName", "t"."StationRiotId"
FROM "TaskTypeStationBindings" AS "t"
WHERE "t"."MapId" = @__mapId_0 AND "t"."Version" = @__version_1
[08:03:44 INF] Received HTTP response headers after 0.9453ms - 200
[08:03:44 INF] Executed DbCommand (0ms) [Parameters=[@__version_0='?' (DbType = Int64)], CommandType='Text', CommandTimeout='30']
SELECT "t"."Version", "t"."ContentSha256", "t"."LoadedAt", "t"."SnapshotId", "t"."Source"
FROM "TaskTypeStationRuleVersions" AS "t"
WHERE "t"."Version" = @__version_0
LIMIT 2
[08:03:44 INF] End processing HTTP request after 31.045ms - 200
[08:03:44 INF] Executed DbCommand (0ms) [Parameters=[@__version_0='?' (DbType = Int64)], CommandType='Text', CommandTimeout='30']
SELECT "t"."Version", "t"."TaskType", "t"."FixedEnd"
FROM "TaskTypeStationRules" AS "t"
WHERE "t"."Version" = @__version_0
[08:03:44 INF] HTTP GET /api/onboard/v1/vehicle-safety responded 200 in 189.3957 ms
[08:03:44 INF] Executed DbCommand (0ms) [Parameters=[], CommandType='Text', CommandTimeout='30']
SELECT "a"."Id", "a"."ContentHash", "a"."DeploymentId", "a"."ImportedAt", "a"."Version"
FROM "AdmissionPolicyState" AS "a"
WHERE "a"."Id" = 1
LIMIT 2
[08:03:44 INF] Executed DbCommand (0ms) [Parameters=[], CommandType='Text', CommandTimeout='30']
SELECT "j"."JourneyId", "j"."AgvId", "j"."AgvLifecycleGeneration", "j"."AreaEndAdmissionRevokedSince", "j"."BlockReasonCode", "j"."BlockReasonSince", "j"."CargoHoldingStartedAt", "j"."ConsumedSafetyResultMessageId", "j"."ConsumedSublotMessageId", "j"."CreatedAt", "j"."DemandId", "j"."DispatchGeneration", "j"."DispatchZone", "j"."ExpectedBasketCount", "j"."FullSlotPositionsJson", "j"."GateMovementLegId", "j"."GatePlanMessageId", "j"."GateStationId", "j"."GateStationRiotId", "j"."GateUpperId", "j"."GateVehicleBusinessMessageId", "j"."GateWorklistMessageId", "j"."LoadCommandMessageId", "j"."LoadSlotOperationAttemptId", "j"."LoadingClosedReason", "j"."LoadingPhaseState", "j"."MapId", "j"."MapIdentity", "j"."OperationSessionId", "j"."PickupMovementLegId", "j"."PickupStationId", "j"."PickupStationRiotId", "j"."PickupUpperId", "j"."PlanMessageId", "j"."PlanRevision", "j"."PreDepartureSafetyCheckId", "j"."PreDepartureSafetyCheckMessageId", "j"."RouteEvidenceId", "j"."Stage", "j"."StationDepartureWaitStartedAt", "j"."SublotRequestMessageId", "j"."TargetSlotsJson", "j"."UnloadCommandMessageId", "j"."UnloadSlotOperationAttemptId", "j"."UpdatedAt", "j"."VehicleBusinessMessageId", "j"."VehicleBusinessRevision", "j"."VehicleKey", "j"."WorklistMessageId", "j"."WorklistRevision", "j"."YieldTriggeredAt", "j"."YieldTriggeredByVehicleKey"
FROM "JourneyRuntimes" AS "j"
WHERE "j"."Stage" <> 'Completed'
[08:03:44 INF] Executed DbCommand (0ms) [Parameters=[], CommandType='Text', CommandTimeout='30']
SELECT "a"."DemandId"
FROM "AcceptedDemands" AS "a"
WHERE "a"."Status" NOT IN ('Succeeded', 'Cancelled')
[08:03:44 INF] Executed DbCommand (0ms) [Parameters=[], CommandType='Text', CommandTimeout='30']
SELECT "j"."DemandId"
FROM "JourneyRuntimes" AS "j"
[08:03:44 INF] Start processing HTTP request GET http://127.0.0.1:48409/api/v2/contract
[08:03:44 INF] Sending HTTP request GET http://127.0.0.1:48409/api/v2/contract
[08:03:44 INF] Received HTTP response headers after 0.9042ms - 200
[08:03:44 INF] End processing HTTP request after 6.3856ms - 200
[08:03:44 INF] Start processing HTTP request GET http://127.0.0.1:48409/api/v2/externally-readable-demand-catalog
[08:03:44 INF] Sending HTTP request GET http://127.0.0.1:48409/api/v2/externally-readable-demand-catalog
[08:03:44 INF] Received HTTP response headers after 1.0337ms - 200
[08:03:44 INF] End processing HTTP request after 63.1668ms - 200
[08:03:44 INF] Executed DbCommand (0ms) [Parameters=[], CommandType='Text', CommandTimeout='30']
SELECT "j"."DemandId", "j"."AcceptedAt", "j"."DecisionFingerprint", "j"."DemandCreatedAt", "j"."FirstSeenAt", "j"."LastSeenAt", "j"."ReasonCode", "j"."StarvationEscalatedAt", "j"."StarvationEscalationParameterVersion", "j"."TransportDemandKey"
FROM "JourneyBacklog" AS "j"
[08:03:44 INF] Executed DbCommand (0ms) [Parameters=[], CommandType='Text', CommandTimeout='30']
SELECT "a"."DemandId"
FROM "AcceptedDemands" AS "a"
[08:03:44 INF] Executed DbCommand (0ms) [Parameters=[], CommandType='Text', CommandTimeout='30']
SELECT "v"."AgvId", "v"."TaskType", "v"."Allowed", "v"."ConfigurationVersion", "v"."UpdatedAt"
FROM "VehicleTaskTypeAdmissions" AS "v"
[08:03:44 INF] Executed DbCommand (0ms) [Parameters=[], CommandType='Text', CommandTimeout='30']
SELECT "v"."AgvId", "v"."ConfigurationVersion", "v"."RoundTimeoutMilliseconds", "v"."UpdatedAt"
FROM "VehicleDispatchBudgets" AS "v"
[08:03:44 INF] Executed DbCommand (0ms) [Parameters=[], CommandType='Text', CommandTimeout='30']
SELECT "d"."Zone", "d"."AgvId", "d"."ConfigurationVersion", "d"."UpdatedAt"
FROM "DispatchZoneVehicles" AS "d"
[08:03:44 INF] Executed DbCommand (0ms) [Parameters=[], CommandType='Text', CommandTimeout='30']
SELECT MAX("d"."Version")
FROM "DispatchZoneAreaAssignmentVersions" AS "d"
[08:03:44 INF] Executed DbCommand (0ms) [Parameters=[@__version_0='?' (DbType = Int64)], CommandType='Text', CommandTimeout='30']
SELECT "d"."Version", "d"."ContentSha256", "d"."EntryCount", "d"."ImportedAt", "d"."SnapshotId"
FROM "DispatchZoneAreaAssignmentVersions" AS "d"
WHERE "d"."Version" = @__version_0
LIMIT 2
[08:03:44 INF] Executed DbCommand (0ms) [Parameters=[@__version_0='?' (DbType = Int64)], CommandType='Text', CommandTimeout='30']
SELECT "d"."Version", "d"."Area", "d"."DispatchZone", "d"."SlotPosition"
FROM "DispatchZoneAreaAssignments" AS "d"
WHERE "d"."Version" = @__version_0
[08:03:44 INF] Executed DbCommand (0ms) [Parameters=[@__agvId_0='?' (Size = 10)], CommandType='Text', CommandTimeout='30']
SELECT "a"."SlotModelVersionId", "a"."SnapshotId"
FROM "ActiveSlotConfigurations" AS "a"
WHERE "a"."AgvId" = @__agvId_0
LIMIT 2
[08:03:44 INF] Executed DbCommand (0ms) [Parameters=[@__agvId_0='?' (Size = 10)], CommandType='Text', CommandTimeout='30']
SELECT "s"."SlotModelVersionId", "s"."CreatedAt"
FROM "SlotIoBindings" AS "s"
WHERE "s"."AgvId" = @__agvId_0 AND "s"."Status" = 'PUBLISHED'
[08:03:44 INF] Executed DbCommand (0ms) [Parameters=[@__slotModelVersionId_0='?' (Size = 32)], CommandType='Text', CommandTimeout='30']
SELECT "s"."SlotModelVersionId", "s"."PhysicalSlotNumber", "s"."SlotPosition", "s"."SlotTemplateId"
FROM "SlotModelSlots" AS "s"
WHERE "s"."SlotModelVersionId" = @__slotModelVersionId_0
[08:03:44 INF] Executed DbCommand (0ms) [Parameters=[@__agvId_0='?' (Size = 10)], CommandType='Text', CommandTimeout='30']
SELECT "s"."AgvId", "s"."ActiveUnlockSlotsJson", "s"."CapabilityHash", "s"."CapabilityRevision", "s"."DepartureSafe", "s"."ForcedRecoveryGeneration", "s"."ManifestSha256", "s"."PendingAttemptIdsJson", "s"."PendingResultIdsJson", "s"."ProfileId", "s"."ProtocolCommit", "s"."ProtocolVersion", "s"."ProvenRecoveryCheckpoint", "s"."Readiness", "s"."ReasonCode", "s"."RecoveryReportId", "s"."ReportedForcedRecoveryGeneration", "s"."ReportedSlotConfigurationFingerprint", "s"."SafetyHash", "s"."SafetyReasonCodesJson", "s"."SafetyRevision", "s"."SafetyUnknownPresent", "s"."SessionGeneration", "s"."UnsettledSlotOperationAttemptId", "s"."UpdatedAt"
FROM "SessionRecoveries" AS "s"
WHERE "s"."AgvId" = @__agvId_0 AND "s"."Readiness" = 'Ready'
LIMIT 2
[08:03:44 INF] Executed DbCommand (0ms) [Parameters=[@__messageType_0='?' (Size = 18)], CommandType='Text', CommandTimeout='30']
SELECT "p"."MessageId", "p"."ContentHash", "p"."FirstResponseJson", "p"."MessageType", "p"."ReceivedAt", "p"."RequestJson"
FROM "ProtocolInbox" AS "p"
WHERE "p"."MessageType" = @__messageType_0
[08:03:44 INF] Executed DbCommand (0ms) [Parameters=[], CommandType='Text', CommandTimeout='30']
SELECT "p"."MessageId", "p"."ContentHash", "p"."FirstResponseJson", "p"."MessageType", "p"."ReceivedAt", "p"."RequestJson"
FROM "ProtocolInbox" AS "p"
WHERE "p"."MessageType" = 'SafetyStateSnapshot'
[08:03:44 INF] Executed DbCommand (0ms) [Parameters=[], CommandType='Text', CommandTimeout='30']
SELECT "p"."MessageId", "p"."ContentHash", "p"."FirstResponseJson", "p"."MessageType", "p"."ReceivedAt", "p"."RequestJson"
FROM "ProtocolInbox" AS "p"
WHERE "p"."MessageType" IN ('SafetyStateSnapshot', 'SafetyStateChanged')
[08:03:44 INF] Executed DbCommand (0ms) [Parameters=[], CommandType='Text', CommandTimeout='30']
SELECT "p"."MessageId", "p"."ContentHash", "p"."FirstResponseJson", "p"."MessageType", "p"."ReceivedAt", "p"."RequestJson"
FROM "ProtocolInbox" AS "p"
[08:03:44 INF] Start processing HTTP request GET http://127.0.0.1:48408/api/task/vehicles/getVehicleInfoByDeviceKey?key=BROKERX-L2-0001
[08:03:44 INF] Sending HTTP request GET http://127.0.0.1:48408/api/task/vehicles/getVehicleInfoByDeviceKey?key=BROKERX-L2-0001
[08:03:44 INF] Received HTTP response headers after 0.7798ms - 200
[08:03:44 INF] End processing HTTP request after 2.9965ms - 200
[08:03:44 INF] Executed DbCommand (0ms) [Parameters=[@p1='?' (Size = 36), @p0='?' (DbType = DateTimeOffset)], CommandType='Text', CommandTimeout='30']
UPDATE "JourneyBacklog" SET "LastSeenAt" = @p0
WHERE "DemandId" = @p1
RETURNING 1;
[08:03:44 INF] Executed DbCommand (0ms) [Parameters=[], CommandType='Text', CommandTimeout='30']
SELECT "s"."DemandId", "s"."ReasonCode", "s"."ClearedAt", "s"."DetailJson", "s"."FirstRaisedAt", "s"."LastSeenAt", "s"."TransportDemandKey"
FROM "StructuralDispatchBlocks" AS "s"
WHERE "s"."ClearedAt" IS NULL
[08:03:44 INF] Start processing HTTP request GET http://127.0.0.1:48408/api/imap/v1/mapInfo/stations/25
[08:03:44 INF] Sending HTTP request GET http://127.0.0.1:48408/api/imap/v1/mapInfo/stations/25
[08:03:44 INF] Received HTTP response headers after 1.0413ms - 200
[08:03:44 INF] End processing HTTP request after 16.0084ms - 200
[08:03:44 INF] Executed DbCommand (0ms) [Parameters=[@__mapId_0='?' (DbType = Int32)], CommandType='Text', CommandTimeout='30']
SELECT "t"."MapId", "t"."ActiveVersion", "t"."PendingVersion", "t"."State", "t"."UpdatedAt"
FROM "TaskTypeStationActiveBindingSets" AS "t"
WHERE "t"."MapId" = @__mapId_0
LIMIT 2
[08:03:44 INF] Executed DbCommand (0ms) [Parameters=[@__mapId_0='?' (DbType = Int32), @__version_1='?' (DbType = Int64)], CommandType='Text', CommandTimeout='30']
SELECT "t"."MapId", "t"."Version", "t"."CatalogRevision", "t"."ContentSha256", "t"."LoadedAt", "t"."RuleVersion", "t"."SnapshotId", "t"."Source"
FROM "TaskTypeStationBindingSetVersions" AS "t"
WHERE "t"."MapId" = @__mapId_0 AND "t"."Version" = @__version_1
LIMIT 2
[08:03:44 INF] Executed DbCommand (0ms) [Parameters=[@__mapId_0='?' (DbType = Int32), @__version_1='?' (DbType = Int64)], CommandType='Text', CommandTimeout='30']
SELECT "t"."TaskType"
FROM "TaskTypeStationRequirements" AS "t"
WHERE "t"."MapId" = @__mapId_0 AND "t"."Version" = @__version_1
[08:03:44 INF] Executed DbCommand (0ms) [Parameters=[@__mapId_0='?' (DbType = Int32), @__version_1='?' (DbType = Int64)], CommandType='Text', CommandTimeout='30']
SELECT "t"."MapId", "t"."Version", "t"."TaskType", "t"."SiteVerificationRef", "t"."StationName", "t"."StationRiotId"
FROM "TaskTypeStationBindings" AS "t"
WHERE "t"."MapId" = @__mapId_0 AND "t"."Version" = @__version_1
[08:03:44 INF] Executed DbCommand (0ms) [Parameters=[@__version_0='?' (DbType = Int64)], CommandType='Text', CommandTimeout='30']
SELECT "t"."Version", "t"."ContentSha256", "t"."LoadedAt", "t"."SnapshotId", "t"."Source"
FROM "TaskTypeStationRuleVersions" AS "t"
WHERE "t"."Version" = @__version_0
LIMIT 2
[08:03:44 INF] Executed DbCommand (0ms) [Parameters=[@__version_0='?' (DbType = Int64)], CommandType='Text', CommandTimeout='30']
SELECT "t"."Version", "t"."TaskType", "t"."FixedEnd"
FROM "TaskTypeStationRules" AS "t"
WHERE "t"."Version" = @__version_0
[08:03:44 INF] Executed DbCommand (0ms) [Parameters=[@__mapId_0='?' (DbType = Int32)], CommandType='Text', CommandTimeout='30']
SELECT "t"."MapId", "t"."ActiveVersion", "t"."PendingVersion", "t"."State", "t"."UpdatedAt"
FROM "TaskTypeStationActiveBindingSets" AS "t"
WHERE "t"."MapId" = @__mapId_0
LIMIT 2
[08:03:44 INF] Executed DbCommand (0ms) [Parameters=[@__mapId_0='?' (DbType = Int32)], CommandType='Text', CommandTimeout='30']
SELECT "t"."HoldId", "t"."DetailJson", "t"."MapId", "t"."RaisedAt", "t"."RaisedBy", "t"."ReasonCode", "t"."ReleasedAt", "t"."ReleasedBy", "t"."Source", "t"."TaskType"
FROM "TaskTypeStationHolds" AS "t"
WHERE "t"."MapId" = @__mapId_0 AND "t"."ReleasedAt" IS NULL
[08:03:44 INF] Executed DbCommand (0ms) [Parameters=[@__mapId_0='?' (DbType = Int32)], CommandType='Text', CommandTimeout='30']
SELECT "m"."MapId", "m"."ApprovedMaxUnconfirmedSeconds", "m"."ApprovedSyncPeriodSeconds", "m"."CatalogRevision", "m"."LastAttemptAt", "m"."LastCompleteConfirmationAt", "m"."LastFailureReason", "m"."State", "m"."UpdatedAt"
FROM "MapStationCatalogStates" AS "m"
WHERE "m"."MapId" = @__mapId_0
LIMIT 2
[08:03:44 INF] Executed DbCommand (0ms) [Parameters=[@p3='?' (DbType = Int32), @p0='?' (DbType = DateTimeOffset), @p1='?' (DbType = DateTimeOffset), @p2='?' (DbType = DateTimeOffset)], CommandType='Text', CommandTimeout='30']
UPDATE "MapStationCatalogStates" SET "LastAttemptAt" = @p0, "LastCompleteConfirmationAt" = @p1, "UpdatedAt" = @p2
WHERE "MapId" = @p3
RETURNING 1;
[08:03:44 INF] Executed DbCommand (0ms) [Parameters=[@__mapId_0='?' (DbType = Int32)], CommandType='Text', CommandTimeout='30']
SELECT "t"."MapId", "t"."ActiveVersion", "t"."PendingVersion", "t"."State", "t"."UpdatedAt"
FROM "TaskTypeStationActiveBindingSets" AS "t"
WHERE "t"."MapId" = @__mapId_0
LIMIT 2
[08:03:44 INF] Executed DbCommand (0ms) [Parameters=[@__mapId_0='?' (DbType = Int32), @__version_1='?' (DbType = Int64)], CommandType='Text', CommandTimeout='30']
SELECT "t"."MapId", "t"."Version", "t"."CatalogRevision", "t"."ContentSha256", "t"."LoadedAt", "t"."RuleVersion", "t"."SnapshotId", "t"."Source"
FROM "TaskTypeStationBindingSetVersions" AS "t"
WHERE "t"."MapId" = @__mapId_0 AND "t"."Version" = @__version_1
LIMIT 2
[08:03:44 INF] Executed DbCommand (0ms) [Parameters=[@__mapId_0='?' (DbType = Int32), @__version_1='?' (DbType = Int64)], CommandType='Text', CommandTimeout='30']
SELECT "t"."TaskType"
FROM "TaskTypeStationRequirements" AS "t"
WHERE "t"."MapId" = @__mapId_0 AND "t"."Version" = @__version_1
[08:03:44 INF] Executed DbCommand (0ms) [Parameters=[@__mapId_0='?' (DbType = Int32), @__version_1='?' (DbType = Int64)], CommandType='Text', CommandTimeout='30']
SELECT "t"."MapId", "t"."Version", "t"."TaskType", "t"."SiteVerificationRef", "t"."StationName", "t"."StationRiotId"
FROM "TaskTypeStationBindings" AS "t"
WHERE "t"."MapId" = @__mapId_0 AND "t"."Version" = @__version_1
[08:03:44 INF] Executed DbCommand (0ms) [Parameters=[@__mapId_0='?' (DbType = Int32)], CommandType='Text', CommandTimeout='30']
SELECT "t"."MapId", "t"."ActiveVersion", "t"."PendingVersion", "t"."State", "t"."UpdatedAt"
FROM "TaskTypeStationActiveBindingSets" AS "t"
WHERE "t"."MapId" = @__mapId_0
LIMIT 2
[08:03:44 INF] Executed DbCommand (0ms) [Parameters=[@__mapId_0='?' (DbType = Int32), @__version_1='?' (DbType = Int64)], CommandType='Text', CommandTimeout='30']
SELECT "t"."MapId", "t"."Version", "t"."CatalogRevision", "t"."ContentSha256", "t"."LoadedAt", "t"."RuleVersion", "t"."SnapshotId", "t"."Source"
FROM "TaskTypeStationBindingSetVersions" AS "t"
WHERE "t"."MapId" = @__mapId_0 AND "t"."Version" = @__version_1
LIMIT 2
[08:03:44 INF] Executed DbCommand (0ms) [Parameters=[@__mapId_0='?' (DbType = Int32), @__version_1='?' (DbType = Int64)], CommandType='Text', CommandTimeout='30']
SELECT "t"."TaskType"
FROM "TaskTypeStationRequirements" AS "t"
WHERE "t"."MapId" = @__mapId_0 AND "t"."Version" = @__version_1
[08:03:44 INF] Executed DbCommand (0ms) [Parameters=[@__mapId_0='?' (DbType = Int32), @__version_1='?' (DbType = Int64)], CommandType='Text', CommandTimeout='30']
SELECT "t"."MapId", "t"."Version", "t"."TaskType", "t"."SiteVerificationRef", "t"."StationName", "t"."StationRiotId"
FROM "TaskTypeStationBindings" AS "t"
WHERE "t"."MapId" = @__mapId_0 AND "t"."Version" = @__version_1
[08:03:44 INF] Executed DbCommand (0ms) [Parameters=[@__version_0='?' (DbType = Int64)], CommandType='Text', CommandTimeout='30']
SELECT "t"."Version", "t"."ContentSha256", "t"."LoadedAt", "t"."SnapshotId", "t"."Source"
FROM "TaskTypeStationRuleVersions" AS "t"
WHERE "t"."Version" = @__version_0
LIMIT 2
[08:03:44 INF] Executed DbCommand (0ms) [Parameters=[@__version_0='?' (DbType = Int64)], CommandType='Text', CommandTimeout='30']
SELECT "t"."Version", "t"."TaskType", "t"."FixedEnd"
FROM "TaskTypeStationRules" AS "t"
WHERE "t"."Version" = @__version_0
[08:03:44 INF] Executed DbCommand (0ms) [Parameters=[], CommandType='Text', CommandTimeout='30']
SELECT "a"."Id", "a"."ContentHash", "a"."DeploymentId", "a"."ImportedAt", "a"."Version"
FROM "AdmissionPolicyState" AS "a"
WHERE "a"."Id" = 1
LIMIT 2
[08:03:44 INF] Executed DbCommand (0ms) [Parameters=[], CommandType='Text', CommandTimeout='30']
SELECT "j"."JourneyId", "j"."AgvId", "j"."AgvLifecycleGeneration", "j"."AreaEndAdmissionRevokedSince", "j"."BlockReasonCode", "j"."BlockReasonSince", "j"."CargoHoldingStartedAt", "j"."ConsumedSafetyResultMessageId", "j"."ConsumedSublotMessageId", "j"."CreatedAt", "j"."DemandId", "j"."DispatchGeneration", "j"."DispatchZone", "j"."ExpectedBasketCount", "j"."FullSlotPositionsJson", "j"."GateMovementLegId", "j"."GatePlanMessageId", "j"."GateStationId", "j"."GateStationRiotId", "j"."GateUpperId", "j"."GateVehicleBusinessMessageId", "j"."GateWorklistMessageId", "j"."LoadCommandMessageId", "j"."LoadSlotOperationAttemptId", "j"."LoadingClosedReason", "j"."LoadingPhaseState", "j"."MapId", "j"."MapIdentity", "j"."OperationSessionId", "j"."PickupMovementLegId", "j"."PickupStationId", "j"."PickupStationRiotId", "j"."PickupUpperId", "j"."PlanMessageId", "j"."PlanRevision", "j"."PreDepartureSafetyCheckId", "j"."PreDepartureSafetyCheckMessageId", "j"."RouteEvidenceId", "j"."Stage", "j"."StationDepartureWaitStartedAt", "j"."SublotRequestMessageId", "j"."TargetSlotsJson", "j"."UnloadCommandMessageId", "j"."UnloadSlotOperationAttemptId", "j"."UpdatedAt", "j"."VehicleBusinessMessageId", "j"."VehicleBusinessRevision", "j"."VehicleKey", "j"."WorklistMessageId", "j"."WorklistRevision", "j"."YieldTriggeredAt", "j"."YieldTriggeredByVehicleKey"
FROM "JourneyRuntimes" AS "j"
WHERE "j"."Stage" <> 'Completed'
[08:03:44 INF] Executed DbCommand (0ms) [Parameters=[], CommandType='Text', CommandTimeout='30']
SELECT "a"."DemandId"
FROM "AcceptedDemands" AS "a"
WHERE "a"."Status" NOT IN ('Succeeded', 'Cancelled')
[08:03:44 INF] Executed DbCommand (0ms) [Parameters=[], CommandType='Text', CommandTimeout='30']
SELECT "j"."DemandId"
FROM "JourneyRuntimes" AS "j"
[08:03:44 INF] Start processing HTTP request GET http://127.0.0.1:48409/api/v2/contract
[08:03:44 INF] Sending HTTP request GET http://127.0.0.1:48409/api/v2/contract
[08:03:44 INF] Received HTTP response headers after 0.8041ms - 200
[08:03:44 INF] End processing HTTP request after 2.3905ms - 200
[08:03:44 INF] Start processing HTTP request GET http://127.0.0.1:48409/api/v2/externally-readable-demand-catalog
[08:03:44 INF] Sending HTTP request GET http://127.0.0.1:48409/api/v2/externally-readable-demand-catalog
[08:03:44 INF] Received HTTP response headers after 1.2461ms - 200
[08:03:44 INF] End processing HTTP request after 49.9514ms - 200
[08:03:44 INF] Executed DbCommand (0ms) [Parameters=[], CommandType='Text', CommandTimeout='30']
SELECT "j"."DemandId", "j"."AcceptedAt", "j"."DecisionFingerprint", "j"."DemandCreatedAt", "j"."FirstSeenAt", "j"."LastSeenAt", "j"."ReasonCode", "j"."StarvationEscalatedAt", "j"."StarvationEscalationParameterVersion", "j"."TransportDemandKey"
FROM "JourneyBacklog" AS "j"
[08:03:45 INF] Executed DbCommand (0ms) [Parameters=[], CommandType='Text', CommandTimeout='30']
SELECT "a"."DemandId"
FROM "AcceptedDemands" AS "a"
[08:03:45 INF] Executed DbCommand (0ms) [Parameters=[], CommandType='Text', CommandTimeout='30']
SELECT "v"."AgvId", "v"."TaskType", "v"."Allowed", "v"."ConfigurationVersion", "v"."UpdatedAt"
FROM "VehicleTaskTypeAdmissions" AS "v"
[08:03:45 INF] Executed DbCommand (0ms) [Parameters=[], CommandType='Text', CommandTimeout='30']
SELECT "v"."AgvId", "v"."ConfigurationVersion", "v"."RoundTimeoutMilliseconds", "v"."UpdatedAt"
FROM "VehicleDispatchBudgets" AS "v"
[08:03:45 INF] Executed DbCommand (0ms) [Parameters=[], CommandType='Text', CommandTimeout='30']
SELECT "d"."Zone", "d"."AgvId", "d"."ConfigurationVersion", "d"."UpdatedAt"
FROM "DispatchZoneVehicles" AS "d"
[08:03:45 INF] Executed DbCommand (0ms) [Parameters=[], CommandType='Text', CommandTimeout='30']
SELECT MAX("d"."Version")
FROM "DispatchZoneAreaAssignmentVersions" AS "d"
[08:03:45 INF] Executed DbCommand (0ms) [Parameters=[@__version_0='?' (DbType = Int64)], CommandType='Text', CommandTimeout='30']
SELECT "d"."Version", "d"."ContentSha256", "d"."EntryCount", "d"."ImportedAt", "d"."SnapshotId"
FROM "DispatchZoneAreaAssignmentVersions" AS "d"
WHERE "d"."Version" = @__version_0
LIMIT 2
[08:03:45 INF] Executed DbCommand (0ms) [Parameters=[@__version_0='?' (DbType = Int64)], CommandType='Text', CommandTimeout='30']
SELECT "d"."Version", "d"."Area", "d"."DispatchZone", "d"."SlotPosition"
FROM "DispatchZoneAreaAssignments" AS "d"
WHERE "d"."Version" = @__version_0
[08:03:45 INF] Executed DbCommand (0ms) [Parameters=[@__agvId_0='?' (Size = 10)], CommandType='Text', CommandTimeout='30']
SELECT "a"."SlotModelVersionId", "a"."SnapshotId"
FROM "ActiveSlotConfigurations" AS "a"
WHERE "a"."AgvId" = @__agvId_0
LIMIT 2
[08:03:45 INF] Executed DbCommand (0ms) [Parameters=[@__agvId_0='?' (Size = 10)], CommandType='Text', CommandTimeout='30']
SELECT "s"."SlotModelVersionId", "s"."CreatedAt"
FROM "SlotIoBindings" AS "s"
WHERE "s"."AgvId" = @__agvId_0 AND "s"."Status" = 'PUBLISHED'
[08:03:45 INF] Executed DbCommand (0ms) [Parameters=[@__slotModelVersionId_0='?' (Size = 32)], CommandType='Text', CommandTimeout='30']
SELECT "s"."SlotModelVersionId", "s"."PhysicalSlotNumber", "s"."SlotPosition", "s"."SlotTemplateId"
FROM "SlotModelSlots" AS "s"
WHERE "s"."SlotModelVersionId" = @__slotModelVersionId_0
[08:03:45 INF] Executed DbCommand (0ms) [Parameters=[@__agvId_0='?' (Size = 10)], CommandType='Text', CommandTimeout='30']
SELECT "s"."AgvId", "s"."ActiveUnlockSlotsJson", "s"."CapabilityHash", "s"."CapabilityRevision", "s"."DepartureSafe", "s"."ForcedRecoveryGeneration", "s"."ManifestSha256", "s"."PendingAttemptIdsJson", "s"."PendingResultIdsJson", "s"."ProfileId", "s"."ProtocolCommit", "s"."ProtocolVersion", "s"."ProvenRecoveryCheckpoint", "s"."Readiness", "s"."ReasonCode", "s"."RecoveryReportId", "s"."ReportedForcedRecoveryGeneration", "s"."ReportedSlotConfigurationFingerprint", "s"."SafetyHash", "s"."SafetyReasonCodesJson", "s"."SafetyRevision", "s"."SafetyUnknownPresent", "s"."SessionGeneration", "s"."UnsettledSlotOperationAttemptId", "s"."UpdatedAt"
FROM "SessionRecoveries" AS "s"
WHERE "s"."AgvId" = @__agvId_0 AND "s"."Readiness" = 'Ready'
LIMIT 2
[08:03:45 INF] Executed DbCommand (0ms) [Parameters=[@__messageType_0='?' (Size = 18)], CommandType='Text', CommandTimeout='30']
SELECT "p"."MessageId", "p"."ContentHash", "p"."FirstResponseJson", "p"."MessageType", "p"."ReceivedAt", "p"."RequestJson"
FROM "ProtocolInbox" AS "p"
WHERE "p"."MessageType" = @__messageType_0
[08:03:45 INF] Executed DbCommand (0ms) [Parameters=[], CommandType='Text', CommandTimeout='30']
SELECT "p"."MessageId", "p"."ContentHash", "p"."FirstResponseJson", "p"."MessageType", "p"."ReceivedAt", "p"."RequestJson"
FROM "ProtocolInbox" AS "p"
WHERE "p"."MessageType" = 'SafetyStateSnapshot'
[08:03:45 INF] Executed DbCommand (0ms) [Parameters=[], CommandType='Text', CommandTimeout='30']
SELECT "p"."MessageId", "p"."ContentHash", "p"."FirstResponseJson", "p"."MessageType", "p"."ReceivedAt", "p"."RequestJson"
FROM "ProtocolInbox" AS "p"
WHERE "p"."MessageType" IN ('SafetyStateSnapshot', 'SafetyStateChanged')
[08:03:45 INF] Executed DbCommand (0ms) [Parameters=[], CommandType='Text', CommandTimeout='30']
SELECT "p"."MessageId", "p"."ContentHash", "p"."FirstResponseJson", "p"."MessageType", "p"."ReceivedAt", "p"."RequestJson"
FROM "ProtocolInbox" AS "p"
[08:03:45 INF] Start processing HTTP request GET http://127.0.0.1:48408/api/task/vehicles/getVehicleInfoByDeviceKey?key=BROKERX-L2-0001
[08:03:45 INF] Sending HTTP request GET http://127.0.0.1:48408/api/task/vehicles/getVehicleInfoByDeviceKey?key=BROKERX-L2-0001
[08:03:45 INF] Received HTTP response headers after 0.8222ms - 200
[08:03:45 INF] End processing HTTP request after 2.686ms - 200
[08:03:45 INF] Executed DbCommand (0ms) [Parameters=[@p1='?' (Size = 36), @p0='?' (DbType = DateTimeOffset)], CommandType='Text', CommandTimeout='30']
UPDATE "JourneyBacklog" SET "LastSeenAt" = @p0
WHERE "DemandId" = @p1
RETURNING 1;
[08:03:45 INF] Executed DbCommand (0ms) [Parameters=[], CommandType='Text', CommandTimeout='30']
SELECT "s"."DemandId", "s"."ReasonCode", "s"."ClearedAt", "s"."DetailJson", "s"."FirstRaisedAt", "s"."LastSeenAt", "s"."TransportDemandKey"
FROM "StructuralDispatchBlocks" AS "s"
WHERE "s"."ClearedAt" IS NULL
[08:03:45 INF] Start processing HTTP request GET http://127.0.0.1:48408/api/task/v1/task/getVehicleInfo/BROKERX-L2-0001
[08:03:45 INF] Sending HTTP request GET http://127.0.0.1:48408/api/task/v1/task/getVehicleInfo/BROKERX-L2-0001
[08:03:45 INF] Received HTTP response headers after 0.8022ms - 200
[08:03:45 INF] End processing HTTP request after 15.5086ms - 200
[08:03:45 INF] Start processing HTTP request GET http://127.0.0.1:48408/api/order/v1/orderRecord?pageNum=1&pageSize=100&filterByState=1&filterByState=3&filterByState=7&filterByState=9
[08:03:45 INF] Sending HTTP request GET http://127.0.0.1:48408/api/order/v1/orderRecord?pageNum=1&pageSize=100&filterByState=1&filterByState=3&filterByState=7&filterByState=9
[08:03:45 INF] Received HTTP response headers after 0.8443ms - 200
[08:03:45 INF] End processing HTTP request after 3.9521ms - 200
[08:03:45 INF] HTTP GET /api/onboard/v1/vehicle-safety responded 200 in 37.6601 ms
[08:03:45 INF] Executed DbCommand (0ms) [Parameters=[@__messageId_0='?' (Size = 36)], CommandType='Text', CommandTimeout='30']
SELECT "p"."MessageId", "p"."ContentHash", "p"."FirstResponseJson", "p"."MessageType", "p"."ReceivedAt", "p"."RequestJson"
FROM "ProtocolInbox" AS "p"
WHERE "p"."MessageId" = @__messageId_0
LIMIT 2
[08:03:45 INF] Executed DbCommand (0ms) [Parameters=[@p0='?' (Size = 36), @p1='?' (Size = 64), @p2='?' (Size = 535), @p3='?' (Size = 9), @p4='?' (DbType = DateTimeOffset), @p5='?' (Size = 427)], CommandType='Text', CommandTimeout='30']
INSERT INTO "ProtocolInbox" ("MessageId", "ContentHash", "FirstResponseJson", "MessageType", "ReceivedAt", "RequestJson")
VALUES (@p0, @p1, @p2, @p3, @p4, @p5);
[08:03:45 INF] Start processing HTTP request GET http://127.0.0.1:48408/api/imap/v1/mapInfo/stations/25
[08:03:45 INF] Sending HTTP request GET http://127.0.0.1:48408/api/imap/v1/mapInfo/stations/25
[08:03:45 INF] Received HTTP response headers after 0.8391ms - 200
[08:03:45 INF] End processing HTTP request after 15.8571ms - 200
[08:03:45 INF] Executed DbCommand (0ms) [Parameters=[@__mapId_0='?' (DbType = Int32)], CommandType='Text', CommandTimeout='30']
SELECT "t"."MapId", "t"."ActiveVersion", "t"."PendingVersion", "t"."State", "t"."UpdatedAt"
FROM "TaskTypeStationActiveBindingSets" AS "t"
WHERE "t"."MapId" = @__mapId_0
LIMIT 2
[08:03:45 INF] Executed DbCommand (0ms) [Parameters=[@__mapId_0='?' (DbType = Int32), @__version_1='?' (DbType = Int64)], CommandType='Text', CommandTimeout='30']
SELECT "t"."MapId", "t"."Version", "t"."CatalogRevision", "t"."ContentSha256", "t"."LoadedAt", "t"."RuleVersion", "t"."SnapshotId", "t"."Source"
FROM "TaskTypeStationBindingSetVersions" AS "t"
WHERE "t"."MapId" = @__mapId_0 AND "t"."Version" = @__version_1
LIMIT 2
[08:03:45 INF] Executed DbCommand (0ms) [Parameters=[@__mapId_0='?' (DbType = Int32), @__version_1='?' (DbType = Int64)], CommandType='Text', CommandTimeout='30']
SELECT "t"."TaskType"
FROM "TaskTypeStationRequirements" AS "t"
WHERE "t"."MapId" = @__mapId_0 AND "t"."Version" = @__version_1
[08:03:45 INF] Executed DbCommand (0ms) [Parameters=[@__mapId_0='?' (DbType = Int32), @__version_1='?' (DbType = Int64)], CommandType='Text', CommandTimeout='30']
SELECT "t"."MapId", "t"."Version", "t"."TaskType", "t"."SiteVerificationRef", "t"."StationName", "t"."StationRiotId"
FROM "TaskTypeStationBindings" AS "t"
WHERE "t"."MapId" = @__mapId_0 AND "t"."Version" = @__version_1
[08:03:45 INF] Executed DbCommand (0ms) [Parameters=[@__version_0='?' (DbType = Int64)], CommandType='Text', CommandTimeout='30']
SELECT "t"."Version", "t"."ContentSha256", "t"."LoadedAt", "t"."SnapshotId", "t"."Source"
FROM "TaskTypeStationRuleVersions" AS "t"
WHERE "t"."Version" = @__version_0
LIMIT 2
[08:03:45 INF] Executed DbCommand (0ms) [Parameters=[@__version_0='?' (DbType = Int64)], CommandType='Text', CommandTimeout='30']
SELECT "t"."Version", "t"."TaskType", "t"."FixedEnd"
FROM "TaskTypeStationRules" AS "t"
WHERE "t"."Version" = @__version_0
[08:03:45 INF] Executed DbCommand (0ms) [Parameters=[@__mapId_0='?' (DbType = Int32)], CommandType='Text', CommandTimeout='30']
SELECT "t"."MapId", "t"."ActiveVersion", "t"."PendingVersion", "t"."State", "t"."UpdatedAt"
FROM "TaskTypeStationActiveBindingSets" AS "t"
WHERE "t"."MapId" = @__mapId_0
LIMIT 2
[08:03:45 INF] Executed DbCommand (0ms) [Parameters=[@__mapId_0='?' (DbType = Int32)], CommandType='Text', CommandTimeout='30']
SELECT "t"."HoldId", "t"."DetailJson", "t"."MapId", "t"."RaisedAt", "t"."RaisedBy", "t"."ReasonCode", "t"."ReleasedAt", "t"."ReleasedBy", "t"."Source", "t"."TaskType"
FROM "TaskTypeStationHolds" AS "t"
WHERE "t"."MapId" = @__mapId_0 AND "t"."ReleasedAt" IS NULL
[08:03:45 INF] Executed DbCommand (0ms) [Parameters=[@__mapId_0='?' (DbType = Int32)], CommandType='Text', CommandTimeout='30']
SELECT "m"."MapId", "m"."ApprovedMaxUnconfirmedSeconds", "m"."ApprovedSyncPeriodSeconds", "m"."CatalogRevision", "m"."LastAttemptAt", "m"."LastCompleteConfirmationAt", "m"."LastFailureReason", "m"."State", "m"."UpdatedAt"
FROM "MapStationCatalogStates" AS "m"
WHERE "m"."MapId" = @__mapId_0
LIMIT 2
[08:03:45 INF] Executed DbCommand (0ms) [Parameters=[@p3='?' (DbType = Int32), @p0='?' (DbType = DateTimeOffset), @p1='?' (DbType = DateTimeOffset), @p2='?' (DbType = DateTimeOffset)], CommandType='Text', CommandTimeout='30']
UPDATE "MapStationCatalogStates" SET "LastAttemptAt" = @p0, "LastCompleteConfirmationAt" = @p1, "UpdatedAt" = @p2
WHERE "MapId" = @p3
RETURNING 1;
[08:03:45 INF] Executed DbCommand (0ms) [Parameters=[@__mapId_0='?' (DbType = Int32)], CommandType='Text', CommandTimeout='30']
SELECT "t"."MapId", "t"."ActiveVersion", "t"."PendingVersion", "t"."State", "t"."UpdatedAt"
FROM "TaskTypeStationActiveBindingSets" AS "t"
WHERE "t"."MapId" = @__mapId_0
LIMIT 2
[08:03:45 INF] Executed DbCommand (0ms) [Parameters=[@__mapId_0='?' (DbType = Int32), @__version_1='?' (DbType = Int64)], CommandType='Text', CommandTimeout='30']
SELECT "t"."MapId", "t"."Version", "t"."CatalogRevision", "t"."ContentSha256", "t"."LoadedAt", "t"."RuleVersion", "t"."SnapshotId", "t"."Source"
FROM "TaskTypeStationBindingSetVersions" AS "t"
WHERE "t"."MapId" = @__mapId_0 AND "t"."Version" = @__version_1
LIMIT 2
[08:03:45 INF] Executed DbCommand (0ms) [Parameters=[@__mapId_0='?' (DbType = Int32), @__version_1='?' (DbType = Int64)], CommandType='Text', CommandTimeout='30']
SELECT "t"."TaskType"
FROM "TaskTypeStationRequirements" AS "t"
WHERE "t"."MapId" = @__mapId_0 AND "t"."Version" = @__version_1
[08:03:45 INF] Executed DbCommand (0ms) [Parameters=[@__mapId_0='?' (DbType = Int32), @__version_1='?' (DbType = Int64)], CommandType='Text', CommandTimeout='30']
SELECT "t"."MapId", "t"."Version", "t"."TaskType", "t"."SiteVerificationRef", "t"."StationName", "t"."StationRiotId"
FROM "TaskTypeStationBindings" AS "t"
WHERE "t"."MapId" = @__mapId_0 AND "t"."Version" = @__version_1
[08:03:45 INF] Executed DbCommand (0ms) [Parameters=[@__mapId_0='?' (DbType = Int32)], CommandType='Text', CommandTimeout='30']
SELECT "t"."MapId", "t"."ActiveVersion", "t"."PendingVersion", "t"."State", "t"."UpdatedAt"
FROM "TaskTypeStationActiveBindingSets" AS "t"
WHERE "t"."MapId" = @__mapId_0
LIMIT 2
[08:03:45 INF] Executed DbCommand (0ms) [Parameters=[@__mapId_0='?' (DbType = Int32), @__version_1='?' (DbType = Int64)], CommandType='Text', CommandTimeout='30']
SELECT "t"."MapId", "t"."Version", "t"."CatalogRevision", "t"."ContentSha256", "t"."LoadedAt", "t"."RuleVersion", "t"."SnapshotId", "t"."Source"
FROM "TaskTypeStationBindingSetVersions" AS "t"
WHERE "t"."MapId" = @__mapId_0 AND "t"."Version" = @__version_1
LIMIT 2
[08:03:45 INF] Executed DbCommand (0ms) [Parameters=[@__mapId_0='?' (DbType = Int32), @__version_1='?' (DbType = Int64)], CommandType='Text', CommandTimeout='30']
SELECT "t"."TaskType"
FROM "TaskTypeStationRequirements" AS "t"
WHERE "t"."MapId" = @__mapId_0 AND "t"."Version" = @__version_1
[08:03:45 INF] Executed DbCommand (0ms) [Parameters=[@__mapId_0='?' (DbType = Int32), @__version_1='?' (DbType = Int64)], CommandType='Text', CommandTimeout='30']
SELECT "t"."MapId", "t"."Version", "t"."TaskType", "t"."SiteVerificationRef", "t"."StationName", "t"."StationRiotId"
FROM "TaskTypeStationBindings" AS "t"
WHERE "t"."MapId" = @__mapId_0 AND "t"."Version" = @__version_1
[08:03:45 INF] Executed DbCommand (0ms) [Parameters=[@__version_0='?' (DbType = Int64)], CommandType='Text', CommandTimeout='30']
SELECT "t"."Version", "t"."ContentSha256", "t"."LoadedAt", "t"."SnapshotId", "t"."Source"
FROM "TaskTypeStationRuleVersions" AS "t"
WHERE "t"."Version" = @__version_0
LIMIT 2
[08:03:45 INF] Executed DbCommand (0ms) [Parameters=[@__version_0='?' (DbType = Int64)], CommandType='Text', CommandTimeout='30']
SELECT "t"."Version", "t"."TaskType", "t"."FixedEnd"
FROM "TaskTypeStationRules" AS "t"
WHERE "t"."Version" = @__version_0
[08:03:45 INF] Executed DbCommand (0ms) [Parameters=[], CommandType='Text', CommandTimeout='30']
SELECT "a"."Id", "a"."ContentHash", "a"."DeploymentId", "a"."ImportedAt", "a"."Version"
FROM "AdmissionPolicyState" AS "a"
WHERE "a"."Id" = 1
LIMIT 2
[08:03:45 INF] Executed DbCommand (0ms) [Parameters=[], CommandType='Text', CommandTimeout='30']
SELECT "j"."JourneyId", "j"."AgvId", "j"."AgvLifecycleGeneration", "j"."AreaEndAdmissionRevokedSince", "j"."BlockReasonCode", "j"."BlockReasonSince", "j"."CargoHoldingStartedAt", "j"."ConsumedSafetyResultMessageId", "j"."ConsumedSublotMessageId", "j"."CreatedAt", "j"."DemandId", "j"."DispatchGeneration", "j"."DispatchZone", "j"."ExpectedBasketCount", "j"."FullSlotPositionsJson", "j"."GateMovementLegId", "j"."GatePlanMessageId", "j"."GateStationId", "j"."GateStationRiotId", "j"."GateUpperId", "j"."GateVehicleBusinessMessageId", "j"."GateWorklistMessageId", "j"."LoadCommandMessageId", "j"."LoadSlotOperationAttemptId", "j"."LoadingClosedReason", "j"."LoadingPhaseState", "j"."MapId", "j"."MapIdentity", "j"."OperationSessionId", "j"."PickupMovementLegId", "j"."PickupStationId", "j"."PickupStationRiotId", "j"."PickupUpperId", "j"."PlanMessageId", "j"."PlanRevision", "j"."PreDepartureSafetyCheckId", "j"."PreDepartureSafetyCheckMessageId", "j"."RouteEvidenceId", "j"."Stage", "j"."StationDepartureWaitStartedAt", "j"."SublotRequestMessageId", "j"."TargetSlotsJson", "j"."UnloadCommandMessageId", "j"."UnloadSlotOperationAttemptId", "j"."UpdatedAt", "j"."VehicleBusinessMessageId", "j"."VehicleBusinessRevision", "j"."VehicleKey", "j"."WorklistMessageId", "j"."WorklistRevision", "j"."YieldTriggeredAt", "j"."YieldTriggeredByVehicleKey"
FROM "JourneyRuntimes" AS "j"
WHERE "j"."Stage" <> 'Completed'
[08:03:45 INF] Executed DbCommand (0ms) [Parameters=[], CommandType='Text', CommandTimeout='30']
SELECT "a"."DemandId"
FROM "AcceptedDemands" AS "a"
WHERE "a"."Status" NOT IN ('Succeeded', 'Cancelled')
[08:03:45 INF] Executed DbCommand (0ms) [Parameters=[], CommandType='Text', CommandTimeout='30']
SELECT "j"."DemandId"
FROM "JourneyRuntimes" AS "j"
[08:03:45 INF] Start processing HTTP request GET http://127.0.0.1:48409/api/v2/contract
[08:03:45 INF] Sending HTTP request GET http://127.0.0.1:48409/api/v2/contract
[08:03:45 INF] Received HTTP response headers after 0.9053ms - 200
[08:03:45 INF] End processing HTTP request after 2.4357ms - 200
[08:03:45 INF] Start processing HTTP request GET http://127.0.0.1:48409/api/v2/externally-readable-demand-catalog
[08:03:45 INF] Sending HTTP request GET http://127.0.0.1:48409/api/v2/externally-readable-demand-catalog
[08:03:45 INF] Received HTTP response headers after 0.7658ms - 200
[08:03:45 INF] End processing HTTP request after 2.5451ms - 200
[08:03:45 INF] Executed DbCommand (0ms) [Parameters=[], CommandType='Text', CommandTimeout='30']
SELECT "j"."DemandId", "j"."AcceptedAt", "j"."DecisionFingerprint", "j"."DemandCreatedAt", "j"."FirstSeenAt", "j"."LastSeenAt", "j"."ReasonCode", "j"."StarvationEscalatedAt", "j"."StarvationEscalationParameterVersion", "j"."TransportDemandKey"
FROM "JourneyBacklog" AS "j"
[08:03:45 INF] Executed DbCommand (0ms) [Parameters=[], CommandType='Text', CommandTimeout='30']
SELECT "a"."DemandId"
FROM "AcceptedDemands" AS "a"
[08:03:45 INF] Executed DbCommand (0ms) [Parameters=[], CommandType='Text', CommandTimeout='30']
SELECT "v"."AgvId", "v"."TaskType", "v"."Allowed", "v"."ConfigurationVersion", "v"."UpdatedAt"
FROM "VehicleTaskTypeAdmissions" AS "v"
[08:03:45 INF] Executed DbCommand (0ms) [Parameters=[], CommandType='Text', CommandTimeout='30']
SELECT "v"."AgvId", "v"."ConfigurationVersion", "v"."RoundTimeoutMilliseconds", "v"."UpdatedAt"
FROM "VehicleDispatchBudgets" AS "v"
[08:03:45 INF] Executed DbCommand (0ms) [Parameters=[], CommandType='Text', CommandTimeout='30']
SELECT "d"."Zone", "d"."AgvId", "d"."ConfigurationVersion", "d"."UpdatedAt"
FROM "DispatchZoneVehicles" AS "d"
[08:03:45 INF] Executed DbCommand (0ms) [Parameters=[], CommandType='Text', CommandTimeout='30']
SELECT MAX("d"."Version")
FROM "DispatchZoneAreaAssignmentVersions" AS "d"
[08:03:45 INF] Executed DbCommand (0ms) [Parameters=[@__version_0='?' (DbType = Int64)], CommandType='Text', CommandTimeout='30']
SELECT "d"."Version", "d"."ContentSha256", "d"."EntryCount", "d"."ImportedAt", "d"."SnapshotId"
FROM "DispatchZoneAreaAssignmentVersions" AS "d"
WHERE "d"."Version" = @__version_0
LIMIT 2
[08:03:45 INF] Executed DbCommand (0ms) [Parameters=[@__version_0='?' (DbType = Int64)], CommandType='Text', CommandTimeout='30']
SELECT "d"."Version", "d"."Area", "d"."DispatchZone", "d"."SlotPosition"
FROM "DispatchZoneAreaAssignments" AS "d"
WHERE "d"."Version" = @__version_0
[08:03:45 INF] Executed DbCommand (0ms) [Parameters=[@__agvId_0='?' (Size = 10)], CommandType='Text', CommandTimeout='30']
SELECT "a"."SlotModelVersionId", "a"."SnapshotId"
FROM "ActiveSlotConfigurations" AS "a"
WHERE "a"."AgvId" = @__agvId_0
LIMIT 2
[08:03:45 INF] Executed DbCommand (0ms) [Parameters=[@__agvId_0='?' (Size = 10)], CommandType='Text', CommandTimeout='30']
SELECT "s"."SlotModelVersionId", "s"."CreatedAt"
FROM "SlotIoBindings" AS "s"
WHERE "s"."AgvId" = @__agvId_0 AND "s"."Status" = 'PUBLISHED'
[08:03:46 INF] Executed DbCommand (0ms) [Parameters=[@__slotModelVersionId_0='?' (Size = 32)], CommandType='Text', CommandTimeout='30']
SELECT "s"."SlotModelVersionId", "s"."PhysicalSlotNumber", "s"."SlotPosition", "s"."SlotTemplateId"
FROM "SlotModelSlots" AS "s"
WHERE "s"."SlotModelVersionId" = @__slotModelVersionId_0
[08:03:46 INF] Executed DbCommand (0ms) [Parameters=[@__agvId_0='?' (Size = 10)], CommandType='Text', CommandTimeout='30']
SELECT "s"."AgvId", "s"."ActiveUnlockSlotsJson", "s"."CapabilityHash", "s"."CapabilityRevision", "s"."DepartureSafe", "s"."ForcedRecoveryGeneration", "s"."ManifestSha256", "s"."PendingAttemptIdsJson", "s"."PendingResultIdsJson", "s"."ProfileId", "s"."ProtocolCommit", "s"."ProtocolVersion", "s"."ProvenRecoveryCheckpoint", "s"."Readiness", "s"."ReasonCode", "s"."RecoveryReportId", "s"."ReportedForcedRecoveryGeneration", "s"."ReportedSlotConfigurationFingerprint", "s"."SafetyHash", "s"."SafetyReasonCodesJson", "s"."SafetyRevision", "s"."SafetyUnknownPresent", "s"."SessionGeneration", "s"."UnsettledSlotOperationAttemptId", "s"."UpdatedAt"
FROM "SessionRecoveries" AS "s"
WHERE "s"."AgvId" = @__agvId_0 AND "s"."Readiness" = 'Ready'
LIMIT 2
[08:03:46 INF] Executed DbCommand (0ms) [Parameters=[@__messageType_0='?' (Size = 18)], CommandType='Text', CommandTimeout='30']
SELECT "p"."MessageId", "p"."ContentHash", "p"."FirstResponseJson", "p"."MessageType", "p"."ReceivedAt", "p"."RequestJson"
FROM "ProtocolInbox" AS "p"
WHERE "p"."MessageType" = @__messageType_0
[08:03:46 INF] Executed DbCommand (0ms) [Parameters=[], CommandType='Text', CommandTimeout='30']
SELECT "p"."MessageId", "p"."ContentHash", "p"."FirstResponseJson", "p"."MessageType", "p"."ReceivedAt", "p"."RequestJson"
FROM "ProtocolInbox" AS "p"
WHERE "p"."MessageType" = 'SafetyStateSnapshot'
[08:03:46 INF] Executed DbCommand (0ms) [Parameters=[], CommandType='Text', CommandTimeout='30']
SELECT "p"."MessageId", "p"."ContentHash", "p"."FirstResponseJson", "p"."MessageType", "p"."ReceivedAt", "p"."RequestJson"
FROM "ProtocolInbox" AS "p"
WHERE "p"."MessageType" IN ('SafetyStateSnapshot', 'SafetyStateChanged')
[08:03:46 INF] Executed DbCommand (0ms) [Parameters=[], CommandType='Text', CommandTimeout='30']
SELECT "p"."MessageId", "p"."ContentHash", "p"."FirstResponseJson", "p"."MessageType", "p"."ReceivedAt", "p"."RequestJson"
FROM "ProtocolInbox" AS "p"
[08:03:46 INF] Start processing HTTP request GET http://127.0.0.1:48408/api/task/vehicles/getVehicleInfoByDeviceKey?key=BROKERX-L2-0001
[08:03:46 INF] Sending HTTP request GET http://127.0.0.1:48408/api/task/vehicles/getVehicleInfoByDeviceKey?key=BROKERX-L2-0001
[08:03:46 INF] Received HTTP response headers after 0.792ms - 200
[08:03:46 INF] End processing HTTP request after 2.1666ms - 200
[08:03:46 INF] Executed DbCommand (0ms) [Parameters=[@p1='?' (Size = 36), @p0='?' (DbType = DateTimeOffset)], CommandType='Text', CommandTimeout='30']
UPDATE "JourneyBacklog" SET "LastSeenAt" = @p0
WHERE "DemandId" = @p1
RETURNING 1;
[08:03:46 INF] Executed DbCommand (0ms) [Parameters=[], CommandType='Text', CommandTimeout='30']
SELECT "s"."DemandId", "s"."ReasonCode", "s"."ClearedAt", "s"."DetailJson", "s"."FirstRaisedAt", "s"."LastSeenAt", "s"."TransportDemandKey"
FROM "StructuralDispatchBlocks" AS "s"
WHERE "s"."ClearedAt" IS NULL
[08:03:46 INF] Start processing HTTP request GET http://127.0.0.1:48408/api/task/v1/task/getVehicleInfo/BROKERX-L2-0001
[08:03:46 INF] Sending HTTP request GET http://127.0.0.1:48408/api/task/v1/task/getVehicleInfo/BROKERX-L2-0001
[08:03:46 INF] Received HTTP response headers after 0.9798ms - 200
[08:03:46 INF] End processing HTTP request after 15.449ms - 200
[08:03:46 INF] Start processing HTTP request GET http://127.0.0.1:48408/api/order/v1/orderRecord?pageNum=1&pageSize=100&filterByState=1&filterByState=3&filterByState=7&filterByState=9
[08:03:46 INF] Sending HTTP request GET http://127.0.0.1:48408/api/order/v1/orderRecord?pageNum=1&pageSize=100&filterByState=1&filterByState=3&filterByState=7&filterByState=9
[08:03:46 INF] Received HTTP response headers after 1.0257ms - 200
[08:03:46 INF] End processing HTTP request after 4.186ms - 200
[08:03:46 INF] HTTP GET /api/onboard/v1/vehicle-safety responded 200 in 48.3527 ms
[08:03:46 INF] Start processing HTTP request GET http://127.0.0.1:48408/api/imap/v1/mapInfo/stations/25
[08:03:46 INF] Sending HTTP request GET http://127.0.0.1:48408/api/imap/v1/mapInfo/stations/25
[08:03:46 INF] Received HTTP response headers after 1.0788ms - 200
[08:03:46 INF] End processing HTTP request after 15.8395ms - 200
[08:03:46 INF] Executed DbCommand (0ms) [Parameters=[@__mapId_0='?' (DbType = Int32)], CommandType='Text', CommandTimeout='30']
SELECT "t"."MapId", "t"."ActiveVersion", "t"."PendingVersion", "t"."State", "t"."UpdatedAt"
FROM "TaskTypeStationActiveBindingSets" AS "t"
WHERE "t"."MapId" = @__mapId_0
LIMIT 2
[08:03:46 INF] Executed DbCommand (0ms) [Parameters=[@__mapId_0='?' (DbType = Int32), @__version_1='?' (DbType = Int64)], CommandType='Text', CommandTimeout='30']
SELECT "t"."MapId", "t"."Version", "t"."CatalogRevision", "t"."ContentSha256", "t"."LoadedAt", "t"."RuleVersion", "t"."SnapshotId", "t"."Source"
FROM "TaskTypeStationBindingSetVersions" AS "t"
WHERE "t"."MapId" = @__mapId_0 AND "t"."Version" = @__version_1
LIMIT 2
[08:03:46 INF] Executed DbCommand (0ms) [Parameters=[@__mapId_0='?' (DbType = Int32), @__version_1='?' (DbType = Int64)], CommandType='Text', CommandTimeout='30']
SELECT "t"."TaskType"
FROM "TaskTypeStationRequirements" AS "t"
WHERE "t"."MapId" = @__mapId_0 AND "t"."Version" = @__version_1
[08:03:46 INF] Executed DbCommand (0ms) [Parameters=[@__mapId_0='?' (DbType = Int32), @__version_1='?' (DbType = Int64)], CommandType='Text', CommandTimeout='30']
SELECT "t"."MapId", "t"."Version", "t"."TaskType", "t"."SiteVerificationRef", "t"."StationName", "t"."StationRiotId"
FROM "TaskTypeStationBindings" AS "t"
WHERE "t"."MapId" = @__mapId_0 AND "t"."Version" = @__version_1
[08:03:46 INF] Executed DbCommand (0ms) [Parameters=[@__version_0='?' (DbType = Int64)], CommandType='Text', CommandTimeout='30']
SELECT "t"."Version", "t"."ContentSha256", "t"."LoadedAt", "t"."SnapshotId", "t"."Source"
FROM "TaskTypeStationRuleVersions" AS "t"
WHERE "t"."Version" = @__version_0
LIMIT 2
[08:03:46 INF] Executed DbCommand (0ms) [Parameters=[@__version_0='?' (DbType = Int64)], CommandType='Text', CommandTimeout='30']
SELECT "t"."Version", "t"."TaskType", "t"."FixedEnd"
FROM "TaskTypeStationRules" AS "t"
WHERE "t"."Version" = @__version_0
[08:03:46 INF] Executed DbCommand (0ms) [Parameters=[@__mapId_0='?' (DbType = Int32)], CommandType='Text', CommandTimeout='30']
SELECT "t"."MapId", "t"."ActiveVersion", "t"."PendingVersion", "t"."State", "t"."UpdatedAt"
FROM "TaskTypeStationActiveBindingSets" AS "t"
WHERE "t"."MapId" = @__mapId_0
LIMIT 2
[08:03:46 INF] Executed DbCommand (0ms) [Parameters=[@__mapId_0='?' (DbType = Int32)], CommandType='Text', CommandTimeout='30']
SELECT "t"."HoldId", "t"."DetailJson", "t"."MapId", "t"."RaisedAt", "t"."RaisedBy", "t"."ReasonCode", "t"."ReleasedAt", "t"."ReleasedBy", "t"."Source", "t"."TaskType"
FROM "TaskTypeStationHolds" AS "t"
WHERE "t"."MapId" = @__mapId_0 AND "t"."ReleasedAt" IS NULL
[08:03:46 INF] Executed DbCommand (0ms) [Parameters=[@__mapId_0='?' (DbType = Int32)], CommandType='Text', CommandTimeout='30']
SELECT "m"."MapId", "m"."ApprovedMaxUnconfirmedSeconds", "m"."ApprovedSyncPeriodSeconds", "m"."CatalogRevision", "m"."LastAttemptAt", "m"."LastCompleteConfirmationAt", "m"."LastFailureReason", "m"."State", "m"."UpdatedAt"
FROM "MapStationCatalogStates" AS "m"
WHERE "m"."MapId" = @__mapId_0
LIMIT 2
[08:03:46 INF] Executed DbCommand (0ms) [Parameters=[@p3='?' (DbType = Int32), @p0='?' (DbType = DateTimeOffset), @p1='?' (DbType = DateTimeOffset), @p2='?' (DbType = DateTimeOffset)], CommandType='Text', CommandTimeout='30']
UPDATE "MapStationCatalogStates" SET "LastAttemptAt" = @p0, "LastCompleteConfirmationAt" = @p1, "UpdatedAt" = @p2
WHERE "MapId" = @p3
RETURNING 1;
[08:03:46 INF] Executed DbCommand (0ms) [Parameters=[@__mapId_0='?' (DbType = Int32)], CommandType='Text', CommandTimeout='30']
SELECT "t"."MapId", "t"."ActiveVersion", "t"."PendingVersion", "t"."State", "t"."UpdatedAt"
FROM "TaskTypeStationActiveBindingSets" AS "t"
WHERE "t"."MapId" = @__mapId_0
LIMIT 2
[08:03:46 INF] Executed DbCommand (0ms) [Parameters=[@__mapId_0='?' (DbType = Int32), @__version_1='?' (DbType = Int64)], CommandType='Text', CommandTimeout='30']
SELECT "t"."MapId", "t"."Version", "t"."CatalogRevision", "t"."ContentSha256", "t"."LoadedAt", "t"."RuleVersion", "t"."SnapshotId", "t"."Source"
FROM "TaskTypeStationBindingSetVersions" AS "t"
WHERE "t"."MapId" = @__mapId_0 AND "t"."Version" = @__version_1
LIMIT 2
[08:03:46 INF] Executed DbCommand (0ms) [Parameters=[@__mapId_0='?' (DbType = Int32), @__version_1='?' (DbType = Int64)], CommandType='Text', CommandTimeout='30']
SELECT "t"."TaskType"
FROM "TaskTypeStationRequirements" AS "t"
WHERE "t"."MapId" = @__mapId_0 AND "t"."Version" = @__version_1
[08:03:46 INF] Executed DbCommand (0ms) [Parameters=[@__mapId_0='?' (DbType = Int32), @__version_1='?' (DbType = Int64)], CommandType='Text', CommandTimeout='30']
SELECT "t"."MapId", "t"."Version", "t"."TaskType", "t"."SiteVerificationRef", "t"."StationName", "t"."StationRiotId"
FROM "TaskTypeStationBindings" AS "t"
WHERE "t"."MapId" = @__mapId_0 AND "t"."Version" = @__version_1
[08:03:46 INF] Executed DbCommand (0ms) [Parameters=[@__mapId_0='?' (DbType = Int32)], CommandType='Text', CommandTimeout='30']
SELECT "t"."MapId", "t"."ActiveVersion", "t"."PendingVersion", "t"."State", "t"."UpdatedAt"
FROM "TaskTypeStationActiveBindingSets" AS "t"
WHERE "t"."MapId" = @__mapId_0
LIMIT 2
[08:03:46 INF] Executed DbCommand (0ms) [Parameters=[@__mapId_0='?' (DbType = Int32), @__version_1='?' (DbType = Int64)], CommandType='Text', CommandTimeout='30']
SELECT "t"."MapId", "t"."Version", "t"."CatalogRevision", "t"."ContentSha256", "t"."LoadedAt", "t"."RuleVersion", "t"."SnapshotId", "t"."Source"
FROM "TaskTypeStationBindingSetVersions" AS "t"
WHERE "t"."MapId" = @__mapId_0 AND "t"."Version" = @__version_1
LIMIT 2
[08:03:46 INF] Executed DbCommand (0ms) [Parameters=[@__mapId_0='?' (DbType = Int32), @__version_1='?' (DbType = Int64)], CommandType='Text', CommandTimeout='30']
SELECT "t"."TaskType"
FROM "TaskTypeStationRequirements" AS "t"
WHERE "t"."MapId" = @__mapId_0 AND "t"."Version" = @__version_1
[08:03:46 INF] Executed DbCommand (0ms) [Parameters=[@__mapId_0='?' (DbType = Int32), @__version_1='?' (DbType = Int64)], CommandType='Text', CommandTimeout='30']
SELECT "t"."MapId", "t"."Version", "t"."TaskType", "t"."SiteVerificationRef", "t"."StationName", "t"."StationRiotId"
FROM "TaskTypeStationBindings" AS "t"
WHERE "t"."MapId" = @__mapId_0 AND "t"."Version" = @__version_1
[08:03:46 INF] Executed DbCommand (0ms) [Parameters=[@__version_0='?' (DbType = Int64)], CommandType='Text', CommandTimeout='30']
SELECT "t"."Version", "t"."ContentSha256", "t"."LoadedAt", "t"."SnapshotId", "t"."Source"
FROM "TaskTypeStationRuleVersions" AS "t"
WHERE "t"."Version" = @__version_0
LIMIT 2
[08:03:46 INF] Executed DbCommand (0ms) [Parameters=[@__version_0='?' (DbType = Int64)], CommandType='Text', CommandTimeout='30']
SELECT "t"."Version", "t"."TaskType", "t"."FixedEnd"
FROM "TaskTypeStationRules" AS "t"
WHERE "t"."Version" = @__version_0
[08:03:46 INF] Executed DbCommand (0ms) [Parameters=[], CommandType='Text', CommandTimeout='30']
SELECT "a"."Id", "a"."ContentHash", "a"."DeploymentId", "a"."ImportedAt", "a"."Version"
FROM "AdmissionPolicyState" AS "a"
WHERE "a"."Id" = 1
LIMIT 2
[08:03:46 INF] Executed DbCommand (0ms) [Parameters=[], CommandType='Text', CommandTimeout='30']
SELECT "j"."JourneyId", "j"."AgvId", "j"."AgvLifecycleGeneration", "j"."AreaEndAdmissionRevokedSince", "j"."BlockReasonCode", "j"."BlockReasonSince", "j"."CargoHoldingStartedAt", "j"."ConsumedSafetyResultMessageId", "j"."ConsumedSublotMessageId", "j"."CreatedAt", "j"."DemandId", "j"."DispatchGeneration", "j"."DispatchZone", "j"."ExpectedBasketCount", "j"."FullSlotPositionsJson", "j"."GateMovementLegId", "j"."GatePlanMessageId", "j"."GateStationId", "j"."GateStationRiotId", "j"."GateUpperId", "j"."GateVehicleBusinessMessageId", "j"."GateWorklistMessageId", "j"."LoadCommandMessageId", "j"."LoadSlotOperationAttemptId", "j"."LoadingClosedReason", "j"."LoadingPhaseState", "j"."MapId", "j"."MapIdentity", "j"."OperationSessionId", "j"."PickupMovementLegId", "j"."PickupStationId", "j"."PickupStationRiotId", "j"."PickupUpperId", "j"."PlanMessageId", "j"."PlanRevision", "j"."PreDepartureSafetyCheckId", "j"."PreDepartureSafetyCheckMessageId", "j"."RouteEvidenceId", "j"."Stage", "j"."StationDepartureWaitStartedAt", "j"."SublotRequestMessageId", "j"."TargetSlotsJson", "j"."UnloadCommandMessageId", "j"."UnloadSlotOperationAttemptId", "j"."UpdatedAt", "j"."VehicleBusinessMessageId", "j"."VehicleBusinessRevision", "j"."VehicleKey", "j"."WorklistMessageId", "j"."WorklistRevision", "j"."YieldTriggeredAt", "j"."YieldTriggeredByVehicleKey"
FROM "JourneyRuntimes" AS "j"
WHERE "j"."Stage" <> 'Completed'
[08:03:46 INF] Executed DbCommand (0ms) [Parameters=[], CommandType='Text', CommandTimeout='30']
SELECT "a"."DemandId"
FROM "AcceptedDemands" AS "a"
WHERE "a"."Status" NOT IN ('Succeeded', 'Cancelled')
[08:03:46 INF] Executed DbCommand (0ms) [Parameters=[], CommandType='Text', CommandTimeout='30']
SELECT "j"."DemandId"
FROM "JourneyRuntimes" AS "j"
[08:03:46 INF] Start processing HTTP request GET http://127.0.0.1:48409/api/v2/contract
[08:03:46 INF] Sending HTTP request GET http://127.0.0.1:48409/api/v2/contract
[08:03:46 INF] Received HTTP response headers after 0.9696ms - 200
[08:03:46 INF] End processing HTTP request after 14.0627ms - 200
[08:03:46 INF] Start processing HTTP request GET http://127.0.0.1:48409/api/v2/externally-readable-demand-catalog
[08:03:46 INF] Sending HTTP request GET http://127.0.0.1:48409/api/v2/externally-readable-demand-catalog
[08:03:46 INF] Received HTTP response headers after 1.2319ms - 200
[08:03:47 INF] End processing HTTP request after 47.9908ms - 200
[08:03:47 INF] Executed DbCommand (0ms) [Parameters=[], CommandType='Text', CommandTimeout='30']
SELECT "j"."DemandId", "j"."AcceptedAt", "j"."DecisionFingerprint", "j"."DemandCreatedAt", "j"."FirstSeenAt", "j"."LastSeenAt", "j"."ReasonCode", "j"."StarvationEscalatedAt", "j"."StarvationEscalationParameterVersion", "j"."TransportDemandKey"
FROM "JourneyBacklog" AS "j"
[08:03:47 INF] Executed DbCommand (0ms) [Parameters=[], CommandType='Text', CommandTimeout='30']
SELECT "a"."DemandId"
FROM "AcceptedDemands" AS "a"
[08:03:47 INF] Executed DbCommand (0ms) [Parameters=[], CommandType='Text', CommandTimeout='30']
SELECT "v"."AgvId", "v"."TaskType", "v"."Allowed", "v"."ConfigurationVersion", "v"."UpdatedAt"
FROM "VehicleTaskTypeAdmissions" AS "v"
[08:03:47 INF] Executed DbCommand (0ms) [Parameters=[], CommandType='Text', CommandTimeout='30']
SELECT "v"."AgvId", "v"."ConfigurationVersion", "v"."RoundTimeoutMilliseconds", "v"."UpdatedAt"
FROM "VehicleDispatchBudgets" AS "v"
[08:03:47 INF] Executed DbCommand (0ms) [Parameters=[], CommandType='Text', CommandTimeout='30']
SELECT "d"."Zone", "d"."AgvId", "d"."ConfigurationVersion", "d"."UpdatedAt"
FROM "DispatchZoneVehicles" AS "d"
[08:03:47 INF] Executed DbCommand (0ms) [Parameters=[], CommandType='Text', CommandTimeout='30']
SELECT MAX("d"."Version")
FROM "DispatchZoneAreaAssignmentVersions" AS "d"
[08:03:47 INF] Executed DbCommand (0ms) [Parameters=[@__version_0='?' (DbType = Int64)], CommandType='Text', CommandTimeout='30']
SELECT "d"."Version", "d"."ContentSha256", "d"."EntryCount", "d"."ImportedAt", "d"."SnapshotId"
FROM "DispatchZoneAreaAssignmentVersions" AS "d"
WHERE "d"."Version" = @__version_0
LIMIT 2
[08:03:47 INF] Executed DbCommand (0ms) [Parameters=[@__version_0='?' (DbType = Int64)], CommandType='Text', CommandTimeout='30']
SELECT "d"."Version", "d"."Area", "d"."DispatchZone", "d"."SlotPosition"
FROM "DispatchZoneAreaAssignments" AS "d"
WHERE "d"."Version" = @__version_0
[08:03:47 INF] Executed DbCommand (0ms) [Parameters=[@__agvId_0='?' (Size = 10)], CommandType='Text', CommandTimeout='30']
SELECT "a"."SlotModelVersionId", "a"."SnapshotId"
FROM "ActiveSlotConfigurations" AS "a"
WHERE "a"."AgvId" = @__agvId_0
LIMIT 2
[08:03:47 INF] Executed DbCommand (0ms) [Parameters=[@__agvId_0='?' (Size = 10)], CommandType='Text', CommandTimeout='30']
SELECT "s"."SlotModelVersionId", "s"."CreatedAt"
FROM "SlotIoBindings" AS "s"
WHERE "s"."AgvId" = @__agvId_0 AND "s"."Status" = 'PUBLISHED'
[08:03:47 INF] Executed DbCommand (0ms) [Parameters=[@__slotModelVersionId_0='?' (Size = 32)], CommandType='Text', CommandTimeout='30']
SELECT "s"."SlotModelVersionId", "s"."PhysicalSlotNumber", "s"."SlotPosition", "s"."SlotTemplateId"
FROM "SlotModelSlots" AS "s"
WHERE "s"."SlotModelVersionId" = @__slotModelVersionId_0
[08:03:47 INF] Executed DbCommand (0ms) [Parameters=[@__agvId_0='?' (Size = 10)], CommandType='Text', CommandTimeout='30']
SELECT "s"."AgvId", "s"."ActiveUnlockSlotsJson", "s"."CapabilityHash", "s"."CapabilityRevision", "s"."DepartureSafe", "s"."ForcedRecoveryGeneration", "s"."ManifestSha256", "s"."PendingAttemptIdsJson", "s"."PendingResultIdsJson", "s"."ProfileId", "s"."ProtocolCommit", "s"."ProtocolVersion", "s"."ProvenRecoveryCheckpoint", "s"."Readiness", "s"."ReasonCode", "s"."RecoveryReportId", "s"."ReportedForcedRecoveryGeneration", "s"."ReportedSlotConfigurationFingerprint", "s"."SafetyHash", "s"."SafetyReasonCodesJson", "s"."SafetyRevision", "s"."SafetyUnknownPresent", "s"."SessionGeneration", "s"."UnsettledSlotOperationAttemptId", "s"."UpdatedAt"
FROM "SessionRecoveries" AS "s"
WHERE "s"."AgvId" = @__agvId_0 AND "s"."Readiness" = 'Ready'
LIMIT 2
[08:03:47 INF] Executed DbCommand (0ms) [Parameters=[@__messageType_0='?' (Size = 18)], CommandType='Text', CommandTimeout='30']
SELECT "p"."MessageId", "p"."ContentHash", "p"."FirstResponseJson", "p"."MessageType", "p"."ReceivedAt", "p"."RequestJson"
FROM "ProtocolInbox" AS "p"
WHERE "p"."MessageType" = @__messageType_0
[08:03:47 INF] Executed DbCommand (0ms) [Parameters=[], CommandType='Text', CommandTimeout='30']
SELECT "p"."MessageId", "p"."ContentHash", "p"."FirstResponseJson", "p"."MessageType", "p"."ReceivedAt", "p"."RequestJson"
FROM "ProtocolInbox" AS "p"
WHERE "p"."MessageType" = 'SafetyStateSnapshot'
[08:03:47 INF] Executed DbCommand (0ms) [Parameters=[], CommandType='Text', CommandTimeout='30']
SELECT "p"."MessageId", "p"."ContentHash", "p"."FirstResponseJson", "p"."MessageType", "p"."ReceivedAt", "p"."RequestJson"
FROM "ProtocolInbox" AS "p"
WHERE "p"."MessageType" IN ('SafetyStateSnapshot', 'SafetyStateChanged')
[08:03:47 INF] Executed DbCommand (0ms) [Parameters=[], CommandType='Text', CommandTimeout='30']
SELECT "p"."MessageId", "p"."ContentHash", "p"."FirstResponseJson", "p"."MessageType", "p"."ReceivedAt", "p"."RequestJson"
FROM "ProtocolInbox" AS "p"
[08:03:47 INF] Start processing HTTP request GET http://127.0.0.1:48408/api/task/vehicles/getVehicleInfoByDeviceKey?key=BROKERX-L2-0001
[08:03:47 INF] Sending HTTP request GET http://127.0.0.1:48408/api/task/vehicles/getVehicleInfoByDeviceKey?key=BROKERX-L2-0001
[08:03:47 INF] Received HTTP response headers after 0.9897ms - 200
[08:03:47 INF] End processing HTTP request after 6.4975ms - 200
[08:03:47 INF] Executed DbCommand (0ms) [Parameters=[@p1='?' (Size = 36), @p0='?' (DbType = DateTimeOffset)], CommandType='Text', CommandTimeout='30']
UPDATE "JourneyBacklog" SET "LastSeenAt" = @p0
WHERE "DemandId" = @p1
RETURNING 1;
[08:03:47 INF] Executed DbCommand (0ms) [Parameters=[], CommandType='Text', CommandTimeout='30']
SELECT "s"."DemandId", "s"."ReasonCode", "s"."ClearedAt", "s"."DetailJson", "s"."FirstRaisedAt", "s"."LastSeenAt", "s"."TransportDemandKey"
FROM "StructuralDispatchBlocks" AS "s"
WHERE "s"."ClearedAt" IS NULL
[08:03:47 INF] Start processing HTTP request GET http://127.0.0.1:48408/api/task/v1/task/getVehicleInfo/BROKERX-L2-0001
[08:03:47 INF] Sending HTTP request GET http://127.0.0.1:48408/api/task/v1/task/getVehicleInfo/BROKERX-L2-0001
[08:03:47 INF] Received HTTP response headers after 0.9997ms - 200
[08:03:47 INF] End processing HTTP request after 15.1746ms - 200
[08:03:47 INF] Start processing HTTP request GET http://127.0.0.1:48408/api/order/v1/orderRecord?pageNum=1&pageSize=100&filterByState=1&filterByState=3&filterByState=7&filterByState=9
[08:03:47 INF] Sending HTTP request GET http://127.0.0.1:48408/api/order/v1/orderRecord?pageNum=1&pageSize=100&filterByState=1&filterByState=3&filterByState=7&filterByState=9
[08:03:47 INF] Received HTTP response headers after 0.9768ms - 200
[08:03:47 INF] End processing HTTP request after 16.8749ms - 200
[08:03:47 INF] HTTP GET /api/onboard/v1/vehicle-safety responded 200 in 64.0141 ms
[08:03:47 INF] Executed DbCommand (0ms) [Parameters=[@__messageId_0='?' (Size = 36)], CommandType='Text', CommandTimeout='30']
SELECT "p"."MessageId", "p"."ContentHash", "p"."FirstResponseJson", "p"."MessageType", "p"."ReceivedAt", "p"."RequestJson"
FROM "ProtocolInbox" AS "p"
WHERE "p"."MessageId" = @__messageId_0
LIMIT 2
[08:03:47 INF] Executed DbCommand (0ms) [Parameters=[@p0='?' (Size = 36), @p1='?' (Size = 64), @p2='?' (Size = 536), @p3='?' (Size = 9), @p4='?' (DbType = DateTimeOffset), @p5='?' (Size = 427)], CommandType='Text', CommandTimeout='30']
INSERT INTO "ProtocolInbox" ("MessageId", "ContentHash", "FirstResponseJson", "MessageType", "ReceivedAt", "RequestJson")
VALUES (@p0, @p1, @p2, @p3, @p4, @p5);
[08:03:47 INF] Start processing HTTP request GET http://127.0.0.1:48408/api/imap/v1/mapInfo/stations/25
[08:03:47 INF] Sending HTTP request GET http://127.0.0.1:48408/api/imap/v1/mapInfo/stations/25
[08:03:47 INF] Received HTTP response headers after 1.3974ms - 200
[08:03:47 INF] End processing HTTP request after 15.8031ms - 200
[08:03:47 INF] Executed DbCommand (0ms) [Parameters=[@__mapId_0='?' (DbType = Int32)], CommandType='Text', CommandTimeout='30']
SELECT "t"."MapId", "t"."ActiveVersion", "t"."PendingVersion", "t"."State", "t"."UpdatedAt"
FROM "TaskTypeStationActiveBindingSets" AS "t"
WHERE "t"."MapId" = @__mapId_0
LIMIT 2
[08:03:47 INF] Executed DbCommand (0ms) [Parameters=[@__mapId_0='?' (DbType = Int32), @__version_1='?' (DbType = Int64)], CommandType='Text', CommandTimeout='30']
SELECT "t"."MapId", "t"."Version", "t"."CatalogRevision", "t"."ContentSha256", "t"."LoadedAt", "t"."RuleVersion", "t"."SnapshotId", "t"."Source"
FROM "TaskTypeStationBindingSetVersions" AS "t"
WHERE "t"."MapId" = @__mapId_0 AND "t"."Version" = @__version_1
LIMIT 2
[08:03:47 INF] Executed DbCommand (0ms) [Parameters=[@__mapId_0='?' (DbType = Int32), @__version_1='?' (DbType = Int64)], CommandType='Text', CommandTimeout='30']
SELECT "t"."TaskType"
FROM "TaskTypeStationRequirements" AS "t"
WHERE "t"."MapId" = @__mapId_0 AND "t"."Version" = @__version_1
[08:03:47 INF] Executed DbCommand (0ms) [Parameters=[@__mapId_0='?' (DbType = Int32), @__version_1='?' (DbType = Int64)], CommandType='Text', CommandTimeout='30']
SELECT "t"."MapId", "t"."Version", "t"."TaskType", "t"."SiteVerificationRef", "t"."StationName", "t"."StationRiotId"
FROM "TaskTypeStationBindings" AS "t"
WHERE "t"."MapId" = @__mapId_0 AND "t"."Version" = @__version_1
[08:03:47 INF] Executed DbCommand (0ms) [Parameters=[@__version_0='?' (DbType = Int64)], CommandType='Text', CommandTimeout='30']
SELECT "t"."Version", "t"."ContentSha256", "t"."LoadedAt", "t"."SnapshotId", "t"."Source"
FROM "TaskTypeStationRuleVersions" AS "t"
WHERE "t"."Version" = @__version_0
LIMIT 2
[08:03:47 INF] Executed DbCommand (0ms) [Parameters=[@__version_0='?' (DbType = Int64)], CommandType='Text', CommandTimeout='30']
SELECT "t"."Version", "t"."TaskType", "t"."FixedEnd"
FROM "TaskTypeStationRules" AS "t"
WHERE "t"."Version" = @__version_0
[08:03:47 INF] Executed DbCommand (0ms) [Parameters=[@__mapId_0='?' (DbType = Int32)], CommandType='Text', CommandTimeout='30']
SELECT "t"."MapId", "t"."ActiveVersion", "t"."PendingVersion", "t"."State", "t"."UpdatedAt"
FROM "TaskTypeStationActiveBindingSets" AS "t"
WHERE "t"."MapId" = @__mapId_0
LIMIT 2
[08:03:47 INF] Executed DbCommand (0ms) [Parameters=[@__mapId_0='?' (DbType = Int32)], CommandType='Text', CommandTimeout='30']
SELECT "t"."HoldId", "t"."DetailJson", "t"."MapId", "t"."RaisedAt", "t"."RaisedBy", "t"."ReasonCode", "t"."ReleasedAt", "t"."ReleasedBy", "t"."Source", "t"."TaskType"
FROM "TaskTypeStationHolds" AS "t"
WHERE "t"."MapId" = @__mapId_0 AND "t"."ReleasedAt" IS NULL
[08:03:47 INF] Executed DbCommand (0ms) [Parameters=[@__mapId_0='?' (DbType = Int32)], CommandType='Text', CommandTimeout='30']
SELECT "m"."MapId", "m"."ApprovedMaxUnconfirmedSeconds", "m"."ApprovedSyncPeriodSeconds", "m"."CatalogRevision", "m"."LastAttemptAt", "m"."LastCompleteConfirmationAt", "m"."LastFailureReason", "m"."State", "m"."UpdatedAt"
FROM "MapStationCatalogStates" AS "m"
WHERE "m"."MapId" = @__mapId_0
LIMIT 2
[08:03:47 INF] Executed DbCommand (0ms) [Parameters=[@p3='?' (DbType = Int32), @p0='?' (DbType = DateTimeOffset), @p1='?' (DbType = DateTimeOffset), @p2='?' (DbType = DateTimeOffset)], CommandType='Text', CommandTimeout='30']
UPDATE "MapStationCatalogStates" SET "LastAttemptAt" = @p0, "LastCompleteConfirmationAt" = @p1, "UpdatedAt" = @p2
WHERE "MapId" = @p3
RETURNING 1;
[08:03:47 INF] Executed DbCommand (0ms) [Parameters=[@__mapId_0='?' (DbType = Int32)], CommandType='Text', CommandTimeout='30']
SELECT "t"."MapId", "t"."ActiveVersion", "t"."PendingVersion", "t"."State", "t"."UpdatedAt"
FROM "TaskTypeStationActiveBindingSets" AS "t"
WHERE "t"."MapId" = @__mapId_0
LIMIT 2
[08:03:47 INF] Executed DbCommand (0ms) [Parameters=[@__mapId_0='?' (DbType = Int32), @__version_1='?' (DbType = Int64)], CommandType='Text', CommandTimeout='30']
SELECT "t"."MapId", "t"."Version", "t"."CatalogRevision", "t"."ContentSha256", "t"."LoadedAt", "t"."RuleVersion", "t"."SnapshotId", "t"."Source"
FROM "TaskTypeStationBindingSetVersions" AS "t"
WHERE "t"."MapId" = @__mapId_0 AND "t"."Version" = @__version_1
LIMIT 2
[08:03:47 INF] Executed DbCommand (0ms) [Parameters=[@__mapId_0='?' (DbType = Int32), @__version_1='?' (DbType = Int64)], CommandType='Text', CommandTimeout='30']
SELECT "t"."TaskType"
FROM "TaskTypeStationRequirements" AS "t"
WHERE "t"."MapId" = @__mapId_0 AND "t"."Version" = @__version_1
[08:03:47 INF] Executed DbCommand (0ms) [Parameters=[@__mapId_0='?' (DbType = Int32), @__version_1='?' (DbType = Int64)], CommandType='Text', CommandTimeout='30']
SELECT "t"."MapId", "t"."Version", "t"."TaskType", "t"."SiteVerificationRef", "t"."StationName", "t"."StationRiotId"
FROM "TaskTypeStationBindings" AS "t"
WHERE "t"."MapId" = @__mapId_0 AND "t"."Version" = @__version_1
[08:03:47 INF] Executed DbCommand (0ms) [Parameters=[@__mapId_0='?' (DbType = Int32)], CommandType='Text', CommandTimeout='30']
SELECT "t"."MapId", "t"."ActiveVersion", "t"."PendingVersion", "t"."State", "t"."UpdatedAt"
FROM "TaskTypeStationActiveBindingSets" AS "t"
WHERE "t"."MapId" = @__mapId_0
LIMIT 2
[08:03:47 INF] Executed DbCommand (0ms) [Parameters=[@__mapId_0='?' (DbType = Int32), @__version_1='?' (DbType = Int64)], CommandType='Text', CommandTimeout='30']
SELECT "t"."MapId", "t"."Version", "t"."CatalogRevision", "t"."ContentSha256", "t"."LoadedAt", "t"."RuleVersion", "t"."SnapshotId", "t"."Source"
FROM "TaskTypeStationBindingSetVersions" AS "t"
WHERE "t"."MapId" = @__mapId_0 AND "t"."Version" = @__version_1
LIMIT 2
[08:03:47 INF] Executed DbCommand (0ms) [Parameters=[@__mapId_0='?' (DbType = Int32), @__version_1='?' (DbType = Int64)], CommandType='Text', CommandTimeout='30']
SELECT "t"."TaskType"
FROM "TaskTypeStationRequirements" AS "t"
WHERE "t"."MapId" = @__mapId_0 AND "t"."Version" = @__version_1
[08:03:47 INF] Executed DbCommand (0ms) [Parameters=[@__mapId_0='?' (DbType = Int32), @__version_1='?' (DbType = Int64)], CommandType='Text', CommandTimeout='30']
SELECT "t"."MapId", "t"."Version", "t"."TaskType", "t"."SiteVerificationRef", "t"."StationName", "t"."StationRiotId"
FROM "TaskTypeStationBindings" AS "t"
WHERE "t"."MapId" = @__mapId_0 AND "t"."Version" = @__version_1
[08:03:47 INF] Executed DbCommand (0ms) [Parameters=[@__version_0='?' (DbType = Int64)], CommandType='Text', CommandTimeout='30']
SELECT "t"."Version", "t"."ContentSha256", "t"."LoadedAt", "t"."SnapshotId", "t"."Source"
FROM "TaskTypeStationRuleVersions" AS "t"
WHERE "t"."Version" = @__version_0
LIMIT 2
[08:03:47 INF] Executed DbCommand (0ms) [Parameters=[@__version_0='?' (DbType = Int64)], CommandType='Text', CommandTimeout='30']
SELECT "t"."Version", "t"."TaskType", "t"."FixedEnd"
FROM "TaskTypeStationRules" AS "t"
WHERE "t"."Version" = @__version_0
[08:03:47 INF] Executed DbCommand (0ms) [Parameters=[], CommandType='Text', CommandTimeout='30']
SELECT "a"."Id", "a"."ContentHash", "a"."DeploymentId", "a"."ImportedAt", "a"."Version"
FROM "AdmissionPolicyState" AS "a"
WHERE "a"."Id" = 1
LIMIT 2
[08:03:47 INF] Executed DbCommand (0ms) [Parameters=[], CommandType='Text', CommandTimeout='30']
SELECT "j"."JourneyId", "j"."AgvId", "j"."AgvLifecycleGeneration", "j"."AreaEndAdmissionRevokedSince", "j"."BlockReasonCode", "j"."BlockReasonSince", "j"."CargoHoldingStartedAt", "j"."ConsumedSafetyResultMessageId", "j"."ConsumedSublotMessageId", "j"."CreatedAt", "j"."DemandId", "j"."DispatchGeneration", "j"."DispatchZone", "j"."ExpectedBasketCount", "j"."FullSlotPositionsJson", "j"."GateMovementLegId", "j"."GatePlanMessageId", "j"."GateStationId", "j"."GateStationRiotId", "j"."GateUpperId", "j"."GateVehicleBusinessMessageId", "j"."GateWorklistMessageId", "j"."LoadCommandMessageId", "j"."LoadSlotOperationAttemptId", "j"."LoadingClosedReason", "j"."LoadingPhaseState", "j"."MapId", "j"."MapIdentity", "j"."OperationSessionId", "j"."PickupMovementLegId", "j"."PickupStationId", "j"."PickupStationRiotId", "j"."PickupUpperId", "j"."PlanMessageId", "j"."PlanRevision", "j"."PreDepartureSafetyCheckId", "j"."PreDepartureSafetyCheckMessageId", "j"."RouteEvidenceId", "j"."Stage", "j"."StationDepartureWaitStartedAt", "j"."SublotRequestMessageId", "j"."TargetSlotsJson", "j"."UnloadCommandMessageId", "j"."UnloadSlotOperationAttemptId", "j"."UpdatedAt", "j"."VehicleBusinessMessageId", "j"."VehicleBusinessRevision", "j"."VehicleKey", "j"."WorklistMessageId", "j"."WorklistRevision", "j"."YieldTriggeredAt", "j"."YieldTriggeredByVehicleKey"
FROM "JourneyRuntimes" AS "j"
WHERE "j"."Stage" <> 'Completed'
[08:03:47 INF] Executed DbCommand (0ms) [Parameters=[], CommandType='Text', CommandTimeout='30']
SELECT "a"."DemandId"
FROM "AcceptedDemands" AS "a"
WHERE "a"."Status" NOT IN ('Succeeded', 'Cancelled')
[08:03:47 INF] Executed DbCommand (0ms) [Parameters=[], CommandType='Text', CommandTimeout='30']
SELECT "j"."DemandId"
FROM "JourneyRuntimes" AS "j"
[08:03:47 INF] Start processing HTTP request GET http://127.0.0.1:48409/api/v2/contract
[08:03:47 INF] Sending HTTP request GET http://127.0.0.1:48409/api/v2/contract
[08:03:47 INF] Received HTTP response headers after 0.8956ms - 200
[08:03:47 INF] End processing HTTP request after 2.4108ms - 200
[08:03:47 INF] Start processing HTTP request GET http://127.0.0.1:48409/api/v2/externally-readable-demand-catalog
[08:03:47 INF] Sending HTTP request GET http://127.0.0.1:48409/api/v2/externally-readable-demand-catalog
[08:03:47 INF] Received HTTP response headers after 0.9402ms - 200
[08:03:47 INF] End processing HTTP request after 17.3965ms - 200
[08:03:47 INF] Executed DbCommand (0ms) [Parameters=[], CommandType='Text', CommandTimeout='30']
SELECT "j"."DemandId", "j"."AcceptedAt", "j"."DecisionFingerprint", "j"."DemandCreatedAt", "j"."FirstSeenAt", "j"."LastSeenAt", "j"."ReasonCode", "j"."StarvationEscalatedAt", "j"."StarvationEscalationParameterVersion", "j"."TransportDemandKey"
FROM "JourneyBacklog" AS "j"
[08:03:47 INF] Executed DbCommand (0ms) [Parameters=[], CommandType='Text', CommandTimeout='30']
SELECT "a"."DemandId"
FROM "AcceptedDemands" AS "a"
[08:03:47 INF] Executed DbCommand (0ms) [Parameters=[], CommandType='Text', CommandTimeout='30']
SELECT "v"."AgvId", "v"."TaskType", "v"."Allowed", "v"."ConfigurationVersion", "v"."UpdatedAt"
FROM "VehicleTaskTypeAdmissions" AS "v"
[08:03:47 INF] Executed DbCommand (0ms) [Parameters=[], CommandType='Text', CommandTimeout='30']
SELECT "v"."AgvId", "v"."ConfigurationVersion", "v"."RoundTimeoutMilliseconds", "v"."UpdatedAt"
FROM "VehicleDispatchBudgets" AS "v"
[08:03:47 INF] Executed DbCommand (0ms) [Parameters=[], CommandType='Text', CommandTimeout='30']
SELECT "d"."Zone", "d"."AgvId", "d"."ConfigurationVersion", "d"."UpdatedAt"
FROM "DispatchZoneVehicles" AS "d"
[08:03:47 INF] Executed DbCommand (0ms) [Parameters=[], CommandType='Text', CommandTimeout='30']
SELECT MAX("d"."Version")
FROM "DispatchZoneAreaAssignmentVersions" AS "d"
[08:03:47 INF] Executed DbCommand (0ms) [Parameters=[@__version_0='?' (DbType = Int64)], CommandType='Text', CommandTimeout='30']
SELECT "d"."Version", "d"."ContentSha256", "d"."EntryCount", "d"."ImportedAt", "d"."SnapshotId"
FROM "DispatchZoneAreaAssignmentVersions" AS "d"
WHERE "d"."Version" = @__version_0
LIMIT 2
[08:03:47 INF] Executed DbCommand (0ms) [Parameters=[@__version_0='?' (DbType = Int64)], CommandType='Text', CommandTimeout='30']
SELECT "d"."Version", "d"."Area", "d"."DispatchZone", "d"."SlotPosition"
FROM "DispatchZoneAreaAssignments" AS "d"
WHERE "d"."Version" = @__version_0
[08:03:47 INF] Executed DbCommand (0ms) [Parameters=[@__agvId_0='?' (Size = 10)], CommandType='Text', CommandTimeout='30']
SELECT "a"."SlotModelVersionId", "a"."SnapshotId"
FROM "ActiveSlotConfigurations" AS "a"
WHERE "a"."AgvId" = @__agvId_0
LIMIT 2
[08:03:47 INF] Executed DbCommand (0ms) [Parameters=[@__agvId_0='?' (Size = 10)], CommandType='Text', CommandTimeout='30']
SELECT "s"."SlotModelVersionId", "s"."CreatedAt"
FROM "SlotIoBindings" AS "s"
WHERE "s"."AgvId" = @__agvId_0 AND "s"."Status" = 'PUBLISHED'
[08:03:47 INF] Executed DbCommand (0ms) [Parameters=[@__slotModelVersionId_0='?' (Size = 32)], CommandType='Text', CommandTimeout='30']
SELECT "s"."SlotModelVersionId", "s"."PhysicalSlotNumber", "s"."SlotPosition", "s"."SlotTemplateId"
FROM "SlotModelSlots" AS "s"
WHERE "s"."SlotModelVersionId" = @__slotModelVersionId_0
[08:03:47 INF] Executed DbCommand (0ms) [Parameters=[@__agvId_0='?' (Size = 10)], CommandType='Text', CommandTimeout='30']
SELECT "s"."AgvId", "s"."ActiveUnlockSlotsJson", "s"."CapabilityHash", "s"."CapabilityRevision", "s"."DepartureSafe", "s"."ForcedRecoveryGeneration", "s"."ManifestSha256", "s"."PendingAttemptIdsJson", "s"."PendingResultIdsJson", "s"."ProfileId", "s"."ProtocolCommit", "s"."ProtocolVersion", "s"."ProvenRecoveryCheckpoint", "s"."Readiness", "s"."ReasonCode", "s"."RecoveryReportId", "s"."ReportedForcedRecoveryGeneration", "s"."ReportedSlotConfigurationFingerprint", "s"."SafetyHash", "s"."SafetyReasonCodesJson", "s"."SafetyRevision", "s"."SafetyUnknownPresent", "s"."SessionGeneration", "s"."UnsettledSlotOperationAttemptId", "s"."UpdatedAt"
FROM "SessionRecoveries" AS "s"
WHERE "s"."AgvId" = @__agvId_0 AND "s"."Readiness" = 'Ready'
LIMIT 2
[08:03:47 INF] Executed DbCommand (0ms) [Parameters=[@__messageType_0='?' (Size = 18)], CommandType='Text', CommandTimeout='30']
SELECT "p"."MessageId", "p"."ContentHash", "p"."FirstResponseJson", "p"."MessageType", "p"."ReceivedAt", "p"."RequestJson"
FROM "ProtocolInbox" AS "p"
WHERE "p"."MessageType" = @__messageType_0
[08:03:47 INF] Executed DbCommand (0ms) [Parameters=[], CommandType='Text', CommandTimeout='30']
SELECT "p"."MessageId", "p"."ContentHash", "p"."FirstResponseJson", "p"."MessageType", "p"."ReceivedAt", "p"."RequestJson"
FROM "ProtocolInbox" AS "p"
WHERE "p"."MessageType" = 'SafetyStateSnapshot'
[08:03:47 INF] Executed DbCommand (0ms) [Parameters=[], CommandType='Text', CommandTimeout='30']
SELECT "p"."MessageId", "p"."ContentHash", "p"."FirstResponseJson", "p"."MessageType", "p"."ReceivedAt", "p"."RequestJson"
FROM "ProtocolInbox" AS "p"
WHERE "p"."MessageType" IN ('SafetyStateSnapshot', 'SafetyStateChanged')
[08:03:47 INF] Executed DbCommand (0ms) [Parameters=[], CommandType='Text', CommandTimeout='30']
SELECT "p"."MessageId", "p"."ContentHash", "p"."FirstResponseJson", "p"."MessageType", "p"."ReceivedAt", "p"."RequestJson"
FROM "ProtocolInbox" AS "p"
[08:03:47 INF] Start processing HTTP request GET http://127.0.0.1:48408/api/task/vehicles/getVehicleInfoByDeviceKey?key=BROKERX-L2-0001
[08:03:47 INF] Sending HTTP request GET http://127.0.0.1:48408/api/task/vehicles/getVehicleInfoByDeviceKey?key=BROKERX-L2-0001
[08:03:47 INF] Received HTTP response headers after 0.9618ms - 200
[08:03:47 INF] End processing HTTP request after 7.1075ms - 200
[08:03:47 INF] Executed DbCommand (0ms) [Parameters=[@__agvId_0='?' (Size = 10)], CommandType='Text', CommandTimeout='30']
SELECT "v"."AgvId", "v"."ClearedAt", "v"."ClearedReason", "v"."EnteredAt", "v"."EscalatedAt", "v"."EvidenceCode", "v"."EvidenceOnAutoConfirmWhitelist", "v"."FaultGeneration", "v"."LastEvaluatedAt", "v"."Level", "v"."StopProven", "v"."StopProvenAt"
FROM "VehicleFaultStates" AS "v"
WHERE "v"."AgvId" = @__agvId_0
LIMIT 2
[08:03:47 INF] Executed DbCommand (0ms) [Parameters=[@__mapId_0='?' (DbType = Int32)], CommandType='Text', CommandTimeout='30']
SELECT "m"."MapId", "m"."ApprovedMaxUnconfirmedSeconds", "m"."ApprovedSyncPeriodSeconds", "m"."CatalogRevision", "m"."LastAttemptAt", "m"."LastCompleteConfirmationAt", "m"."LastFailureReason", "m"."State", "m"."UpdatedAt"
FROM "MapStationCatalogStates" AS "m"
WHERE "m"."MapId" = @__mapId_0
LIMIT 2
[08:03:47 INF] Executed DbCommand (0ms) [Parameters=[], CommandType='Text', CommandTimeout='30']
SELECT "p"."RuleId", "p"."EffectiveAt", "p"."MatchType", "p"."MaxBoxesPerBasket", "p"."Pattern", "p"."Source", "p"."SupersededAt", "p"."Version"
FROM "PackageCapacityRules" AS "p"
WHERE "p"."SupersededAt" IS NULL
[08:03:48 INF] Executed DbCommand (0ms) [Parameters=[@__package_0='?' (Size = 10)], CommandType='Text', CommandTimeout='30']
SELECT "m"."Package", "m"."FirstSeenAt", "m"."LastSeenAt", "m"."Status"
FROM "MissingPackages" AS "m"
WHERE "m"."Package" = @__package_0
LIMIT 2
[08:03:48 INF] Executed DbCommand (0ms) [Parameters=[@p1='?' (Size = 36), @p0='?' (DbType = DateTimeOffset)], CommandType='Text', CommandTimeout='30']
UPDATE "JourneyBacklog" SET "LastSeenAt" = @p0
WHERE "DemandId" = @p1
RETURNING 1;
[08:03:48 INF] Executed DbCommand (0ms) [Parameters=[@__stationId_0='?' (Size = 9), @__taskType_1='?' (Size = 12)], CommandType='Text', CommandTimeout='30']
SELECT EXISTS (
    SELECT 1
    FROM "StationTaskTypeAdmissions" AS "s"
    WHERE "s"."StationId" = @__stationId_0 AND "s"."TaskType" = @__taskType_1)
[08:03:48 INF] Start processing HTTP request POST http://127.0.0.1:48408/api/task/v1/route/getRouteCostsBy
[08:03:48 INF] Sending HTTP request POST http://127.0.0.1:48408/api/task/v1/route/getRouteCostsBy
[08:03:48 INF] Received HTTP response headers after 1.2491ms - 200
[08:03:48 INF] End processing HTTP request after 3.6528ms - 200
[08:03:48 INF] Executed DbCommand (0ms) [Parameters=[@__demandId_0='?' (Size = 36)], CommandType='Text', CommandTimeout='30']
SELECT "c"."GateAuditId", "c"."AgvId", "c"."ConflictDetail", "c"."DemandId", "c"."EvaluatedAt", "c"."GraphReachable", "c"."GraphTraversalCostMm", "c"."MapId", "c"."RiotRouteCostMm", "c"."TargetStationId", "c"."TransportDemandKey", "c"."Verdict"
FROM "CreateGateAudit" AS "c"
WHERE "c"."DemandId" = @__demandId_0
[08:03:48 INF] Executed DbCommand (2ms) [Parameters=[@p0='?' (Size = 36), @p1='?' (Size = 10), @p2='?', @p3='?' (Size = 36), @p4='?' (DbType = DateTimeOffset), @p5='?' (DbType = Boolean), @p6='?' (DbType = Int64), @p7='?' (DbType = Int32), @p8='?' (DbType = Int64), @p9='?' (DbType = Int32), @p10='?' (Size = 43), @p11='?' (Size = 7)], CommandType='Text', CommandTimeout='30']
INSERT INTO "CreateGateAudit" ("GateAuditId", "AgvId", "ConflictDetail", "DemandId", "EvaluatedAt", "GraphReachable", "GraphTraversalCostMm", "MapId", "RiotRouteCostMm", "TargetStationId", "TransportDemandKey", "Verdict")
VALUES (@p0, @p1, @p2, @p3, @p4, @p5, @p6, @p7, @p8, @p9, @p10, @p11);
[08:03:48 INF] Start processing HTTP request GET http://127.0.0.1:48409/api/v2/sublot-box-count?sublot=L2-CR-20260920T000247731Z-NEXT
[08:03:48 INF] Sending HTTP request GET http://127.0.0.1:48409/api/v2/sublot-box-count?sublot=L2-CR-20260920T000247731Z-NEXT
[08:03:48 INF] Received HTTP response headers after 1.1699ms - 200
[08:03:48 INF] End processing HTTP request after 25.3148ms - 200
[08:03:48 INF] Executed DbCommand (15ms) [Parameters=[@p0='?' (Size = 36), @p1='?' (DbType = DateTimeOffset), @p2='?' (Size = 64), @p3='?' (DbType = DateTimeOffset), @p4='?' (DbType = DateTimeOffset), @p5='?' (DbType = DateTimeOffset), @p6='?' (Size = 8), @p7='?' (DbType = DateTimeOffset), @p8='?' (DbType = Int64), @p9='?' (Size = 43)], CommandType='Text', CommandTimeout='30']
INSERT INTO "JourneyBacklog" ("DemandId", "AcceptedAt", "DecisionFingerprint", "DemandCreatedAt", "FirstSeenAt", "LastSeenAt", "ReasonCode", "StarvationEscalatedAt", "StarvationEscalationParameterVersion", "TransportDemandKey")
VALUES (@p0, @p1, @p2, @p3, @p4, @p5, @p6, @p7, @p8, @p9);
[08:03:48 INF] Executed DbCommand (0ms) [Parameters=[@__vehicleKey_0='?' (Size = 15)], CommandType='Text', CommandTimeout='30']
SELECT EXISTS (
    SELECT 1
    FROM "VehicleDispatchLeases" AS "v"
    WHERE "v"."VehicleKey" = @__vehicleKey_0 AND "v"."ReleasedAt" IS NULL)
[08:03:48 INF] Executed DbCommand (0ms) [Parameters=[@__agvId_0='?' (Size = 10)], CommandType='Text', CommandTimeout='30']
SELECT "s"."AgvId", "s"."ActiveUnlockSlotsJson", "s"."CapabilityHash", "s"."CapabilityRevision", "s"."DepartureSafe", "s"."ForcedRecoveryGeneration", "s"."ManifestSha256", "s"."PendingAttemptIdsJson", "s"."PendingResultIdsJson", "s"."ProfileId", "s"."ProtocolCommit", "s"."ProtocolVersion", "s"."ProvenRecoveryCheckpoint", "s"."Readiness", "s"."ReasonCode", "s"."RecoveryReportId", "s"."ReportedForcedRecoveryGeneration", "s"."ReportedSlotConfigurationFingerprint", "s"."SafetyHash", "s"."SafetyReasonCodesJson", "s"."SafetyRevision", "s"."SafetyUnknownPresent", "s"."SessionGeneration", "s"."UnsettledSlotOperationAttemptId", "s"."UpdatedAt"
FROM "SessionRecoveries" AS "s"
WHERE "s"."AgvId" = @__agvId_0 AND "s"."Readiness" = 'Ready'
LIMIT 2
[08:03:48 INF] Executed DbCommand (0ms) [Parameters=[@__messageType_0='?' (Size = 18)], CommandType='Text', CommandTimeout='30']
SELECT "p"."MessageId", "p"."ContentHash", "p"."FirstResponseJson", "p"."MessageType", "p"."ReceivedAt", "p"."RequestJson"
FROM "ProtocolInbox" AS "p"
WHERE "p"."MessageType" = @__messageType_0
[08:03:48 INF] Executed DbCommand (0ms) [Parameters=[], CommandType='Text', CommandTimeout='30']
SELECT "p"."MessageId", "p"."ContentHash", "p"."FirstResponseJson", "p"."MessageType", "p"."ReceivedAt", "p"."RequestJson"
FROM "ProtocolInbox" AS "p"
WHERE "p"."MessageType" = 'SafetyStateSnapshot'
[08:03:48 INF] Executed DbCommand (0ms) [Parameters=[], CommandType='Text', CommandTimeout='30']
SELECT "p"."MessageId", "p"."ContentHash", "p"."FirstResponseJson", "p"."MessageType", "p"."ReceivedAt", "p"."RequestJson"
FROM "ProtocolInbox" AS "p"
WHERE "p"."MessageType" IN ('SafetyStateSnapshot', 'SafetyStateChanged')
[08:03:48 INF] Executed DbCommand (0ms) [Parameters=[], CommandType='Text', CommandTimeout='30']
SELECT "p"."MessageId", "p"."ContentHash", "p"."FirstResponseJson", "p"."MessageType", "p"."ReceivedAt", "p"."RequestJson"
FROM "ProtocolInbox" AS "p"
[08:03:48 INF] Start processing HTTP request GET http://127.0.0.1:48408/api/task/vehicles/getVehicleInfoByDeviceKey?key=BROKERX-L2-0001
[08:03:48 INF] Sending HTTP request GET http://127.0.0.1:48408/api/task/vehicles/getVehicleInfoByDeviceKey?key=BROKERX-L2-0001
[08:03:48 INF] Received HTTP response headers after 0.767ms - 200
[08:03:48 INF] End processing HTTP request after 3.3624ms - 200
[08:03:48 INF] Start processing HTTP request GET http://127.0.0.1:48409/api/v2/contract
[08:03:48 INF] Sending HTTP request GET http://127.0.0.1:48409/api/v2/contract
[08:03:48 INF] Received HTTP response headers after 0.935ms - 200
[08:03:48 INF] End processing HTTP request after 46.8488ms - 200
[08:03:48 INF] Start processing HTTP request GET http://127.0.0.1:48409/api/v2/externally-readable-demand-catalog
[08:03:48 INF] Sending HTTP request GET http://127.0.0.1:48409/api/v2/externally-readable-demand-catalog
[08:03:48 INF] Received HTTP response headers after 0.9512ms - 200
[08:03:48 INF] End processing HTTP request after 17.8162ms - 200
[08:03:48 INF] Executed DbCommand (0ms) [Parameters=[@__agvId_0='?' (Size = 10)], CommandType='Text', CommandTimeout='30']
SELECT "s"."AgvId", "s"."ActiveUnlockSlotsJson", "s"."CapabilityHash", "s"."CapabilityRevision", "s"."DepartureSafe", "s"."ForcedRecoveryGeneration", "s"."ManifestSha256", "s"."PendingAttemptIdsJson", "s"."PendingResultIdsJson", "s"."ProfileId", "s"."ProtocolCommit", "s"."ProtocolVersion", "s"."ProvenRecoveryCheckpoint", "s"."Readiness", "s"."ReasonCode", "s"."RecoveryReportId", "s"."ReportedForcedRecoveryGeneration", "s"."ReportedSlotConfigurationFingerprint", "s"."SafetyHash", "s"."SafetyReasonCodesJson", "s"."SafetyRevision", "s"."SafetyUnknownPresent", "s"."SessionGeneration", "s"."UnsettledSlotOperationAttemptId", "s"."UpdatedAt"
FROM "SessionRecoveries" AS "s"
WHERE "s"."AgvId" = @__agvId_0 AND "s"."Readiness" = 'Ready'
LIMIT 2
[08:03:48 INF] Executed DbCommand (0ms) [Parameters=[@__messageType_0='?' (Size = 18)], CommandType='Text', CommandTimeout='30']
SELECT "p"."MessageId", "p"."ContentHash", "p"."FirstResponseJson", "p"."MessageType", "p"."ReceivedAt", "p"."RequestJson"
FROM "ProtocolInbox" AS "p"
WHERE "p"."MessageType" = @__messageType_0
[08:03:48 INF] Executed DbCommand (0ms) [Parameters=[], CommandType='Text', CommandTimeout='30']
SELECT "p"."MessageId", "p"."ContentHash", "p"."FirstResponseJson", "p"."MessageType", "p"."ReceivedAt", "p"."RequestJson"
FROM "ProtocolInbox" AS "p"
WHERE "p"."MessageType" = 'SafetyStateSnapshot'
[08:03:48 INF] Executed DbCommand (0ms) [Parameters=[], CommandType='Text', CommandTimeout='30']
SELECT "p"."MessageId", "p"."ContentHash", "p"."FirstResponseJson", "p"."MessageType", "p"."ReceivedAt", "p"."RequestJson"
FROM "ProtocolInbox" AS "p"
WHERE "p"."MessageType" IN ('SafetyStateSnapshot', 'SafetyStateChanged')
[08:03:48 INF] Executed DbCommand (0ms) [Parameters=[], CommandType='Text', CommandTimeout='30']
SELECT "p"."MessageId", "p"."ContentHash", "p"."FirstResponseJson", "p"."MessageType", "p"."ReceivedAt", "p"."RequestJson"
FROM "ProtocolInbox" AS "p"
[08:03:48 INF] Start processing HTTP request GET http://127.0.0.1:48408/api/task/vehicles/getVehicleInfoByDeviceKey?key=BROKERX-L2-0001
[08:03:48 INF] Sending HTTP request GET http://127.0.0.1:48408/api/task/vehicles/getVehicleInfoByDeviceKey?key=BROKERX-L2-0001
[08:03:48 INF] Received HTTP response headers after 0.844ms - 200
[08:03:48 INF] End processing HTTP request after 16.88ms - 200
[08:03:48 INF] Executed DbCommand (0ms) [Parameters=[@__snapshot_DemandId_0='?' (Size = 36), @__snapshot_TransportDemandKey_1='?' (Size = 43)], CommandType='Text', CommandTimeout='30']
SELECT "a"."DemandId", "a"."AcceptedAt", "a"."CatalogRevision", "a"."CreatedAt", "a"."DemandRevision", "a"."Generation", "a"."HistoryEpoch", "a"."LiveMesFieldsJson", "a"."SeriesId", "a"."Status", "a"."Sublot", "a"."TransportDemandKey", "a"."ValueObservedAt", "a"."ValuePollTraceId", "a"."ValueProjectionCommitId", "a"."WorkType"
FROM "AcceptedDemands" AS "a"
WHERE "a"."DemandId" = @__snapshot_DemandId_0 OR "a"."TransportDemandKey" = @__snapshot_TransportDemandKey_1
LIMIT 2
[08:03:48 INF] Executed DbCommand (0ms) [Parameters=[@__orderIntent_VehicleKey_0='?' (Size = 15)], CommandType='Text', CommandTimeout='30']
SELECT "v"."JourneyId", "v"."AcquiredAt", "v"."DemandId", "v"."ReleasedAt", "v"."VehicleKey"
FROM "VehicleDispatchLeases" AS "v"
WHERE "v"."VehicleKey" = @__orderIntent_VehicleKey_0 AND "v"."ReleasedAt" IS NULL
LIMIT 2
[08:03:48 INF] Executed DbCommand (0ms) [Parameters=[], CommandType='Text', CommandTimeout='30']
SELECT MAX("d"."Version")
FROM "DispatchZoneAreaAssignmentVersions" AS "d"
[08:03:48 INF] Executed DbCommand (0ms) [Parameters=[@__demandId_0='?' (Size = 36)], CommandType='Text', CommandTimeout='30']
SELECT "c"."ConsumerKind", "c"."ConsumerId", "c"."ObjectKind", "c"."ObjectId", "c"."FrozenAt", "c"."FrozenVersion", "c"."SnapshotId"
FROM "ConfigurationConsumerBindings" AS "c"
WHERE "c"."ConsumerKind" = 'TransportDemand' AND "c"."ObjectKind" = 'DispatchZoneAreaAssignment' AND "c"."ObjectId" = 'dispatch-zone-area-assignment' AND "c"."ConsumerId" = @__demandId_0
LIMIT 2
[08:03:48 INF] Executed DbCommand (0ms) [Parameters=[@__version_0='?' (DbType = Int64)], CommandType='Text', CommandTimeout='30']
SELECT "d"."Version", "d"."ContentSha256", "d"."EntryCount", "d"."ImportedAt", "d"."SnapshotId"
FROM "DispatchZoneAreaAssignmentVersions" AS "d"
WHERE "d"."Version" = @__version_0
LIMIT 2
[08:03:48 INF] Executed DbCommand (0ms) [Parameters=[@p0='?' (Size = 36), @p1='?' (Size = 15), @p2='?' (Size = 29), @p3='?' (Size = 26), @p4='?' (DbType = DateTimeOffset), @p5='?' (DbType = Int64), @p6='?' (Size = 32)], CommandType='Text', CommandTimeout='30']
INSERT INTO "ConfigurationConsumerBindings" ("ConsumerId", "ConsumerKind", "ObjectId", "ObjectKind", "FrozenAt", "FrozenVersion", "SnapshotId")
VALUES (@p0, @p1, @p2, @p3, @p4, @p5, @p6);
[08:03:48 INF] Executed DbCommand (0ms) [Parameters=[@__snapshot_DemandId_0='?' (Size = 36)], CommandType='Text', CommandTimeout='30']
DELETE FROM "FrozenDemandStations" AS "f"
WHERE "f"."DemandId" = @__snapshot_DemandId_0
[08:03:48 INF] Executed DbCommand (0ms) [Parameters=[@__demandId_0='?' (Size = 36)], CommandType='Text', CommandTimeout='30']
SELECT "f"."DemandId", "f"."Role", "f"."CatalogRevision", "f"."FrozenAt", "f"."MapId", "f"."StationId", "f"."StationName", "f"."TransportDemandKey"
FROM "FrozenDemandStations" AS "f"
WHERE "f"."DemandId" = @__demandId_0
[08:03:48 INF] Executed DbCommand (0ms) [Parameters=[@p0='?' (Size = 36), @p1='?' (Size = 6), @p2='?' (DbType = Int64), @p3='?' (DbType = DateTimeOffset), @p4='?' (DbType = Int32), @p5='?' (DbType = Int32), @p6='?' (Size = 9), @p7='?' (Size = 43)], CommandType='Text', CommandTimeout='30']
INSERT INTO "FrozenDemandStations" ("DemandId", "Role", "CatalogRevision", "FrozenAt", "MapId", "StationId", "StationName", "TransportDemandKey")
VALUES (@p0, @p1, @p2, @p3, @p4, @p5, @p6, @p7);
[08:03:48 INF] Executed DbCommand (0ms) [Parameters=[@p0='?' (Size = 36), @p1='?' (Size = 7), @p2='?' (DbType = Int64), @p3='?' (DbType = DateTimeOffset), @p4='?' (DbType = Int32), @p5='?' (DbType = Int32), @p6='?' (Size = 2), @p7='?' (Size = 43)], CommandType='Text', CommandTimeout='30']
INSERT INTO "FrozenDemandStations" ("DemandId", "Role", "CatalogRevision", "FrozenAt", "MapId", "StationId", "StationName", "TransportDemandKey")
VALUES (@p0, @p1, @p2, @p3, @p4, @p5, @p6, @p7);
[08:03:48 INF] Executed DbCommand (0ms) [Parameters=[@__demandId_0='?' (Size = 36)], CommandType='Text', CommandTimeout='30']
SELECT "c"."ConsumerKind", "c"."ConsumerId", "c"."ObjectKind", "c"."ObjectId", "c"."FrozenAt", "c"."FrozenVersion", "c"."SnapshotId"
FROM "ConfigurationConsumerBindings" AS "c"
WHERE "c"."ConsumerKind" = 'TransportDemand' AND "c"."ConsumerId" = @__demandId_0 AND (("c"."ObjectKind" = 'TaskTypeStationRule' AND "c"."ObjectId" = 'task-type-station-rules') OR ("c"."ObjectKind" = 'PublicStationBinding' AND "c"."ObjectId" LIKE 'map-%'))
[08:03:48 INF] Executed DbCommand (0ms) [Parameters=[@__ruleVersion_0='?' (DbType = Int64)], CommandType='Text', CommandTimeout='30']
SELECT "t"."Version", "t"."ContentSha256", "t"."LoadedAt", "t"."SnapshotId", "t"."Source"
FROM "TaskTypeStationRuleVersions" AS "t"
WHERE "t"."Version" = @__ruleVersion_0
LIMIT 2
[08:03:48 INF] Executed DbCommand (0ms) [Parameters=[@__mapId_0='?' (DbType = Int32), @__bindingSetVersion_1='?' (DbType = Int64)], CommandType='Text', CommandTimeout='30']
SELECT "t"."MapId", "t"."Version", "t"."CatalogRevision", "t"."ContentSha256", "t"."LoadedAt", "t"."RuleVersion", "t"."SnapshotId", "t"."Source"
FROM "TaskTypeStationBindingSetVersions" AS "t"
WHERE "t"."MapId" = @__mapId_0 AND "t"."Version" = @__bindingSetVersion_1
LIMIT 2
[08:03:48 INF] Executed DbCommand (0ms) [Parameters=[@p0='?' (Size = 36), @p1='?' (Size = 15), @p2='?' (Size = 6), @p3='?' (Size = 20), @p4='?' (DbType = DateTimeOffset), @p5='?' (DbType = Int64), @p6='?' (Size = 32)], CommandType='Text', CommandTimeout='30']
INSERT INTO "ConfigurationConsumerBindings" ("ConsumerId", "ConsumerKind", "ObjectId", "ObjectKind", "FrozenAt", "FrozenVersion", "SnapshotId")
VALUES (@p0, @p1, @p2, @p3, @p4, @p5, @p6);
[08:03:48 INF] Start processing HTTP request GET http://127.0.0.1:48408/api/task/v1/task/getVehicleInfo/BROKERX-L2-0001
[08:03:48 INF] Executed DbCommand (0ms) [Parameters=[@p0='?' (Size = 36), @p1='?' (Size = 15), @p2='?' (Size = 23), @p3='?' (Size = 19), @p4='?' (DbType = DateTimeOffset), @p5='?' (DbType = Int64), @p6='?' (Size = 32)], CommandType='Text', CommandTimeout='30']
INSERT INTO "ConfigurationConsumerBindings" ("ConsumerId", "ConsumerKind", "ObjectId", "ObjectKind", "FrozenAt", "FrozenVersion", "SnapshotId")
VALUES (@p0, @p1, @p2, @p3, @p4, @p5, @p6);
[08:03:48 INF] Sending HTTP request GET http://127.0.0.1:48408/api/task/v1/task/getVehicleInfo/BROKERX-L2-0001
[08:03:48 INF] Executed DbCommand (0ms) [Parameters=[@__runtime_AgvId_0='?' (Size = 10)], CommandType='Text', CommandTimeout='30']
SELECT MAX("j"."VehicleBusinessRevision") AS "VehicleBusiness", MAX("j"."WorklistRevision") AS "Worklist", MAX("j"."PlanRevision") AS "Plan"
FROM "JourneyRuntimes" AS "j"
WHERE "j"."AgvId" = @__runtime_AgvId_0
GROUP BY "j"."AgvId"
LIMIT 2
[08:03:48 INF] Received HTTP response headers after 1.0231ms - 200
[08:03:48 INF] Executed DbCommand (0ms) [Parameters=[@__runtime_AgvId_0='?' (Size = 10)], CommandType='Text', CommandTimeout='30']
SELECT "v"."AgvId", "v"."PlanRevision", "v"."VehicleBusinessRevision", "v"."WorklistRevision"
FROM "VehicleSnapshotRevisions" AS "v"
WHERE "v"."AgvId" = @__runtime_AgvId_0
LIMIT 2
[08:03:48 INF] End processing HTTP request after 31.9009ms - 200
[08:03:48 INF] Executed DbCommand (0ms) [Parameters=[@__snapshot_DemandId_0='?' (Size = 36)], CommandType='Text', CommandTimeout='30']
SELECT "j"."DemandId", "j"."AcceptedAt", "j"."DecisionFingerprint", "j"."DemandCreatedAt", "j"."FirstSeenAt", "j"."LastSeenAt", "j"."ReasonCode", "j"."StarvationEscalatedAt", "j"."StarvationEscalationParameterVersion", "j"."TransportDemandKey"
FROM "JourneyBacklog" AS "j"
WHERE "j"."DemandId" = @__snapshot_DemandId_0
LIMIT 2
[08:03:48 INF] Start processing HTTP request GET http://127.0.0.1:48408/api/order/v1/orderRecord?pageNum=1&pageSize=100&filterByState=1&filterByState=3&filterByState=7&filterByState=9
[08:03:48 INF] Sending HTTP request GET http://127.0.0.1:48408/api/order/v1/orderRecord?pageNum=1&pageSize=100&filterByState=1&filterByState=3&filterByState=7&filterByState=9
[08:03:48 INF] Executed DbCommand (0ms) [Parameters=[@p0='?' (Size = 36), @p1='?' (DbType = DateTimeOffset), @p2='?' (DbType = Int64), @p3='?' (DbType = DateTimeOffset), @p4='?' (DbType = Int64), @p5='?' (DbType = Int32), @p6='?' (Size = 36), @p7='?' (Size = 89), @p8='?' (Size = 39), @p9='?' (Size = 8), @p10='?' (Size = 30), @p11='?' (Size = 43), @p12='?' (DbType = DateTimeOffset), @p13='?' (Size = 38), @p14='?' (Size = 39), @p15='?' (Size = 12)], CommandType='Text', CommandTimeout='30']
INSERT INTO "AcceptedDemands" ("DemandId", "AcceptedAt", "CatalogRevision", "CreatedAt", "DemandRevision", "Generation", "HistoryEpoch", "LiveMesFieldsJson", "SeriesId", "Status", "Sublot", "TransportDemandKey", "ValueObservedAt", "ValuePollTraceId", "ValueProjectionCommitId", "WorkType")
VALUES (@p0, @p1, @p2, @p3, @p4, @p5, @p6, @p7, @p8, @p9, @p10, @p11, @p12, @p13, @p14, @p15);
[08:03:48 INF] Received HTTP response headers after 1.0678ms - 200
[08:03:48 INF] Executed DbCommand (0ms) [Parameters=[@p3='?' (Size = 36), @p0='?' (DbType = DateTimeOffset), @p1='?' (DbType = DateTimeOffset), @p2='?' (Size = 8)], CommandType='Text', CommandTimeout='30']
UPDATE "JourneyBacklog" SET "AcceptedAt" = @p0, "LastSeenAt" = @p1, "ReasonCode" = @p2
WHERE "DemandId" = @p3
RETURNING 1;
[08:03:48 INF] End processing HTTP request after 47.0758ms - 200
[08:03:48 INF] Executed DbCommand (0ms) [Parameters=[@p0='?' (Size = 36), @p1='?' (Size = 44), @p2='?' (DbType = DateTimeOffset), @p3='?' (DbType = Int64), @p4='?' (Size = 19), @p5='?' (DbType = Int64), @p6='?' (DbType = Int32), @p7='?' (Size = 36), @p8='?' (Size = 36), @p9='?', @p10='?' (Size = 51), @p11='?', @p12='?' (DbType = DateTimeOffset), @p13='?' (Size = 12), @p14='?' (Size = 3), @p15='?' (Size = 36), @p16='?' (Size = 36), @p17='?' (Size = 51)], CommandType='Text', CommandTimeout='30']
INSERT INTO "JourneyDemands" ("DemandId", "JourneyId", "AddedAt", "DispatchGeneration", "DispatchZone", "DispatchZoneParameterVersion", "ExpectedBasketCount", "LoadCommandMessageId", "LoadSlotOperationAttemptId", "LoadedSlotsJson", "PickupStopId", "RemovalReason", "RemovedAt", "Status", "TargetSlotsJson", "UnloadCommandMessageId", "UnloadSlotOperationAttemptId", "UnloadStopId")
VALUES (@p0, @p1, @p2, @p3, @p4, @p5, @p6, @p7, @p8, @p9, @p10, @p11, @p12, @p13, @p14, @p15, @p16, @p17);
[08:03:48 INF] HTTP GET /api/onboard/v1/vehicle-safety responded 200 in 129.3385 ms
[08:03:48 INF] Executed DbCommand (0ms) [Parameters=[@p0='?' (Size = 44), @p1='?' (Size = 10), @p2='?' (DbType = Int64), @p3='?' (DbType = DateTimeOffset), @p4='?', @p5='?' (DbType = DateTimeOffset), @p6='?' (DbType = DateTimeOffset), @p7='?', @p8='?', @p9='?' (DbType = DateTimeOffset), @p10='?' (Size = 36), @p11='?' (DbType = Int64), @p12='?' (Size = 19), @p13='?' (DbType = Int32), @p14='?', @p15='?' (Size = 36), @p16='?' (Size = 36), @p17='?' (Size = 2), @p18='?' (DbType = Int32), @p19='?' (Size = 47), @p20='?' (Size = 36), @p21='?' (Size = 36), @p22='?' (Size = 36), @p23='?' (Size = 36), @p24='?', @p25='?', @p26='?' (DbType = Int32), @p27='?' (Size = 6), @p28='?' (Size = 36), @p29='?' (Size = 36), @p30='?' (Size = 9), @p31='?' (DbType = Int32), @p32='?' (Size = 49), @p33='?' (Size = 36), @p34='?' (DbType = Int64), @p35='?' (Size = 36), @p36='?' (Size = 36), @p37='?' (Size = 71), @p38='?' (Size = 21), @p39='?' (DbType = DateTimeOffset), @p40='?' (Size = 36), @p41='?' (Size = 3), @p42='?' (Size = 36), @p43='?' (Size = 36), @p44='?' (DbType = DateTimeOffset), @p45='?' (Size = 36), @p46='?' (DbType = Int64), @p47='?' (Size = 15), @p48='?' (Size = 36), @p49='?' (DbType = Int64), @p50='?' (DbType = DateTimeOffset), @p51='?'], CommandType='Text', CommandTimeout='30']
INSERT INTO "JourneyRuntimes" ("JourneyId", "AgvId", "AgvLifecycleGeneration", "AreaEndAdmissionRevokedSince", "BlockReasonCode", "BlockReasonSince", "CargoHoldingStartedAt", "ConsumedSafetyResultMessageId", "ConsumedSublotMessageId", "CreatedAt", "DemandId", "DispatchGeneration", "DispatchZone", "ExpectedBasketCount", "FullSlotPositionsJson", "GateMovementLegId", "GatePlanMessageId", "GateStationId", "GateStationRiotId", "GateUpperId", "GateVehicleBusinessMessageId", "GateWorklistMessageId", "LoadCommandMessageId", "LoadSlotOperationAttemptId", "LoadingClosedReason", "LoadingPhaseState", "MapId", "MapIdentity", "OperationSessionId", "PickupMovementLegId", "PickupStationId", "PickupStationRiotId", "PickupUpperId", "PlanMessageId", "PlanRevision", "PreDepartureSafetyCheckId", "PreDepartureSafetyCheckMessageId", "RouteEvidenceId", "Stage", "StationDepartureWaitStartedAt", "SublotRequestMessageId", "TargetSlotsJson", "UnloadCommandMessageId", "UnloadSlotOperationAttemptId", "UpdatedAt", "VehicleBusinessMessageId", "VehicleBusinessRevision", "VehicleKey", "WorklistMessageId", "WorklistRevision", "YieldTriggeredAt", "YieldTriggeredByVehicleKey")
VALUES (@p0, @p1, @p2, @p3, @p4, @p5, @p6, @p7, @p8, @p9, @p10, @p11, @p12, @p13, @p14, @p15, @p16, @p17, @p18, @p19, @p20, @p21, @p22, @p23, @p24, @p25, @p26, @p27, @p28, @p29, @p30, @p31, @p32, @p33, @p34, @p35, @p36, @p37, @p38, @p39, @p40, @p41, @p42, @p43, @p44, @p45, @p46, @p47, @p48, @p49, @p50, @p51);
[08:03:48 INF] Executed DbCommand (0ms) [Parameters=[@p0='?' (Size = 51), @p1='?' (DbType = DateTimeOffset), @p2='?' (Size = 36), @p3='?' (Size = 36), @p4='?' (Size = 19), @p5='?' (Size = 44), @p6='?' (Size = 36), @p7='?' (Size = 36), @p8='?' (Size = 36), @p9='?' (DbType = Int32), @p10='?' (Size = 9), @p11='?' (DbType = Int32), @p12='?' (Size = 7), @p13='?' (Size = 6), @p14='?' (Size = 36), @p15='?' (Size = 49), @p16='?' (Size = 36), @p17='?' (Size = 36)], CommandType='Text', CommandTimeout='30']
INSERT INTO "JourneyStops" ("StopId", "CreatedAt", "DepartureSafetyCheckId", "DepartureSafetyCheckMessageId", "DispatchZone", "JourneyId", "MovementLegId", "OperationSessionId", "PlanMessageId", "Sequence", "StationId", "StationRiotId", "Status", "StopRole", "SublotRequestMessageId", "UpperId", "VehicleBusinessMessageId", "WorklistMessageId")
VALUES (@p0, @p1, @p2, @p3, @p4, @p5, @p6, @p7, @p8, @p9, @p10, @p11, @p12, @p13, @p14, @p15, @p16, @p17);
[08:03:48 INF] Executed DbCommand (0ms) [Parameters=[@p0='?' (Size = 51), @p1='?' (DbType = DateTimeOffset), @p2='?', @p3='?', @p4='?' (Size = 19), @p5='?' (Size = 44), @p6='?' (Size = 36), @p7='?' (Size = 36), @p8='?' (Size = 36), @p9='?' (DbType = Int32), @p10='?' (Size = 2), @p11='?' (DbType = Int32), @p12='?' (Size = 7), @p13='?' (Size = 6), @p14='?', @p15='?' (Size = 47), @p16='?' (Size = 36), @p17='?' (Size = 36)], CommandType='Text', CommandTimeout='30']
INSERT INTO "JourneyStops" ("StopId", "CreatedAt", "DepartureSafetyCheckId", "DepartureSafetyCheckMessageId", "DispatchZone", "JourneyId", "MovementLegId", "OperationSessionId", "PlanMessageId", "Sequence", "StationId", "StationRiotId", "Status", "StopRole", "SublotRequestMessageId", "UpperId", "VehicleBusinessMessageId", "WorklistMessageId")
VALUES (@p0, @p1, @p2, @p3, @p4, @p5, @p6, @p7, @p8, @p9, @p10, @p11, @p12, @p13, @p14, @p15, @p16, @p17);
[08:03:48 INF] Executed DbCommand (1ms) [Parameters=[@p0='?' (Size = 36), @p1='?' (DbType = Int64), @p2='?' (DbType = Int32), @p3='?', @p4='?' (DbType = DateTimeOffset), @p5='?' (DbType = DateTimeOffset), @p6='?' (Size = 36), @p7='?' (DbType = Int32), @p8='?' (DbType = Int64), @p9='?' (DbType = Int32), @p10='?' (DbType = Int64), @p11='?', @p12='?', @p13='?' (DbType = DateTimeOffset), @p14='?', @p15='?', @p16='?' (DbType = DateTimeOffset), @p17='?', @p18='?' (DbType = Int32), @p19='?', @p20='?' (Size = 9), @p21='?' (Size = 22), @p22='?' (Size = 9), @p23='?' (Size = 49), @p24='?' (Size = 15), @p25='?' (DbType = DateTimeOffset), @p26='?' (DbType = DateTimeOffset)], CommandType='Text', CommandTimeout='30']
INSERT INTO "OrderIntents" ("MovementLegId", "AgvLifecycleGeneration", "CreateAttemptCount", "CreateAttemptId", "CreateDispatchArmedAt", "CreatedAt", "DemandId", "DestinationStationId", "DispatchAuditSequence", "DispatchAuditVersion", "DispatchGeneration", "ExperimentalCreateAuthorizationId", "LastCreateOutcome", "LastCreateOutcomeAt", "LastCreateReceiptJson", "LastReconciliationOutcome", "LastReconciliationOutcomeAt", "LastReconciliationReceiptJson", "MapId", "OrderId", "Purpose", "Status", "TargetStationId", "UpperId", "VehicleKey", "VehicleOccupancyClaimedAt", "VehicleOccupancyReleasedAt")
VALUES (@p0, @p1, @p2, @p3, @p4, @p5, @p6, @p7, @p8, @p9, @p10, @p11, @p12, @p13, @p14, @p15, @p16, @p17, @p18, @p19, @p20, @p21, @p22, @p23, @p24, @p25, @p26);
[08:03:48 INF] Executed DbCommand (0ms) [Parameters=[@p0='?' (Size = 44), @p1='?' (DbType = DateTimeOffset), @p2='?' (Size = 36), @p3='?' (DbType = DateTimeOffset), @p4='?' (Size = 15)], CommandType='Text', CommandTimeout='30']
INSERT INTO "VehicleDispatchLeases" ("JourneyId", "AcquiredAt", "DemandId", "ReleasedAt", "VehicleKey")
VALUES (@p0, @p1, @p2, @p3, @p4);
[08:03:48 INF] Executed DbCommand (0ms) [Parameters=[@p0='?' (Size = 15), @p1='?' (DbType = DateTimeOffset), @p2='?' (Size = 44), @p3='?' (Size = 9)], CommandType='Text', CommandTimeout='30']
INSERT INTO "VehiclePurposeClaims" ("VehicleKey", "ClaimedAt", "JourneyId", "Purpose")
VALUES (@p0, @p1, @p2, @p3);
[08:03:48 INF] Executed DbCommand (0ms) [Parameters=[@p3='?' (Size = 10), @p0='?' (DbType = Int64), @p1='?' (DbType = Int64), @p2='?' (DbType = Int64)], CommandType='Text', CommandTimeout='30']
UPDATE "VehicleSnapshotRevisions" SET "PlanRevision" = @p0, "VehicleBusinessRevision" = @p1, "WorklistRevision" = @p2
WHERE "AgvId" = @p3
RETURNING 1;
[08:03:48 INF] Executed DbCommand (0ms) [Parameters=[@__upperId_0='?' (Size = 49)], CommandType='Text', CommandTimeout='30']
SELECT "o"."MovementLegId", "o"."AgvLifecycleGeneration", "o"."CreateAttemptCount", "o"."CreateAttemptId", "o"."CreateDispatchArmedAt", "o"."CreatedAt", "o"."DemandId", "o"."DestinationStationId", "o"."DispatchAuditSequence", "o"."DispatchAuditVersion", "o"."DispatchGeneration", "o"."ExperimentalCreateAuthorizationId", "o"."LastCreateOutcome", "o"."LastCreateOutcomeAt", "o"."LastCreateReceiptJson", "o"."LastReconciliationOutcome", "o"."LastReconciliationOutcomeAt", "o"."LastReconciliationReceiptJson", "o"."MapId", "o"."OrderId", "o"."Purpose", "o"."Status", "o"."TargetStationId", "o"."UpperId", "o"."VehicleKey", "o"."VehicleOccupancyClaimedAt", "o"."VehicleOccupancyReleasedAt"
FROM "OrderIntents" AS "o"
WHERE "o"."UpperId" = @__upperId_0
LIMIT 2
[08:03:48 INF] Executed DbCommand (0ms) [Parameters=[], CommandType='Text', CommandTimeout='30']
SELECT "e"."AuthorizationId", "e"."AgvLifecycleGeneration", "e"."AuthorizationVersion", "e"."ConsumedAt", "e"."ConsumedByAttemptId", "e"."DemandId", "e"."DispatchGeneration", "e"."ExpiresAt", "e"."MovementLegId", "e"."PersistedAt", "e"."UpperId"
FROM "ExperimentalRiotCreateAuthorizations" AS "e"
WHERE 0
LIMIT 2
[08:03:48 INF] Start processing HTTP request GET http://127.0.0.1:48408/api/order/v1/orderRecord/detailByUpperId/W2G-b728034a-53c5-4313-9942-d22c6af8f13f-PICKUP-1
[08:03:48 INF] Sending HTTP request GET http://127.0.0.1:48408/api/order/v1/orderRecord/detailByUpperId/W2G-b728034a-53c5-4313-9942-d22c6af8f13f-PICKUP-1
[08:03:48 INF] Received HTTP response headers after 1.0034ms - 404
[08:03:48 INF] End processing HTTP request after 3.0336ms - 404
[08:03:48 INF] Executed DbCommand (0ms) [Parameters=[@__upperId_0='?' (Size = 49)], CommandType='Text', CommandTimeout='30']
SELECT "o"."MovementLegId", "o"."AgvLifecycleGeneration", "o"."CreateAttemptCount", "o"."CreateAttemptId", "o"."CreateDispatchArmedAt", "o"."CreatedAt", "o"."DemandId", "o"."DestinationStationId", "o"."DispatchAuditSequence", "o"."DispatchAuditVersion", "o"."DispatchGeneration", "o"."ExperimentalCreateAuthorizationId", "o"."LastCreateOutcome", "o"."LastCreateOutcomeAt", "o"."LastCreateReceiptJson", "o"."LastReconciliationOutcome", "o"."LastReconciliationOutcomeAt", "o"."LastReconciliationReceiptJson", "o"."MapId", "o"."OrderId", "o"."Purpose", "o"."Status", "o"."TargetStationId", "o"."UpperId", "o"."VehicleKey", "o"."VehicleOccupancyClaimedAt", "o"."VehicleOccupancyReleasedAt"
FROM "OrderIntents" AS "o"
WHERE "o"."UpperId" = @__upperId_0
LIMIT 2
[08:03:48 INF] Executed DbCommand (0ms) [Parameters=[@p4='?' (Size = 36), @p5='?' (DbType = Int32), @p0='?' (DbType = Int64), @p6='?' (DbType = Int64), @p8='?', @p1='?' (Size = 31), @p2='?' (DbType = DateTimeOffset), @p3='?' (Size = 188), @p7='?' (Size = 22)], CommandType='Text', CommandTimeout='30']
UPDATE "OrderIntents" SET "DispatchAuditSequence" = @p0, "LastReconciliationOutcome" = @p1, "LastReconciliationOutcomeAt" = @p2, "LastReconciliationReceiptJson" = @p3
WHERE "MovementLegId" = @p4 AND "CreateAttemptCount" = @p5 AND "DispatchAuditSequence" = @p6 AND "ExperimentalCreateAuthorizationId" IS NULL AND "Status" = @p7
RETURNING 1;
[08:03:48 INF] Executed DbCommand (0ms) [Parameters=[@p0='?' (Size = 36), @p1='?', @p2='?' (DbType = Int32), @p3='?', @p4='?' (Size = 36), @p5='?' (DbType = Int64), @p6='?', @p7='?', @p8='?', @p9='?' (DbType = Int32), @p10='?' (Size = 36), @p11='?' (DbType = DateTimeOffset), @p12='?' (Size = 9), @p13='?' (Size = 25), @p14='?' (Size = 8), @p15='?' (DbType = DateTimeOffset), @p16='?' (Size = 9), @p17='?', @p18='?' (DbType = Boolean), @p19='?', @p20='?' (DbType = Int64), @p21='?' (Size = 49)], CommandType='Text', CommandTimeout='30']
INSERT INTO "RiotDispatchAuditEvents" ("AuditEventId", "AttemptId", "AttemptNumber", "BusinessCode", "DemandId", "DispatchGeneration", "EligibilityBasis", "ExperimentalAuthorizationId", "FailureCategory", "HttpStatusCode", "MovementLegId", "OccurredAt", "Outcome", "Phase", "ReceiptClassification", "ReceiptObservedAt", "ReceiptOperation", "RequestSemanticSha256", "ResultPresent", "ReturnedOrderId", "Sequence", "UpperId")
VALUES (@p0, @p1, @p2, @p3, @p4, @p5, @p6, @p7, @p8, @p9, @p10, @p11, @p12, @p13, @p14, @p15, @p16, @p17, @p18, @p19, @p20, @p21);
[08:03:48 INF] Executed DbCommand (0ms) [Parameters=[@__upperId_0='?' (Size = 49)], CommandType='Text', CommandTimeout='30']
SELECT "o"."MovementLegId", "o"."AgvLifecycleGeneration", "o"."CreateAttemptCount", "o"."CreateAttemptId", "o"."CreateDispatchArmedAt", "o"."CreatedAt", "o"."DemandId", "o"."DestinationStationId", "o"."DispatchAuditSequence", "o"."DispatchAuditVersion", "o"."DispatchGeneration", "o"."ExperimentalCreateAuthorizationId", "o"."LastCreateOutcome", "o"."LastCreateOutcomeAt", "o"."LastCreateReceiptJson", "o"."LastReconciliationOutcome", "o"."LastReconciliationOutcomeAt", "o"."LastReconciliationReceiptJson", "o"."MapId", "o"."OrderId", "o"."Purpose", "o"."Status", "o"."TargetStationId", "o"."UpperId", "o"."VehicleKey", "o"."VehicleOccupancyClaimedAt", "o"."VehicleOccupancyReleasedAt"
FROM "OrderIntents" AS "o"
WHERE "o"."UpperId" = @__upperId_0
LIMIT 2
[08:03:48 INF] Executed DbCommand (0ms) [Parameters=[@p7='?' (Size = 36), @p0='?' (DbType = Int32), @p8='?' (DbType = Int32), @p1='?' (Size = 36), @p2='?' (DbType = DateTimeOffset), @p3='?' (DbType = Int64), @p9='?' (DbType = Int64), @p11='?', @p4='?' (Size = 13), @p5='?' (DbType = DateTimeOffset), @p6='?' (Size = 16), @p10='?' (Size = 22)], CommandType='Text', CommandTimeout='30']
UPDATE "OrderIntents" SET "CreateAttemptCount" = @p0, "CreateAttemptId" = @p1, "CreateDispatchArmedAt" = @p2, "DispatchAuditSequence" = @p3, "LastCreateOutcome" = @p4, "LastCreateOutcomeAt" = @p5, "Status" = @p6
WHERE "MovementLegId" = @p7 AND "CreateAttemptCount" = @p8 AND "DispatchAuditSequence" = @p9 AND "ExperimentalCreateAuthorizationId" IS NULL AND "Status" = @p10
RETURNING 1;
[08:03:48 INF] Executed DbCommand (0ms) [Parameters=[@p0='?' (Size = 36), @p1='?' (Size = 36), @p2='?' (DbType = Int32), @p3='?', @p4='?' (Size = 36), @p5='?' (DbType = Int64), @p6='?', @p7='?', @p8='?', @p9='?' (DbType = Int32), @p10='?' (Size = 36), @p11='?' (DbType = DateTimeOffset), @p12='?' (Size = 5), @p13='?' (Size = 15), @p14='?', @p15='?' (DbType = DateTimeOffset), @p16='?', @p17='?' (Size = 64), @p18='?' (DbType = Boolean), @p19='?', @p20='?' (DbType = Int64), @p21='?' (Size = 49)], CommandType='Text', CommandTimeout='30']
INSERT INTO "RiotDispatchAuditEvents" ("AuditEventId", "AttemptId", "AttemptNumber", "BusinessCode", "DemandId", "DispatchGeneration", "EligibilityBasis", "ExperimentalAuthorizationId", "FailureCategory", "HttpStatusCode", "MovementLegId", "OccurredAt", "Outcome", "Phase", "ReceiptClassification", "ReceiptObservedAt", "ReceiptOperation", "RequestSemanticSha256", "ResultPresent", "ReturnedOrderId", "Sequence", "UpperId")
VALUES (@p0, @p1, @p2, @p3, @p4, @p5, @p6, @p7, @p8, @p9, @p10, @p11, @p12, @p13, @p14, @p15, @p16, @p17, @p18, @p19, @p20, @p21);
[08:03:48 INF] Executed DbCommand (0ms) [Parameters=[@__upperId_0='?' (Size = 49)], CommandType='Text', CommandTimeout='30']
SELECT "o"."MovementLegId", "o"."AgvLifecycleGeneration", "o"."CreateAttemptCount", "o"."CreateAttemptId", "o"."CreateDispatchArmedAt", "o"."CreatedAt", "o"."DemandId", "o"."DestinationStationId", "o"."DispatchAuditSequence", "o"."DispatchAuditVersion", "o"."DispatchGeneration", "o"."ExperimentalCreateAuthorizationId", "o"."LastCreateOutcome", "o"."LastCreateOutcomeAt", "o"."LastCreateReceiptJson", "o"."LastReconciliationOutcome", "o"."LastReconciliationOutcomeAt", "o"."LastReconciliationReceiptJson", "o"."MapId", "o"."OrderId", "o"."Purpose", "o"."Status", "o"."TargetStationId", "o"."UpperId", "o"."VehicleKey", "o"."VehicleOccupancyClaimedAt", "o"."VehicleOccupancyReleasedAt"
FROM "OrderIntents" AS "o"
WHERE "o"."UpperId" = @__upperId_0
LIMIT 2
[08:03:48 INF] Executed DbCommand (0ms) [Parameters=[@p3='?' (Size = 36), @p4='?' (DbType = Int32), @p0='?' (DbType = Int64), @p5='?' (DbType = Int64), @p7='?', @p1='?' (Size = 20), @p2='?' (DbType = DateTimeOffset), @p6='?' (Size = 16)], CommandType='Text', CommandTimeout='30']
UPDATE "OrderIntents" SET "DispatchAuditSequence" = @p0, "LastCreateOutcome" = @p1, "LastCreateOutcomeAt" = @p2
WHERE "MovementLegId" = @p3 AND "CreateAttemptCount" = @p4 AND "DispatchAuditSequence" = @p5 AND "ExperimentalCreateAuthorizationId" IS NULL AND "Status" = @p6
RETURNING 1;
[08:03:48 INF] Executed DbCommand (0ms) [Parameters=[@p0='?' (Size = 36), @p1='?' (Size = 36), @p2='?' (DbType = Int32), @p3='?', @p4='?' (Size = 36), @p5='?' (DbType = Int64), @p6='?', @p7='?', @p8='?', @p9='?' (DbType = Int32), @p10='?' (Size = 36), @p11='?' (DbType = DateTimeOffset), @p12='?' (Size = 7), @p13='?' (Size = 14), @p14='?', @p15='?' (DbType = DateTimeOffset), @p16='?', @p17='?' (Size = 64), @p18='?' (DbType = Boolean), @p19='?', @p20='?' (DbType = Int64), @p21='?' (Size = 49)], CommandType='Text', CommandTimeout='30']
INSERT INTO "RiotDispatchAuditEvents" ("AuditEventId", "AttemptId", "AttemptNumber", "BusinessCode", "DemandId", "DispatchGeneration", "EligibilityBasis", "ExperimentalAuthorizationId", "FailureCategory", "HttpStatusCode", "MovementLegId", "OccurredAt", "Outcome", "Phase", "ReceiptClassification", "ReceiptObservedAt", "ReceiptOperation", "RequestSemanticSha256", "ResultPresent", "ReturnedOrderId", "Sequence", "UpperId")
VALUES (@p0, @p1, @p2, @p3, @p4, @p5, @p6, @p7, @p8, @p9, @p10, @p11, @p12, @p13, @p14, @p15, @p16, @p17, @p18, @p19, @p20, @p21);
[08:03:48 INF] Start processing HTTP request POST http://127.0.0.1:48408/api/order/v1/add/byDefaultMissions
[08:03:48 INF] Sending HTTP request POST http://127.0.0.1:48408/api/order/v1/add/byDefaultMissions
[08:03:48 INF] Received HTTP response headers after 1.1131ms - 200
[08:03:48 INF] End processing HTTP request after 3.7571ms - 200
[08:03:48 INF] Executed DbCommand (0ms) [Parameters=[@__upperId_0='?' (Size = 49)], CommandType='Text', CommandTimeout='30']
SELECT "o"."MovementLegId", "o"."AgvLifecycleGeneration", "o"."CreateAttemptCount", "o"."CreateAttemptId", "o"."CreateDispatchArmedAt", "o"."CreatedAt", "o"."DemandId", "o"."DestinationStationId", "o"."DispatchAuditSequence", "o"."DispatchAuditVersion", "o"."DispatchGeneration", "o"."ExperimentalCreateAuthorizationId", "o"."LastCreateOutcome", "o"."LastCreateOutcomeAt", "o"."LastCreateReceiptJson", "o"."LastReconciliationOutcome", "o"."LastReconciliationOutcomeAt", "o"."LastReconciliationReceiptJson", "o"."MapId", "o"."OrderId", "o"."Purpose", "o"."Status", "o"."TargetStationId", "o"."UpperId", "o"."VehicleKey", "o"."VehicleOccupancyClaimedAt", "o"."VehicleOccupancyReleasedAt"
FROM "OrderIntents" AS "o"
WHERE "o"."UpperId" = @__upperId_0
LIMIT 2
[08:03:48 INF] Executed DbCommand (0ms) [Parameters=[@p4='?' (Size = 36), @p5='?' (DbType = Int32), @p0='?' (DbType = Int64), @p6='?' (DbType = Int64), @p8='?', @p1='?' (Size = 22), @p2='?' (DbType = DateTimeOffset), @p3='?' (Size = 188), @p7='?' (Size = 16)], CommandType='Text', CommandTimeout='30']
UPDATE "OrderIntents" SET "DispatchAuditSequence" = @p0, "LastCreateOutcome" = @p1, "LastCreateOutcomeAt" = @p2, "LastCreateReceiptJson" = @p3
WHERE "MovementLegId" = @p4 AND "CreateAttemptCount" = @p5 AND "DispatchAuditSequence" = @p6 AND "ExperimentalCreateAuthorizationId" IS NULL AND "Status" = @p7
RETURNING 1;
[08:03:48 INF] Executed DbCommand (0ms) [Parameters=[@p0='?' (Size = 36), @p1='?' (Size = 36), @p2='?' (DbType = Int32), @p3='?', @p4='?' (Size = 36), @p5='?' (DbType = Int64), @p6='?', @p7='?', @p8='?', @p9='?' (DbType = Int32), @p10='?' (Size = 36), @p11='?' (DbType = DateTimeOffset), @p12='?' (Size = 8), @p13='?' (Size = 15), @p14='?' (Size = 11), @p15='?' (DbType = DateTimeOffset), @p16='?' (Size = 6), @p17='?', @p18='?' (DbType = Boolean), @p19='?' (Size = 12), @p20='?' (DbType = Int64), @p21='?' (Size = 49)], CommandType='Text', CommandTimeout='30']
INSERT INTO "RiotDispatchAuditEvents" ("AuditEventId", "AttemptId", "AttemptNumber", "BusinessCode", "DemandId", "DispatchGeneration", "EligibilityBasis", "ExperimentalAuthorizationId", "FailureCategory", "HttpStatusCode", "MovementLegId", "OccurredAt", "Outcome", "Phase", "ReceiptClassification", "ReceiptObservedAt", "ReceiptOperation", "RequestSemanticSha256", "ResultPresent", "ReturnedOrderId", "Sequence", "UpperId")
VALUES (@p0, @p1, @p2, @p3, @p4, @p5, @p6, @p7, @p8, @p9, @p10, @p11, @p12, @p13, @p14, @p15, @p16, @p17, @p18, @p19, @p20, @p21);
[08:03:48 INF] Start processing HTTP request GET http://127.0.0.1:48408/api/order/v1/orderRecord/detailByUpperId/W2G-b728034a-53c5-4313-9942-d22c6af8f13f-PICKUP-1
[08:03:48 INF] Sending HTTP request GET http://127.0.0.1:48408/api/order/v1/orderRecord/detailByUpperId/W2G-b728034a-53c5-4313-9942-d22c6af8f13f-PICKUP-1
[08:03:48 INF] Received HTTP response headers after 0.7453ms - 200
[08:03:48 INF] End processing HTTP request after 2.4924ms - 200
[08:03:48 INF] Executed DbCommand (0ms) [Parameters=[@__upperId_0='?' (Size = 49)], CommandType='Text', CommandTimeout='30']
SELECT "o"."MovementLegId", "o"."AgvLifecycleGeneration", "o"."CreateAttemptCount", "o"."CreateAttemptId", "o"."CreateDispatchArmedAt", "o"."CreatedAt", "o"."DemandId", "o"."DestinationStationId", "o"."DispatchAuditSequence", "o"."DispatchAuditVersion", "o"."DispatchGeneration", "o"."ExperimentalCreateAuthorizationId", "o"."LastCreateOutcome", "o"."LastCreateOutcomeAt", "o"."LastCreateReceiptJson", "o"."LastReconciliationOutcome", "o"."LastReconciliationOutcomeAt", "o"."LastReconciliationReceiptJson", "o"."MapId", "o"."OrderId", "o"."Purpose", "o"."Status", "o"."TargetStationId", "o"."UpperId", "o"."VehicleKey", "o"."VehicleOccupancyClaimedAt", "o"."VehicleOccupancyReleasedAt"
FROM "OrderIntents" AS "o"
WHERE "o"."UpperId" = @__upperId_0
LIMIT 2
[08:03:48 INF] Executed DbCommand (0ms) [Parameters=[@p6='?' (Size = 36), @p7='?' (DbType = Int32), @p0='?' (DbType = Int64), @p8='?' (DbType = Int64), @p10='?', @p1='?' (Size = 33), @p2='?' (DbType = DateTimeOffset), @p3='?' (Size = 185), @p4='?' (Size = 12), @p5='?' (Size = 9), @p9='?' (Size = 16)], CommandType='Text', CommandTimeout='30']
UPDATE "OrderIntents" SET "DispatchAuditSequence" = @p0, "LastReconciliationOutcome" = @p1, "LastReconciliationOutcomeAt" = @p2, "LastReconciliationReceiptJson" = @p3, "OrderId" = @p4, "Status" = @p5
WHERE "MovementLegId" = @p6 AND "CreateAttemptCount" = @p7 AND "DispatchAuditSequence" = @p8 AND "ExperimentalCreateAuthorizationId" IS NULL AND "Status" = @p9
RETURNING 1;
[08:03:48 INF] Executed DbCommand (0ms) [Parameters=[@p0='?' (Size = 36), @p1='?' (Size = 36), @p2='?' (DbType = Int32), @p3='?', @p4='?' (Size = 36), @p5='?' (DbType = Int64), @p6='?', @p7='?', @p8='?', @p9='?' (DbType = Int32), @p10='?' (Size = 36), @p11='?' (DbType = DateTimeOffset), @p12='?' (Size = 9), @p13='?' (Size = 26), @p14='?' (Size = 5), @p15='?' (DbType = DateTimeOffset), @p16='?' (Size = 9), @p17='?', @p18='?' (DbType = Boolean), @p19='?' (Size = 12), @p20='?' (DbType = Int64), @p21='?' (Size = 49)], CommandType='Text', CommandTimeout='30']
INSERT INTO "RiotDispatchAuditEvents" ("AuditEventId", "AttemptId", "AttemptNumber", "BusinessCode", "DemandId", "DispatchGeneration", "EligibilityBasis", "ExperimentalAuthorizationId", "FailureCategory", "HttpStatusCode", "MovementLegId", "OccurredAt", "Outcome", "Phase", "ReceiptClassification", "ReceiptObservedAt", "ReceiptOperation", "RequestSemanticSha256", "ResultPresent", "ReturnedOrderId", "Sequence", "UpperId")
VALUES (@p0, @p1, @p2, @p3, @p4, @p5, @p6, @p7, @p8, @p9, @p10, @p11, @p12, @p13, @p14, @p15, @p16, @p17, @p18, @p19, @p20, @p21);
[08:03:48 INF] Executed DbCommand (0ms) [Parameters=[@__upperId_0='?' (Size = 49)], CommandType='Text', CommandTimeout='30']
SELECT "o"."MovementLegId", "o"."AgvLifecycleGeneration", "o"."CreateAttemptCount", "o"."CreateAttemptId", "o"."CreateDispatchArmedAt", "o"."CreatedAt", "o"."DemandId", "o"."DestinationStationId", "o"."DispatchAuditSequence", "o"."DispatchAuditVersion", "o"."DispatchGeneration", "o"."ExperimentalCreateAuthorizationId", "o"."LastCreateOutcome", "o"."LastCreateOutcomeAt", "o"."LastCreateReceiptJson", "o"."LastReconciliationOutcome", "o"."LastReconciliationOutcomeAt", "o"."LastReconciliationReceiptJson", "o"."MapId", "o"."OrderId", "o"."Purpose", "o"."Status", "o"."TargetStationId", "o"."UpperId", "o"."VehicleKey", "o"."VehicleOccupancyClaimedAt", "o"."VehicleOccupancyReleasedAt"
FROM "OrderIntents" AS "o"
WHERE "o"."UpperId" = @__upperId_0
LIMIT 2
[08:03:48 INF] Executed DbCommand (0ms) [Parameters=[@p1='?' (Size = 36), @p2='?' (DbType = Int32), @p3='?' (DbType = Int64), @p5='?', @p4='?' (Size = 9), @p0='?' (DbType = DateTimeOffset)], CommandType='Text', CommandTimeout='30']
UPDATE "OrderIntents" SET "VehicleOccupancyClaimedAt" = @p0
WHERE "MovementLegId" = @p1 AND "CreateAttemptCount" = @p2 AND "DispatchAuditSequence" = @p3 AND "ExperimentalCreateAuthorizationId" IS NULL AND "Status" = @p4
RETURNING 1;
[08:03:48 INF] Executed DbCommand (0ms) [Parameters=[], CommandType='Text', CommandTimeout='30']
SELECT "s"."DemandId", "s"."ReasonCode", "s"."ClearedAt", "s"."DetailJson", "s"."FirstRaisedAt", "s"."LastSeenAt", "s"."TransportDemandKey"
FROM "StructuralDispatchBlocks" AS "s"
WHERE "s"."ClearedAt" IS NULL
[08:03:48 INF] Start processing HTTP request GET http://127.0.0.1:48408/api/imap/v1/mapInfo/stations/25
[08:03:48 INF] Sending HTTP request GET http://127.0.0.1:48408/api/imap/v1/mapInfo/stations/25
[08:03:48 INF] Received HTTP response headers after 0.8322ms - 200
[08:03:48 INF] End processing HTTP request after 3.9657ms - 200
[08:03:48 INF] Executed DbCommand (0ms) [Parameters=[@__mapId_0='?' (DbType = Int32)], CommandType='Text', CommandTimeout='30']
SELECT "t"."MapId", "t"."ActiveVersion", "t"."PendingVersion", "t"."State", "t"."UpdatedAt"
FROM "TaskTypeStationActiveBindingSets" AS "t"
WHERE "t"."MapId" = @__mapId_0
LIMIT 2
[08:03:48 INF] Executed DbCommand (0ms) [Parameters=[@__mapId_0='?' (DbType = Int32), @__version_1='?' (DbType = Int64)], CommandType='Text', CommandTimeout='30']
SELECT "t"."MapId", "t"."Version", "t"."CatalogRevision", "t"."ContentSha256", "t"."LoadedAt", "t"."RuleVersion", "t"."SnapshotId", "t"."Source"
FROM "TaskTypeStationBindingSetVersions" AS "t"
WHERE "t"."MapId" = @__mapId_0 AND "t"."Version" = @__version_1
LIMIT 2
[08:03:48 INF] Executed DbCommand (0ms) [Parameters=[@__mapId_0='?' (DbType = Int32), @__version_1='?' (DbType = Int64)], CommandType='Text', CommandTimeout='30']
SELECT "t"."TaskType"
FROM "TaskTypeStationRequirements" AS "t"
WHERE "t"."MapId" = @__mapId_0 AND "t"."Version" = @__version_1
[08:03:48 INF] Executed DbCommand (0ms) [Parameters=[@__mapId_0='?' (DbType = Int32), @__version_1='?' (DbType = Int64)], CommandType='Text', CommandTimeout='30']
SELECT "t"."MapId", "t"."Version", "t"."TaskType", "t"."SiteVerificationRef", "t"."StationName", "t"."StationRiotId"
FROM "TaskTypeStationBindings" AS "t"
WHERE "t"."MapId" = @__mapId_0 AND "t"."Version" = @__version_1
[08:03:48 INF] Executed DbCommand (0ms) [Parameters=[@__version_0='?' (DbType = Int64)], CommandType='Text', CommandTimeout='30']
SELECT "t"."Version", "t"."ContentSha256", "t"."LoadedAt", "t"."SnapshotId", "t"."Source"
FROM "TaskTypeStationRuleVersions" AS "t"
WHERE "t"."Version" = @__version_0
LIMIT 2
[08:03:48 INF] Executed DbCommand (0ms) [Parameters=[@__version_0='?' (DbType = Int64)], CommandType='Text', CommandTimeout='30']
SELECT "t"."Version", "t"."TaskType", "t"."FixedEnd"
FROM "TaskTypeStationRules" AS "t"
WHERE "t"."Version" = @__version_0
[08:03:48 INF] Executed DbCommand (0ms) [Parameters=[@__mapId_0='?' (DbType = Int32)], CommandType='Text', CommandTimeout='30']
SELECT "t"."MapId", "t"."ActiveVersion", "t"."PendingVersion", "t"."State", "t"."UpdatedAt"
FROM "TaskTypeStationActiveBindingSets" AS "t"
WHERE "t"."MapId" = @__mapId_0
LIMIT 2
[08:03:48 INF] Executed DbCommand (0ms) [Parameters=[@__mapId_0='?' (DbType = Int32)], CommandType='Text', CommandTimeout='30']
SELECT "t"."HoldId", "t"."DetailJson", "t"."MapId", "t"."RaisedAt", "t"."RaisedBy", "t"."ReasonCode", "t"."ReleasedAt", "t"."ReleasedBy", "t"."Source", "t"."TaskType"
FROM "TaskTypeStationHolds" AS "t"
WHERE "t"."MapId" = @__mapId_0 AND "t"."ReleasedAt" IS NULL
[08:03:48 INF] Executed DbCommand (0ms) [Parameters=[@__mapId_0='?' (DbType = Int32)], CommandType='Text', CommandTimeout='30']
SELECT "m"."MapId", "m"."ApprovedMaxUnconfirmedSeconds", "m"."ApprovedSyncPeriodSeconds", "m"."CatalogRevision", "m"."LastAttemptAt", "m"."LastCompleteConfirmationAt", "m"."LastFailureReason", "m"."State", "m"."UpdatedAt"
FROM "MapStationCatalogStates" AS "m"
WHERE "m"."MapId" = @__mapId_0
LIMIT 2
[08:03:48 INF] Executed DbCommand (0ms) [Parameters=[@p3='?' (DbType = Int32), @p0='?' (DbType = DateTimeOffset), @p1='?' (DbType = DateTimeOffset), @p2='?' (DbType = DateTimeOffset)], CommandType='Text', CommandTimeout='30']
UPDATE "MapStationCatalogStates" SET "LastAttemptAt" = @p0, "LastCompleteConfirmationAt" = @p1, "UpdatedAt" = @p2
WHERE "MapId" = @p3
RETURNING 1;
[08:03:48 INF] Executed DbCommand (0ms) [Parameters=[@__mapId_0='?' (DbType = Int32)], CommandType='Text', CommandTimeout='30']
SELECT "t"."MapId", "t"."ActiveVersion", "t"."PendingVersion", "t"."State", "t"."UpdatedAt"
FROM "TaskTypeStationActiveBindingSets" AS "t"
WHERE "t"."MapId" = @__mapId_0
LIMIT 2
[08:03:48 INF] Executed DbCommand (0ms) [Parameters=[@__mapId_0='?' (DbType = Int32), @__version_1='?' (DbType = Int64)], CommandType='Text', CommandTimeout='30']
SELECT "t"."MapId", "t"."Version", "t"."CatalogRevision", "t"."ContentSha256", "t"."LoadedAt", "t"."RuleVersion", "t"."SnapshotId", "t"."Source"
FROM "TaskTypeStationBindingSetVersions" AS "t"
WHERE "t"."MapId" = @__mapId_0 AND "t"."Version" = @__version_1
LIMIT 2
[08:03:48 INF] Executed DbCommand (0ms) [Parameters=[@__mapId_0='?' (DbType = Int32), @__version_1='?' (DbType = Int64)], CommandType='Text', CommandTimeout='30']
SELECT "t"."TaskType"
FROM "TaskTypeStationRequirements" AS "t"
WHERE "t"."MapId" = @__mapId_0 AND "t"."Version" = @__version_1
[08:03:48 INF] Executed DbCommand (0ms) [Parameters=[@__mapId_0='?' (DbType = Int32), @__version_1='?' (DbType = Int64)], CommandType='Text', CommandTimeout='30']
SELECT "t"."MapId", "t"."Version", "t"."TaskType", "t"."SiteVerificationRef", "t"."StationName", "t"."StationRiotId"
FROM "TaskTypeStationBindings" AS "t"
WHERE "t"."MapId" = @__mapId_0 AND "t"."Version" = @__version_1
[08:03:48 INF] Executed DbCommand (0ms) [Parameters=[@__mapId_0='?' (DbType = Int32)], CommandType='Text', CommandTimeout='30']
SELECT "t"."MapId", "t"."ActiveVersion", "t"."PendingVersion", "t"."State", "t"."UpdatedAt"
FROM "TaskTypeStationActiveBindingSets" AS "t"
WHERE "t"."MapId" = @__mapId_0
LIMIT 2
[08:03:48 INF] Executed DbCommand (0ms) [Parameters=[@__mapId_0='?' (DbType = Int32), @__version_1='?' (DbType = Int64)], CommandType='Text', CommandTimeout='30']
SELECT "t"."MapId", "t"."Version", "t"."CatalogRevision", "t"."ContentSha256", "t"."LoadedAt", "t"."RuleVersion", "t"."SnapshotId", "t"."Source"
FROM "TaskTypeStationBindingSetVersions" AS "t"
WHERE "t"."MapId" = @__mapId_0 AND "t"."Version" = @__version_1
LIMIT 2
[08:03:48 INF] Executed DbCommand (0ms) [Parameters=[@__mapId_0='?' (DbType = Int32), @__version_1='?' (DbType = Int64)], CommandType='Text', CommandTimeout='30']
SELECT "t"."TaskType"
FROM "TaskTypeStationRequirements" AS "t"
WHERE "t"."MapId" = @__mapId_0 AND "t"."Version" = @__version_1
[08:03:48 INF] Executed DbCommand (0ms) [Parameters=[@__mapId_0='?' (DbType = Int32), @__version_1='?' (DbType = Int64)], CommandType='Text', CommandTimeout='30']
SELECT "t"."MapId", "t"."Version", "t"."TaskType", "t"."SiteVerificationRef", "t"."StationName", "t"."StationRiotId"
FROM "TaskTypeStationBindings" AS "t"
WHERE "t"."MapId" = @__mapId_0 AND "t"."Version" = @__version_1
[08:03:48 INF] Executed DbCommand (0ms) [Parameters=[@__version_0='?' (DbType = Int64)], CommandType='Text', CommandTimeout='30']
SELECT "t"."Version", "t"."ContentSha256", "t"."LoadedAt", "t"."SnapshotId", "t"."Source"
FROM "TaskTypeStationRuleVersions" AS "t"
WHERE "t"."Version" = @__version_0
LIMIT 2
[08:03:48 INF] Executed DbCommand (0ms) [Parameters=[@__version_0='?' (DbType = Int64)], CommandType='Text', CommandTimeout='30']
SELECT "t"."Version", "t"."TaskType", "t"."FixedEnd"
FROM "TaskTypeStationRules" AS "t"
WHERE "t"."Version" = @__version_0
[08:03:48 INF] Executed DbCommand (0ms) [Parameters=[], CommandType='Text', CommandTimeout='30']
SELECT "a"."Id", "a"."ContentHash", "a"."DeploymentId", "a"."ImportedAt", "a"."Version"
FROM "AdmissionPolicyState" AS "a"
WHERE "a"."Id" = 1
LIMIT 2
[08:03:48 INF] Executed DbCommand (0ms) [Parameters=[], CommandType='Text', CommandTimeout='30']
SELECT "j"."JourneyId", "j"."AgvId", "j"."AgvLifecycleGeneration", "j"."AreaEndAdmissionRevokedSince", "j"."BlockReasonCode", "j"."BlockReasonSince", "j"."CargoHoldingStartedAt", "j"."ConsumedSafetyResultMessageId", "j"."ConsumedSublotMessageId", "j"."CreatedAt", "j"."DemandId", "j"."DispatchGeneration", "j"."DispatchZone", "j"."ExpectedBasketCount", "j"."FullSlotPositionsJson", "j"."GateMovementLegId", "j"."GatePlanMessageId", "j"."GateStationId", "j"."GateStationRiotId", "j"."GateUpperId", "j"."GateVehicleBusinessMessageId", "j"."GateWorklistMessageId", "j"."LoadCommandMessageId", "j"."LoadSlotOperationAttemptId", "j"."LoadingClosedReason", "j"."LoadingPhaseState", "j"."MapId", "j"."MapIdentity", "j"."OperationSessionId", "j"."PickupMovementLegId", "j"."PickupStationId", "j"."PickupStationRiotId", "j"."PickupUpperId", "j"."PlanMessageId", "j"."PlanRevision", "j"."PreDepartureSafetyCheckId", "j"."PreDepartureSafetyCheckMessageId", "j"."RouteEvidenceId", "j"."Stage", "j"."StationDepartureWaitStartedAt", "j"."SublotRequestMessageId", "j"."TargetSlotsJson", "j"."UnloadCommandMessageId", "j"."UnloadSlotOperationAttemptId", "j"."UpdatedAt", "j"."VehicleBusinessMessageId", "j"."VehicleBusinessRevision", "j"."VehicleKey", "j"."WorklistMessageId", "j"."WorklistRevision", "j"."YieldTriggeredAt", "j"."YieldTriggeredByVehicleKey"
FROM "JourneyRuntimes" AS "j"
WHERE "j"."Stage" <> 'Completed'
[08:03:48 INF] Executed DbCommand (0ms) [Parameters=[@__agvId_0='?' (Size = 10)], CommandType='Text', CommandTimeout='30']
SELECT "s"."AgvId", "s"."ActiveUnlockSlotsJson", "s"."CapabilityHash", "s"."CapabilityRevision", "s"."DepartureSafe", "s"."ForcedRecoveryGeneration", "s"."ManifestSha256", "s"."PendingAttemptIdsJson", "s"."PendingResultIdsJson", "s"."ProfileId", "s"."ProtocolCommit", "s"."ProtocolVersion", "s"."ProvenRecoveryCheckpoint", "s"."Readiness", "s"."ReasonCode", "s"."RecoveryReportId", "s"."ReportedForcedRecoveryGeneration", "s"."ReportedSlotConfigurationFingerprint", "s"."SafetyHash", "s"."SafetyReasonCodesJson", "s"."SafetyRevision", "s"."SafetyUnknownPresent", "s"."SessionGeneration", "s"."UnsettledSlotOperationAttemptId", "s"."UpdatedAt"
FROM "SessionRecoveries" AS "s"
WHERE "s"."AgvId" = @__agvId_0 AND "s"."Readiness" = 'Ready'
LIMIT 2
[08:03:48 INF] Executed DbCommand (0ms) [Parameters=[], CommandType='Text', CommandTimeout='30']
SELECT "p"."MessageId", "p"."AcknowledgedAt", "p"."CreatedAt", "p"."FencedAt", "p"."MessageType", "p"."PayloadJson"
FROM "ProtocolOutbox" AS "p"
WHERE "p"."AcknowledgedAt" IS NULL AND "p"."FencedAt" IS NULL
[08:03:48 INF] Executed DbCommand (0ms) [Parameters=[@__upperId_0='?' (Size = 49)], CommandType='Text', CommandTimeout='30']
SELECT "o"."MovementLegId", "o"."AgvLifecycleGeneration", "o"."CreateAttemptCount", "o"."CreateAttemptId", "o"."CreateDispatchArmedAt", "o"."CreatedAt", "o"."DemandId", "o"."DestinationStationId", "o"."DispatchAuditSequence", "o"."DispatchAuditVersion", "o"."DispatchGeneration", "o"."ExperimentalCreateAuthorizationId", "o"."LastCreateOutcome", "o"."LastCreateOutcomeAt", "o"."LastCreateReceiptJson", "o"."LastReconciliationOutcome", "o"."LastReconciliationOutcomeAt", "o"."LastReconciliationReceiptJson", "o"."MapId", "o"."OrderId", "o"."Purpose", "o"."Status", "o"."TargetStationId", "o"."UpperId", "o"."VehicleKey", "o"."VehicleOccupancyClaimedAt", "o"."VehicleOccupancyReleasedAt"
FROM "OrderIntents" AS "o"
WHERE "o"."UpperId" = @__upperId_0
LIMIT 2
[08:03:48 INF] Executed DbCommand (0ms) [Parameters=[@__messageId_0='?' (Size = 36)], CommandType='Text', CommandTimeout='30']
SELECT EXISTS (
    SELECT 1
    FROM "ProtocolOutbox" AS "p"
    WHERE "p"."MessageId" = @__messageId_0)
[08:03:48 INF] Executed DbCommand (0ms) [Parameters=[@__messageId_0='?' (Size = 36)], CommandType='Text', CommandTimeout='30']
SELECT "p"."MessageId", "p"."AcknowledgedAt", "p"."CreatedAt", "p"."FencedAt", "p"."MessageType", "p"."PayloadJson"
FROM "ProtocolOutbox" AS "p"
WHERE "p"."MessageId" = @__messageId_0
LIMIT 2
[08:03:48 INF] Executed DbCommand (0ms) [Parameters=[@__messageId_0='?' (Size = 36)], CommandType='Text', CommandTimeout='30']
SELECT "p"."MessageId", "p"."AcknowledgedAt", "p"."CreatedAt", "p"."FencedAt", "p"."MessageType", "p"."PayloadJson"
FROM "ProtocolOutbox" AS "p"
WHERE "p"."MessageId" = @__messageId_0
LIMIT 2
[08:03:48 INF] Executed DbCommand (1ms) [Parameters=[@p0='?' (Size = 36), @p1='?' (DbType = DateTimeOffset), @p2='?' (DbType = DateTimeOffset), @p3='?' (DbType = DateTimeOffset), @p4='?' (Size = 24), @p5='?' (Size = 952)], CommandType='Text', CommandTimeout='30']
INSERT INTO "ProtocolOutbox" ("MessageId", "AcknowledgedAt", "CreatedAt", "FencedAt", "MessageType", "PayloadJson")
VALUES (@p0, @p1, @p2, @p3, @p4, @p5);
[08:03:48 INF] Executed DbCommand (0ms) [Parameters=[@__runtime_DemandId_0='?' (Size = 36), @__purpose_1='?' (Size = 9)], CommandType='Text', CommandTimeout='30']
SELECT "o"."MovementLegId", "o"."AgvLifecycleGeneration", "o"."CreateAttemptCount", "o"."CreateAttemptId", "o"."CreateDispatchArmedAt", "o"."CreatedAt", "o"."DemandId", "o"."DestinationStationId", "o"."DispatchAuditSequence", "o"."DispatchAuditVersion", "o"."DispatchGeneration", "o"."ExperimentalCreateAuthorizationId", "o"."LastCreateOutcome", "o"."LastCreateOutcomeAt", "o"."LastCreateReceiptJson", "o"."LastReconciliationOutcome", "o"."LastReconciliationOutcomeAt", "o"."LastReconciliationReceiptJson", "o"."MapId", "o"."OrderId", "o"."Purpose", "o"."Status", "o"."TargetStationId", "o"."UpperId", "o"."VehicleKey", "o"."VehicleOccupancyClaimedAt", "o"."VehicleOccupancyReleasedAt"
FROM "OrderIntents" AS "o"
WHERE "o"."DemandId" = @__runtime_DemandId_0 AND "o"."Purpose" = @__purpose_1
LIMIT 2
[08:03:48 INF] Start processing HTTP request GET http://127.0.0.1:48408/api/order/v1/orderRecord/detailByUpperId/W2G-b728034a-53c5-4313-9942-d22c6af8f13f-PICKUP-1
[08:03:48 INF] Sending HTTP request GET http://127.0.0.1:48408/api/order/v1/orderRecord/detailByUpperId/W2G-b728034a-53c5-4313-9942-d22c6af8f13f-PICKUP-1
[08:03:48 INF] Received HTTP response headers after 0.9971ms - 200
[08:03:48 INF] End processing HTTP request after 11.7263ms - 200
[08:03:48 INF] Start processing HTTP request GET http://127.0.0.1:48408/api/task/vehicles/getVehicleInfoByDeviceKey?key=BROKERX-L2-0001
[08:03:48 INF] Sending HTTP request GET http://127.0.0.1:48408/api/task/vehicles/getVehicleInfoByDeviceKey?key=BROKERX-L2-0001
[08:03:48 INF] Received HTTP response headers after 1.6962ms - 200
[08:03:48 INF] End processing HTTP request after 31.2771ms - 200
[08:03:48 INF] Executed DbCommand (0ms) [Parameters=[@__agvId_0='?' (Size = 10)], CommandType='Text', CommandTimeout='30']
SELECT "s"."AgvId", "s"."ActiveUnlockSlotsJson", "s"."CapabilityHash", "s"."CapabilityRevision", "s"."DepartureSafe", "s"."ForcedRecoveryGeneration", "s"."ManifestSha256", "s"."PendingAttemptIdsJson", "s"."PendingResultIdsJson", "s"."ProfileId", "s"."ProtocolCommit", "s"."ProtocolVersion", "s"."ProvenRecoveryCheckpoint", "s"."Readiness", "s"."ReasonCode", "s"."RecoveryReportId", "s"."ReportedForcedRecoveryGeneration", "s"."ReportedSlotConfigurationFingerprint", "s"."SafetyHash", "s"."SafetyReasonCodesJson", "s"."SafetyRevision", "s"."SafetyUnknownPresent", "s"."SessionGeneration", "s"."UnsettledSlotOperationAttemptId", "s"."UpdatedAt"
FROM "SessionRecoveries" AS "s"
WHERE "s"."AgvId" = @__agvId_0 AND "s"."Readiness" = 'Ready'
LIMIT 2
[08:03:48 INF] Executed DbCommand (0ms) [Parameters=[@__messageId_0='?' (Size = 36)], CommandType='Text', CommandTimeout='30']
SELECT "p"."MessageId", "p"."ContentHash", "p"."FirstResponseJson", "p"."MessageType", "p"."ReceivedAt", "p"."RequestJson"
FROM "ProtocolInbox" AS "p"
WHERE "p"."MessageId" = @__messageId_0
LIMIT 2
[08:03:49 INF] Executed DbCommand (0ms) [Parameters=[@__messageType_0='?' (Size = 18)], CommandType='Text', CommandTimeout='30']
SELECT "p"."MessageId", "p"."ContentHash", "p"."FirstResponseJson", "p"."MessageType", "p"."ReceivedAt", "p"."RequestJson"
FROM "ProtocolInbox" AS "p"
WHERE "p"."MessageType" = @__messageType_0
[08:03:49 INF] Executed DbCommand (0ms) [Parameters=[@__messageId_0='?' (Size = 36)], CommandType='Text', CommandTimeout='30']
SELECT "p"."MessageId", "p"."AcknowledgedAt", "p"."CreatedAt", "p"."FencedAt", "p"."MessageType", "p"."PayloadJson"
FROM "ProtocolOutbox" AS "p"
WHERE "p"."MessageId" = @__messageId_0
LIMIT 2
[08:03:49 INF] Executed DbCommand (0ms) [Parameters=[], CommandType='Text', CommandTimeout='30']
SELECT "p"."MessageId", "p"."ContentHash", "p"."FirstResponseJson", "p"."MessageType", "p"."ReceivedAt", "p"."RequestJson"
FROM "ProtocolInbox" AS "p"
WHERE "p"."MessageType" = 'SafetyStateSnapshot'
[08:03:49 INF] Executed DbCommand (0ms) [Parameters=[@p1='?' (Size = 36), @p0='?' (DbType = DateTimeOffset)], CommandType='Text', CommandTimeout='30']
UPDATE "ProtocolOutbox" SET "AcknowledgedAt" = @p0
WHERE "MessageId" = @p1
RETURNING 1;
[08:03:49 INF] Executed DbCommand (0ms) [Parameters=[], CommandType='Text', CommandTimeout='30']
SELECT "p"."MessageId", "p"."ContentHash", "p"."FirstResponseJson", "p"."MessageType", "p"."ReceivedAt", "p"."RequestJson"
FROM "ProtocolInbox" AS "p"
WHERE "p"."MessageType" IN ('SafetyStateSnapshot', 'SafetyStateChanged')
[08:03:49 INF] Executed DbCommand (0ms) [Parameters=[@p0='?' (Size = 36), @p1='?' (Size = 64), @p2='?', @p3='?' (Size = 18), @p4='?' (DbType = DateTimeOffset), @p5='?' (Size = 630)], CommandType='Text', CommandTimeout='30']
INSERT INTO "ProtocolInbox" ("MessageId", "ContentHash", "FirstResponseJson", "MessageType", "ReceivedAt", "RequestJson")
VALUES (@p0, @p1, @p2, @p3, @p4, @p5);
[08:03:49 INF] Executed DbCommand (0ms) [Parameters=[], CommandType='Text', CommandTimeout='30']
SELECT "p"."MessageId", "p"."ContentHash", "p"."FirstResponseJson", "p"."MessageType", "p"."ReceivedAt", "p"."RequestJson"
FROM "ProtocolInbox" AS "p"
[08:03:49 INF] Executed DbCommand (0ms) [Parameters=[@__runtime_DemandId_0='?' (Size = 36)], CommandType='Text', CommandTimeout='30']
SELECT "a"."DemandId", "a"."AcceptedAt", "a"."CatalogRevision", "a"."CreatedAt", "a"."DemandRevision", "a"."Generation", "a"."HistoryEpoch", "a"."LiveMesFieldsJson", "a"."SeriesId", "a"."Status", "a"."Sublot", "a"."TransportDemandKey", "a"."ValueObservedAt", "a"."ValuePollTraceId", "a"."ValueProjectionCommitId", "a"."WorkType"
FROM "AcceptedDemands" AS "a"
WHERE "a"."DemandId" = @__runtime_DemandId_0
LIMIT 2
[08:03:49 INF] Executed DbCommand (0ms) [Parameters=[@__messageId_0='?' (Size = 36)], CommandType='Text', CommandTimeout='30']
SELECT "p"."MessageId", "p"."AcknowledgedAt", "p"."CreatedAt", "p"."FencedAt", "p"."MessageType", "p"."PayloadJson"
FROM "ProtocolOutbox" AS "p"
WHERE "p"."MessageId" = @__messageId_0
LIMIT 2
[08:03:49 INF] Executed DbCommand (0ms) [Parameters=[@__messageId_0='?' (Size = 36)], CommandType='Text', CommandTimeout='30']
SELECT "p"."MessageId", "p"."AcknowledgedAt", "p"."CreatedAt", "p"."FencedAt", "p"."MessageType", "p"."PayloadJson"
FROM "ProtocolOutbox" AS "p"
WHERE "p"."MessageId" = @__messageId_0
LIMIT 2
[08:03:49 INF] Executed DbCommand (2ms) [Parameters=[@p0='?' (Size = 36), @p1='?' (DbType = DateTimeOffset), @p2='?' (DbType = DateTimeOffset), @p3='?' (DbType = DateTimeOffset), @p4='?' (Size = 28), @p5='?' (Size = 731)], CommandType='Text', CommandTimeout='30']
INSERT INTO "ProtocolOutbox" ("MessageId", "AcknowledgedAt", "CreatedAt", "FencedAt", "MessageType", "PayloadJson")
VALUES (@p0, @p1, @p2, @p3, @p4, @p5);
[08:03:49 INF] Executed DbCommand (0ms) [Parameters=[@__messageId_0='?' (Size = 36)], CommandType='Text', CommandTimeout='30']
SELECT "p"."MessageId", "p"."AcknowledgedAt", "p"."CreatedAt", "p"."FencedAt", "p"."MessageType", "p"."PayloadJson"
FROM "ProtocolOutbox" AS "p"
WHERE "p"."MessageId" = @__messageId_0
LIMIT 2
[08:03:49 INF] Executed DbCommand (0ms) [Parameters=[@__messageId_0='?' (Size = 36)], CommandType='Text', CommandTimeout='30']
SELECT "p"."MessageId", "p"."AcknowledgedAt", "p"."CreatedAt", "p"."FencedAt", "p"."MessageType", "p"."PayloadJson"
FROM "ProtocolOutbox" AS "p"
WHERE "p"."MessageId" = @__messageId_0
LIMIT 2
[08:03:49 INF] Executed DbCommand (0ms) [Parameters=[@p1='?' (Size = 44), @p0='?' (DbType = DateTimeOffset)], CommandType='Text', CommandTimeout='30']
UPDATE "JourneyRuntimes" SET "StationDepartureWaitStartedAt" = @p0
WHERE "JourneyId" = @p1
RETURNING 1;
[08:03:49 INF] Executed DbCommand (0ms) [Parameters=[@p0='?' (Size = 36), @p1='?' (DbType = DateTimeOffset), @p2='?' (DbType = DateTimeOffset), @p3='?' (DbType = DateTimeOffset), @p4='?' (Size = 27), @p5='?' (Size = 814)], CommandType='Text', CommandTimeout='30']
INSERT INTO "ProtocolOutbox" ("MessageId", "AcknowledgedAt", "CreatedAt", "FencedAt", "MessageType", "PayloadJson")
VALUES (@p0, @p1, @p2, @p3, @p4, @p5);
[08:03:49 INF] Executed DbCommand (0ms) [Parameters=[@__messageId_0='?' (Size = 36)], CommandType='Text', CommandTimeout='30']
SELECT "p"."MessageId", "p"."AcknowledgedAt", "p"."CreatedAt", "p"."FencedAt", "p"."MessageType", "p"."PayloadJson"
FROM "ProtocolOutbox" AS "p"
WHERE "p"."MessageId" = @__messageId_0 AND "p"."AcknowledgedAt" IS NULL AND "p"."FencedAt" IS NULL
LIMIT 2
[08:03:49 INF] Executed DbCommand (0ms) [Parameters=[@__messageId_0='?' (Size = 36)], CommandType='Text', CommandTimeout='30']
SELECT "p"."MessageId", "p"."AcknowledgedAt", "p"."CreatedAt", "p"."FencedAt", "p"."MessageType", "p"."PayloadJson"
FROM "ProtocolOutbox" AS "p"
WHERE "p"."MessageId" = @__messageId_0
LIMIT 2
[08:03:49 INF] Executed DbCommand (0ms) [Parameters=[@__messageId_0='?' (Size = 36)], CommandType='Text', CommandTimeout='30']
SELECT "p"."MessageId", "p"."AcknowledgedAt", "p"."CreatedAt", "p"."FencedAt", "p"."MessageType", "p"."PayloadJson"
FROM "ProtocolOutbox" AS "p"
WHERE "p"."MessageId" = @__messageId_0
LIMIT 2
[08:03:49 INF] Executed DbCommand (0ms) [Parameters=[@__messageId_0='?' (Size = 36)], CommandType='Text', CommandTimeout='30']
SELECT "p"."MessageId", "p"."ContentHash", "p"."FirstResponseJson", "p"."MessageType", "p"."ReceivedAt", "p"."RequestJson"
FROM "ProtocolInbox" AS "p"
WHERE "p"."MessageId" = @__messageId_0
LIMIT 2
[08:03:49 INF] Executed DbCommand (13ms) [Parameters=[@p0='?' (Size = 36), @p1='?' (DbType = DateTimeOffset), @p2='?' (DbType = DateTimeOffset), @p3='?' (DbType = DateTimeOffset), @p4='?' (Size = 24), @p5='?' (Size = 953)], CommandType='Text', CommandTimeout='30']
INSERT INTO "ProtocolOutbox" ("MessageId", "AcknowledgedAt", "CreatedAt", "FencedAt", "MessageType", "PayloadJson")
VALUES (@p0, @p1, @p2, @p3, @p4, @p5);
[08:03:49 INF] Executed DbCommand (0ms) [Parameters=[@__messageId_0='?' (Size = 36)], CommandType='Text', CommandTimeout='30']
SELECT "p"."MessageId", "p"."AcknowledgedAt", "p"."CreatedAt", "p"."FencedAt", "p"."MessageType", "p"."PayloadJson"
FROM "ProtocolOutbox" AS "p"
WHERE "p"."MessageId" = @__messageId_0
LIMIT 2
[08:03:49 INF] Executed DbCommand (0ms) [Parameters=[@__messageId_0='?' (Size = 36)], CommandType='Text', CommandTimeout='30']
SELECT "p"."MessageId", "p"."AcknowledgedAt", "p"."CreatedAt", "p"."FencedAt", "p"."MessageType", "p"."PayloadJson"
FROM "ProtocolOutbox" AS "p"
WHERE "p"."MessageId" = @__messageId_0
LIMIT 2
[08:03:49 INF] Executed DbCommand (0ms) [Parameters=[@p1='?' (Size = 36), @p0='?' (DbType = DateTimeOffset)], CommandType='Text', CommandTimeout='30']
UPDATE "ProtocolOutbox" SET "AcknowledgedAt" = @p0
WHERE "MessageId" = @p1
RETURNING 1;
[08:03:49 INF] Executed DbCommand (0ms) [Parameters=[@__messageId_0='?' (Size = 36)], CommandType='Text', CommandTimeout='30']
SELECT "p"."MessageId", "p"."AcknowledgedAt", "p"."CreatedAt", "p"."FencedAt", "p"."MessageType", "p"."PayloadJson"
FROM "ProtocolOutbox" AS "p"
WHERE "p"."MessageId" = @__messageId_0
LIMIT 2
[08:03:49 INF] Executed DbCommand (0ms) [Parameters=[@p0='?' (Size = 36), @p1='?' (Size = 64), @p2='?', @p3='?' (Size = 18), @p4='?' (DbType = DateTimeOffset), @p5='?' (Size = 634)], CommandType='Text', CommandTimeout='30']
INSERT INTO "ProtocolInbox" ("MessageId", "ContentHash", "FirstResponseJson", "MessageType", "ReceivedAt", "RequestJson")
VALUES (@p0, @p1, @p2, @p3, @p4, @p5);
[08:03:49 INF] Executed DbCommand (0ms) [Parameters=[@__messageId_0='?' (Size = 36)], CommandType='Text', CommandTimeout='30']
SELECT "p"."MessageId", "p"."ContentHash", "p"."FirstResponseJson", "p"."MessageType", "p"."ReceivedAt", "p"."RequestJson"
FROM "ProtocolInbox" AS "p"
WHERE "p"."MessageId" = @__messageId_0
LIMIT 2
[08:03:49 INF] Executed DbCommand (0ms) [Parameters=[@__messageId_0='?' (Size = 36)], CommandType='Text', CommandTimeout='30']
SELECT "p"."MessageId", "p"."AcknowledgedAt", "p"."CreatedAt", "p"."FencedAt", "p"."MessageType", "p"."PayloadJson"
FROM "ProtocolOutbox" AS "p"
WHERE "p"."MessageId" = @__messageId_0
LIMIT 2
[08:03:49 INF] Executed DbCommand (0ms) [Parameters=[@p1='?' (Size = 36), @p0='?' (DbType = DateTimeOffset)], CommandType='Text', CommandTimeout='30']
UPDATE "ProtocolOutbox" SET "AcknowledgedAt" = @p0
WHERE "MessageId" = @p1
RETURNING 1;
[08:03:49 INF] Executed DbCommand (0ms) [Parameters=[@p0='?' (Size = 36), @p1='?' (Size = 64), @p2='?', @p3='?' (Size = 18), @p4='?' (DbType = DateTimeOffset), @p5='?' (Size = 633)], CommandType='Text', CommandTimeout='30']
INSERT INTO "ProtocolInbox" ("MessageId", "ContentHash", "FirstResponseJson", "MessageType", "ReceivedAt", "RequestJson")
VALUES (@p0, @p1, @p2, @p3, @p4, @p5);
[08:03:49 INF] Executed DbCommand (0ms) [Parameters=[@__messageId_0='?' (Size = 36)], CommandType='Text', CommandTimeout='30']
SELECT "p"."MessageId", "p"."ContentHash", "p"."FirstResponseJson", "p"."MessageType", "p"."ReceivedAt", "p"."RequestJson"
FROM "ProtocolInbox" AS "p"
WHERE "p"."MessageId" = @__messageId_0
LIMIT 2
[08:03:49 INF] Executed DbCommand (0ms) [Parameters=[@__messageId_0='?' (Size = 36)], CommandType='Text', CommandTimeout='30']
SELECT "p"."MessageId", "p"."AcknowledgedAt", "p"."CreatedAt", "p"."FencedAt", "p"."MessageType", "p"."PayloadJson"
FROM "ProtocolOutbox" AS "p"
WHERE "p"."MessageId" = @__messageId_0
LIMIT 2
[08:03:49 INF] Executed DbCommand (0ms) [Parameters=[@p1='?' (Size = 36), @p0='?' (DbType = DateTimeOffset)], CommandType='Text', CommandTimeout='30']
UPDATE "ProtocolOutbox" SET "AcknowledgedAt" = @p0
WHERE "MessageId" = @p1
RETURNING 1;
[08:03:49 INF] Executed DbCommand (0ms) [Parameters=[@p0='?' (Size = 36), @p1='?' (Size = 64), @p2='?', @p3='?' (Size = 18), @p4='?' (DbType = DateTimeOffset), @p5='?' (Size = 630)], CommandType='Text', CommandTimeout='30']
INSERT INTO "ProtocolInbox" ("MessageId", "ContentHash", "FirstResponseJson", "MessageType", "ReceivedAt", "RequestJson")
VALUES (@p0, @p1, @p2, @p3, @p4, @p5);
[08:03:49 INF] Executed DbCommand (156ms) [Parameters=[@p0='?' (Size = 36), @p1='?' (DbType = DateTimeOffset), @p2='?' (DbType = DateTimeOffset), @p3='?' (DbType = DateTimeOffset), @p4='?' (Size = 20), @p5='?' (Size = 620)], CommandType='Text', CommandTimeout='30']
INSERT INTO "ProtocolOutbox" ("MessageId", "AcknowledgedAt", "CreatedAt", "FencedAt", "MessageType", "PayloadJson")
VALUES (@p0, @p1, @p2, @p3, @p4, @p5);
[08:03:49 INF] Executed DbCommand (0ms) [Parameters=[@p2='?' (Size = 44), @p0='?' (Size = 14), @p1='?' (DbType = DateTimeOffset)], CommandType='Text', CommandTimeout='30']
UPDATE "JourneyRuntimes" SET "Stage" = @p0, "UpdatedAt" = @p1
WHERE "JourneyId" = @p2
RETURNING 1;
[08:03:49 INF] Executed DbCommand (0ms) [Parameters=[@__messageId_0='?' (Size = 36)], CommandType='Text', CommandTimeout='30']
SELECT "p"."MessageId", "p"."ContentHash", "p"."FirstResponseJson", "p"."MessageType", "p"."ReceivedAt", "p"."RequestJson"
FROM "ProtocolInbox" AS "p"
WHERE "p"."MessageId" = @__messageId_0
LIMIT 2
[08:03:49 INF] Executed DbCommand (0ms) [Parameters=[@p0='?' (Size = 36), @p1='?' (Size = 64), @p2='?' (Size = 536), @p3='?' (Size = 9), @p4='?' (DbType = DateTimeOffset), @p5='?' (Size = 427)], CommandType='Text', CommandTimeout='30']
INSERT INTO "ProtocolInbox" ("MessageId", "ContentHash", "FirstResponseJson", "MessageType", "ReceivedAt", "RequestJson")
VALUES (@p0, @p1, @p2, @p3, @p4, @p5);
[08:03:49 INF] Start processing HTTP request GET http://127.0.0.1:48408/api/task/v1/task/getVehicleInfo/BROKERX-L2-0001
[08:03:49 INF] Sending HTTP request GET http://127.0.0.1:48408/api/task/v1/task/getVehicleInfo/BROKERX-L2-0001
[08:03:49 INF] Received HTTP response headers after 0.6459ms - 200
[08:03:49 INF] End processing HTTP request after 3.0597ms - 200
[08:03:49 INF] Start processing HTTP request GET http://127.0.0.1:48408/api/order/v1/orderRecord?pageNum=1&pageSize=100&filterByState=1&filterByState=3&filterByState=7&filterByState=9
[08:03:49 INF] Sending HTTP request GET http://127.0.0.1:48408/api/order/v1/orderRecord?pageNum=1&pageSize=100&filterByState=1&filterByState=3&filterByState=7&filterByState=9
[08:03:49 INF] Received HTTP response headers after 1.0854ms - 200
[08:03:49 INF] End processing HTTP request after 17.9735ms - 200
[08:03:49 INF] HTTP GET /api/onboard/v1/vehicle-safety responded 200 in 61.1469 ms
[08:03:49 INF] Executed DbCommand (0ms) [Parameters=[@__messageId_0='?' (Size = 36)], CommandType='Text', CommandTimeout='30']
SELECT "p"."MessageId", "p"."ContentHash", "p"."FirstResponseJson", "p"."MessageType", "p"."ReceivedAt", "p"."RequestJson"
FROM "ProtocolInbox" AS "p"
WHERE "p"."MessageId" = @__messageId_0
LIMIT 2
[08:03:49 INF] Executed DbCommand (0ms) [Parameters=[@p0='?' (Size = 36), @p1='?' (Size = 64), @p2='?' (Size = 663), @p3='?' (Size = 15), @p4='?' (DbType = DateTimeOffset), @p5='?' (Size = 685)], CommandType='Text', CommandTimeout='30']
INSERT INTO "ProtocolInbox" ("MessageId", "ContentHash", "FirstResponseJson", "MessageType", "ReceivedAt", "RequestJson")
VALUES (@p0, @p1, @p2, @p3, @p4, @p5);
[08:03:49 INF] Start processing HTTP request GET http://127.0.0.1:48408/api/imap/v1/mapInfo/stations/25
[08:03:49 INF] Sending HTTP request GET http://127.0.0.1:48408/api/imap/v1/mapInfo/stations/25
[08:03:49 INF] Received HTTP response headers after 0.9691ms - 200
[08:03:49 INF] End processing HTTP request after 4.6189ms - 200
[08:03:49 INF] Executed DbCommand (0ms) [Parameters=[@__mapId_0='?' (DbType = Int32)], CommandType='Text', CommandTimeout='30']
SELECT "t"."MapId", "t"."ActiveVersion", "t"."PendingVersion", "t"."State", "t"."UpdatedAt"
FROM "TaskTypeStationActiveBindingSets" AS "t"
WHERE "t"."MapId" = @__mapId_0
LIMIT 2
[08:03:49 INF] Executed DbCommand (0ms) [Parameters=[@__mapId_0='?' (DbType = Int32), @__version_1='?' (DbType = Int64)], CommandType='Text', CommandTimeout='30']
SELECT "t"."MapId", "t"."Version", "t"."CatalogRevision", "t"."ContentSha256", "t"."LoadedAt", "t"."RuleVersion", "t"."SnapshotId", "t"."Source"
FROM "TaskTypeStationBindingSetVersions" AS "t"
WHERE "t"."MapId" = @__mapId_0 AND "t"."Version" = @__version_1
LIMIT 2
[08:03:49 INF] Executed DbCommand (0ms) [Parameters=[@__mapId_0='?' (DbType = Int32), @__version_1='?' (DbType = Int64)], CommandType='Text', CommandTimeout='30']
SELECT "t"."TaskType"
FROM "TaskTypeStationRequirements" AS "t"
WHERE "t"."MapId" = @__mapId_0 AND "t"."Version" = @__version_1
[08:03:49 INF] Executed DbCommand (0ms) [Parameters=[@__mapId_0='?' (DbType = Int32), @__version_1='?' (DbType = Int64)], CommandType='Text', CommandTimeout='30']
SELECT "t"."MapId", "t"."Version", "t"."TaskType", "t"."SiteVerificationRef", "t"."StationName", "t"."StationRiotId"
FROM "TaskTypeStationBindings" AS "t"
WHERE "t"."MapId" = @__mapId_0 AND "t"."Version" = @__version_1
[08:03:49 INF] Executed DbCommand (0ms) [Parameters=[@__version_0='?' (DbType = Int64)], CommandType='Text', CommandTimeout='30']
SELECT "t"."Version", "t"."ContentSha256", "t"."LoadedAt", "t"."SnapshotId", "t"."Source"
FROM "TaskTypeStationRuleVersions" AS "t"
WHERE "t"."Version" = @__version_0
LIMIT 2
[08:03:49 INF] Executed DbCommand (0ms) [Parameters=[@__version_0='?' (DbType = Int64)], CommandType='Text', CommandTimeout='30']
SELECT "t"."Version", "t"."TaskType", "t"."FixedEnd"
FROM "TaskTypeStationRules" AS "t"
WHERE "t"."Version" = @__version_0
[08:03:49 INF] Executed DbCommand (0ms) [Parameters=[@__mapId_0='?' (DbType = Int32)], CommandType='Text', CommandTimeout='30']
SELECT "t"."MapId", "t"."ActiveVersion", "t"."PendingVersion", "t"."State", "t"."UpdatedAt"
FROM "TaskTypeStationActiveBindingSets" AS "t"
WHERE "t"."MapId" = @__mapId_0
LIMIT 2
[08:03:49 INF] Executed DbCommand (0ms) [Parameters=[@__mapId_0='?' (DbType = Int32)], CommandType='Text', CommandTimeout='30']
SELECT "t"."HoldId", "t"."DetailJson", "t"."MapId", "t"."RaisedAt", "t"."RaisedBy", "t"."ReasonCode", "t"."ReleasedAt", "t"."ReleasedBy", "t"."Source", "t"."TaskType"
FROM "TaskTypeStationHolds" AS "t"
WHERE "t"."MapId" = @__mapId_0 AND "t"."ReleasedAt" IS NULL
[08:03:49 INF] Executed DbCommand (0ms) [Parameters=[@__mapId_0='?' (DbType = Int32)], CommandType='Text', CommandTimeout='30']
SELECT "m"."MapId", "m"."ApprovedMaxUnconfirmedSeconds", "m"."ApprovedSyncPeriodSeconds", "m"."CatalogRevision", "m"."LastAttemptAt", "m"."LastCompleteConfirmationAt", "m"."LastFailureReason", "m"."State", "m"."UpdatedAt"
FROM "MapStationCatalogStates" AS "m"
WHERE "m"."MapId" = @__mapId_0
LIMIT 2
[08:03:49 INF] Executed DbCommand (0ms) [Parameters=[@p3='?' (DbType = Int32), @p0='?' (DbType = DateTimeOffset), @p1='?' (DbType = DateTimeOffset), @p2='?' (DbType = DateTimeOffset)], CommandType='Text', CommandTimeout='30']
UPDATE "MapStationCatalogStates" SET "LastAttemptAt" = @p0, "LastCompleteConfirmationAt" = @p1, "UpdatedAt" = @p2
WHERE "MapId" = @p3
RETURNING 1;
[08:03:49 INF] Executed DbCommand (0ms) [Parameters=[@__mapId_0='?' (DbType = Int32)], CommandType='Text', CommandTimeout='30']
SELECT "t"."MapId", "t"."ActiveVersion", "t"."PendingVersion", "t"."State", "t"."UpdatedAt"
FROM "TaskTypeStationActiveBindingSets" AS "t"
WHERE "t"."MapId" = @__mapId_0
LIMIT 2
[08:03:49 INF] Executed DbCommand (0ms) [Parameters=[@__mapId_0='?' (DbType = Int32), @__version_1='?' (DbType = Int64)], CommandType='Text', CommandTimeout='30']
SELECT "t"."MapId", "t"."Version", "t"."CatalogRevision", "t"."ContentSha256", "t"."LoadedAt", "t"."RuleVersion", "t"."SnapshotId", "t"."Source"
FROM "TaskTypeStationBindingSetVersions" AS "t"
WHERE "t"."MapId" = @__mapId_0 AND "t"."Version" = @__version_1
LIMIT 2
[08:03:49 INF] Executed DbCommand (0ms) [Parameters=[@__mapId_0='?' (DbType = Int32), @__version_1='?' (DbType = Int64)], CommandType='Text', CommandTimeout='30']
SELECT "t"."TaskType"
FROM "TaskTypeStationRequirements" AS "t"
WHERE "t"."MapId" = @__mapId_0 AND "t"."Version" = @__version_1
[08:03:49 INF] Executed DbCommand (0ms) [Parameters=[@__mapId_0='?' (DbType = Int32), @__version_1='?' (DbType = Int64)], CommandType='Text', CommandTimeout='30']
SELECT "t"."MapId", "t"."Version", "t"."TaskType", "t"."SiteVerificationRef", "t"."StationName", "t"."StationRiotId"
FROM "TaskTypeStationBindings" AS "t"
WHERE "t"."MapId" = @__mapId_0 AND "t"."Version" = @__version_1
[08:03:49 INF] Executed DbCommand (0ms) [Parameters=[@__mapId_0='?' (DbType = Int32)], CommandType='Text', CommandTimeout='30']
SELECT "t"."MapId", "t"."ActiveVersion", "t"."PendingVersion", "t"."State", "t"."UpdatedAt"
FROM "TaskTypeStationActiveBindingSets" AS "t"
WHERE "t"."MapId" = @__mapId_0
LIMIT 2
[08:03:49 INF] Executed DbCommand (0ms) [Parameters=[@__mapId_0='?' (DbType = Int32), @__version_1='?' (DbType = Int64)], CommandType='Text', CommandTimeout='30']
SELECT "t"."MapId", "t"."Version", "t"."CatalogRevision", "t"."ContentSha256", "t"."LoadedAt", "t"."RuleVersion", "t"."SnapshotId", "t"."Source"
FROM "TaskTypeStationBindingSetVersions" AS "t"
WHERE "t"."MapId" = @__mapId_0 AND "t"."Version" = @__version_1
LIMIT 2
[08:03:49 INF] Executed DbCommand (0ms) [Parameters=[@__mapId_0='?' (DbType = Int32), @__version_1='?' (DbType = Int64)], CommandType='Text', CommandTimeout='30']
SELECT "t"."TaskType"
FROM "TaskTypeStationRequirements" AS "t"
WHERE "t"."MapId" = @__mapId_0 AND "t"."Version" = @__version_1
[08:03:49 INF] Executed DbCommand (0ms) [Parameters=[@__mapId_0='?' (DbType = Int32), @__version_1='?' (DbType = Int64)], CommandType='Text', CommandTimeout='30']
SELECT "t"."MapId", "t"."Version", "t"."TaskType", "t"."SiteVerificationRef", "t"."StationName", "t"."StationRiotId"
FROM "TaskTypeStationBindings" AS "t"
WHERE "t"."MapId" = @__mapId_0 AND "t"."Version" = @__version_1
[08:03:49 INF] Executed DbCommand (0ms) [Parameters=[@__version_0='?' (DbType = Int64)], CommandType='Text', CommandTimeout='30']
SELECT "t"."Version", "t"."ContentSha256", "t"."LoadedAt", "t"."SnapshotId", "t"."Source"
FROM "TaskTypeStationRuleVersions" AS "t"
WHERE "t"."Version" = @__version_0
LIMIT 2
[08:03:49 INF] Executed DbCommand (0ms) [Parameters=[@__version_0='?' (DbType = Int64)], CommandType='Text', CommandTimeout='30']
SELECT "t"."Version", "t"."TaskType", "t"."FixedEnd"
FROM "TaskTypeStationRules" AS "t"
WHERE "t"."Version" = @__version_0
[08:03:49 INF] Executed DbCommand (0ms) [Parameters=[], CommandType='Text', CommandTimeout='30']
SELECT "a"."Id", "a"."ContentHash", "a"."DeploymentId", "a"."ImportedAt", "a"."Version"
FROM "AdmissionPolicyState" AS "a"
WHERE "a"."Id" = 1
LIMIT 2
[08:03:49 INF] Executed DbCommand (0ms) [Parameters=[], CommandType='Text', CommandTimeout='30']
SELECT "j"."JourneyId", "j"."AgvId", "j"."AgvLifecycleGeneration", "j"."AreaEndAdmissionRevokedSince", "j"."BlockReasonCode", "j"."BlockReasonSince", "j"."CargoHoldingStartedAt", "j"."ConsumedSafetyResultMessageId", "j"."ConsumedSublotMessageId", "j"."CreatedAt", "j"."DemandId", "j"."DispatchGeneration", "j"."DispatchZone", "j"."ExpectedBasketCount", "j"."FullSlotPositionsJson", "j"."GateMovementLegId", "j"."GatePlanMessageId", "j"."GateStationId", "j"."GateStationRiotId", "j"."GateUpperId", "j"."GateVehicleBusinessMessageId", "j"."GateWorklistMessageId", "j"."LoadCommandMessageId", "j"."LoadSlotOperationAttemptId", "j"."LoadingClosedReason", "j"."LoadingPhaseState", "j"."MapId", "j"."MapIdentity", "j"."OperationSessionId", "j"."PickupMovementLegId", "j"."PickupStationId", "j"."PickupStationRiotId", "j"."PickupUpperId", "j"."PlanMessageId", "j"."PlanRevision", "j"."PreDepartureSafetyCheckId", "j"."PreDepartureSafetyCheckMessageId", "j"."RouteEvidenceId", "j"."Stage", "j"."StationDepartureWaitStartedAt", "j"."SublotRequestMessageId", "j"."TargetSlotsJson", "j"."UnloadCommandMessageId", "j"."UnloadSlotOperationAttemptId", "j"."UpdatedAt", "j"."VehicleBusinessMessageId", "j"."VehicleBusinessRevision", "j"."VehicleKey", "j"."WorklistMessageId", "j"."WorklistRevision", "j"."YieldTriggeredAt", "j"."YieldTriggeredByVehicleKey"
FROM "JourneyRuntimes" AS "j"
WHERE "j"."Stage" <> 'Completed'
[08:03:49 INF] Executed DbCommand (0ms) [Parameters=[@__agvId_0='?' (Size = 10)], CommandType='Text', CommandTimeout='30']
SELECT "s"."AgvId", "s"."ActiveUnlockSlotsJson", "s"."CapabilityHash", "s"."CapabilityRevision", "s"."DepartureSafe", "s"."ForcedRecoveryGeneration", "s"."ManifestSha256", "s"."PendingAttemptIdsJson", "s"."PendingResultIdsJson", "s"."ProfileId", "s"."ProtocolCommit", "s"."ProtocolVersion", "s"."ProvenRecoveryCheckpoint", "s"."Readiness", "s"."ReasonCode", "s"."RecoveryReportId", "s"."ReportedForcedRecoveryGeneration", "s"."ReportedSlotConfigurationFingerprint", "s"."SafetyHash", "s"."SafetyReasonCodesJson", "s"."SafetyRevision", "s"."SafetyUnknownPresent", "s"."SessionGeneration", "s"."UnsettledSlotOperationAttemptId", "s"."UpdatedAt"
FROM "SessionRecoveries" AS "s"
WHERE "s"."AgvId" = @__agvId_0 AND "s"."Readiness" = 'Ready'
LIMIT 2
[08:03:49 INF] Executed DbCommand (0ms) [Parameters=[], CommandType='Text', CommandTimeout='30']
SELECT "p"."MessageId", "p"."AcknowledgedAt", "p"."CreatedAt", "p"."FencedAt", "p"."MessageType", "p"."PayloadJson"
FROM "ProtocolOutbox" AS "p"
WHERE "p"."AcknowledgedAt" IS NULL AND "p"."FencedAt" IS NULL
[08:03:49 INF] Executed DbCommand (0ms) [Parameters=[@__operationSessionId_0='?' (Size = 36)], CommandType='Text', CommandTimeout='30']
SELECT "p"."MessageId", "p"."ContentHash", "p"."FirstResponseJson", "p"."MessageType", "p"."ReceivedAt", "p"."RequestJson"
FROM "ProtocolInbox" AS "p"
WHERE "p"."MessageType" = 'SublotSubmitted' AND instr("p"."RequestJson", @__operationSessionId_0) > 0
[08:03:49 INF] Executed DbCommand (0ms) [Parameters=[@__submissionId_0='?' (Size = 36)], CommandType='Text', CommandTimeout='30']
SELECT "p"."PayloadJson"
FROM "ProtocolOutbox" AS "p"
WHERE "p"."MessageType" = 'SublotRejected' AND instr("p"."PayloadJson", @__submissionId_0) > 0
[08:03:49 INF] Executed DbCommand (0ms) [Parameters=[@__demandId_0='?' (Size = 36)], CommandType='Text', CommandTimeout='30']
SELECT EXISTS (
    SELECT 1
    FROM "RecoveryWorkflows" AS "r"
    WHERE "r"."DemandId" = @__demandId_0 AND "r"."WorkflowType" = 'LOAD_CANCELLATION' AND "r"."State" = 'AwaitingResult')
[08:03:49 INF] Executed DbCommand (0ms) [Parameters=[@__runtime_DemandId_0='?' (Size = 36)], CommandType='Text', CommandTimeout='30']
SELECT "a"."DemandId", "a"."AcceptedAt", "a"."CatalogRevision", "a"."CreatedAt", "a"."DemandRevision", "a"."Generation", "a"."HistoryEpoch", "a"."LiveMesFieldsJson", "a"."SeriesId", "a"."Status", "a"."Sublot", "a"."TransportDemandKey", "a"."ValueObservedAt", "a"."ValuePollTraceId", "a"."ValueProjectionCommitId", "a"."WorkType"
FROM "AcceptedDemands" AS "a"
WHERE "a"."DemandId" = @__runtime_DemandId_0
[08:03:49 INF] Executed DbCommand (0ms) [Parameters=[@__demandId_0='?' (Size = 36)], CommandType='Text', CommandTimeout='30']
SELECT "c"."ConsumerKind", "c"."ConsumerId", "c"."ObjectKind", "c"."ObjectId", "c"."FrozenAt", "c"."FrozenVersion", "c"."SnapshotId"
FROM "ConfigurationConsumerBindings" AS "c"
WHERE "c"."ConsumerKind" = 'TransportDemand' AND "c"."ConsumerId" = @__demandId_0 AND (("c"."ObjectKind" = 'TaskTypeStationRule' AND "c"."ObjectId" = 'task-type-station-rules') OR ("c"."ObjectKind" = 'PublicStationBinding' AND "c"."ObjectId" LIKE 'map-%'))
[08:03:49 INF] Executed DbCommand (0ms) [Parameters=[@__freeze_RuleVersion_0='?' (DbType = Int64), @__taskType_1='?' (Size = 12)], CommandType='Text', CommandTimeout='30']
SELECT "t"."FixedEnd"
FROM "TaskTypeStationRules" AS "t"
WHERE "t"."Version" = @__freeze_RuleVersion_0 AND "t"."TaskType" = @__taskType_1
LIMIT 2
[08:03:49 INF] Executed DbCommand (0ms) [Parameters=[@__stationId_0='?' (Size = 9), @__taskType_1='?' (Size = 12)], CommandType='Text', CommandTimeout='30']
SELECT EXISTS (
    SELECT 1
    FROM "StationTaskTypeAdmissions" AS "s"
    WHERE "s"."StationId" = @__stationId_0 AND "s"."TaskType" = @__taskType_1)
[08:03:49 INF] Executed DbCommand (0ms) [Parameters=[], CommandType='Text', CommandTimeout='30']
SELECT "p"."RuleId", "p"."EffectiveAt", "p"."MatchType", "p"."MaxBoxesPerBasket", "p"."Pattern", "p"."Source", "p"."SupersededAt", "p"."Version"
FROM "PackageCapacityRules" AS "p"
WHERE "p"."SupersededAt" IS NULL
[08:03:49 INF] Executed DbCommand (0ms) [Parameters=[@__package_0='?' (Size = 10)], CommandType='Text', CommandTimeout='30']
SELECT "m"."Package", "m"."FirstSeenAt", "m"."LastSeenAt", "m"."Status"
FROM "MissingPackages" AS "m"
WHERE "m"."Package" = @__package_0
LIMIT 2
[08:03:49 INF] Start processing HTTP request GET http://127.0.0.1:48409/api/v2/sublot-box-count?sublot=L2-CR-20260920T000247731Z-NEXT
[08:03:49 INF] Sending HTTP request GET http://127.0.0.1:48409/api/v2/sublot-box-count?sublot=L2-CR-20260920T000247731Z-NEXT
[08:03:49 INF] Received HTTP response headers after 0.6389ms - 200
[08:03:49 INF] End processing HTTP request after 2.4032ms - 200
[08:03:49 INF] Executed DbCommand (0ms) [Parameters=[@__runtime_DemandId_0='?' (Size = 36)], CommandType='Text', CommandTimeout='30']
SELECT "a"."DemandId", "a"."AcceptedAt", "a"."CatalogRevision", "a"."CreatedAt", "a"."DemandRevision", "a"."Generation", "a"."HistoryEpoch", "a"."LiveMesFieldsJson", "a"."SeriesId", "a"."Status", "a"."Sublot", "a"."TransportDemandKey", "a"."ValueObservedAt", "a"."ValuePollTraceId", "a"."ValueProjectionCommitId", "a"."WorkType"
FROM "AcceptedDemands" AS "a"
WHERE "a"."DemandId" = @__runtime_DemandId_0
LIMIT 2
[08:03:49 INF] Executed DbCommand (0ms) [Parameters=[@__demandId_0='?' (Size = 36)], CommandType='Text', CommandTimeout='30']
SELECT "c"."ConsumerKind", "c"."ConsumerId", "c"."ObjectKind", "c"."ObjectId", "c"."FrozenAt", "c"."FrozenVersion", "c"."SnapshotId"
FROM "ConfigurationConsumerBindings" AS "c"
WHERE "c"."ConsumerKind" = 'TransportDemand' AND "c"."ConsumerId" = @__demandId_0 AND (("c"."ObjectKind" = 'TaskTypeStationRule' AND "c"."ObjectId" = 'task-type-station-rules') OR ("c"."ObjectKind" = 'PublicStationBinding' AND "c"."ObjectId" LIKE 'map-%'))
[08:03:49 INF] Executed DbCommand (0ms) [Parameters=[@__freeze_RuleVersion_0='?' (DbType = Int64), @__taskType_1='?' (Size = 12)], CommandType='Text', CommandTimeout='30']
SELECT "t"."FixedEnd"
FROM "TaskTypeStationRules" AS "t"
WHERE "t"."Version" = @__freeze_RuleVersion_0 AND "t"."TaskType" = @__taskType_1
LIMIT 2
[08:03:49 INF] Executed DbCommand (0ms) [Parameters=[@__messageId_0='?' (Size = 36)], CommandType='Text', CommandTimeout='30']
SELECT "p"."MessageId", "p"."AcknowledgedAt", "p"."CreatedAt", "p"."FencedAt", "p"."MessageType", "p"."PayloadJson"
FROM "ProtocolOutbox" AS "p"
WHERE "p"."MessageId" = @__messageId_0
LIMIT 2
[08:03:49 INF] Executed DbCommand (0ms) [Parameters=[@__plan_DemandId_0='?' (Size = 36)], CommandType='Text', CommandTimeout='30']
SELECT "a"."WorkType"
FROM "AcceptedDemands" AS "a"
WHERE "a"."DemandId" = @__plan_DemandId_0
LIMIT 2
[08:03:49 INF] Executed DbCommand (0ms) [Parameters=[@__demandId_0='?' (Size = 36)], CommandType='Text', CommandTimeout='30']
SELECT "c"."ConsumerKind", "c"."ConsumerId", "c"."ObjectKind", "c"."ObjectId", "c"."FrozenAt", "c"."FrozenVersion", "c"."SnapshotId"
FROM "ConfigurationConsumerBindings" AS "c"
WHERE "c"."ConsumerKind" = 'TransportDemand' AND "c"."ConsumerId" = @__demandId_0 AND (("c"."ObjectKind" = 'TaskTypeStationRule' AND "c"."ObjectId" = 'task-type-station-rules') OR ("c"."ObjectKind" = 'PublicStationBinding' AND "c"."ObjectId" LIKE 'map-%'))
[08:03:49 INF] Executed DbCommand (0ms) [Parameters=[@__freeze_RuleVersion_0='?' (DbType = Int64), @__taskType_1='?' (Size = 12)], CommandType='Text', CommandTimeout='30']
SELECT "t"."FixedEnd"
FROM "TaskTypeStationRules" AS "t"
WHERE "t"."Version" = @__freeze_RuleVersion_0 AND "t"."TaskType" = @__taskType_1
LIMIT 2
[08:03:49 INF] Executed DbCommand (0ms) [Parameters=[@__plan_SlotOperationAttemptId_0='?' (Size = 36)], CommandType='Text', CommandTimeout='30']
SELECT "s"."SlotOperationAttemptId", "s"."CommittedAt", "s"."ContentHash", "s"."CreatedAt", "s"."DemandId", "s"."EvidenceJson", "s"."ForcedRecoveryGeneration", "s"."OperationType", "s"."Status", "s"."SublotId", "s"."TargetSlotsJson"
FROM "StationOperations" AS "s"
WHERE "s"."SlotOperationAttemptId" = @__plan_SlotOperationAttemptId_0
LIMIT 2
[08:03:49 INF] Executed DbCommand (0ms) [Parameters=[@__messageId_0='?' (Size = 36)], CommandType='Text', CommandTimeout='30']
SELECT EXISTS (
    SELECT 1
    FROM "ProtocolOutbox" AS "p"
    WHERE "p"."MessageId" = @__messageId_0)
[08:03:49 INF] Executed DbCommand (0ms) [Parameters=[], CommandType='Text', CommandTimeout='30']
SELECT "a"."Id", "a"."ContentHash", "a"."DeploymentId", "a"."ImportedAt", "a"."Version"
FROM "AdmissionPolicyState" AS "a"
WHERE "a"."Id" = 1
LIMIT 2
