real-rig	Set up job	﻿2026-09-19T23:44:31.8761445Z Current runner version: '2.337.0'
real-rig	Set up job	2026-09-19T23:44:31.8775961Z Runner name: 'win11-01-control-server-desktop'
real-rig	Set up job	2026-09-19T23:44:31.8776913Z Runner group name: 'Default'
real-rig	Set up job	2026-09-19T23:44:31.8777842Z Machine name: 'DESKTOP-F9HC40O'
real-rig	Set up job	2026-09-19T23:44:31.8782309Z ##[group]GITHUB_TOKEN Permissions
real-rig	Set up job	2026-09-19T23:44:31.8784999Z Contents: read
real-rig	Set up job	2026-09-19T23:44:31.8785644Z Metadata: read
real-rig	Set up job	2026-09-19T23:44:31.8786524Z Packages: read
real-rig	Set up job	2026-09-19T23:44:31.8787140Z ##[endgroup]
real-rig	Set up job	2026-09-19T23:44:31.8789989Z Secret source: Actions
real-rig	Set up job	2026-09-19T23:44:31.8790992Z Cache mode: write
real-rig	Set up job	2026-09-19T23:44:31.8792098Z Runner is running behind proxy server 'http://172.19.162.241:7890' for all HTTP requests.
real-rig	Set up job	2026-09-19T23:44:31.8793525Z Runner is running behind proxy server 'http://172.19.162.241:7890' for all HTTPS requests.
real-rig	Set up job	2026-09-19T23:44:31.8794870Z Prepare workflow directory
real-rig	Set up job	2026-09-19T23:44:32.0944799Z Prepare all required actions
real-rig	Set up job	2026-09-19T23:44:32.1034954Z Getting action download info
real-rig	Set up job	2026-09-19T23:44:33.6377103Z Download action repository 'actions/checkout@v7' (SHA:3d3c42e5aac5ba805825da76410c181273ba90b1)
real-rig	Set up job	2026-09-19T23:44:35.7626383Z Download action repository 'actions/upload-artifact@v7' (SHA:043fb46d1a93c77aae656e7c1c64a875d1fc6a0a)
real-rig	Set up job	2026-09-19T23:44:38.5612801Z Complete job name: real-rig
real-rig	Run actions/checkout@v7	﻿2026-09-19T23:44:38.7668005Z ##[group]Run actions/checkout@v7
real-rig	Run actions/checkout@v7	2026-09-19T23:44:38.7669593Z with:
real-rig	Run actions/checkout@v7	2026-09-19T23:44:38.7669961Z   path: control-server
real-rig	Run actions/checkout@v7	2026-09-19T23:44:38.7670350Z   repository: trytoreachpeak0/8005-agv-control-server
real-rig	Run actions/checkout@v7	2026-09-19T23:44:38.7726295Z   token: ***
real-rig	Run actions/checkout@v7	2026-09-19T23:44:38.7726870Z   ssh-strict: true
real-rig	Run actions/checkout@v7	2026-09-19T23:44:38.7734725Z   ssh-user: git
real-rig	Run actions/checkout@v7	2026-09-19T23:44:38.7735502Z   persist-credentials: true
real-rig	Run actions/checkout@v7	2026-09-19T23:44:38.7736067Z   clean: true
real-rig	Run actions/checkout@v7	2026-09-19T23:44:38.7737251Z   sparse-checkout-cone-mode: true
real-rig	Run actions/checkout@v7	2026-09-19T23:44:38.7739024Z   fetch-depth: 1
real-rig	Run actions/checkout@v7	2026-09-19T23:44:38.7739684Z   fetch-tags: false
real-rig	Run actions/checkout@v7	2026-09-19T23:44:38.7740051Z   show-progress: true
real-rig	Run actions/checkout@v7	2026-09-19T23:44:38.7740823Z   lfs: false
real-rig	Run actions/checkout@v7	2026-09-19T23:44:38.7741196Z   submodules: false
real-rig	Run actions/checkout@v7	2026-09-19T23:44:38.7741510Z   set-safe-directory: true
real-rig	Run actions/checkout@v7	2026-09-19T23:44:38.7741876Z   allow-unsafe-pr-checkout: false
real-rig	Run actions/checkout@v7	2026-09-19T23:44:38.7743497Z env:
real-rig	Run actions/checkout@v7	2026-09-19T23:44:38.7743860Z   NuGetAudit: false
real-rig	Run actions/checkout@v7	2026-09-19T23:44:38.7744504Z   RIG_MODE: consecutive
real-rig	Run actions/checkout@v7	2026-09-19T23:44:38.7745037Z   RIG_ONLY: real-onboard-compensate-then-reconnect
real-rig	Run actions/checkout@v7	2026-09-19T23:44:38.7745691Z   RIG_BATCH_ID: 
real-rig	Run actions/checkout@v7	2026-09-19T23:44:38.7746039Z   RIG_COMMIT_START_CEILING_GIB: 12
real-rig	Run actions/checkout@v7	2026-09-19T23:44:38.7746409Z   RIG_COMMIT_WAIT_MINUTES: 30
real-rig	Run actions/checkout@v7	2026-09-19T23:44:38.7809799Z   RIG_START_DEADLINE_MINUTES: 270
real-rig	Run actions/checkout@v7	2026-09-19T23:44:38.7810431Z   MSBUILDDISABLENODEREUSE: 1
real-rig	Run actions/checkout@v7	2026-09-19T23:44:38.7810821Z   DOTNET_CLI_USE_MSBUILD_SERVER: 0
real-rig	Run actions/checkout@v7	2026-09-19T23:44:38.7811252Z   UseSharedCompilation: false
real-rig	Run actions/checkout@v7	2026-09-19T23:44:38.7811709Z ##[endgroup]
real-rig	Run actions/checkout@v7	2026-09-19T23:44:42.3766138Z Syncing repository: trytoreachpeak0/8005-agv-control-server
real-rig	Run actions/checkout@v7	2026-09-19T23:44:42.3768183Z ##[group]Getting Git version info
real-rig	Run actions/checkout@v7	2026-09-19T23:44:42.3769504Z Working directory is 'C:\actions-runner\win11-01-control-server-desktop\_work\8005-agv-control-server\8005-agv-control-server\control-server'
real-rig	Run actions/checkout@v7	2026-09-19T23:44:42.3916035Z [command]"C:\Program Files\Git\cmd\git.exe" version
real-rig	Run actions/checkout@v7	2026-09-19T23:44:42.4417865Z git version 2.55.0.windows.5
real-rig	Run actions/checkout@v7	2026-09-19T23:44:42.4976908Z ##[endgroup]
real-rig	Run actions/checkout@v7	2026-09-19T23:44:42.5284368Z Temporarily overriding HOME='C:\actions-runner\win11-01-control-server-desktop\_work\_temp\44e95e92-bbda-481e-8abb-1ac43d022e8b' before making global git config changes
real-rig	Run actions/checkout@v7	2026-09-19T23:44:42.5285846Z Adding repository directory to the temporary git global config as a safe directory
real-rig	Run actions/checkout@v7	2026-09-19T23:44:42.5294843Z [command]"C:\Program Files\Git\cmd\git.exe" config --global --add safe.directory C:\actions-runner\win11-01-control-server-desktop\_work\8005-agv-control-server\8005-agv-control-server\control-server
real-rig	Run actions/checkout@v7	2026-09-19T23:44:42.6200500Z [command]"C:\Program Files\Git\cmd\git.exe" config --local --get remote.origin.url
real-rig	Run actions/checkout@v7	2026-09-19T23:44:42.6657686Z https://github.com/trytoreachpeak0/8005-agv-control-server
real-rig	Run actions/checkout@v7	2026-09-19T23:44:42.6739378Z ##[group]Removing previously created refs, to avoid conflicts
real-rig	Run actions/checkout@v7	2026-09-19T23:44:42.6747997Z [command]"C:\Program Files\Git\cmd\git.exe" rev-parse --symbolic-full-name --verify --quiet HEAD
real-rig	Run actions/checkout@v7	2026-09-19T23:44:42.7630518Z refs/heads/fp/v2-impl
real-rig	Run actions/checkout@v7	2026-09-19T23:44:42.7853185Z [command]"C:\Program Files\Git\cmd\git.exe" checkout --detach
real-rig	Run actions/checkout@v7	2026-09-19T23:44:46.7597968Z HEAD is now at 87511c46 Merge pull request #233 from trytoreachpeak0/refactor/cs209-dispatch-round-extraction
real-rig	Run actions/checkout@v7	2026-09-19T23:44:46.8995447Z ##[endgroup]
real-rig	Run actions/checkout@v7	2026-09-19T23:44:46.9009480Z [command]"C:\Program Files\Git\cmd\git.exe" submodule status
real-rig	Run actions/checkout@v7	2026-09-19T23:44:47.8740289Z ##[group]Cleaning the repository
real-rig	Run actions/checkout@v7	2026-09-19T23:44:47.8765888Z [command]"C:\Program Files\Git\cmd\git.exe" clean -ffdx
real-rig	Run actions/checkout@v7	2026-09-19T23:44:49.4399084Z Removing src/ControlServer.Application/bin/
real-rig	Run actions/checkout@v7	2026-09-19T23:44:49.4399811Z Removing src/ControlServer.Application/obj/
real-rig	Run actions/checkout@v7	2026-09-19T23:44:49.4400320Z Removing src/ControlServer.Dashboard/bin/
real-rig	Run actions/checkout@v7	2026-09-19T23:44:49.4400894Z Removing src/ControlServer.Dashboard/obj/
real-rig	Run actions/checkout@v7	2026-09-19T23:44:49.4401333Z Removing src/ControlServer.Domain/bin/
real-rig	Run actions/checkout@v7	2026-09-19T23:44:49.4401815Z Removing src/ControlServer.Domain/obj/
real-rig	Run actions/checkout@v7	2026-09-19T23:44:49.4402236Z Removing src/ControlServer.Host/bin/
real-rig	Run actions/checkout@v7	2026-09-19T23:44:49.4405021Z Removing src/ControlServer.Host/obj/
real-rig	Run actions/checkout@v7	2026-09-19T23:44:49.4405531Z Removing src/ControlServer.Infrastructure/bin/
real-rig	Run actions/checkout@v7	2026-09-19T23:44:49.4406093Z Removing src/ControlServer.Infrastructure/obj/
real-rig	Run actions/checkout@v7	2026-09-19T23:44:49.4406654Z Removing tests/ControlServer.Tests/bin/
real-rig	Run actions/checkout@v7	2026-09-19T23:44:49.4407106Z Removing tests/ControlServer.Tests/obj/
real-rig	Run actions/checkout@v7	2026-09-19T23:44:49.4407604Z Removing tools/ControlServer.ClockSkewProxy/bin/
real-rig	Run actions/checkout@v7	2026-09-19T23:44:49.4408152Z Removing tools/ControlServer.ClockSkewProxy/obj/
real-rig	Run actions/checkout@v7	2026-09-19T23:44:49.4408887Z Removing tools/ControlServer.Conformance/bin/
real-rig	Run actions/checkout@v7	2026-09-19T23:44:49.4409387Z Removing tools/ControlServer.Conformance/obj/
real-rig	Run actions/checkout@v7	2026-09-19T23:44:49.4409874Z Removing tools/ControlServer.FakeMesIngest/bin/
real-rig	Run actions/checkout@v7	2026-09-19T23:44:49.4410389Z Removing tools/ControlServer.FakeMesIngest/obj/
real-rig	Run actions/checkout@v7	2026-09-19T23:44:49.4410885Z Removing tools/ControlServer.FakeOnboard/bin/
real-rig	Run actions/checkout@v7	2026-09-19T23:44:49.4411354Z Removing tools/ControlServer.FakeOnboard/obj/
real-rig	Run actions/checkout@v7	2026-09-19T23:44:49.4411806Z Removing tools/ControlServer.FakeRiot/bin/
real-rig	Run actions/checkout@v7	2026-09-19T23:44:49.4412256Z Removing tools/ControlServer.FakeRiot/obj/
real-rig	Run actions/checkout@v7	2026-09-19T23:44:49.4412697Z Removing tools/ControlServer.FieldOps/bin/
real-rig	Run actions/checkout@v7	2026-09-19T23:44:49.4413134Z Removing tools/ControlServer.FieldOps/obj/
real-rig	Run actions/checkout@v7	2026-09-19T23:44:49.4413770Z Removing tools/ControlServer.ProtocolFaultProxy/bin/
real-rig	Run actions/checkout@v7	2026-09-19T23:44:49.4414329Z Removing tools/ControlServer.ProtocolFaultProxy/obj/
real-rig	Run actions/checkout@v7	2026-09-19T23:44:49.4414877Z Removing tools/ControlServer.SchemaConformance/bin/
real-rig	Run actions/checkout@v7	2026-09-19T23:44:49.4415438Z Removing tools/ControlServer.SchemaConformance/obj/
real-rig	Run actions/checkout@v7	2026-09-19T23:44:49.4415967Z Removing tools/ControlServer.TestDoubles/bin/
real-rig	Run actions/checkout@v7	2026-09-19T23:44:49.4416468Z Removing tools/ControlServer.TestDoubles/obj/
real-rig	Run actions/checkout@v7	2026-09-19T23:44:49.4464026Z [command]"C:\Program Files\Git\cmd\git.exe" reset --hard HEAD
real-rig	Run actions/checkout@v7	2026-09-19T23:44:55.3811525Z HEAD is now at 87511c46 Merge pull request #233 from trytoreachpeak0/refactor/cs209-dispatch-round-extraction
real-rig	Run actions/checkout@v7	2026-09-19T23:44:55.3917936Z ##[endgroup]
real-rig	Run actions/checkout@v7	2026-09-19T23:44:55.3934344Z ##[group]Disabling automatic garbage collection
real-rig	Run actions/checkout@v7	2026-09-19T23:44:55.3958852Z [command]"C:\Program Files\Git\cmd\git.exe" config --local gc.auto 0
real-rig	Run actions/checkout@v7	2026-09-19T23:44:55.4719520Z ##[endgroup]
real-rig	Run actions/checkout@v7	2026-09-19T23:44:55.4720970Z ##[group]Setting up auth
real-rig	Run actions/checkout@v7	2026-09-19T23:44:55.4721990Z Removing SSH command configuration
real-rig	Run actions/checkout@v7	2026-09-19T23:44:55.5367339Z [command]"C:\Program Files\Git\cmd\git.exe" config --local --name-only --get-regexp core\.sshCommand
real-rig	Run actions/checkout@v7	2026-09-19T23:44:55.6100580Z [command]"C:\Program Files\Git\cmd\git.exe" submodule foreach --recursive "sh -c \"git config --local --name-only --get-regexp 'core\.sshCommand' && git config --local --unset-all 'core.sshCommand' || :\""
real-rig	Run actions/checkout@v7	2026-09-19T23:44:56.6686421Z Removing HTTP extra header
real-rig	Run actions/checkout@v7	2026-09-19T23:44:56.6704280Z [command]"C:\Program Files\Git\cmd\git.exe" config --local --name-only --get-regexp http\.https\:\/\/github\.com\/\.extraheader
real-rig	Run actions/checkout@v7	2026-09-19T23:44:56.7293586Z [command]"C:\Program Files\Git\cmd\git.exe" submodule foreach --recursive "sh -c \"git config --local --name-only --get-regexp 'http\.https\:\/\/github\.com\/\.extraheader' && git config --local --unset-all 'http.https://github.com/.extraheader' || :\""
real-rig	Run actions/checkout@v7	2026-09-19T23:44:57.8263672Z Removing includeIf entries pointing to credentials config files
real-rig	Run actions/checkout@v7	2026-09-19T23:44:57.8273675Z [command]"C:\Program Files\Git\cmd\git.exe" config --local --name-only --get-regexp ^includeIf\.gitdir:
real-rig	Run actions/checkout@v7	2026-09-19T23:44:57.8829203Z [command]"C:\Program Files\Git\cmd\git.exe" submodule foreach --recursive "git config --local --show-origin --name-only --get-regexp remote.origin.url"
real-rig	Run actions/checkout@v7	2026-09-19T23:44:59.0189836Z [command]"C:\Program Files\Git\cmd\git.exe" config --file C:\actions-runner\win11-01-control-server-desktop\_work\_temp\git-credentials-6d6ee7af-8a02-4888-9744-6b60cc002eda.config http.https://github.com/.extraheader "AUTHORIZATION: basic ***"
real-rig	Run actions/checkout@v7	2026-09-19T23:44:59.0758084Z [command]"C:\Program Files\Git\cmd\git.exe" config --local includeIf.gitdir:C:/actions-runner/win11-01-control-server-desktop/_work/8005-agv-control-server/8005-agv-control-server/control-server/.git.path C:\actions-runner\win11-01-control-server-desktop\_work\_temp\git-credentials-6d6ee7af-8a02-4888-9744-6b60cc002eda.config
real-rig	Run actions/checkout@v7	2026-09-19T23:44:59.1299389Z [command]"C:\Program Files\Git\cmd\git.exe" config --local includeIf.gitdir:C:/actions-runner/win11-01-control-server-desktop/_work/8005-agv-control-server/8005-agv-control-server/control-server/.git/worktrees/*.path C:\actions-runner\win11-01-control-server-desktop\_work\_temp\git-credentials-6d6ee7af-8a02-4888-9744-6b60cc002eda.config
real-rig	Run actions/checkout@v7	2026-09-19T23:44:59.1902579Z [command]"C:\Program Files\Git\cmd\git.exe" config --local includeIf.gitdir:/github/workspace/control-server/.git.path /github/runner_temp/git-credentials-6d6ee7af-8a02-4888-9744-6b60cc002eda.config
real-rig	Run actions/checkout@v7	2026-09-19T23:44:59.2597226Z [command]"C:\Program Files\Git\cmd\git.exe" config --local includeIf.gitdir:/github/workspace/control-server/.git/worktrees/*.path /github/runner_temp/git-credentials-6d6ee7af-8a02-4888-9744-6b60cc002eda.config
real-rig	Run actions/checkout@v7	2026-09-19T23:44:59.3245919Z ##[endgroup]
real-rig	Run actions/checkout@v7	2026-09-19T23:44:59.3247145Z ##[group]Fetching the repository
real-rig	Run actions/checkout@v7	2026-09-19T23:44:59.3280192Z [command]"C:\Program Files\Git\cmd\git.exe" -c protocol.version=2 fetch --no-tags --prune --no-recurse-submodules --depth=1 origin +66d74d6f0af7df3824626add6b1d6d215327baba:refs/remotes/origin/fp/v2-impl
real-rig	Run actions/checkout@v7	2026-09-19T23:45:01.2189889Z From https://github.com/trytoreachpeak0/8005-agv-control-server
real-rig	Run actions/checkout@v7	2026-09-19T23:45:01.2190944Z  + 87511c46...66d74d6f 66d74d6f0af7df3824626add6b1d6d215327baba -> origin/fp/v2-impl  (forced update)
real-rig	Run actions/checkout@v7	2026-09-19T23:45:01.2303094Z [command]"C:\Program Files\Git\cmd\git.exe" branch --list --remote origin/fp/v2-impl
real-rig	Run actions/checkout@v7	2026-09-19T23:45:01.2788743Z   origin/fp/v2-impl
real-rig	Run actions/checkout@v7	2026-09-19T23:45:01.2861673Z [command]"C:\Program Files\Git\cmd\git.exe" rev-parse refs/remotes/origin/fp/v2-impl
real-rig	Run actions/checkout@v7	2026-09-19T23:45:01.3449750Z 66d74d6f0af7df3824626add6b1d6d215327baba
real-rig	Run actions/checkout@v7	2026-09-19T23:45:01.3498134Z ##[endgroup]
real-rig	Run actions/checkout@v7	2026-09-19T23:45:01.3499034Z ##[group]Determining the checkout info
real-rig	Run actions/checkout@v7	2026-09-19T23:45:01.3500000Z ##[endgroup]
real-rig	Run actions/checkout@v7	2026-09-19T23:45:01.3511781Z [command]"C:\Program Files\Git\cmd\git.exe" sparse-checkout disable
real-rig	Run actions/checkout@v7	2026-09-19T23:45:01.4727060Z [command]"C:\Program Files\Git\cmd\git.exe" config --local --unset-all extensions.worktreeConfig
real-rig	Run actions/checkout@v7	2026-09-19T23:45:01.5329266Z ##[group]Checking out the ref
real-rig	Run actions/checkout@v7	2026-09-19T23:45:01.5337149Z [command]"C:\Program Files\Git\cmd\git.exe" checkout --progress --force -B fp/v2-impl refs/remotes/origin/fp/v2-impl
real-rig	Run actions/checkout@v7	2026-09-19T23:45:01.7267653Z Previous HEAD position was 87511c46 Merge pull request #233 from trytoreachpeak0/refactor/cs209-dispatch-round-extraction
real-rig	Run actions/checkout@v7	2026-09-19T23:45:01.7497718Z Switched to and reset branch 'fp/v2-impl'
real-rig	Run actions/checkout@v7	2026-09-19T23:45:01.7543530Z branch 'fp/v2-impl' set up to track 'origin/fp/v2-impl'.
real-rig	Run actions/checkout@v7	2026-09-19T23:45:01.7544205Z Your branch is up to date with 'origin/fp/v2-impl'.
real-rig	Run actions/checkout@v7	2026-09-19T23:45:01.7616751Z ##[endgroup]
real-rig	Run actions/checkout@v7	2026-09-19T23:45:01.8303133Z [command]"C:\Program Files\Git\cmd\git.exe" log -1 --format=%H
real-rig	Run actions/checkout@v7	2026-09-19T23:45:01.8751925Z 66d74d6f0af7df3824626add6b1d6d215327baba
real-rig	Run actions/checkout@v7	﻿2026-09-19T23:45:01.9707887Z ##[group]Run actions/checkout@v7
real-rig	Run actions/checkout@v7	2026-09-19T23:45:01.9708348Z with:
real-rig	Run actions/checkout@v7	2026-09-19T23:45:01.9708789Z   repository: trytoreachpeak0/8005-agv-onboard-hmi
real-rig	Run actions/checkout@v7	2026-09-19T23:45:01.9709229Z   ref: 42a7311c900bda5caaf78183a9dcc96c134e4671
real-rig	Run actions/checkout@v7	2026-09-19T23:45:01.9709596Z   path: peers/8005-agv-onboard-hmi
real-rig	Run actions/checkout@v7	2026-09-19T23:45:01.9713941Z   token: ***
real-rig	Run actions/checkout@v7	2026-09-19T23:45:01.9714177Z   ssh-strict: true
real-rig	Run actions/checkout@v7	2026-09-19T23:45:01.9714413Z   ssh-user: git
real-rig	Run actions/checkout@v7	2026-09-19T23:45:01.9714658Z   persist-credentials: true
real-rig	Run actions/checkout@v7	2026-09-19T23:45:01.9714929Z   clean: true
real-rig	Run actions/checkout@v7	2026-09-19T23:45:01.9715175Z   sparse-checkout-cone-mode: true
real-rig	Run actions/checkout@v7	2026-09-19T23:45:01.9715473Z   fetch-depth: 1
real-rig	Run actions/checkout@v7	2026-09-19T23:45:01.9715724Z   fetch-tags: false
real-rig	Run actions/checkout@v7	2026-09-19T23:45:01.9715962Z   show-progress: true
real-rig	Run actions/checkout@v7	2026-09-19T23:45:01.9716213Z   lfs: false
real-rig	Run actions/checkout@v7	2026-09-19T23:45:01.9716432Z   submodules: false
real-rig	Run actions/checkout@v7	2026-09-19T23:45:01.9716676Z   set-safe-directory: true
real-rig	Run actions/checkout@v7	2026-09-19T23:45:01.9717024Z   allow-unsafe-pr-checkout: false
real-rig	Run actions/checkout@v7	2026-09-19T23:45:01.9717313Z env:
real-rig	Run actions/checkout@v7	2026-09-19T23:45:01.9717565Z   NuGetAudit: false
real-rig	Run actions/checkout@v7	2026-09-19T23:45:01.9717803Z   RIG_MODE: consecutive
real-rig	Run actions/checkout@v7	2026-09-19T23:45:01.9718123Z   RIG_ONLY: real-onboard-compensate-then-reconnect
real-rig	Run actions/checkout@v7	2026-09-19T23:45:01.9718591Z   RIG_BATCH_ID: 
real-rig	Run actions/checkout@v7	2026-09-19T23:45:01.9718884Z   RIG_COMMIT_START_CEILING_GIB: 12
real-rig	Run actions/checkout@v7	2026-09-19T23:45:01.9719193Z   RIG_COMMIT_WAIT_MINUTES: 30
real-rig	Run actions/checkout@v7	2026-09-19T23:45:01.9719483Z   RIG_START_DEADLINE_MINUTES: 270
real-rig	Run actions/checkout@v7	2026-09-19T23:45:01.9719794Z   MSBUILDDISABLENODEREUSE: 1
real-rig	Run actions/checkout@v7	2026-09-19T23:45:01.9720156Z   DOTNET_CLI_USE_MSBUILD_SERVER: 0
real-rig	Run actions/checkout@v7	2026-09-19T23:45:01.9720555Z   UseSharedCompilation: false
real-rig	Run actions/checkout@v7	2026-09-19T23:45:01.9720839Z ##[endgroup]
real-rig	Run actions/checkout@v7	2026-09-19T23:45:02.1503477Z Syncing repository: trytoreachpeak0/8005-agv-onboard-hmi
real-rig	Run actions/checkout@v7	2026-09-19T23:45:02.1507855Z ##[group]Getting Git version info
real-rig	Run actions/checkout@v7	2026-09-19T23:45:02.1509115Z Working directory is 'C:\actions-runner\win11-01-control-server-desktop\_work\8005-agv-control-server\8005-agv-control-server\peers\8005-agv-onboard-hmi'
real-rig	Run actions/checkout@v7	2026-09-19T23:45:02.1764625Z [command]"C:\Program Files\Git\cmd\git.exe" version
real-rig	Run actions/checkout@v7	2026-09-19T23:45:02.2172262Z git version 2.55.0.windows.5
real-rig	Run actions/checkout@v7	2026-09-19T23:45:02.2248639Z ##[endgroup]
real-rig	Run actions/checkout@v7	2026-09-19T23:45:02.2276870Z Temporarily overriding HOME='C:\actions-runner\win11-01-control-server-desktop\_work\_temp\31fe41b2-9221-4315-b9c2-165c4a3b6538' before making global git config changes
real-rig	Run actions/checkout@v7	2026-09-19T23:45:02.2278997Z Adding repository directory to the temporary git global config as a safe directory
real-rig	Run actions/checkout@v7	2026-09-19T23:45:02.2294709Z [command]"C:\Program Files\Git\cmd\git.exe" config --global --add safe.directory C:\actions-runner\win11-01-control-server-desktop\_work\8005-agv-control-server\8005-agv-control-server\peers\8005-agv-onboard-hmi
real-rig	Run actions/checkout@v7	2026-09-19T23:45:02.2915915Z [command]"C:\Program Files\Git\cmd\git.exe" config --local --get remote.origin.url
real-rig	Run actions/checkout@v7	2026-09-19T23:45:02.3461048Z https://github.com/trytoreachpeak0/8005-agv-onboard-hmi
real-rig	Run actions/checkout@v7	2026-09-19T23:45:02.3558881Z ##[group]Removing previously created refs, to avoid conflicts
real-rig	Run actions/checkout@v7	2026-09-19T23:45:02.3570497Z [command]"C:\Program Files\Git\cmd\git.exe" rev-parse --symbolic-full-name --verify --quiet HEAD
real-rig	Run actions/checkout@v7	2026-09-19T23:45:02.4110677Z HEAD
real-rig	Run actions/checkout@v7	2026-09-19T23:45:02.4771204Z ##[endgroup]
real-rig	Run actions/checkout@v7	2026-09-19T23:45:02.4783811Z [command]"C:\Program Files\Git\cmd\git.exe" submodule status
real-rig	Run actions/checkout@v7	2026-09-19T23:45:03.5932127Z ##[group]Cleaning the repository
real-rig	Run actions/checkout@v7	2026-09-19T23:45:03.5951815Z [command]"C:\Program Files\Git\cmd\git.exe" clean -ffdx
real-rig	Run actions/checkout@v7	2026-09-19T23:45:04.3761438Z [command]"C:\Program Files\Git\cmd\git.exe" reset --hard HEAD
real-rig	Run actions/checkout@v7	2026-09-19T23:45:04.7396202Z HEAD is now at 3c4b1ff test(g2): 断线后等替身读完快照应答再断言，消除全量并行下的竞态（hmi#140）
real-rig	Run actions/checkout@v7	2026-09-19T23:45:04.7485420Z ##[endgroup]
real-rig	Run actions/checkout@v7	2026-09-19T23:45:04.7497914Z ##[group]Disabling automatic garbage collection
real-rig	Run actions/checkout@v7	2026-09-19T23:45:04.7518518Z [command]"C:\Program Files\Git\cmd\git.exe" config --local gc.auto 0
real-rig	Run actions/checkout@v7	2026-09-19T23:45:04.8122137Z ##[endgroup]
real-rig	Run actions/checkout@v7	2026-09-19T23:45:04.8123910Z ##[group]Setting up auth
real-rig	Run actions/checkout@v7	2026-09-19T23:45:04.8125087Z Removing SSH command configuration
real-rig	Run actions/checkout@v7	2026-09-19T23:45:04.8138410Z [command]"C:\Program Files\Git\cmd\git.exe" config --local --name-only --get-regexp core\.sshCommand
real-rig	Run actions/checkout@v7	2026-09-19T23:45:04.8836111Z [command]"C:\Program Files\Git\cmd\git.exe" submodule foreach --recursive "sh -c \"git config --local --name-only --get-regexp 'core\.sshCommand' && git config --local --unset-all 'core.sshCommand' || :\""
real-rig	Run actions/checkout@v7	2026-09-19T23:45:06.0456533Z Removing HTTP extra header
real-rig	Run actions/checkout@v7	2026-09-19T23:45:06.0482322Z [command]"C:\Program Files\Git\cmd\git.exe" config --local --name-only --get-regexp http\.https\:\/\/github\.com\/\.extraheader
real-rig	Run actions/checkout@v7	2026-09-19T23:45:06.1109374Z [command]"C:\Program Files\Git\cmd\git.exe" submodule foreach --recursive "sh -c \"git config --local --name-only --get-regexp 'http\.https\:\/\/github\.com\/\.extraheader' && git config --local --unset-all 'http.https://github.com/.extraheader' || :\""
real-rig	Run actions/checkout@v7	2026-09-19T23:45:07.1990068Z Removing includeIf entries pointing to credentials config files
real-rig	Run actions/checkout@v7	2026-09-19T23:45:07.1991414Z [command]"C:\Program Files\Git\cmd\git.exe" config --local --name-only --get-regexp ^includeIf\.gitdir:
real-rig	Run actions/checkout@v7	2026-09-19T23:45:07.2471756Z [command]"C:\Program Files\Git\cmd\git.exe" submodule foreach --recursive "git config --local --show-origin --name-only --get-regexp remote.origin.url"
real-rig	Run actions/checkout@v7	2026-09-19T23:45:08.3317787Z [command]"C:\Program Files\Git\cmd\git.exe" config --file C:\actions-runner\win11-01-control-server-desktop\_work\_temp\git-credentials-dc485627-d631-4dc4-a16f-049e9bb68536.config http.https://github.com/.extraheader "AUTHORIZATION: basic ***"
real-rig	Run actions/checkout@v7	2026-09-19T23:45:08.4032856Z [command]"C:\Program Files\Git\cmd\git.exe" config --local includeIf.gitdir:C:/actions-runner/win11-01-control-server-desktop/_work/8005-agv-control-server/8005-agv-control-server/peers/8005-agv-onboard-hmi/.git.path C:\actions-runner\win11-01-control-server-desktop\_work\_temp\git-credentials-dc485627-d631-4dc4-a16f-049e9bb68536.config
real-rig	Run actions/checkout@v7	2026-09-19T23:45:08.4573451Z [command]"C:\Program Files\Git\cmd\git.exe" config --local includeIf.gitdir:C:/actions-runner/win11-01-control-server-desktop/_work/8005-agv-control-server/8005-agv-control-server/peers/8005-agv-onboard-hmi/.git/worktrees/*.path C:\actions-runner\win11-01-control-server-desktop\_work\_temp\git-credentials-dc485627-d631-4dc4-a16f-049e9bb68536.config
real-rig	Run actions/checkout@v7	2026-09-19T23:45:08.6274147Z [command]"C:\Program Files\Git\cmd\git.exe" config --local includeIf.gitdir:/github/workspace/peers/8005-agv-onboard-hmi/.git.path /github/runner_temp/git-credentials-dc485627-d631-4dc4-a16f-049e9bb68536.config
real-rig	Run actions/checkout@v7	2026-09-19T23:45:08.6938470Z [command]"C:\Program Files\Git\cmd\git.exe" config --local includeIf.gitdir:/github/workspace/peers/8005-agv-onboard-hmi/.git/worktrees/*.path /github/runner_temp/git-credentials-dc485627-d631-4dc4-a16f-049e9bb68536.config
real-rig	Run actions/checkout@v7	2026-09-19T23:45:08.7601988Z ##[endgroup]
real-rig	Run actions/checkout@v7	2026-09-19T23:45:08.7603543Z ##[group]Fetching the repository
real-rig	Run actions/checkout@v7	2026-09-19T23:45:08.7614399Z [command]"C:\Program Files\Git\cmd\git.exe" -c protocol.version=2 fetch --no-tags --prune --no-recurse-submodules --depth=1 origin 42a7311c900bda5caaf78183a9dcc96c134e4671
real-rig	Run actions/checkout@v7	2026-09-19T23:45:11.7444014Z From https://github.com/trytoreachpeak0/8005-agv-onboard-hmi
real-rig	Run actions/checkout@v7	2026-09-19T23:45:11.7446400Z  * branch            42a7311c900bda5caaf78183a9dcc96c134e4671 -> FETCH_HEAD
real-rig	Run actions/checkout@v7	2026-09-19T23:45:11.7548396Z [command]"C:\Program Files\Git\cmd\git.exe" rev-parse --verify --quiet 42a7311c900bda5caaf78183a9dcc96c134e4671^{object}
real-rig	Run actions/checkout@v7	2026-09-19T23:45:11.8196386Z 42a7311c900bda5caaf78183a9dcc96c134e4671
real-rig	Run actions/checkout@v7	2026-09-19T23:45:11.8251840Z ##[endgroup]
real-rig	Run actions/checkout@v7	2026-09-19T23:45:11.8253514Z ##[group]Determining the checkout info
real-rig	Run actions/checkout@v7	2026-09-19T23:45:11.8255297Z ##[endgroup]
real-rig	Run actions/checkout@v7	2026-09-19T23:45:11.8280079Z [command]"C:\Program Files\Git\cmd\git.exe" sparse-checkout disable
real-rig	Run actions/checkout@v7	2026-09-19T23:45:11.9150323Z [command]"C:\Program Files\Git\cmd\git.exe" config --local --unset-all extensions.worktreeConfig
real-rig	Run actions/checkout@v7	2026-09-19T23:45:11.9826414Z ##[group]Checking out the ref
real-rig	Run actions/checkout@v7	2026-09-19T23:45:11.9851875Z [command]"C:\Program Files\Git\cmd\git.exe" checkout --progress --force 42a7311c900bda5caaf78183a9dcc96c134e4671
real-rig	Run actions/checkout@v7	2026-09-19T23:45:12.2166831Z Warning: you are leaving 1 commit behind, not connected to
real-rig	Run actions/checkout@v7	2026-09-19T23:45:12.2171295Z any of your branches:
real-rig	Run actions/checkout@v7	2026-09-19T23:45:12.2171847Z 
real-rig	Run actions/checkout@v7	2026-09-19T23:45:12.2172908Z   3c4b1ff test(g2): 断线后等替身读完快照应答再断言，消除全量并行下的竞态（hmi#140）
real-rig	Run actions/checkout@v7	2026-09-19T23:45:12.2173827Z 
real-rig	Run actions/checkout@v7	2026-09-19T23:45:12.2174883Z If you want to keep it by creating a new branch, this may be a good time
real-rig	Run actions/checkout@v7	2026-09-19T23:45:12.2176442Z to do so with:
real-rig	Run actions/checkout@v7	2026-09-19T23:45:12.2176879Z 
real-rig	Run actions/checkout@v7	2026-09-19T23:45:12.2177474Z  git branch <new-branch-name> 3c4b1ff
real-rig	Run actions/checkout@v7	2026-09-19T23:45:12.2178197Z 
real-rig	Run actions/checkout@v7	2026-09-19T23:45:12.2279638Z HEAD is now at 42a7311 test(w2g): 审查改动之后的本机全量 G2 PASS 与合并刷新红证据（hmi#134）
real-rig	Run actions/checkout@v7	2026-09-19T23:45:12.2381162Z ##[endgroup]
real-rig	Run actions/checkout@v7	2026-09-19T23:45:12.3175028Z [command]"C:\Program Files\Git\cmd\git.exe" log -1 --format=%H
real-rig	Run actions/checkout@v7	2026-09-19T23:45:12.3917847Z 42a7311c900bda5caaf78183a9dcc96c134e4671
real-rig	Run actions/checkout@v7	﻿2026-09-19T23:45:12.5233203Z ##[group]Run actions/checkout@v7
real-rig	Run actions/checkout@v7	2026-09-19T23:45:12.5234041Z with:
real-rig	Run actions/checkout@v7	2026-09-19T23:45:12.5234565Z   repository: trytoreachpeak0/slots-simulator
real-rig	Run actions/checkout@v7	2026-09-19T23:45:12.5235560Z   ref: fb5f7c593742bf98bc3957b8729a38aad5321f28
real-rig	Run actions/checkout@v7	2026-09-19T23:45:12.5236340Z   path: peers/slots-simulator
real-rig	Run actions/checkout@v7	2026-09-19T23:45:12.5244993Z   token: ***
real-rig	Run actions/checkout@v7	2026-09-19T23:45:12.5245359Z   ssh-strict: true
real-rig	Run actions/checkout@v7	2026-09-19T23:45:12.5245667Z   ssh-user: git
real-rig	Run actions/checkout@v7	2026-09-19T23:45:12.5245981Z   persist-credentials: true
real-rig	Run actions/checkout@v7	2026-09-19T23:45:12.5246349Z   clean: true
real-rig	Run actions/checkout@v7	2026-09-19T23:45:12.5246658Z   sparse-checkout-cone-mode: true
real-rig	Run actions/checkout@v7	2026-09-19T23:45:12.5247033Z   fetch-depth: 1
real-rig	Run actions/checkout@v7	2026-09-19T23:45:12.5247325Z   fetch-tags: false
real-rig	Run actions/checkout@v7	2026-09-19T23:45:12.5247631Z   show-progress: true
real-rig	Run actions/checkout@v7	2026-09-19T23:45:12.5247937Z   lfs: false
real-rig	Run actions/checkout@v7	2026-09-19T23:45:12.5248209Z   submodules: false
real-rig	Run actions/checkout@v7	2026-09-19T23:45:12.5248698Z   set-safe-directory: true
real-rig	Run actions/checkout@v7	2026-09-19T23:45:12.5249125Z   allow-unsafe-pr-checkout: false
real-rig	Run actions/checkout@v7	2026-09-19T23:45:12.5249501Z env:
real-rig	Run actions/checkout@v7	2026-09-19T23:45:12.5249759Z   NuGetAudit: false
real-rig	Run actions/checkout@v7	2026-09-19T23:45:12.5250140Z   RIG_MODE: consecutive
real-rig	Run actions/checkout@v7	2026-09-19T23:45:12.5250553Z   RIG_ONLY: real-onboard-compensate-then-reconnect
real-rig	Run actions/checkout@v7	2026-09-19T23:45:12.5251029Z   RIG_BATCH_ID: 
real-rig	Run actions/checkout@v7	2026-09-19T23:45:12.5251343Z   RIG_COMMIT_START_CEILING_GIB: 12
real-rig	Run actions/checkout@v7	2026-09-19T23:45:12.5251730Z   RIG_COMMIT_WAIT_MINUTES: 30
real-rig	Run actions/checkout@v7	2026-09-19T23:45:12.5252095Z   RIG_START_DEADLINE_MINUTES: 270
real-rig	Run actions/checkout@v7	2026-09-19T23:45:12.5252480Z   MSBUILDDISABLENODEREUSE: 1
real-rig	Run actions/checkout@v7	2026-09-19T23:45:12.5252903Z   DOTNET_CLI_USE_MSBUILD_SERVER: 0
real-rig	Run actions/checkout@v7	2026-09-19T23:45:12.5253317Z   UseSharedCompilation: false
real-rig	Run actions/checkout@v7	2026-09-19T23:45:12.5253677Z ##[endgroup]
real-rig	Run actions/checkout@v7	2026-09-19T23:45:12.7116467Z Syncing repository: trytoreachpeak0/slots-simulator
real-rig	Run actions/checkout@v7	2026-09-19T23:45:12.7119249Z ##[group]Getting Git version info
real-rig	Run actions/checkout@v7	2026-09-19T23:45:12.7122900Z Working directory is 'C:\actions-runner\win11-01-control-server-desktop\_work\8005-agv-control-server\8005-agv-control-server\peers\slots-simulator'
real-rig	Run actions/checkout@v7	2026-09-19T23:45:12.7305977Z [command]"C:\Program Files\Git\cmd\git.exe" version
real-rig	Run actions/checkout@v7	2026-09-19T23:45:12.7892120Z git version 2.55.0.windows.5
real-rig	Run actions/checkout@v7	2026-09-19T23:45:12.7984260Z ##[endgroup]
real-rig	Run actions/checkout@v7	2026-09-19T23:45:12.8025240Z Temporarily overriding HOME='C:\actions-runner\win11-01-control-server-desktop\_work\_temp\41d9e624-a7b4-4360-83bc-e653323239d3' before making global git config changes
real-rig	Run actions/checkout@v7	2026-09-19T23:45:12.8029328Z Adding repository directory to the temporary git global config as a safe directory
real-rig	Run actions/checkout@v7	2026-09-19T23:45:12.8050328Z [command]"C:\Program Files\Git\cmd\git.exe" config --global --add safe.directory C:\actions-runner\win11-01-control-server-desktop\_work\8005-agv-control-server\8005-agv-control-server\peers\slots-simulator
real-rig	Run actions/checkout@v7	2026-09-19T23:45:12.8851271Z [command]"C:\Program Files\Git\cmd\git.exe" config --local --get remote.origin.url
real-rig	Run actions/checkout@v7	2026-09-19T23:45:12.9511619Z https://github.com/trytoreachpeak0/slots-simulator
real-rig	Run actions/checkout@v7	2026-09-19T23:45:12.9622830Z ##[group]Removing previously created refs, to avoid conflicts
real-rig	Run actions/checkout@v7	2026-09-19T23:45:12.9645839Z [command]"C:\Program Files\Git\cmd\git.exe" rev-parse --symbolic-full-name --verify --quiet HEAD
real-rig	Run actions/checkout@v7	2026-09-19T23:45:13.0397441Z HEAD
real-rig	Run actions/checkout@v7	2026-09-19T23:45:13.1021234Z ##[endgroup]
real-rig	Run actions/checkout@v7	2026-09-19T23:45:13.1046543Z [command]"C:\Program Files\Git\cmd\git.exe" submodule status
real-rig	Run actions/checkout@v7	2026-09-19T23:45:14.1909746Z ##[group]Cleaning the repository
real-rig	Run actions/checkout@v7	2026-09-19T23:45:14.1934893Z [command]"C:\Program Files\Git\cmd\git.exe" clean -ffdx
real-rig	Run actions/checkout@v7	2026-09-19T23:45:14.2666893Z [command]"C:\Program Files\Git\cmd\git.exe" reset --hard HEAD
real-rig	Run actions/checkout@v7	2026-09-19T23:45:14.3696850Z HEAD is now at fb5f7c5 feat: embed automation HTTP API in WPF simulator
real-rig	Run actions/checkout@v7	2026-09-19T23:45:14.3751094Z ##[endgroup]
real-rig	Run actions/checkout@v7	2026-09-19T23:45:14.3756862Z ##[group]Disabling automatic garbage collection
real-rig	Run actions/checkout@v7	2026-09-19T23:45:14.3768200Z [command]"C:\Program Files\Git\cmd\git.exe" config --local gc.auto 0
real-rig	Run actions/checkout@v7	2026-09-19T23:45:14.4296649Z ##[endgroup]
real-rig	Run actions/checkout@v7	2026-09-19T23:45:14.4297271Z ##[group]Setting up auth
real-rig	Run actions/checkout@v7	2026-09-19T23:45:14.4297713Z Removing SSH command configuration
real-rig	Run actions/checkout@v7	2026-09-19T23:45:14.4313177Z [command]"C:\Program Files\Git\cmd\git.exe" config --local --name-only --get-regexp core\.sshCommand
real-rig	Run actions/checkout@v7	2026-09-19T23:45:14.4851003Z [command]"C:\Program Files\Git\cmd\git.exe" submodule foreach --recursive "sh -c \"git config --local --name-only --get-regexp 'core\.sshCommand' && git config --local --unset-all 'core.sshCommand' || :\""
real-rig	Run actions/checkout@v7	2026-09-19T23:45:15.5068841Z Removing HTTP extra header
real-rig	Run actions/checkout@v7	2026-09-19T23:45:15.5080423Z [command]"C:\Program Files\Git\cmd\git.exe" config --local --name-only --get-regexp http\.https\:\/\/github\.com\/\.extraheader
real-rig	Run actions/checkout@v7	2026-09-19T23:45:15.5902358Z [command]"C:\Program Files\Git\cmd\git.exe" submodule foreach --recursive "sh -c \"git config --local --name-only --get-regexp 'http\.https\:\/\/github\.com\/\.extraheader' && git config --local --unset-all 'http.https://github.com/.extraheader' || :\""
real-rig	Run actions/checkout@v7	2026-09-19T23:45:16.7986926Z Removing includeIf entries pointing to credentials config files
real-rig	Run actions/checkout@v7	2026-09-19T23:45:16.8003366Z [command]"C:\Program Files\Git\cmd\git.exe" config --local --name-only --get-regexp ^includeIf\.gitdir:
real-rig	Run actions/checkout@v7	2026-09-19T23:45:16.8824090Z [command]"C:\Program Files\Git\cmd\git.exe" submodule foreach --recursive "git config --local --show-origin --name-only --get-regexp remote.origin.url"
real-rig	Run actions/checkout@v7	2026-09-19T23:45:17.9805150Z [command]"C:\Program Files\Git\cmd\git.exe" config --file C:\actions-runner\win11-01-control-server-desktop\_work\_temp\git-credentials-41f9b6de-813f-4d96-aeae-cfe9450710d5.config http.https://github.com/.extraheader "AUTHORIZATION: basic ***"
real-rig	Run actions/checkout@v7	2026-09-19T23:45:18.0685469Z [command]"C:\Program Files\Git\cmd\git.exe" config --local includeIf.gitdir:C:/actions-runner/win11-01-control-server-desktop/_work/8005-agv-control-server/8005-agv-control-server/peers/slots-simulator/.git.path C:\actions-runner\win11-01-control-server-desktop\_work\_temp\git-credentials-41f9b6de-813f-4d96-aeae-cfe9450710d5.config
real-rig	Run actions/checkout@v7	2026-09-19T23:45:18.1426798Z [command]"C:\Program Files\Git\cmd\git.exe" config --local includeIf.gitdir:C:/actions-runner/win11-01-control-server-desktop/_work/8005-agv-control-server/8005-agv-control-server/peers/slots-simulator/.git/worktrees/*.path C:\actions-runner\win11-01-control-server-desktop\_work\_temp\git-credentials-41f9b6de-813f-4d96-aeae-cfe9450710d5.config
real-rig	Run actions/checkout@v7	2026-09-19T23:45:18.2147460Z [command]"C:\Program Files\Git\cmd\git.exe" config --local includeIf.gitdir:/github/workspace/peers/slots-simulator/.git.path /github/runner_temp/git-credentials-41f9b6de-813f-4d96-aeae-cfe9450710d5.config
real-rig	Run actions/checkout@v7	2026-09-19T23:45:18.2749899Z [command]"C:\Program Files\Git\cmd\git.exe" config --local includeIf.gitdir:/github/workspace/peers/slots-simulator/.git/worktrees/*.path /github/runner_temp/git-credentials-41f9b6de-813f-4d96-aeae-cfe9450710d5.config
real-rig	Run actions/checkout@v7	2026-09-19T23:45:18.3431865Z ##[endgroup]
real-rig	Run actions/checkout@v7	2026-09-19T23:45:18.3433258Z ##[group]Fetching the repository
real-rig	Run actions/checkout@v7	2026-09-19T23:45:18.3444047Z [command]"C:\Program Files\Git\cmd\git.exe" -c protocol.version=2 fetch --no-tags --prune --no-recurse-submodules --depth=1 origin fb5f7c593742bf98bc3957b8729a38aad5321f28
real-rig	Run actions/checkout@v7	2026-09-19T23:45:20.1916615Z From https://github.com/trytoreachpeak0/slots-simulator
real-rig	Run actions/checkout@v7	2026-09-19T23:45:20.1919661Z  * branch            fb5f7c593742bf98bc3957b8729a38aad5321f28 -> FETCH_HEAD
real-rig	Run actions/checkout@v7	2026-09-19T23:45:20.2040182Z [command]"C:\Program Files\Git\cmd\git.exe" rev-parse --verify --quiet fb5f7c593742bf98bc3957b8729a38aad5321f28^{object}
real-rig	Run actions/checkout@v7	2026-09-19T23:45:20.2608726Z fb5f7c593742bf98bc3957b8729a38aad5321f28
real-rig	Run actions/checkout@v7	2026-09-19T23:45:20.2675442Z ##[endgroup]
real-rig	Run actions/checkout@v7	2026-09-19T23:45:20.2676473Z ##[group]Determining the checkout info
real-rig	Run actions/checkout@v7	2026-09-19T23:45:20.2677542Z ##[endgroup]
real-rig	Run actions/checkout@v7	2026-09-19T23:45:20.2696449Z [command]"C:\Program Files\Git\cmd\git.exe" sparse-checkout disable
real-rig	Run actions/checkout@v7	2026-09-19T23:45:20.3474654Z [command]"C:\Program Files\Git\cmd\git.exe" config --local --unset-all extensions.worktreeConfig
real-rig	Run actions/checkout@v7	2026-09-19T23:45:20.4144887Z ##[group]Checking out the ref
real-rig	Run actions/checkout@v7	2026-09-19T23:45:20.4169033Z [command]"C:\Program Files\Git\cmd\git.exe" checkout --progress --force fb5f7c593742bf98bc3957b8729a38aad5321f28
real-rig	Run actions/checkout@v7	2026-09-19T23:45:20.4812540Z HEAD is now at fb5f7c5 feat: embed automation HTTP API in WPF simulator
real-rig	Run actions/checkout@v7	2026-09-19T23:45:20.4905091Z ##[endgroup]
real-rig	Run actions/checkout@v7	2026-09-19T23:45:20.5534186Z [command]"C:\Program Files\Git\cmd\git.exe" log -1 --format=%H
real-rig	Run actions/checkout@v7	2026-09-19T23:45:20.6062478Z fb5f7c593742bf98bc3957b8729a38aad5321f28
real-rig	Run real-onboard L2 scenarios	﻿2026-09-19T23:45:20.6832032Z ##[group]Run # Runs is each scenario's consecutive count, as in the scenarios job. Batch 6's exit (control-server#165)
real-rig	Run real-onboard L2 scenarios	2026-09-19T23:45:20.6835044Z ^[[36;1m# Runs is each scenario's consecutive count, as in the scenarios job. Batch 6's exit (control-server#165)^[[0m
real-rig	Run real-onboard L2 scenarios	2026-09-19T23:45:20.6836796Z ^[[36;1m# ran real-onboard-expected-action-overdue and real-onboard-durable-ack-lost three times and the^[[0m
real-rig	Run real-onboard L2 scenarios	2026-09-19T23:45:20.6838492Z ^[[36;1m# rest once; that is what `consecutive` reproduces. Adding a real-onboard scenario: one line.^[[0m
real-rig	Run real-onboard L2 scenarios	2026-09-19T23:45:20.6839852Z ^[[36;1m#^[[0m
real-rig	Run real-onboard L2 scenarios	2026-09-19T23:45:20.6840397Z ^[[36;1m# real-onboard-recovery-entry-missing is absent on purpose: it is red by design until the^[[0m
real-rig	Run real-onboard L2 scenarios	2026-09-19T23:45:20.6841236Z ^[[36;1m# recovery entry it asserts exists (scripts/l2/README.md), and a round that is always red^[[0m
real-rig	Run real-onboard L2 scenarios	2026-09-19T23:45:20.6841854Z ^[[36;1m# reads as noise and trains nobody to look.^[[0m
real-rig	Run real-onboard L2 scenarios	2026-09-19T23:45:20.6842236Z ^[[36;1m$scenarios = @(^[[0m
real-rig	Run real-onboard L2 scenarios	2026-09-19T23:45:20.6842674Z ^[[36;1m    @{ Name = 'real-onboard-normal-load';                           Runs = 1 }^[[0m
real-rig	Run real-onboard L2 scenarios	2026-09-19T23:45:20.6843396Z ^[[36;1m    @{ Name = 'real-onboard-clock-skew';                            Runs = 1 }^[[0m
real-rig	Run real-onboard L2 scenarios	2026-09-19T23:45:20.6844077Z ^[[36;1m    @{ Name = 'real-onboard-load-door-closed-empty-reopens';        Runs = 1 }^[[0m
real-rig	Run real-onboard L2 scenarios	2026-09-19T23:45:20.6844791Z ^[[36;1m    @{ Name = 'real-onboard-station-timeout-door-open';             Runs = 1 }^[[0m
real-rig	Run real-onboard L2 scenarios	2026-09-19T23:45:20.6845477Z ^[[36;1m    @{ Name = 'real-onboard-unload-not-emptied';                    Runs = 1 }^[[0m
real-rig	Run real-onboard L2 scenarios	2026-09-19T23:45:20.6846166Z ^[[36;1m    @{ Name = 'real-onboard-compensate-then-reconnect';             Runs = 1 }^[[0m
real-rig	Run real-onboard L2 scenarios	2026-09-19T23:45:20.6846895Z ^[[36;1m    @{ Name = 'real-onboard-restart-while-waiting-operator';        Runs = 1 }^[[0m
real-rig	Run real-onboard L2 scenarios	2026-09-19T23:45:20.6847625Z ^[[36;1m    @{ Name = 'real-onboard-cancellation-authorization-lost';       Runs = 1 }^[[0m
real-rig	Run real-onboard L2 scenarios	2026-09-19T23:45:20.6848317Z ^[[36;1m    @{ Name = 'real-onboard-durable-ack-lost';                      Runs = 3 }^[[0m
real-rig	Run real-onboard L2 scenarios	2026-09-19T23:45:20.6849144Z ^[[36;1m    @{ Name = 'real-onboard-expected-action-overdue';               Runs = 3 }^[[0m
real-rig	Run real-onboard L2 scenarios	2026-09-19T23:45:20.6849871Z ^[[36;1m    @{ Name = 'real-onboard-restart-with-open-recovery-session';    Runs = 1 }^[[0m
real-rig	Run real-onboard L2 scenarios	2026-09-19T23:45:20.6850472Z ^[[36;1m)^[[0m
real-rig	Run real-onboard L2 scenarios	2026-09-19T23:45:20.6850697Z ^[[36;1m^[[0m
real-rig	Run real-onboard L2 scenarios	2026-09-19T23:45:20.6851122Z ^[[36;1m# Registered before anything can fail, so the upload step always has a path.^[[0m
real-rig	Run real-onboard L2 scenarios	2026-09-19T23:45:20.6851911Z ^[[36;1m$evidenceRoot = Join-Path $env:RUNNER_TEMP "real-rig-$env:GITHUB_RUN_ID-$env:GITHUB_RUN_ATTEMPT"^[[0m
real-rig	Run real-onboard L2 scenarios	2026-09-19T23:45:20.6852987Z ^[[36;1m$null = New-Item -ItemType Directory -Path $evidenceRoot -Force^[[0m
real-rig	Run real-onboard L2 scenarios	2026-09-19T23:45:20.6853717Z ^[[36;1m"RIG_EVIDENCE_ROOT=$evidenceRoot" | Out-File -FilePath $env:GITHUB_ENV -Append -Encoding utf8^[[0m
real-rig	Run real-onboard L2 scenarios	2026-09-19T23:45:20.6854327Z ^[[36;1m^[[0m
real-rig	Run real-onboard L2 scenarios	2026-09-19T23:45:20.6854619Z ^[[36;1mfunction Stop-RigSetup([string]$Message) {^[[0m
real-rig	Run real-onboard L2 scenarios	2026-09-19T23:45:20.6855096Z ^[[36;1m    Write-Host "::error title=Real-rig setup::$Message"^[[0m
real-rig	Run real-onboard L2 scenarios	2026-09-19T23:45:20.6855546Z ^[[36;1m    throw $Message^[[0m
real-rig	Run real-onboard L2 scenarios	2026-09-19T23:45:20.6855827Z ^[[36;1m}^[[0m
real-rig	Run real-onboard L2 scenarios	2026-09-19T23:45:20.6856048Z ^[[36;1m^[[0m
real-rig	Run real-onboard L2 scenarios	2026-09-19T23:45:20.6856448Z ^[[36;1m$only = @($env:RIG_ONLY -split ',' | ForEach-Object Trim | Where-Object { $_ })^[[0m
real-rig	Run real-onboard L2 scenarios	2026-09-19T23:45:20.6857084Z ^[[36;1m$unknown = @($only | Where-Object { $_ -notin $scenarios.Name })^[[0m
real-rig	Run real-onboard L2 scenarios	2026-09-19T23:45:20.6857846Z ^[[36;1mif ($unknown.Count -gt 0) { Stop-RigSetup "Not in this workflow's scenario list: $($unknown -join ', ')" }^[[0m
real-rig	Run real-onboard L2 scenarios	2026-09-19T23:45:20.6858475Z ^[[36;1m^[[0m
real-rig	Run real-onboard L2 scenarios	2026-09-19T23:45:20.6858925Z ^[[36;1m$runList = @(foreach ($scenario in $scenarios) {^[[0m
real-rig	Run real-onboard L2 scenarios	2026-09-19T23:45:20.6859506Z ^[[36;1m    if ($only.Count -gt 0 -and $scenario.Name -notin $only) { continue }^[[0m
real-rig	Run real-onboard L2 scenarios	2026-09-19T23:45:20.6860017Z ^[[36;1m    $runs = switch ($env:RIG_MODE) {^[[0m
real-rig	Run real-onboard L2 scenarios	2026-09-19T23:45:20.6860410Z ^[[36;1m        'consecutive'     { $scenario.Runs }^[[0m
real-rig	Run real-onboard L2 scenarios	2026-09-19T23:45:20.6860874Z ^[[36;1m        'consecutive-all' { [Math]::Max(3, $scenario.Runs) }^[[0m
real-rig	Run real-onboard L2 scenarios	2026-09-19T23:45:20.6862931Z ^[[36;1m        default           { 1 }^[[0m
real-rig	Run real-onboard L2 scenarios	2026-09-19T23:45:20.6863235Z ^[[36;1m    }^[[0m
real-rig	Run real-onboard L2 scenarios	2026-09-19T23:45:20.6863587Z ^[[36;1m    [pscustomobject]@{ Name = $scenario.Name; Runs = $runs }^[[0m
real-rig	Run real-onboard L2 scenarios	2026-09-19T23:45:20.6864013Z ^[[36;1m})^[[0m
real-rig	Run real-onboard L2 scenarios	2026-09-19T23:45:20.6864234Z ^[[36;1m^[[0m
real-rig	Run real-onboard L2 scenarios	2026-09-19T23:45:20.6864652Z ^[[36;1m$onboardRepository = (Resolve-Path ../peers/8005-agv-onboard-hmi).Path^[[0m
real-rig	Run real-onboard L2 scenarios	2026-09-19T23:45:20.6865336Z ^[[36;1m$simulatorRepository = (Resolve-Path ../peers/slots-simulator).Path^[[0m
real-rig	Run real-onboard L2 scenarios	2026-09-19T23:45:20.6865862Z ^[[36;1m$commits = [ordered]@{^[[0m
real-rig	Run real-onboard L2 scenarios	2026-09-19T23:45:20.6866261Z ^[[36;1m    'control-server'       = (git rev-parse HEAD).Trim()^[[0m
real-rig	Run real-onboard L2 scenarios	2026-09-19T23:45:20.6866861Z ^[[36;1m    '8005-agv-onboard-hmi' = (git -C $onboardRepository rev-parse HEAD).Trim()^[[0m
real-rig	Run real-onboard L2 scenarios	2026-09-19T23:45:20.6867573Z ^[[36;1m    'slots-simulator'      = (git -C $simulatorRepository rev-parse HEAD).Trim()^[[0m
real-rig	Run real-onboard L2 scenarios	2026-09-19T23:45:20.6868080Z ^[[36;1m}^[[0m
real-rig	Run real-onboard L2 scenarios	2026-09-19T23:45:20.6868846Z ^[[36;1m$commits | ConvertTo-Json | Set-Content -LiteralPath (Join-Path $evidenceRoot 'commits.json') -Encoding utf8NoBOM^[[0m
real-rig	Run real-onboard L2 scenarios	2026-09-19T23:45:20.6869993Z ^[[36;1mWrite-Host "Mode $env:RIG_MODE; $(($runList | ForEach-Object { if ($_.Runs -eq 1) { $_.Name } else { "$($_.Name) x$($_.Runs)" } }) -join ', ')"^[[0m
real-rig	Run real-onboard L2 scenarios	2026-09-19T23:45:20.6871034Z ^[[36;1m$commits.GetEnumerator() | ForEach-Object { Write-Host "  $($_.Key) @ $($_.Value)" }^[[0m
real-rig	Run real-onboard L2 scenarios	2026-09-19T23:45:20.6871592Z ^[[36;1m^[[0m
real-rig	Run real-onboard L2 scenarios	2026-09-19T23:45:20.6872038Z ^[[36;1m# Whole-machine committed memory, sampled every 2 seconds for the whole step into^[[0m
real-rig	Run real-onboard L2 scenarios	2026-09-19T23:45:20.6872861Z ^[[36;1m# commit-samples.csv. Committed bytes, not the process tree: what fails an allocation on this^[[0m
real-rig	Run real-onboard L2 scenarios	2026-09-19T23:45:20.6873657Z ^[[36;1m# guest is the machine reaching its commit limit, whoever holds the rest.^[[0m
real-rig	Run real-onboard L2 scenarios	2026-09-19T23:45:20.6874174Z ^[[36;1mfunction Get-CommitGiB {^[[0m
real-rig	Run real-onboard L2 scenarios	2026-09-19T23:45:20.6874614Z ^[[36;1m    $m = Get-CimInstance Win32_PerfFormattedData_PerfOS_Memory^[[0m
real-rig	Run real-onboard L2 scenarios	2026-09-19T23:45:20.6875437Z ^[[36;1m    [pscustomobject]@{ Committed = [Math]::Round($m.CommittedBytes / 1GB, 2); Limit = [Math]::Round($m.CommitLimit / 1GB, 2) }^[[0m
real-rig	Run real-onboard L2 scenarios	2026-09-19T23:45:20.6876128Z ^[[36;1m}^[[0m
real-rig	Run real-onboard L2 scenarios	2026-09-19T23:45:20.6876609Z ^[[36;1m$samplesPath = Join-Path $evidenceRoot 'commit-samples.csv'^[[0m
real-rig	Run real-onboard L2 scenarios	2026-09-19T23:45:20.6877251Z ^[[36;1m$sampler = Start-ThreadJob -ArgumentList $samplesPath -ScriptBlock {^[[0m
real-rig	Run real-onboard L2 scenarios	2026-09-19T23:45:20.6877755Z ^[[36;1m    param($path)^[[0m
real-rig	Run real-onboard L2 scenarios	2026-09-19T23:45:20.6878271Z ^[[36;1m    'utc,committedGiB,limitGiB' | Set-Content -LiteralPath $path -Encoding utf8NoBOM^[[0m
real-rig	Run real-onboard L2 scenarios	2026-09-19T23:45:20.6879815Z ^[[36;1m    while ($true) {^[[0m
real-rig	Run real-onboard L2 scenarios	2026-09-19T23:45:20.6880247Z ^[[36;1m        $m = Get-CimInstance Win32_PerfFormattedData_PerfOS_Memory^[[0m
real-rig	Run real-onboard L2 scenarios	2026-09-19T23:45:20.6881245Z ^[[36;1m        [string]::Format([Globalization.CultureInfo]::InvariantCulture, '{0:o},{1:F2},{2:F2}', [DateTime]::UtcNow, ($m.CommittedBytes / 1GB), ($m.CommitLimit / 1GB)) |^[[0m
real-rig	Run real-onboard L2 scenarios	2026-09-19T23:45:20.6882221Z ^[[36;1m            Add-Content -LiteralPath $path -Encoding utf8NoBOM^[[0m
real-rig	Run real-onboard L2 scenarios	2026-09-19T23:45:20.6882684Z ^[[36;1m        Start-Sleep -Seconds 2^[[0m
real-rig	Run real-onboard L2 scenarios	2026-09-19T23:45:20.6883008Z ^[[36;1m    }^[[0m
real-rig	Run real-onboard L2 scenarios	2026-09-19T23:45:20.6883238Z ^[[36;1m}^[[0m
real-rig	Run real-onboard L2 scenarios	2026-09-19T23:45:20.6895783Z ^[[36;1m^[[0m
real-rig	Run real-onboard L2 scenarios	2026-09-19T23:45:20.6896293Z ^[[36;1m# Crash dialogs present before the round, so the check at the end only blames this one.^[[0m
real-rig	Run real-onboard L2 scenarios	2026-09-19T23:45:20.6897098Z ^[[36;1m$werBefore = @(Get-Process WerFault -ErrorAction SilentlyContinue | ForEach-Object Id)^[[0m
real-rig	Run real-onboard L2 scenarios	2026-09-19T23:45:20.6897677Z ^[[36;1m^[[0m
real-rig	Run real-onboard L2 scenarios	2026-09-19T23:45:20.6898177Z ^[[36;1m# Build once for every run: -SkipBuild then, as in the scenarios job. From the repository root so^[[0m
real-rig	Run real-onboard L2 scenarios	2026-09-19T23:45:20.6898966Z ^[[36;1m# global.json picks the SDK.^[[0m
real-rig	Run real-onboard L2 scenarios	2026-09-19T23:45:20.6899314Z ^[[36;1mWrite-Host '::group::Build'^[[0m
real-rig	Run real-onboard L2 scenarios	2026-09-19T23:45:20.6899772Z ^[[36;1m& dotnet build ./ControlServer.sln -c Release --nologo^[[0m
real-rig	Run real-onboard L2 scenarios	2026-09-19T23:45:20.6900213Z ^[[36;1m$buildCode = $LASTEXITCODE^[[0m
real-rig	Run real-onboard L2 scenarios	2026-09-19T23:45:20.6901246Z ^[[36;1mWrite-Host '::endgroup::'^[[0m
real-rig	Run real-onboard L2 scenarios	2026-09-19T23:45:20.6901893Z ^[[36;1mif ($buildCode -ne 0) { Stop-RigSetup "dotnet build ControlServer.sln -c Release exited with $buildCode" }^[[0m
real-rig	Run real-onboard L2 scenarios	2026-09-19T23:45:20.6902799Z ^[[36;1m# Belt and braces for the environment above: anything a build still left running goes now.^[[0m
real-rig	Run real-onboard L2 scenarios	2026-09-19T23:45:20.6903409Z ^[[36;1m& dotnet build-server shutdown *> $null^[[0m
real-rig	Run real-onboard L2 scenarios	2026-09-19T23:45:20.6903755Z ^[[36;1m^[[0m
real-rig	Run real-onboard L2 scenarios	2026-09-19T23:45:20.6904155Z ^[[36;1m# Each run's stage root goes inside the evidence root, as in the scenarios job.^[[0m
real-rig	Run real-onboard L2 scenarios	2026-09-19T23:45:20.6904746Z ^[[36;1m$stageTemp = Join-Path $evidenceRoot '_stage'^[[0m
real-rig	Run real-onboard L2 scenarios	2026-09-19T23:45:20.6905249Z ^[[36;1m$null = New-Item -ItemType Directory -Path $stageTemp -Force^[[0m
real-rig	Run real-onboard L2 scenarios	2026-09-19T23:45:20.6905701Z ^[[36;1m$env:TEMP = $stageTemp^[[0m
real-rig	Run real-onboard L2 scenarios	2026-09-19T23:45:20.6906018Z ^[[36;1m$env:TMP = $stageTemp^[[0m
real-rig	Run real-onboard L2 scenarios	2026-09-19T23:45:20.6906293Z ^[[36;1m^[[0m
real-rig	Run real-onboard L2 scenarios	2026-09-19T23:45:20.6906588Z ^[[36;1m$ceiling = [double]$env:RIG_COMMIT_START_CEILING_GIB^[[0m
real-rig	Run real-onboard L2 scenarios	2026-09-19T23:45:20.6907105Z ^[[36;1m$deadlineMinutes = [double]$env:RIG_START_DEADLINE_MINUTES^[[0m
real-rig	Run real-onboard L2 scenarios	2026-09-19T23:45:20.6907622Z ^[[36;1m$records = [Collections.Generic.List[object]]::new()^[[0m
real-rig	Run real-onboard L2 scenarios	2026-09-19T23:45:20.6908255Z ^[[36;1m# Why the round stopped early, if it did: NOT_STARTED_COMMIT_GUARD or NOT_STARTED_DEADLINE.^[[0m
real-rig	Run real-onboard L2 scenarios	2026-09-19T23:45:20.6908981Z ^[[36;1m$stoppedBy = $null^[[0m
real-rig	Run real-onboard L2 scenarios	2026-09-19T23:45:20.6909280Z ^[[36;1m$leftovers = @()^[[0m
real-rig	Run real-onboard L2 scenarios	2026-09-19T23:45:20.6909623Z ^[[36;1m$jobClock = [Diagnostics.Stopwatch]::StartNew()^[[0m
real-rig	Run real-onboard L2 scenarios	2026-09-19T23:45:20.6910011Z ^[[36;1m^[[0m
real-rig	Run real-onboard L2 scenarios	2026-09-19T23:45:20.6910538Z ^[[36;1m# Everything after this runs under try/finally, so the leftover check, the summary and the^[[0m
real-rig	Run real-onboard L2 scenarios	2026-09-19T23:45:20.6911375Z ^[[36;1m# verdict happen even when something throws mid-round (a CIM query, a child that cannot start).^[[0m
real-rig	Run real-onboard L2 scenarios	2026-09-19T23:45:20.6911950Z ^[[36;1mtry {^[[0m
real-rig	Run real-onboard L2 scenarios	2026-09-19T23:45:20.6912210Z ^[[36;1m    foreach ($item in $runList) {^[[0m
real-rig	Run real-onboard L2 scenarios	2026-09-19T23:45:20.6912568Z ^[[36;1m        if ($stoppedBy) { break }^[[0m
real-rig	Run real-onboard L2 scenarios	2026-09-19T23:45:20.6912959Z ^[[36;1m        for ($run = 1; $run -le $item.Runs; $run++) {^[[0m
real-rig	Run real-onboard L2 scenarios	2026-09-19T23:45:20.6913401Z ^[[36;1m            $label = '{0}-{1:D2}' -f $item.Name, $run^[[0m
real-rig	Run real-onboard L2 scenarios	2026-09-19T23:45:20.6913760Z ^[[36;1m^[[0m
real-rig	Run real-onboard L2 scenarios	2026-09-19T23:45:20.6914200Z ^[[36;1m            # The round's own deadline. Each run can wait up to 30 minutes for memory and 30 for^[[0m
real-rig	Run real-onboard L2 scenarios	2026-09-19T23:45:20.6914957Z ^[[36;1m            # the desktop lock, with no bound on the sum; a batch exit is some 45 runs. So no new^[[0m
real-rig	Run real-onboard L2 scenarios	2026-09-19T23:45:20.6915729Z ^[[36;1m            # run starts after RIG_START_DEADLINE_MINUTES, which leaves one worst-case run (both^[[0m
real-rig	Run real-onboard L2 scenarios	2026-09-19T23:45:20.6916750Z ^[[36;1m            # waits plus a slow scenario, about 70 minutes) inside timeout-minutes. The job then^[[0m
real-rig	Run real-onboard L2 scenarios	2026-09-19T23:45:20.6917478Z ^[[36;1m            # fails with its own verdict instead of being cancelled by the timeout.^[[0m
real-rig	Run real-onboard L2 scenarios	2026-09-19T23:45:20.6918141Z ^[[36;1m            if ($jobClock.Elapsed.TotalMinutes -gt $deadlineMinutes) {^[[0m
real-rig	Run real-onboard L2 scenarios	2026-09-19T23:45:20.6919410Z ^[[36;1m                Write-Host "::error title=Round deadline::$label not started: $([Math]::Round($jobClock.Elapsed.TotalMinutes)) minutes into the job, past the $deadlineMinutes-minute start deadline"^[[0m
real-rig	Run real-onboard L2 scenarios	2026-09-19T23:45:20.6920479Z ^[[36;1m                $records.Add([pscustomobject]@{^[[0m
real-rig	Run real-onboard L2 scenarios	2026-09-19T23:45:20.6921015Z ^[[36;1m                    Label = $label; Scenario = $item.Name; Run = $run; Runs = $item.Runs^[[0m
real-rig	Run real-onboard L2 scenarios	2026-09-19T23:45:20.6921851Z ^[[36;1m                    ExitCode = 'NOT_STARTED_DEADLINE'; Result = 'NOT_STARTED_DEADLINE'; Seconds = 0; CommittedAtStartGiB = $null^[[0m
real-rig	Run real-onboard L2 scenarios	2026-09-19T23:45:20.6922534Z ^[[36;1m                })^[[0m
real-rig	Run real-onboard L2 scenarios	2026-09-19T23:45:20.6922871Z ^[[36;1m                $stoppedBy = 'NOT_STARTED_DEADLINE'^[[0m
real-rig	Run real-onboard L2 scenarios	2026-09-19T23:45:20.6923238Z ^[[36;1m                break^[[0m
real-rig	Run real-onboard L2 scenarios	2026-09-19T23:45:20.6923515Z ^[[36;1m            }^[[0m
real-rig	Run real-onboard L2 scenarios	2026-09-19T23:45:20.6923755Z ^[[36;1m^[[0m
real-rig	Run real-onboard L2 scenarios	2026-09-19T23:45:20.6924186Z ^[[36;1m            # The commit guard. Waits first: whatever holds the memory (the synthetic job's^[[0m
real-rig	Run real-onboard L2 scenarios	2026-09-19T23:45:20.6925017Z ^[[36;1m            # four lanes, test.yml, the onboard HMI's CI) finishes in minutes.^[[0m
real-rig	Run real-onboard L2 scenarios	2026-09-19T23:45:20.6925593Z ^[[36;1m            $waitClock = [Diagnostics.Stopwatch]::StartNew()^[[0m
real-rig	Run real-onboard L2 scenarios	2026-09-19T23:45:20.6926034Z ^[[36;1m            $commit = Get-CommitGiB^[[0m
real-rig	Run real-onboard L2 scenarios	2026-09-19T23:45:20.6926805Z ^[[36;1m            while ($commit.Committed -gt $ceiling -and $waitClock.Elapsed.TotalMinutes -lt [double]$env:RIG_COMMIT_WAIT_MINUTES) {^[[0m
real-rig	Run real-onboard L2 scenarios	2026-09-19T23:45:20.6927921Z ^[[36;1m                Write-Host "RIG_COMMIT_WAITING: $($commit.Committed)/$($commit.Limit) GiB committed, starting at or below $ceiling"^[[0m
real-rig	Run real-onboard L2 scenarios	2026-09-19T23:45:20.6928790Z ^[[36;1m                Start-Sleep -Seconds 30^[[0m
real-rig	Run real-onboard L2 scenarios	2026-09-19T23:45:20.6929186Z ^[[36;1m                $commit = Get-CommitGiB^[[0m
real-rig	Run real-onboard L2 scenarios	2026-09-19T23:45:20.6929525Z ^[[36;1m            }^[[0m
real-rig	Run real-onboard L2 scenarios	2026-09-19T23:45:20.6930028Z ^[[36;1m            # Still above after the whole wait: stop the round with a verdict of its own. Starting^[[0m
real-rig	Run real-onboard L2 scenarios	2026-09-19T23:45:20.6930907Z ^[[36;1m            # anyway risks an allocation failure that reads as a product defect, and letting the^[[0m
real-rig	Run real-onboard L2 scenarios	2026-09-19T23:45:20.6931640Z ^[[36;1m            # job timeout end it would cancel the job, which can wedge the runner.^[[0m
real-rig	Run real-onboard L2 scenarios	2026-09-19T23:45:20.6932193Z ^[[36;1m            if ($commit.Committed -gt $ceiling) {^[[0m
real-rig	Run real-onboard L2 scenarios	2026-09-19T23:45:20.6933221Z ^[[36;1m                Write-Host "::error title=Commit guard::$label not started: $($commit.Committed)/$($commit.Limit) GiB committed after waiting $env:RIG_COMMIT_WAIT_MINUTES minutes (ceiling $ceiling)"^[[0m
real-rig	Run real-onboard L2 scenarios	2026-09-19T23:45:20.6934267Z ^[[36;1m                $records.Add([pscustomobject]@{^[[0m
real-rig	Run real-onboard L2 scenarios	2026-09-19T23:45:20.6934800Z ^[[36;1m                    Label = $label; Scenario = $item.Name; Run = $run; Runs = $item.Runs^[[0m
real-rig	Run real-onboard L2 scenarios	2026-09-19T23:45:20.6935733Z ^[[36;1m                    ExitCode = 'NOT_STARTED_COMMIT_GUARD'; Result = 'NOT_STARTED_COMMIT_GUARD'; Seconds = 0; CommittedAtStartGiB = $commit.Committed^[[0m
real-rig	Run real-onboard L2 scenarios	2026-09-19T23:45:20.6936502Z ^[[36;1m                })^[[0m
real-rig	Run real-onboard L2 scenarios	2026-09-19T23:45:20.6936843Z ^[[36;1m                $stoppedBy = 'NOT_STARTED_COMMIT_GUARD'^[[0m
real-rig	Run real-onboard L2 scenarios	2026-09-19T23:45:20.6937230Z ^[[36;1m                break^[[0m
real-rig	Run real-onboard L2 scenarios	2026-09-19T23:45:20.6937500Z ^[[36;1m            }^[[0m
real-rig	Run real-onboard L2 scenarios	2026-09-19T23:45:20.6937739Z ^[[36;1m^[[0m
real-rig	Run real-onboard L2 scenarios	2026-09-19T23:45:20.6938029Z ^[[36;1m            $runRoot = Join-Path $evidenceRoot $label^[[0m
real-rig	Run real-onboard L2 scenarios	2026-09-19T23:45:20.6938440Z ^[[36;1m            $log = "$runRoot.log"^[[0m
real-rig	Run real-onboard L2 scenarios	2026-09-19T23:45:20.6939043Z ^[[36;1m            $arguments = @('-Scenario', $item.Name, '-EvidenceRoot', $runRoot,^[[0m
real-rig	Run real-onboard L2 scenarios	2026-09-19T23:45:20.6940082Z ^[[36;1m                '-OnboardRepository', $onboardRepository, '-SimulatorRepository', $simulatorRepository, '-SkipBuild')^[[0m
real-rig	Run real-onboard L2 scenarios	2026-09-19T23:45:20.6940929Z ^[[36;1m            if ($env:RIG_BATCH_ID) { $arguments += '-BatchId', $env:RIG_BATCH_ID }^[[0m
real-rig	Run real-onboard L2 scenarios	2026-09-19T23:45:20.6941400Z ^[[36;1m^[[0m
real-rig	Run real-onboard L2 scenarios	2026-09-19T23:45:20.6941778Z ^[[36;1m            Write-Host "$label starting at $($commit.Committed) GiB committed"^[[0m
real-rig	Run real-onboard L2 scenarios	2026-09-19T23:45:20.6942353Z ^[[36;1m            $clock = [Diagnostics.Stopwatch]::StartNew()^[[0m
real-rig	Run real-onboard L2 scenarios	2026-09-19T23:45:20.6942985Z ^[[36;1m            # A child pwsh per run, so one scenario's modules and state never leak into the next.^[[0m
real-rig	Run real-onboard L2 scenarios	2026-09-19T23:45:20.6943765Z ^[[36;1m            & pwsh -NoProfile -File ./scripts/l2/Invoke-L2Scenario.ps1 @arguments *>&1 |^[[0m
real-rig	Run real-onboard L2 scenarios	2026-09-19T23:45:20.6944370Z ^[[36;1m                Tee-Object -FilePath $log | Out-Null^[[0m
real-rig	Run real-onboard L2 scenarios	2026-09-19T23:45:20.6944781Z ^[[36;1m            $exitCode = $LASTEXITCODE^[[0m
real-rig	Run real-onboard L2 scenarios	2026-09-19T23:45:20.6945234Z ^[[36;1m            $seconds = [Math]::Round($clock.Elapsed.TotalSeconds)^[[0m
real-rig	Run real-onboard L2 scenarios	2026-09-19T23:45:20.6945881Z ^[[36;1m            # A run that waited out the desktop lock never started its scenario: that is the^[[0m
real-rig	Run real-onboard L2 scenarios	2026-09-19T23:45:20.6946676Z ^[[36;1m            # schedule colliding with 8005-mes-ingest's desktop jobs, not a product red, and the^[[0m
real-rig	Run real-onboard L2 scenarios	2026-09-19T23:45:20.6947374Z ^[[36;1m            # summary says so.^[[0m
real-rig	Run real-onboard L2 scenarios	2026-09-19T23:45:20.6947766Z ^[[36;1m            $result = if ($exitCode -eq 0) { 'PASS' }^[[0m
real-rig	Run real-onboard L2 scenarios	2026-09-19T23:45:20.6948683Z ^[[36;1m                elseif (Select-String -LiteralPath $log -SimpleMatch 'DESKTOP_LOCK_BUSY' -Quiet) { 'NOT_STARTED_DESKTOP_LOCK' }^[[0m
real-rig	Run real-onboard L2 scenarios	2026-09-19T23:45:20.6949470Z ^[[36;1m                else { "FAIL ($exitCode)" }^[[0m
real-rig	Run real-onboard L2 scenarios	2026-09-19T23:45:20.6949873Z ^[[36;1m            $records.Add([pscustomobject]@{^[[0m
real-rig	Run real-onboard L2 scenarios	2026-09-19T23:45:20.6950397Z ^[[36;1m                Label = $label; Scenario = $item.Name; Run = $run; Runs = $item.Runs^[[0m
real-rig	Run real-onboard L2 scenarios	2026-09-19T23:45:20.6951278Z ^[[36;1m                ExitCode = $exitCode; Result = $result; Seconds = $seconds; CommittedAtStartGiB = $commit.Committed^[[0m
real-rig	Run real-onboard L2 scenarios	2026-09-19T23:45:20.6951916Z ^[[36;1m            })^[[0m
real-rig	Run real-onboard L2 scenarios	2026-09-19T23:45:20.6952411Z ^[[36;1m            # This run's own log now, not only at the end: a long round is readable while it runs.^[[0m
real-rig	Run real-onboard L2 scenarios	2026-09-19T23:45:20.6953079Z ^[[36;1m            Write-Host "::group::$label -- $result, ${seconds}s"^[[0m
real-rig	Run real-onboard L2 scenarios	2026-09-19T23:45:20.6953840Z ^[[36;1m            if (Test-Path -LiteralPath $log) { Get-Content -LiteralPath $log | ForEach-Object { Write-Host $_ } }^[[0m
real-rig	Run real-onboard L2 scenarios	2026-09-19T23:45:20.6954521Z ^[[36;1m            Write-Host '::endgroup::'^[[0m
real-rig	Run real-onboard L2 scenarios	2026-09-19T23:45:20.6954862Z ^[[36;1m        }^[[0m
real-rig	Run real-onboard L2 scenarios	2026-09-19T23:45:20.6955091Z ^[[36;1m    }^[[0m
real-rig	Run real-onboard L2 scenarios	2026-09-19T23:45:20.6955315Z ^[[36;1m} finally {^[[0m
real-rig	Run real-onboard L2 scenarios	2026-09-19T23:45:20.6955927Z ^[[36;1m    Stop-Job $sampler -ErrorAction SilentlyContinue; Remove-Job $sampler -Force -ErrorAction SilentlyContinue^[[0m
real-rig	Run real-onboard L2 scenarios	2026-09-19T23:45:20.6956615Z ^[[36;1m^[[0m
real-rig	Run real-onboard L2 scenarios	2026-09-19T23:45:20.6957097Z ^[[36;1m    # What the round left behind. This desktop renders golden baselines, so a leftover onboard or^[[0m
real-rig	Run real-onboard L2 scenarios	2026-09-19T23:45:20.6957935Z ^[[36;1m    # simulator window, an orphaned server or double, or a crash dialog of ours is a defect here:^[[0m
real-rig	Run real-onboard L2 scenarios	2026-09-19T23:45:20.6958840Z ^[[36;1m    # listed, closed, and the round fails. Only processes started from this round's own^[[0m
real-rig	Run real-onboard L2 scenarios	2026-09-19T23:45:20.6959681Z ^[[36;1m    # directories (the checkouts, the evidence and stage roots, the peer publish cache), and crash^[[0m
real-rig	Run real-onboard L2 scenarios	2026-09-19T23:45:20.6960536Z ^[[36;1m    # dialogs raised for such a process -- 8005-mes-ingest's desktop jobs may be running windows,^[[0m
real-rig	Run real-onboard L2 scenarios	2026-09-19T23:45:20.6961285Z ^[[36;1m    # and crashing, between our scenarios, and those are not ours to close.^[[0m
real-rig	Run real-onboard L2 scenarios	2026-09-19T23:45:20.6962077Z ^[[36;1m    $ownRoots = @(@((Resolve-Path ..).Path, $evidenceRoot, (Join-Path $env:LOCALAPPDATA '8005-l2-peers')) |^[[0m
real-rig	Run real-onboard L2 scenarios	2026-09-19T23:45:20.6962799Z ^[[36;1m        ForEach-Object { $_.TrimEnd([char]'\') + [char]'\' })^[[0m
real-rig	Run real-onboard L2 scenarios	2026-09-19T23:45:20.6963877Z ^[[36;1m    $isOurs = { param($path) $path -and @($ownRoots | Where-Object { $path.StartsWith($_, [StringComparison]::OrdinalIgnoreCase) }).Count -gt 0 }^[[0m
real-rig	Run real-onboard L2 scenarios	2026-09-19T23:45:20.6964807Z ^[[36;1m    $leftovers = @(Get-Process | Where-Object { & $isOurs $_.Path })^[[0m
real-rig	Run real-onboard L2 scenarios	2026-09-19T23:45:20.6965535Z ^[[36;1m    # WerFault is started as `WerFault.exe -u -p <pid> ...`; the crashed process stays alive while^[[0m
real-rig	Run real-onboard L2 scenarios	2026-09-19T23:45:20.6966241Z ^[[36;1m    # its dialog is up, so its path tells whose crash it is.^[[0m
real-rig	Run real-onboard L2 scenarios	2026-09-19T23:45:20.6967091Z ^[[36;1m    foreach ($wer in @(Get-CimInstance Win32_Process -Filter "Name = 'WerFault.exe'" -ErrorAction SilentlyContinue)) {^[[0m
real-rig	Run real-onboard L2 scenarios	2026-09-19T23:45:20.6967868Z ^[[36;1m        if ($wer.ProcessId -in $werBefore) { continue }^[[0m
real-rig	Run real-onboard L2 scenarios	2026-09-19T23:45:20.6968509Z ^[[36;1m        $crashedPid = if ($wer.CommandLine -match '-p\s+(\d+)') { [int]$Matches[1] } else { $null }^[[0m
real-rig	Run real-onboard L2 scenarios	2026-09-19T23:45:20.6969532Z ^[[36;1m        $crashed = if ($crashedPid) { Get-Process -Id $crashedPid -ErrorAction SilentlyContinue } else { $null }^[[0m
real-rig	Run real-onboard L2 scenarios	2026-09-19T23:45:20.6970253Z ^[[36;1m        if ($crashed -and (& $isOurs $crashed.Path)) {^[[0m
real-rig	Run real-onboard L2 scenarios	2026-09-19T23:45:20.6970939Z ^[[36;1m            $leftovers += @(Get-Process -Id $wer.ProcessId -ErrorAction SilentlyContinue)^[[0m
real-rig	Run real-onboard L2 scenarios	2026-09-19T23:45:20.6971490Z ^[[36;1m        } else {^[[0m
real-rig	Run real-onboard L2 scenarios	2026-09-19T23:45:20.6972746Z ^[[36;1m            Write-Host "::warning title=Crash dialog not ours::WerFault pid $($wer.ProcessId) for pid $crashedPid; left alone"^[[0m
real-rig	Run real-onboard L2 scenarios	2026-09-19T23:45:20.6973432Z ^[[36;1m        }^[[0m
real-rig	Run real-onboard L2 scenarios	2026-09-19T23:45:20.6973667Z ^[[36;1m    }^[[0m
real-rig	Run real-onboard L2 scenarios	2026-09-19T23:45:20.6973934Z ^[[36;1m    foreach ($process in $leftovers) {^[[0m
real-rig	Run real-onboard L2 scenarios	2026-09-19T23:45:20.6974769Z ^[[36;1m        Write-Host "::error title=Leftover process::$($process.ProcessName) (pid $($process.Id)) $($process.Path) window '$($process.MainWindowTitle)'"^[[0m
real-rig	Run real-onboard L2 scenarios	2026-09-19T23:45:20.6975751Z ^[[36;1m        Stop-Process -Id $process.Id -Force -ErrorAction SilentlyContinue^[[0m
real-rig	Run real-onboard L2 scenarios	2026-09-19T23:45:20.6976234Z ^[[36;1m    }^[[0m
real-rig	Run real-onboard L2 scenarios	2026-09-19T23:45:20.6976462Z ^[[36;1m^[[0m
real-rig	Run real-onboard L2 scenarios	2026-09-19T23:45:20.6976896Z ^[[36;1m    $values = @(Import-Csv -LiteralPath $samplesPath -ErrorAction SilentlyContinue |^[[0m
real-rig	Run real-onboard L2 scenarios	2026-09-19T23:45:20.6977762Z ^[[36;1m        ForEach-Object { [double]::Parse($_.committedGiB, [Globalization.CultureInfo]::InvariantCulture) })^[[0m
real-rig	Run real-onboard L2 scenarios	2026-09-19T23:45:20.6978487Z ^[[36;1m    $peak = ($values | Measure-Object -Maximum).Maximum^[[0m
real-rig	Run real-onboard L2 scenarios	2026-09-19T23:45:20.6979128Z ^[[36;1m    $floor = ($values | Measure-Object -Minimum).Minimum^[[0m
real-rig	Run real-onboard L2 scenarios	2026-09-19T23:45:20.6979529Z ^[[36;1m^[[0m
real-rig	Run real-onboard L2 scenarios	2026-09-19T23:45:20.6979746Z ^[[36;1m    $summary = @(^[[0m
real-rig	Run real-onboard L2 scenarios	2026-09-19T23:45:20.6980341Z ^[[36;1m        "### Real-onboard L2 ($env:RIG_MODE, $($records.Count) runs$(if ($stoppedBy) { ", stopped: $stoppedBy" }))", '',^[[0m
real-rig	Run real-onboard L2 scenarios	2026-09-19T23:45:20.6981441Z ^[[36;1m        "control-server $($commits['control-server']), onboard $($commits['8005-agv-onboard-hmi']), simulator $($commits['slots-simulator'])", '',^[[0m
real-rig	Run real-onboard L2 scenarios	2026-09-19T23:45:20.6982746Z ^[[36;1m        "Whole-machine committed memory during the step: min $floor GiB, peak $peak GiB ($($values.Count) samples, commit-samples.csv in the evidence).", '',^[[0m
real-rig	Run real-onboard L2 scenarios	2026-09-19T23:45:20.6983781Z ^[[36;1m        '| Run | Result | Seconds | Committed at start (GiB) |', '| --- | --- | --- | --- |'^[[0m
real-rig	Run real-onboard L2 scenarios	2026-09-19T23:45:20.6984302Z ^[[36;1m    )^[[0m
real-rig	Run real-onboard L2 scenarios	2026-09-19T23:45:20.6984563Z ^[[36;1m    foreach ($record in $records) {^[[0m
real-rig	Run real-onboard L2 scenarios	2026-09-19T23:45:20.6985211Z ^[[36;1m        $summary += "| $($record.Label) | $($record.Result) | $($record.Seconds) | $($record.CommittedAtStartGiB) |"^[[0m
real-rig	Run real-onboard L2 scenarios	2026-09-19T23:45:20.6985833Z ^[[36;1m    }^[[0m
real-rig	Run real-onboard L2 scenarios	2026-09-19T23:45:20.6986463Z ^[[36;1m    if ($leftovers.Count -gt 0) { $summary += '', "Leftover processes closed: $(($leftovers | ForEach-Object ProcessName) -join ', ')" }^[[0m
real-rig	Run real-onboard L2 scenarios	2026-09-19T23:45:20.6987392Z ^[[36;1m    $summary | Out-File -FilePath $env:GITHUB_STEP_SUMMARY -Append -Encoding utf8^[[0m
real-rig	Run real-onboard L2 scenarios	2026-09-19T23:45:20.6988203Z ^[[36;1m    $summary | Set-Content -LiteralPath (Join-Path $evidenceRoot 'SUMMARY.md') -Encoding utf8NoBOM^[[0m
real-rig	Run real-onboard L2 scenarios	2026-09-19T23:45:20.6989207Z ^[[36;1m    $summary | ForEach-Object { Write-Host $_ }^[[0m
real-rig	Run real-onboard L2 scenarios	2026-09-19T23:45:20.6989584Z ^[[36;1m}^[[0m
real-rig	Run real-onboard L2 scenarios	2026-09-19T23:45:20.6989795Z ^[[36;1m^[[0m
real-rig	Run real-onboard L2 scenarios	2026-09-19T23:45:20.6990475Z ^[[36;1mif ($stoppedBy) { throw "RIG_$($stoppedBy -replace '^NOT_STARTED_', ''): the round stopped before $(($records | Select-Object -Last 1).Label)." }^[[0m
real-rig	Run real-onboard L2 scenarios	2026-09-19T23:45:20.6991544Z ^[[36;1m$lockTimeouts = @($records | Where-Object Result -eq 'NOT_STARTED_DESKTOP_LOCK')^[[0m
real-rig	Run real-onboard L2 scenarios	2026-09-19T23:45:20.6992208Z ^[[36;1m$failed = @($records | Where-Object { $_.Result -like 'FAIL*' })^[[0m
real-rig	Run real-onboard L2 scenarios	2026-09-19T23:45:20.6993006Z ^[[36;1mif ($failed.Count -gt 0) { throw "Real-onboard scenarios failed: $(($failed | ForEach-Object Label) -join ', ')" }^[[0m
real-rig	Run real-onboard L2 scenarios	2026-09-19T23:45:20.6994234Z ^[[36;1mif ($lockTimeouts.Count -gt 0) { throw "RIG_DESKTOP_LOCK: $(($lockTimeouts | ForEach-Object Label) -join ', ') waited out the desktop lock; not a product result." }^[[0m
real-rig	Run real-onboard L2 scenarios	2026-09-19T23:45:20.6995375Z ^[[36;1mif ($leftovers.Count -gt 0) { throw "The round left $($leftovers.Count) process(es) behind." }^[[0m
real-rig	Run real-onboard L2 scenarios	2026-09-19T23:45:20.7034039Z shell: C:\Program Files\PowerShell\7\pwsh.EXE -command ". '{0}'"
real-rig	Run real-onboard L2 scenarios	2026-09-19T23:45:20.7034497Z env:
real-rig	Run real-onboard L2 scenarios	2026-09-19T23:45:20.7034719Z   NuGetAudit: false
real-rig	Run real-onboard L2 scenarios	2026-09-19T23:45:20.7034961Z   RIG_MODE: consecutive
real-rig	Run real-onboard L2 scenarios	2026-09-19T23:45:20.7035288Z   RIG_ONLY: real-onboard-compensate-then-reconnect
real-rig	Run real-onboard L2 scenarios	2026-09-19T23:45:20.7035911Z   RIG_BATCH_ID: 
real-rig	Run real-onboard L2 scenarios	2026-09-19T23:45:20.7036157Z   RIG_COMMIT_START_CEILING_GIB: 12
real-rig	Run real-onboard L2 scenarios	2026-09-19T23:45:20.7036465Z   RIG_COMMIT_WAIT_MINUTES: 30
real-rig	Run real-onboard L2 scenarios	2026-09-19T23:45:20.7036759Z   RIG_START_DEADLINE_MINUTES: 270
real-rig	Run real-onboard L2 scenarios	2026-09-19T23:45:20.7037077Z   MSBUILDDISABLENODEREUSE: 1
real-rig	Run real-onboard L2 scenarios	2026-09-19T23:45:20.7037374Z   DOTNET_CLI_USE_MSBUILD_SERVER: 0
real-rig	Run real-onboard L2 scenarios	2026-09-19T23:45:20.7037681Z   UseSharedCompilation: false
real-rig	Run real-onboard L2 scenarios	2026-09-19T23:45:20.7037959Z ##[endgroup]
real-rig	Run real-onboard L2 scenarios	2026-09-19T23:45:21.9119555Z Mode consecutive; real-onboard-compensate-then-reconnect
real-rig	Run real-onboard L2 scenarios	2026-09-19T23:45:21.9325327Z   control-server @ 66d74d6f0af7df3824626add6b1d6d215327baba
real-rig	Run real-onboard L2 scenarios	2026-09-19T23:45:21.9333315Z   8005-agv-onboard-hmi @ 42a7311c900bda5caaf78183a9dcc96c134e4671
real-rig	Run real-onboard L2 scenarios	2026-09-19T23:45:21.9339914Z   slots-simulator @ fb5f7c593742bf98bc3957b8729a38aad5321f28
real-rig	Run real-onboard L2 scenarios	2026-09-19T23:45:21.9941124Z ##[group]Build
real-rig	Run real-onboard L2 scenarios	2026-09-19T23:45:23.6512033Z   正在确定要还原的项目…
real-rig	Run real-onboard L2 scenarios	2026-09-19T23:45:24.6094026Z   已还原 C:\actions-runner\win11-01-control-server-desktop\_work\8005-agv-control-server\8005-agv-control-server\control-server\tools\ControlServer.ClockSkewProxy\ControlServer.ClockSkewProxy.csproj (用时 153 毫秒)。
real-rig	Run real-onboard L2 scenarios	2026-09-19T23:45:24.6099573Z   已还原 C:\actions-runner\win11-01-control-server-desktop\_work\8005-agv-control-server\8005-agv-control-server\control-server\tools\ControlServer.ProtocolFaultProxy\ControlServer.ProtocolFaultProxy.csproj (用时 153 毫秒)。
real-rig	Run real-onboard L2 scenarios	2026-09-19T23:45:24.6106409Z   已还原 C:\actions-runner\win11-01-control-server-desktop\_work\8005-agv-control-server\8005-agv-control-server\control-server\tools\ControlServer.FakeRiot\ControlServer.FakeRiot.csproj (用时 153 毫秒)。
real-rig	Run real-onboard L2 scenarios	2026-09-19T23:45:24.6114707Z   已还原 C:\actions-runner\win11-01-control-server-desktop\_work\8005-agv-control-server\8005-agv-control-server\control-server\src\ControlServer.Domain\ControlServer.Domain.csproj (用时 150 毫秒)。
real-rig	Run real-onboard L2 scenarios	2026-09-19T23:45:24.6123182Z   已还原 C:\actions-runner\win11-01-control-server-desktop\_work\8005-agv-control-server\8005-agv-control-server\control-server\src\ControlServer.Application\ControlServer.Application.csproj (用时 152 毫秒)。
real-rig	Run real-onboard L2 scenarios	2026-09-19T23:45:24.6130601Z   已还原 C:\actions-runner\win11-01-control-server-desktop\_work\8005-agv-control-server\8005-agv-control-server\control-server\tools\ControlServer.Conformance\ControlServer.Conformance.csproj (用时 152 毫秒)。
real-rig	Run real-onboard L2 scenarios	2026-09-19T23:45:24.6138080Z   已还原 C:\actions-runner\win11-01-control-server-desktop\_work\8005-agv-control-server\8005-agv-control-server\control-server\tools\ControlServer.TestDoubles\ControlServer.TestDoubles.csproj (用时 150 毫秒)。
real-rig	Run real-onboard L2 scenarios	2026-09-19T23:45:24.6145340Z   已还原 C:\actions-runner\win11-01-control-server-desktop\_work\8005-agv-control-server\8005-agv-control-server\control-server\src\ControlServer.Dashboard\ControlServer.Dashboard.csproj (用时 152 毫秒)。
real-rig	Run real-onboard L2 scenarios	2026-09-19T23:45:24.6153465Z   已还原 C:\actions-runner\win11-01-control-server-desktop\_work\8005-agv-control-server\8005-agv-control-server\control-server\tools\ControlServer.FakeOnboard\ControlServer.FakeOnboard.csproj (用时 153 毫秒)。
real-rig	Run real-onboard L2 scenarios	2026-09-19T23:45:25.4577625Z   已还原 C:\actions-runner\win11-01-control-server-desktop\_work\8005-agv-control-server\8005-agv-control-server\control-server\tools\ControlServer.SchemaConformance\ControlServer.SchemaConformance.csproj (用时 1.07 秒)。
real-rig	Run real-onboard L2 scenarios	2026-09-19T23:45:25.4911398Z   已还原 C:\actions-runner\win11-01-control-server-desktop\_work\8005-agv-control-server\8005-agv-control-server\control-server\tools\ControlServer.FieldOps\ControlServer.FieldOps.csproj (用时 1.16 秒)。
real-rig	Run real-onboard L2 scenarios	2026-09-19T23:45:25.4917359Z   已还原 C:\actions-runner\win11-01-control-server-desktop\_work\8005-agv-control-server\8005-agv-control-server\control-server\tools\ControlServer.FakeMesIngest\ControlServer.FakeMesIngest.csproj (用时 1.16 秒)。
real-rig	Run real-onboard L2 scenarios	2026-09-19T23:45:25.6686851Z   已还原 C:\actions-runner\win11-01-control-server-desktop\_work\8005-agv-control-server\8005-agv-control-server\control-server\src\ControlServer.Host\ControlServer.Host.csproj (用时 1.34 秒)。
real-rig	Run real-onboard L2 scenarios	2026-09-19T23:45:25.6708407Z   已还原 C:\actions-runner\win11-01-control-server-desktop\_work\8005-agv-control-server\8005-agv-control-server\control-server\src\ControlServer.Infrastructure\ControlServer.Infrastructure.csproj (用时 1.34 秒)。
real-rig	Run real-onboard L2 scenarios	2026-09-19T23:45:25.9189451Z   已还原 C:\actions-runner\win11-01-control-server-desktop\_work\8005-agv-control-server\8005-agv-control-server\control-server\tests\ControlServer.Tests\ControlServer.Tests.csproj (用时 1.57 秒)。
real-rig	Run real-onboard L2 scenarios	2026-09-19T23:45:30.8427272Z   ControlServer.TestDoubles -> C:\actions-runner\win11-01-control-server-desktop\_work\8005-agv-control-server\8005-agv-control-server\control-server\tools\ControlServer.TestDoubles\bin\Release\net8.0\win-x64\ControlServer.TestDoubles.dll
real-rig	Run real-onboard L2 scenarios	2026-09-19T23:45:31.0323361Z   ControlServer.Domain -> C:\actions-runner\win11-01-control-server-desktop\_work\8005-agv-control-server\8005-agv-control-server\control-server\src\ControlServer.Domain\bin\Release\net8.0\win-x64\ControlServer.Domain.dll
real-rig	Run real-onboard L2 scenarios	2026-09-19T23:45:32.0372418Z   ControlServer.Dashboard -> C:\actions-runner\win11-01-control-server-desktop\_work\8005-agv-control-server\8005-agv-control-server\control-server\src\ControlServer.Dashboard\bin\Release\net8.0\win-x64\ControlServer.Dashboard.dll
real-rig	Run real-onboard L2 scenarios	2026-09-19T23:45:36.1789295Z   ControlServer.Conformance -> C:\actions-runner\win11-01-control-server-desktop\_work\8005-agv-control-server\8005-agv-control-server\control-server\tools\ControlServer.Conformance\bin\Release\net8.0\win-x64\ControlServer.Conformance.dll
real-rig	Run real-onboard L2 scenarios	2026-09-19T23:45:36.8754898Z   ControlServer.Application -> C:\actions-runner\win11-01-control-server-desktop\_work\8005-agv-control-server\8005-agv-control-server\control-server\src\ControlServer.Application\bin\Release\net8.0\win-x64\ControlServer.Application.dll
real-rig	Run real-onboard L2 scenarios	2026-09-19T23:45:36.8987471Z   ControlServer.SchemaConformance -> C:\actions-runner\win11-01-control-server-desktop\_work\8005-agv-control-server\8005-agv-control-server\control-server\tools\ControlServer.SchemaConformance\bin\Release\net8.0\win-x64\ControlServer.SchemaConformance.dll
real-rig	Run real-onboard L2 scenarios	2026-09-19T23:45:38.6756796Z   ControlServer.ProtocolFaultProxy -> C:\actions-runner\win11-01-control-server-desktop\_work\8005-agv-control-server\8005-agv-control-server\control-server\tools\ControlServer.ProtocolFaultProxy\bin\Release\net8.0\win-x64\ControlServer.ProtocolFaultProxy.dll
real-rig	Run real-onboard L2 scenarios	2026-09-19T23:45:38.6760533Z   ControlServer.FakeRiot -> C:\actions-runner\win11-01-control-server-desktop\_work\8005-agv-control-server\8005-agv-control-server\control-server\tools\ControlServer.FakeRiot\bin\Release\net8.0\win-x64\ControlServer.FakeRiot.dll
real-rig	Run real-onboard L2 scenarios	2026-09-19T23:45:38.6974518Z   ControlServer.FakeOnboard -> C:\actions-runner\win11-01-control-server-desktop\_work\8005-agv-control-server\8005-agv-control-server\control-server\tools\ControlServer.FakeOnboard\bin\Release\net8.0\win-x64\ControlServer.FakeOnboard.dll
real-rig	Run real-onboard L2 scenarios	2026-09-19T23:45:38.7229435Z   ControlServer.ClockSkewProxy -> C:\actions-runner\win11-01-control-server-desktop\_work\8005-agv-control-server\8005-agv-control-server\control-server\tools\ControlServer.ClockSkewProxy\bin\Release\net8.0\win-x64\ControlServer.ClockSkewProxy.dll
real-rig	Run real-onboard L2 scenarios	2026-09-19T23:45:46.6403047Z   ControlServer.Infrastructure -> C:\actions-runner\win11-01-control-server-desktop\_work\8005-agv-control-server\8005-agv-control-server\control-server\src\ControlServer.Infrastructure\bin\Release\net8.0\win-x64\ControlServer.Infrastructure.dll
real-rig	Run real-onboard L2 scenarios	2026-09-19T23:45:51.8817354Z   ControlServer.FieldOps -> C:\actions-runner\win11-01-control-server-desktop\_work\8005-agv-control-server\8005-agv-control-server\control-server\tools\ControlServer.FieldOps\bin\Release\net8.0\win-x64\ControlServer.FieldOps.dll
real-rig	Run real-onboard L2 scenarios	2026-09-19T23:45:52.9224829Z   ControlServer.FakeMesIngest -> C:\actions-runner\win11-01-control-server-desktop\_work\8005-agv-control-server\8005-agv-control-server\control-server\tools\ControlServer.FakeMesIngest\bin\Release\net8.0\win-x64\ControlServer.FakeMesIngest.dll
real-rig	Run real-onboard L2 scenarios	2026-09-19T23:45:54.0216221Z   ControlServer.Host -> C:\actions-runner\win11-01-control-server-desktop\_work\8005-agv-control-server\8005-agv-control-server\control-server\src\ControlServer.Host\bin\Release\net8.0\win-x64\ControlServer.Host.dll
real-rig	Run real-onboard L2 scenarios	2026-09-19T23:46:09.7603486Z   ControlServer.Tests -> C:\actions-runner\win11-01-control-server-desktop\_work\8005-agv-control-server\8005-agv-control-server\control-server\tests\ControlServer.Tests\bin\Release\net8.0\win-x64\ControlServer.Tests.dll
real-rig	Run real-onboard L2 scenarios	2026-09-19T23:46:09.8278646Z 
real-rig	Run real-onboard L2 scenarios	2026-09-19T23:46:09.8307794Z 已成功生成。
real-rig	Run real-onboard L2 scenarios	2026-09-19T23:46:09.8323945Z     0 个警告
real-rig	Run real-onboard L2 scenarios	2026-09-19T23:46:09.8325574Z     0 个错误
real-rig	Run real-onboard L2 scenarios	2026-09-19T23:46:09.8327467Z 
real-rig	Run real-onboard L2 scenarios	2026-09-19T23:46:09.8330545Z 已用时间 00:00:47.49
real-rig	Run real-onboard L2 scenarios	2026-09-19T23:46:10.0708446Z ##[endgroup]
real-rig	Run real-onboard L2 scenarios	2026-09-19T23:46:11.1383299Z real-onboard-compensate-then-reconnect-01 starting at 8.16 GiB committed
real-rig	Run real-onboard L2 scenarios	2026-09-19T23:47:32.7897147Z ##[group]real-onboard-compensate-then-reconnect-01 -- PASS, 82s
real-rig	Run real-onboard L2 scenarios	2026-09-19T23:47:32.8115844Z L2 real-onboard-compensate-then-reconnect -> PASS (evidence: C:\actions-runner\win11-01-control-server-desktop\_work\_temp\real-rig-35476925665-1\real-onboard-compensate-then-reconnect-01)
real-rig	Run real-onboard L2 scenarios	2026-09-19T23:47:32.8128046Z ##[endgroup]
real-rig	Run real-onboard L2 scenarios	2026-09-19T23:47:33.3392494Z ### Real-onboard L2 (consecutive, 1 runs)
real-rig	Run real-onboard L2 scenarios	2026-09-19T23:47:33.3397258Z 
real-rig	Run real-onboard L2 scenarios	2026-09-19T23:47:33.3403475Z control-server 66d74d6f0af7df3824626add6b1d6d215327baba, onboard 42a7311c900bda5caaf78183a9dcc96c134e4671, simulator fb5f7c593742bf98bc3957b8729a38aad5321f28
real-rig	Run real-onboard L2 scenarios	2026-09-19T23:47:33.3407537Z 
real-rig	Run real-onboard L2 scenarios	2026-09-19T23:47:33.3413473Z Whole-machine committed memory during the step: min 6.37 GiB, peak 10.22 GiB (54 samples, commit-samples.csv in the evidence).
real-rig	Run real-onboard L2 scenarios	2026-09-19T23:47:33.3416796Z 
real-rig	Run real-onboard L2 scenarios	2026-09-19T23:47:33.3422092Z | Run | Result | Seconds | Committed at start (GiB) |
real-rig	Run real-onboard L2 scenarios	2026-09-19T23:47:33.3425820Z | --- | --- | --- | --- |
real-rig	Run real-onboard L2 scenarios	2026-09-19T23:47:33.3430303Z | real-onboard-compensate-then-reconnect-01 | PASS | 82 | 8.16 |
real-rig	Upload real-rig evidence	﻿2026-09-19T23:47:34.2081420Z ##[group]Run actions/upload-artifact@v7
real-rig	Upload real-rig evidence	2026-09-19T23:47:34.2082047Z with:
real-rig	Upload real-rig evidence	2026-09-19T23:47:34.2082992Z   name: real-rig-evidence
real-rig	Upload real-rig evidence	2026-09-19T23:47:34.2084109Z   path: C:\actions-runner\win11-01-control-server-desktop\_work\_temp\real-rig-35476925665-1
real-rig	Upload real-rig evidence	2026-09-19T23:47:34.2085142Z   if-no-files-found: warn
real-rig	Upload real-rig evidence	2026-09-19T23:47:34.2085648Z   compression-level: 6
real-rig	Upload real-rig evidence	2026-09-19T23:47:34.2086108Z   overwrite: false
real-rig	Upload real-rig evidence	2026-09-19T23:47:34.2086579Z   include-hidden-files: false
real-rig	Upload real-rig evidence	2026-09-19T23:47:34.2087109Z   archive: true
real-rig	Upload real-rig evidence	2026-09-19T23:47:34.2087558Z env:
real-rig	Upload real-rig evidence	2026-09-19T23:47:34.2087941Z   NuGetAudit: false
real-rig	Upload real-rig evidence	2026-09-19T23:47:34.2088402Z   RIG_MODE: consecutive
real-rig	Upload real-rig evidence	2026-09-19T23:47:34.2089013Z   RIG_ONLY: real-onboard-compensate-then-reconnect
real-rig	Upload real-rig evidence	2026-09-19T23:47:34.2089719Z   RIG_BATCH_ID: 
real-rig	Upload real-rig evidence	2026-09-19T23:47:34.2090478Z   RIG_COMMIT_START_CEILING_GIB: 12
real-rig	Upload real-rig evidence	2026-09-19T23:47:34.2091280Z   RIG_COMMIT_WAIT_MINUTES: 30
real-rig	Upload real-rig evidence	2026-09-19T23:47:34.2091659Z   RIG_START_DEADLINE_MINUTES: 270
real-rig	Upload real-rig evidence	2026-09-19T23:47:34.2092042Z   MSBUILDDISABLENODEREUSE: 1
real-rig	Upload real-rig evidence	2026-09-19T23:47:34.2093141Z   DOTNET_CLI_USE_MSBUILD_SERVER: 0
real-rig	Upload real-rig evidence	2026-09-19T23:47:34.2093883Z   UseSharedCompilation: false
real-rig	Upload real-rig evidence	2026-09-19T23:47:34.2094848Z   RIG_EVIDENCE_ROOT: C:\actions-runner\win11-01-control-server-desktop\_work\_temp\real-rig-35476925665-1
real-rig	Upload real-rig evidence	2026-09-19T23:47:34.2095897Z ##[endgroup]
real-rig	Upload real-rig evidence	2026-09-19T23:47:37.7852380Z With the provided path, there will be 61 files uploaded
real-rig	Upload real-rig evidence	2026-09-19T23:47:37.7856721Z Artifact name is valid!
real-rig	Upload real-rig evidence	2026-09-19T23:47:37.7858529Z Root directory input is valid!
real-rig	Upload real-rig evidence	2026-09-19T23:47:38.7666408Z Uploading artifact: real-rig-evidence.zip
real-rig	Upload real-rig evidence	2026-09-19T23:47:38.7723383Z Beginning upload of artifact content to blob storage
real-rig	Upload real-rig evidence	2026-09-19T23:47:40.7800345Z Uploaded bytes 102954
real-rig	Upload real-rig evidence	2026-09-19T23:47:41.9700949Z Finished uploading artifact content to blob storage!
real-rig	Upload real-rig evidence	2026-09-19T23:47:41.9705393Z SHA256 digest of uploaded artifact is ad5f1f846ccccafe53053a38a2976a1bf716a3c0b6bb39e5fbff0a44fd714485
real-rig	Upload real-rig evidence	2026-09-19T23:47:41.9708965Z Finalizing artifact upload
real-rig	Upload real-rig evidence	2026-09-19T23:47:42.9678206Z Artifact real-rig-evidence successfully finalized. Artifact ID 10594676637
real-rig	Upload real-rig evidence	2026-09-19T23:47:42.9681964Z Artifact real-rig-evidence has been successfully uploaded! Final size is 102954 bytes. Artifact ID is 10594676637
real-rig	Upload real-rig evidence	2026-09-19T23:47:42.9781115Z Artifact download URL: https://github.com/trytoreachpeak0/8005-agv-control-server/actions/runs/35476925665/artifacts/10594676637
real-rig	Remove real-rig evidence and stage roots	﻿2026-09-19T23:47:43.1059378Z ##[group]Run Remove-Item -LiteralPath $env:RIG_EVIDENCE_ROOT -Recurse -Force -ErrorAction SilentlyContinue
real-rig	Remove real-rig evidence and stage roots	2026-09-19T23:47:43.1066202Z ^[[36;1mRemove-Item -LiteralPath $env:RIG_EVIDENCE_ROOT -Recurse -Force -ErrorAction SilentlyContinue^[[0m
real-rig	Remove real-rig evidence and stage roots	2026-09-19T23:47:43.1181123Z shell: C:\Program Files\PowerShell\7\pwsh.EXE -command ". '{0}'"
real-rig	Remove real-rig evidence and stage roots	2026-09-19T23:47:43.1183267Z env:
real-rig	Remove real-rig evidence and stage roots	2026-09-19T23:47:43.1183866Z   NuGetAudit: false
real-rig	Remove real-rig evidence and stage roots	2026-09-19T23:47:43.1184693Z   RIG_MODE: consecutive
real-rig	Remove real-rig evidence and stage roots	2026-09-19T23:47:43.1186120Z   RIG_ONLY: real-onboard-compensate-then-reconnect
real-rig	Remove real-rig evidence and stage roots	2026-09-19T23:47:43.1187518Z   RIG_BATCH_ID: 
real-rig	Remove real-rig evidence and stage roots	2026-09-19T23:47:43.1188506Z   RIG_COMMIT_START_CEILING_GIB: 12
real-rig	Remove real-rig evidence and stage roots	2026-09-19T23:47:43.1189617Z   RIG_COMMIT_WAIT_MINUTES: 30
real-rig	Remove real-rig evidence and stage roots	2026-09-19T23:47:43.1191010Z   RIG_START_DEADLINE_MINUTES: 270
real-rig	Remove real-rig evidence and stage roots	2026-09-19T23:47:43.1192374Z   MSBUILDDISABLENODEREUSE: 1
real-rig	Remove real-rig evidence and stage roots	2026-09-19T23:47:43.1193327Z   DOTNET_CLI_USE_MSBUILD_SERVER: 0
real-rig	Remove real-rig evidence and stage roots	2026-09-19T23:47:43.1194851Z   UseSharedCompilation: false
real-rig	Remove real-rig evidence and stage roots	2026-09-19T23:47:43.1196910Z   RIG_EVIDENCE_ROOT: C:\actions-runner\win11-01-control-server-desktop\_work\_temp\real-rig-35476925665-1
real-rig	Remove real-rig evidence and stage roots	2026-09-19T23:47:43.1199222Z ##[endgroup]
real-rig	Post Run actions/checkout@v7	﻿2026-09-19T23:47:44.5999512Z Post job cleanup.
real-rig	Post Run actions/checkout@v7	2026-09-19T23:47:46.6613543Z [command]"C:\Program Files\Git\cmd\git.exe" version
real-rig	Post Run actions/checkout@v7	2026-09-19T23:47:46.7706331Z git version 2.55.0.windows.5
real-rig	Post Run actions/checkout@v7	2026-09-19T23:47:46.7804011Z Temporarily overriding HOME='C:\actions-runner\win11-01-control-server-desktop\_work\_temp\e6b3a192-9a4c-40a7-a6c8-4238ddb67693' before making global git config changes
real-rig	Post Run actions/checkout@v7	2026-09-19T23:47:46.7805460Z Adding repository directory to the temporary git global config as a safe directory
real-rig	Post Run actions/checkout@v7	2026-09-19T23:47:46.7816681Z [command]"C:\Program Files\Git\cmd\git.exe" config --global --add safe.directory C:\actions-runner\win11-01-control-server-desktop\_work\8005-agv-control-server\8005-agv-control-server\peers\slots-simulator
real-rig	Post Run actions/checkout@v7	2026-09-19T23:47:46.8331836Z Removing SSH command configuration
real-rig	Post Run actions/checkout@v7	2026-09-19T23:47:46.8344418Z [command]"C:\Program Files\Git\cmd\git.exe" config --local --name-only --get-regexp core\.sshCommand
real-rig	Post Run actions/checkout@v7	2026-09-19T23:47:46.9131613Z [command]"C:\Program Files\Git\cmd\git.exe" submodule foreach --recursive "sh -c \"git config --local --name-only --get-regexp 'core\.sshCommand' && git config --local --unset-all 'core.sshCommand' || :\""
real-rig	Post Run actions/checkout@v7	2026-09-19T23:47:47.9096638Z Removing HTTP extra header
real-rig	Post Run actions/checkout@v7	2026-09-19T23:47:47.9121265Z [command]"C:\Program Files\Git\cmd\git.exe" config --local --name-only --get-regexp http\.https\:\/\/github\.com\/\.extraheader
real-rig	Post Run actions/checkout@v7	2026-09-19T23:47:47.9875072Z [command]"C:\Program Files\Git\cmd\git.exe" submodule foreach --recursive "sh -c \"git config --local --name-only --get-regexp 'http\.https\:\/\/github\.com\/\.extraheader' && git config --local --unset-all 'http.https://github.com/.extraheader' || :\""
real-rig	Post Run actions/checkout@v7	2026-09-19T23:47:48.9249207Z Removing includeIf entries pointing to credentials config files
real-rig	Post Run actions/checkout@v7	2026-09-19T23:47:48.9257653Z [command]"C:\Program Files\Git\cmd\git.exe" config --local --name-only --get-regexp ^includeIf\.gitdir:
real-rig	Post Run actions/checkout@v7	2026-09-19T23:47:48.9706391Z includeif.gitdir:C:/actions-runner/win11-01-control-server-desktop/_work/8005-agv-control-server/8005-agv-control-server/peers/slots-simulator/.git.path
real-rig	Post Run actions/checkout@v7	2026-09-19T23:47:48.9714288Z includeif.gitdir:C:/actions-runner/win11-01-control-server-desktop/_work/8005-agv-control-server/8005-agv-control-server/peers/slots-simulator/.git/worktrees/*.path
real-rig	Post Run actions/checkout@v7	2026-09-19T23:47:48.9719719Z includeif.gitdir:/github/workspace/peers/slots-simulator/.git.path
real-rig	Post Run actions/checkout@v7	2026-09-19T23:47:48.9723992Z includeif.gitdir:/github/workspace/peers/slots-simulator/.git/worktrees/*.path
real-rig	Post Run actions/checkout@v7	2026-09-19T23:47:48.9776570Z [command]"C:\Program Files\Git\cmd\git.exe" config --local --get-all includeif.gitdir:C:/actions-runner/win11-01-control-server-desktop/_work/8005-agv-control-server/8005-agv-control-server/peers/slots-simulator/.git.path
real-rig	Post Run actions/checkout@v7	2026-09-19T23:47:49.0314696Z C:\actions-runner\win11-01-control-server-desktop\_work\_temp\git-credentials-41f9b6de-813f-4d96-aeae-cfe9450710d5.config
real-rig	Post Run actions/checkout@v7	2026-09-19T23:47:49.0405484Z [command]"C:\Program Files\Git\cmd\git.exe" config --local --unset includeif.gitdir:C:/actions-runner/win11-01-control-server-desktop/_work/8005-agv-control-server/8005-agv-control-server/peers/slots-simulator/.git.path C\:\\actions\-runner\\win11\-01\-control\-server\-desktop\\_work\\_temp\\git\-credentials\-41f9b6de\-813f\-4d96\-aeae\-cfe9450710d5\.config
real-rig	Post Run actions/checkout@v7	2026-09-19T23:47:49.1225631Z [command]"C:\Program Files\Git\cmd\git.exe" config --local --get-all includeif.gitdir:C:/actions-runner/win11-01-control-server-desktop/_work/8005-agv-control-server/8005-agv-control-server/peers/slots-simulator/.git/worktrees/*.path
real-rig	Post Run actions/checkout@v7	2026-09-19T23:47:49.1774330Z C:\actions-runner\win11-01-control-server-desktop\_work\_temp\git-credentials-41f9b6de-813f-4d96-aeae-cfe9450710d5.config
real-rig	Post Run actions/checkout@v7	2026-09-19T23:47:49.1861818Z [command]"C:\Program Files\Git\cmd\git.exe" config --local --unset includeif.gitdir:C:/actions-runner/win11-01-control-server-desktop/_work/8005-agv-control-server/8005-agv-control-server/peers/slots-simulator/.git/worktrees/*.path C\:\\actions\-runner\\win11\-01\-control\-server\-desktop\\_work\\_temp\\git\-credentials\-41f9b6de\-813f\-4d96\-aeae\-cfe9450710d5\.config
real-rig	Post Run actions/checkout@v7	2026-09-19T23:47:49.2552349Z [command]"C:\Program Files\Git\cmd\git.exe" config --local --get-all includeif.gitdir:/github/workspace/peers/slots-simulator/.git.path
real-rig	Post Run actions/checkout@v7	2026-09-19T23:47:49.3133650Z /github/runner_temp/git-credentials-41f9b6de-813f-4d96-aeae-cfe9450710d5.config
real-rig	Post Run actions/checkout@v7	2026-09-19T23:47:49.3199467Z [command]"C:\Program Files\Git\cmd\git.exe" config --local --unset includeif.gitdir:/github/workspace/peers/slots-simulator/.git.path \/github\/runner_temp\/git\-credentials\-41f9b6de\-813f\-4d96\-aeae\-cfe9450710d5\.config
real-rig	Post Run actions/checkout@v7	2026-09-19T23:47:49.3838770Z [command]"C:\Program Files\Git\cmd\git.exe" config --local --get-all includeif.gitdir:/github/workspace/peers/slots-simulator/.git/worktrees/*.path
real-rig	Post Run actions/checkout@v7	2026-09-19T23:47:49.4274059Z /github/runner_temp/git-credentials-41f9b6de-813f-4d96-aeae-cfe9450710d5.config
real-rig	Post Run actions/checkout@v7	2026-09-19T23:47:49.4353735Z [command]"C:\Program Files\Git\cmd\git.exe" config --local --unset includeif.gitdir:/github/workspace/peers/slots-simulator/.git/worktrees/*.path \/github\/runner_temp\/git\-credentials\-41f9b6de\-813f\-4d96\-aeae\-cfe9450710d5\.config
real-rig	Post Run actions/checkout@v7	2026-09-19T23:47:49.5004359Z [command]"C:\Program Files\Git\cmd\git.exe" submodule foreach --recursive "git config --local --show-origin --name-only --get-regexp remote.origin.url"
real-rig	Post Run actions/checkout@v7	2026-09-19T23:47:50.6164755Z Removing credentials config 'C:\actions-runner\win11-01-control-server-desktop\_work\_temp\git-credentials-41f9b6de-813f-4d96-aeae-cfe9450710d5.config'
real-rig	Post Run actions/checkout@v7	﻿2026-09-19T23:47:50.6774508Z Post job cleanup.
real-rig	Post Run actions/checkout@v7	2026-09-19T23:47:50.8636049Z [command]"C:\Program Files\Git\cmd\git.exe" version
real-rig	Post Run actions/checkout@v7	2026-09-19T23:47:50.9095409Z git version 2.55.0.windows.5
real-rig	Post Run actions/checkout@v7	2026-09-19T23:47:50.9344502Z Temporarily overriding HOME='C:\actions-runner\win11-01-control-server-desktop\_work\_temp\57109b2e-b9a3-4935-8770-1175771143ba' before making global git config changes
real-rig	Post Run actions/checkout@v7	2026-09-19T23:47:50.9385412Z Adding repository directory to the temporary git global config as a safe directory
real-rig	Post Run actions/checkout@v7	2026-09-19T23:47:50.9549497Z [command]"C:\Program Files\Git\cmd\git.exe" config --global --add safe.directory C:\actions-runner\win11-01-control-server-desktop\_work\8005-agv-control-server\8005-agv-control-server\peers\8005-agv-onboard-hmi
real-rig	Post Run actions/checkout@v7	2026-09-19T23:47:51.0529171Z Removing SSH command configuration
real-rig	Post Run actions/checkout@v7	2026-09-19T23:47:51.0546120Z [command]"C:\Program Files\Git\cmd\git.exe" config --local --name-only --get-regexp core\.sshCommand
real-rig	Post Run actions/checkout@v7	2026-09-19T23:47:51.1188718Z [command]"C:\Program Files\Git\cmd\git.exe" submodule foreach --recursive "sh -c \"git config --local --name-only --get-regexp 'core\.sshCommand' && git config --local --unset-all 'core.sshCommand' || :\""
real-rig	Post Run actions/checkout@v7	2026-09-19T23:47:52.2266137Z Removing HTTP extra header
real-rig	Post Run actions/checkout@v7	2026-09-19T23:47:52.2292667Z [command]"C:\Program Files\Git\cmd\git.exe" config --local --name-only --get-regexp http\.https\:\/\/github\.com\/\.extraheader
real-rig	Post Run actions/checkout@v7	2026-09-19T23:47:52.3057881Z [command]"C:\Program Files\Git\cmd\git.exe" submodule foreach --recursive "sh -c \"git config --local --name-only --get-regexp 'http\.https\:\/\/github\.com\/\.extraheader' && git config --local --unset-all 'http.https://github.com/.extraheader' || :\""
real-rig	Post Run actions/checkout@v7	2026-09-19T23:47:53.3349193Z Removing includeIf entries pointing to credentials config files
real-rig	Post Run actions/checkout@v7	2026-09-19T23:47:53.3396421Z [command]"C:\Program Files\Git\cmd\git.exe" config --local --name-only --get-regexp ^includeIf\.gitdir:
real-rig	Post Run actions/checkout@v7	2026-09-19T23:47:53.3884433Z includeif.gitdir:C:/actions-runner/win11-01-control-server-desktop/_work/8005-agv-control-server/8005-agv-control-server/peers/8005-agv-onboard-hmi/.git.path
real-rig	Post Run actions/checkout@v7	2026-09-19T23:47:53.3888031Z includeif.gitdir:C:/actions-runner/win11-01-control-server-desktop/_work/8005-agv-control-server/8005-agv-control-server/peers/8005-agv-onboard-hmi/.git/worktrees/*.path
real-rig	Post Run actions/checkout@v7	2026-09-19T23:47:53.3890284Z includeif.gitdir:/github/workspace/peers/8005-agv-onboard-hmi/.git.path
real-rig	Post Run actions/checkout@v7	2026-09-19T23:47:53.3891772Z includeif.gitdir:/github/workspace/peers/8005-agv-onboard-hmi/.git/worktrees/*.path
real-rig	Post Run actions/checkout@v7	2026-09-19T23:47:53.3942490Z [command]"C:\Program Files\Git\cmd\git.exe" config --local --get-all includeif.gitdir:C:/actions-runner/win11-01-control-server-desktop/_work/8005-agv-control-server/8005-agv-control-server/peers/8005-agv-onboard-hmi/.git.path
real-rig	Post Run actions/checkout@v7	2026-09-19T23:47:53.4380800Z C:\actions-runner\win11-01-control-server-desktop\_work\_temp\git-credentials-dc485627-d631-4dc4-a16f-049e9bb68536.config
real-rig	Post Run actions/checkout@v7	2026-09-19T23:47:53.4445940Z [command]"C:\Program Files\Git\cmd\git.exe" config --local --unset includeif.gitdir:C:/actions-runner/win11-01-control-server-desktop/_work/8005-agv-control-server/8005-agv-control-server/peers/8005-agv-onboard-hmi/.git.path C\:\\actions\-runner\\win11\-01\-control\-server\-desktop\\_work\\_temp\\git\-credentials\-dc485627\-d631\-4dc4\-a16f\-049e9bb68536\.config
real-rig	Post Run actions/checkout@v7	2026-09-19T23:47:53.5090260Z [command]"C:\Program Files\Git\cmd\git.exe" config --local --get-all includeif.gitdir:C:/actions-runner/win11-01-control-server-desktop/_work/8005-agv-control-server/8005-agv-control-server/peers/8005-agv-onboard-hmi/.git/worktrees/*.path
real-rig	Post Run actions/checkout@v7	2026-09-19T23:47:53.5554619Z C:\actions-runner\win11-01-control-server-desktop\_work\_temp\git-credentials-dc485627-d631-4dc4-a16f-049e9bb68536.config
real-rig	Post Run actions/checkout@v7	2026-09-19T23:47:53.5630762Z [command]"C:\Program Files\Git\cmd\git.exe" config --local --unset includeif.gitdir:C:/actions-runner/win11-01-control-server-desktop/_work/8005-agv-control-server/8005-agv-control-server/peers/8005-agv-onboard-hmi/.git/worktrees/*.path C\:\\actions\-runner\\win11\-01\-control\-server\-desktop\\_work\\_temp\\git\-credentials\-dc485627\-d631\-4dc4\-a16f\-049e9bb68536\.config
real-rig	Post Run actions/checkout@v7	2026-09-19T23:47:53.6240115Z [command]"C:\Program Files\Git\cmd\git.exe" config --local --get-all includeif.gitdir:/github/workspace/peers/8005-agv-onboard-hmi/.git.path
real-rig	Post Run actions/checkout@v7	2026-09-19T23:47:53.6682309Z /github/runner_temp/git-credentials-dc485627-d631-4dc4-a16f-049e9bb68536.config
real-rig	Post Run actions/checkout@v7	2026-09-19T23:47:53.6768096Z [command]"C:\Program Files\Git\cmd\git.exe" config --local --unset includeif.gitdir:/github/workspace/peers/8005-agv-onboard-hmi/.git.path \/github\/runner_temp\/git\-credentials\-dc485627\-d631\-4dc4\-a16f\-049e9bb68536\.config
real-rig	Post Run actions/checkout@v7	2026-09-19T23:47:53.7370800Z [command]"C:\Program Files\Git\cmd\git.exe" config --local --get-all includeif.gitdir:/github/workspace/peers/8005-agv-onboard-hmi/.git/worktrees/*.path
real-rig	Post Run actions/checkout@v7	2026-09-19T23:47:53.7817879Z /github/runner_temp/git-credentials-dc485627-d631-4dc4-a16f-049e9bb68536.config
real-rig	Post Run actions/checkout@v7	2026-09-19T23:47:53.7888223Z [command]"C:\Program Files\Git\cmd\git.exe" config --local --unset includeif.gitdir:/github/workspace/peers/8005-agv-onboard-hmi/.git/worktrees/*.path \/github\/runner_temp\/git\-credentials\-dc485627\-d631\-4dc4\-a16f\-049e9bb68536\.config
real-rig	Post Run actions/checkout@v7	2026-09-19T23:47:53.8533376Z [command]"C:\Program Files\Git\cmd\git.exe" submodule foreach --recursive "git config --local --show-origin --name-only --get-regexp remote.origin.url"
real-rig	Post Run actions/checkout@v7	2026-09-19T23:47:54.8610558Z Removing credentials config 'C:\actions-runner\win11-01-control-server-desktop\_work\_temp\git-credentials-dc485627-d631-4dc4-a16f-049e9bb68536.config'
real-rig	Post Run actions/checkout@v7	﻿2026-09-19T23:47:54.9261100Z Post job cleanup.
real-rig	Post Run actions/checkout@v7	2026-09-19T23:47:55.0976015Z [command]"C:\Program Files\Git\cmd\git.exe" version
real-rig	Post Run actions/checkout@v7	2026-09-19T23:47:55.1366485Z git version 2.55.0.windows.5
real-rig	Post Run actions/checkout@v7	2026-09-19T23:47:55.1446905Z Temporarily overriding HOME='C:\actions-runner\win11-01-control-server-desktop\_work\_temp\75bfb83b-e564-43b6-aa0f-8733985b2bea' before making global git config changes
real-rig	Post Run actions/checkout@v7	2026-09-19T23:47:55.1448302Z Adding repository directory to the temporary git global config as a safe directory
real-rig	Post Run actions/checkout@v7	2026-09-19T23:47:55.1456266Z [command]"C:\Program Files\Git\cmd\git.exe" config --global --add safe.directory C:\actions-runner\win11-01-control-server-desktop\_work\8005-agv-control-server\8005-agv-control-server\control-server
real-rig	Post Run actions/checkout@v7	2026-09-19T23:47:55.2044738Z Removing SSH command configuration
real-rig	Post Run actions/checkout@v7	2026-09-19T23:47:55.2061562Z [command]"C:\Program Files\Git\cmd\git.exe" config --local --name-only --get-regexp core\.sshCommand
real-rig	Post Run actions/checkout@v7	2026-09-19T23:47:55.2557574Z [command]"C:\Program Files\Git\cmd\git.exe" submodule foreach --recursive "sh -c \"git config --local --name-only --get-regexp 'core\.sshCommand' && git config --local --unset-all 'core.sshCommand' || :\""
real-rig	Post Run actions/checkout@v7	2026-09-19T23:47:56.3151083Z Removing HTTP extra header
real-rig	Post Run actions/checkout@v7	2026-09-19T23:47:56.3165413Z [command]"C:\Program Files\Git\cmd\git.exe" config --local --name-only --get-regexp http\.https\:\/\/github\.com\/\.extraheader
real-rig	Post Run actions/checkout@v7	2026-09-19T23:47:56.3700615Z [command]"C:\Program Files\Git\cmd\git.exe" submodule foreach --recursive "sh -c \"git config --local --name-only --get-regexp 'http\.https\:\/\/github\.com\/\.extraheader' && git config --local --unset-all 'http.https://github.com/.extraheader' || :\""
real-rig	Post Run actions/checkout@v7	2026-09-19T23:47:57.5691937Z Removing includeIf entries pointing to credentials config files
real-rig	Post Run actions/checkout@v7	2026-09-19T23:47:57.5711096Z [command]"C:\Program Files\Git\cmd\git.exe" config --local --name-only --get-regexp ^includeIf\.gitdir:
real-rig	Post Run actions/checkout@v7	2026-09-19T23:47:57.6437453Z includeif.gitdir:C:/actions-runner/win11-01-control-server-desktop/_work/8005-agv-control-server/8005-agv-control-server/control-server/.git.path
real-rig	Post Run actions/checkout@v7	2026-09-19T23:47:57.6441391Z includeif.gitdir:C:/actions-runner/win11-01-control-server-desktop/_work/8005-agv-control-server/8005-agv-control-server/control-server/.git/worktrees/*.path
real-rig	Post Run actions/checkout@v7	2026-09-19T23:47:57.6443882Z includeif.gitdir:/github/workspace/control-server/.git.path
real-rig	Post Run actions/checkout@v7	2026-09-19T23:47:57.6445673Z includeif.gitdir:/github/workspace/control-server/.git/worktrees/*.path
real-rig	Post Run actions/checkout@v7	2026-09-19T23:47:57.6534942Z [command]"C:\Program Files\Git\cmd\git.exe" config --local --get-all includeif.gitdir:C:/actions-runner/win11-01-control-server-desktop/_work/8005-agv-control-server/8005-agv-control-server/control-server/.git.path
real-rig	Post Run actions/checkout@v7	2026-09-19T23:47:57.7162779Z C:\actions-runner\win11-01-control-server-desktop\_work\_temp\git-credentials-6d6ee7af-8a02-4888-9744-6b60cc002eda.config
real-rig	Post Run actions/checkout@v7	2026-09-19T23:47:57.7244974Z [command]"C:\Program Files\Git\cmd\git.exe" config --local --unset includeif.gitdir:C:/actions-runner/win11-01-control-server-desktop/_work/8005-agv-control-server/8005-agv-control-server/control-server/.git.path C\:\\actions\-runner\\win11\-01\-control\-server\-desktop\\_work\\_temp\\git\-credentials\-6d6ee7af\-8a02\-4888\-9744\-6b60cc002eda\.config
real-rig	Post Run actions/checkout@v7	2026-09-19T23:47:57.7833608Z [command]"C:\Program Files\Git\cmd\git.exe" config --local --get-all includeif.gitdir:C:/actions-runner/win11-01-control-server-desktop/_work/8005-agv-control-server/8005-agv-control-server/control-server/.git/worktrees/*.path
real-rig	Post Run actions/checkout@v7	2026-09-19T23:47:57.8458621Z C:\actions-runner\win11-01-control-server-desktop\_work\_temp\git-credentials-6d6ee7af-8a02-4888-9744-6b60cc002eda.config
real-rig	Post Run actions/checkout@v7	2026-09-19T23:47:57.8549339Z [command]"C:\Program Files\Git\cmd\git.exe" config --local --unset includeif.gitdir:C:/actions-runner/win11-01-control-server-desktop/_work/8005-agv-control-server/8005-agv-control-server/control-server/.git/worktrees/*.path C\:\\actions\-runner\\win11\-01\-control\-server\-desktop\\_work\\_temp\\git\-credentials\-6d6ee7af\-8a02\-4888\-9744\-6b60cc002eda\.config
real-rig	Post Run actions/checkout@v7	2026-09-19T23:47:57.9334863Z [command]"C:\Program Files\Git\cmd\git.exe" config --local --get-all includeif.gitdir:/github/workspace/control-server/.git.path
real-rig	Post Run actions/checkout@v7	2026-09-19T23:47:57.9879266Z /github/runner_temp/git-credentials-6d6ee7af-8a02-4888-9744-6b60cc002eda.config
real-rig	Post Run actions/checkout@v7	2026-09-19T23:47:57.9988323Z [command]"C:\Program Files\Git\cmd\git.exe" config --local --unset includeif.gitdir:/github/workspace/control-server/.git.path \/github\/runner_temp\/git\-credentials\-6d6ee7af\-8a02\-4888\-9744\-6b60cc002eda\.config
real-rig	Post Run actions/checkout@v7	2026-09-19T23:47:58.0695547Z [command]"C:\Program Files\Git\cmd\git.exe" config --local --get-all includeif.gitdir:/github/workspace/control-server/.git/worktrees/*.path
real-rig	Post Run actions/checkout@v7	2026-09-19T23:47:58.1299100Z /github/runner_temp/git-credentials-6d6ee7af-8a02-4888-9744-6b60cc002eda.config
real-rig	Post Run actions/checkout@v7	2026-09-19T23:47:58.1357626Z [command]"C:\Program Files\Git\cmd\git.exe" config --local --unset includeif.gitdir:/github/workspace/control-server/.git/worktrees/*.path \/github\/runner_temp\/git\-credentials\-6d6ee7af\-8a02\-4888\-9744\-6b60cc002eda\.config
real-rig	Post Run actions/checkout@v7	2026-09-19T23:47:58.2093150Z [command]"C:\Program Files\Git\cmd\git.exe" submodule foreach --recursive "git config --local --show-origin --name-only --get-regexp remote.origin.url"
real-rig	Post Run actions/checkout@v7	2026-09-19T23:47:59.8715540Z Removing credentials config 'C:\actions-runner\win11-01-control-server-desktop\_work\_temp\git-credentials-6d6ee7af-8a02-4888-9744-6b60cc002eda.config'
real-rig	Complete job	﻿2026-09-19T23:48:00.4929384Z Cleaning up orphan processes
